Latitude,Longitude,Price,LRTHubDist,PC1,PC2,PC3,PC4,Cluster
120.9803696,14.6466102,0.3902701822285083,-1.0378535991772675,-0.0432262418874055,1.8517455248711745,-0.0108427130282034,-0.9350867475069888,0
121.0204681,14.738791,-0.3059655530037857,0.8877726228108404,-1.2665018788582532,2.0142667633527185,0.5589435410124916,-0.2703599716132153,-1
120.9712342,14.6480796,-0.0042172621874038,-0.8201547359170802,-0.6108606239863399,1.9220006369123543,0.4643052073443576,-0.9951554389199948,0
120.9803696,14.6466102,-0.2215313982340641,-1.0378535991772675,-0.0354236963298066,1.8299548145947555,-0.0297109917821503,-0.9771749724159868,0
120.9905434,14.6514006,-0.1633964064254034,-0.9548358473939108,0.3971783751717378,1.4611491382214956,-0.5841311659813317,-0.5857659954920645,-1
121.030937,14.770899,-0.3233783672169512,1.6968834300320026,-1.6333212518930185,1.990106056296792,0.5371259560600138,0.5262421436476987,-1
120.9905434,14.6514006,-0.1495547417090556,-0.9548358473939108,0.3964969831300743,1.461082365820528,-0.5784410901590545,-0.573771665341626,-1
121.0103712,14.6818912,-0.2810505565143597,-0.5019461283152287,-1.2263855084159625,2.0201985245968506,0.5274539985761014,0.0197487757934401,1
121.0322912,14.7701307,-0.3222987173690761,1.6808012662883314,-1.58993395661666,1.9847232422419336,0.5330282278741235,0.4425978122174657,-1
120.9949718,14.6614257,-0.2256838976489685,-0.8986065659836515,-0.2777596738114903,1.852010853263607,0.0594420144183617,-0.6942749116637962,0
120.9949718,14.6614257,-0.0069855951306733,-0.8986065659836515,-0.286979854231477,1.8568579765238136,0.1246351280673864,-0.5562615944248377,0
120.9905434,14.6514006,-0.12187141227636,-0.9548358473939108,0.3971783751717378,1.4611491382214956,-0.5841311659813317,-0.5857659954920645,-1
121.0114234,14.6703158,-0.2768980570994553,-0.7606232201853168,-1.1901576879333002,2.11462290065605,0.4902721300961725,0.0756324837290432,1
121.0114234,14.6703158,0.0573781458003438,-0.7606232201853168,-1.233831306994137,2.214717378604428,0.6407783810826541,0.4036032693115578,1
120.9905434,14.6514006,0.1869361275453592,-0.9548358473939108,0.3756927675786342,1.5234189688115392,-0.5368234604267794,-0.4794368494446488,-1
120.966768,14.6567775,0.0137769019438483,-0.7145028116629114,-0.7782825702054745,1.503408225380899,0.0620897182514613,-0.3595153469990058,0
121.0075838,14.6556451,-0.0954338326681357,-1.0290538913762446,-1.3309205163694426,1.812102577731772,0.4456830274691086,0.30387851788048,1
120.9803696,14.6466102,-0.1080297475600122,-1.0378535991772675,-0.0421327337578269,1.8321407437414707,0.0204787314501644,-0.8710862793064517,0
120.9803696,14.6466102,-0.2893555553441683,-1.0378535991772675,-0.0297244496463755,1.8208011040790528,-0.0573720406977309,-1.0364796135732084,0
120.9723,14.65205,-0.2187630652907946,-0.8474055958653612,-0.7072993807875231,1.660440413383541,0.2806565329851332,-0.7687323850547242,0
121.0259445,14.6858751,-0.2395255623653163,-0.4195466985776329,-0.5958575045535558,1.743504536916063,0.1491943871499171,-0.3366740868766509,-1
121.0769537,14.7471848,0.0165452348871178,1.4751091963775194,-1.6238728946326522,2.162563631384318,0.7979233458712597,0.7703341142823579,-1
120.9712342,14.6480796,-0.2464463947234902,-0.8201547359170802,-0.5783360096077003,1.8474582846477683,0.352220203166179,-1.239401818265651,0
121.0076045,14.2841434,3.202758035943216,3.3842048539758496,-1.4226984532148053,-0.1908496301688583,2.825833555598813,2.695326129721793,-1
120.986405,14.282791,-0.0976831031845423,3.313371502364846,0.8885814087728596,1.2309017713006338,1.079190144522815,3.0707489215492494,2
120.986405,14.282791,-0.0976831031845423,3.313371502364846,0.8903257723995182,1.231072708647111,1.0646235504177852,3.040043436364127,2
120.9121881657,14.362961019186,-0.1495547417090556,1.5333440416877775,-1.3204886576663266,0.9061957204538086,2.3111991429162506,1.3209494034717777,-1
120.9943658,14.3810075,-0.2415187620844703,0.99448018465303,-0.7834468722151144,1.5223174716613612,1.1342618777214757,1.5700543166511771,3
120.987297,14.342521,-0.2838188894576292,1.8552522981793391,0.8039848539999243,1.4536623471198369,1.060779604329558,2.5728697476682583,4
120.987297,14.342521,-0.2949787316351846,1.8552522981793391,0.8049874623346542,1.4513644940907189,1.057324456235286,2.565340574445519,4
120.9505033,14.3747504,-0.0734947940927245,0.9893087173392436,-1.1598844485672173,1.551210791377684,1.1899603784644064,1.5743880300613462,3
120.9505033,14.3747504,-0.0602275584621051,0.9893087173392436,-1.1608335844574285,1.5533860922452492,1.1932312519936503,1.5815156473788727,3
120.914866,14.264605,1.400711706521897,3.839371016137047,-2.5336620035858823,3.3271669904737404,6.891252354454104,11.310125765556474,-1
120.955035,14.11258,-0.1633964064254034,7.50291013813387,-1.4072278164333465,0.8115350488170601,1.0405510596097698,1.4832781140438358,-1
120.918355,14.312446,6.59133597515232,2.663250647535544,-1.0148774061135244,0.8002796525268034,2.7275189346786304,4.1536375972387845,-1
121.0076045,14.2841434,0.5494493264665079,3.3842048539758496,-1.5064748194794777,0.3760054357981879,2.345270544694058,1.741352845849743,-1
120.9943658,14.3810075,-0.2415187620844703,0.99448018465303,-0.7834468722151144,1.5223174716613612,1.1342618777214757,1.5700543166511771,3
120.943011,14.27931,-0.3124711354204691,3.3710437807167137,0.787362059712406,1.5875337805026153,1.1602261354064936,2.428064700573694,2
120.954564,14.12818,-0.2049214005744468,7.114873824672633,-2.847665702042669,1.860776092834792,0.4070177023832433,0.4098740604287232,10
120.904361,14.296605,-0.2990447206456118,3.1390976256072523,-1.0097397893843292,0.5978439070473388,1.8462375652734893,1.1710563535677116,-1
120.8527969,14.0892003,0.512076831732369,8.442574901643944,-3.2833081661998818,1.9449895869787488,1.017290166762073,1.882786248068272,-1
120.867338,14.211785,-0.2810505565143597,5.428274731853125,-3.3052626929717115,1.8488758010494175,0.3783148752350874,0.3641903742419488,-1
120.986405,14.282791,-0.0941880828436644,3.313371502364846,0.8836910654783239,1.252466691638673,1.0747886247604328,3.0637333754416605,2
120.98698,14.28817,-0.1266592441017447,3.183082742113944,0.9178848786783946,1.20584235516293,0.999677885863619,2.93401037332066,2
120.986405,14.282791,-0.100139998671694,3.313371502364846,0.8885814087728596,1.2309017713006338,1.079190144522815,3.0707489215492494,2
120.9961063,14.275178,-0.12187141227636,3.539578995576977,-1.3371202023840791,1.228516658154518,1.504156626894481,1.33225007626004,-1
120.866631,14.400861,-0.3145473851279213,1.5567590366098767,-0.7279345067770232,0.4711627376847433,1.724498383999706,0.8299324832233581,-1
120.986405,14.282791,-0.0976831031845423,3.313371502364846,0.8903598420016013,1.2310760472671594,1.0643390466266716,3.039443719856605,2
120.8548113,14.4154313,-0.1045693313809253,1.6389991185352295,-2.5526296629282066,1.418892848964438,0.5866509024398607,1.0780394244814944,-1
120.9505033,14.3747504,-0.0111380945455777,0.9893087173392436,-1.1642691890177697,1.5612600686250266,1.2050708927966884,1.607315614288792,3
120.9505033,14.3747504,-0.0595839210527949,0.9893087173392436,-1.1608335844574285,1.5533860922452492,1.1932312519936503,1.5815156473788727,3
120.9505033,14.3747504,-0.0388214239782733,0.9893087173392436,-1.1623174447928288,1.5567869147283435,1.1983448711731726,1.5926588237485264,3
120.986405,14.282791,-0.2464463947234902,3.313371502364846,0.8892187133144359,1.253200056740966,1.028235712590633,2.965622372161371,2
120.924603,14.102605,-0.2353730629504119,7.791256347918212,-1.7107833894184543,1.2373952018921044,1.8159523848372516,1.0407960710192268,-1
120.822985,14.35989,-0.0941880828436644,3.0092144763919606,-0.3902608705623946,0.6116367042820624,2.596573232633568,1.6410175814053756,5
120.867338,14.211785,-0.2810505565143597,5.428274731853125,-3.3052626929717115,1.8488758010494175,0.3783148752350874,0.3641903742419488,-1
120.9505033,14.3747504,-0.0734255857691427,0.9893087173392436,-1.1598844485672173,1.551210791377684,1.1899603784644064,1.5743880300613462,3
120.896613,14.37318,-0.2326047300071424,1.5062772552342572,-1.215453741997942,0.7455662328682046,2.093638853534845,1.121231376148754,-1
120.867338,14.211785,-0.2810505565143597,5.428274731853125,-3.3052626929717115,1.8488758010494175,0.3783148752350874,0.3641903742419488,-1
121.0274,14.46114,-0.0976831031845423,-0.0314557289768108,1.4493256287085838,1.2253965630630408,0.9018148286315084,2.4092963528776585,-1
120.9929063,14.28759143,-0.096956415786934,3.2215716771591936,1.2621205290305015,1.12522333181327,0.9137701142318644,2.7208307722472744,2
120.950177,14.285456,-0.0976831031845423,3.2059633091551523,0.746432480469304,1.621638285713399,1.3010937801122664,2.870405278892086,2
120.95476,14.119975,-0.12187141227636,7.318979706640112,-2.8729418659052683,1.5192882132065608,0.1067047896283072,0.849738856927296,10
120.921328,14.17248,-0.3018130535888814,6.071988198170432,-1.6905680884603496,1.116660770386536,2.049634671951768,0.8713748637053805,-1
120.9453869,14.4261,-0.2602880594398379,-0.2306093152164573,0.2514282691517483,0.7488613139250395,0.4794871938941855,-0.1296777349190409,-1
120.9742517,14.2325514,-0.2395255623653163,4.5273589285859215,-0.3329676589852008,0.884031134935081,0.8808603400254038,0.54182233920811,-1
120.986405,14.282791,-0.0976817190180706,3.313371502364846,0.8903598420016013,1.2310760472671594,1.0643390466266716,3.039443719856605,2
121.0384526,14.2363657,-0.3235444671935474,4.740625159292352,-1.513966483986228,1.1511553187015595,1.3255733306845692,1.1961394277787205,-1
120.8890686,14.3531132,-0.285203055929264,2.022382251282187,-1.3762786975497705,0.8653026134043579,2.172898534308354,1.173819525063225,8
121.0637127,14.3179626,-0.2187630652907946,3.2004314617091083,-1.5112616747809926,0.0947194647696361,1.6873867167197083,0.3256057784763998,6
120.986405,14.282791,-0.100139998671694,3.313371502364846,0.9432402761719896,1.1404139086205838,0.8194442011880997,2.5133831006263203,2
120.9622969,14.4204905,-0.1426339093508817,-0.1589610998687622,-0.7708904467667501,1.1661904835825532,0.8967301828036933,1.640554328124223,-1
120.986405,14.282791,-0.100139998671694,3.313371502364846,0.9432402761719896,1.1404139086205838,0.8194442011880997,2.5133831006263203,2
120.8528603,14.0740503,-0.285203055929264,8.805639969538925,-3.000983087115763,1.6108690895740234,0.2648925128545804,0.3809404141311516,-1
120.822985,14.35989,-0.12187141227636,3.0092144763919606,-0.4479662819628252,0.7616646958505146,2.758958543878568,1.999294949338774,5
120.9289746,14.4234269,-0.2907397218158031,0.035464764960825,-0.6368033740281672,1.438515057936595,1.118491537228976,0.5703240074324107,7
120.9929063,14.28759143,-0.100139998671694,3.2215716771591936,1.2601887825923854,1.1250340320565269,0.9299014791880204,2.7548346982237675,2
120.90825,14.29628,0.1134368879015524,3.118097140629495,-1.1557479051822714,0.9012194824239635,2.642676176577405,3.120704298493531,-1
120.822985,14.35989,-0.1426339093508817,3.0092144763919606,-0.4388015590024514,0.7625627846435291,2.6824270240689394,1.8379712088153768,5
120.938476,14.315595,-0.0976831031845423,2.4866349559918874,-3.141471503528807,1.6095875628056997,-0.180954957227848,-0.0450042974865912,-1
120.822985,14.35989,-0.0941880828436644,3.0092144763919606,-0.4570006886952307,0.7607793772791852,2.8344018366871864,2.1583247742209,5
120.883487,14.32696,-0.3156547183052292,2.650038746276912,-1.2846227745561174,0.8486257197961299,2.137053504021004,0.9475914372547004,8
120.9637099,14.4443969,0.9162534414497244,-0.7438315703721761,-0.9853164759843656,1.6036405886484713,1.621326101930474,2.313523463186349,-1
120.986405,14.282791,-0.0976831031845423,3.313371502364846,0.8959404428228253,1.231622913231084,1.017737325642221,2.9412101559245136,2
120.9943658,14.3810075,-0.2415741287433357,0.99448018465303,-0.7834335041039848,1.522286833620973,1.1342158090802186,1.5699539276748742,3
120.9505033,14.3747504,-0.0122039027287364,0.9893087173392436,-1.1642691890177697,1.5612600686250266,1.2050708927966884,1.607315614288792,3
120.9505033,14.3747504,-0.0394858238846579,0.9893087173392436,-1.1623174447928288,1.5567869147283435,1.1983448711731726,1.5926588237485264,3
120.79782,14.148531,0.0165452348871178,7.547858939418428,-1.911838384080764,1.653469927308297,1.5838761933308672,1.814449277223882,-1
120.9746966,14.421726,-0.0941880828436644,-0.1242280293362396,-0.8123623280802732,1.612933636368464,1.4078270226952354,1.963187906513448,-1
120.876425,14.35507,-0.3196366884108281,2.160415529566751,-1.2833801815767087,0.8473737210123841,2.129496278141123,0.9315202677262338,8
120.987297,14.342521,-0.2757990289209773,1.8552522981793391,0.8028753007761564,1.4562053044720606,1.0646033015538856,2.5812020327014227,4
120.8512103,14.3959044,-0.2533672270816641,1.9394652319285752,-0.2397861584170424,0.4842263074178256,2.37992324332464,1.171938747939472,-1
120.987297,14.342521,-0.3170388847768639,1.8552522981793391,0.8103217203013705,1.4375106035150436,1.0422836434919325,2.532159865259523,4
120.987297,14.342521,-0.262080555020605,1.8552522981793391,0.800642826217491,1.461321857216897,1.0722967646437975,2.5979669917440558,4
120.881059,14.34661,-0.3242365504293648,2.2646745756092708,-1.2824526217730503,0.8454758511343515,2.125831894607759,0.9235918477302988,8
120.987297,14.342521,-0.2900476385799857,1.8552522981793391,0.8039848539999243,1.4536623471198369,1.060779604329558,2.5728697476682583,4
120.987297,14.342521,-0.2728535226693385,1.8552522981793391,0.8021133184417617,1.4579516727741904,1.0672292141055322,2.5869242043507046,4
120.987297,14.342521,-0.2786628693507896,1.8552522981793391,0.8033164484434376,1.4551942491392489,1.063083036392406,2.5778891964834174,4
120.987297,14.342521,-0.2786628693507896,1.8552522981793391,0.8033164484434376,1.4551942491392489,1.063083036392406,2.5778891964834174,4
120.987297,14.342521,-0.2952694065942279,1.8552522981793391,0.8049874623346542,1.4513644940907189,1.057324456235286,2.565340574445519,4
120.822985,14.35989,-0.0941880828436644,3.0092144763919606,-0.4554036760975819,0.7609358750939531,2.8210657214787243,2.1302130629308094,5
120.931519,14.132545,-0.2948922212307074,7.034064353831171,-1.7383668604095197,1.1321541377695126,2.068935051752454,0.9881475573156656,-1
120.986405,14.282791,-0.0976831031845423,3.313371502364846,0.8903257723995182,1.231072708647111,1.0646235504177852,3.040043436364127,2
120.926929,14.336945,-0.3092875525357091,2.0204632188156437,-3.020808600614191,2.142327266168815,-0.0900741803786667,-0.5984441168026395,-1
120.8577196,14.4160739,-0.2741297241561857,1.5679239404038567,-1.2839667285761889,0.9393714252785418,1.135590691869939,1.1388393336145983,-1
121.0637127,14.3179626,-0.1696251555477599,3.2004314617091083,-1.5233061760017126,0.1164778648489182,1.740891373344179,0.4407447087021627,6
120.882909,14.45841,0.2267585969342918,0.730918604847027,-3.43360445138966,2.250132306304756,0.7370162028516881,1.1929549579818133,-1
120.9566736,14.4418331,-0.3293302830449808,-0.6858442333808794,-0.5378364475990168,1.003049581167019,1.306157810494739,1.9810503263688928,-1
120.9308472,14.4100263,-0.3052734697679683,0.2848985666620656,-0.5658642412682343,1.393194162646948,0.8884156623914068,0.8078271800689819,7
120.886854,14.290812,-0.3225800713510994,3.423628205471596,-2.6926844102360232,1.700922165834872,0.8115227485595646,0.4495582692451955,-1
120.8985006,14.0934576,-0.3245133837236917,8.09852389185408,-3.0365856368522155,1.7517489389840089,0.3647690640380514,0.4826634760038514,-1
120.91297244674,14.29148939862,-0.2948922212307074,3.200800425373136,-0.8264251930875511,0.3885376913067058,1.6945477991368822,1.0035027136059966,-1
120.9308472,14.4100263,-0.2789743068069075,0.2848985666620656,-0.5701397470740315,1.3932224608065775,0.9232010783026676,0.8811986066398574,7
120.9308472,14.4100263,-0.3191151344843161,0.2848985666620656,-0.5669470582697427,1.3956758439183954,0.8921472223332203,0.8159586871495401,7
121.0076045,14.2841434,0.7086284707045075,3.3842048539758496,-1.447143314823416,0.2807359860339889,2.057257468200113,1.1238638710654951,-1
120.9943658,14.3810075,-0.2415187620844703,0.99448018465303,-0.7834468722151144,1.5223174716613612,1.1342618777214757,1.5700543166511771,3
120.881337,14.410355,-0.3000136371757561,1.1289019157614224,-1.2862074681639204,0.854700296273288,2.1375017753326957,0.9491757924081644,-1
120.9742517,14.2325514,-0.2436780617802206,4.5273589285859215,-0.3401481091592195,0.8889503475825556,0.9292826080874624,0.6444706281533276,-1
120.8938768,14.4776906,-0.2741297241561857,0.5273141492941001,-3.16353366923538,1.8805761667693373,0.2086135578936799,-0.1319572682308636,9
121.042029,14.2392194,-0.3232676338992204,4.702622408266893,-1.5139680171183216,1.1511551684636574,1.3255861333551693,1.1961664150215587,-1
120.986405,14.282791,0.0466508556451743,3.313371502364846,0.7979289081917953,1.4734494076407465,1.320210331651232,3.604611273041972,-1
121.0088385,14.260047,-0.1495547417090556,3.972995325289338,-3.0096604342547866,1.829669462675084,0.4465754363851884,0.4473273280538564,-1
120.9742517,14.2325514,-0.2256838976489685,4.5273589285859215,-0.3329676589852008,0.884031134935081,0.8808603400254038,0.54182233920811,-1
120.993675,14.263635,-0.2256838976489685,3.8118254286002498,-1.5915399066538791,1.2572778539718297,1.5027133058921018,1.6036014620517889,-1
120.918355,14.312446,-0.2672088917980119,2.663250647535544,-0.6365150165446202,0.520227319005837,1.8388124765206733,0.4476549588159085,-1
120.948295,14.32903,-0.3132587261428293,2.127158591881079,2.288938951889264,0.3952046135611796,0.0814561276095975,1.4808830087469675,-1
120.822985,14.35989,-0.12187141227636,3.0092144763919606,-0.4492575198817774,0.761538162150681,2.769741237561784,2.022024204973855,5
121.0088385,14.260047,-0.1633964064254034,3.972995325289338,-2.99928487188835,1.797747781029971,0.4275290463606509,0.403797944237462,-1
120.972309,14.256665,-0.2535457845565049,3.925474490011564,-1.0620904194135616,0.9824004271307448,1.3077204430997749,1.011993625080715,-1
121.0478358,14.2182266,-0.1772380711417512,5.241953060316823,-1.56974226926058,1.1912892233208343,1.4671864189331776,1.607084317192684,-1
121.0076045,14.2841434,-0.2187630652907946,3.3842048539758496,-1.296713492385735,-0.0860142816550408,1.583967846551521,0.0870425620600484,6
120.9724,14.3243,-0.2049214005744468,2.2469916216399173,1.0597785907436723,1.4645017251498371,1.0857655656053424,2.1283438279864537,-1
120.9742517,14.2325514,-0.12187141227636,4.5273589285859215,-0.3797847429035983,0.9751596539966376,1.0753844421464624,0.9616914106063148,-1
121.0088385,14.260047,-0.2879713888725335,3.972995325289338,-3.0052447568957987,1.81588529680014,0.4388775616259659,0.4296414764374243,-1
121.0241928,14.31946548,-0.3169129256279451,2.687880386930263,-2.416931183012023,1.697289522249934,0.3699750528649926,0.1353791926351404,-1
121.0428142,14.3197144,-0.3156685599699455,2.888530314777417,-1.7434973898278343,0.1961730491955708,1.6595110213595965,0.3935921467006182,6
121.0637127,14.3179626,-0.1931559855655512,3.2004314617091083,-1.5153981961216825,0.1043138454792228,1.7014078961255767,0.3561879249487669,6
120.9232204,14.424086,-0.2464463947234902,0.1175706012373652,-0.7588343924820468,1.4372498963805969,1.1002580394034729,0.7550395376174641,7
120.9961063,14.275178,-0.1772380711417512,3.539578995576977,-1.304744315736596,1.136004934976641,1.4301605433793685,1.16644994016003,-1
120.887522,14.466975,-0.2741297241561857,0.6285551067284794,-3.299219796941234,1.934811499228524,0.2889437746478946,0.2147299893094089,9
120.8577196,14.4160739,-0.2395255623653163,1.5679239404038567,-1.2755270059746524,0.9130426373483872,1.120842772079094,1.1049643801022695,-1
120.99031,14.30488,-0.096956415786934,2.787107558326776,1.0720879832593813,1.5581780292612426,1.2543502430324336,2.277695176276601,-1
120.9650078,14.3943756,-0.3094259691828726,0.4940247555599876,-0.6269274676283602,1.4113410308890717,1.0722520803699185,0.5598253712500042,7
120.9567904,14.322093,-0.2049214005744468,2.2886981715696963,3.4175885005355355,1.1868432661388957,0.2150492089832965,0.3095668521295744,-1
120.9058339,14.4462285,0.2933785292140737,0.2160749684596553,-2.4534833781834138,1.6562578696403985,0.9952433976816788,0.80703954322799,9
120.967776,14.321815,-0.3214682174860952,2.300397800317247,-1.5624032769911305,2.0440514841308155,-0.6982339682095805,-1.477141369131394,-1
120.950177,14.285456,-0.2256838976489685,3.2059633091551523,0.7870222852832486,1.5425509524562595,1.1326082638054824,2.506722474416045,2
120.9742517,14.2325514,2.4388365602479816,4.5273589285859215,-0.9118068709026264,2.210658283745847,2.875632506451681,4.888665013136142,-1
120.9777822,14.3981207,-0.3045813865321509,0.4571775947597674,-0.2576706638446079,1.1303592527719435,0.7388029894046363,0.9512553944271022,7
120.94565,14.341615,-0.2049214005744468,1.8219446701671,1.3226102445757235,1.2013133304134416,0.9010734396334324,1.9727016705176832,-1
120.9910455,14.4101273,-0.2602880594398379,0.3124489183041182,-0.755427549434486,1.5383728126031908,1.2355474323558289,1.1952437123629207,7
121.0133973,14.1388739,-0.2464463947234902,6.953299240498444,-3.1405843024182563,1.8475642731417856,0.4614945334945053,0.7039824939938374,10
120.918355,14.312446,-0.2187630652907946,2.663250647535544,-0.6378452589300229,0.5194899504062108,1.8511665986235857,0.4736343858659174,-1
120.886854,14.290812,-0.3229548648887985,3.423628205471596,-2.6926844102360232,1.700922165834872,0.8115227485595646,0.4495582692451955,-1
120.9567904,14.322093,-0.052663088694621,2.2886981715696963,3.3870121742096666,1.2397240822237086,0.3557104632249634,0.6118072980724799,-1
121.02566,14.2236058,-0.2741297241561857,4.952963292882751,-1.5581921570588315,1.2619013481888,1.5598984457394889,1.6502656647211036,-1
120.9764389,14.4097122,0.8470451178679853,0.171745650842054,-0.4123575208149159,1.1352942724876796,0.7338725325451051,1.4645839174279498,-1
120.8985006,14.0934576,-0.0595839210527949,8.09852389185408,-3.061489419442156,1.809370823668223,0.4494719342006694,0.6673766508534478,-1
120.9961063,14.275178,-0.1772380711417512,3.539578995576977,-1.304744315736596,1.136004934976641,1.4301605433793685,1.16644994016003,-1
121.0077105,14.1272957,-0.2464463947234902,7.217463772883026,-3.1405843024182563,1.8475642731417856,0.4614945334945053,0.7039824939938374,10
120.986405,14.282791,0.0466508556451743,3.313371502364846,0.7979289081917953,1.4734494076407465,1.320210331651232,3.604611273041972,-1
120.890352,14.20342,-0.1612710188082082,5.460070360575165,-3.4571317765164564,2.2129048132002183,0.976789445610171,1.6983642436608424,-1
120.876425,14.35507,-0.2049214005744468,2.160415529566751,-1.348101822694583,0.9965544232708364,2.3507995843524103,1.4139767526919242,8
120.8420114,14.3741125,-0.12187141227636,2.427560958705135,-0.650485165157364,0.7303271429460555,2.819015042477544,2.149863789697236,5
120.822985,14.35989,-0.1080297475600122,3.0092144763919606,-0.4479662819628252,0.7616646958505146,2.758958543878568,1.999294949338774,5
120.89563,14.477965,0.470485397592687,0.4883619771305197,-3.499373365708454,2.421456951873533,1.1586743161194093,2.077641110084996,-1
120.859899,14.119135,-0.2595862870387191,7.67878543222113,-3.1694682492629,1.8998665811038529,0.5205896660006945,0.7559780418453617,10
120.823162,14.38033,-0.1841589034999251,2.7223777700616583,-0.6097766562269606,0.7300171457134003,2.8263377770451577,2.090840703558172,5
120.9356405,14.3841135,-0.3191151344843161,0.8333595425227125,-0.2062592574152482,1.1937552278348789,0.8155274017117587,0.0818538508190474,-1
121.0076045,14.2841434,3.202758035943216,3.3842048539758496,-1.9822000770667605,1.3848863940964595,4.151790105655294,5.657720352476386,-1
120.822985,14.35989,-0.12187141227636,3.0092144763919606,-0.4492575198817774,0.761538162150681,2.769741237561784,2.022024204973855,5
120.8938768,14.4776906,-0.2187630652907946,0.5273141492941001,-3.1687826777119064,1.8898378940464935,0.2323836910161803,-0.0808478802263427,9
121.0088385,14.260047,-0.2810505565143597,3.972995325289338,-2.9991664670179468,1.805618600970316,0.4104115529984764,0.368521981655854,-1
121.0076045,14.2841434,3.202758035943216,3.3842048539758496,-1.9822000770667605,1.3848863940964595,4.151790105655294,5.657720352476386,-1
120.9943658,14.3810075,-0.3064500112688578,0.99448018465303,-0.7646380167409101,1.4766858464229375,1.0746234943381658,1.4394675095978198,3
121.0076045,14.2841434,3.202758035943216,3.3842048539758496,-1.9310956739419995,1.3898943241690314,3.725034418984503,4.758145591193501,-1
120.986405,14.282791,-0.1633964064254034,3.313371502364846,0.8836910654783239,1.252466691638673,1.0747886247604328,3.0637333754416605,2
120.862551,14.3888176,-0.1841589034999251,1.8093263100984387,-0.1942108939007058,0.3862277223941496,2.503571501066173,1.8737171156106065,-1
120.93635,14.357185,-0.2049214005744468,1.4770455110633245,1.3170024266359184,1.1302967706525535,0.8401965177275429,1.88617072710951,-1
120.986405,14.282791,-0.0976831031845423,3.313371502364846,0.8903598420016013,1.2310760472671594,1.0643390466266716,3.039443719856605,2
120.886854,14.290812,-0.325759133548163,3.423628205471596,-2.692220742969864,1.7001689015813497,0.8092899181219082,0.4447696221090325,-1
120.985214,14.438526,-0.3045813865321509,-0.3234025382275527,-1.893099886222454,1.91188878296571,0.1279587961932495,-1.2086053488705537,-1
121.0140532,14.4324914,-0.2118422329326207,0.2689070238210778,-2.8225331595416776,1.27987293535783,0.015416130078427,0.2290885422763948,9
121.0140532,14.4324914,-0.1841589034999251,0.2689070238210778,-2.819713442158186,1.277481589987831,-0.002655791022222,0.1907202373789825,9
121.0036251,14.4431313,0.1226831199320727,-0.0969699669390551,-1.9870523102379123,1.3024144542742606,0.0187341143373574,-0.0527130126413895,9
120.996723,14.422561,-0.3073497194754205,0.1522762306814422,-2.368682836627209,1.885445401807218,0.2525792694483525,-0.7588994809663431,11
120.996723,14.422561,-0.3177309680126813,0.1522762306814422,-2.368975254797592,1.8846499936770296,0.256594690298235,-0.750513919262225,11
121.0140532,14.4324914,-0.2118422329326207,0.2689070238210778,-2.823214551583341,1.2798061629568622,0.0211062059007042,0.2410828724268333,9
121.0078767,14.4023926,-0.2256838976489685,0.7072620572959062,-3.005059538167057,1.7850025296463503,0.3696793691487572,0.1918984370362755,9
121.0140532,14.4324914,-0.052663088694621,0.2689070238210778,-2.816773411774527,1.2748145022543378,-0.0211423298941836,0.1514484316948414,9
121.0078767,14.4023926,-0.2561355600249336,0.7072620572959062,-3.006682197322496,1.7905941651773465,0.3714281373793906,0.196174973097845,9
120.9957576,14.4675605,-0.2049214005744468,-0.6635777794272375,-2.467770017008697,1.6289328967226049,0.25660023481904,-0.7292489514716688,11
121.0080137,14.417168,-0.2741297241561857,0.4428671707933007,-2.8310863218482534,1.7821021711073106,0.3331201881723598,-0.2731441103084592,9
120.9985271,14.47104576,-0.2049214005744468,-0.7132103908834253,-2.731206547649152,1.7395491204926057,0.2592210130464052,-0.0666638961638293,11
121.0036251,14.4431313,0.1226831199320727,-0.0969699669390551,-1.9870523102379123,1.3024144542742606,0.0187341143373574,-0.0527130126413895,9
120.9997847,14.4371254,-0.2672088917980119,-0.0321893354249299,-1.8858364620656949,1.39325392234727,-0.1644739013852361,-0.9907163379860764,9
121.01054900446,14.435213260451,0.144303800219008,0.1619319815169974,-2.368918236573067,1.2261879232764872,-0.1097007869172714,-0.3208654888770966,9
120.987165,14.446596,-0.1772380711417512,-0.3826398299812845,-1.72981369839239,1.2479546320562445,-0.3123589427233547,-0.7041143237097032,9
120.996723,14.422561,-0.3128863853619596,0.1522762306814422,-2.371188785025104,1.8887460656888613,0.2662280023612906,-0.7297648093710316,11
120.981053,14.455671,-0.3073497194754205,-0.6445650499051357,-2.423628635208766,1.4977693973375426,-0.0333709648674014,-0.3256732933516216,11
121.0078767,14.4023926,-0.2696727081175218,0.7072620572959062,-3.005281829317485,1.7928399633862115,0.3554069136977211,0.1626196395298866,9
120.981053,14.455671,-0.2672088917980119,-0.6445650499051357,-2.42192618815534,1.4887990886884943,-0.0288362352700535,-0.3170521879810936,11
120.969795,14.464621,-0.2349578130089215,-0.9398491320494676,-1.4515952895790762,1.8870790606947945,-0.1796009551937404,-0.7930302237351841,-1
120.981053,14.455671,0.1086753552391287,-0.6445650499051357,-2.4550704325858974,1.5698300683306816,0.0749824793689634,-0.0895584210865238,11
121.0140532,14.4324914,-0.1357130769927078,0.2689070238210778,-2.818930017586392,1.2746031676052754,-0.0031332399166762,0.1894104866209792,9
121.0140532,14.4324914,-0.2630563923831075,0.2689070238210778,-2.813324820729009,1.26853920029494,-0.0363686144566512,0.1186735834496432,9
121.0078767,14.4023926,-0.2118422329326207,0.7072620572959062,-3.0125170360476834,1.7939519938791488,0.4120885465610016,0.2822879476083337,9
120.969795,14.464621,-0.0130288659458308,-0.9398491320494676,-1.5048404762088017,2.009110375561152,0.0038904429327227,-0.3931809311195868,-1
120.996723,14.422561,-0.3031972200605161,0.1522762306814422,-2.373964234431347,1.893234345445596,0.2796358171041961,-0.7010133722288523,11
121.0036251,14.4431313,-0.2187630652907946,-0.0969699669390551,-1.891121218267139,1.0760386266051831,-0.2984921548498829,-0.7456063371571618,9
120.996723,14.422561,-0.2948922212307074,0.1522762306814422,-2.3678807499594243,1.883607119383924,0.2498151509729349,-0.7649228195445344,11
120.981053,14.455671,-0.2118422329326207,-0.6445650499051357,-2.4270331359535025,1.496062010779197,-0.0021218736393516,-0.259943131254098,11
120.996723,14.422561,-0.3087338859470552,0.1522762306814422,-2.3693072578419576,1.8840104466448209,0.2606128513215112,-0.7421061858826085,11
120.9997847,14.4371254,-0.2395255623653163,-0.0321893354249299,-1.8886382660682448,1.3961741657240136,-0.1476333742416443,-0.9548896305323148,9
120.969795,14.464621,-0.2395255623653163,-0.9398491320494676,-1.451780153379175,1.8777321184956228,-0.1589125435071087,-0.750377823913084,-1
121.0140532,14.4324914,-0.2464463947234902,0.2689070238210778,-2.8162115694811254,1.2718983920972642,-0.0197366377088035,0.1541065870490834,9
120.997773,14.466325,-0.3191151344843161,-0.6172060264017848,-2.504651949723942,1.67223520135084,0.2525644316355879,-0.8004111410494541,11
120.985214,14.438526,-0.2810505565143597,-0.3234025382275527,-1.8977985864715785,1.9218433979317928,0.1458222111541565,-1.1698813775204953,-1
121.049276,14.45461,2.406433223147012,0.5087591883048542,-2.50268690337507,2.6641095252870084,1.2793912987290554,3.088232640651066,-1
121.049276,14.45461,2.406433223147012,0.5087591883048542,-2.5635726892579105,2.6581430773985466,1.787828023828638,4.159986011243493,-1
121.055009,14.477027,-0.1658823694084595,0.4372740921341924,-1.9185962277100987,1.8557029965043543,0.4654601451753061,0.0139146475122487,9
121.055009,14.477027,1.1031159151204195,0.4372740921341924,-2.021756433532334,2.0680161344289467,0.8704600485341725,0.8904587300630361,9
121.055009,14.477027,0.0580702290361612,0.4372740921341924,-1.925643530769085,1.864021748645184,0.5058207667149218,0.0999170668533568,9
121.057875,14.561901,0.1964868761996391,0.3462559521957826,0.1939497806577272,-0.8516605203242966,1.8637320575527765,-1.7608984376527332,12
121.0271,14.55973,0.0511493966779873,-0.3941619758285014,-0.8521538315092521,-3.031190286351966,0.1513300992355734,0.1785004367183884,12
121.0275016,14.5570169,0.203407708557813,-0.3955820251132194,-0.7383046510029755,-3.1340433682458357,0.1035581552324064,0.3272359472079704,12
121.018458,14.57608,-0.2938757585822624,-0.4786293140225464,-0.2425847891833703,-0.2011626002463533,2.172157212964952,-1.27430536191571,12
121.011528,14.543799,-0.1495547417090556,-0.8407143482092626,-0.1410732751417256,-1.4761988247892774,1.3106220632873682,-0.8665693133097984,12
121.018458,14.57608,-0.2991175997786763,-0.4786293140225464,-0.2412707878730412,-0.2041008473655809,2.1674785699922814,-1.2844824484975854,12
121.0218,14.55659,0.4848655030665007,-0.5325192694924435,-0.6263033308691174,-3.500402487479389,-0.3018369153376042,0.4369687610925281,12
121.0218,14.55659,-0.2187630652907946,-0.5325192694924435,-0.6215812840203895,-3.499939754740684,-0.3412691407859857,0.3538480531499895,12
121.0206028,14.5596699,-0.2713613912129162,-0.5485684518819953,-0.4708213579008766,-2.97803880052638,0.0713870285023052,-0.0570679708903277,12
121.032076,14.56568,-0.0371004898040897,-0.2397085127282005,-0.6438032305975219,-1.1124732861390134,1.6190222062034794,-0.7627200553097548,12
121.018458,14.57608,-0.3023593051977467,-0.4786293140225464,-0.2412503461117912,-0.2040988441935518,2.167307867717613,-1.2848422784020987,12
121.024192,14.571361,-0.1938480688013685,-0.3940799348467997,-2.2724399748632256,0.869587169020613,0.1084263935860458,0.1555153585155191,9
121.008422,14.568496,-0.2049214005744468,-0.7797026025529777,-0.4474888801514669,-0.3874354984205365,2.209107725055485,-1.2413793510260749,12
121.0183,14.56166,-0.2685930582696466,-0.5879942625180773,-0.3004191515485522,-2.298567557925524,0.6344060609654084,-0.4378167447059437,12
121.0183,14.56166,-0.2685930582696466,-0.5879942625180773,-0.2937350959836858,-2.313886578119643,0.6113717403369294,-0.4880112328575376,12
121.0271,14.55973,0.0511493966779873,-0.3941619758285014,-0.8521538315092521,-3.031190286351966,0.1513300992355734,0.1785004367183884,12
121.0271,14.55973,-0.1931559855655512,-0.3941619758285014,-0.8435138350929037,-3.038777899282384,0.0964892797349549,0.0620336739644756,12
121.017742,14.554848,-0.0249797592619255,-0.6366666962437573,-0.4341865689721633,-3.2796697180575585,-0.085806223169214,0.1683443152148344,12
121.036339,14.562949,0.0497956818687285,-0.1585392324745675,-0.597670510981949,-0.952964037382178,1.753361216369279,-0.8811570093439789,12
121.009139,14.563865,-0.1578597405388643,-0.7861511390201896,-0.1790196255401574,-1.3587555390913686,1.3555841301715787,-1.141027582919126,12
121.032076,14.56568,-0.052663088694621,-0.2397085127282005,-0.6448468847181357,-1.1125755580869554,1.6277374108366702,-0.7443489395348357,12
121.012006,14.5531,-0.2464463947234902,-0.781986035051038,0.0991563866447158,-2.615321175395993,0.4108315790111597,-0.8099909633099339,12
121.0218,14.55659,-0.1729679175767579,-0.5325192694924435,-0.6219461694587003,-3.4999755113614017,-0.3382221051831561,0.3602710169455493,12
121.032076,14.56568,0.0165452348871178,-0.2397085127282005,-0.6476274518331201,-1.1062028456862016,1.6373196882181174,-0.7234680324637727,12
121.0218,14.55659,-0.0734255857691427,-0.5325192694924435,-0.627342282624443,-3.4849775529189544,-0.3250250630231633,0.3896832190708653,12
121.032076,14.56568,-0.1232555787479948,-0.2397085127282005,-0.6435670510390064,-1.1074662482524913,1.6068219724016928,-0.7879258569785239,12
121.009139,14.563865,0.1272785526179002,-0.7861511390201896,-0.188808875674325,-1.3560727517108466,1.4298565749990948,-0.984092014895744,12
121.032076,14.56568,0.1134368879015524,-0.2397085127282005,-0.6485161569953609,-1.1065455178416015,1.6452654778795732,-0.7067450290583774,12
121.0607,14.53821,-0.052663088694621,0.3226538480795039,-0.0582199520872373,-0.3700161361510914,1.9100528509757395,-1.1381720864044191,12
121.0206028,14.5596699,0.0165452348871178,-0.5485684518819953,-0.472865534025867,-2.978239117729283,0.0884572559691369,-0.0210849804390123,12
121.003404,14.55953,-0.2672088917980119,-0.9321380553523632,0.2185968262819473,-1.189771345057393,1.4353785752476256,-1.5477471680096089,12
121.018458,14.57608,-0.3001409804911465,-0.4786293140225464,-0.2412503461117912,-0.2040988441935518,2.167307867717613,-1.2848422784020987,12
121.009139,14.563865,0.6006634859169946,-0.7861511390201896,-0.1917946555281239,-1.3531705368823643,1.4482334226147011,-0.945026838301364,12
121.018458,14.57608,-0.3073497194754205,-0.4786293140225464,-0.2412435321913746,-0.2040981764695422,2.1672509669593905,-1.284962221703603,12
121.017778,14.534456,-0.080360259792033,-0.7045985531234145,-0.9523938092025804,-0.5772444597265415,2.033133005903568,-0.276526167719502,12
121.0183,14.56166,-0.3222987173690761,-0.5879942625180773,-0.2798041550275392,-2.3444694645046837,0.5606030964507706,-0.5983075258649877,12
121.032076,14.56568,-0.3211913841917683,-0.2397085127282005,-0.6415838345090176,-1.1122557984132018,1.600488775738949,-0.8017873877592555,12
121.0271,14.55973,0.0511493966779873,-0.3941619758285014,-0.8521538315092521,-3.031190286351966,0.1513300992355734,0.1785004367183884,12
121.009139,14.563865,0.0165452348871178,-0.7861511390201896,-0.1815997492738727,-1.3624907119694198,1.384276347521563,-1.0809035751948255,12
121.032076,14.56568,-0.3177309680126813,-0.2397085127282005,-0.6415903758726176,-1.112256439428251,1.6005434004668428,-0.8016722421898113,12
121.0271,14.55973,0.1467952998679506,-0.3941619758285014,-0.8451843698918479,-3.038941601839216,0.110439354124641,0.0914395734777981,12
121.0271,14.55973,0.1467952998679506,-0.3941619758285014,-0.8451843698918479,-3.038941601839216,0.110439354124641,0.0914395734777981,12
121.018458,14.57608,-0.3027819701190257,-0.4786293140225464,-0.2577366265598392,-0.2057144024349635,2.3049792522376107,-0.99463946041224,12
121.018458,14.57608,-0.3004288871172466,-0.4786293140225464,-0.3067454890932025,-0.0533326426610221,2.391661101993824,-0.7957862187013421,12
121.018458,14.57608,-0.2838188894576292,-0.4786293140225464,-0.3070861851140342,-0.0533660288615059,2.394506139904962,-0.789789053626123,12
121.018458,14.57608,0.1964868761996391,-0.4786293140225464,-0.2449094213755241,-0.2044574119867479,2.197863574883242,-1.2204327254942442,12
121.017742,14.554848,-0.0609882326832579,-0.6366666962437573,-0.423299560810279,-3.288442850693523,-0.1565262679706814,0.0182608404688465,12
121.0218,14.55659,-0.2810505565143597,-0.5325192694924435,-0.6212133323178912,-3.4999036976441613,-0.3443417817300153,0.3473711148687527,12
121.01686778862,14.559410705798,-0.2837358394693311,-0.6379307151706525,-0.2806881241218418,-2.860589434406192,0.1620436028845202,-0.4998993930161631,12
121.0218,14.55659,-0.039118031474814,-0.5325192694924435,-0.6229202193822582,-3.5000709625085853,-0.3300881417952107,0.3774169118956011,12
121.018458,14.57608,-0.2990447206456118,-0.4786293140225464,-0.2412707878730412,-0.2041008473655809,2.1674785699922814,-1.2844824484975854,12
121.018458,14.57608,-0.3029160709351306,-0.4786293140225464,-0.2412435321913746,-0.2040981764695422,2.1672509669593905,-1.284962221703603,12
121.019175,14.550759,0.5148451646756383,-0.6288028426914134,-0.7591312699489541,-3.0696448076778613,0.104738351033287,0.2671782785933428,12
121.018458,14.57608,-0.3043836484687293,-0.4786293140225464,-0.2412435321913746,-0.2040981764695422,2.1672509669593905,-1.284962221703603,12
121.018458,14.57608,-0.3025051368246987,-0.4786293140225464,-0.2412435321913746,-0.2040981764695422,2.1672509669593905,-1.284962221703603,12
121.0218,14.55659,-0.2049214005744468,-0.5325192694924435,-0.6233829536886479,-3.494173972965499,-0.3384188997135801,0.3604661009411918,12
121.0275016,14.5570169,-0.2326047300071424,-0.3955820251132194,-0.7299603640971498,-3.134823079168347,0.0371560190316055,0.1871003692481216,12
121.018458,14.57608,-0.3045813865321509,-0.4786293140225464,-0.3070146389496595,-0.0533590177594043,2.393908681943623,-0.7910484582919189,12
121.0512952,14.5631645,0.0165452348871178,0.1982634263876066,0.1049490092223221,-1.1343825532594325,1.595139648668746,-1.5717798515963328,12
121.0218,14.55659,-0.2810505565143597,-0.5325192694924435,-0.6212133323178912,-3.4999036976441613,-0.3443417817300153,0.3473711148687527,12
121.032076,14.56568,0.1134368879015524,-0.2397085127282005,-0.6485161569953609,-1.1065455178416015,1.6452654778795732,-0.7067450290583774,12
121.026342,14.563933,-0.3226447589869848,-0.3853051289416407,-0.6716512953246451,-1.7859535687335155,1.0848121400088937,-0.4721491702158532,12
121.026342,14.563933,-0.2492147276667597,-0.3853051289416407,-0.6719581661973913,-1.7875810420904326,1.090652913470471,-0.46000113428669,12
121.0275016,14.5570169,0.0165452348871178,-0.3955820251132194,-0.7332233454282154,-3.1329384175788824,0.0598801657278579,0.2352277326797977,12
121.036339,14.562949,-0.0684771906330484,-0.1585392324745675,-0.5963556968983552,-0.9528351933572708,1.7423816460626134,-0.9043012688022648,12
121.0218,14.55659,0.4687842099373878,-0.5325192694924435,-0.6263033308691174,-3.500402487479389,-0.3018369153376042,0.4369687610925281,12
121.032076,14.56568,0.5702118235410296,-0.2397085127282005,-0.6655296283268481,-1.0988839110428523,1.768194579947219,-0.4466605358834106,12
121.018458,14.57608,-0.3057543845668731,-0.4786293140225464,-0.2412503461117912,-0.2040988441935518,2.167307867717613,-1.2848422784020987,12
121.0218,14.55659,-0.2713613912129162,-0.5325192694924435,-0.621233774079141,-3.4999057008161905,-0.3441710794553471,0.3477309447732659,12
121.0183,14.56166,-0.2685930582696466,-0.5879942625180773,-0.2803669848539531,-2.3445246185078825,0.5653030990799716,-0.5884002091607256,12
121.026342,14.563933,0.4317951763775516,-0.3853051289416407,-0.6834587776871643,-1.7727340159670326,1.153908673063881,-0.3250223246006916,12
121.024192,14.571361,-0.0941880828436644,-0.3940799348467997,-2.3108389368226687,0.8680287117541823,0.4245593000580237,0.8221303561545548,-1
121.04641,14.560995,-0.1717014052552121,0.0717633648022323,0.162131874312404,-0.9350508862900996,1.7088407723609589,-1.7271421612683917,12
121.018458,14.57608,-0.3031972200605161,-0.4786293140225464,-0.2412878226740828,-0.2041025166756049,2.167620821887838,-1.2841825902438246,12
121.018458,14.57608,-0.3025051368246987,-0.4786293140225464,-0.2412435321913746,-0.2040981764695422,2.1672509669593905,-1.284962221703603,12
121.032076,14.56568,-0.3211913841917683,-0.2397085127282005,-0.6415763732661615,-1.1122550672554112,1.6004264694086952,-0.8019187256744028,12
121.017742,14.554848,-0.2515678106685389,-0.6366666962437573,-0.4222350560931902,-3.288338535510112,-0.1654155889240341,-0.000477301808676,12
121.032076,14.56568,-0.2997368038814292,-0.2397085127282005,-0.6417762255519813,-1.112274651600615,1.602095368647369,-0.7984007886412792,12
121.04641,14.560995,-0.1633964064254034,0.0717633648022323,0.1577904913847903,-0.9301409941262584,1.734145020120819,-1.6732547504101525,12
121.0183,14.56166,-0.2713613912129162,-0.5879942625180773,-0.2803672574107698,-2.344524645216843,0.5653053751103004,-0.5883954114286654,12
121.018458,14.57608,-0.3048305364970451,-0.4786293140225464,-0.2412503461117912,-0.2040988441935518,2.167307867717613,-1.2848422784020987,12
121.024192,14.571361,-0.2741297241561857,-0.3940799348467997,-2.2700646517683096,0.867807210378331,0.0927213985867337,0.1222036101699317,9
121.02243169657,14.556035106709,-0.2326047300071424,-0.5197737339390637,-0.5785387407551745,-3.409742785998495,-0.263383432059045,0.3024444532753305,12
121.0206028,14.5596699,-0.2755138906278205,-0.5485684518819953,-0.4705402836836904,-2.978011256910981,0.0690398722256157,-0.0620156320773836,12
121.018458,14.57608,-0.2755138906278205,-0.4786293140225464,-0.2414206941222071,-0.2041155372937937,2.1687303866731824,-1.281843695864489,12
121.019175,14.550759,0.3830932790730819,-0.6288028426914134,-0.7591312699489541,-3.0696448076778613,0.104738351033287,0.2671782785933428,12
121.018458,14.57608,-0.2763357574645178,-0.4786293140225464,-0.2415126820478317,-0.2041245515679244,2.16949854690919,-1.2802244612941798,12
121.0271,14.55973,-0.1357130769927078,-0.3941619758285014,-0.8473571689671718,-3.0327649160468573,0.1154708766466587,0.1027015360778634,12
121.032076,14.56568,0.0165452348871178,-0.2397085127282005,-0.6476248625433617,-1.106202591951078,1.6372980659299927,-0.7235136109183443,12
121.0271,14.55973,1.746753324430592,-0.3941619758285014,-0.851422982880375,-3.015304389464993,0.112772867997912,0.0988473230791531,12
121.025,14.55792,-0.0803464181273166,-0.4516232842781876,-0.770270672419267,-3.465589732188817,-0.2112410382938255,0.4177078640290352,12
121.012006,14.5531,-0.1772380711417512,-0.781986035051038,0.0987854119018562,-2.6130892181462078,0.4092744232052014,-0.8130405351250547,12
121.0275016,14.5570169,0.2214018726890652,-0.3955820251132194,-0.7375737912220853,-3.143811743518222,0.1176486905619812,0.3559279633542678,12
121.032076,14.56568,0.0511493966779873,-0.2397085127282005,-0.6523562132501498,-1.1048771463729925,1.673136403021593,-0.6477849685160529,12
121.0183,14.56166,-0.0111380945455777,-0.5879942625180773,-0.2924296540174105,-2.3358986417519945,0.6459062575500557,-0.4174870172785255,12
121.0183,14.56166,-0.2741297241561857,-0.5879942625180773,-0.2803669848539531,-2.3445246185078825,0.5653030990799716,-0.5884002091607256,12
121.0218,14.55659,0.3742138511575448,-0.5325192694924435,-0.6263067378293257,-3.5004028213413942,-0.301808464958493,0.4370287327432802,12
121.0271,14.55973,0.0857535584688568,-0.3941619758285014,-0.8521538315092521,-3.031190286351966,0.1513300992355734,0.1785004367183884,12
121.011528,14.543799,-0.2464463947234902,-0.8407143482092626,-0.1359708269022818,-1.484644265158054,1.2863711424699769,-0.9186069153248158,12
121.032076,14.56568,0.0857535584688568,-0.2397085127282005,-0.6523588706791124,-1.1048774067853562,1.6731585943172995,-0.6477381906284663,12
121.018458,14.57608,-0.2825808217570755,-0.4786293140225464,-0.2414820194059569,-0.2041215468098809,2.1692424934971872,-1.2807642061509497,12
121.009139,14.563865,0.0165452348871178,-0.7861511390201896,-0.1815997492738727,-1.3624907119694198,1.384276347521563,-1.0809035751948255,12
121.0218,14.55659,-0.2270680641206033,-0.5325192694924435,-0.6215812840203895,-3.499939754740684,-0.3412691407859857,0.3538480531499895,12
121.032076,14.56568,0.0511493966779873,-0.2397085127282005,-0.6523562132501498,-1.1048771463729925,1.673136403021593,-0.6477849685160529,12
121.0218,14.55659,0.0068348544661636,-0.5325192694924435,-0.6251932750940434,-3.500293708560973,-0.3111066178596763,0.4174287978444487,12
121.009139,14.563865,0.0857535584688568,-0.7861511390201896,-0.1890812177722066,-1.3518822988214798,1.423476369594226,-0.9971082530531836,12
121.0218,14.55659,-0.2256838976489685,-0.5325192694924435,-0.6241008443219135,-3.4932858809203013,-0.3343909552185123,0.3690551337502413,12
121.0271,14.55973,0.0857535584688568,-0.3941619758285014,-0.8521538315092521,-3.031190286351966,0.1513300992355734,0.1785004367183884,12
121.0218,14.55659,-0.2531070037849967,-0.5325192694924435,-0.6214892960947649,-3.499930740466553,-0.3420373010219931,0.3522288185796803,12
121.024192,14.571361,-0.1633964064254034,-0.3940799348467997,-2.2724399748632256,0.869587169020613,0.1084263935860458,0.1555153585155191,9
121.0218,14.55659,0.381250953499336,-0.5325192694924435,-0.6378362498612832,-3.4609266912141865,-0.2888611796364514,0.4684885654688677,12
121.040676,14.564421,-0.2672088917980119,-0.0478249378269035,-0.3329720154585899,-0.6800692705951233,1.9625514175977683,-1.4828356926832935,12
121.019175,14.550759,0.0511493966779873,-0.6288028426914134,-0.7656782685005269,-3.0618520933020115,0.1421012491344075,0.3468026571406614,12
121.0184,14.55697,-0.3157931349523926,-0.6133366076763546,-0.5268854522397112,-3.371910226013872,-0.2510955689983823,0.0218483678690382,12
121.0288346,14.5664774,-0.3163468015410465,-0.306696020400262,-0.6335611708229116,-1.4417990295841974,1.345349890859202,-0.7656281222001505,12
121.0512952,14.5631645,0.1964868761996391,0.1982634263876066,0.0995775316223232,-1.134749186199024,1.6396672321514592,-1.4779020464936536,12
121.01727,14.55845,-0.322575550663403,-0.6340698727548775,-0.4709019805853985,-3.3077126670434134,-0.1971027211052974,-0.0872147755498377,12
121.018458,14.57608,-0.3048582198264778,-0.4786293140225464,-0.2412435321913746,-0.2040981764695422,2.1672509669593905,-1.284962221703603,12
121.0183,14.56166,-0.3204300926323691,-0.5879942625180773,-0.2798061651340621,-2.344469661483266,0.5606198821744462,-0.5982721425910439,12
121.009139,14.563865,0.0165452348871178,-0.7861511390201896,-0.1815997492738727,-1.3624907119694198,1.384276347521563,-1.0809035751948255,12
121.018458,14.57608,-0.301061728028078,-0.4786293140225464,-0.2412707878730412,-0.2041008473655809,2.1674785699922814,-1.2844824484975854,12
121.040676,14.564421,-0.2672088917980119,-0.0478249378269035,-0.3329720154585899,-0.6800692705951233,1.9625514175977683,-1.4828356926832935,12
121.040676,14.564421,0.0857535584688568,-0.0478249378269035,-0.3351665390064766,-0.6706999100300729,1.961207957908487,-1.4846838896432557,12
121.018458,14.57608,-0.2690359915405698,-0.4786293140225464,-0.2416830300582476,-0.2041412446681663,2.170921065864759,-1.2772258787565702,12
121.0206028,14.5596699,-0.2326047300071424,-0.5485684518819953,-0.4708724623040013,-2.9780438084564524,0.0718137841889758,-0.0561683961290448,12
121.0218,14.55659,-0.2875083851877717,-0.5325192694924435,-0.6211734708834539,-3.4998997914587044,-0.3446746511656186,0.3466694465549521,12
121.0097488,14.55760207,-0.3253438836066726,-0.8162675090479939,0.01860166118458,-2.164837807744451,0.7312766253453871,-0.9992767226161297,12
121.0297,14.54133,0.473320170526595,-0.4259533737535704,-1.1182677386298852,-0.4255960353360771,2.224359356017125,0.1932322261701316,12
121.036339,14.562949,0.0497956818687285,-0.1585392324745675,-0.597670510981949,-0.952964037382178,1.753361216369279,-0.8811570093439789,12
121.0607,14.53821,-0.2118422329326207,0.3226538480795039,-0.0570714394079389,-0.3677630702421766,1.896069222473124,-1.1674290154434208,12
121.0137,14.55211,0.2933785292140737,-0.751389004896728,0.1013807631352835,-2.633648930098369,0.4585300786312019,-0.7158451211681081,12
121.0218,14.55659,-0.2874869306074614,-0.5325192694924435,-0.6211520070341415,-3.4998976881280743,-0.3448538885540203,0.3462916251552133,12
121.003404,14.55953,-0.0803464181273166,-0.9321380553523632,0.2133010823959893,-1.1829103003068446,1.4644562770421612,-1.4856956847961518,12
121.032076,14.56568,0.5702118235410296,-0.2397085127282005,-0.6589525176510197,-1.1139578269138664,1.7455288084487957,-0.496051912224579,12
121.0218,14.55659,-0.2828776562569176,-0.5325192694924435,-0.6212133323178912,-3.4999036976441613,-0.3443417817300153,0.3473711148687527,12
121.025,14.55792,-0.0803464181273166,-0.4516232842781876,-0.770270672419267,-3.465589732188817,-0.2112410382938255,0.4177078640290352,12
121.009139,14.563865,-0.3038893448213277,-0.7861511390201896,-0.1719305538105165,-1.371990195758851,1.3249715623123322,-1.206986687365627,12
121.017742,14.554848,-0.1188400877034799,-0.6366666962437573,-0.4242398818277746,-3.288534996606858,-0.1486739633359389,0.0348130160764516,12
121.0218,14.55659,-0.2838188894576292,-0.5325192694924435,-0.6212133323178912,-3.4999036976441613,-0.3443417817300153,0.3473711148687527,12
121.040676,14.564421,-0.052663088694621,-0.0478249378269035,-0.3403942365108025,-0.669710635838357,2.001781195847935,-1.3990038792415462,12
121.018458,14.57608,-0.3052734697679683,-0.4786293140225464,-0.2412435321913746,-0.2040981764695422,2.1672509669593905,-1.284962221703603,12
121.026342,14.563933,-0.3164160098646282,-0.3853051289416407,-0.6713033484453528,-1.7875168738131026,1.0851847506052623,-0.4715276855612613,12
121.017742,14.554848,6.59133597515232,-0.6366666962437573,-0.5294406035534408,-3.18702591932097,0.5003480309281297,1.414388385283947,-1
121.012006,14.5531,-0.3252054669595091,-0.781986035051038,0.1048981079968244,-2.6207966994554046,0.3752759830461796,-0.8855597266460804,12
121.04641,14.560995,-0.1633964064254034,0.0717633648022323,0.1540210656721586,-0.9231303791975426,1.7504769520734536,-1.6380705667336772,12
121.018458,14.57608,-0.2747781016851031,-0.4786293140225464,-0.2414206941222071,-0.2041155372937937,2.1687303866731824,-1.281843695864489,12
121.0512952,14.5631645,0.2214018726890652,0.1982634263876066,0.0995775316223232,-1.134749186199024,1.6396672321514592,-1.4779020464936536,12
121.0137,14.55211,-0.2948922212307074,-0.751389004896728,0.1175153751661318,-2.646827826117594,0.3540859082279057,-0.937521963368839,12
121.018458,14.57608,-0.2968522998255534,-0.4786293140225464,-0.2454034306057302,-0.2045058219774496,2.2019888798543925,-1.211736836135176,12
121.032076,14.56568,-0.1426339093508817,-0.2397085127282005,-0.6421834595056815,-1.1123145581260532,1.605496042462553,-0.7912323772268697,12
121.012006,14.5531,-0.3142705518335943,-0.781986035051038,0.1046085163791174,-2.620825077725816,0.3776942652706473,-0.8804621363321441,12
121.017742,14.554848,-0.2783932337221152,-0.6366666962437573,-0.4216948825521615,-3.2882856016892443,-0.1699263965321443,-0.0099858070354361,12
121.061458,14.552973,-0.2298363970638728,0.3830168308648892,0.7181028482726426,-1.436090198778018,1.2259242072928345,-2.717975304118671,13
121.018458,14.57608,0.759911838478576,-0.4786293140225464,-0.2415194959682483,-0.204125219291934,2.1695554476674124,-1.2801045179926756,12
121.011528,14.543799,-0.1426339093508817,-0.8407143482092626,-0.1412845066746413,-1.4762195242335774,1.312385986792274,-0.8628510709631625,12
121.0206028,14.5596699,-0.3087338859470552,-0.5485684518819953,-0.4703341625910872,-2.977991058259688,0.067318624289377,-0.0656439169478912,12
121.018458,14.57608,-0.3087338859470552,-0.4786293140225464,-0.2412537530719996,-0.2040991780555567,2.167336318096724,-1.2847823067513464,12
121.0218,14.55659,-0.2828776562569176,-0.5325192694924435,-0.6212133323178912,-3.4999036976441613,-0.3443417817300153,0.3473711148687527,12
121.018458,14.57608,-0.2690359915405698,-0.4786293140225464,-0.2416830300582476,-0.2041412446681663,2.170921065864759,-1.2772258787565702,12
121.012006,14.5531,-0.1564755740672295,-0.781986035051038,0.0989061065279767,-2.614994272970469,0.4122003805520611,-0.8070695435528075,12
121.0218,14.55659,0.2020235420861783,-0.5325192694924435,-0.6249337328653738,-3.5002682749534446,-0.3132739677403816,0.4128601574901468,12
121.04641,14.560995,0.5702118235410296,0.0717633648022323,0.1310085699673586,-0.9041400238149186,1.899046532520804,-1.3227144122115324,12
121.0271,14.55973,0.0857535584688568,-0.3941619758285014,-0.8521538315092521,-3.031190286351966,0.1513300992355734,0.1785004367183884,12
121.0263428,14.5639339,0.1314310520328046,-0.3852795477389891,-0.680855661306431,-1.771616328932341,1.1304006965509128,-0.3744871583949129,12
121.011528,14.543799,-0.12187141227636,-0.8407143482092626,-0.1460323630833917,-1.4755346568454997,1.3496734366462957,-0.784133370146262,12
121.0218,14.55659,-0.2883797179816658,-0.5325192694924435,-0.621233774079141,-3.4999057008161905,-0.3441710794553471,0.3477309447732659,12
121.011528,14.543799,-0.12187141227636,-0.8407143482092626,-0.1460323630833917,-1.4755346568454997,1.3496734366462957,-0.784133370146262,12
121.009139,14.563865,0.0857535584688568,-0.7861511390201896,-0.1815997492738727,-1.3624907119694198,1.384276347521563,-1.0809035751948255,12
121.057875,14.561901,0.1964868761996391,0.3462559521957826,0.1883619102054989,-0.8388538194420125,1.8829887495981847,-1.7189358455580008,12
121.0206028,14.5596699,-0.2755138906278205,-0.5485684518819953,-0.4706918934129606,-2.978026113770196,0.0703059140960723,-0.059346893618911,12
121.03996,14.557414,-0.12187141227636,-0.1021044012961229,-0.2711239067352159,-0.6733426526078932,1.910158295632888,-1.148961955944519,12
121.0218,14.55659,-0.2582318801462245,-0.5325192694924435,-0.6212371810393494,-3.499906034678195,-0.3441426290762356,0.3477909164240181,12
121.018458,14.57608,-0.2968522992303617,-0.4786293140225464,-0.2413184853159576,-0.2041055214336486,2.1678768752998407,-1.2836428453870548,12
121.025,14.55792,3.546169737555805,-0.4516232842781876,-0.8021901722689802,-3.444373251141841,0.0053482346955088,0.8767634241202995,12
121.057875,14.561901,0.0165452348871178,0.3462559521957826,0.1956949712851108,-0.8413300263523213,1.828309218236449,-1.834524848512178,12
121.011528,14.543799,-0.12187141227636,-0.8407143482092626,-0.1460323630833917,-1.4755346568454997,1.3496734366462957,-0.784133370146262,12
121.011528,14.543799,-0.1357130769927078,-0.8407143482092626,-0.1460323630833917,-1.4755346568454997,1.3496734366462957,-0.784133370146262,12
121.032076,14.56568,-0.3177309680126813,-0.2397085127282005,-0.6415903758726176,-1.112256439428251,1.6005434004668428,-0.8016722421898113,12
121.0198512,14.55727467,-0.2464463947234902,-0.5774612901658394,-0.5270679445378182,-3.604522942971009,-0.4141825121010346,0.2175484641070638,12
121.011528,14.543799,-0.12187141227636,-0.8407143482092626,-0.1460323630833917,-1.4755346568454997,1.3496734366462957,-0.784133370146262,12
121.032076,14.56568,0.2241702056323347,-0.2397085127282005,-0.6552003866024791,-1.102248587270474,1.6909208179964408,-0.609998115525603,12
121.049993,14.559824,-0.2907535634805194,0.1483875986044157,0.3868260175301958,-1.3866926022319903,1.3568702313093968,-2.1410116292577217,-1
121.0218,14.55659,-0.2828776562569176,-0.5325192694924435,-0.6212133323178912,-3.4999036976441613,-0.3443417817300153,0.3473711148687527,12
121.018458,14.57608,-0.2690359915405698,-0.4786293140225464,-0.2416830300582476,-0.2041412446681663,2.170921065864759,-1.2772258787565702,12
121.011528,14.543799,-0.12187141227636,-0.8407143482092626,-0.1402027764035615,-1.4888927356189303,1.3295784049369463,-0.8279221547426927,12
121.0275016,14.5570169,0.1964868761996391,-0.3955820251132194,-0.7431616616743136,-3.1310050426359384,0.1369053826073897,0.3978905554490002,12
121.0183,14.56166,-0.2685930582696466,-0.5879942625180773,-0.2803669848539531,-2.3445246185078825,0.5653030990799716,-0.5884002091607256,12
121.0218,14.55659,-0.1913052165763283,-0.5325192694924435,-0.6216051327418477,-3.499942091774717,-0.341069988132206,0.3542678547052549,12
121.011528,14.543799,-0.2810505565143597,-0.8407143482092626,-0.1347455894017429,-1.4850992637656442,1.2773197473641609,-0.9377457239656568,12
121.03996,14.557414,-0.12187141227636,-0.1021044012961229,-0.2711239067352159,-0.6733426526078932,1.910158295632888,-1.148961955944519,12
121.036339,14.562949,-0.0684771906330484,-0.1585392324745675,-0.5963556968983552,-0.9528351933572708,1.7423816460626134,-0.9043012688022648,12
121.011528,14.543799,-0.1357130769927078,-0.8407143482092626,-0.1460323630833917,-1.4755346568454997,1.3496734366462957,-0.784133370146262,12
121.0218,14.55659,-0.2861442891299756,-0.5325192694924435,-0.6251756270401643,-3.500291979155788,-0.3112539908234731,0.4171181446935524,12
121.012006,14.5531,-0.1407514429494584,-0.781986035051038,0.0989190930131536,-2.6133955985500896,0.4088137367926318,-0.8140444248880866,12
121.0293973,14.5681196,-0.191079735858099,-0.2869500409270712,-0.6614457201433559,-1.4102109603127744,1.399900428869819,-0.6808515247439798,12
121.0288346,14.5664774,-0.3177309680126813,-0.306696020400262,-0.6335294520233722,-1.4417959213289324,1.3450850178296747,-0.7661864582686534,12
121.012006,14.5531,-0.2983526374097944,-0.781986035051038,0.104475644930993,-2.6208380983440045,0.3788038300559914,-0.8781232419528086,12
121.040676,14.564421,-0.2605648927341649,-0.0478249378269035,-0.3329720154585899,-0.6800692705951233,1.9625514175977683,-1.4828356926832935,12
121.03996,14.557414,-0.12187141227636,-0.1021044012961229,-0.2711239067352159,-0.6733426526078932,1.910158295632888,-1.148961955944519,12
121.009139,14.563865,-0.052663088694621,-0.7861511390201896,-0.1845176351163512,-1.3633836602633007,1.4098883462903813,-1.026977358894295,12
121.003404,14.55953,-0.1842973201470886,-0.9321380553523632,0.2186747583295185,-1.1910735776699783,1.4374159132734616,-1.5435870282342368,12
121.057875,14.561901,0.1964868761996391,0.3462559521957826,0.1883619102054989,-0.8388538194420125,1.8829887495981847,-1.7189358455580008,12
121.0218,14.55659,-0.2861442891299756,-0.5325192694924435,-0.6212133323178912,-3.4999036976441613,-0.3443417817300153,0.3473711148687527,12
121.003404,14.55953,-0.0388214239782733,-0.9321380553523632,0.2113413925092833,-1.184444155886731,1.4835746746517946,-1.4455330002442632,12
121.012006,14.5531,-0.2602880594398379,-0.781986035051038,0.0991587715168616,-2.6153209416925898,0.4108116637457816,-0.8100329434654605,12
121.0183,14.56166,-0.3219983532447313,-0.5879942625180773,-0.2798112074351704,-2.344470155599033,0.5606619887355312,-0.5981833845479306,12
121.0183,14.56166,-0.3242586970929109,-0.5879942625180773,-0.2797445332238936,-2.3444636219195982,0.5601052148163214,-0.5993570297531511,12
121.0183,14.56166,-0.3154830816627464,-0.5879942625180773,-0.2800145007508007,-2.3444900771448616,0.5623596228571076,-0.5946048761475473,12
121.0183,14.56166,-0.3172368205823077,-0.5879942625180773,-0.2799702443376946,-2.344485740277419,0.5619900524324507,-0.5953839078908183,12
121.018458,14.57608,-0.3011209703530639,-0.4786293140225464,-0.2412435321913746,-0.2040981764695422,2.1672509669593905,-1.284962221703603,12
121.026342,14.563933,-0.2810505565143597,-0.3853051289416407,-0.6716336191679471,-1.7875492383958516,1.0879427303563205,-0.4657140337373438,12
121.0130061,14.56015921,-0.3238301591532928,-0.7213028566278141,-0.2139209283018542,-1.9304323849774911,0.8856385777514377,-0.9714484883702844,12
121.0130061,14.56015921,-0.3154764376636826,-0.7213028566278141,-0.2141779493799697,-1.930457571527136,0.8877848743516007,-0.9669242270375392,12
121.061458,14.552973,-0.228452230592238,0.3830168308648892,0.7184131399809557,-1.4431522561079808,1.237888264640671,-2.693483769271269,13
121.012006,14.5531,-0.1772380711417512,-0.781986035051038,0.0987854119018562,-2.6130892181462078,0.4092744232052014,-0.8130405351250547,12
121.008422,14.568496,0.3639710192674474,-0.7797026025529777,-0.4519164005181206,-0.3872623566090866,2.244834743650815,-1.1660066883048783,12
121.0211003,14.56165661,-0.2713613912129162,-0.5237186870667127,-0.6956675032142489,-2.3659500573349828,0.5376515385854972,-0.0174896398486813,12
121.012006,14.5531,-0.3243284590830813,-0.781986035051038,0.1048702731319224,-2.620799427107984,0.3755084226435195,-0.885069758259435,12
121.012006,14.5531,-0.3216464981276418,-0.781986035051038,0.104745169553073,-2.6208116865208018,0.3765531205644896,-0.8828675992438145,12
121.011528,14.543799,-0.1357130769927078,-0.8407143482092626,-0.1387044612266028,-1.4821326660285077,1.3034947390296812,-0.8822261433896776,12
121.026342,14.563933,-0.2422938953085858,-0.3853051289416407,-0.6719572803877373,-1.7875809552863111,1.090645516371902,-0.4600167269158856,12
121.0607,14.53821,-0.2840957227519561,0.3226538480795039,-0.0559611679431852,-0.3693794641545899,1.89033817262655,-1.179686788349543,12
121.011528,14.543799,-0.0180589269037516,-0.8407143482092626,-0.155708932040306,-1.4649816104128008,1.4068761847485445,-0.6623730123312245,12
121.0271,14.55973,0.0511493966779873,-0.3941619758285014,-0.8521538315092521,-3.031190286351966,0.1513300992355734,0.1785004367183884,12
121.0183,14.56166,-0.3153834216767887,-0.5879942625180773,-0.2800175670149881,-2.3444903776206663,0.5623852281983078,-0.5945509016618703,12
121.0183,14.56166,-0.3108918014763339,-0.5879942625180773,-0.2801704373195354,-2.3445053580088238,0.5636617967090357,-0.5918599736926194,12
121.0183,14.56166,-0.3227984014653362,-0.5879942625180773,-0.2797894369594392,-2.344468022220822,0.5604801908130094,-0.5985666033962371,12
121.0183,14.56166,-0.3227984014653362,-0.5879942625180773,-0.2797894369594392,-2.344468022220822,0.5604801908130094,-0.5985666033962371,12
121.0183,14.56166,-0.324485700394259,-0.5879942625180773,-0.2797375489554665,-2.344462937502489,0.560046891539143,-0.599479971637193,12
121.0218,14.55659,-0.1477276419664977,-0.5325192694924435,-0.6224432449530938,-3.500024221827908,-0.3340711948708049,0.3690208807902941,12
121.021325,14.57178,-0.2533672270816641,-0.4575653635202161,-0.9449011353262844,-0.6922910210957974,1.9625434680695184,-0.3028180733299569,12
121.018458,14.57608,-0.3048305364970451,-0.4786293140225464,-0.2412503461117912,-0.2040988441935518,2.167307867717613,-1.2848422784020987,12
121.0271,14.55973,0.0511493966779873,-0.3941619758285014,-0.8521538315092521,-3.031190286351966,0.1513300992355734,0.1785004367183884,12
121.0130061,14.56015921,-0.3154841889959237,-0.7213028566278141,-0.2141777108927551,-1.930457548156796,0.8877828828250629,-0.9669284250530918,12
121.0130061,14.56015921,-0.3243063124195351,-0.7213028566278141,-0.2139062783729585,-1.9304309493708705,0.8855162411212588,-0.971706366468519,12
121.0130061,14.56015921,-0.3238301591532928,-0.7213028566278141,-0.2139209283018542,-1.9304323849774911,0.8856385777514377,-0.9714484883702844,12
121.018458,14.57608,-0.2049214005744468,-0.4786293140225464,-0.2419862495167878,-0.2041709583865969,2.1734531496056726,-1.271888401839625,12
121.018458,14.57608,-0.3048305364970451,-0.4786293140225464,-0.2412503461117912,-0.2040988441935518,2.167307867717613,-1.2848422784020987,12
121.04641,14.560995,0.5702118235410296,0.0717633648022323,0.1310085699673586,-0.9041400238149186,1.899046532520804,-1.3227144122115324,12
121.0171814,14.55962613,0.2648109942392978,-0.6291863049443718,-0.3119047605330506,-2.998639431208454,0.0941608373972039,-0.3585798598449276,12
121.032076,14.56568,-0.3211913841917683,-0.2397085127282005,-0.6415763732661615,-1.1122550672554112,1.6004264694086952,-0.8019187256744028,12
121.011528,14.543799,-0.1080297475600122,-0.8407143482092626,-0.1384111260336545,-1.4795480779955132,1.2958000786856834,-0.8981836855862996,12
121.011528,14.543799,-0.2298502387285891,-0.8407143482092626,-0.137214489274567,-1.4831048388406445,1.2933472228522718,-0.9037312527859468,12
121.0218,14.55659,-0.2531070037849967,-0.5325192694924435,-0.6214892960947649,-3.499930740466553,-0.3420373010219931,0.3522288185796803,12
121.012006,14.5531,-0.2990447206456118,-0.781986035051038,0.104475644930993,-2.6208380983440045,0.3788038300559914,-0.8781232419528086,12
121.0206028,14.5596699,7.006585916642754,-0.5485684518819953,-0.6323537226113104,-2.961792190912915,1.3544632754335812,2.6508701344681307,-1
121.01559,14.567447,-0.052663088694621,-0.6197724380897474,-0.4294028477200415,-1.0915889970326942,1.6198988216802324,-0.6082128648192101,12
121.012006,14.5531,-0.3185476262309458,-0.781986035051038,0.1048489796306204,-2.6208015137455143,0.3756862375129657,-0.8846949354422338,12
121.008422,14.568496,0.0857535584688568,-0.7797026025529777,-0.4428350085823569,-0.4150617704778768,2.227875529079636,-1.2047003126797602,12
121.011528,14.543799,-0.1647805728970382,-0.8407143482092626,-0.1411754839479751,-1.4762088406494225,1.3114755746607096,-0.8647701637872326,12
121.0183,14.56166,-0.3233963613810824,-0.5879942625180773,-0.2797687226413726,-2.3444659923398325,0.5603072125080122,-0.5989312310328104,12
121.0183,14.56166,-0.3222544240419838,-0.5879942625180773,-0.2798061651340621,-2.344469661483266,0.5606198821744462,-0.5982721425910439,12
121.0183,14.56166,-0.324485700394259,-0.5879942625180773,-0.2797375489554665,-2.344462937502489,0.560046891539143,-0.599479971637193,12
121.0183,14.56166,-0.3247140878620788,-0.5879942625180773,-0.2797286908589249,-2.344462069461276,0.5599729205534534,-0.5996358979291487,12
121.0130061,14.56015921,-0.324485700394259,-0.7213028566278141,-0.213900759097421,-1.9304304085144224,0.8854701515070984,-0.9718035205427376,12
121.021325,14.57178,-0.1357130769927078,-0.4575653635202161,-0.9466015596221252,-0.6912436272627377,1.974251709126268,-0.2780132144671685,12
121.012006,14.5531,-0.2464463947234902,-0.781986035051038,0.0991563866447158,-2.615321175395993,0.4108315790111597,-0.8099909633099339,12
121.032076,14.56568,-0.3059655530037857,-0.2397085127282005,-0.6416671006165089,-1.1122639580006,1.6011841030044314,-0.8003216806148719,12
121.032076,14.56568,-0.2492147276667597,-0.2397085127282005,-0.642456902132001,-1.1123413538905615,1.6077794698900327,-0.7864190525374987,12
121.0275016,14.5570169,0.5702118235410296,-0.3955820251132194,-0.7408641778044345,-3.1256043208667053,0.1070985058551009,0.3355907071247447,12
121.0183,14.56166,-0.3244220287365638,-0.5879942625180773,-0.2797375489554665,-2.344462937502489,0.560046891539143,-0.599479971637193,12
121.0183,14.56166,-0.3243057587529465,-0.5879942625180773,-0.279743068231004,-2.344463478358936,0.5600929811533034,-0.5993828175629745,12
121.04641,14.560995,-0.1633964064254034,0.0717633648022323,0.1535577190838274,-0.9231757844302008,1.754346203632602,-1.629914422231379,12
121.0206028,14.5596699,-0.2962763877023422,-0.5485684518819953,-0.4732250206071931,-2.972204218372421,0.0790020551766716,-0.0403929314228098,12
121.0130061,14.56015921,-0.3222555313751611,-0.7213028566278141,-0.2139693752760165,-1.9304371324952,0.8860431421424017,-0.9705956914965884,12
121.0130061,14.56015921,-0.3155993516463637,-0.7213028566278141,-0.2141741676541385,-1.9304572009403107,0.8877532944307871,-0.966990795569874,12
121.0130061,14.56015921,-0.3154841889959237,-0.7213028566278141,-0.2141777108927551,-1.930457548156796,0.8877828828250629,-0.9669284250530918,12
121.008422,14.568496,-0.3004288871172466,-0.7797026025529777,-0.4279358099217527,-0.4319718578368721,2.1411566077780813,-1.3893839586964842,12
121.040676,14.564421,-0.3092224967115423,-0.0478249378269035,-0.3320315240930839,-0.6799771079886878,1.9546976904440705,-1.499390866873436,12
121.0183,14.56166,-0.3238296054867041,-0.5879942625180773,-0.2797577181598998,-2.3444649139655573,0.5602153177834824,-0.59912493946474,12
121.0183,14.56166,-0.3223208640326222,-0.5879942625180773,-0.2798041550275392,-2.3444694645046837,0.5606030964507706,-0.5983075258649877,12
121.026342,14.563933,-0.1663308393452691,-0.3853051289416407,-0.6752473172185431,-1.7777119358690792,1.0972046045070152,-0.4451445355902956,12
121.036339,14.562949,-0.2547513935532988,-0.1585392324745675,-0.5954971429258592,-0.9527510601320516,1.735212150526544,-0.9194141247918174,12
121.061458,14.552973,-0.2326047300071424,0.3830168308648892,0.7184131399809557,-1.4431522561079808,1.237888264640671,-2.693483769271269,13
121.0130061,14.56015921,-0.3227992319652192,-0.7213028566278141,-0.2139526471013936,-1.930435493232756,0.8859034507809648,-0.9708901523017816,12
121.0218,14.55659,-0.2782822235710901,-0.5325192694924435,-0.6212133323178912,-3.4999036976441613,-0.3443417817300153,0.3473711148687527,12
121.018458,14.57608,-0.2356498962447389,-0.4786293140225464,-0.2419624007953296,-0.204168621352563,2.173253996951893,-1.2723082033948905,12
121.006272,14.553938,-0.2519830606100293,-0.9116521996392286,0.7234327053604577,-2.3548915835777726,0.6349860675386815,-1.8694759501464515,14
121.0275016,14.5570169,-0.1564755740672295,-0.3955820251132194,-0.737545830435943,-3.13198823004751,0.0931565343244319,0.3055132744882464,12
121.026342,14.563933,-0.2824347229859944,-0.3853051289416407,-0.6713133649083652,-1.787517855367397,1.08526839471985,-0.4713513689080499,12
121.0384225,14.56524261,-0.2346809797145945,-0.0956562606676774,-0.3884888625412547,-0.8381335760575299,1.823549035545546,-1.4237202295829967,12
121.0182454,14.5616124,0.0517030632666412,-0.589640473854465,-0.2847960331247658,-2.344958639114172,0.6022885919247736,-0.5104370631828755,12
121.0008956,14.5553572,-0.3241728787716695,-1.037973970535895,1.289945292452258,-1.7118566522015528,0.8325000387804488,-2.1627014683803103,-1
121.0183,14.56166,-0.2713613912129162,-0.5879942625180773,-0.2803669848539531,-2.3445246185078825,0.5653030990799716,-0.5884002091607256,12
121.057875,14.561901,0.1964868761996391,0.3462559521957826,0.1883619102054989,-0.8388538194420125,1.8829887495981847,-1.7189358455580008,12
121.011528,14.543799,0.2933785292140737,-0.8407143482092626,-0.1639729305933291,-1.4476130007988262,1.4385801647922507,-0.5936771562195375,12
121.019175,14.550759,0.0165452348871178,-0.6288028426914134,-0.7688389185449439,-3.0539831210378905,0.1517104011880165,0.367897611729524,12
121.019175,14.550759,-0.1121822469749166,-0.6288028426914134,-0.7563443764985505,-3.069371708557904,0.0814659409201731,0.2181214682780494,12
121.024192,14.571361,-0.0249797592619255,-0.3940799348467997,-2.274043766572841,0.8716344214064338,0.1172952056550531,0.1744365280308776,9
121.0206028,14.5596699,-0.2713613912129162,-0.5485684518819953,-0.4708213579008766,-2.97803880052638,0.0713870285023052,-0.0570679708903277,12
121.018458,14.57608,-0.2690359915405698,-0.4786293140225464,-0.2416830300582476,-0.2041412446681663,2.170921065864759,-1.2772258787565702,12
121.0183,14.56166,0.0324213474834744,-0.5879942625180773,-0.2845323684742441,-2.3449328015336173,0.6000868170853434,-0.5150782692345877,12
121.0218,14.55659,-0.2015994010425233,-0.5325192694924435,-0.6223001526243445,-3.5000101996237047,-0.3352661107934832,0.3665020714587021,12
121.032076,14.56568,-0.3087338859470552,-0.2397085127282005,-0.6416366083226445,-1.1122609699356567,1.6009294721113845,-0.800858426889104,12
121.026342,14.563933,3.130919796065371,-0.3853051289416407,-0.6777968101847932,-1.7881531947626037,1.139409466168818,-0.3572253175266278,12
121.019175,14.550759,-0.2755138906278205,-0.6288028426914134,-0.755233707470639,-3.0692628695443265,0.0721911173298612,0.1985707101328347,12
121.0244452,14.554729,-0.2440379450628456,-0.4830214211336897,-0.7026341978940523,-3.026721360522864,0.1254642236523674,0.2815200319957078,12
121.026342,14.563933,-0.2796663900427248,-0.3853051289416407,-0.6713133649083652,-1.787517855367397,1.08526839471985,-0.4713513689080499,12
121.02362,14.56146,0.4317951763775516,-0.4665877202874824,-0.836564298160569,-2.616258075330052,0.4423882696712874,0.4343702959667151,12
121.018458,14.57608,-0.31966880107297,-0.4786293140225464,-0.2410674264182067,-0.2040809191425121,2.165780366863123,-1.288062156330984,12
121.0218,14.55659,0.1467952998679506,-0.5325192694924435,-0.6568366306856914,-3.4267192833354136,-0.2042170988165862,0.6506152031279315,12
121.011528,14.543799,0.1729560461818479,-0.8407143482092626,-0.157844755274846,-1.4412618292068238,1.3756043205444808,-0.7258361256192054,12
121.036339,14.562949,-0.0684771906330484,-0.1585392324745675,-0.5963591038585635,-0.9528355272192756,1.7424100964417246,-0.9042412971515128,12
121.0275016,14.5570169,-0.2602880594398379,-0.3955820251132194,-0.7293886056637465,-3.133584972866468,0.029955590096249,0.1720436346859034,12
121.0275016,14.5570169,0.8470451178679853,-0.3955820251132194,-0.7370265312038233,-3.143758115264385,0.1130787061653192,0.3462947170939431,12
121.0218,14.55659,-0.2519830606100293,-0.5325192694924435,-0.6214892960947649,-3.499930740466553,-0.3420373010219931,0.3522288185796803,12
121.018458,14.57608,-0.3043045532378239,-0.4786293140225464,-0.2412503461117912,-0.2040988441935518,2.167307867717613,-1.2848422784020987,12
121.0218,14.55659,-0.2436780617802206,-0.5325192694924435,-0.621608539702056,-3.499942425636722,-0.3410415377530945,0.3543278263560071,12
121.0275016,14.5570169,0.4317951763775516,-0.3955820251132194,-0.7439531298983149,-3.1274405257006386,0.1360403762017347,0.3964409938358423,12
121.009139,14.563865,-0.2948922212307074,-0.7861511390201896,-0.1748452605480806,-1.3662056929056177,1.336854145853407,-1.1813159002852802,12
121.0218,14.55659,-0.2755138906278205,-0.5325192694924435,-0.6212133323178912,-3.4999036976441613,-0.3443417817300153,0.3473711148687527,12
121.0271,14.55973,0.3660749523043323,-0.3941619758285014,-0.8412765865329078,-3.0385586621196667,0.077806769283881,0.0226520900650335,12
121.0137,14.55211,-0.1841589034999251,-0.751389004896728,0.1123808132659838,-2.636468650512429,0.3746711618415411,-0.8930146158456259,12
121.017742,14.554848,-0.2270680641206033,-0.6366666962437573,-0.4220628342546598,-3.2883216587857667,-0.1668537555881145,-0.0035088687541993,12
121.003404,14.55953,-0.3128863853619596,-0.9321380553523632,0.2237332527012873,-1.1969674823442396,1.4082869196440997,-1.605644979021409,12
121.032076,14.56568,-0.0111380945455777,-0.2397085127282005,-0.6476248625433617,-1.106202591951078,1.6372980659299927,-0.7235136109183443,12
121.011528,14.543799,-0.1080297475600122,-0.8407143482092626,-0.1446914668829586,-1.4765533862384157,1.3408363659036602,-0.80287942021097,12
121.018458,14.57608,-0.2533672270816641,-0.4786293140225464,-0.2417443553419973,-0.2041472541842532,2.171433172688764,-1.276146389043031,12
121.011528,14.543799,-0.2246457727952424,-0.8407143482092626,-0.1406439822182727,-1.4728022127899094,1.300152966657423,-0.8882932189026431,12
121.0218,14.55659,-0.2838188894576292,-0.5325192694924435,-0.6215735842903186,-3.499939000212553,-0.3413334386427774,0.3537125172192895,12
121.017742,14.554848,-0.2672088917980119,-0.6366666962437573,-0.4216846616715365,-3.2882846001032298,-0.1700117476694785,-0.0101657219876926,12
121.018458,14.57608,-0.2919993133049908,-0.4786293140225464,-0.2414138802017905,-0.204114869569784,2.1686734859149595,-1.2819636391659934,12
121.0275016,14.5570169,0.0165452348871178,-0.3955820251132194,-0.7332233454282154,-3.1329384175788824,0.0598801657278579,0.2352277326797977,12
121.0275016,14.5570169,0.0123927354722135,-0.3955820251132194,-0.7300703793313629,-3.132022432806668,0.0323050908003538,0.1771634724773659,12
121.0275016,14.5570169,0.9024117767333764,-0.3955820251132194,-0.758198620820292,-3.1194118290390973,0.2356583127219646,0.6073968199567468,12
121.009139,14.563865,-0.0555975216144868,-0.7861511390201896,-0.1794783420047448,-1.3540402331713437,1.3496456871187417,-1.1530568682884377,12
121.0271,14.55973,3.823003031882761,-0.3941619758285014,-0.9290585049037804,-4.747474727028114,0.4185586438138699,-0.9145935651534466,-1
121.017742,14.554848,0.8470451178679853,-0.6366666962437573,-0.4440294570576716,-3.263893491944152,-0.0379670893507832,0.2709045238742811,12
121.026342,14.563933,-0.2422938953085858,-0.3853051289416407,-0.6719581661973913,-1.7875810420904326,1.090652913470471,-0.46000113428669,12
121.012006,14.5531,-0.2256838976489685,-0.781986035051038,0.0996676462882939,-2.6142806858372434,0.4045297388855617,-0.8231732025539058,12
121.0275016,14.5570169,-6.476277249948331e-05,-0.3955820251132194,-0.7384596416861258,-3.118340122495702,0.0725949621058667,0.2635807618812562,12
121.009139,14.563865,-0.285203055929264,-0.7861511390201896,-0.1723462029559312,-1.3720309269234412,1.328442508563921,-1.1996701459738597,12
121.024192,14.571361,-0.0249797592619255,-0.3940799348467997,-2.2739100854615435,0.8713280410025515,0.1168345192424836,0.1734326382678457,9
121.0218,14.55659,-0.2554434767891163,-0.5325192694924435,-0.6215199587366398,-3.4999337452245967,-0.3417812476099905,0.35276856343645,12
121.0271,14.55973,-0.1633964064254034,-0.3941619758285014,-0.8486939800801451,-3.0297011120080333,0.1200777407723547,0.1127404337081822,12
121.0218,14.55659,0.410978317549023,-0.5325192694924435,-0.6477190448989492,-3.45132034677743,-0.2280349520439578,0.5977919011302348,12
121.018458,14.57608,-0.2968522992303617,-0.4786293140225464,-0.2454034306057302,-0.2045058219774496,2.2019888798543925,-1.211736836135176,12
121.0286021,14.56650591,-0.3225617089986867,-0.3116691164945931,-0.633515449416916,-1.4417945491560924,1.344968086771527,-0.766432941753245,12
121.0130061,14.56015921,-0.3197809185571724,-0.7213028566278141,-0.2139787444165893,-1.9304380506157133,0.8861213806849579,-0.97043076945702,12
121.01559,14.567447,-0.2713613912129162,-0.6197724380897474,-0.4207040236341144,-1.0952412367177595,1.5565023850402289,-0.7423110119823442,12
121.0275016,14.5570169,-0.1495547417090556,-0.3955820251132194,-0.7310844476474582,-3.1378405040410007,0.0525091831267447,0.2191654964712876,12
121.011528,14.543799,-0.2215313982340641,-0.8407143482092626,-0.1383097573646402,-1.4788033396260032,1.293445611941227,-0.9030713372215894,12
121.057875,14.561901,0.2214018726890652,0.3462559521957826,0.2060785589993371,-0.8504719715870729,1.7624487079162416,-1.974397514330538,12
121.012006,14.5531,-0.1633964064254034,-0.781986035051038,0.0987854119018562,-2.6130892181462078,0.4092744232052014,-0.8130405351250547,12
121.012006,14.5531,-0.1633964064254034,-0.781986035051038,0.0987854119018562,-2.6130892181462078,0.4092744232052014,-0.8130405351250547,12
121.018458,14.57608,-0.2620680975223603,-0.4786293140225464,-0.2416830300582476,-0.2041412446681663,2.170921065864759,-1.2772258787565702,12
121.0275016,14.5570169,-0.3157931349523926,-0.3955820251132194,-0.7257141627369325,-3.1426495698793806,0.018612920875246,0.1471666470858863,12
121.03155,14.5677,-0.1287922446345339,-0.2342847850972135,-0.5868616914159402,-1.0019543885883715,1.6928472095451867,-0.966721619282918,12
121.01725,14.57622,-0.2948922212307074,-0.5023218898710796,-0.0677386415686498,-0.225633772895035,2.151229909144278,-1.6187599159647568,12
121.017778,14.534456,0.1895660438414652,-0.7045985531234145,-0.9722921185797806,-0.561261304869416,2.1624947348211463,-0.0019989621045209,12
121.0034046,14.5595308,-0.0941880828436644,-0.9321140172208384,0.2136785512749841,-1.1875696719381703,1.470942063443294,-1.4725060750621988,12
121.0177415,14.5548479,0.1480410496924219,-0.6366789095414678,-0.4411060109323743,-3.267344931729645,-0.0547088216432904,0.2352303249966833,12
121.0263428,14.5639339,-0.1633964064254034,-0.3852795477389891,-0.6796843852357558,-1.772428043842487,1.1225211187588424,-0.3911919183807096,12
121.009139,14.563865,0.0857535584688568,-0.7861511390201896,-0.181736026281858,-1.3553796541888026,1.370793587963857,-1.1085931618572953,12
121.0320766,14.5656805,-0.1633964064254034,-0.2396907614813545,-0.6491245199794107,-1.101812928361382,1.6405111186324486,-0.7162750594212982,12
121.0177415,14.5548479,0.5010034999592906,-0.6366789095414678,-0.4462851999302635,-3.259545972231122,-0.0285057853607883,0.2913172842116084,12
121.0320766,14.5656805,1.469920030103636,-0.2396907614813545,-0.6921964342722237,-1.0692934800142404,1.92479163825352,-0.1132582160573085,12
121.0155081,14.5560877,3.684586384719283,-0.68552885903213,-0.1907291342844117,-2.875202904441663,0.6105460888590298,0.398883663794086,12
121.018598,14.555018,0.6394201471227685,-0.6157567935132552,-0.5490303773340218,-3.243563774865435,0.0476941300265498,0.5599237100853971,12
121.017742,14.554848,0.1964868761996391,-0.6366666962437573,-0.4404990975668065,-3.2630363689546225,-0.0684969577340854,0.2066019033184727,12
121.0173038,14.5604947,0.8816492796588549,-0.6201841220105245,-0.3270248563226953,-2.71223355573539,0.5669617039261282,0.2099549330005267,12
121.0218,14.55659,19.04883421986533,-0.5325192694924435,-0.855207562045038,-3.451270150368269,1.4628020804247108,4.164064528638197,-1
121.0275016,14.5570169,-0.2755138906278205,-0.3955820251132194,-0.7315255953147394,-3.136829448708189,0.0540294482882243,0.2224783326892929,12
121.032076,14.56568,-0.1287922446345339,-0.2397085127282005,-0.6612822474136679,-1.0906404238410514,1.716662959977233,-0.5544826415499703,12
121.04641,14.560995,0.5702118235410296,0.0717633648022323,0.1310085699673586,-0.9041400238149186,1.899046532520804,-1.3227144122115324,12
121.032076,14.56568,-0.3218834674275856,-0.2397085127282005,-0.641577020588601,-1.112255130689192,1.6004318749807265,-0.8019073310607598,12
121.00944,14.56351,0.0165452348871178,-0.7790704322994861,-0.2003776125275997,-1.4288547556910942,1.320227493821807,-0.9732962583735628,12
121.02362,14.56146,0.1549618820505958,-0.4665877202874824,-0.8303360673584468,-2.6055521659365253,0.3696601971947533,0.2821001879707965,12
121.018458,14.57608,-0.2907397218158031,-0.4786293140225464,-0.2414309150028321,-0.2041165388798083,2.1688157378105166,-1.2816637809122324,12
121.0275016,14.5570169,0.9024117767333764,-0.3955820251132194,-0.758198620820292,-3.1194118290390973,0.2356583127219646,0.6073968199567468,12
121.0167486,14.5498937,0.0580702290361612,-0.689986110449975,-0.3550713432288357,-2.748778124729656,0.4040464005398946,-0.2725012221411292,12
121.0167486,14.5498937,0.0857535584688568,-0.689986110449975,-0.3547172790968742,-2.74877537656956,0.4011552939874991,-0.2785987761926516,12
121.019175,14.550759,0.0442285643198134,-0.6288028426914134,-0.7671354384407852,-3.053816190035472,0.1374852116323234,0.3379117863534279,12
121.019175,14.550759,0.0442285643198134,-0.6288028426914134,-0.7688389185449439,-3.0539831210378905,0.1517104011880165,0.367897611729524,12
121.032076,14.56568,-0.3211913841917683,-0.2397085127282005,-0.6415906484294343,-1.1122564661372114,1.6005456764971715,-0.8016674444577511,12
121.0154,14.55677,0.8193617884352897,-0.6860639888527679,-0.0588670205041385,-2.670951289745057,0.472204307521031,-0.3665295932840789,12
121.0154,14.55677,0.7639951295698986,-0.6860639888527679,-0.0573128052934894,-2.672396387643211,0.4625037768892227,-0.3871416712948083,12
121.04641,14.560995,0.0165452348871178,0.0717633648022323,0.1510096944739588,-0.9250548256705874,1.7789676623260913,-1.5781811351097637,12
121.0275016,14.5570169,-0.052663088694621,-0.3955820251132194,-0.731236845234615,-3.1431907601892237,0.0647309854148029,0.24438069295519,12
121.006272,14.553938,2.39578898298014,-0.9116521996392286,0.6221512887901846,-2.163575883540501,1.0677657389225268,-0.9365478748426834,12
121.0607,14.53821,-0.1633964064254034,0.3226538480795039,-0.0597507118051979,-0.3676741947330018,1.917721721801488,-1.1217508072825189,12
121.008422,14.568496,1.331503382940158,-0.7797026025529777,-0.458165395743818,-0.4119315927129596,2.3463876632653498,-0.9544085457720952,12
121.0218,14.55659,-0.2278431973447187,-0.5325192694924435,-0.6215812840203895,-3.499939754740684,-0.3412691407859857,0.3538480531499895,12
121.026342,14.563933,0.1563460485222305,-0.3853051289416407,-0.6738719920248116,-1.7877685857330303,1.1066346294325011,-0.4263126591931535,12
121.017742,14.554848,0.1272785526179002,-0.6366666962437573,-0.4313129098635735,-3.265362928422707,-0.1385857624572265,0.0585278199818084,12
121.006272,14.553938,-0.2755138906278205,-0.9116521996392286,0.7217807417594391,-2.357098140598181,0.6529771535242164,-1.8317617096762415,14
121.032076,14.56568,1.608336677267114,-0.2397085127282005,-0.6562934928345119,-1.0782988338028874,1.6506793188783169,-0.6923555515378891,12
121.009139,14.563865,-0.1426339093508817,-0.7861511390201896,-0.1841571809001512,-1.34331691903546,1.3657697115586769,-1.117920726582322,12
121.040676,14.564421,-0.2658247253263771,-0.0478249378269035,-0.3320642309110838,-0.6799803130639342,1.95497081408354,-1.498815139026215,12
121.018458,14.57608,-0.2687453165815265,-0.4786293140225464,-0.2416830300582476,-0.2041412446681663,2.170921065864759,-1.2772258787565702,12
121.018458,14.57608,-0.3048305364970451,-0.4786293140225464,-0.2412503461117912,-0.2040988441935518,2.167307867717613,-1.2848422784020987,12
121.04641,14.560995,-0.1717014052552121,0.0717633648022323,0.1623992365349988,-0.9356636470978644,1.7079193995358195,-1.7291499407944553,12
121.0218,14.55659,-0.0975654490344533,-0.5325192694924435,-0.6227805340137171,-3.500057274166387,-0.3312546073387777,0.3749580742147612,12
121.018458,14.57608,-0.3025051368246987,-0.4786293140225464,-0.2412435321913746,-0.2040981764695422,2.1672509669593905,-1.284962221703603,12
121.032076,14.56568,0.1549618820505958,-0.2397085127282005,-0.8194355192122343,-0.7657002354442713,2.338698198535755,0.791671628253654,-1
121.018458,14.57608,0.163488347515866,-0.4786293140225464,-0.2459246955176027,-0.2045569028641898,2.2063417878584346,-1.2025611735700907,12
121.018458,14.57608,-0.3070728861810935,-0.4786293140225464,-0.2412503461117912,-0.2040988441935518,2.167307867717613,-1.2848422784020987,12
121.032076,14.56568,-0.3198072177201335,-0.2397085127282005,-0.6415903758726176,-1.112256439428251,1.6005434004668428,-0.8016722421898113,12
121.0275016,14.5570169,0.5840534882573774,-0.3955820251132194,-0.7626098995277225,-3.1079274907451078,0.2480400609243901,0.6347198929038809,12
121.018458,14.57608,-0.3070728861810935,-0.4786293140225464,-0.2412503461117912,-0.2040988441935518,2.167307867717613,-1.2848422784020987,12
121.018598,14.555018,0.2241702056323347,-0.6157567935132552,-0.5289483403231688,-3.2787194720201103,-0.0438188872277358,0.363209565866916,12
121.04641,14.560995,-0.1478937419430939,0.0717633648022323,0.1629729190353712,-0.9392175577130658,1.7105374973294147,-1.7240016911598626,12
121.040676,14.564421,-0.2699772247412814,-0.0478249378269035,-0.3391907709543443,-0.6636471737329639,1.979530006737624,-1.4452977757589858,12
121.0206028,14.5596699,-0.2464463947234902,-0.5485684518819953,-0.4710768799165004,-2.978063840176743,0.0735208069356591,-0.0525700970839133,12
121.0218,14.55659,-0.2625697194516807,-0.5325192694924435,-0.6212133323178912,-3.4999036976441613,-0.3443417817300153,0.3473711148687527,12
121.0206028,14.5596699,6.59133597515232,-0.5485684518819953,-0.5080222963646062,-2.9234749506972477,0.2625820221224081,0.3519338672698455,12
121.012006,14.5531,-0.2395255623653163,-0.781986035051038,0.0991563866447158,-2.615321175395993,0.4108315790111597,-0.8099909633099339,12
121.017742,14.554848,-0.278517531871268,-0.6366666962437573,-0.4217596147961195,-3.2882919450673365,-0.169385839329028,-0.0088463456711444,12
121.0218,14.55659,-0.2777147153177198,-0.5325192694924435,-0.6212848784822659,-3.499910708746263,-0.3437443237686762,0.3486305195345488,12
121.017742,14.554848,0.0276185666601961,-0.6366666962437573,-0.4403038778533232,-3.2662439902534746,-0.0635052119822782,0.2167930063168439,12
121.019175,14.550759,0.3625868527958126,-0.6288028426914134,-0.7578332181095851,-3.069517606254018,0.0938987565918489,0.2443290796567575,12
121.0607,14.53821,0.6601826441972902,0.3226538480795039,-0.0767160751274469,-0.3504234627045178,2.020579902129782,-0.9029908501751448,12
121.021325,14.57178,-0.12187141227636,-0.4575653635202161,-0.9466015596221252,-0.6912436272627377,1.974251709126268,-0.2780132144671685,12
121.011528,14.543799,-0.1510927056856867,-0.8407143482092626,-0.1410098879575524,-1.479291572752688,1.316452442323765,-0.854597306438914,12
121.0286021,14.56650591,-0.3108101356545074,-0.3116691164945931,-0.6336380659148133,-1.4418065648496463,1.3459920159157457,-0.7642745620426735,12
121.04641,14.560995,-0.2049214005744468,0.0717633648022323,0.1597949448023445,-0.9314780752629586,1.7205535736959303,-1.702062081573582,12
121.04641,14.560995,-0.2049214005744468,0.0717633648022323,0.1597949448023445,-0.9314780752629586,1.7205535736959303,-1.702062081573582,12
121.0218,14.55659,-0.2278431973447187,-0.5325192694924435,-0.6215812840203895,-3.499939754740684,-0.3412691407859857,0.3538480531499895,12
121.0275016,14.5570169,0.0262344001885613,-0.3955820251132194,-0.731316287848793,-3.132016732346808,0.0424469980543668,0.198555106145846,12
121.0154,14.55677,0.8332034531516376,-0.6860639888527679,-0.0597057740710411,-2.669436080825887,0.4759302585394482,-0.3585115619313099,12
121.0320766,14.5656805,-0.2353730629504119,-0.2396907614813545,-0.6460160895581124,-1.10470312415769,1.621110057368832,-0.7574992154427569,12
121.0137074,14.5521108,0.2518535350650303,-0.7512113472508595,0.089339071129688,-2.621602457806879,0.53194272021433,-0.559738232041901,12
121.0177415,14.5548479,-0.0249797592619255,-0.6366789095414678,-0.435493312387651,-3.272066346388866,-0.0907605265620747,0.1586944931544651,12
121.0270887,14.55973,-0.3153778850109022,-0.3944311771967366,-0.8428769408082523,-3.036926397359135,0.0874992079721172,0.0432667854260601,12
121.0191751,14.5507591,2.4388365602479816,-0.6288000765084139,-0.801849142181784,-2.993960816118466,0.2975510387706545,0.6818133542540454,12
121.0154,14.55677,-0.191079735858099,-0.6860639888527679,-0.0338193781325013,-2.7104445403641715,0.3491253475055959,-0.6302779508249877,12
121.026342,14.563933,0.1314310520328046,-0.3853051289416407,-0.680855661306431,-1.771616328932341,1.1304006965509128,-0.3744871583949129,12
121.032076,14.56568,-0.2395255623653163,-0.2397085127282005,-0.6465285091232071,-1.1074369733126246,1.6308964734767128,-0.7371454970911724,12
121.021325,14.57178,-0.2118422329326207,-0.4575653635202161,-0.945987695903034,-0.6923655495869333,1.9715514061308617,-0.2838266143667132,12
121.0275016,14.5570169,-0.2703924746827719,-0.3955820251132194,-0.7284929422180545,-3.13563772157248,0.0268689911320329,0.1653175732735899,12
121.009139,14.563865,-0.2672088917980119,-0.7861511390201896,-0.1751535381675848,-1.3723060292154277,1.3518856209517036,-1.150253505754053,12
121.0008956,14.5553572,-0.3060015413320482,-1.037973970535895,1.2896689539097612,-1.7118837317487652,0.8348076490301732,-2.1578371677878,-1
121.0218,14.55659,0.1467952998679506,-0.5325192694924435,-0.624753163974333,-3.500250580267188,-0.314781837833285,0.4096816600002806,12
121.003404,14.55953,-0.2215313982340641,-0.9321380553523632,0.2171093843039402,-1.1889906125412957,1.4458983482212329,-1.5254770388340086,12
121.017742,14.554848,-0.2833344311925571,-0.6366666962437573,-0.4217187312736197,-3.288287938723278,-0.1697272438783647,-0.0095660054801707,12
121.0218,14.55659,-0.2777147153177198,-0.5325192694924435,-0.6212848784822659,-3.499910708746263,-0.3437443237686762,0.3486305195345488,12
121.057819,14.54414,-0.2810505565143597,0.2592859271070223,-0.2070160336699349,-1.0403169186973975,1.4486650645101806,-0.8510654280921244,-1
121.0183097,14.5726809,-0.3070728861810935,-0.5184873551110665,-0.8474749476904849,-0.4519514323868586,2.1237838091186205,-0.5581694906973657,12
121.009139,14.563865,-0.306657636239603,-0.7861511390201896,-0.1719988292930912,-1.3719968863534278,1.3255417079097245,-1.2057848554845532,12
121.0275016,14.5570169,1.0546700886132023,-0.3955820251132194,-0.746270304013701,-3.1180831841677623,0.1357211301604632,0.3967517763029591,12
121.032076,14.56568,-0.0251181759090889,-0.2397085127282005,-0.6467181990279341,-1.1081584186058528,1.6339229172028766,-0.7308380801630312,12
121.021325,14.57178,-0.2206303058610299,-0.4575653635202161,-0.9457662434894936,-0.6923438485566188,1.9697021314886216,-0.2877247716656057,12
121.0154,14.55677,0.6947868059881597,-0.6860639888527679,-0.0554990197513517,-2.6754134510013574,0.4539138596879328,-0.405576600030434,12
121.0154,14.55677,0.8747284473006809,-0.6860639888527679,-0.0605445276379435,-2.6679208719067167,0.4796562095578653,-0.3504935305785409,12
121.0154,14.55677,0.7916784590025941,-0.6860639888527679,-0.0596041761463856,-2.6682440474806755,0.472655981921463,-0.3652922086897256,12
121.0182454,14.5616124,0.3625868527958126,-0.589640473854465,-0.3540170491819491,-2.2878458175380243,1.049202101957675,0.4381873743033385,12
121.0177415,14.5548479,0.2241702056323347,-0.6366789095414678,-0.4463939483903686,-3.2632945492009213,-0.0199266802441616,0.3090178545034618,12
121.009139,14.563865,0.0165452348871178,-0.7861511390201896,-0.2000976993574752,-1.310854337024404,1.42905800405303,-0.9810206414433308,12
121.0177415,14.5548479,0.5010034999592906,-0.6366789095414678,-0.447094207877856,-3.259816938456714,-0.0213566482602581,0.3063675512001115,12
121.017742,14.554848,0.2241702056323347,-0.6366666962437573,-0.443332755500357,-3.2581704168530834,-0.0553898306694379,0.2347588586537243,12
121.0173038,14.5604947,-0.1633964064254034,-0.6201841220105245,-0.2645869831457592,-2.8072944438164,0.2532050803081644,-0.4618096943896038,12
121.0218,14.55659,11.435918625874049,-0.5325192694924435,-0.8111156928740934,-3.454616936003389,1.1103410571864067,3.420311365299124,-1
121.003404,14.55953,-0.1980005682162729,-0.9321380553523632,0.2186747583295185,-1.1910735776699783,1.4374159132734616,-1.5435870282342368,12
121.0275016,14.5570169,-0.0665047534109688,-0.3955820251132194,-0.7341583499553909,-3.1340523796732414,0.0697861208521896,0.2560039457389726,12
121.061458,14.552973,-0.228452230592238,0.3830168308648892,0.7184131399809557,-1.4431522561079808,1.237888264640671,-2.693483769271269,13
121.0275016,14.5570169,0.0165452348871178,-0.3955820251132194,-0.7460015143180071,-3.135471719020258,0.1692154722617955,0.46556834728707,12
121.012006,14.5531,-0.3216464981276418,-0.781986035051038,0.104745169553073,-2.6208116865208018,0.3765531205644896,-0.8828675992438145,12
121.0275016,14.5570169,-0.2672088917980119,-0.3955820251132194,-0.7290544028855033,-3.1343509238761738,0.0288038740648252,0.1695339102783237,12
121.0218,14.55659,-0.2395255623653163,-0.5325192694924435,-0.6262445710079934,-3.494007122073861,-0.3154403911335445,0.4089492924499074,12
121.04641,14.560995,-0.2699772247412814,0.0717633648022323,0.1611038748151995,-0.9295926658387024,1.7060171214982316,-1.732523678328222,12
121.011528,14.543799,-0.2672088917980119,-0.8407143482092626,-0.1361396920194586,-1.4798686074792105,1.2779466843174834,-0.9358732886347692,12
121.017742,14.554848,-0.2861442891299756,-0.6366666962437573,-0.4216948825521615,-3.2882856016892443,-0.1699263965321443,-0.0099858070354361,12
121.057819,14.54414,-0.2533672270816641,0.2592859271070223,-0.2058297880621335,-1.0465902809104977,1.4518719182674469,-0.8449613997838773,-1
121.019175,14.550759,0.9162534414497244,-0.6288028426914134,-0.7585759354349983,-3.0695903881710724,0.100100939238131,0.2574028995207355,12
121.019175,14.550759,0.2241702056323347,-0.6288028426914134,-0.7582727159764581,-3.069560674452642,0.0975688554972177,0.2520654226037904,12
121.003404,14.55953,-0.2879713888725335,-0.9321380553523632,0.22135860143609,-1.1972001841616118,1.428116833884736,-1.5638447384471308,12
121.0539224,14.54884675,-0.2464463947234902,0.1826275408198885,0.179890199164094,-1.7926236774230655,0.8799375652427469,-1.1453542363792677,-1
121.032076,14.56568,-0.1357130769927078,-0.2397085127282005,-0.6476557849149401,-1.106237570197529,1.637621852217184,-0.722834368434869,12
121.032076,14.56568,-0.1080297475600122,-0.2397085127282005,-0.6486316570274107,-1.1040009932491877,1.640984863028942,-0.7155059731647363,12
121.009139,14.563865,0.0580702290361612,-0.7861511390201896,-0.1815997492738727,-1.3624907119694198,1.384276347521563,-1.0809035751948255,12
121.018458,14.57608,-0.3076265527697474,-0.4786293140225464,-0.2412435321913746,-0.2040981764695422,2.1672509669593905,-1.284962221703603,12
121.0182454,14.5616124,-0.2935080547590727,-0.589640473854465,-0.2813051816225533,-2.3414217526144925,0.5665812688496352,-0.5853779946684132,12
121.032076,14.56568,-0.2326047300071424,-0.2397085127282005,-0.6473025754570715,-1.1017302326540164,1.6254933644334228,-0.7479413996936043,12
121.026342,14.563933,-0.0803464181273166,-0.3853051289416407,-0.6798233523633108,-1.7715151687448751,1.121780231680163,-0.3926585685728272,12
121.017778,14.534456,1.331503382940158,-0.7045985531234145,-1.027163709116478,-0.4421790705337267,2.3652927300643887,0.4382611187170796,12
121.01728,14.559818,0.2241702056323347,-0.6255966084818335,-0.3142635462693599,-2.859173511775517,0.202190792022798,-0.3070356462978749,12
121.009139,14.563865,0.071911893752509,-0.7861511390201896,-0.1859879126218382,-1.3557963139708409,1.406299661094867,-1.0337485417185592,12
121.0177415,14.5548479,0.2933785292140737,-0.6366789095414678,-0.4374465831164035,-3.261075942649112,-0.0973968054112483,0.1458533142588269,12
121.0263428,14.5639339,3.823003031882761,-0.3852795477389891,-0.7238289635993136,-1.7722173309673497,1.4818475667985187,0.3667117855815278,12
121.0320766,14.5656805,-0.1772380711417512,-0.2396907614813545,-0.6542982096426058,-1.0975277139676456,1.6738802673945814,-0.6454430777762811,12
121.0177415,14.5548479,1.608336677267114,-0.6366789095414678,-0.6218519564108632,-2.89362962595302,0.6513501582534379,1.7637349401077544,-1
121.0263428,14.5639339,0.0511493966779873,-0.3852795477389891,-0.6855058558498136,-1.7691008531810728,1.163135459299196,-0.3051793328465241,12
121.0155081,14.5560877,-0.0319005916200994,-0.68552885903213,-0.1370030548744116,-2.882717280128258,0.1881232489745634,-0.4928693674083202,12
121.018598,14.555018,0.1549618820505958,-0.6157567935132552,-0.5289444139035534,-3.2786551911812905,-0.0439828033572244,0.3628705989627526,12
121.018598,14.555018,0.7363118001372031,-0.6157567935132552,-0.5464684478160644,-3.231172467041052,0.0013860133573548,0.463555108443441,12
121.018598,14.555018,0.2933785292140737,-0.6157567935132552,-0.5210657342680611,-3.2772441663199574,-0.1110862869874095,0.2214861615403245,12
121.026342,14.563933,0.2380118703486825,-0.3853051289416407,-0.706004287920435,-1.720248304621883,1.2299331489846543,-0.1591535622448533,12
121.0218688,14.5572392,-0.1477276419664977,-0.5290785428992529,-0.6402150753776087,-3.451052765693352,-0.2964301101593573,0.3682075087203671,12
121.0130061,14.56015921,-0.3227527239717723,-0.7213028566278141,-0.213907743365848,-1.9304310929315325,0.8855284747842767,-0.9716805786586956,12
121.04641,14.560995,0.5010034999592906,0.0717633648022323,0.1281499431738182,-0.9045479445251068,1.9231802195012333,-1.2718551996363088,12
121.019175,14.550759,0.0165452348871178,-0.6288028426914134,-0.7692503510669774,-3.054342919362547,0.1558017754332687,0.376489186086843,12
121.0154,14.55677,0.7086284707045075,-0.6860639888527679,-0.0565081213286701,-2.673914935182429,0.4590623296619193,-0.3945599861400554,12
121.0154,14.55677,0.6394201471227685,-0.6860639888527679,-0.0543195701636175,-2.676895273720044,0.447342870758377,-0.4195917964584223,12
121.0154,14.55677,0.7778367942862464,-0.6860639888527679,-0.0585263244833068,-2.670917903544573,0.4693592696098923,-0.3725267583592981,12
121.0206028,14.5596699,0.8816492796588549,-0.5485684518819953,-0.5301708087791549,-2.8560625509317683,0.3047384974972777,0.4479390318699553,12
121.00863,14.567,1.331503382940158,-0.7865842294170878,-0.5573528386006004,-0.843463133300171,2.021405226455736,-0.536100301211519,12
121.01558916999,14.555952722459,-0.2837549409666397,-0.6839045657683486,-0.1310547092856174,-2.924085206549201,0.1233633210994934,-0.582056723756611,12
121.032076,14.56568,-0.2948922212307074,-0.2397085127282005,-0.6417495831231522,-1.112272040799737,1.601872886682718,-0.7988697669501613,12
121.018458,14.57608,-0.2615504192619689,-0.4786293140225464,-0.2416830300582476,-0.2041412446681663,2.170921065864759,-1.2772258787565702,12
121.011528,14.543799,-0.1357130769927078,-0.8407143482092626,-0.139693701450203,-1.479865451039778,1.306903818482696,-0.8747973591432417,12
121.0271,14.55973,-0.2777816992857816,-0.3941619758285014,-0.8425061016049528,-3.036953953377423,0.0845335823993533,0.0370088707474823,12
121.017778,14.534456,-0.2907397218158031,-0.7045985531234145,-0.9861846777032868,-0.5575851273357333,2.268168699520828,0.221272311630799,12
121.006272,14.553938,1.7492448240795349,-0.9116521996392286,0.6429654378191784,-2.21127931242499,0.9960368644854432,-1.092853510946747,12
121.026342,14.563933,-0.0738408357106332,-0.3853051289416407,-0.6776115647587414,-1.7804355650242,1.1220616296003587,-0.393003224989752,12
121.0275016,14.5570169,-0.2419859182686471,-0.3955820251132194,-0.7261161840415139,-3.142688965595952,0.0219700656103895,0.1542433018746449,12
121.0218,14.55659,-0.2278431973447187,-0.5325192694924435,-0.6215812840203895,-3.499939754740684,-0.3412691407859857,0.3538480531499895,12
121.003404,14.55953,-0.191079735858099,-0.9321380553523632,0.216711556923907,-1.180467523515125,1.4316493296847737,-1.5546342923079035,12
121.009139,14.563865,0.1549618820505958,-0.7861511390201896,-0.1745470992505043,-1.3722466017785666,1.3468214534698768,-1.1609284595879434,12
121.032076,14.56568,-0.2965186168348783,-0.2397085127282005,-0.6423730227716723,-1.1123331342080025,1.6070790215563104,-0.7878955545790177,12
121.018458,14.57608,-0.3059655530037857,-0.4786293140225464,-0.2412435321913746,-0.2040981764695422,2.1672509669593905,-1.284962221703603,12
121.032076,14.56568,-0.3198072177201335,-0.2397085127282005,-0.6415903758726176,-1.112256439428251,1.6005434004668428,-0.8016722421898113,12
121.0154,14.55677,0.6671034765554641,-0.6860639888527679,-0.0550246426192226,-2.675686445204756,0.4506081353642245,-0.4125776548686852,12
121.0154,14.55677,0.7501534648535508,-0.6860639888527679,-0.0571765268851567,-2.6723830331630176,0.4613657617247672,-0.3895405373248961,12
121.0206028,14.5596699,0.8470451178679853,-0.5485684518819953,-0.4801287728261473,-2.9629768540759858,0.1163281410465514,0.0393046883404543,12
121.0290113,14.5500833,3.823003031882761,-0.3936467614750801,-1.1631637724220003,-1.9310528225871568,1.3818620213715382,1.3692351032452803,-1
121.0084227,14.5684965,-0.1633964064254034,-0.779682275323415,-0.4370596160848697,-0.419032437251501,2.1889572505923907,-1.2872032858708078,12
121.0320766,14.5656805,-0.052663088694621,-0.2396907614813545,-0.6539566720841914,-1.091104638015716,1.6579154101323963,-0.6784401934313338,12
121.026342,14.563933,1.469920030103636,-0.3853051289416407,-0.7300852396080284,-1.7578787280656536,1.503407690906775,0.4136938264914197,-1
121.008422,14.568496,-0.1495547417090556,-0.7797026025529777,-0.4348473845058754,-0.4232883767053707,2.179662602905278,-1.3072549076284732,12
121.0034046,14.5595308,-0.0249797592619255,-0.9321140172208384,0.2144618923931937,-1.1875248571654653,1.464466209122864,-1.4861600571084974,12
121.0154,14.55677,0.8816492796588549,-0.6860639888527679,-0.0615937335486511,-2.666330441966624,0.4849428854556227,-0.3391757497592527,12
121.0236917,14.5552774,1.746753324430592,-0.4967247156313475,-1.2600165753679262,-3.2507177034490367,4.873807111937892,10.66832748936469,-1
121.009139,14.563865,0.0165452348871178,-0.7861511390201896,-0.1815997492738727,-1.3624907119694198,1.384276347521563,-1.0809035751948255,12
121.0218,14.55659,-0.2810505565143597,-0.5325192694924435,-0.6211758557555997,-3.499900025162108,-0.3446547359002406,0.3467114267104786,12
121.026342,14.563933,-0.3209145508974413,-0.3853051289416407,-0.6711123542560745,-1.7874981575091111,1.0835898223522782,-0.4748896963024293,12
121.012006,14.5531,1.331503382940158,-0.781986035051038,0.083288508926713,-2.622914312702452,0.5557304786662973,-0.50517273968809,12
121.057819,14.54414,-0.2810505565143597,0.2592859271070223,-0.2070160336699349,-1.0403169186973975,1.4486650645101806,-0.8510654280921244,-1
121.003404,14.55953,-0.1633964064254034,-0.9321380553523632,0.2183443746114988,-1.1923519267463292,1.4427318310422867,-1.532509285622013,12
121.0218,14.55659,0.3625868527958126,-0.5325192694924435,-0.6447963815236578,-3.484643277328578,-0.1834678454710002,0.6882869974364128,12
121.0218,14.55659,-0.2270680641206033,-0.5325192694924435,-0.6215812840203895,-3.499939754740684,-0.3412691407859857,0.3538480531499895,12
121.0275016,14.5570169,-0.0249797592619255,-0.3955820251132194,-0.7383046510029755,-3.1340433682458357,0.1035581552324064,0.3272359472079704,12
121.012006,14.5531,-0.3243284590830813,-0.781986035051038,0.1048702731319224,-2.620799427107984,0.3755084226435195,-0.885069758259435,12
121.0130061,14.56015921,-0.3200425260203114,-0.7213028566278141,-0.2139725096794081,-1.9304374396482444,0.8860693164911841,-0.9705405175778964,12
121.02199,14.55537,-0.0249797592619255,-0.535300396982357,-0.6389322966469855,-3.3728049397594915,-0.1639277261396147,0.5006476230751475,12
121.0275016,14.5570169,-0.1980005682162729,-0.3955820251132194,-0.7333768878932309,-3.133400736344801,0.062080242661399,0.2398194520867723,12
121.036339,14.562949,-0.0684771906330484,-0.1585392324745675,-0.5963556968983552,-0.9528351933572708,1.7423816460626134,-0.9043012688022648,12
121.012006,14.5531,0.8470451178679853,-0.781986035051038,0.0977060149970663,-2.6215014821476177,0.4353347333503157,-0.7589595719082023,12
121.0206028,14.5596699,-0.2464463947234902,-0.5485684518819953,-0.4710768799165004,-2.978063840176743,0.0735208069356591,-0.0525700970839133,12
121.009139,14.563865,-0.3087338859470552,-0.7861511390201896,-0.1730883848847325,-1.3686852164769223,1.3276248765979155,-1.2010427989613617,12
121.04641,14.560995,-0.1980005682162729,0.0717633648022323,0.157276009919272,-0.929776085801695,1.737588950368298,-1.6659525286429917,12
121.032076,14.56568,2.141240768846504,-0.2397085127282005,-0.7005414907488403,-1.0826348766065823,2.020179471098818,0.0865280617557314,12
121.0275016,14.5570169,-0.1426339093508817,-0.3955820251132194,-0.7355283150482299,-3.1363271466124707,0.0856190239970452,0.289159032076867,12
121.0008956,14.5553572,-0.3057856113624732,-1.037973970535895,1.2912695840067123,-1.715560643811839,0.8293090004736141,-2.1698214744274,-1
121.0167486,14.5498937,0.0511493966779873,-0.689986110449975,-0.3548742589961604,-2.7488227077101905,0.4025317443018114,-0.2757005826313452,12
121.0137,14.55211,0.2518535350650303,-0.751389004896728,0.0940269091425312,-2.6299607353866152,0.5108918141477735,-0.6050172831719731,12
121.017742,14.554848,0.1549618820505958,-0.6366666962437573,-0.4381020021877133,-3.2579453662093205,-0.0984800171078299,0.1438978817387073,12
121.032076,14.56568,-0.3004288871172466,-0.2397085127282005,-0.6417511162552461,-1.1122721910376394,1.601885689353318,-0.7988427797073229,12
121.019175,14.550759,-0.3242365504293648,-0.6288028426914134,-0.7548861975293907,-3.069228815619833,0.0692891786604998,0.1924536017561111,12
121.0218,14.55659,0.3741434801341269,-0.5325192694924435,-0.6251756270401643,-3.500291979155788,-0.3112539908234731,0.4171181446935524,12
121.019175,14.550759,-0.2464463947234902,-0.6288028426914134,-0.7566169333152158,-3.0693984175182907,0.083741971249084,0.2229192003382248,12
121.014157,14.571537,-0.1308684943419861,-0.6223038937173747,-0.530680699297515,-0.3630414180058643,2.2331019688954528,-1.0865572701999382,12
121.0218,14.55659,-0.219455148526612,-0.5325192694924435,-0.6244687960244117,-3.493321938016824,-0.3313183142744828,0.3755320720314781,12
121.019175,14.550759,0.9093326090915504,-0.6288028426914134,-0.7768958426406553,-3.0442298000549486,0.1973549584519957,0.4651956402144218,12
121.04641,14.560995,-0.0803464181273166,0.0717633648022323,0.1531298335686314,-0.9171795358018432,1.7455277432975531,-1.6478834425734272,12
121.006272,14.553938,2.39578898298014,-0.9116521996392286,0.6221512887901846,-2.163575883540501,1.0677657389225268,-0.9365478748426834,12
121.018458,14.57608,-0.3076265527697474,-0.4786293140225464,-0.2412435321913746,-0.2040981764695422,2.1672509669593905,-1.284962221703603,12
121.0607,14.53821,1.885169971594069,0.3226538480795039,-0.1101166971146839,-0.3470513350722464,2.2858599617748125,-0.343114731968753,-1
121.026342,14.563933,-0.3238606938656571,-0.3853051289416407,-0.6711320464860786,-1.7875000872314994,1.0837542655435422,-0.4745430601610816,12
121.024192,14.571361,-0.1633964064254034,-0.3940799348467997,-2.2724399748632256,0.869587169020613,0.1084263935860458,0.1555153585155191,9
121.019175,14.550759,-0.1477276419664977,-0.6288028426914134,-0.7563988878618836,-3.069377050349981,0.0819211469859552,0.2190810146900845,12
121.03996,14.557414,-0.2049214005744468,-0.1021044012961229,-0.271557262511391,-0.6713723926228535,1.9096465745387097,-1.1498340485276812,12
121.018458,14.57608,-0.2883174304904423,-0.4786293140225464,-0.2413798105997073,-0.2041115309497356,2.1683889821238456,-1.2825633556735154,12
121.032076,14.56568,-0.1315605775778035,-0.2397085127282005,-0.6510509035159394,-1.1000848203996842,1.6526638622146237,-0.6904610760948834,12
121.006272,14.553938,2.4388365602479816,-0.9116521996392286,0.6317217114812145,-2.180624783076177,1.0247588664280276,-1.0290498589526935,12
121.036339,14.562949,-0.2547513935532988,-0.1585392324745675,-0.5954971429258592,-0.9527510601320516,1.735212150526544,-0.9194141247918174,12
121.021325,14.57178,0.0165452348871178,-0.4575653635202161,-0.940918950176578,-0.6986737741624737,1.9431891383625064,-0.3443109826097216,12
121.018458,14.57608,-0.3059655530037857,-0.4786293140225464,-0.2412435321913746,-0.2040981764695422,2.1672509669593905,-1.284962221703603,12
121.017742,14.554848,3.130919796065371,-0.6366666962437573,-0.4796107354271974,-3.238339482238513,0.1995625627007941,0.774583145556706,12
121.032076,14.56568,0.0165452348871178,-0.2397085127282005,-0.6476282695035701,-1.106202925813083,1.6373265163091042,-0.7234536392675921,12
121.0271,14.55973,0.1139905544902063,-0.3941619758285014,-0.8502344746274266,-3.0223762308629305,0.1175999261605768,0.1082846649126065,12
121.009139,14.563865,0.4317951763775516,-0.7861511390201896,-0.1898477983559356,-1.3481875508985162,1.422141279034037,-0.9995356067284292,12
121.0218,14.55659,-0.2709655043761975,-0.5325192694924435,-0.6212133323178912,-3.4999036976441613,-0.3443417817300153,0.3473711148687527,12
121.0218,14.55659,-0.2810505565143597,-0.5325192694924435,-0.6226367075067771,-3.4957621431356145,-0.3412412247456126,0.3543462994121431,12
121.0218,14.55659,-0.0941880828436644,-0.5325192694924435,-0.6277063847926554,-3.487473231588828,-0.3169361433433922,0.4064816730531665,12
121.06302,14.55304,-0.2935080547590727,0.4202387219059453,0.7771208192588888,-1.0537778359443066,1.518134152855206,-2.994507906877864,13
121.025,14.55792,-0.167202864222399,-0.4516232842781876,-0.7692792469986467,-3.465492578345409,-0.2195200986152389,0.4002561136601472,12
121.0218,14.55659,-0.2575197277423182,-0.5325192694924435,-0.6215744700999728,-3.499939087016674,-0.3413260415442084,0.3537281098484851,12
121.0218,14.55659,-0.2741297247098523,-0.5325192694924435,-0.6215949118612227,-3.499941090188703,-0.34115533926954,0.3540879397529983,12
121.009139,14.563865,0.1549618820505958,-0.7861511390201896,-0.1885499466984928,-1.3560473781984788,1.4276943461866294,-0.9886498603529108,12
121.0218,14.55659,0.0061282748548888,-0.5325192694924435,-0.6251932750940434,-3.500293708560973,-0.3111066178596763,0.4174287978444487,12
121.012006,14.5531,-0.052663088694621,-0.781986035051038,0.0921270508397405,-2.6122081925081155,0.4617290874962433,-0.70231192903413,12
121.0206028,14.5596699,-0.2464463947234902,-0.5485684518819953,-0.4710768799165004,-2.978063840176743,0.0735208069356591,-0.0525700970839133,12
121.0183,14.56166,-0.1938480688013685,-0.5879942625180773,-0.2818206325660359,-2.3446670674094867,0.5774420223354267,-0.5628121049342876,12
121.009139,14.563865,-0.2242997311773337,-0.7861511390201896,-0.1829666585583939,-1.3635511540731704,1.397592302167475,-1.0529294553702389,12
121.026342,14.563933,-0.2584055930384147,-0.3853051289416407,-0.6720765239950284,-1.7875926404564806,1.0916412796408006,-0.4579177191395588,12
121.011528,14.543799,-0.1495547417090556,-0.8407143482092626,-0.1380230691849393,-1.48206589362754,1.2978046632074038,-0.8942204735401161,12
121.032076,14.56568,0.5632909911828556,-0.2397085127282005,-0.648808838744388,-1.1129638062123817,1.660822356705301,-0.6746079068751113,12
121.026342,14.563933,-0.1938480688013685,-0.3853051289416407,-0.6732178556648146,-1.7877044842281014,1.101172156643115,-0.4378272161375744,12
121.0275016,14.5570169,0.00270357017077,-0.3955820251132194,-0.7366090528117626,-3.126465265172952,0.074187946215189,0.2660861054512231,12
121.0206028,14.5596699,-0.2879713888725335,-0.5485684518819953,-0.4707021142935855,-2.978027115356211,0.0703912652334066,-0.0591669786666544,12
121.017742,14.554848,-0.2810505565143597,-0.6366666962437573,-0.4220492064138265,-3.288320323337748,-0.1669675571045602,-0.0037487553572081,12
121.017742,14.554848,-0.0803464181273166,-0.6366666962437573,-0.4236164081096525,-3.288473899859973,-0.1538803827133225,0.0238382039888004,12
121.032076,14.56568,-0.052663088694621,-0.2397085127282005,-0.6463697720641209,-1.1063351847785534,1.6273417390394,-0.7445271690322587,12
121.018458,14.57608,-0.3163468015410465,-0.4786293140225464,-0.2412333113107496,-0.2040971748835276,2.167165615822056,-1.2851421366558595,12
121.0262,14.5584,-0.297660554173977,-0.4211493225268484,-0.8909736452684172,-3.324328363122945,-0.1067782604866293,0.4307156300433998,12
121.0218,14.55659,-0.2602880594398379,-0.5325192694924435,-0.6215915049010144,-3.499940756326698,-0.3411837896486515,0.3540279681022461,12
121.017742,14.554848,0.7086284707045075,-0.6366666962437573,-0.4398704147177562,-3.266105669313637,-0.0673216087549901,0.2087581137911987,12
121.012006,14.5531,0.1209113868483802,-0.781986035051038,0.0860768089691759,-2.612737184451893,0.5121214950476879,-0.5960812725516477,12
121.011528,14.543799,-0.2741297241561857,-0.8407143482092626,-0.1352039242403773,-1.482013270306387,1.2747218794294963,-0.9429005169759924,12
121.03996,14.557414,-0.2049214005744468,-0.1021044012961229,-0.271557262511391,-0.6713723926228535,1.9096465745387097,-1.1498340485276812,12
121.019175,14.550759,-0.2699772247412814,-0.6288028426914134,-0.7551894169879309,-3.0692585293382635,0.0718212624014131,0.1977910786730562,12
121.0218,14.55659,-0.285203055929264,-0.5325192694924435,-0.6212133323178912,-3.4999036976441613,-0.3443417817300153,0.3473711148687527,12
121.032076,14.56568,-0.3008823400533541,-0.2397085127282005,-0.6417678103602668,-1.112273826961463,1.602025096210964,-0.7985489186186371,12
121.018458,14.57608,0.0165452348871178,-0.4786293140225464,-0.2459246955176027,-0.2045569028641898,2.2063417878584346,-1.2025611735700907,12
121.0271,14.55973,0.0601464898169451,-0.3941619758285014,-0.8446562910595588,-3.0388898532284663,0.1060295453623762,0.0821439676112083,12
121.036339,14.562949,0.0137769019438483,-0.1585392324745675,-0.5967815669243949,-0.9528769261078756,1.7459379434515363,-0.896804812458241,12
121.032076,14.56568,-0.322575550663403,-0.2397085127282005,-0.6415903758726176,-1.112256439428251,1.6005434004668428,-0.8016722421898113,12
121.017742,14.554848,-0.3045813865321509,-0.6366666962437573,-0.4215994876663286,-3.288276253553109,-0.170723007147263,-0.0116650132564974,12
121.026342,14.563933,-0.3239597171350378,-0.3853051289416407,-0.6711191681764912,-1.787498825233121,1.0836467231105011,-0.4747697530009249,12
121.026342,14.563933,-0.3239597171350378,-0.3853051289416407,-0.6711191681764912,-1.787498825233121,1.0836467231105011,-0.4747697530009249,12
121.006272,14.553938,0.0857535584688568,-0.9116521996392286,0.7044761405702704,-2.324928970831098,0.727984262039067,-1.6701754761028458,14
121.040676,14.564421,-0.2605648927341649,-0.0478249378269035,-0.3329723561546108,-0.6800693039813238,1.96255426263568,-1.4828296955182183,12
121.003404,14.55953,-0.0388214239782733,-0.9321380553523632,0.2084672486163908,-1.1778569772032594,1.4934794325220406,-1.423949370339078,12
121.032076,14.56568,-0.2897510878342703,-0.2397085127282005,-0.6418619106012204,-1.1122830482300368,1.6028108956820204,-0.7968925016248616,12
121.009139,14.563865,-0.3177309680126813,-0.7861511390201896,-0.1717523697916215,-1.3719727347759978,1.3234836074848066,-1.2101232046999668,12
121.032076,14.56568,-0.1495547417090556,-0.2397085127282005,-0.646588244154326,-1.1005420511247492,1.6172334853257653,-0.7652379483340035,12
121.026342,14.563933,-0.3239597171350378,-0.3853051289416407,-0.6711191681764912,-1.787498825233121,1.0836467231105011,-0.4747697530009249,12
121.032076,14.56568,-0.3177309680126813,-0.2397085127282005,-0.6415903077334134,-1.112256432751011,1.600542831459261,-0.8016734416228263,12
121.0218,14.55659,-0.282933022915783,-0.5325192694924435,-0.6212405879995577,-3.4999063685402,-0.3441141786971243,0.3478508880747702,12
121.0218,14.55659,-0.2821578896916675,-0.5325192694924435,-0.621233774079141,-3.4999057008161905,-0.3441710794553471,0.3477309447732659,12
121.0218,14.55659,-0.2353730629504119,-0.5325192694924435,-0.6215190388573835,-3.4999336550818554,-0.3417889292123507,0.352752371090747,12
121.0275016,14.5570169,-0.1287922446345339,-0.3955820251132194,-0.7262286137283884,-3.142699983042111,0.0229089281210654,0.1562223663494672,12
121.0271,14.55973,-0.2993492372693714,-0.3941619758285014,-0.8416888287181142,-3.0385990594222525,0.0812492651563587,0.0299086598060488,12
121.036339,14.562949,-0.2699772247412814,-0.1585392324745675,-0.5953813062787764,-0.9527397088238873,1.7342448376367567,-0.921453160917392,12
121.032076,14.56568,0.2518535350650303,-0.2397085127282005,-0.6601169104510697,-1.071229613689434,1.6673309911463563,-0.6564908167027903,12
121.009139,14.563865,-0.1357130769927078,-0.7861511390201896,-0.1794919553087205,-1.3578114354934154,1.357495914495438,-1.13689600659094,12
121.0275016,14.5570169,-0.2948922212307074,-0.3955820251132194,-0.7256725296831869,-3.1426454900856817,0.0182652572425049,0.1464337935136945,12
121.018458,14.57608,-0.2687453165815265,-0.4786293140225464,-0.2416830300582476,-0.2041412446681663,2.170921065864759,-1.2772258787565702,12
121.021325,14.57178,-0.2782822235710901,-0.4575653635202161,-0.9413462632528448,-0.695121494225268,1.939381540704716,-0.3519682644133057,12
121.0218,14.55659,-0.2741297241561857,-0.5325192694924435,-0.6212133323178912,-3.4999036976441613,-0.3443417817300153,0.3473711148687527,12
121.036339,14.562949,-0.2353730629504119,-0.1585392324745675,-0.5954971429258592,-0.9527510601320516,1.735212150526544,-0.9194141247918174,12
121.040676,14.564421,-0.1938480688013685,-0.0478249378269035,-0.3434527974286743,-0.6535571180069806,1.9935567703531816,-1.4146517202401163,12
121.04641,14.560995,-0.1478937419430939,0.0717633648022323,0.1564384040309228,-0.918899989743207,1.7220950772969097,-1.6974879255984097,12
121.0218,14.55659,0.1467952998679506,-0.5325192694924435,-0.624753163974333,-3.500250580267188,-0.314781837833285,0.4096816600002806,12
121.018458,14.57608,-0.3038893032963335,-0.4786293140225464,-0.2412435321913746,-0.2040981764695422,2.1672509669593905,-1.284962221703603,12
121.0207038,14.55871244,0.0165452348871178,-0.5512087268484576,-0.5421525811669318,-3.3923662237876084,-0.2356100448733903,0.1985291477601,12
121.011528,14.543799,-0.1149505799181861,-0.8407143482092626,-0.1385589385079873,-1.4759524346297068,1.2896256835031652,-0.9108283915649164,12
121.026342,14.563933,-0.3239597171350378,-0.3853051289416407,-0.6711191681764912,-1.787498825233121,1.0836467231105011,-0.4747697530009249,12
121.026342,14.563933,-0.3239597171350378,-0.3853051289416407,-0.6711191681764912,-1.787498825233121,1.0836467231105011,-0.4747697530009249,12
121.0218,14.55659,-0.2861442891299756,-0.5325192694924435,-0.6212133323178912,-3.4999036976441613,-0.3443417817300153,0.3473711148687527,12
121.0218,14.55659,-0.282933022915783,-0.5325192694924435,-0.6212405879995577,-3.4999063685402,-0.3441141786971243,0.3478508880747702,12
121.012006,14.5531,-0.2118422329326207,-0.781986035051038,0.1005885804005586,-2.610708103755548,0.3896928561628226,-0.8540910163618886,12
121.003404,14.55953,-0.1149505799181861,-0.9321380553523632,0.2189841358159615,-1.1856759903811256,1.4238176606710908,-1.5717004182794454,12
121.024192,14.571361,-0.2570352682314962,-0.3940799348467997,-2.271546219547298,0.8756809826184401,0.0886369190309677,0.1144168353083261,9
121.0275016,14.5570169,2.4388365602479816,-0.3955820251132194,-0.8069354974249037,-2.990868599460605,0.3690451773891963,0.9022518664268296,12
121.017742,14.554848,-0.32285238395773,-0.6366666962437573,-0.4214495814171626,-3.288261563624896,-0.1719748238281641,-0.0143037658895939,12
121.003404,14.55953,-0.12187141227636,-0.9321380553523632,0.2167696116805552,-1.1858930006842705,1.442310407093492,-1.5327188452905205,12
121.009139,14.563865,-0.1357130769927078,-0.7861511390201896,-0.1735216042278008,-1.3721461093151102,1.3382578893573496,-1.1789799264643532,12
121.018458,14.57608,-0.2948922212307074,-0.4786293140225464,-0.2413423340374158,-0.2041078584676825,2.1680760279536204,-1.2832230438317895,12
121.018458,14.57608,-0.2907397218158031,-0.4786293140225464,-0.2415194959682483,-0.204125219291934,2.1695554476674124,-1.2801045179926756,12
121.037774,14.5464,-0.3239597171350378,-0.2131343413213703,-1.1673829471722157,-0.3174609278316163,2.230237802560776,0.1186127176454527,12
121.032076,14.56568,-0.2326047300071424,-0.2397085127282005,-0.644489450706958,-1.1053522234657027,1.610000708648423,-0.780999017613604,12
121.0218,14.55659,-0.1080297475600122,-0.5325192694924435,-0.6262965169487007,-3.50040181975538,-0.3018938160958272,0.4368488177910237,12
121.0218,14.55659,-0.2828776562569176,-0.5325192694924435,-0.6212133323178912,-3.4999036976441613,-0.3443417817300153,0.3473711148687527,12
121.0218,14.55659,-0.2782822235710901,-0.5325192694924435,-0.6212133323178912,-3.4999036976441613,-0.3443417817300153,0.3473711148687527,12
121.012006,14.5531,-0.1772380711417512,-0.781986035051038,0.0987854119018562,-2.6130892181462078,0.4092744232052014,-0.8130405351250547,12
121.009139,14.563865,0.0165452348871178,-0.7861511390201896,-0.1815997492738727,-1.3624907119694198,1.384276347521563,-1.0809035751948255,12
121.0145993,14.56317048,-0.2746833907448396,-0.6551103976706383,-0.1623359184799857,-1.6999218172602888,1.0821532696295622,-1.000616793139498,12
121.018458,14.57608,-0.2744619241093781,-0.4786293140225464,-0.2414581706844986,-0.204119209775847,2.169043340843408,-1.2811840077062149,12
121.036339,14.562949,-0.1232555787479948,-0.1585392324745675,-0.5970885590318915,-0.9479231158407848,1.7382735535914784,-0.912449333847588,12
121.032076,14.56568,-0.1080297475600122,-0.2397085127282005,-0.6536427905712959,-1.1006582904074371,1.674963479091163,-0.6434876452561614,12
121.021325,14.57178,-0.1966164017446381,-0.4575653635202161,-0.9424929643924732,-0.6917036061478983,1.9417124387898053,-0.3466925326547661,12
121.0137,14.55211,6.59133597515232,-0.751389004896728,0.0111971704921375,-2.545428255569292,1.0124396268405085,0.4617241072853753,12
121.006272,14.553938,-0.2395255623653163,-0.9116521996392286,0.7251877019677564,-2.3567642785933427,0.6245267744128302,-1.891733360428434,14
121.018458,14.57608,0.0165452348871178,-0.4786293140225464,-0.2459246955176027,-0.2045569028641898,2.2063417878584346,-1.2025611735700907,12
121.026342,14.563933,-0.2519830606100293,-0.3853051289416407,-0.6718959551039875,-1.787574945770224,1.0901334095478972,-0.461096216629425,12
121.019175,14.550759,-0.2872793056367161,-0.6288028426914134,-0.7564953057293258,-3.066159747052988,0.0761043402399179,0.2071507338198997,12
121.036339,14.562949,-0.2732576992790558,-0.1585392324745675,-0.5953813062787764,-0.9527397088238873,1.7342448376367567,-0.921453160917392,12
121.0271,14.55973,-0.0734255857691427,-0.3941619758285014,-0.8440021546995617,-3.0388257517235373,0.10056707257299,0.0706294106667874,12
121.032076,14.56568,-0.3128863853619596,-0.2397085127282005,-0.6418563913256831,-1.112282507373589,1.60276480606786,-0.7969896556990801,12
121.032076,14.56568,-0.3204993009559508,-0.2397085127282005,-0.6417030781163088,-1.112267483583371,1.6014845390078476,-0.7996883799829287,12
121.032076,14.56568,0.0857535584688568,-0.2397085127282005,-0.6444226101513093,-1.105505413667644,1.609770365442138,-0.7815009624951199,12
121.0218,14.55659,-0.2838188894576292,-0.5325192694924435,-0.6212371810393494,-3.499906034678195,-0.3441426290762356,0.3477909164240181,12
121.040676,14.564421,-0.2672088917980119,-0.0478249378269035,-0.3329039443936278,-0.6800626000322667,1.961982979023123,-1.4840339262653222,12
121.0275016,14.5570169,-0.1357130769927078,-0.3955820251132194,-0.7325346968920577,-3.1353309328892607,0.0591779182622106,0.2334949465796715,12
121.032076,14.56568,-0.3240981337822013,-0.2397085127282005,-0.6415629839125427,-1.112253755177732,1.6003146594187874,-0.8021544142618589,12
121.0218,14.55659,0.3167647332139097,-0.5325192694924435,-0.6251756270401643,-3.500291979155788,-0.3112539908234731,0.4171181446935524,12
121.0275016,14.5570169,-0.242233130400481,-0.3955820251132194,-0.7265754763471972,-3.142733973532824,0.0258054612183954,0.162328080112548,12
121.0206028,14.5596699,-0.2962763877023422,-0.5485684518819953,-0.4706850794925439,-2.9780254460461864,0.0702490133378496,-0.0594668369204154,12
121.011528,14.543799,-0.2935080547590727,-0.8407143482092626,-0.1333854490267184,-1.4882246777472494,1.2726491963350626,-0.9479254278978296,12
121.0278726,14.5671852,-0.3153778850109022,-0.3266091858639328,-0.6336114916251885,-1.441803960726009,1.345770102958677,-0.7647423409185407,12
121.0271,14.55973,0.0857535584688568,-0.3941619758285014,-0.8521511740802896,-3.0311900259396025,0.1513079079398666,0.1784536588308016,12
121.0168,14.55924,0.2510645601761985,-0.6406077646977633,-0.2846299770828651,-2.8609757127457898,0.1949606915163939,-0.4305121930958765,12
121.009139,14.563865,0.2241702056323347,-0.7861511390201896,-0.1865187570586793,-1.3574457354159557,1.414010762479227,-1.017657969468947,12
121.017742,14.554848,-0.242233130400481,-0.6366666962437573,-0.4892951903272798,-3.1351698509751262,0.0667612442944844,0.5053327525982418,12
121.0206028,14.5596699,0.0165452348871178,-0.5485684518819953,-0.472865534025867,-2.978239117729283,0.0884572559691369,-0.0210849804390123,12
121.0275016,14.5570169,-0.0734255857691427,-0.3955820251132194,-0.7326080306902948,-3.135977079897509,0.0611015833482101,0.237484332128827,12
121.0218,14.55659,0.3736601845688909,-0.5325192694924435,-0.6251756270401643,-3.500291979155788,-0.3112539908234731,0.4171181446935524,12
121.0137,14.55211,-0.3025051368246987,-0.751389004896728,0.1174404220415488,-2.6468351710817,0.3547118165683562,-0.9362025870522908,12
121.0206028,14.5596699,-0.2187630652907946,-0.5485684518819953,-0.4717991554806637,-2.9781346189217683,0.0795522873072728,-0.0398561071244485,12
121.0218,14.55659,0.3037795630268801,-0.5325192694924435,-0.6251756270401643,-3.500291979155788,-0.3112539908234731,0.4171181446935524,12
121.0218,14.55659,0.3293668574765779,-0.5325192694924435,-0.6251756270401643,-3.500291979155788,-0.3112539908234731,0.4171181446935524,12
121.017742,14.554848,0.8470451178679853,-0.6366666962437573,-0.4349513647227245,-3.289584658750069,-0.0592259714097406,0.2233638860413441,12
121.026342,14.563933,-0.2422938953085858,-0.3853051289416407,-0.6719581661973913,-1.7875810420904326,1.090652913470471,-0.46000113428669,12
121.0218,14.55659,-0.2741297241561857,-0.5325192694924435,-0.6215744700999728,-3.499939087016674,-0.3413260415442084,0.3537281098484851,12
121.0218,14.55659,-0.2768980570994553,-0.5325192694924435,-0.6212133323178912,-3.4999036976441613,-0.3443417817300153,0.3473711148687527,12
121.006272,14.553938,-0.096956415786934,-0.9116521996392286,0.7167712912907189,-2.340976058253539,0.6607161308843443,-1.8137432829273337,14
121.018458,14.57608,-0.3054395697445645,-0.4786293140225464,-0.2412435321913746,-0.2040981764695422,2.1672509669593905,-1.284962221703603,12
121.0050022,14.56644808,0.0857535584688568,-0.8748559003388433,-0.5485294589362264,-0.7882361735478343,1.9007270857216507,-1.054481941414582,12
121.040676,14.564421,-0.2605648927341649,-0.0478249378269035,-0.3329723561546108,-0.6800693039813238,1.96255426263568,-1.4828296955182183,12
121.0275016,14.5570169,-0.081134977766207,-0.3955820251132194,-0.7286624438924041,-3.1429384840425074,0.0432330254468661,0.1990643144973108,12
121.032076,14.56568,0.071911893752509,-0.2397085127282005,-0.6476248625433617,-1.106202591951078,1.6372980659299927,-0.7235136109183443,12
121.0183,14.56166,-0.2948922212307074,-0.5879942625180773,-0.2802715899681203,-2.3445152703717467,0.5645064884648527,-0.5900794153817869,12
121.017742,14.554848,0.9093326090915504,-0.6366666962437573,-0.4434217499661358,-3.2632588755779586,-0.0442219982068931,0.2577785844104425,12
121.021325,14.57178,-0.2049214005744468,-0.4575653635202161,-0.9424929643924732,-0.6917036061478983,1.9417124387898053,-0.3466925326547661,12
121.024192,14.571361,-0.1495547417090556,-0.3940799348467997,-2.272520183530004,0.8697709972629424,0.1087028054335875,0.1561176923733382,9
121.021325,14.57178,-0.2782822235710901,-0.4575653635202161,-0.9413462632528448,-0.695121494225268,1.939381540704716,-0.3519682644133057,12
121.014157,14.571537,0.2933785292140737,-0.6223038937173747,-0.5406902105560973,-0.3623290451384957,2.313213141856156,-0.917514047902384,12
121.04641,14.560995,-0.1633964064254034,0.0717633648022323,0.1540210656721586,-0.9231303791975426,1.7504769520734536,-1.6380705667336772,12
121.009856,14.570873,-0.0180589269037516,-0.7236283917263863,-0.5192069354590316,-0.356498702610962,2.2555617482139985,-1.0947818310837352,12
121.032076,14.56568,0.9162534414497244,-0.2397085127282005,-0.6685795614174207,-1.1038791478510457,1.8033014477344065,-0.3731394454927521,12
121.036339,14.562949,-0.2699080164176997,-0.1585392324745675,-0.5954221898012763,-0.9527437151679452,1.7345862421860936,-0.9207335011083656,12
121.0218,14.55659,-0.2076897335177163,-0.5325192694924435,-0.6280083360767403,-3.486927756377926,-0.315594800976762,0.4093681643401633,12
121.017742,14.554848,-0.2872793056367161,-0.6366666962437573,-0.4216710338307033,-3.2882832646552105,-0.170125549185924,-0.0104056085907014,12
121.036339,14.562949,-0.0684771906330484,-0.1585392324745675,-0.5963556968983552,-0.9528351933572708,1.7423816460626134,-0.9043012688022648,12
121.032076,14.56568,0.4317951763775516,-0.2397085127282005,-0.6599897427206076,-1.0970631134726967,1.7193102996418956,-0.549574430122442,12
121.036339,14.562949,-0.2732576992790558,-0.1585392324745675,-0.5953813062787764,-0.9527397088238873,1.7342448376367567,-0.921453160917392,12
121.0183,14.56166,-0.2395255623653163,-0.5879942625180773,-0.2804862284612443,-2.344536303678052,0.5662988623488701,-0.5863012013843988,12
121.036339,14.562949,-0.2757215155985658,-0.1585392324745675,-0.5953813062787764,-0.9527397088238873,1.7342448376367567,-0.921453160917392,12
121.0275016,14.5570169,-0.2907397218158031,-0.3955820251132194,-0.7261332188425556,-3.142690634905976,0.0221123175059464,0.1545431601284059,12
121.032076,14.56568,20.433000691500112,-0.2397085127282005,-0.8564642218078041,-1.133312808920346,3.394882636673186,2.980684596832268,-1
121.0218,14.55659,-0.2993492372693714,-0.5325192694924435,-0.6228751642472969,-3.496200834963247,-0.3383976212094753,0.3602978124612169,12
121.0134492,14.54985328,-0.2983526374097944,-0.7694106055765219,-0.1648176421074867,-2.104876778605007,0.8515500142802037,-0.9076064915335892,12
121.02669,14.56548,0.1964868761996391,-0.3641606331854145,-0.7033019164250182,-1.6113483602440095,1.3243137820149098,-0.3690230094472341,12
121.0218,14.55659,0.381250953499336,-0.5325192694924435,-0.6251756270401643,-3.500291979155788,-0.3112539908234731,0.4171181446935524,12
121.0218,14.55659,0.0303868996034656,-0.5325192694924435,-0.6307871328954144,-3.490394865718595,-0.2858336071359034,0.4717750208184929,12
121.012006,14.5531,-0.1495547417090556,-0.781986035051038,0.0989061065279767,-2.614994272970469,0.4122003805520611,-0.8070695435528075,12
121.040676,14.564421,0.5702118235410296,-0.0478249378269035,-0.3653545688921735,-0.6450327182580701,2.15455273682508,-1.0741868936051313,12
121.0206028,14.5596699,-0.2602880594398379,-0.5485684518819953,-0.4706064468509359,-2.978017740511115,0.0695923785879587,-0.060850982619776,12
121.0275016,14.5570169,-0.1232555787479948,-0.3955820251132194,-0.728552526279209,-3.1379438190818845,0.0320871626949478,0.1760810622054179,12
121.006272,14.553938,-0.2464463947234902,-0.9116521996392286,0.7221573414274836,-2.353483055972037,0.6424891328337332,-1.8535025522439903,14
121.032076,14.56568,1.885169971594069,-0.2397085127282005,-0.6820244521817451,-1.11621874041063,1.9381947757911029,-0.0899238933307324,12
121.021325,14.57178,-0.12187141227636,-0.4575653635202161,-0.9445891619431532,-0.6936981111836795,1.962888661437423,-0.302237986949664,12
121.011528,14.543799,-0.191079735858099,-0.8407143482092626,-0.1385375506504576,-1.4817009853029768,1.301248593454883,-0.8869182517729555,12
121.032076,14.56568,-0.227178797438334,-0.2397085127282005,-0.6493462016485925,-1.102281924367398,1.6432802031482177,-0.7104839069992797,12
121.0218,14.55659,-0.2741297241561857,-0.5325192694924435,-0.6212746576016409,-3.4999097071602483,-0.3438296749060104,0.3484506045822922,12
121.021325,14.57178,-0.1633964064254034,-0.4575653635202161,-0.944057033394652,-0.6881189554224743,1.9471024698168693,-0.3349470224272931,12
121.04641,14.560995,-0.1633964064254034,0.0717633648022323,0.1540210656721586,-0.9231303791975426,1.7504769520734536,-1.6380705667336772,12
121.0218,14.55659,-0.2752370573334936,-0.5325192694924435,-0.6212269601587245,-3.4999050330921806,-0.3442279802135698,0.3476110014717615,12
121.032076,14.56568,-0.2118422329326207,-0.2397085127282005,-0.6483910310270755,-1.104552477976176,1.6401556274863165,-0.7173129747381937,12
121.017742,14.554848,-0.3184230512484987,-0.6366666962437573,-0.4215486898896226,-3.288271275670617,-0.1711472022998138,-0.0125591905692126,12
121.0218,14.55659,-0.2665168085621945,-0.5325192694924435,-0.6212882854424742,-3.499911042608268,-0.3437158733895648,0.348690491185301,12
121.026342,14.563933,-0.267970183357411,-0.3853051289416407,-0.6714155737146148,-1.787527871227542,1.0861219060931917,-0.4695522193854841,12
121.0218,14.55659,-0.2757215155985658,-0.5325192694924435,-0.6212235531985162,-3.499904699230176,-0.3442564305926811,0.3475510298210094,12
121.0116998,14.54204496,0.2933785292140737,-0.8528132687691509,-0.2137681219752758,-1.1087192700552493,1.669597676408341,-0.8392349406753733,12
121.0363943,14.5820678,-0.285203055929264,-0.0231945567175753,-0.5048688850165923,2.2378787245788234,-1.7827307923391529,-3.0469597265544195,15
121.029926,14.584746,-0.2118422329326207,-0.1356802333262557,-0.5360265767420133,1.9510549547472853,-1.9045755449481905,-2.9506343375693427,15
121.04426,14.574886,-0.0595839210527949,0.0988718849319181,-0.7402265042384549,2.0203047563295558,-1.992425127091885,-2.2759015445905506,15
121.033201,14.576774,-0.2575197264965684,-0.1449120954237776,-0.7128710458610176,2.543293332984205,-1.4503235373026448,-3.01291554083197,15
121.0363943,14.5820678,-0.0111380945455777,-0.0231945567175753,-0.5202162398454312,2.2763098198660576,-1.73652514241251,-2.945462166476312,15
121.041386,14.575547,-0.1633964064254034,0.0354059100210512,-0.604573817913149,2.31805135600727,-1.7978984271489802,-2.682588189735952,15
121.0363943,14.5820678,-0.2339888964787772,-0.0231945567175753,-0.5091902382829714,2.2448352538627554,-1.761789898970474,-3.0020601354560896,15
121.029926,14.584746,-0.2118422329326207,-0.1356802333262557,-0.5298789577712164,1.9317218104139084,-1.9150003329447995,-2.97465531569812,15
121.029926,14.584746,-0.2118422218592889,-0.1356802333262557,-0.5297741211938692,1.9316362396708355,-1.9156790960716863,-2.976095943991321,15
121.027059,14.586459,-0.2810505565143597,-0.1829172198324638,-0.4603884349987792,1.9735174719715392,-1.866975395602512,-2.970642503959993,15
121.038168,14.572223,-0.2327431466543058,-0.0597538816149268,-0.8227719563555055,2.318564265765114,-1.6213685926109171,-2.666149378596598,15
121.053604,14.581224,1.746753324430592,0.3592795020786891,-1.4370502874090976,0.0376609862631368,-3.555906585759685,-1.1071542718463654,16
121.041386,14.575547,-0.052663088694621,0.0354059100210512,-0.6065413620394333,2.309264526488933,-1.763831422558208,-2.611659118683179,15
121.033201,14.576774,-0.3004288871172466,-0.1449120954237776,-0.7079004301508841,2.53496276595087,-1.4737358248354464,-3.063172238974474,15
121.043543,14.582103,-0.052663088694621,0.1364784519511427,-0.8791922644731346,2.222621289827771,-1.8508542124522824,-2.1933562722352606,15
121.029926,14.584746,-0.2118422329326207,-0.1356802333262557,-0.5360265767420133,1.9510549547472853,-1.9045755449481905,-2.9506343375693427,15
121.029926,14.584746,-0.2118422329326207,-0.1356802333262557,-0.5360265767420133,1.9510549547472853,-1.9045755449481905,-2.9506343375693427,15
121.04432,14.57502,-0.0595839210527949,0.1010668418316401,-0.7836137995148132,2.025687570384413,-1.9883273989059949,-2.192257213160317,15
121.029926,14.584746,-0.2118422329326207,-0.1356802333262557,-0.5360265767420133,1.9510549547472853,-1.9045755449481905,-2.9506343375693427,15
121.029926,14.584746,-0.2118422329326207,-0.1356802333262557,-0.5360265767420133,1.9510549547472853,-1.9045755449481905,-2.9506343375693427,15
121.029926,14.584746,-0.2118422329326207,-0.1356802333262557,-0.5246904185039999,1.9250738964980585,-1.9436417527340903,-3.035764189474446,15
121.033201,14.576774,-0.2464463947234902,-0.1449120954237776,-0.7066909752141363,2.531726741575829,-1.476951360558078,-3.0702946973934337,15
121.052143,14.578255,0.0165452348871178,0.3047033051932667,-1.3698330383369004,0.2951484040679392,-3.313060483445502,-1.1322973538855472,16
121.043543,14.582103,-0.2049214005744468,0.1364784519511427,-0.8777931182313125,2.227231123006769,-1.871716966623239,-2.236874600274919,15
121.053604,14.581224,-0.3253438836066726,0.3592795020786891,-1.4344678115711929,0.0379140536628041,-3.577471973126116,-1.1526127831165272,16
121.04641,14.571338,-0.3073497194754205,0.1347087151821351,-1.092120273723041,1.8838161196595151,-2.070197276582708,-1.8506063261376744,15
121.04426,14.574886,0.7127809701194119,0.0988718849319181,-0.7572283098052616,2.072566965158804,-1.9611207297390336,-2.2043786582691,15
121.052143,14.578255,-0.3138719118897635,0.3047033051932667,-1.359422516435033,0.2873189677182822,-3.3818340344605944,-1.2781760868894316,16
121.04415,14.57891,-0.2118422329326207,0.1234489737579664,-0.8620784625525998,2.1485350328488915,-1.9327709510966933,-2.23681601582548,15
121.029926,14.584746,-0.2118422329326207,-0.1356802333262557,-0.5297879448915706,1.93166108241987,-1.9156174214674024,-2.975963248844121,15
121.029926,14.584746,-0.2153718574352894,-0.1356802333262557,-0.5298789577712164,1.9317218104139084,-1.9150003329447995,-2.97465531569812,15
121.04426,14.574886,-0.0678889198826036,0.0988718849319181,-0.7402265042384549,2.0203047563295558,-1.992425127091885,-2.2759015445905506,15
121.029926,14.584746,-0.285203055929264,-0.1356802333262557,-0.5271149205347241,1.9291812425539976,-1.9323122500413177,-3.011436334863322,15
121.029926,14.584746,-0.2153718574352894,-0.1356802333262557,-0.536023824591395,1.9510501127559845,-1.904588036999032,-2.9506611947026866,15
121.041386,14.575547,-0.2298363970638728,0.0354059100210512,-0.6016996740202567,2.3114641773237987,-1.807803185019226,-2.704171819641137,15
121.033201,14.576774,-0.2201472317624294,-0.1449120954237776,-0.713348401916135,2.5448759047642957,-1.4496810593452232,-3.011394002085639,15
121.053604,14.581224,-0.052663088694621,0.3592795020786891,-1.443791773712508,0.0463291870064725,-3.518755376712869,-1.0278843056892584,16
121.04426,14.574886,1.0546700886132023,0.0988718849319181,-0.7572283098052616,2.072566965158804,-1.9611207297390336,-2.2043786582691,15
121.033201,14.576774,-0.2575197264965684,-0.1449120954237776,-0.7128710458610176,2.543293332984205,-1.4503235373026448,-3.01291554083197,15
121.038168,14.572223,-0.2547513935532988,-0.0597538816149268,-0.82306070643563,2.324925577246149,-1.6320701297374958,-2.688051738862495,15
121.053333,14.592173,-0.2201472317624294,0.4559971424604647,-1.2371234380053373,1.5604068991164604,-2.2869964563571856,-1.4960104895601225,15
121.029926,14.584746,-0.2118422329326207,-0.1356802333262557,-0.5298791281192269,1.931721793720808,-1.914998910425844,-2.9746523171155825,15
121.052143,14.578255,-0.1703172387835773,0.3047033051932667,-1.3703279631893237,0.3004352264352427,-3.319876713702397,-1.146117936726533,16
121.052143,14.578255,-0.3242365504293648,0.3047033051932667,-1.3593710372662855,0.2873240123731752,-3.3822639196889672,-1.2790822585322972,16
121.038168,14.572223,-0.2163269323007174,-0.0597538816149268,-0.8245445667710304,2.328326399729243,-1.6269565105579735,-2.6769085624928413,15
121.053333,14.592173,-0.2775901403352727,0.4559971424604647,-1.2276664984568533,1.5469889550550466,-2.336529960700505,-1.6018963937829769,15
121.0528216,14.58090309,-0.3243749670765282,0.3387980344964029,-1.3610839291031966,0.053934408514768,-3.559723272618018,-1.2578326395263275,16
121.053604,14.581224,-0.1080297475600122,0.3592795020786891,-1.447796722253591,0.0557767208922101,-3.505505097716401,-0.9989435654626988,16
121.053333,14.592173,0.4774726699414993,0.4559971424604647,-1.2629150714782325,1.570754529845945,-2.09804147343254,-1.0963835157550577,15
121.038526,14.59383,-0.2353730629504119,0.1474595366039623,-0.5645355999427009,2.2117233781888057,-1.8940839882993357,-2.714427630909756,15
121.033201,14.576774,-0.2464463947234902,-0.1449120954237776,-0.7104861737151954,2.543527036387592,-1.4702388026806152,-3.0548956963585048,15
121.031359,14.571604,-0.3115022188903248,-0.2242420724377418,-0.8129413378357228,2.1233119951352006,-1.7987314884784429,-2.8767421772552493,15
121.029926,14.584746,-0.2326185716718587,-0.1356802333262557,-0.5271166392518594,1.9293887363666424,-1.932724063350932,-3.012283097786156,15
121.04641,14.571338,-0.3043045532378239,0.1347087151821351,-1.09189701562059,1.883837997636692,-2.072061629925877,-1.8545362684114657,15
121.04641,14.571338,-0.3121943021261422,0.1347087151821351,-1.0917434639240011,1.88385304479725,-2.073343888512427,-1.857239190710867,15
121.038526,14.59383,-0.2609801426756554,0.1474595366039623,-0.563796534770342,2.207993985881396,-1.8924535618310667,-2.711381006401787,15
121.038526,14.59383,-0.052663088694621,0.1474595366039623,-0.5694842328509155,2.209768831677046,-1.8497436767082616,-2.621111818141372,15
121.0359972,14.57841999,-0.2256838976489685,-0.0671602126757188,-0.7148539271854449,2.5739943824453637,-1.5064755057010115,-2.7876699897692534,15
121.04641,14.571338,-0.3121943021261422,0.1347087151821351,-1.0917434639240011,1.88385304479725,-2.073343888512427,-1.857239190710867,15
121.04641,14.571338,-0.3013978036473909,0.1347087151821351,-1.091953162324823,1.8838324955908523,-2.0715927676781214,-1.8535479356070697,15
121.038526,14.59383,-0.052663088694621,0.1474595366039623,-0.5694842328509155,2.209768831677046,-1.8497436767082616,-2.621111818141372,15
121.038526,14.59383,-0.1246535868843459,0.1474595366039623,-0.5694573123839346,2.214340038933317,-1.859344126722896,-2.6408800638080137,15
121.0501027,14.57138793,-0.3080418027112379,0.2197532969654294,-1.295126529917953,1.6490742319011695,-2.269912832914813,-1.4972905513608956,15
121.027059,14.586459,-0.2464463947234902,-0.1829172198324638,-0.4568907405024351,1.969515292447124,-1.8872667677153712,-3.0138614285580574,15
121.033201,14.576774,-0.1080297475600122,-0.1449120954237776,-0.7188172289429983,2.549707262092942,-1.415027468974683,-2.9377954724551296,15
121.046699,14.58681328,-0.2421381765805269,0.2530805137009224,-1.4301965912981665,2.321158502310038,-1.7292023172773008,-1.4925916269461152,-1
121.038526,14.59383,0.0234660672452917,0.1474595366039623,-0.5723981125877546,2.2257128911557773,-1.8587173383784847,-2.638361956735348,15
121.038526,14.59383,0.7778367942862464,0.1474595366039623,-0.6134896228997821,2.3239198820905385,-1.7253806240163556,-2.3468031996874816,15
121.04641,14.571338,-0.3099796357715265,0.1347087151821351,-1.0917845518641136,1.883849018421472,-2.073000776940344,-1.856515932602796,15
121.04641,14.571338,-0.3153778850109022,0.1347087151821351,-1.0916796174896974,1.8838593013712208,-2.0738770486169744,-1.858363059445963,15
121.038526,14.59383,-0.3215057283974765,0.1474595366039623,-0.5602981503892313,2.2013401869380416,-1.9073088862788712,-2.7434132428627,15
121.053604,14.581224,-0.3256899252245813,0.3592795020786891,-1.4344310845401471,0.0379176526952162,-3.5777786682129364,-1.1532592775116357,16
121.025625,14.59055,-0.2187630652907946,-0.165377949591027,-0.1622173842008019,2.125719075971928,-1.9927831862968584,-2.8704095062653407,15
121.04641,14.571338,-0.30693446953393,0.1347087151821351,-1.0918889751944985,1.8838387855510237,-2.07212877282058,-1.854677801507241,15
121.04641,14.571338,-0.2900476385799857,0.1347087151821351,-1.092172298005422,1.8838110215867008,-2.0697628392936767,-1.849690559030689,15
121.04641,14.571338,-0.307211302828257,0.1347087151821351,-1.0918389610186403,1.8838436866452544,-2.072546424385935,-1.8555581853402832,15
121.053604,14.581224,-0.2907397218158031,0.3592795020786891,-1.4348187284726497,0.0378796658763057,-3.574541584077643,-1.1464357030890513,16
121.028559,14.58622573,-0.2473322612653364,-0.1522178465903737,-0.5643550237104935,1.9376978098970972,-1.9050853675908,-2.8405459886269293,15
121.04426,14.574886,-0.0678889198826036,0.0988718849319181,-0.7402265042384549,2.0203047563295558,-1.992425127091885,-2.2759015445905506,15
121.04641,14.571338,-0.3121943021261422,0.1347087151821351,-1.0917434639240011,1.88385304479725,-2.073343888512427,-1.857239190710867,15
121.052143,14.578255,-0.3095920691594688,0.3047033051932667,-1.3598653531229103,0.2872755723348933,-3.378136054183696,-1.2703809717246617,16
121.052143,14.578255,-0.3113361189137286,0.3047033051932667,-1.3598142146501837,0.287280583603586,-3.3785630943741585,-1.271281146202452,16
121.0363943,14.5820678,0.6394201471227685,-0.0231945567175753,-0.537924858557054,2.2570669557217524,-1.5527173721108571,-2.5598036357633496,15
121.04426,14.574886,-0.0734255857691427,0.0988718849319181,-0.7402265042384549,2.0203047563295558,-1.992425127091885,-2.2759015445905506,15
121.053333,14.592173,0.1964868761996391,0.4559971424604647,-1.2662385004800134,1.6071051992267178,-2.1455560611536337,-1.1927769264634849,15
121.04641,14.571338,-0.3191151344843161,0.1347087151821351,-1.0915887879305437,1.88386820213227,-2.074635535724084,-1.8599619036550168,15
121.033201,14.576774,-0.1703172387835773,-0.1449120954237776,-0.7146123377421535,2.547691265859965,-1.445158240558469,-3.001558499758224,15
121.053604,14.581224,-0.1350209937568904,0.3592795020786891,-1.4457143499249758,0.0640316862777873,-3.539416406697866,-1.0696001846378032,16
121.041386,14.575547,1.8630233080479133,0.0354059100210512,-0.6235431676062397,2.361526735318182,-1.7325270252053568,-2.540136232361728,15
121.0363943,14.5820678,1.8630233080479133,-0.0231945567175753,-0.5279697443006761,2.294079883291237,-1.7098053304834744,-2.8872365602204626,15
121.041386,14.575547,1.8630233080479133,0.0354059100210512,-0.6235431676062397,2.361526735318182,-1.7325270252053568,-2.540136232361728,15
121.0363943,14.5820678,1.8630233080479133,-0.0231945567175753,-0.5279697443006761,2.294079883291237,-1.7098053304834744,-2.8872365602204626,15
121.053604,14.581224,1.8630233080479133,0.3592795020786891,-1.4607935792793143,0.0985913958357213,-3.487450979360017,-0.9563614193678072,16
121.0363943,14.5820678,1.8630233080479133,-0.0231945567175753,-0.5279697443006761,2.294079883291237,-1.7098053304834744,-2.8872365602204626,15
121.053604,14.581224,-0.2948922212307074,0.3592795020786891,-1.4349686347218156,0.037864975948093,-3.573289767396742,-1.1437969504559549,16
121.04426,14.574886,-0.2602880594398379,0.0988718849319181,-0.7344624165513266,2.020390382377633,-2.039575625799633,-2.3753410849134293,15
121.0572016,14.5939106,-0.3184230512484987,0.5591897549207563,-1.1941125336122065,1.7712666522164864,-2.078843390688444,-1.8767511132478056,15
121.053604,14.581224,-0.1633964064254034,0.3592795020786891,-1.4376667470248767,0.0455875859640672,-3.5671497287345546,-1.1300343483723223,16
121.033201,14.576774,-0.2464463947234902,-0.1449120954237776,-0.7125303498401859,2.5433267191846887,-1.4531685752137835,-3.0189127059071894,15
121.04426,14.574886,-0.0249797592619255,0.0988718849319181,-0.7402265042384549,2.0203047563295558,-1.992425127091885,-2.2759015445905506,15
121.053604,14.581224,1.8630233080479133,0.3592795020786891,-1.4607935792793143,0.0985913958357213,-3.487450979360017,-0.9563614193678072,16
121.043543,14.582103,-0.2219466481755546,0.1364784519511427,-0.8798108338009517,2.2235830108479235,-1.847786794701822,-2.186785412551436,15
121.04641,14.571338,-0.2385566458351719,0.1347087151821351,-1.0929277232924124,1.8837369943643685,-2.063454536733309,-1.836393044909405,15
121.053604,14.581224,-0.052663088694621,0.3592795020786891,-1.4397758555757514,0.0373938966592663,-3.533146282470576,-1.0591769512446114,16
121.0363943,14.5820678,-0.2076897335177163,-0.0231945567175753,-0.5116373527351081,2.242806361040476,-1.7376832872743833,-2.951428509723512,15
121.033201,14.576774,-0.1633964064254034,-0.1449120954237776,-0.7188172289429983,2.549707262092942,-1.415027468974683,-2.9377954724551296,15
121.0363943,14.5820678,-0.3243749670765282,-0.0231945567175753,-0.5015894652292217,2.233407882910397,-1.800281530315355,-3.084447470381218,15
121.038168,14.572223,-0.2049214005744468,-0.0597538816149268,-0.8251048825606203,2.324725260043246,-1.614999902270664,-2.65206874841118,15
121.033201,14.576774,0.0096244025289439,-0.1449120954237776,-0.7158066819448291,2.5557209764621107,-1.451903483460346,-3.014940883789836,15
121.038168,14.572223,-0.2672088917980119,-0.0597538816149268,-0.8212388242617629,2.318714503667292,-1.6341712632110408,-2.6931366214350847,15
121.029747,14.581701,-0.285203055929264,-0.1714249119124792,-0.7442652438951006,2.6374257273254558,-1.4010376939036384,-3.0697737853703795,15
121.053604,14.581224,-0.2395255623653163,0.3592795020786891,-1.4416368481751136,0.0480099666742649,-3.539766377432606,-1.0720233648408442,16
121.04415,14.57891,-0.3211913841917683,0.1234489737579664,-0.8564257975079416,2.142028444630922,-1.9654848210706988,-2.306499526984221,15
121.033201,14.576774,-0.1633964064254034,-0.1449120954237776,-0.7188172289429983,2.549707262092942,-1.415027468974683,-2.9377954724551296,15
121.053604,14.581224,-0.2118422329326207,0.3592795020786891,-1.4422801977838111,0.0509500376316304,-3.540556993394501,-1.073381698203739,16
121.053604,14.581224,-0.2395255623653163,0.3592795020786891,-1.4416368481751136,0.0480099666742649,-3.539766377432606,-1.0720233648408442,16
121.053604,14.581224,-0.3025051368246987,0.3592795020786891,-1.4360834434877787,0.0405991065067527,-3.5698155666653237,-1.1361817078815193,16
121.0363943,14.5820678,-0.1564755740672295,-0.0231945567175753,-0.5102879367629108,2.242970543882799,-1.7490173702776808,-2.9753167810480856,15
121.0363943,14.5820678,0.0234660672452917,-0.0231945567175753,-0.510843667439677,2.2483153037108305,-1.755456959460948,-2.988336869428943,15
121.04426,14.574886,-0.0249797592619255,0.0988718849319181,-0.7402265042384549,2.0203047563295558,-1.992425127091885,-2.2759015445905506,15
121.038168,14.572223,0.0511493966779873,-0.0597538816149268,-0.8341180480710727,2.329912149907819,-1.5521911401202084,-2.5190487064844085,15
121.053333,14.592173,-0.3204993009559508,0.4559971424604647,-1.226715956558733,1.5470821025543966,-2.3444676164725817,-1.6186284843428382,15
121.0363943,14.5820678,0.9390921882316982,-0.0231945567175753,-0.563857398294715,2.351903334822142,-1.5360024019359566,-2.5145747734617654,15
120.98474,14.59728,-0.0803464181273166,-1.039527108688752,2.573962599165128,-0.059434789563558,-2.068614113605611,-0.9648798065800116,-1
120.975007,14.601192,-0.3293025997155481,-0.9701352142688188,2.1398394207468607,-0.0868706964775773,-2.1893203700388373,-0.478301348275218,17
120.970727,14.60550118,-0.12187141227636,-0.858587043339582,2.913246092879274,0.3731226235192805,-1.9464151304549344,-1.635522619915479,22
120.996236,14.61103,-0.2319818550949067,-0.7996134754468925,3.873895136666468,0.5796347879751894,-2.2392672034862167,-1.414481948545101,18
120.984764,14.617888,0.5840534882573774,-1.076143170158736,3.878905134003416,1.0624829033598833,-1.6602414155483984,-0.1761016207891227,18
120.965967,14.620565,-0.124497868156287,-0.7189432869486966,1.6111439362028364,1.182503087959602,-0.9457752338557782,-0.4123633071796483,19
120.9932061,14.5667099,-0.3128863853619596,-1.0400172505514658,1.3034821804321135,0.7358768343532245,-1.597590104429347,0.6056736147548764,20
120.996236,14.61103,-0.3128863853619596,-0.7996134754468925,3.876468253566269,0.5734973309683989,-2.247641645553822,-1.432790580108549,18
120.991585,14.570199,-0.317167612258726,-1.1300540409391833,1.9648233923872,0.8996643842433745,-1.778042453718829,0.2288005460417864,20
120.965967,14.620565,-0.191079735858099,-0.7189432869486966,1.6173737594080615,1.152754952271485,-0.9354962398985688,-0.3938117954825874,19
120.996236,14.61103,-0.2326047300071424,-0.7996134754468925,3.8727520478368818,0.5784684868101279,-2.2275580423609016,-1.389907967163337,18
120.991585,14.570199,0.1825067948361279,-1.1300540409391833,1.9477990350123255,0.9144972584523094,-1.6697415549312689,0.4587858462481274,20
120.9802287,14.57728901,-0.2948922212307074,-0.9638071550614196,3.690333000913695,1.0602617913029269,-2.381771980987493,-0.41236346609504,18
120.975007,14.601192,-0.3218834674275856,-0.9701352142688188,2.139632277566195,-0.0868909952874714,-2.187590586988865,-0.4746550719094847,17
120.991585,14.570199,0.0442285643198134,-1.1300540409391833,1.955721936213799,0.9150659938009136,-1.7354768730556274,0.3201985211721144,20
120.996236,14.61103,0.2103285409159869,-0.7996134754468925,3.855523524511908,0.581029281989823,-2.09240844380359,-1.1045847971538203,18
120.991585,14.570199,-0.0694807113249836,-1.1300540409391833,1.9571977768027995,0.9173830839507006,-1.7522594708281245,0.2850448160341965,20
120.996236,14.61103,-0.2810505565143597,-0.7996134754468925,3.871349847187089,0.5797687410564617,-2.2187991144131627,-1.3712971253029282,18
121.017867,14.5971795,-0.3184230512484987,-0.2456480225973561,1.8819313807830904,1.6322603827210074,-1.1109686947112698,-0.1766559270013989,19
120.965967,14.620565,-0.2049214005744468,-0.7189432869486966,1.618395847470557,1.1528551108729366,-0.9440313536319844,-0.4118032907082448,19
120.991585,14.570199,-0.2962763877023422,-1.1300540409391833,1.9638203390564688,0.9022049987423668,-1.7750818757068214,0.2353121171735972,20
121.01435,14.58272,-0.3048594378929729,-0.4997105199119376,1.631181434415866,1.904948606148372,-0.6104644048243166,-0.9965795244422376,-1
120.9953498,14.56242085,-0.3211221758681865,-1.1066721449997077,1.5638390054561029,0.9962167007869503,-1.4577769581421296,0.3269321947617534,20
120.993855,14.585454,0.7754837112844672,-0.8975762546130786,2.0544447727454798,1.715483283433729,-0.7997698089417483,1.2103501929393232,-1
120.975007,14.601192,-0.0379909240952924,-0.9701352142688188,2.1290112507317773,-0.0620538837631032,-2.1520047706207013,-0.3969862774696359,17
120.984764,14.617888,-0.2810505565143597,-1.076143170158736,3.940527489519582,1.038011155938493,-2.1122154044060717,-1.1319665649451054,18
120.991585,14.570199,-0.0042172621874038,-1.1300540409391833,1.9479771082043185,0.9103103469807718,-1.6626003671750902,0.4734075000807203,20
121.017867,14.5971795,1.013629552729231,-0.2456480225973561,1.7977200725568805,1.8262392418191435,-0.8227682410480928,0.4516096949075172,19
120.991585,14.570199,-0.2464463947234902,-1.1300540409391833,1.9610101320011493,0.9039231724997868,-1.7557059726077833,0.2763599467311877,20
120.975007,14.601192,-0.2948922212307074,-0.9701352142688188,2.1391239591031144,-0.0869408074985933,-2.183345790425446,-0.4657073016172576,17
120.968989,14.598201,0.0857535584688568,-0.8329710387928465,1.111167130986978,0.7852499369472762,-1.4001657264838403,0.9143277109638268,20
120.965967,14.620565,-0.2942001379948901,-0.7189432869486966,1.6244062288002312,1.1501534450395277,-0.9874689392729364,-0.5037048002904548,19
120.9825154,14.5860743,0.1404823934241187,-1.0313989940735528,3.3996489049358094,0.8022739950389092,-2.3196871966434665,0.0464293383002443,18
120.9825154,14.5860743,0.2462268983578349,-1.0313989940735528,3.399649707022477,0.8022721567564859,-2.319689960761942,0.0464233149616661,18
120.99236,14.57522,-0.2350270213325032,-1.0279068959793145,3.093172783053655,1.3092226796981998,-1.8911711992452984,-0.5612120219146599,18
120.996236,14.61103,-0.2935080547590727,-0.7996134754468925,3.8745440624951897,0.5757048743252081,-2.2364906699099203,-1.409039075357342,18
120.991585,14.570199,0.8470451178679853,-1.1300540409391833,1.9336100959442344,0.9123308083106688,-1.5496619472128954,0.7118266302180624,20
120.9825154,14.5860743,0.2462268983578349,-1.0313989940735528,3.399649707022477,0.8022721567564859,-2.319689960761942,0.0464233149616661,18
121.017867,14.5971795,-0.2768980570994553,-0.2456480225973561,1.880014386914786,1.636602760194669,-1.1042574930002138,-0.162044148194883,19
120.991585,14.570199,-0.2187630652907946,-1.1300540409391833,1.9607807353261908,0.9050188742537136,-1.7560850967015869,0.2756755453491458,20
120.9825154,14.5860743,-0.3243749670765282,-1.0313989940735528,3.4247023958749123,0.7708303058427387,-2.459333180103256,-0.2514151471412127,18
120.9825154,14.5860743,0.2462268983578349,-1.0313989940735528,3.3996489049358094,0.8022739950389092,-2.3196871966434665,0.0464293383002443,18
120.991585,14.570199,-0.3236828838407108,-1.1300540409391833,1.9648552815347495,0.8996675091917398,-1.7783087492673118,0.228239211390746,20
121.017867,14.5971795,-0.2768980570994553,-0.2456480225973561,1.8800153408636444,1.6366028536760306,-1.104265459106365,-0.1620609402570936,19
120.9825154,14.5860743,0.2462268983578349,-1.0313989940735528,3.399649707022477,0.8022721567564859,-2.319689960761942,0.0464233149616661,18
120.996236,14.61103,-0.2900476385799857,-0.7996134754468925,3.874799584510813,0.575729913975571,-2.2386244483432742,-1.4135369491637566,18
121.0560385,14.5962746,-0.0111380945455777,0.5617075599837065,0.6046025966581458,1.035860386590758,-1.0943965566283187,0.8110092021111888,21
120.9825154,14.5860743,0.5702118235410296,-1.0313989940735528,3.37705667378858,0.8095147915449403,-2.1504300692106,0.4041833815619018,18
120.9825154,14.5860743,0.473320170526595,-1.0313989940735528,3.385617510388712,0.8053538353355268,-2.2116579773785205,0.2746055329202803,18
120.984764,14.617888,-0.1772380711417512,-1.076143170158736,3.939887654230484,1.04306014168274,-2.117362588613968,-1.14229185506756,18
120.9825154,14.5860743,-0.3128863853619596,-1.0313989940735528,3.424258571168575,0.7707868136393685,-2.455626949216416,-0.2436026401977246,18
120.991585,14.570199,1.0935513248014228,-1.1300540409391833,1.9115070938637952,0.9870890071113886,-1.522951455650508,0.7760261172446257,20
120.991585,14.570199,-0.1772380711417512,-1.1300540409391833,1.9607807353261908,0.9050188742537136,-1.7560850967015869,0.2756755453491458,20
121.017867,14.5971795,-0.2496299776082501,-0.2456480225973561,1.8775276960013847,1.643330140701354,-1.0977980293521314,-0.1477124936225143,19
121.0032543,14.5894572,-0.2907397218158031,-0.6495376214520575,1.492586819571205,1.5213902991406965,-0.9524003877669484,-0.0119096183122477,19
120.996236,14.61103,-0.2519830606100293,-0.7996134754468925,3.869063808481648,0.5848289279725699,-2.2105534528088118,-1.3533734123058323,18
120.996236,14.61103,-0.2519830606100293,-0.7996134754468925,3.8702378469694345,0.5849439768194372,-2.220357453450595,-1.3740396431550383,18
121.0560385,14.5962746,2.023586618757548,0.5617075599837065,0.3877886424799764,1.5466126005439451,-0.3756271869068123,2.380734629233146,-1
121.017867,14.5971795,-0.2640253089132519,-0.2456480225973561,1.8775276960013847,1.643330140701354,-1.0977980293521314,-0.1477124936225143,19
120.965967,14.620565,0.341824355721291,-0.7189432869486966,1.5969090065593847,1.1447113483163789,-0.7522103817236021,-0.0080762223668401,19
120.984764,14.617888,-0.2948922212307074,-1.076143170158736,3.9413724765993687,1.0372633107411051,-2.1175669444290146,-1.1433325393388083,18
120.991585,14.570199,-0.3202037814142568,-1.1300540409391833,1.9647983512296685,0.899661930357639,-1.7778333434323603,0.2292413376748151,20
120.996236,14.61103,-0.3245133837236917,-0.7996134754468925,3.8765171434452586,0.5735021218881683,-2.2480499084940706,-1.4336511732968429,18
120.9825154,14.5860743,0.166035213823674,-1.0313989940735528,3.397889562232375,0.8064446059033686,-2.313908281995889,0.0590566976761124,18
120.996236,14.61103,-0.2519830606100293,-0.7996134754468925,3.8715236337520538,0.5850699763400632,-2.231094626527232,-1.3966729441489156,18
120.991585,14.570199,-0.1564755740672295,-1.1300540409391833,1.959791190361968,0.911439304115382,-1.7611967872319745,0.265569354631378,20
121.017867,14.5971795,-0.2395255623653163,-0.2456480225973561,1.873883045771964,1.6413947534768618,-1.0641239211850777,-0.0768915311614215,19
120.9895887,14.551476,0.1549618820505958,-0.936708111226344,1.858508744058322,0.8180385491228197,-1.532402736539623,0.3600144946158071,20
120.984764,14.617888,0.9162534414497244,-1.076143170158736,3.879041731155845,1.1295871655752456,-1.7990664079510643,-0.4618500387805807,18
120.98663718619,14.616083242426,-0.2698111247646853,-1.0379066080007586,3.3900142271793583,0.8694517992691518,-1.9392332789256723,-0.9383733099042596,18
121.0560385,14.5962746,-0.3004288871172466,0.5617075599837065,0.6111735985180333,1.032606645570408,-1.1412699805731774,0.7118028534115209,21
120.991585,14.570199,-0.2492147276667597,-1.1300540409391833,1.9607048042309183,0.9040529923613893,-1.7534841028637016,0.281059907165357,20
120.975007,14.601192,-0.3045813865321509,-0.9701352142688188,2.138219663629081,-0.085112540935444,-2.1797281605766874,-0.4578848135165007,17
120.965967,14.620565,0.2795368644977259,-0.7189432869486966,1.5847050794644095,1.1726839927039228,-0.7101593853848975,0.0835585226367146,19
120.975007,14.601192,0.1549618820505958,-0.9701352142688188,2.122220250277873,-0.0464897592458776,-2.128601900862167,-0.3459886775076165,17
120.9932061,14.5667099,-0.0872672504854905,-1.0400172505514658,1.2863103084812169,0.7635322935211962,-1.5144016156936082,0.7840410777147572,20
120.983,14.6,0.3965681396744465,-1.085260128061348,3.144285433135713,-0.1070213026588818,-2.1310212810186138,-1.8086025130931305,22
120.9796749,14.60890905,-0.3229908006048935,-1.0439742848178313,3.753709763032492,-0.4326007406331899,-2.7223888057192167,-2.1167030256697177,-1
120.984764,14.617888,-0.269749114106756,-1.076143170158736,3.9383449742061134,1.046595771543543,-2.112046267412915,-1.130706967202172,18
120.996236,14.61103,0.0165452348871178,-0.7996134754468925,3.867447885241019,0.5821977990067563,-2.191984770693441,-1.314485574786494,18
120.965967,14.620565,-0.2630563923831075,-0.7189432869486966,1.6237442549780694,1.150465562339393,-0.9827146731976192,-0.4936444060587527,19
120.965967,14.620565,0.0517761472563435,-0.7189432869486966,1.6263735568073845,1.1475987004473005,-0.9982589334077676,-0.5267314484330551,19
120.975007,14.601192,-0.3000136371757561,-0.9701352142688188,2.138871844047699,-0.0869655132869513,-2.181240462371204,-0.4612693994615954,17
120.975007,14.601192,-0.2602880594398379,-0.9701352142688188,2.1378743084107903,-0.0823669045405059,-2.1825482797740645,-0.4635441687586495,17
121.0560385,14.5962746,-0.2049214005744468,0.5617075599837065,0.6095393574849798,1.0317436427871285,-1.126180576103786,0.7435382502585917,21
120.994802,14.597008,-0.3291918663978173,-0.8023945577321955,2.125723276897574,1.39607879550108,-1.1424361736847288,-0.9408056155650526,19
120.9825154,14.5860743,-0.1800064040850207,-1.0313989940735528,3.419569206091781,0.782812576157852,-2.442090033733684,-0.213786177426533,18
120.993855,14.585454,-0.297660554173977,-0.8975762546130786,2.19501085410335,1.4486902743771095,-1.3978071944177786,-0.0790730220701803,19
120.975007,14.601192,-0.2987197875663955,-0.9701352142688188,2.139042192058114,-0.0869488201867094,-2.182662981326773,-0.4642679819992051,17
120.993855,14.585454,-0.2990447206456118,-0.8975762546130786,2.19501085410335,1.4486902743771095,-1.3978071944177786,-0.0790730220701803,19
120.9825154,14.5860743,-0.2202856484095928,-1.0313989940735528,3.4241018509989924,0.7707714559871459,-2.454318231777292,-0.2408439442631238,18
121.0560385,14.5962746,1.331503382940158,0.5617075599837065,0.5834825019755904,1.049253591517862,-0.9497627040809904,1.1174755648763588,21
120.996236,14.61103,-0.2474845195772162,-0.7996134754468925,3.8677393111839247,0.5872294195349411,-2.204685686850572,-1.3407448166239493,18
120.984764,14.617888,-0.2609801426756554,-1.076143170158736,3.940511203433589,1.0385207285809854,-2.1131284281344205,-1.1338386970678815,18
120.975007,14.601192,-0.2705402344536189,-0.9701352142688188,2.1383131025735347,-0.0870202666557446,-2.176574600196936,-0.4514340487382359,17
120.975007,14.601192,-0.2987197875663955,-0.9701352142688188,2.13886843708749,-0.086965847148956,-2.181212011992092,-0.4612094278108433,17
120.975007,14.601192,-0.3057087901232974,-0.9701352142688188,2.1392227609491554,-0.0869311255004529,-2.1841708514196765,-0.4674464794890712,17
121.0135541,14.5822048,-0.052663088694621,-0.5228038678438873,1.6137757155172352,1.9617703960005983,-0.4625245682556803,-0.82021236804222,-1
120.983,14.6,0.0856151418216933,-1.085260128061348,3.1490836253650154,-0.1424447270495829,-2.097428262136648,-1.741474575713185,22
120.991585,14.570199,-0.3095782274947524,-1.1300540409391833,1.9647507900651604,0.8996572696440513,-1.7774361761399655,0.2300785419193156,20
120.991585,14.570199,-0.1080297475600122,-1.1300540409391833,1.9533343926863065,0.9262374776229018,-1.7389456335048636,0.3140572301858178,20
120.975,14.590833,-0.1912319941699788,-0.9649433534588996,1.4914802620036094,0.8558082891520408,-1.4065700046659084,0.6353569291856166,20
120.991585,14.570199,-0.1080297475600122,-1.1300540409391833,1.9533343926863065,0.9262374776229018,-1.7389456335048636,0.3140572301858178,20
121.0560385,14.5962746,-0.1550914075955947,0.5617075599837065,0.6056888538946195,1.047212542215643,-1.1265460393952258,0.744394315491184,21
121.0560385,14.5962746,-0.191079735858099,0.5617075599837065,0.6060467342861098,1.0309221657680605,-1.0960313947658975,0.8070416850294203,21
120.891295,14.48188,-0.1772380711417512,0.6179060235550365,0.3880760357428542,2.152017644164653,-0.3163053026571303,1.0766965052295083,21
120.991585,14.570199,-0.3016884786064342,-1.1300540409391833,1.9646042907762031,0.8996429135778433,-1.776212809838176,0.23265732290166,20
120.993855,14.585454,-0.2984910540569579,-0.8975762546130786,2.19501085410335,1.4486902743771095,-1.3978071944177786,-0.0790730220701803,19
121.0560385,14.5962746,-0.191079735858099,0.5617075599837065,0.6060467342861098,1.0309221657680605,-1.0960313947658975,0.8070416850294203,21
120.975007,14.601192,-0.2767534117031694,-0.9701352142688188,2.138473229703325,-0.0870045751415173,-2.1779117680151714,-0.4542527163235889,17
120.975007,14.601192,-0.2830323368601227,-0.9701352142688188,2.138636763793325,-0.0869885497652851,-2.179277386212518,-0.4571313555596942,17
120.9825154,14.5860743,0.0649910613943351,-1.0313989940735528,3.4070364538650444,0.7967661472735671,-2.368589227700323,-0.0572927614227813,18
120.975007,14.601192,-0.1564755740672295,-0.9701352142688188,2.133399827317358,-0.0797735086383546,-2.151405412486338,-0.3975857306991864,17
120.9825154,14.5860743,0.2873507610633987,-1.0313989940735528,3.3996489049358094,0.8022739950389092,-2.3196871966434665,0.0464293383002443,18
120.975007,14.601192,-0.0803464181273166,-0.9701352142688188,2.1324758812700955,-0.0797650109882643,-2.143893097997219,-0.3817400681783064,17
120.99267,14.56787,-0.3121518608137889,-1.0664457360128383,1.477109721622338,0.7143532569599057,-1.6146353758924694,0.2697169410666436,20
120.991585,14.570199,-0.1080297475600122,-1.1300540409391833,1.961868501728924,0.8993748223879583,-1.7533671554117327,0.2808145584556704,20
120.975,14.590833,0.0857535584688568,-0.9649433534588996,1.4916230932023078,0.8486659256070256,-1.3930764129912367,0.6630660701732876,20
120.991585,14.570199,-0.1080297475600122,-1.1300540409391833,1.9533343926863065,0.9262374776229018,-1.7389456335048636,0.3140572301858178,20
120.993855,14.585454,-0.297660554173977,-0.8975762546130786,2.19501085410335,1.4486902743771095,-1.3978071944177786,-0.0790730220701803,19
121.017867,14.5971795,-0.2672088917980119,-0.2456480225973561,1.8792395774778965,1.636149846610124,-1.097013665196677,-0.1468132978713705,19
120.975007,14.601192,-0.2672227334627282,-0.9701352142688188,2.137276103958893,-0.0839270827604949,-2.1744713694330424,-0.44667265637411,17
120.991585,14.570199,-0.1980005682162729,-1.1300540409391833,1.9607807353261908,0.9050188742537136,-1.7560850967015869,0.2756755453491458,20
120.975007,14.601192,-0.1703172387835773,-0.9701352142688188,2.133399827317358,-0.0797735086383546,-2.151405412486338,-0.3975857306991864,17
120.996236,14.61103,-0.3128863853619596,-0.7996134754468925,3.874853610873103,0.576094623650229,-2.2398131988758165,-1.416005872225477,18
120.991585,14.570199,-0.2215313982340641,-1.1300540409391833,1.9607807353261908,0.9050188742537136,-1.7560850967015869,0.2756755453491458,20
120.975007,14.601192,-0.3124150766783679,-0.9701352142688188,2.1396784418770176,-0.0868864714573058,-2.1879760896258245,-0.4754676877771769,17
121.0560385,14.5962746,-0.2473350295982797,0.5617075599837065,0.6089426521435963,1.0397552431851456,-1.1377591466771697,0.719959638658988,21
120.9825154,14.5860743,0.0788327261106829,-1.0313989940735528,3.407084151307961,0.7967708213416348,-2.3689875330078825,-0.058132364533312,18
120.991585,14.570199,-0.2215313982340641,-1.1300540409391833,1.961136388310436,0.9047981418569612,-1.7585305235067736,0.2704945030338103,20
120.993855,14.585454,-0.2990447206456118,-0.8975762546130786,2.19501085410335,1.4486902743771095,-1.3978071944177786,-0.0790730220701803,19
120.991585,14.570199,-0.2187630652907946,-1.1300540409391833,1.9607807353261908,0.9050188742537136,-1.7560850967015869,0.2756755453491458,20
120.975007,14.601192,-0.2709461412714258,-0.9701352142688188,2.13890932060999,-0.0869618408048979,-2.181553416541429,-0.4619290876198695,17
120.975007,14.601192,0.2370498746508963,-0.9701352142688188,2.127342526596278,-0.0680000034791803,-2.1262027397545475,-0.3431907012778822,17
120.991585,14.570199,-0.2201472317624294,-1.1300540409391833,1.9590216059692,0.9064247229523326,-1.744634058560071,0.2999756181461053,20
121.0560385,14.5962746,0.3300174157182463,0.5617075599837065,0.6082257973483809,1.0250975222101897,-1.1018364292941014,0.7941852768848414,21
120.991585,14.570199,-0.2533672270816641,-1.1300540409391833,1.962852487810676,0.9044231928664752,-1.7717465060798177,0.242580279057948,20
120.984764,14.617888,0.0788327261106829,-1.076143170158736,3.9213044649925073,1.0741455762697905,-2.029711502434912,-0.9541512669624288,18
120.965967,14.620565,-0.2699772247412814,-0.7189432869486966,1.6177988664622651,1.1574801923957876,-0.948657842468269,-0.4210749270830743,19
120.991585,14.570199,-0.1080297475600122,-1.1300540409391833,1.9533343926863065,0.9262374776229018,-1.7389456335048636,0.3140572301858178,20
120.984764,14.617888,-0.2962763877023422,-1.076143170158736,3.941651786388327,1.0381213304000896,-2.1216040295128287,-1.1517572096933288,18
120.965967,14.620565,-0.2153026491117076,-0.7189432869486966,1.4844357055850652,1.1688324683036846,0.1148959798896027,1.823337722841075,-1
120.975007,14.601192,-0.0803464181273166,-0.9701352142688188,2.132663034825912,-0.0801939435536997,-2.144538058974817,-0.383145513846551,17
120.965967,14.620565,-0.2908781384629666,-0.7189432869486966,1.625491261472822,1.149620811112924,-0.9952184030848082,-0.5201057759970446,19
120.975007,14.601192,-0.2122574828741111,-0.9701352142688188,2.139464655123946,-0.0869074212981095,-2.186190828336585,-0.4717044666924769,17
120.965967,14.620565,-0.2741297241561857,-0.7189432869486966,1.6231096820794917,1.1513011177619348,-0.9792579155658332,-0.4862656303674665,19
121.0135541,14.5822048,-0.191079735858099,-0.5228038678438873,1.622490644245129,1.967224924857614,-0.5447412178795373,-0.9930478207536576,-1
121.0135541,14.5822048,-0.191079735858099,-0.5228038678438873,1.6172398321975356,1.972492970841865,-0.5127605287704662,-0.9250409742677088,-1
121.0560385,14.5962746,0.2241702056323347,0.5617075599837065,0.2754843904884417,1.2321011001909474,1.1850454770377852,5.63938513295356,-1
120.9825154,14.5860743,-0.3211913841917683,-1.0313989940735528,3.424626522871073,0.770822870735891,-2.458699590160445,-0.2500795784789614,18
120.991585,14.570199,-0.0803464181273166,-1.1300540409391833,1.957192429558348,0.9173953391668558,-1.7522410433716218,0.2850849716247178,20
120.996236,14.61103,-0.3018130535888814,-0.7996134754468925,3.8740395117065294,0.5764541322346722,-2.2339164349229272,-1.4035307684121523,18
120.991585,14.570199,-0.191079735858099,-1.1300540409391833,1.959393964968021,0.9046146154323238,-1.7439539064791354,0.3012198042791637,20
120.984764,14.617888,-0.2665168085621945,-1.076143170158736,3.9400955542881735,1.0384799974163952,-2.1096574818828318,-1.126522155676114,18
120.983,14.6,-0.1919238005725019,-1.085260128061348,3.157439119762925,-0.1371679088792938,-2.1763509812698096,-1.9073812502164156,22
120.991585,14.570199,0.6394201471227685,-1.1300540409391833,1.928100701360218,0.9118161590867668,-1.503706641100525,0.8087001818233803,20
120.984764,14.617888,-0.2948922212307074,-1.076143170158736,3.940870973650425,1.0375496207926689,-2.1140674835100093,-1.1359214601078924,18
120.991585,14.570199,0.1549618820505958,-1.1300540409391833,1.9626759512982952,0.8994539476831049,-1.7601098952611314,0.2666012772274008,20
121.0560385,14.5962746,0.0857535584688568,0.5617075599837065,0.6067157216504755,1.0357479800116864,-1.1113869133046037,0.7751617832611332,21
120.991585,14.570199,-0.2256838976489685,-1.1300540409391833,1.9607807353261908,0.9050188742537136,-1.7560850967015869,0.2756755453491458,20
121.0034823,14.5723066,-0.2948922212307074,-0.8394209262556643,0.8403294968237662,1.7784113553828067,-0.5579094793607714,0.065883669816962,-1
120.991585,14.570199,0.9162534414497244,-1.1300540409391833,1.9358325118169624,0.8968234489469855,-1.5359493582425197,0.7391179135039243,20
120.984764,14.617888,0.0342971698858339,-1.076143170158736,3.929443149004824,1.0669976426380716,-2.0813691591999066,-1.0638579478818793,18
120.991585,14.570199,1.469920030103636,-1.1300540409391833,1.925658392214421,0.9896674126386736,-1.6435697255105837,0.5218925278263076,20
120.968989,14.598201,0.0165452348871178,-0.8329710387928465,1.0999044619982776,0.8254742417420661,-1.390928503180993,0.93804106887825,20
120.975,14.590833,-0.2256838976489685,-0.9649433534588996,1.5014142833406496,0.8445456666961813,-1.464414679951712,0.5121680087486479,20
120.975007,14.601192,0.0165452348871178,-0.9701352142688188,2.134512297765136,-0.0873927231083421,-2.144835357260274,-0.3845296751590902,17
120.996236,14.61103,-0.3018130535888814,-0.7996134754468925,3.876337085598249,0.5734844772812125,-2.246546305958034,-1.4304816715545896,18
120.975007,14.601192,-0.3184230512484987,-0.9701352142688188,2.139612857893008,-0.0868928983008989,-2.1874284198279303,-0.4743132335001973,17
120.996236,14.61103,-0.2473339222651024,-0.7996134754468925,3.8704648793505783,0.5874965091388117,-2.2274459901396813,-1.3887221372257033,18
120.996236,14.61103,0.0580702290361612,-0.7996134754468925,3.8637179936634025,0.6029595281227561,-2.2041951468972942,-1.3380558208854842,18
120.993855,14.585454,-0.2931620131411639,-0.8975762546130786,2.1914747978965594,1.457608692290183,-1.3872923263643993,-0.0559573840174751,19
120.991585,14.570199,-0.2291166304986227,-1.1300540409391833,1.9594180281281932,0.9074092318639492,-1.7498851399222624,0.289003723044795,20
120.975007,14.601192,0.0580702290361612,-0.9701352142688188,2.129683472547793,-0.0798789103901935,-2.1209024515018258,-0.3332608026950364,17
120.993855,14.585454,-0.12187141227636,-0.8975762546130786,2.184222406795703,1.4750444854311866,-1.3639703760415858,-0.0049336105524837,19
120.9939283,14.60828567,-0.0734255871533092,-0.8463156130572748,4.026046829784387,0.3512898763220541,-2.2153931983317303,-1.9237164513458809,18
121.0034823,14.5723066,-0.2741297241561857,-0.8394209262556643,0.8379392167654369,1.7804454326223251,-0.5426040954674113,0.0983792954026657,-1
120.996236,14.61103,-0.2533672270816641,-0.7996134754468925,3.872008322066717,0.577852489452149,-2.220232851215525,-1.3745226592961162,18
120.970727,14.60550118,-0.3232676338992204,-0.858587043339582,2.9173923634527963,0.3735289335791685,-1.981039241833492,-1.7085081188808973,22
120.984764,14.617888,-0.2533672270816641,-1.076143170158736,3.940003245684721,1.0392696526284448,-2.110525742768316,-1.12827041847194,18
120.9825154,14.5860743,-0.3022294108635491,-1.0313989940735528,3.4244206061960827,0.7708026921163186,-2.4569800492469533,-0.2464548919074989,18
120.991585,14.570199,-0.2215313982340641,-1.1300540409391833,1.960880996159664,0.904789088950802,-1.756430611511014,0.2749226280268719,20
120.983,14.6,-0.269285141505464,-1.085260128061348,3.1644134155975903,-0.1557983349671722,-2.1949549444440906,-1.9485796154562816,22
120.996236,14.61103,-0.2326047300071424,-0.7996134754468925,3.8655833401594615,0.59086788548095,-2.194582354921287,-1.3190524808590642,18
120.994802,14.597008,-0.2658247253263771,-0.8023945577321955,2.1211940076363005,1.4042609236645984,-1.122316038185276,-0.8975082462600998,19
120.996236,14.61103,-0.247276894606471,-0.7996134754468925,3.8704648793505783,0.5874965091388117,-2.2274459901396813,-1.3887221372257033,18
120.991585,14.570199,-0.1862074698779446,-1.1300540409391833,1.956275377134848,0.919497108737489,-1.7490807345813943,0.2919716553991165,20
121.0034823,14.5723066,-0.3018130535888814,-0.8394209262556643,0.8389908821397257,1.7774814781287251,-0.5450920592485048,0.0928200259287087,-1
120.991585,14.570199,-0.1772380711417512,-1.1300540409391833,1.9607807353261908,0.9050188742537136,-1.7560850967015869,0.2756755453491458,20
120.965967,14.620565,-0.191079735858099,-0.7189432869486966,1.6257296413280122,1.147535600528386,-0.9928818117557154,-0.5153968064408906,19
121.0560385,14.5962746,0.0857535584688568,0.5617075599837065,0.5946861295815543,1.0471886253334568,-1.0368295989884493,0.9336192690409854,21
120.9825154,14.5860743,-0.2855513122135273,-1.0313989940735528,3.424192544279738,0.7707803433937147,-2.455075580869237,-0.2424403896061471,18
120.975007,14.601192,0.0857535584688568,-0.9701352142688188,2.1301997111731112,-0.0791893613213161,-2.126524665872305,-0.345046502841977,17
120.98688,14.59864,-0.1924639023297338,-0.99785618586198,2.8210298371333318,-0.2424247582866419,-2.2233686588214034,-1.330107291192277,22
120.996236,14.61103,-0.3045813865321509,-0.7996134754468925,3.87354145416046,0.5780027273543261,-2.233035521815649,-1.401509902134603,18
120.965967,14.620565,-0.2948922212307074,-0.7189432869486966,1.6241073942725883,1.15108260211132,-0.9869403914085692,-0.5024922805239248,19
121.00078,14.5663,-0.2948922212307074,-0.9713241988028584,0.6191562649097431,1.3080799283443492,-0.9288342613710232,0.5326936137195127,-1
120.98415,14.61696,-0.2824347229859944,-1.0987792480919978,3.636699684096213,0.6950722693083019,-2.058586172032448,-1.173858448672242,18
120.98237,14.57361,0.1272785526179002,-0.9763484306399628,3.000287244520607,0.9079410806676144,-2.0909695023033263,-0.1640853274543337,18
120.965967,14.620565,-0.2672088917980119,-0.7189432869486966,1.6177988664622651,1.1574801923957876,-0.948657842468269,-0.4210749270830743,19
120.996236,14.61103,-0.2879713888725335,-0.7996134754468925,3.872178670077133,0.5778691825523908,-2.221655370171094,-1.3775212418337262,18
120.991585,14.570199,0.1549618820505958,-1.1300540409391833,1.9623294634451092,0.899419993917213,-1.757216491705503,0.2727003941088988,20
120.9825154,14.5860743,-0.2753760276472457,-1.0313989940735528,3.4240534040248303,0.7707667084694372,-2.453913667386328,-0.2399911473894276,18
120.9825154,14.5860743,-0.3024337138347624,-1.0313989940735528,3.424423399903453,0.7708029658831625,-2.4570033785578245,-0.2465040686611157,18
120.9825154,14.5860743,0.2462268983578349,-1.0313989940735528,3.3997209934571484,0.8022471943701799,-2.3202196858480924,0.0453034079225757,18
120.984764,14.617888,-0.2921238882874379,-1.076143170158736,3.939720208257728,1.0392099685936356,-2.108096628426882,-1.1231532738328025,18
120.984764,14.617888,-0.2464463947234902,-1.076143170158736,3.934034903244633,1.051588602186447,-2.087167405253029,-1.0777080452674663,18
120.975007,14.601192,-0.0941880828436644,-0.9701352142688188,2.1367513870758925,-0.0797933091478939,-2.17867851390848,-0.4551114947491818,17
120.983,14.6,-0.2187630652907946,-1.085260128061348,3.1618782322936663,-0.1531714446988825,-2.1796852375059945,-1.9160968915779029,22
120.9825154,14.5860743,-0.0249797592619255,-1.0313989940735528,3.417654892578004,0.787199943541448,-2.4354930043056875,-0.1994104760199166,18
120.965967,14.620565,-0.285203055929264,-0.7189432869486966,1.620447433860701,1.155643945188835,-0.9664741424726464,-0.4588457023197035,19
121.0560385,14.5962746,-0.2948922212307074,0.5617075599837065,0.6127510356313418,1.0289913568045956,-1.1467060802414983,0.6999569542077447,21
120.991585,14.570199,-0.2630563923831075,-1.1300540409391833,1.9606467494742703,0.9094784695305348,-1.7641451802724195,0.259144460147974,20
121.01838,14.60062,0.4041118469448561,-0.2437032905541588,2.1434400657762622,1.777347388129835,-1.0882312714237183,-0.0053390065525303,19
120.984764,14.617888,0.0663752278659699,-1.076143170158736,3.920178854938387,1.077645401240208,-2.0277206388124625,-0.9495841091751662,18
120.991585,14.570199,0.9162534414497244,-1.1300540409391833,1.9247272781580669,0.9223159678600248,-1.4977625006122877,0.8223416835344156,20
121.017867,14.5971795,-0.2326047300071424,-0.2456480225973561,1.8722905650542163,1.6475164889178195,-1.063708968276302,-0.0753724904862107,19
121.0560385,14.5962746,-0.3206377176031144,0.5617075599837065,0.6149749855210576,1.0257589028417735,-1.1581966303137574,0.6753814367447485,21
120.975007,14.601192,-0.3121943021261422,-0.9701352142688188,2.139426156473592,-0.086911193938764,-2.1858693390526263,-0.4710267870389771,17
120.991585,14.570199,-0.3045813865321509,-1.1300540409391833,1.963019589199798,0.9040402173616222,-1.7723223640955297,0.2413254168541582,20
120.984764,14.617888,-0.191079735858099,-1.076143170158736,3.9344214335895367,1.0555880363974912,-2.098525121203998,-1.1012428026571863,18
120.994802,14.597008,-0.2187630652907946,-0.8023945577321955,2.12065065116277,1.4052619631372651,-1.1199422616504546,-0.8923962605195288,19
120.9951035796,14.57542573946,-0.1080297475600122,-0.978961368850854,2.087125248079171,1.4340958115055984,-1.145776636877376,-0.495364570132692,19
121.0619341,14.59083434,-0.3138082402320684,0.6313266763631034,0.2533983537434193,0.0846201497732028,-1.748782141818425,0.952071360219534,23
121.0619341,14.59083434,-0.3138082402320684,0.6313266763631034,0.2533983537434193,0.0846201497732028,-1.748782141818425,0.952071360219534,23
121.0619341,14.59083434,-0.3170887147698428,0.6313266763631034,0.2534724551279502,0.084627411271808,-1.7494009375640978,0.950766976815674,23
121.0619341,14.59083434,-0.3160685840802479,0.6313266763631034,0.25344939000734,0.0846251510260352,-1.7492083284975135,0.9511729848912662,23
121.0619341,14.59083434,-0.3138082402320684,0.6313266763631034,0.2533983537434193,0.0846201497732028,-1.748782141818425,0.952071360219534,23
121.118747,14.653339,-0.0734255857691427,1.2356995136850115,-1.5453856984374854,1.4839688388600147,-0.2487907895100838,-2.357080862681282,24
121.092265,14.629249,-0.2672088917980119,0.730617501603633,-1.887611428325088,1.536871925050067,-0.0331953332840411,-2.0270144381603576,24
121.077937,14.623601,-0.2326047300071424,0.4838793442082045,-1.90286917613977,1.5205088348413454,-0.5216112572280394,-0.4093767734893078,-1
121.0990198,14.640596,-0.2796663900427248,0.8022773167015385,-1.795212881614906,1.8061780349030503,-0.2308406062786261,-1.116410807856094,9
121.118747,14.653339,-0.0734255857691427,1.2356995136850115,-1.5541918490384032,1.489495495328954,-0.1883663788581971,-2.229054096066698,24
121.099428,14.6269,-0.2464463947234902,0.9134417367835403,-1.7620729068865613,1.7032243113777603,-0.0825858189607783,-1.9865977792113865,24
121.099428,14.6269,-0.3163468015410465,0.9134417367835403,-1.757739346324116,1.6977705360489854,-0.1067101574633209,-2.038053758764879,24
121.077937,14.623601,-0.2907397218158031,0.4838793442082045,-1.8952493527958223,1.503045151820049,-0.5478703827445053,-0.4665984899821249,-1
121.109133,14.668873,-0.3045813865321509,1.0186228783623683,-2.5270366673491216,1.982405106322063,0.1960072327630306,-0.8063722987631694,9
121.118747,14.653339,-0.0734255857691427,1.2356995136850115,-1.5453856984374854,1.4839688388600147,-0.2487907895100838,-2.357080862681282,24
121.04167,14.41904,-0.1495547417090556,0.9485775412748252,-1.8337766305016572,0.7113352679671342,-0.8257295844778675,-0.4515056558384947,-1
121.0990198,14.640596,-0.1564755740672295,0.8022773167015385,-1.792611829935291,1.7961456548956185,-0.2314495192076735,-1.1187502328496246,9
121.113096,14.65998,-0.1495547417090556,1.0971319966788833,-2.0988943607352955,1.904678975853674,0.0364962965167957,-1.0255733797769413,9
121.119734,14.640389,-0.3087338859470552,1.29542831601087,-1.9298787991783397,1.7351873552738994,-0.0024007439870812,-1.998460843159813,24
121.100935,14.63931,-0.1633964064254034,0.8546814224143897,-1.5554945383053889,1.8513139031703825,-0.2341946024233961,-1.3147857542895012,9
121.127294,14.6599719,-0.1011089152018383,1.4410403384918495,-2.880040926677299,2.0503766670429493,0.5005854936087147,0.0710037236089267,-1
121.094395,14.647586,-0.3156547183052292,0.6607186486456089,-2.34665810141426,1.912446334020924,0.0698135985076011,-0.805659004845606,9
121.086534,14.637853,-0.2810505565143597,0.5273401595091123,-2.6125759101040824,1.5126893011323077,-0.0743587892303665,-0.5676977741534716,9
121.0990198,14.640596,-0.1495547417090556,0.8022773167015385,-1.805086876316714,1.8172867994329591,-0.1731693734408847,-0.993603888999137,9
121.100935,14.63931,-0.1633964064254034,0.8546814224143897,-1.5554945383053889,1.8513139031703825,-0.2341946024233961,-1.3147857542895012,9
121.113096,14.65998,-0.1495547417090556,1.0971319966788833,-2.0988943607352955,1.904678975853674,0.0364962965167957,-1.0255733797769413,9
121.113096,14.65998,-0.1495547417090556,1.0971319966788833,-2.0988943607352955,1.904678975853674,0.0364962965167957,-1.0255733797769413,9
121.105875,14.649665,-0.12187141227636,0.9309339505130536,-1.815299492856371,1.9033905070662025,-0.0939819871764258,-0.904999324000398,9
121.113096,14.65998,-0.1495547417090556,1.0971319966788833,-2.0988943607352955,1.904678975853674,0.0364962965167957,-1.0255733797769413,9
121.099428,14.6269,-0.3011209703530639,0.9134417367835403,-1.7607231092884112,1.701759181759316,-0.0905793268459034,-2.0036115581769844,24
121.113096,14.65998,-0.1495547417090556,1.0971319966788833,-2.0988943607352955,1.904678975853674,0.0364962965167957,-1.0255733797769413,9
121.118747,14.653339,-0.0734255857691427,1.2356995136850115,-1.5541918490384032,1.489495495328954,-0.1883663788581971,-2.229054096066698,24
121.105875,14.649665,-0.31011805241869,0.9309339505130536,-1.7955922360052905,1.8719679519650467,-0.1901018885887096,-1.1110375617306267,9
121.113096,14.65998,-0.1495547417090556,1.0971319966788833,-2.098892657255192,1.9046791427846763,0.0364820713272401,-1.0256033656023174,9
121.127294,14.6599719,-0.12187141227636,1.4410403384918495,-2.8805756511224883,2.0516021886584785,0.502428239258993,0.0750192826610542,-1
121.099428,14.6269,-0.2744065574505127,0.9134417367835403,-1.7603694267824026,1.7033912423801796,-0.0968110085164714,-2.016583604587483,24
121.0245799,14.4521766,-0.2862688641124228,0.0547824963171432,-1.6570602254879967,0.5498465535210784,0.505139812241184,-0.7556137267347981,9
121.038006,14.491803,0.6394201471227685,-0.0582712795267909,-2.206742874848416,1.1647653594131795,1.4762095716504882,1.253586790504608,-1
120.997102,14.529416,0.1134368879015524,-1.0270730605195926,-0.8629293184906393,0.0921650984640906,0.0992380181651327,-1.104860422571426,25
121.0245799,14.4521766,-0.0803464181273166,0.0547824963171432,-1.6729319038377206,0.5727634185644723,0.587456868115135,-0.5795826321931824,9
120.997102,14.529416,-0.2395255623653163,-1.0270730605195926,-0.8495641834832002,0.0770854601741646,0.0212645810975657,-1.2709058203516486,25
121.0245799,14.4521766,-0.1426339093508817,0.0547824963171432,-1.6727369569904509,0.5804181029120755,0.5701591461597187,-0.6152614593551519,9
121.024909,14.482705,-0.2533672270816641,-0.287372003949328,-1.6976545739752351,1.0972336871553263,0.9032353752708124,-1.3441071580113269,-1
121.0245799,14.4521766,-0.2824347229859944,0.0547824963171432,-1.6605167448577278,0.5605938036514763,0.5112533492056973,-0.7415889147686027,9
121.024909,14.482705,-0.2215313982340641,-0.287372003949328,-1.6964613746504185,1.0940919139354843,0.899958892818172,-1.3513482510566424,-1
121.0245799,14.4521766,-0.1973007101173843,0.0547824963171432,-1.6639842511606844,0.5603498525957739,0.5400126365155227,-0.6809562671829876,9
121.024909,14.482705,-0.2215313982340641,-0.287372003949328,-1.6955256068713371,1.0919472511083077,0.8967340879301847,-1.3583754793978655,-1
121.0132574,14.4896303,-0.2630563923831075,-0.6177091636859581,-2.1222337150523605,1.194309829442982,0.9820764604143112,-0.5267605811890188,9
121.0245799,14.4521766,-0.0803464181273166,0.0547824963171432,-1.6729319038377206,0.5727634185644723,0.587456868115135,-0.5795826321931824,9
121.008496,14.492371,-0.2464463947234902,-0.7514320212112735,-2.122392834068149,1.192377354532263,0.987339047397589,-0.515864117940494,9
121.024909,14.467199,2.4388365602479816,-0.1600967666742409,-3.004336386440849,1.9863666937353348,0.6793154503692937,0.9163127605934576,-1
121.0274,14.46114,0.9162534414497244,-0.0314557289768108,-2.848319219249486,1.7204054237933912,-0.0422344390101171,0.2120771023973439,9
121.008496,14.492371,-0.2464463947234902,-0.7514320212112735,-2.122392834068149,1.192377354532263,0.987339047397589,-0.515864117940494,9
121.008496,14.492371,-0.2464463947234902,-0.7514320212112735,-2.122392834068149,1.192377354532263,0.987339047397589,-0.515864117940494,9
121.008496,14.492371,-0.2464463947234902,-0.7514320212112735,-2.122392834068149,1.192377354532263,0.987339047397589,-0.515864117940494,9
120.997102,14.529416,-0.2838188894576292,-1.0270730605195926,-0.8482664827957218,0.0784266525714818,0.0079364885362955,-1.2988760141507891,25
120.991217,14.501183,0.2933785292140737,-1.039835936531391,-1.5674616685541032,0.8763672388364756,0.7083914291820298,-0.62853778268038,9
121.04211,14.469863,-0.3142705518335943,0.2025202202331351,-2.3068751746544747,1.2096552339451438,0.9721662984264628,-0.1920231181314966,9
121.0245799,14.4521766,-0.297660554173977,0.0547824963171432,-1.6609036568285844,0.5582236819011995,0.5192704900384939,-0.7249286497378585,9
121.011835,14.468547,0.0857535584688568,-0.4462541711153323,-2.972184613033402,1.9344389107988893,-0.1315049035551558,-0.7403242596267258,11
120.989915,14.516398,7.28341921096971,-1.0424160005115604,-1.887121655396516,0.6484944773250196,0.6929458429669287,0.016406954368125,9
120.989915,14.516398,-0.1703172387835773,-1.0424160005115604,-1.872050064162624,0.6180233679391992,0.6326520121542779,-0.1139678473111588,9
120.991217,14.501183,0.0857535584688568,-1.039835936531391,-1.6001806320909255,0.9690050826849416,0.7849246126417783,-0.4573732002558663,9
120.989915,14.516398,0.473320170526595,-1.0424160005115604,-1.8828036920669315,0.5921226294620189,0.7734430013129893,0.1802606420181729,9
121.00197,14.501556,0.4003053891478604,-0.9363295064773892,-2.141376485301199,0.9213561095985618,0.8606293755690609,-0.0586157266718773,9
121.0132574,14.4896303,0.1272785526179002,-0.6177091636859581,-2.131418217210483,1.2212045940981635,1.0017325046551735,-0.4824740207307216,9
121.00197,14.501556,-0.3204397817976706,-0.9363295064773892,-2.105851360560293,0.8574589534541766,0.7022453953104336,-0.3993950701140183,9
120.997102,14.529416,0.0303868996034656,-1.0270730605195926,-0.8641883505664996,0.104405610844798,0.0843785192515483,-1.1349143168738236,25
121.0245799,14.4521766,-0.1633964064254034,0.0547824963171432,-1.6729319038377206,0.5727634185644723,0.587456868115135,-0.5795826321931824,9
121.0245799,14.4521766,-0.0803464181273166,0.0547824963171432,-1.6729319038377206,0.5727634185644723,0.587456868115135,-0.5795826321931824,9
121.00197,14.501556,0.1549618820505958,-0.9363295064773892,-2.151499295457606,0.9303319212772404,0.9247056039488234,0.0774761077987973,9
121.04211,14.469863,-0.2672088917980119,0.2025202202331351,-2.314605531643797,1.221197698581867,1.0114777858057202,-0.1078944606233516,9
121.008496,14.492371,-0.1592439070104991,-0.7514320212112735,-2.129257549946243,1.2089246445020077,1.0093250071239506,-0.467751624788295,9
120.997102,14.529416,0.1549618820505958,-1.0270730605195926,-0.8560453507400737,0.0846929374100245,0.0584711279509946,-1.191630695295975,25
121.025633,14.499387,0.0534678755179756,-0.3732103327322167,-2.1297329718096303,1.3417607204955415,1.0348229115674503,-0.2148104313766369,9
121.0245799,14.4521766,-0.1938480688013685,0.0547824963171432,-1.6639842511606844,0.5603498525957739,0.5400126365155227,-0.6809562671829876,9
121.011835,14.468547,-0.2810505565143597,-0.4462541711153323,-2.954439749325108,1.906178596569706,-0.2181217354611918,-0.9259863041217604,11
121.0132574,14.4896303,0.0303868996034656,-0.6177091636859581,-2.1476241897606374,1.246133374613145,1.0826450455655277,-0.3091936942707873,9
121.04211,14.469863,0.0303868996034656,0.2025202202331351,-2.3480992229523903,1.2803739256104247,1.1629947983436668,0.217904753674116,9
120.989915,14.516398,-0.0319005916200994,-1.0424160005115604,-1.8513165054263616,0.5721330797578078,0.5578589744465638,-0.2765456419163791,9
121.0245799,14.4521766,-0.1703172387835773,0.0547824963171432,-1.6652356880865236,0.5714090319085248,0.5275155795694035,-0.7061516061335774,9
121.0132574,14.4896303,0.4317951763775516,-0.6177091636859581,-2.229434993713814,1.3773139930972391,1.4801573878355514,0.5430249837351168,-1
121.0132574,14.4896303,-0.1357130769927078,-0.6177091636859581,-2.1245057588785525,1.2004767898351405,0.9879367424798436,-0.5137516444025422,9
121.0245799,14.4521766,-0.2118422329326207,0.0547824963171432,-1.664645201441098,0.5602850833668352,0.5455320100631316,-0.6693217669370624,9
121.0132574,14.4896303,-0.2353730629504119,-0.6177091636859581,-2.122997155111216,1.1941711207474237,0.988582819559101,-0.5130521341826693,9
121.038006,14.491803,0.4317951763775516,-0.0582712795267909,-2.049126837811037,0.7702535979099193,1.0013277763936177,0.2104875888761607,9
120.997102,14.529416,5.207031086870376,-1.0270730605195926,-0.9359171657641135,0.1423594453314084,0.5910476808431053,-0.062269872290678,-1
121.0132574,14.4896303,-0.2914318050516205,-0.6177091636859581,-2.1221728326734377,1.1943157955570087,0.9815680521395908,-0.5278322745879604,9
121.02972,14.46615,-0.2907397218158031,-0.0442162228817452,-2.881836608510398,1.9074307590584536,-0.1852248342745669,-0.9109228811800896,11
121.0132574,14.4896303,2.8540865017384154,-0.6177091636859581,-2.431826410517836,1.90970263770268,2.036987010981531,1.7734670547545164,-1
121.0132574,14.4896303,0.0534678755179756,-0.6177091636859581,-2.1396396055552684,1.2400469889369308,1.0300647190282028,-0.4207348003042611,9
121.011835,14.468547,-0.2810505565143597,-0.4462541711153323,-2.9629453054378883,1.9260793778819152,-0.1896457062409955,-0.8638324410386009,11
121.04211,14.469863,-0.3149626350694117,0.2025202202331351,-2.3067979729361543,1.2096627992581734,0.971521612835799,-0.1933820757375413,9
121.011835,14.468547,0.6671034765554641,-0.4462541711153323,-3.0077418458336225,2.028747451222906,-0.0352696893889296,-0.5274289814466184,11
121.011835,14.468547,0.0534678755179756,-0.4462541711153323,-2.9781314796812643,1.9608841917629556,-0.1373117297730913,-0.7497905639581796,11
120.9886262437,14.491173125528,-0.096956415786934,-0.986891907824032,-2.694320428921123,1.8284879362430444,-0.4063398796535071,-0.3139162745076812,-1
121.0245799,14.4521766,-0.2367572294220467,0.0547824963171432,-1.664433296678116,0.5654175346122918,0.5332722310773884,-0.694639969747565,9
121.0245799,14.4521766,-0.1495547417090556,0.0547824963171432,-1.661510798049446,0.5605922364112863,0.5193576612806563,-0.7244956856290793,9
121.0245799,14.4521766,-0.0803464181273166,0.0547824963171432,-1.6735015475845514,0.5727075968372635,0.5922137715025588,-0.5695553721874158,9
121.04211,14.469863,-0.1633964064254034,0.2025202202331351,-2.3288965037534584,1.2388063492838706,1.0918063325007883,0.0633842506761227,9
121.0132574,14.4896303,0.1355835514477088,-0.6177091636859581,-2.165762045182014,1.276304008194611,1.1685442175784262,-0.1248444069145301,9
121.0132574,14.4896303,0.0857535584688568,-0.6177091636859581,-2.1517644879513256,1.2393380425258211,1.1303320755369084,-0.2093281880270401,9
121.0245799,14.4521766,-0.0388214239782733,0.0547824963171432,-1.6726530816337608,0.5802665820201585,0.569786551057877,-0.6160632624904288,9
121.04445,14.4842221,-0.3204993009559508,0.1373376309398935,-2.092879769529321,0.8314625484404904,0.6780964810645757,-0.4575943585150049,9
121.03451,14.48528,-0.2893555553441683,-0.1000420391415309,-2.0882737552283177,1.0050389344176305,0.8318013265343701,-0.5421832857435781,9
121.0132574,14.4896303,0.2103285409159869,-0.6177091636859581,-2.162059156684755,1.2581689563340874,1.1755841735376402,-0.1119032180527279,9
121.00197,14.501556,-0.1357130769927078,-0.9363295064773892,-2.109718260396734,0.8570800200786852,0.734536575601857,-0.33132724651028,9
121.0132574,14.4896303,-0.12187141227636,-0.6177091636859581,-2.1350830979498805,1.221388574021882,1.0312221040799303,-0.4202560125246054,9
121.011835,14.468547,-0.096956415786934,-0.4462541711153323,-2.981162606274138,1.9531752147841752,-0.0967889721442104,-0.6651318351065729,11
121.0245799,14.4521766,-0.2049214005744468,0.0547824963171432,-1.6676069323915124,0.5711766639531575,0.5473170434309282,-0.6644113372100515,9
121.006287,14.5091526,-0.2326047300071424,-0.7659870542001133,-2.139539799275051,0.599445812239122,0.5296278431687617,-0.0436682527288342,9
121.0132574,14.4896303,0.0810889174594476,-0.6177091636859581,-3.329909072306015,2.13583922090465,0.1266917322770563,-0.2209593366290396,11
121.00197,14.501556,-0.1357130769927078,-0.9363295064773892,-2.12123335086189,0.8928835392450829,0.7549032866421378,-0.2846048181733292,9
120.997102,14.529416,0.0857535584688568,-1.0270730605195926,-0.8815874431716059,0.0934995679046699,0.2485549115758865,-0.7897849554572407,25
120.997102,14.529416,0.0857535584688568,-1.0270730605195926,-0.8815874431716059,0.0934995679046699,0.2485549115758865,-0.7897849554572407,25
121.0245799,14.4521766,-0.2367572294220467,0.0547824963171432,-1.6678268118899744,0.5675769369792362,0.5564963466822875,-0.6454291905769036,9
121.0245799,14.4521766,-0.0803464181273166,0.0547824963171432,-1.6735015475845514,0.5727075968372635,0.5922137715025588,-0.5695553721874158,9
121.038006,14.491803,-0.2139530868018637,-0.0582712795267909,-2.0226695786829563,0.8084044177943296,0.7074194144299853,-0.4054035247445901,9
121.00197,14.501556,0.2130968738592565,-0.9363295064773892,-2.138144011441002,0.9316406603362056,0.8131801178321897,-0.1576127631497966,9
121.0245799,14.4521766,-0.2326047300071424,0.0547824963171432,-1.664170732886782,0.5587661247015551,0.5447825167344441,-0.6710623292860524,9
121.0132574,14.4896303,0.5702118235410296,-0.6177091636859581,-2.140240105364272,1.219765036438306,1.0765812775488353,-0.3247564313033475,9
121.008496,14.492371,-0.1633964064254034,-0.7514320212112735,-2.1246722878287447,1.1984157966488416,0.993523463172814,-0.5021850436602885,9
121.0132574,14.4896303,0.1355835514477088,-0.6177091636859581,-2.125998407813648,1.1843565008294092,1.0331833317186914,-0.4200141707488745,9
121.00197,14.501556,-0.3204730017929898,-0.9363295064773892,-2.105891562690752,0.8574550138825194,0.7025811097839479,-0.3986874046351424,9
121.02755013796,14.447275152027,-0.0803464181273166,0.1919195796894952,-1.5422791339146855,0.6580694589523495,0.5775309509139362,-0.6677944487556053,9
120.999154,14.553661,-0.0803464181273166,-1.082204808079294,3.00530919460419,-3.065438224329248,2.502905777306286,-1.9157915016408744,26
120.9961066949,14.5582934016,-0.3038249395554025,-1.0287576207637987,2.284170623551348,-2.927869128919607,2.588843158374347,-1.2893266882257466,26
120.996925,14.560551,-0.3291157372418773,-1.0468577370827823,1.7338377020108322,-2.7491682877572177,2.7897652427830955,-0.3336400009816049,26
120.997655,14.547105,-0.0111380945455777,-1.10426730520815,2.984116184732433,-2.9771557635739474,2.699643435052951,-1.8722798433404717,26
121.0044279,14.5349831,-0.1220098289235235,-1.0025188931726017,1.87010782132314,-2.3448914217941086,3.243548866736212,-1.2881527386655998,26
120.996925,14.560551,-0.12187141227636,-1.0468577370827823,1.7548947667958783,-2.8071990761333017,2.737250583512421,-0.4505056845052705,26
120.999154,14.553661,-0.1114901637390992,-1.082204808079294,3.0028601936875408,-3.065687796384848,2.523376229674107,-1.8726420297921864,26
120.9882448,14.5417392,8.252335741114056,-0.8400066379816786,1.5624176102470035,-2.7827966994388347,4.041778145756117,2.707859593465278,-1
121.0040161,14.538007,-0.2713613912129162,-1.0496772407383288,1.6756687100584204,-2.281378874279002,3.2576800928799723,-1.0774146223752492,26
121.1037612,14.5389517,-0.2948922212307074,1.3665397223967637,1.0238652806767254,-1.5478562462206198,3.926616018865734,-1.091612641527694,-1
120.9926571,14.5538047,-0.2945081150348288,-1.0230506093094214,2.5397056028378304,-3.2111523750426096,2.406640677232374,-1.4130870120616974,26
120.9926571,14.5538047,-0.2582498743103558,-1.0230506093094214,2.539348621547203,-3.2111873571034764,2.409621707955665,-1.4068031824958829,26
121.0013263,14.5500199,-0.2948922212307074,-1.0462289771221565,3.1964540884183896,-2.9277406819937046,2.565511179209107,-2.356958613042061,26
120.9926571,14.5538047,-0.1760476879761453,-1.0230506093094214,2.538539298149717,-3.2112666660227256,2.416380095513575,-1.3925569168596992,26
121.0040161,14.538007,-0.2741297241561857,-1.0496772407383288,1.6756687100584204,-2.281378874279002,3.2576800928799723,-1.0774146223752492,26
120.9926571,14.5538047,-0.2937918088857578,-1.0230506093094214,2.539698550430199,-3.2111530661369594,2.4066995695171345,-1.4129628707446402,26
120.9926571,14.5538047,-0.2945081150348288,-1.0230506093094214,2.5397059776034534,-3.211152338317789,2.406637547690672,-1.41309360894328,26
121.0040161,14.538007,-0.2713613912129162,-1.0496772407383288,1.6756687100584204,-2.281378874279002,3.2576800928799723,-1.0774146223752492,26
120.9926571,14.5538047,-0.3254476960920452,-1.0230506093094214,2.539853989582743,-3.211137834016851,2.4054015494205565,-1.4156990173385582,26
120.9926571,14.5538047,-0.1160302297660612,-1.0230506093094214,2.5379483949711865,-3.211324571048845,2.421314529266654,-1.3821554337532391,26
120.990226,14.55323,-0.2464463947234902,-0.9627790273903276,2.215185656132096,-2.9042759449571616,2.6661903570095173,-0.8719413568212615,26
120.982075,14.533709,10.743835390056658,-0.8580520469878538,0.4629291669439642,-2.5350052166191825,4.383227149132033,3.360017133986189,-1
121.1037612,14.5389517,0.1272785526179002,1.3665397223967637,1.0119240590554788,-1.5192508455540452,3.965227534892288,-1.007165806527456,-1
121.1037612,14.5389517,0.6451852004771274,1.3665397223967637,1.0008418949289304,-1.4938519100721948,4.003418438494306,-0.9239433451721132,-1
121.0040161,14.538007,0.0857535584688568,-1.0496772407383288,1.6490826453757406,-2.262802603650768,3.436222474170766,-0.698884203873331,26
120.9968363,14.55367233,-0.3251916252947928,-1.1164839149072443,2.8114342687764853,-2.907536307609213,2.5643595044650858,-1.7300082311499088,26
120.9997968,14.53747,-0.2713613912129162,-1.0950732571635826,2.309104584840437,-2.5580784040966047,2.9877416043158957,-1.687460535614553,26
120.9968363,14.55367233,-0.3249881528234625,-1.1164839149072443,2.811424252313473,-2.9075372891635074,2.5644431485796733,-1.7298319144966974,26
120.9968363,14.55367233,-0.3246434953720254,-1.1164839149072443,2.811407319721237,-2.907538948457672,2.564584546963857,-1.7295338553924586,26
120.9968363,14.55367233,-0.3250144519864235,-1.1164839149072443,2.811425581027954,-2.9075371589573256,2.56443205293182,-1.7298553034404909,26
120.9968363,14.55367233,-0.3250476719817428,-1.1164839149072443,2.811427182299252,-2.907537002042184,2.564418681253638,-1.729883490116344,26
121.1037612,14.5389517,0.0303868996034656,1.3665397223967637,1.011660513092413,-1.5349312093539589,3.999554658899151,-0.9364131034116334,-1
120.9968363,14.55367233,-0.3250947336417783,-1.1164839149072443,2.811429533101796,-2.9075367716774,2.564399050492051,-1.729924870555363,26
120.9968363,14.55367233,-0.3246974778644191,-1.1164839149072443,2.8114099771502,-2.907538688045308,2.56456235566815,-1.7295806332800456,26
120.9968363,14.55367233,-0.3251196486382677,-1.1164839149072443,2.8114307255378685,-2.9075366548256985,2.564389092859362,-1.7299458606331264,26
120.9968363,14.55367233,-0.32509611780825,-1.1164839149072443,2.811429635310602,-2.90753676166154,2.5643981969806773,-1.7299266697048856,26
120.9968363,14.55367233,-0.3239389546379633,-1.1164839149072443,2.8113726027967147,-2.907542350511501,2.564874456327002,-1.7289227442712938,26
120.9968363,14.55367233,-0.3252732911166192,-1.1164839149072443,2.8114382889895317,-2.907535913652048,2.5643259330177344,-1.7300789976977962,26
120.9968363,14.55367233,-0.3249424753298985,-1.1164839149072443,2.8114220037197355,-2.907537509512431,2.564461925829887,-1.7297923332072007,26
120.9968363,14.55367233,-0.3252386869548284,-1.1164839149072443,2.8114366536486317,-2.90753607390581,2.564339589199708,-1.7300502113054352,26
120.990226,14.55323,-0.12187141227636,-0.9627790273903276,2.2159862162960686,-2.8995969775373847,2.65006393806141,-0.9054626648353564,26
120.9914039,14.5425096,-0.2339888964787772,-0.9144288250733148,1.6095812614471956,-3.0438696277268846,2.802773187330405,-0.3868254695904488,26
120.9926571,14.5538047,-0.1160302297660612,-1.0230506093094214,2.5379483949711865,-3.211324571048845,2.421314529266654,-1.3821554337532391,26
120.9968363,14.55367233,-0.3248179003474514,-1.1164839149072443,2.8114159052609624,-2.9075381071254194,2.5645128520084963,-1.7296849839523545,26
120.9968363,14.55367233,-0.3250864286429485,-1.1164839149072443,2.811429158336173,-2.9075368084022206,2.564402180033753,-1.72991827367378,26
120.982075,14.533709,-0.3115022188903248,-0.8580520469878538,0.7088264597643369,-2.817258453634853,2.958514349820672,0.3253667067266749,-1
120.9882448,14.5417392,2.4388365602479816,-0.8400066379816786,1.7475647747090384,-2.887525517496093,2.7478354202226165,-0.0323036163725883,26
120.9997968,14.53747,-0.2810505565143597,-1.0950732571635826,2.3068872965008262,-2.5527686749733034,2.9949148686382303,-1.6717724489351626,26
120.9997968,14.53747,0.9162534414497244,-1.0950732571635826,2.2875146067163894,-2.534220340990192,3.1147287527213345,-1.4171135129629118,26
120.9882448,14.5417392,-0.2543638269412411,-0.8400066379816786,1.7690416513164926,-2.909381937589012,2.617662215086529,-0.3091600667780977,26
120.9882448,14.5417392,-0.2216974982106603,-0.8400066379816786,1.768769094499827,-2.909408646549399,2.6199382454154403,-0.3043623347179224,26
121.007693,14.532327,0.5973414863850712,-0.8996765146069619,1.298004524570345,-1.7897405397033248,3.7517736328312177,-0.1843497792802522,-1
120.990226,14.55323,-0.0457422563364472,-0.9627790273903276,2.211614843956646,-2.8895783383304305,2.665128383752436,-0.872635469584214,26
120.9882448,14.5417392,0.5940194868531478,-0.8400066379816786,1.7614918274948612,-2.9101217757917333,2.680708255197361,-0.1762628887112395,26
120.9882448,14.5417392,4.51508626770015,-0.8400066379816786,1.6802336567332918,-2.842080218570341,3.2032912559285456,0.9331109682328684,-1
120.9963776,14.5506331,-0.2464463947234902,-1.0428844555013426,3.239460992209791,-3.039860091173833,2.516635256188303,-2.173108145615759,26
121.059675,14.583771,0.0317710660751004,0.5187198064559623,-0.5561511184979405,-1.7521682274995711,-2.707839542413548,1.4350790366570405,23
121.092265,14.567197,0.3336577735386458,1.188372559191193,-0.404179254818136,1.8189185393212504,0.0160637278067329,1.0009019017918903,21
121.059675,14.583771,-0.3073497194754205,0.5187198064559623,-0.550312610788947,-1.7515960881818804,-2.7565949570967305,1.332305618763009,23
121.059675,14.583771,-0.0240904323039001,0.5187198064559623,-0.552881288438008,-1.751847803440428,-2.7351447937657007,1.3775212448476242,23
121.0791283,14.58824009,-0.256827643260751,1.0019403205684303,0.0279537586997412,1.2105932590139277,-0.5245926930033545,0.4195741398114164,21
121.072573,14.582943,0.0303868996034656,0.8132928589205618,0.1915537519527969,1.6618552449965789,-0.0989846033914149,2.14165568782851,-1
121.0775612,14.5739038,1.0546700886132023,0.8767614319198827,0.4037669016446797,1.7128821401621022,0.0168053675978909,0.932254105261267,21
121.059675,14.583771,-0.3018130535888814,0.5187198064559623,-0.5503854515982008,-1.7516032261515435,-2.7559866879913293,1.3335878126560905,23
121.0599336955,14.5881146029,-0.2896351569714385,0.5609541348061418,-0.3320218044761318,-0.7651967331126965,-2.2068518264441312,1.3582650594989554,23
121.0599336955,14.5881146029,-0.2941073988412905,0.5609541348061418,-0.3319945487944652,-0.765194062216658,-2.207079429477022,1.3577852862929378,23
121.0599336955,14.5881146029,-0.2771928845579135,0.5609541348061418,-0.3321069784813397,-0.7652050796628176,-2.2061405669663467,1.35976435076776,23
121.0599336955,14.5881146029,-0.2805577932504577,0.5609541348061418,-0.3320933506405064,-0.7652037442147983,-2.206254368482792,1.3595244641647517,23
121.0599336955,14.5881146029,-0.2811751314968068,0.5609541348061418,-0.3320933506405064,-0.7652037442147983,-2.206254368482792,1.3595244641647517,23
121.0599336955,14.5881146029,-0.2827074037809065,0.5609541348061418,-0.3320831297598814,-0.7652027426287837,-2.2063397196201264,1.3593445492124947,23
121.0599336955,14.5881146029,-0.2779403344525963,0.5609541348061418,-0.3321035715211314,-0.7652047458008127,-2.206169017345458,1.359704379117008,23
121.0599336955,14.5881146029,-0.2893334086806222,0.5609541348061418,-0.3320320253567567,-0.7651977346987111,-2.206766475306797,1.358444974451212,23
121.0599336955,14.5881146029,-0.2890773378833697,0.5609541348061418,-0.3320320253567567,-0.7651977346987111,-2.206766475306797,1.358444974451212,23
121.0599336955,14.5881146029,-0.2896960602961905,0.5609541348061418,-0.3320218044761318,-0.7651967331126965,-2.2068518264441312,1.3582650594989554,23
121.0599336955,14.5881146029,-0.2829302545828397,0.5609541348061418,-0.3320831297598814,-0.7652027426287837,-2.2063397196201264,1.3593445492124947,23
121.0599336955,14.5881146029,-0.2803432474473543,0.5609541348061418,-0.3320933506405064,-0.7652037442147983,-2.206254368482792,1.3595244641647517,23
121.0599336955,14.5881146029,-0.2832970586978229,0.5609541348061418,-0.3320831297598814,-0.7652027426287837,-2.2063397196201264,1.3593445492124947,23
121.0599336955,14.5881146029,-0.2773742103656977,0.5609541348061418,-0.332100164560923,-0.765204411938808,-2.2061974677245697,1.3596444074662557,23
121.0599336955,14.5881146029,-0.2886344046124466,0.5609541348061418,-0.3320320253567567,-0.7651977346987111,-2.206766475306797,1.358444974451212,23
121.0599336955,14.5881146029,-0.2883132779910273,0.5609541348061418,-0.3320320253567567,-0.7651977346987111,-2.206766475306797,1.358444974451212,23
121.0599336955,14.5881146029,-0.2881167263520552,0.5609541348061418,-0.3320320253567567,-0.7651977346987111,-2.206766475306797,1.358444974451212,23
121.0599336955,14.5881146029,-0.2885707329547514,0.5609541348061418,-0.3320320253567567,-0.7651977346987111,-2.206766475306797,1.358444974451212,23
121.0599336955,14.5881146029,-0.2883700288163643,0.5609541348061418,-0.3320320253567567,-0.7651977346987111,-2.206766475306797,1.358444974451212,23
121.0599336955,14.5881146029,-0.2787002418455238,0.5609541348061418,-0.3321069784813397,-0.7652050796628176,-2.2061405669663467,1.35976435076776,23
121.0599336955,14.5881146029,-0.286965099847655,0.5609541348061418,-0.3320388392771733,-0.7651984024227207,-2.2067095745485745,1.3585649177527164,23
121.0599336955,14.5881146029,-0.2890136662256745,0.5609541348061418,-0.3320320253567567,-0.7651977346987111,-2.206766475306797,1.358444974451212,23
121.0599336955,14.5881146029,-0.2885056771305846,0.5609541348061418,-0.3320320253567567,-0.7651977346987111,-2.206766475306797,1.358444974451212,23
121.0599336955,14.5881146029,-0.2875948955922489,0.5609541348061418,-0.3320320253567567,-0.7651977346987111,-2.206766475306797,1.358444974451212,23
121.081755,14.590053,-0.2605095260752995,1.1006066626289033,-0.0135219616014526,1.2052576588402268,-0.5073850831438201,0.6150975347055161,21
121.0599336955,14.5881146029,-0.2868986598570166,0.5609541348061418,-0.3320388392771733,-0.7651984024227207,-2.2067095745485745,1.3585649177527164,23
121.0599336955,14.5881146029,-0.2892642003570404,0.5609541348061418,-0.3320320253567567,-0.7651977346987111,-2.206766475306797,1.358444974451212,23
121.0599336955,14.5881146029,-0.2940492638494819,0.5609541348061418,-0.3319945487944652,-0.765194062216658,-2.207079429477022,1.3577852862929378,23
121.0599336955,14.5881146029,-0.2928367340203298,0.5609541348061418,-0.3320013627148818,-0.7651947299406676,-2.2070225287188,1.3579052295944425,23
121.0599336955,14.5881146029,-0.2827779962709599,0.5609541348061418,-0.3320831297598814,-0.7652027426287837,-2.2063397196201264,1.3593445492124947,23
121.0599336955,14.5881146029,-0.2806366907393409,0.5609541348061418,-0.3320933506405064,-0.7652037442147983,-2.206254368482792,1.3595244641647517,23
121.0599336955,14.5881146029,-0.2890053612268447,0.5609541348061418,-0.3320320253567567,-0.7651977346987111,-2.206766475306797,1.358444974451212,23
121.0599336955,14.5881146029,-0.2778323694678088,0.5609541348061418,-0.3321069784813397,-0.7652050796628176,-2.2061405669663467,1.35976435076776,23
121.0599336955,14.5881146029,-0.289141009541065,0.5609541348061418,-0.3320320253567567,-0.7651977346987111,-2.206766475306797,1.358444974451212,23
121.0599336955,14.5881146029,-0.2964383351795235,0.5609541348061418,-0.331970700073007,-0.7651917251826241,-2.2072785821308023,1.3573654847376724,23
121.0599336955,14.5881146029,-0.2878592713883312,0.5609541348061418,-0.3320320253567567,-0.7651977346987111,-2.206766475306797,1.358444974451212,23
121.0599336955,14.5881146029,-0.2797632816957393,0.5609541348061418,-0.3320865367200898,-0.7652030764907884,-2.206311269241015,1.359404520863247,23
121.0599336955,14.5881146029,-0.2970016909334789,0.5609541348061418,-0.331970700073007,-0.7651917251826241,-2.2072785821308023,1.3573654847376724,23
121.0599336955,14.5881146029,-0.2881167263520552,0.5609541348061418,-0.3320320253567567,-0.7651977346987111,-2.206766475306797,1.358444974451212,23
121.0599336955,14.5881146029,-0.2938803955399424,0.5609541348061418,-0.3319945487944652,-0.765194062216658,-2.207079429477022,1.3577852862929378,23
121.0599336955,14.5881146029,-0.2890690328845399,0.5609541348061418,-0.3320320253567567,-0.7651977346987111,-2.206766475306797,1.358444974451212,23
121.0599336955,14.5881146029,-0.278563209364832,0.5609541348061418,-0.3321035715211314,-0.7652047458008127,-2.206169017345458,1.359704379117008,23
121.0599336955,14.5881146029,-0.2783085227340511,0.5609541348061418,-0.3321069784813397,-0.7652050796628176,-2.2061405669663467,1.35976435076776,23
121.0599336955,14.5881146029,-0.2923716540858605,0.5609541348061418,-0.3320013627148818,-0.7651947299406676,-2.2070225287188,1.3579052295944425,23
121.0599336955,14.5881146029,-0.2943302496432237,0.5609541348061418,-0.3319945487944652,-0.765194062216658,-2.207079429477022,1.3577852862929378,23
121.0599336955,14.5881146029,-0.2877942155641643,0.5609541348061418,-0.3320320253567567,-0.7651977346987111,-2.206766475306797,1.358444974451212,23
121.0599336955,14.5881146029,-0.2825579138019699,0.5609541348061418,-0.3320831297598814,-0.7652027426287837,-2.2063397196201264,1.3593445492124947,23
121.0599336955,14.5881146029,-0.2787168518431834,0.5609541348061418,-0.3321035715211314,-0.7652047458008127,-2.206169017345458,1.359704379117008,23
121.059675,14.583771,-0.3080418027112379,0.5187198064559623,-0.5502491731898682,-1.75158987167135,-2.7571247031557844,1.331188946626003,23
121.0599305,14.58812746,-0.2962763890865087,0.5609984353907054,-0.3321069784813397,-0.7652050796628176,-2.2061405669663467,1.35976435076776,23
121.059675,14.583771,-0.3185614678956622,0.5187198064559623,-0.5518538659848432,-1.7479772538015763,-2.7514610004545723,1.3435146190357965,23
121.072573,14.582943,-0.3127479687147961,0.8132928589205618,0.4102200882405811,1.1721146733155314,-0.8759702950169046,0.4513518126229305,21
121.092265,14.567197,-0.2256838976489685,1.188372559191193,-0.3478600917958432,1.6813741779776823,-0.160643253466083,0.6137305826884952,21
121.059675,14.583771,-0.282001827468857,0.5187198064559623,-0.5503577870813093,-1.7516005151920642,-2.7562177050697136,1.3331008428519828,23
121.059675,14.583771,-0.1937860581434393,0.5187198064559623,-0.551266218951255,-1.7516895361570344,-2.7486316959834536,1.3490916838085474,23
121.059675,14.583771,-0.1881314612735169,0.5187198064559623,-0.5512644473319468,-1.751689362548792,-2.748646490180592,1.3490604985501562,23
121.059675,14.583771,-0.2921238882874379,0.5187198064559623,-0.5502181017127683,-1.7515868268498658,-2.7573841706132804,1.330642005171143,23
121.061458,14.582707,-0.3121943021261422,0.5521336425909504,-0.5192127531564653,-1.826529020687176,-2.8213614347166693,1.2686454683302546,23
121.059675,14.583771,-0.1881314612735169,0.5187198064559623,-0.551266218951255,-1.7516895361570344,-2.7486316959834536,1.3490916838085474,23
121.0977,14.549724,-0.2187630652907946,1.2354219717429469,-0.6281449035715964,1.7459826113657044,0.043710823357951,0.6961811745090235,21
121.06934,14.565391,-0.2862411807829901,0.636950016701364,0.3594687577176928,0.903610006786554,-0.8465096895683188,0.1956891084747833,21
121.06934,14.565391,0.4044578885627647,0.636950016701364,0.3135110969827416,0.9865482028158604,-0.6421812758917131,0.6353757761851373,21
121.061458,14.582707,-0.3139937185392674,0.5521336425909504,-0.5193831011668812,-1.8265457137874177,-2.8199389157611003,1.2716440508678644,23
121.059675,14.583771,-0.2415940607405273,0.5187198064559623,-0.5518027470448609,-1.7517421127455564,-2.7441513302809923,1.3585360193690026,23
121.061458,14.582707,-0.3149626350694117,0.5521336425909504,-0.5193156433547566,-1.8265391033197216,-2.8205022332675056,1.2704566121829708,23
121.059675,14.583771,-0.3073497194754205,0.5187198064559623,-0.5502423592694515,-1.7515892039473406,-2.757181603914008,1.3310690033244983,23
121.059675,14.583771,-0.2950494625418852,0.5187198064559623,-0.5501772181902685,-1.751582820505808,-2.757725575162617,1.3299223453621165,23
121.059675,14.583771,-0.2950494625418852,0.5187198064559623,-0.5501772181902685,-1.751582820505808,-2.757725575162617,1.3299223453621165,23
121.059675,14.583771,-0.274508432102825,0.5187198064559623,-0.5503577870813093,-1.7516005151920642,-2.7562177050697136,1.3331008428519828,23
121.085049,14.576282,1.0546700886132023,1.0672460776887924,0.3255419881595874,1.72815739389868,-0.0634616221643277,1.1052994972874028,21
121.059675,14.583771,-0.1711676706637497,0.5187198064559623,-0.551266218951255,-1.7516895361570344,-2.7486316959834536,1.3490916838085474,23
121.059675,14.583771,-0.2950494625418852,0.5187198064559623,-0.5501772181902685,-1.751582820505808,-2.757725575162617,1.3299223453621165,23
121.059675,14.583771,-0.2741297241561857,0.5187198064559623,-0.5505898692106999,-1.7516232578718338,-2.754279665244646,1.337186111701222,23
121.061458,14.582707,-0.3073497194754205,0.5521336425909504,-0.5195670770181303,-1.826563742335679,-2.818402595289085,1.2748825200084826,23
121.081755,14.590053,0.0857535584688568,1.1006066626289033,-0.0140253703129478,1.186870154845766,-0.4655475733579872,0.7014062241127478,21
121.061458,14.582707,-0.276425364249392,0.5521336425909504,-0.5232936433220439,-1.8187610888593804,-2.804045375095093,1.3059849955473497,23
121.059675,14.583771,-0.3143843995258863,0.5187198064559623,-0.5523163547016332,-1.7471417676035463,-2.7494065110630173,1.3479357615237133,23
121.061458,14.582707,-0.3045494953366444,0.5521336425909504,-0.5191684626737573,-1.826524680481113,-2.821731289645117,1.267865836870476,23
121.061458,14.582707,-0.3045494953366444,0.5521336425909504,-0.5191684626737573,-1.826524680481113,-2.821731289645117,1.267865836870476,23
121.06244,14.58745,-0.2998752205285926,0.6119244713198122,0.1675224012379164,-0.2821206739850523,-2.043078186895276,1.1656111223066503,23
121.059675,14.583771,-0.2932201481329726,0.5187198064559623,-0.5501299295825771,-1.7515781865011808,-2.7581204664246832,1.3290899388496762,23
121.059675,14.583771,-0.2932962772889125,0.5187198064559623,-0.5502181017127683,-1.7515868268498658,-2.7573841706132804,1.330642005171143,23
121.0599305,14.58812746,0.3942288983373838,0.5609984353907054,-0.3370504777436082,-0.7656895134318376,-2.1648590668757253,1.4467832160091911,23
121.06018421657,14.576422517926,0.1549618820505958,0.4840065841749429,-0.5208901917362397,-1.442266035830645,-2.4796183471117104,1.2344851652377,23
121.0618,14.58301,-0.3051350531208048,0.5622396968537868,-0.5068550639930932,-1.756972018002198,-2.7612793320998974,1.2474246718942654,23
121.0791283,14.58824009,-0.2907397218158031,1.0019403205684303,0.0284030686120141,1.2106372887351255,-0.5283447290005642,0.4116650785102173,21
121.059675,14.583771,-0.2903244718743127,0.5187198064559623,-0.5502215086729766,-1.751587160711871,-2.757355720234169,1.330701976821895,23
121.0791283,14.58824009,-0.1909587597084781,1.0019403205684303,0.0273583583337356,1.210534913289962,-0.5196207047498488,0.4300547854968695,21
121.059675,14.583771,-0.2906622084933916,0.5187198064559623,-0.5501537783040353,-1.7515805235352149,-2.7579213137709035,1.3295097404049414,23
121.06934,14.565391,-0.2630563923831075,0.636950016701364,0.3578535683751845,0.903835104195147,-0.8338085539926735,0.2225016710616077,21
121.059675,14.583771,-0.289917526931652,0.5187198064559623,-0.5502215086729766,-1.751587160711871,-2.757355720234169,1.330701976821895,23
121.092265,14.567197,-0.12187141227636,1.188372559191193,-0.3670391651358832,1.7246373173896532,-0.0931271361076224,0.7606837936839111,21
121.060157,14.569208,-0.1357130769927078,0.4391699481139164,-0.1208409290938959,0.3302410003521123,-1.1599780048058563,0.5994011415310252,27
121.059675,14.583771,-0.3059655530037857,0.5187198064559623,-0.5502215086729766,-1.751587160711871,-2.757355720234169,1.330701976821895,23
121.059675,14.583771,-0.3001066110009392,0.5187198064559623,-0.5501772181902685,-1.751582820505808,-2.757725575162617,1.3299223453621165,23
121.059675,14.583771,-0.0747921221124283,0.5187198064559623,-0.5540615616629754,-1.751963463254764,-2.7252887289301437,1.398297223817706,23
121.059675,14.583771,-0.2988218698436786,0.5187198064559623,-0.5501772181902685,-1.751582820505808,-2.757725575162617,1.3299223453621165,23
121.059675,14.583771,-0.3184230512484987,0.5187198064559623,-0.5500634938585148,-1.7515716761920863,-2.758675248817355,1.3279204916600085,23
121.061458,14.582707,-0.3059655530037857,0.5521336425909504,-0.5193728802862563,-1.8265447122014031,-2.820024266898434,1.2714641359156076,23
121.059675,14.583771,-0.3128863853619596,0.5187198064559623,-0.5502832427919514,-1.7515932102913985,-2.7568401993646705,1.3317886631335247,23
121.059675,14.583771,-0.3059655530037857,0.5187198064559623,-0.5502849462720555,-1.7515933772224008,-2.756825974175115,1.3318186489589008,23
121.085049,14.576282,-0.2412557704548597,1.0672460776887924,0.4435228309753619,1.4838150488043644,-0.5235126517889962,0.1092745146918527,21
121.059675,14.583771,-0.3087338859470552,0.5187198064559623,-0.5504740325636172,-1.7516119065636693,-2.755246978134433,1.3351470755756476,23
121.059675,14.583771,-0.0748097522407775,0.5187198064559623,-0.5540622771246191,-1.751963533365785,-2.72528275435053,1.398309817864364,23
121.089097,14.588464,0.0857535584688568,1.24993493043616,0.5497032760759899,1.4960352672799957,-0.5277539322612523,0.0831780274332079,21
121.061458,14.582707,-0.3034602116901267,0.5521336425909504,-0.5195875187793803,-1.826565745507708,-2.818231893014417,1.275242349912996,23
121.061458,14.582707,-0.2718468183945185,0.5521336425909504,-0.5202961665027103,-1.8266351888047143,-2.8123142141592488,1.2877164532694518,23
121.059675,14.583771,-0.2820018276903236,0.5187198064559623,-0.5503547889563261,-1.7516002213935,-2.7562427414033315,1.3330480677993208,23
121.059675,14.583771,-0.2901860552271492,0.5187198064559623,-0.5502215086729766,-1.751587160711871,-2.757355720234169,1.330701976821895,23
121.0615314,14.58236214,-0.31011805241869,0.5514079642247722,-0.5496625270039343,-1.8471459502660523,-2.841128116985524,1.294690227867023,23
121.059675,14.583771,-0.0748097522407775,0.5187198064559623,-0.5540622771246191,-1.751963533365785,-2.72528275435053,1.398309817864364,23
121.0775612,14.5739038,0.0857535584688568,0.8767614319198827,0.5074774710410518,1.4719335979086057,-0.3339140010372438,0.1671854118190876,21
121.0608823,14.58157362,-0.3146408163647566,0.5308588883199556,-0.5399234321056497,-1.8023286552323956,-2.811596303540181,1.2696894798628162,23
121.059675,14.583771,-0.1881314612735169,0.5187198064559623,-0.551266218951255,-1.7516895361570344,-2.7486316959834536,1.3490916838085474,23
121.059675,14.583771,-0.3080418027112379,0.5187198064559623,-0.5501299295825771,-1.7515781865011808,-2.7581204664246832,1.3290899388496762,23
121.059675,14.583771,-0.1849825517588714,0.5187198064559623,-0.5525092483832597,-1.7518113457094997,-2.7382515751646643,1.3709723405854846,23
121.061458,14.582707,-0.1772380711417512,0.5521336425909504,-0.5221330290990246,-1.8268151905046228,-2.796975192261345,1.3200501687724964,23
121.085818,14.56362,0.5978951529737252,1.0176745371715394,0.282814782705578,1.5071226272914058,-0.1155834712462062,0.6289498009735256,21
121.061458,14.582707,-0.2505988941383945,0.5521336425909504,-0.5203295887823539,-1.8266384639909816,-2.8120351159401658,1.2883047751633308,23
121.061458,14.582707,-0.3236828838407108,0.5521336425909504,-0.5191105443502159,-1.8265190048270308,-2.822214946090011,1.2668463188076888,23
121.06502,14.57153,3.823003031882761,0.5676134310002999,-0.1092086505400662,0.5051199016770791,-0.2218322577824424,2.170716649414927,-1
121.059675,14.583771,-0.3004288871172466,0.5187198064559623,-0.5505660204892416,-1.7516209208378,-2.7544788178984256,1.3367663101459568,23
121.059675,14.583771,-0.0748097522407775,0.5187198064559623,-0.5540622771246191,-1.751963533365785,-2.72528275435053,1.398309817864364,23
121.089097,14.588464,0.0857535584688568,1.24993493043616,0.5497032760759899,1.4960352672799957,-0.5277539322612523,0.0831780274332079,21
121.097561,14.55578,0.0857535584688568,1.2541973623571283,-0.6613983505058071,1.8062366661280416,0.1910580252351001,1.0132988948740578,21
121.061458,14.582707,-0.3163468015410465,0.5521336425909504,-0.5192838223464109,-1.8265359850485965,-2.820767959808406,1.2698964769649457,23
121.081755,14.590053,0.0857535584688568,1.1006066626289033,-0.0128859806104802,1.186981808316044,-0.4750622336442081,0.6813499049516921,21
121.0775612,14.5739038,-0.3059655530037857,0.8767614319198827,0.534812836313573,1.445859069684923,-0.5031748811368525,-0.1925573220326293,21
121.081755,14.590053,-0.3007057204115735,1.1006066626289033,0.0024430919439058,1.1670148865294985,-0.5590111831903783,0.5021871153344392,21
121.0619341,14.59083434,-0.3173434014006235,0.6313266763631034,0.2534414517900546,0.084624373127564,-1.749142039114184,0.9513127188375188,23
121.059675,14.583771,-0.3038581540140558,0.5187198064559623,-0.5502158871886329,-1.7515866098395627,-2.757402663359702,1.330603023598154,23
121.060157,14.569208,-0.2363142961511236,0.4391699481139164,-0.1193080262557943,0.329943943278588,-1.1718608655324512,0.5743068938156646,27
121.072573,14.582943,-0.3121943021261422,0.8132928589205618,0.4103291109672472,1.1721253568996863,-0.876880707148469,0.4494327197988603,21
121.085818,14.56362,0.5978951529737252,1.0176745371715394,0.282814782705578,1.5071226272914058,-0.1155834712462062,0.6289498009735256,21
121.059675,14.583771,-0.3045813865321509,0.5187198064559623,-0.5503070915134096,-1.7515955473254323,-2.756641046710891,1.3322084646887902,23
121.085818,14.56362,-0.297660554173977,1.0176745371715394,0.3820120566509255,1.3173917836099789,-0.5346307501079985,-0.2748476045624048,21
121.059675,14.583771,-0.3030396133293899,0.5187198064559623,-0.5502267894612995,-1.7515876781979782,-2.7573116221465463,1.3307949328805608,23
121.059675,14.583771,0.0442285643198134,0.5187198064559623,-0.5538298202296056,-1.7519407539611949,-2.7272239237173,1.3942179521335418,23
121.059675,14.583771,-0.3007956912322298,0.5187198064559623,-0.5503684167971593,-1.7516015568415193,-2.756128939886886,1.3332879544023295,23
121.059675,14.583771,-0.2948922212307074,0.5187198064559623,-0.5512662530208572,-1.7516895394956544,-2.7486314114796624,1.3490922835250547,23
121.059675,14.583771,-0.3092582082065105,0.5187198064559623,-0.5503272607178428,-1.751597523788501,-2.7564726204665515,1.3325634968612432,23
121.061458,14.582707,-0.2794117034119441,0.5521336425909504,-0.5196213158246468,-1.826569057418796,-2.817949665253632,1.2758372686884576,23
121.072573,14.582943,-0.1275464948100626,0.8132928589205618,0.406810811299322,1.17178058428453,-0.8475005696477227,0.5113642440976344,21
121.059675,14.583771,-0.3033247017925537,0.5187198064559623,-0.5504600299571609,-1.7516105343908297,-2.755363909192581,1.334900592091056,23
121.059675,14.583771,-0.3059283189256987,0.5187198064559623,-0.5504017709375987,-1.7516048253505467,-2.7558504106753854,1.3338750768631935,23
121.0575704,14.5782251,-0.1901800276515364,0.4319960587215373,-0.4144227291433827,-1.8821505144378088,-2.939861895792579,1.2586336602792254,23
121.059675,14.583771,-0.190129782408616,0.5187198064559623,-0.5529929004544324,-1.7518587407597062,-2.734212759346012,1.3794859161262658,23
121.059675,14.583771,-0.3087338859470552,0.5187198064559623,-0.5502457662296598,-1.7515895378093451,-2.757153153534896,1.3311289749752506,23
121.059675,14.583771,-0.1881314612735169,0.5187198064559623,-0.551266218951255,-1.7516895361570344,-2.7486316959834536,1.3490916838085474,23
121.061458,14.582707,0.2316225579156164,0.5521336425909504,-0.5259105643692007,-1.8271853666797269,-2.7654302654140133,1.3865449359770046,23
121.081755,14.590053,-0.0637364204676993,1.1006066626289033,-0.0056523578493841,1.1829550032400935,-0.5257492392644665,0.5740187493442135,21
121.059675,14.583771,-0.3208481109068028,0.5187198064559623,-0.5500679229067856,-1.7515721102126929,-2.75863826332451,1.3279984548059862,23
121.059675,14.583771,-0.31011805241869,0.5187198064559623,-0.5500617903784107,-1.751571509261084,-2.758689474006911,1.3278905058346322,23
121.059675,14.583771,-0.3121937484595535,0.5187198064559623,-0.5502615745250264,-1.7515910869290476,-2.757021143775819,1.3314072434347408,23
121.059675,14.583771,-0.3185809846429122,0.5187198064559623,-0.5501186525442875,-1.7515770814179448,-2.7582146371795417,1.3288914326856864,23
121.092265,14.567197,0.6463409794809424,1.188372559191193,-0.4029627567053304,1.8161304776459204,0.0118714814523497,0.9917665049483002,21
121.059675,14.583771,-0.3087338859470552,0.5187198064559623,-0.5504740325636172,-1.7516119065636693,-2.755246978134433,1.3351470755756476,23
121.0791283,14.58824009,-0.279790965025172,1.0019403205684303,0.0282974528455562,1.2106269390129756,-0.5274627672481113,0.4135241996835353,21
121.061458,14.582707,-0.0748097522407775,0.5521336425909504,-0.5231927981414238,-1.8269190416198475,-2.788125417334957,1.338704950455473,23
121.059675,14.583771,-0.2879713888725335,0.5187198064559623,-0.5502215086729766,-1.751587160711871,-2.757355720234169,1.330701976821895,23
121.0775612,14.5739038,-0.3018130535888814,0.8767614319198827,0.5349491147219056,1.4458724241651164,-0.5043128963013079,-0.1949561880627169,21
121.0775612,14.5739038,-0.0142386274420396,0.8767614319198827,0.5098081130918386,1.5040461274383237,-0.4188092409751761,-0.0084959832904155,21
121.0775612,14.5739038,-0.2907397218158031,0.8767614319198827,0.5349184520800309,1.445869419407073,-0.5040568428893054,-0.1944164432059473,21
121.081755,14.590053,-0.2930319014928303,1.1006066626289033,0.0027906018851542,1.167048940453992,-0.5619131218597397,0.4960700069577154,21
121.060157,14.569208,-0.1772380711417512,0.4391699481139164,-0.115881741490718,0.3205035998288433,-1.18041004583036,0.5552823389635666,27
121.059675,14.583771,-0.2921238882874379,0.5187198064559623,-0.5502181017127683,-1.7515868268498658,-2.7573841706132804,1.330642005171143,23
121.061458,14.582707,-0.3115022188903248,0.5521336425909504,-0.519379694206673,-1.826545379925413,-2.819967366140212,1.271584079217112,23
121.059675,14.583771,-0.2803999982726913,0.5187198064559623,-0.5503577870813093,-1.7516005151920642,-2.7562177050697136,1.3331008428519828,23
121.078654,14.559501,-0.2602880594398379,0.8272376202964847,0.8339268301052479,1.2431058578282177,-0.6548332202465263,-0.7106810269729609,21
121.078654,14.559501,-0.2187630652907946,0.8272376202964847,0.8339268301052479,1.2431058578282177,-0.6548332202465263,-0.7106810269729609,21
121.077937,14.571885,-0.191079735858099,0.8740183407873947,0.7561141957830856,1.2128768499563276,-0.7096416035529336,-0.2190658864747346,21
121.059675,14.583771,-0.3031972200605161,0.5187198064559623,-0.5501810339857018,-1.7515831944312532,-2.757693710738012,1.329989513610959,23
121.059675,14.583771,-0.3293095205479062,0.5187198064559623,-0.5504978812850754,-1.7516142435977031,-2.7550478254806534,1.3355668771309128,23
121.092265,14.567197,0.3336577735386458,1.188372559191193,-0.3681655634346362,1.7363796585153333,-0.1080451917395116,0.7304539996311022,21
121.0791283,14.58824009,-0.2935080547590727,1.0019403205684303,0.0284065437114266,1.2106376292743706,-0.5283737483872578,0.4116039074264501,21
121.059675,14.583771,-0.2907397218158031,0.5187198064559623,-0.5502215086729766,-1.751587160711871,-2.757355720234169,1.330701976821895,23
121.061458,14.582707,-0.3045494953366444,0.5521336425909504,-0.5191684626737573,-1.826524680481113,-2.821731289645117,1.267865836870476,23
121.0622934,14.58577674,-0.2835265534988199,0.5946906464521237,0.2636753261814699,-0.859751272067852,-2.5037749911586498,1.0363477976688278,23
121.0619341,14.59083434,-0.3138082402320684,0.6313266763631034,0.2533983537434193,0.0846201497732028,-1.748782141818425,0.952071360219534,23
121.0619341,14.59083434,-0.3138082402320684,0.6313266763631034,0.2533983537434193,0.0846201497732028,-1.748782141818425,0.952071360219534,23
121.0619341,14.59083434,-0.3138082402320684,0.6313266763631034,0.2533983537434193,0.0846201497732028,-1.748782141818425,0.952071360219534,23
121.0619341,14.59083434,-0.2988384798413382,0.6313266763631034,0.2530603151515501,0.0845870239850828,-1.7459592952029934,0.9580217474071666,23
121.061458,14.582707,-0.3162443732221455,0.5521336425909504,-0.5191957183554238,-1.826527351377152,-2.8215036866122265,1.2683456100764936,23
121.061458,14.582707,-0.3164796815223235,0.5521336425909504,-0.5191923113952155,-1.826527017515147,-2.8215321369913378,1.2682856384257415,23
121.061458,14.582707,-0.3126372353970653,0.5521336425909504,-0.5192604505993818,-1.8265336947552435,-2.82096312940911,1.2694850714407853,23
121.059675,14.583771,-0.2930319014928303,0.5187198064559623,-0.5502215086729766,-1.751587160711871,-2.757355720234169,1.330701976821895,23
121.085049,14.576282,0.1549618820505958,1.0672460776887924,0.415707607973917,1.5312796862446123,-0.394238058151543,0.3869288979685455,21
121.073997,14.560507,-0.2602880594398379,0.7219277155582349,0.968341830069131,1.1710018967877505,-0.7919279553941756,-0.7014142780938286,21
121.0622454,14.58396157,-0.2326047300071424,0.5795219218102379,-0.1784028424291893,-1.474046869102594,-2.6860595936989493,1.0941887828404069,23
121.0977,14.549724,-0.2948922212307074,1.2354219717429469,-0.6234745429338724,1.7400826199112993,0.0177574400720984,0.6408204942808956,21
121.059675,14.583771,-0.3166374765000898,0.5187198064559623,-0.5501855652427788,-1.75158363846772,-2.7576558717337942,1.3300692759064594,23
121.0619341,14.59083434,-0.3163468015410465,0.6313266763631034,0.2534645169106649,0.0846266333733368,-1.749334648180768,0.9509067107619265,23
121.061458,14.582707,-0.3018130535888814,0.5521336425909504,-0.5196972228980881,-1.826576495864264,-2.8173157908070303,1.2771734370672163,23
121.059675,14.583771,-0.1897004139691149,0.5187198064559623,-0.5530025080822198,-1.75185968225056,-2.7341325292769176,1.379655036181387,23
121.061458,14.582707,-0.3014214728940559,0.5521336425909504,-0.5196318092620884,-1.8265700857137708,-2.817862038085969,1.2760219813727742,23
121.059675,14.583771,-0.297660554173977,0.5187198064559623,-0.5504501838421589,-1.7516095695296354,-2.7554461307882128,1.3347272740203822,23
121.075788,14.563799,0.0303868996034656,0.7801120965617473,0.9465204126468204,1.1462874679052857,-0.6834601181306647,-0.759402779209142,21
121.0775612,14.5739038,-0.2492147276667597,0.8767614319198827,0.5302814123293417,1.4512615075290098,-0.4773326877706609,-0.1374834891088041,21
121.0584206,14.5884448,-0.3115022188903248,0.5299156595825485,-0.5395601604727362,-0.83625354952933,-2.035459799150641,1.0746161994438912,23
121.059675,14.583771,-0.2810505565143597,0.5187198064559623,-0.5533971725479437,-1.7451892693903035,-2.7446052505806846,1.3582677967248915,23
121.059675,14.583771,-0.1706022109767575,0.5187198064559623,-0.551266218951255,-1.7516895361570344,-2.7486316959834536,1.3490916838085474,23
121.072573,14.582943,-0.1287922446345339,0.8132928589205618,0.4068131280322636,1.1717808113106931,-0.8475199159055185,0.5113234633751229,21
121.059675,14.583771,-0.3092875525357091,0.5187198064559623,-0.5504535908023672,-1.7516099033916406,-2.755417680409101,1.3347872456711345,23
121.059675,14.583771,-0.0748097522407775,0.5187198064559623,-0.5540622771246191,-1.751963533365785,-2.72528275435053,1.398309817864364,23
121.0619341,14.59083434,-0.3183912154196511,0.6313266763631034,0.2535018571945481,0.0846302925009098,-1.749646464335829,0.9502494214696824,23
121.0619341,14.59083434,-0.3170887147698428,0.6313266763631034,0.2534724551279502,0.084627411271808,-1.7494009375640978,0.950766976815674,23
121.0619341,14.59083434,-0.3170887147698428,0.6313266763631034,0.2534724551279502,0.084627411271808,-1.7494009375640978,0.950766976815674,23
121.0619341,14.59083434,-0.3139203577162707,0.6313266763631034,0.2534009089635756,0.0846204001697064,-1.7488034796027587,0.95202638148147,23
121.080087,14.555413,-0.2533672270816641,0.8368400854525618,0.5827174334917669,1.428145354836632,-0.438216777360236,-0.6566022859312,21
121.064324,14.575822,-0.2865429290738064,0.5816840210500783,-0.1289961866211908,0.0555535877684281,-1.3217521184537928,0.3767281822644217,27
121.064324,14.575822,-0.2738362808641992,0.5816840210500783,-0.1290779536661904,0.0555455750803119,-1.3210693093551196,0.3781675018824743,27
121.060157,14.569208,-0.0111380945455777,0.4391699481139164,-0.1216510355080799,0.3377971954082881,-1.1688828649234135,0.5814139513409524,27
121.0775612,14.5739038,-0.1815013038743863,0.8767614319198827,0.5157630472977154,1.481946570001652,-0.4219864827499974,-0.0175215829849033,21
121.078654,14.559501,-0.2741297241561857,0.8272376202964847,0.8300924747674264,1.2563719251766567,-0.6508096189410678,-0.7007993420052054,21
121.059675,14.583771,-0.297660554173977,0.5187198064559623,-0.5504501838421589,-1.7516095695296354,-2.7554461307882128,1.3347272740203822,23
121.059675,14.583771,-0.3239597171350378,0.5187198064559623,-0.5499391398109112,-1.75155949022891,-2.7597136876549206,1.325731526407553,23
121.0868043,14.59085579,0.3625868527958126,1.168507987495902,0.2080943970662136,1.421082369968415,-0.2655196729218287,0.7136845381462155,21
121.061458,14.582707,-0.3011209703530639,0.5521336425909504,-0.5196420301427134,-1.8265710872997851,-2.8177766869486347,1.276201896325031,23
121.059675,14.583771,0.5978951529737252,0.5187198064559623,-0.6355773680196697,-1.555132669921815,-2.46490818575968,1.9681857921229988,23
121.0615314,14.58236214,-0.3087338859470552,0.5514079642247722,-0.5496693409243509,-1.8471466179900624,-2.841071216227301,1.2948101711685274,23
121.059675,14.583771,-0.3116406355374883,0.5187198064559623,-0.5503513819961177,-1.751599887531495,-2.756271191782443,1.3329880961485685,23
121.059675,14.583771,-0.2672088917980119,0.5187198064559623,-0.551427981421946,-1.7517053879250242,-2.747280871983245,1.3519391377862613,23
121.077937,14.571885,-0.3191151344843161,0.8740183407873947,0.7689530846030178,1.1941994106004523,-0.775942936124305,-0.3608711866808178,21
121.061458,14.582707,-0.3018130535888814,0.5521336425909504,-0.5195807048589637,-1.8265650777836984,-2.81828879377264,1.2751224066114917,23
121.061458,14.582707,-0.3201491068386273,0.5521336425909504,-0.5191395035119866,-1.826521842654072,-2.8219731178675644,1.2673560778390824,23
121.0619341,14.59083434,-0.2741297241561857,0.6313266763631034,0.2530678104640084,0.0845877584814934,-1.7460218860370385,0.9578898097755116,23
121.085818,14.56362,-0.191079735858099,1.0176745371715394,0.3714621575059853,1.342938722029807,-0.5010813042729224,-0.2013992136045208,21
121.089097,14.588464,-0.2939537563629391,1.24993493043616,0.5584311247395465,1.475421464488736,-0.5565782807525741,0.0202145091638801,21
121.061458,14.582707,-0.2672088917980119,0.5521336425909504,-0.5201292254525027,-1.8266188295664771,-2.8137082827357065,1.2847778423825944,23
121.059675,14.583771,0.0233444170065992,0.5187198064559623,-0.5535602274683215,-1.751914335460752,-2.729475202216384,1.389472395409521,23
121.059675,14.583771,-0.208035775135625,0.5187198064559623,-0.5531985786422086,-1.7518788960089384,-2.7324952099590574,1.3831064046821755,23
121.061458,14.582707,-0.3058963446802039,0.5521336425909504,-0.5195330074160471,-1.8265604037156309,-2.8186870990801998,1.2742828035009608,23
121.059675,14.583771,-0.3127479687147961,0.5187198064559623,-0.5502491731898682,-1.75158987167135,-2.7571247031557844,1.331188946626003,23
121.0619341,14.59083434,-0.3170887147698428,0.6313266763631034,0.2534724551279502,0.084627411271808,-1.7494009375640978,0.950766976815674,23
121.0619341,14.59083434,-0.3156436449734561,0.6313266763631034,0.2534398164491546,0.0846242128738017,-1.7491283829322106,0.95134150522988,23
121.0622934,14.58577674,-0.3129292945225803,0.5946906464521237,0.264380328457377,-0.8596821860031907,-2.5096622281081693,1.0239378639786765,23
121.089097,14.588464,-0.2962763877023422,1.24993493043616,0.5570557371973429,1.479184345066464,-0.5530916849525792,0.0279640904664546,21
121.061458,14.582707,-0.3040941599341354,0.5521336425909504,-0.5193899150872978,-1.8265463815114271,-2.8198820150028774,1.2717639941693686,23
121.0775612,14.5739038,-0.2980896457801838,0.8767614319198827,0.5344959890141995,1.4458280205184728,-0.5005289958794935,-0.1869799585126754,21
121.059675,14.583771,-0.3018130535888814,0.5187198064559623,-0.5504501838421589,-1.7516095695296354,-2.7554461307882128,1.3347272740203822,23
121.0622222,14.58499464,-0.2722728648344877,0.5868628821372049,0.2603098461387702,-1.1648440232423585,-2.7459794173066454,1.1183950903244222,23
121.089097,14.588464,-0.3198072177201335,1.24993493043616,0.5572946060378781,1.477578402946035,-0.5517426363722039,0.0306405672727771,21
121.059675,14.583771,-0.297660554173977,0.5187198064559623,-0.5504501838421589,-1.7516095695296354,-2.7554461307882128,1.3347272740203822,23
121.0615314,14.58236214,-0.2763443905108014,0.5514079642247722,-0.5499487116614329,-1.8471739946744588,-2.838738285140167,1.2997278465302071,23
121.059675,14.583771,-0.2771748903937823,0.5187198064559623,-0.5505898692106999,-1.7516232578718338,-2.754279665244646,1.337186111701222,23
121.059675,14.583771,-0.2983526374097944,0.5187198064559623,-0.5503104984736179,-1.751595881187437,-2.75661259633178,1.3322684363395425,23
121.0615314,14.58236214,-0.203260400808485,0.5514079642247722,-0.5508481491564287,-1.847262134243736,-2.831227385054761,1.315560362328786,23
121.059675,14.583771,0.2313678712848356,0.5187198064559623,-0.5567769089490043,-1.75222955127262,-2.7026137767783687,1.4460946294672032,23
121.059675,14.583771,-0.1679170941217626,0.5187198064559623,-0.5507754122636449,-1.7516414399966174,-2.75273025759824,1.3404521678011865,23
121.0619341,14.59083434,-0.3170887147698428,0.6313266763631034,0.2534724551279502,0.084627411271808,-1.7494009375640978,0.950766976815674,23
121.0619341,14.59083434,-0.3170887147698428,0.6313266763631034,0.2534724551279502,0.084627411271808,-1.7494009375640978,0.950766976815674,23
121.0619341,14.59083434,-0.3170887147698428,0.6313266763631034,0.2534724551279502,0.084627411271808,-1.7494009375640978,0.950766976815674,23
121.0625354,14.58449777,-0.3087338859470552,0.5902577398868353,0.2742007409956648,-1.236977795517081,-2.8056377839066644,1.1220874440472346,23
121.059675,14.583771,0.3548355205546579,0.5187198064559623,-0.7131181537655806,-1.4384852958882377,-2.0723693965759744,2.8083859016075383,-1
121.059675,14.583771,-0.3154304833368243,0.5187198064559623,-0.5500475152151378,-1.7515701103792838,-2.758808681095388,1.327639224617981,23
121.061458,14.582707,-0.3164796815223235,0.5521336425909504,-0.5191923113952155,-1.826527017515147,-2.8215321369913378,1.2682856384257415,23
121.059675,14.583771,-0.1426339093508817,0.5187198064559623,-0.5719042805928785,-1.7057898898236472,-2.6746361224022315,1.5099884730431834,23
121.059675,14.583771,-0.3105914373519891,0.5187198064559623,-0.5504753953477004,-1.7516120401084712,-2.7552355979827885,1.3351710642359484,23
121.059675,14.583771,-0.2907397218158031,0.5187198064559623,-0.5503684167971593,-1.7516015568415193,-2.756128939886886,1.3332879544023295,23
121.093698,14.601887,-0.285203055929264,1.1074854238667446,-0.5654099207622599,1.6264973424789804,-0.1603556540871967,0.7437983002521995,21
121.093698,14.601887,-0.2935080547590727,1.1074854238667446,-0.5657933184135162,1.6262361355155852,-0.1566950815004014,0.7514916085233841,21
121.0613436,14.588316,-0.3239597171350378,0.594626295334382,0.0453910326580247,-0.3135337467531937,-2.070106721189438,1.364323425598209,23
121.0598618,14.58809119,0.2518535336808639,0.5591189747848507,-0.5622970919198224,-0.5905292761369496,-1.7958645707579337,2.1780868102418065,-1
121.0747037,14.56209137,-0.3191151344843161,0.7458895467435196,0.9595474610569742,1.1898998563596712,-0.787254087093564,-0.6850377809527579,21
121.0615314,14.58236214,-0.266101558620704,0.5514079642247722,-0.5500747691891407,-1.8471863475686376,-2.837685621113046,1.3019467976080383,23
121.0615314,14.58236214,-0.3154304833368243,0.5514079642247722,-0.5494676829496206,-1.847126856697996,-2.842755194166904,1.291260449160505,23
121.0622454,14.58396157,-0.2326047300071424,0.5795219218102379,-0.1786819746790567,-1.4740742224166503,-2.6837286541383536,1.0991022601865337,23
121.0615314,14.58236214,-0.0443580898648124,0.5514079642247722,-0.5528037443160029,-1.8474537710345127,-2.8148968674448254,1.3499840898605444,23
121.059675,14.583771,-0.3115022188903248,0.5187198064559623,-0.5503173123940345,-1.751596548911447,-2.7565556955735566,1.3323883796410467,23
121.059675,14.583771,0.0233444170065992,0.5187198064559623,-0.5535418298831966,-1.7519125326059255,-2.7296288342635853,1.389148548495459,23
121.0775612,14.5739038,0.2241702056323347,0.8767614319198827,0.4960160358647887,1.505122635989687,-0.3086191025719491,0.224027269229348,21
121.059675,14.583771,-0.3004288871172466,0.5187198064559623,-0.5505592065688251,-1.7516202531137903,-2.7545357186566486,1.3366463668444524,23
121.06173,14.58709,-0.3031280117369344,0.5926863923760955,0.1633176238494143,-0.6812081442965809,-2.359386832385224,1.2206984680934885,23
121.085049,14.576282,0.1549618820505958,1.0672460776887924,0.4259284885988692,1.5322812722591266,-0.4795891954857015,0.2070139457119686,21
121.092265,14.567197,-0.2741297241561857,1.188372559191193,-0.3428062566215333,1.6782592958988432,-0.1954374042039608,0.540016111583955,21
121.061458,14.582707,-0.3027764334531391,0.5521336425909504,-0.5196972228980881,-1.826576495864264,-2.8173157908070303,1.2771734370672163,23
121.060157,14.569208,-0.2092123166365146,0.4391699481139164,-0.1205804417398426,0.3304582147949255,-1.1625466308694532,0.594006310313625,27
121.0775612,14.5739038,-0.2894505091641225,0.8767614319198827,0.5346331873017884,1.4458414651414078,-0.501674692646309,-0.1893950168884662,21
121.061458,14.582707,-0.3115022188903248,0.5521336425909504,-0.519379694206673,-1.826545379925413,-2.819967366140212,1.271584079217112,23
121.061458,14.582707,-0.31011805241869,0.5521336425909504,-0.519379694206673,-1.826545379925413,-2.819967366140212,1.271584079217112,23
121.06934,14.565391,-0.2602880594398379,0.636950016701364,0.3578535683751845,0.903835104195147,-0.8338085539926735,0.2225016710616077,21
121.059675,14.583771,-0.2792511401012345,0.5187198064559623,-0.5502866497521597,-1.7515935441534032,-2.7568117489855597,1.331848634784277,23
121.059675,14.583771,-0.3043737615614057,0.5187198064559623,-0.5502866497521597,-1.7515935441534032,-2.7568117489855597,1.331848634784277,23
121.0619341,14.59083434,-0.3059655530037857,0.6313266763631034,0.2531427635885914,0.0845951034455998,-1.746647794377489,0.9565704334589636,23
121.059675,14.583771,-0.3043737615614057,0.5187198064559623,-0.5502866497521597,-1.7515935441534032,-2.7568117489855597,1.331848634784277,23
121.059675,14.583771,-0.3018130535888814,0.5187198064559623,-0.5501625001221686,-1.7515813782219471,-2.7578484808003783,1.329663267830867,23
121.061458,14.582707,-0.297660554173977,0.5521336425909504,-0.519356799434073,-1.8265431363727405,-2.82015855268784,1.2711810697240573,23
121.059675,14.583771,-0.2921238882874379,0.5187198064559623,-0.5502215086729766,-1.751587160711871,-2.757355720234169,1.330701976821895,23
121.06175214399,14.58573396848,-0.3045813865321509,0.5819341217693367,0.2955639669942931,-0.9808343620875896,-2.6029609871089927,1.0368768033001896,23
121.061458,14.582707,-0.0748097522407775,0.5521336425909504,-0.5231927981414238,-1.8269190416198475,-2.788125417334957,1.338704950455473,23
121.06173,14.58709,-0.3125818687381999,0.5926863923760955,0.1634300535362889,-0.6811971268504213,-2.3603256948959,1.218719403618666,23
121.059675,14.583771,-0.3080418027112379,0.5187198064559623,-0.5501299295825771,-1.7515781865011808,-2.7581204664246832,1.3290899388496762,23
121.061458,14.582707,-0.3045813865321509,0.5521336425909504,-0.5193558454852146,-1.8265430428913791,-2.8201665187939917,1.2711642776618468,23
121.061458,14.582707,-0.3211913841917683,0.5521336425909504,-0.5192141159405487,-1.8265291542319773,-2.8213500545650247,1.2686694569905554,23
121.06934,14.565391,0.6691797262629163,0.636950016701364,0.3257371942771536,0.9829540827721388,-0.7344427094144153,0.4404024774830821,21
121.061458,14.582707,-0.3094259691828726,0.5521336425909504,-0.5192945202014649,-1.826537033375292,-2.820678625617996,1.2700847879483073,23
121.059675,14.583771,-0.2969684709381596,0.5187198064559623,-0.5503854515982008,-1.7516032261515435,-2.7559866879913293,1.3335878126560905,23
121.059675,14.583771,-0.2900476385799857,0.5187198064559623,-0.5502215086729766,-1.751587160711871,-2.757355720234169,1.330701976821895,23
121.061458,14.582707,-0.3188383011899891,0.5521336425909504,-0.5192672645197984,-1.8265343624792527,-2.8209062286508875,1.2696050147422897,23
121.059675,14.583771,-0.3076265527697474,0.5187198064559623,-0.5502491731898682,-1.75158987167135,-2.7571247031557844,1.331188946626003,23
121.072573,14.582943,-0.2907397218158031,0.8132928589205618,0.4103325179274555,1.1721256907616913,-0.8769091575275804,0.449372748148108,21
121.0622552,14.58579159,-0.2835558978280186,0.5939338881386295,0.2636648327440283,-0.8597523003628267,-2.503687363990987,1.0365325103531446,23
121.0635646,14.5839716,-0.2763443905108014,0.610129105840723,0.3424009431074392,-0.8674835539615364,-2.502335641367843,0.9841169019852432,23
121.0613293,14.58528897,-0.2424323119557493,0.5686587508712401,-0.0523630540542535,-1.214954935775756,-2.626318718799667,1.2192761499126048,23
121.0791283,14.58824009,-0.2879713888725335,1.0019403205684303,0.0282697883286647,1.2106242280534965,-0.5272317501697268,0.4140111694876431,21
121.059675,14.583771,-0.31011805241869,0.5187198064559623,-0.5502525801500765,-1.7515902055333548,-2.757096252776673,1.331248918276755,23
121.059675,14.583771,-0.3081802193584013,0.5187198064559623,-0.5502491731898682,-1.75158987167135,-2.7571247031557844,1.331188946626003,23
121.075788,14.563799,-0.2907397218158031,0.7801120965617473,0.9578565736855283,1.13455523417768,-0.7517678753608875,-0.90470953649936,21
121.081755,14.590053,-0.2907397218158031,1.1006066626289033,0.0028723689301538,1.167056953142108,-0.562595930958413,0.4946306873396628,21
121.061458,14.582707,0.1134368879015524,0.5521336425909504,-0.5306034255585064,-1.814802128751648,-2.7525984714206646,1.4149117720325075,23
121.059675,14.583771,-0.3103672023835843,0.5187198064559623,-0.5501742200652852,-1.7515825267072438,-2.757750611496235,1.3298695703094543,23
121.081755,14.590053,-0.3087338859470552,1.1006066626289033,0.0025555216307803,1.167025903975658,-0.559950045701054,0.5002080508596167,21
121.059675,14.583771,-0.2983526374097944,0.5187198064559623,-0.5503854515982008,-1.7516032261515435,-2.7559866879913293,1.3335878126560905,23
121.0775612,14.5739038,-0.3131632186562865,0.8767614319198827,0.5348060223931563,1.445858401960913,-0.5031179803786296,-0.1924373787311248,21
121.059675,14.583771,-0.3040830866023624,0.5187198064559623,-0.5506103109719498,-1.751625261043863,-2.754108962969977,1.3375459416057351,23
121.0775612,14.5739038,-0.2908781384629666,0.8767614319198827,0.5338891075230414,1.4482285485169673,-0.5005095575125197,-0.1866864920306018,21
121.061458,14.582707,-0.3153778850109022,0.5521336425909504,-0.5192229740370903,-1.8265300222731904,-2.821276083579335,1.2688253832825112,23
121.061458,14.582707,-0.3139245102156857,0.5521336425909504,-0.519423984689381,-1.8265497201314755,-2.8195975112117635,1.2723637106768906,23
121.072573,14.582943,-0.1287922446345339,0.8132928589205618,0.406812855475447,1.171780784601733,-0.8475176398751896,0.511328261107183,21
121.059675,14.583771,-0.3128863853619596,0.5187198064559623,-0.5502525801500765,-1.7515902055333548,-2.757096252776673,1.331248918276755,23
121.06934,14.565391,-0.2082434001063703,0.636950016701364,0.3584623303227393,0.9079521599017288,-0.8472187432114482,0.1946502634928783,21
121.089097,14.588464,-0.3018130535888814,1.24993493043616,0.5563062059515131,1.4791108954253998,-0.5468326015480742,0.0411578536319369,21
121.06934,14.565391,-0.2492147276667597,0.636950016701364,0.3594582916442218,0.8998071648380797,-0.8386201796955454,0.2119294961482343,21
121.059675,14.583771,-0.3031972200605161,0.5187198064559623,-0.5502852188288722,-1.7515934039313612,-2.7568236981447862,1.331823446690961,23
121.0615314,14.58236214,-0.3080418027112379,0.5514079642247722,-0.5496693409243509,-1.8471466179900624,-2.841071216227301,1.2948101711685274,23
121.0615314,14.58236214,-0.3080418027112379,0.5514079642247722,-0.5496693409243509,-1.8471466179900624,-2.841071216227301,1.2948101711685274,23
121.072573,14.582943,-0.3127479687147961,0.8132928589205618,0.4087495960163104,1.175484857758238,-0.8709027444786392,0.4623946000162811,21
121.059675,14.583771,-0.2900476385799857,0.5187198064559623,-0.5507908798629907,-1.7516429557301192,-2.7526010928770743,1.3407244390956017,23
121.0977,14.549724,-0.2948922212307074,1.2354219717429469,-0.6234949846951222,1.7400806167392702,0.0179281423467667,0.6411803241854088,21
121.061458,14.582707,-0.3105333023601804,0.5521336425909504,-0.5193160862595836,-1.8265391467217824,-2.820498534718221,1.2704644084975687,23
121.0775612,14.5739038,-0.2492147276667597,0.8767614319198827,0.5303215166627309,1.451169593407845,-0.4774708936944317,-0.1377846560377137,21
121.081755,14.590053,-0.301480853635689,1.1006066626289033,0.0025078241878638,1.1670212299075904,-0.5595517403934946,0.5010476539701475,21
121.077937,14.571885,-0.2907397218158031,0.8740183407873947,0.7705689457752448,1.1919616527322054,-0.7845191524586264,-0.3791952570389515,21
121.0575704,14.5782251,-0.3058963446802039,0.4319960587215373,-0.4118334393850615,-1.8818967793141324,-2.961484183917232,1.2130552057075592,23
121.072573,14.582943,-0.283106597391326,0.8132928589205618,0.409780590373708,1.1720716051169071,-0.8723001961115359,0.4590881555699632,21
121.059675,14.583771,-0.3130524853385558,0.5187198064559623,-0.5501980347171413,-1.7515848604026576,-2.757551743346246,1.3302887721482124,23
121.06934,14.565391,-0.2256838976489685,0.636950016701364,0.3594582916442218,0.8998071648380797,-0.8386201796955454,0.2119294961482343,21
121.061458,14.582707,-0.3153778850109022,0.5521336425909504,-0.5192229740370903,-1.8265300222731904,-2.821276083579335,1.2688253832825112,23
121.059675,14.583771,-0.0443580898648124,0.5187198064559623,-0.5533835765815202,-1.7518970247158012,-2.7309503543733094,1.3863628653180198,23
121.072573,14.582943,-0.2907397218158031,0.8132928589205618,0.4095655093065066,1.1745105272459582,-0.8755525513423713,0.4524848822155348,21
121.059675,14.583771,-0.1011089152018383,0.5187198064559623,-0.5540622771246191,-1.751963533365785,-2.72528275435053,1.398309817864364,23
121.059675,14.583771,-0.3022006202009391,0.5187198064559623,-0.5503684167971593,-1.7516015568415193,-2.756128939886886,1.3332879544023295,23
121.085049,14.576282,0.1549618820505958,1.0672460776887924,0.4259284885988692,1.5322812722591266,-0.4795891954857015,0.2070139457119686,21
121.081755,14.590053,-0.31011805241869,1.1006066626289033,0.0028791828505704,1.1670576208661176,-0.5626528317166357,0.4945107440381585,21
121.061458,14.582707,-0.313578468597777,0.5521336425909504,-0.519356799434073,-1.8265431363727405,-2.82015855268784,1.2711810697240573,23
121.0619341,14.59083434,-0.297660554173977,0.6313266763631034,0.2534007386155652,0.0846203834766062,-1.748802057083803,0.9520293800640076,23
121.0775612,14.5739038,-0.3127479687147961,0.8767614319198827,0.5348060223931563,1.445858401960913,-0.5031179803786296,-0.1924373787311248,21
121.059675,14.583771,-0.3080418027112379,0.5187198064559623,-0.5501299295825771,-1.7515781865011808,-2.7581204664246832,1.3290899388496762,23
121.082952,14.561455,-0.2000768179237251,0.9406518153310316,0.9183496821037036,1.155024067491819,-0.7616497180394854,-0.5290795348267493,21
121.061458,14.582707,-0.3018130535888814,0.5521336425909504,-0.5198566686358373,-1.82659212060609,-2.8159843130646176,1.279980110322419,23
121.087967,14.613073,0.3863114661196328,0.8305204497915333,-0.4858486710563658,1.4969864212754496,0.0660168293888962,1.7231571121660194,-1
121.081755,14.590053,0.2933785292140737,1.1006066626289033,-0.040288747545485,1.2258928422186746,-0.3315952167518239,0.9880389632151984,21
121.06173,14.58709,-0.3124037265133005,0.5926863923760955,0.1634266806456826,-0.6811974573738062,-2.3602975290205794,1.2187787755529107,23
121.061458,14.582707,-0.3170388847768639,0.5521336425909504,-0.519219567076882,-1.8265296884111852,-2.821304533958447,1.268765411631759,23
121.059675,14.583771,-0.3073497194754205,0.5187198064559623,-0.5503597971878322,-1.7516007121706474,-2.7562009193460377,1.3331362261259263,23
121.029926,14.624843,0.5010034999592906,-0.2895956834813257,2.2892134609679005,0.7682172439962519,0.6385029039108913,0.925154164709734,28
121.035979,14.637561,-0.3232676338992204,-0.5170811844371812,2.1670790013570564,0.3361182647070253,0.2823325134594499,0.2803276749955438,28
121.029926,14.624843,0.5010034999592906,-0.2895956834813257,2.2892134609679005,0.7682172439962519,0.6385029039108913,0.925154164709734,28
121.035979,14.637561,0.5010034999592906,-0.5170811844371812,2.0898111347921957,0.3751222114801863,0.4791629299543959,0.8052972435303427,28
121.0443089,14.6621443,-0.1080297475600122,-0.5591537777138932,1.4639736420888558,1.249382053423564,1.034901021297976,0.6267340894467266,28
121.014874,14.612176,-0.1772380711417512,-0.3475558058583476,2.2526379799212006,1.2531630987728584,0.7116245022741001,0.5095731041799964,28
121.017741,14.650571,-0.0803464181273166,-0.9395175613432584,2.042504059328581,0.4775180972424732,0.5129125240361339,0.3585220222716971,28
121.0502673949,14.6219566045,-0.2595109883826622,0.0017427045007508,2.664377097878361,-0.424603864010683,-0.2972155079234344,-0.1734077881055729,28
121.007705,14.65593,-0.2256838976489685,-1.0290804706715748,1.3487280593502242,1.1571389490055517,1.0712938991379992,0.9361921209273344,28
121.032076,14.632936,-0.0554314216378906,-0.4634728520913151,2.91306747209135,0.3860953687229822,0.0696242930399857,0.2230839817389214,28
121.0502673949,14.6219566045,-0.3142816251653674,0.0017427045007508,2.6648200027054423,-0.424560461950054,-0.3009140572079146,-0.1812041027033579,28
121.055367,14.636301,-0.1633964064254034,-0.1474443269900738,3.8603568378984656,0.429043836083438,1.2235804312051015,-2.5244888624951165,-1
121.03781,14.650205,-0.2273867559931989,-0.6878338705984789,3.1045115498610296,0.688001593842544,-0.0707310746809439,0.3367639084815889,28
121.082236,14.696697,-0.12187141227636,0.639366627740989,1.7239334447189651,1.1188017827033605,1.0303267781377423,0.142232764655019,28
121.023475,14.654904,-0.0872672504854905,-1.044102833433685,3.011502096088185,-0.0154880298642154,-0.0789916326041427,-0.3534305491781113,28
121.03781,14.650205,-0.0617307632503005,-0.6878338705984789,3.102818290637496,0.6878356644261394,-0.0565912362625849,0.3665698189054285,28
121.0300173,14.6288755,0.5010034999592906,-0.3856036777148015,2.971439545246219,0.5345271786998008,0.3129967341701293,0.4166920147197009,28
121.0302074,14.642287,-0.313578468597777,-0.692076192325044,2.373126725230735,0.6713598505327945,0.4512070690268266,0.0508734047292936,28
121.035979,14.637561,-0.2492147276667597,-0.5170811844371812,2.1244939058258003,0.3403749629732138,0.2678221390765212,0.3558885849410396,28
121.035979,14.637561,-0.2492147276667597,-0.5170811844371812,2.1244939058258003,0.3403749629732138,0.2678221390765212,0.3558885849410396,28
121.03781,14.650205,-0.1984061289924619,-0.6878338705984789,3.104201516482073,0.6879712124001037,-0.0681420901818078,0.3422213287000384,28
121.03781,14.650205,-0.2361537328404139,-0.6878338705984789,3.1045115498610296,0.688001593842544,-0.0707310746809439,0.3367639084815889,28
121.0572,14.61777,-0.2049214005744468,0.1895861511250358,2.43873023463756,-0.2858016660099647,-0.1983562777424544,-0.0838372983745505,28
121.0572,14.61777,-0.2049214005744468,0.1895861511250358,2.43873023463756,-0.2858016660099647,-0.1983562777424544,-0.0838372983745505,28
121.03781,14.650205,0.3086334278979606,-0.6878338705984789,3.099789503012302,0.6875388611038383,-0.0312988492325627,0.4198846164241275,28
121.0528,14.6462,-0.1633964064254034,-0.3137718252127882,3.3487388809443197,1.328064859500754,0.2978156002856532,0.0849305683887637,28
121.00867,14.63416,-0.0349457578576959,-0.5420754973548293,1.7612848761172517,1.065093042765385,1.0277559354386605,0.7140584401146678,28
121.023475,14.719623,0.5248111632714088,0.4117271445049247,1.0861943445623636,1.738065352610208,1.8177351182227457,2.329216800118295,-1
121.077221,14.616594,-0.3018130535888814,0.5677509185767988,2.27020978041713,0.9384046180686556,0.3982837010594518,0.4786979850804929,29
121.031,14.66588,0.1549618820505958,-0.8166524370386816,2.164982368909618,1.1624369678163784,0.8904617636902975,0.200556266193245,28
121.0245,14.66958,-0.1772380711417512,-0.8236465475579511,1.6932097159580572,1.4012648232382516,1.1234938017515812,0.5772060183696963,28
121.00867,14.63416,-0.0349457578576959,-0.5420754973548293,1.7629670967897106,1.065257890468894,1.0137082762486225,0.6844468378392653,28
121.0129698,14.6222696,-0.1620509966149744,-0.4040833719195183,2.6331695619384203,1.1420551297898405,0.5285753580415804,0.117370104685815,28
121.000537,14.64016,-0.2118422329326207,-0.7081984459830815,1.7891433781017063,0.7030757440450206,0.7155776727552609,0.5786863063511282,28
121.0154,14.62435,0.0727562353002062,-0.3441216843681616,2.623667788313473,1.2382545586478946,0.5152918125778599,0.2129262517183075,28
121.0572,14.61777,-0.0803464181273166,0.1895861511250358,2.42689094335496,-0.2748215928800325,-0.1244046419078203,0.0732942677130104,28
121.0521,14.7214,0.0303868996034656,0.6235616518274608,1.3716152789787055,1.492671375231396,1.326360501655984,1.139012984227461,28
121.031,14.66588,-0.052663088694621,-0.8166524370386816,2.164982368909618,1.1624369678163784,0.8904617636902975,0.200556266193245,28
121.0443089,14.6621443,-0.2187630652907946,-0.5591537777138932,1.462974320218432,1.260465938524673,1.020298636297614,0.5971008483404746,28
121.0521,14.7214,0.0303868996034656,0.6235616518274608,1.3697687065457975,1.492490422024774,1.3417806071343554,1.1715176189351493,28
121.0521,14.7214,0.0303868996034656,0.6235616518274608,1.3697700693298809,1.4924905555695758,1.3417692269827108,1.1714936302748484,28
120.995518,14.623427,-0.3020898868832083,-0.8264633419072211,2.9254749156050583,0.6788199402396555,0.2336013155310578,-0.1578095253996117,28
121.035979,14.637561,-0.2492147276667597,-0.5170811844371812,2.1244939058258003,0.3403749629732138,0.2678221390765212,0.3558885849410396,28
121.03781,14.650205,0.3086334278979606,-0.6878338705984789,3.099789503012302,0.6875388611038383,-0.0312988492325627,0.4198846164241275,28
121.03781,14.650205,-0.1051894379602177,-0.6878338705984789,3.1034247295545763,0.6878950918630007,-0.0616554037444117,0.3558948650715383,28
121.00815,14.61291,-0.3020898868832083,-0.5106046560875177,2.5758686712202903,0.952773963085766,0.4264888978747483,0.1651212949296253,28
121.031,14.66588,0.5010034999592906,-0.8166524370386816,2.126583954069015,1.211498630483713,1.1027072853019255,0.6533786294288589,28
121.06821,14.702178,-0.2672088917980119,0.4588363910487865,2.117667557317892,1.0501693062552042,0.8453407865549839,-0.1612296425203308,28
120.995518,14.623427,-0.3020898868832083,-0.8264633419072211,2.9254749156050583,0.6788199402396555,0.2336013155310578,-0.1578095253996117,28
121.035979,14.637561,0.5010034999592906,-0.5170811844371812,2.0898111347921957,0.3751222114801863,0.4791629299543959,0.8052972435303427,28
121.038526,14.62746,-0.2907397218158031,-0.2716553265934593,3.0277737069768613,0.272437267734979,0.1809708836407026,-0.5420559141441298,28
121.029926,14.624843,-0.225268647707478,-0.2895956834813257,2.3212112962124034,0.7379869528291954,0.4397734293392712,0.5028200065561045,28
121.081903,14.605396,-0.096956415786934,0.8319321643272745,1.226981609364762,0.756990176058931,0.75096555014371,1.1000739597818987,28
121.042788,14.6820013,-0.1703172387835773,-0.3298365971173764,1.472099716835011,1.3959566685531484,1.2019848439714973,0.7312609999769072,28
121.042788,14.6820013,-0.1703172387835773,-0.3298365971173764,1.472099716835011,1.3959566685531484,1.2019848439714973,0.7312609999769072,28
121.029926,14.624843,-0.225268647707478,-0.2895956834813257,2.3212112962124034,0.7379869528291954,0.4397734293392712,0.5028200065561045,28
121.029926,14.624843,-0.225268647707478,-0.2895956834813257,2.3212112962124034,0.7379869528291954,0.4397734293392712,0.5028200065561045,28
121.042788,14.6820013,-0.1703172387835773,-0.3298365971173764,1.472099716835011,1.3959566685531484,1.2019848439714973,0.7312609999769072,28
121.081903,14.605396,-0.096956415786934,0.8319321643272745,1.226981609364762,0.756990176058931,0.75096555014371,1.1000739597818987,28
121.081903,14.605396,-0.096956415786934,0.8319321643272745,1.226981609364762,0.756990176058931,0.75096555014371,1.1000739597818987,28
121.031,14.66588,0.1549618820505958,-0.8166524370386816,2.126583954069015,1.211498630483713,1.1027072853019255,0.6533786294288589,28
121.0521,14.7214,-0.3189569242566082,0.6235616518274608,1.3794298767814186,1.4841402811217914,1.2801825353518037,1.040718447621783,28
121.054782,14.631811,-0.12187141227636,-0.0942278897088104,2.9663579319702484,0.0941963676762154,0.1407553925924508,-0.6171547114892125,28
121.031,14.66588,-0.052663088694621,-0.8166524370386816,2.16502393382416,1.1624410409328374,0.8901146690651386,0.1998246120540682,28
121.03781,14.650205,-0.2361537328404139,-0.6878338705984789,3.1045115498610296,0.688001593842544,-0.0707310746809439,0.3367639084815889,28
121.035979,14.637561,-0.2492147276667597,-0.5170811844371812,2.1244939058258003,0.3403749629732138,0.2678221390765212,0.3558885849410396,28
121.03781,14.650205,-0.0617307632503005,-0.6878338705984789,3.102818290637496,0.6878356644261394,-0.0565912362625849,0.3665698189054285,28
121.03781,14.650205,-0.1051894379602177,-0.6878338705984789,3.1034247295545763,0.6878950918630007,-0.0616554037444117,0.3558948650715383,28
121.035979,14.637561,0.5010034999592906,-0.5170811844371812,2.0898111347921957,0.3751222114801863,0.4791629299543959,0.8052972435303427,28
121.0521,14.7214,-0.0665047534109688,0.6235616518274608,1.4067561139184628,1.3978108616902731,1.234651509365253,0.9356062378156584,28
121.0245,14.66958,-0.3267860466534689,-0.8236465475579511,1.7116259200284538,1.3711214661825808,1.0352702337652824,0.3879570471469851,28
121.023475,14.654904,-0.2395255623653163,-1.044102833433685,3.019561426667956,-0.0241069597326977,-0.1269838061790942,-0.4555608001095528,28
121.03781,14.650205,0.3086334278979606,-0.6878338705984789,3.099789503012302,0.6875388611038383,-0.0312988492325627,0.4198846164241275,28
121.0528,14.6462,0.5010034999592906,-0.3137718252127882,3.3273943999361544,1.338560752612889,0.450223983967526,0.4074900449518154,28
120.995518,14.623427,-0.3020898868832083,-0.8264633419072211,2.9254749156050583,0.6788199402396555,0.2336013155310578,-0.1578095253996117,28
121.0245,14.66958,-0.3267860466534689,-0.8236465475579511,1.7116259200284538,1.3711214661825808,1.0352702337652824,0.3879570471469851,28
121.011409,14.671224,1.1222174124289794,-0.7410874511650571,1.314320095807064,1.868872061717874,1.7036587774454943,1.990704324652908,30
121.0481215,14.6209562,-0.2672088917980119,-0.0097712539611179,2.3788081072243474,-0.3171081412711145,-0.2063853492664717,0.3008449480438595,28
121.031,14.66588,0.1549618820505958,-0.8166524370386816,2.154820079408179,1.1760238046142242,0.945396956816986,0.3178530277932978,28
121.029926,14.624843,-0.225268647707478,-0.2895956834813257,2.3212112962124034,0.7379869528291954,0.4397734293392712,0.5028200065561045,28
121.081903,14.605396,-0.096956415786934,0.8319321643272745,1.226981609364762,0.756990176058931,0.75096555014371,1.1000739597818987,28
121.03781,14.650205,-0.1984061289924619,-0.6878338705984789,3.104201516482073,0.6879712124001037,-0.0681420901818078,0.3422213287000384,28
121.03781,14.650205,0.3604580047624384,-0.6878338705984789,3.0692879497673364,0.757167775598142,0.0743824852342896,0.650107795686848,28
121.029926,14.624843,0.5010034999592906,-0.2895956834813257,2.2892134609679005,0.7682172439962519,0.6385029039108913,0.925154164709734,28
121.076504,14.687194,-0.2038140673971389,0.3983047154361566,1.4672555480138263,1.132387746974592,1.0119312553262785,0.3602247904512647,28
121.0300173,14.6288755,0.3625868527958126,-0.3856036777148015,2.971479649579608,0.5344352645786361,0.3128585282463584,0.4163908477907914,28
121.038526,14.62746,-0.2049214005744468,-0.2716553265934593,3.0236368649583434,0.2828303179307458,0.1933556419250791,-0.5148412650378978,28
121.0528,14.6462,-0.31011805241869,-0.3137718252127882,3.3624865172387888,1.3038536176257982,0.2354648800394182,-0.0491242074753637,28
121.0154,14.62435,0.0727562353002062,-0.3441216843681616,2.623667788313473,1.2382545586478946,0.5152918125778599,0.2129262517183075,28
121.0528,14.6462,-0.2326047300071424,-0.3137718252127882,3.3597389282743246,1.310996314565072,0.243198232940315,-0.0320620209036392,28
121.012006,14.633299,-0.0944649161379914,-0.5001823149090389,1.7449639477265824,0.7767795564053561,0.8095771772099246,0.5171557925507972,28
121.081903,14.605396,-0.2948922212307074,0.8319321643272745,1.2307905908776606,0.75736343378034,0.7191580262971802,1.0330256542409475,28
121.06821,14.702178,-0.1772380711417512,0.4588363910487865,2.117801238429189,1.049862925851322,0.8448801001424143,-0.1622335322833627,28
121.031,14.66588,0.1549618820505958,-0.8166524370386816,2.1548172175616043,1.1760235241701402,0.9454208551354396,0.3179034039799296,28
121.031,14.66588,0.2518535350650303,-0.8166524370386816,2.116177414490996,1.2177732266642722,1.1746392348311347,0.8057554452451002,28
121.035979,14.637561,-0.225268647707478,-0.5170811844371812,2.1218089700366978,0.3448919203131298,0.2804334553827759,0.3829630853767132,28
120.995518,14.623427,-0.3020898868832083,-0.8264633419072211,2.9254749156050583,0.6788199402396555,0.2336013155310578,-0.1578095253996117,28
121.029926,14.624843,-0.225268647707478,-0.2895956834813257,2.3212195844413035,0.7379679572441546,0.4397448667816919,0.5027577653907965,28
121.0528,14.6462,-0.1495547417090556,-0.3137718252127882,3.333326212063643,1.3601318951468584,0.3576138938912704,0.2144280427842911,28
121.04641,14.617893,0.5702118235410296,0.0306103941990379,1.952972641232032,0.1982968481368011,0.3240827208325105,0.7313658554422284,28
121.029926,14.624843,0.5010034999592906,-0.2895956834813257,2.2892134609679005,0.7682172439962519,0.6385029039108913,0.925154164709734,28
121.070815,14.596756,-0.096956415786934,0.8025898725253353,1.818873162335166,1.4861372936569437,0.8535826672755584,1.2497575652780928,28
121.029926,14.624843,-0.225268647707478,-0.2895956834813257,2.3212195844413035,0.7379679572441546,0.4397448667816919,0.5027577653907965,28
121.06821,14.702178,-0.2672088917980119,0.4588363910487865,2.117667557317892,1.0501693062552042,0.8453407865549839,-0.1612296425203308,28
121.081903,14.605396,-0.096956415786934,0.8319321643272745,1.226981609364762,0.756990176058931,0.75096555014371,1.1000739597818987,28
121.0300173,14.6288755,0.5010034999592906,-0.3856036777148015,2.967598053909805,0.5414668355495997,0.3300615898344801,0.453414598315383,28
121.029926,14.624843,-0.225268647707478,-0.2895956834813257,2.3212112962124034,0.7379869528291954,0.4397734293392712,0.5028200065561045,28
121.076504,14.640624,1.608336677267114,0.2747854760331063,1.9300194910261543,0.8335030115821849,1.5108432085683323,1.1779039223273289,-1
121.029926,14.624843,0.5010034999592906,-0.2895956834813257,2.2930950566377035,0.7611856730252883,0.6212998423227696,0.8881304141851424,28
121.029926,14.624843,0.5010034999592906,-0.2895956834813257,2.2930950566377035,0.7611856730252883,0.6212998423227696,0.8881304141851424,28
121.0300173,14.6288755,0.5010034999592906,-0.3856036777148015,2.967598053909805,0.5414668355495997,0.3300615898344801,0.453414598315383,28
121.0521,14.7214,0.5248111632714088,0.6235616518274608,1.2215886822712418,1.8466180460192947,1.8226396326427907,2.222976563206475,-1
121.06821,14.702178,-0.1869272364431946,0.4588363910487865,2.1177978314689803,1.049862591989317,0.8449085505215258,-0.1621735606326106,28
121.000537,14.653102,-0.1080297475600122,-1.0012466503570918,1.6887432939447218,0.982487822044166,0.9185234775079324,0.3869070131283585,28
120.99674641305,14.644367904586,-0.1426339093508817,-0.8135026438735177,1.810766173366576,0.8852018082570757,0.8654549379968215,0.3292484587172236,28
121.011409,14.671224,-0.0941880828436644,-0.7410874511650571,1.4595779913427394,1.5359591148592646,1.2030769215473904,0.8998777081424686,28
121.035979,14.637561,-0.225268647707478,-0.5170811844371812,2.1218089700366978,0.3448919203131298,0.2804334553827759,0.3829630853767132,28
121.031,14.66588,0.5010034999592906,-0.8166524370386816,2.126583954069015,1.211498630483713,1.1027072853019255,0.6533786294288589,28
121.0245,14.66958,-0.3262020668190861,-0.8236465475579511,1.7116259200284538,1.3711214661825808,1.0352702337652824,0.3879570471469851,28
121.0528,14.6462,0.3349035233631171,-0.3137718252127882,3.331757247606628,1.330426212187949,0.4313624512941538,0.366852291280309,28
121.081903,14.605396,-0.3169835181179985,0.8319321643272745,1.2308757648828688,0.757371780330461,0.7184467668193955,1.031526362972143,28
121.0521,14.7214,0.2250007055153156,0.6235616518274608,1.3212998910827172,1.5961085035632454,1.5241344359230975,1.5670310302953228,28
121.042788,14.6820013,-0.2983941624039434,-0.3298365971173764,1.4912821930542717,1.3552497055175603,1.129195193531418,0.5734538342638807,28
121.0300173,14.6288755,0.3625868527958126,-0.3856036777148015,2.971439545246219,0.5345271786998008,0.3129967341701293,0.4166920147197009,28
121.081903,14.605396,-0.3169835181179985,0.8319321643272745,1.230882578803285,0.7573724480544707,0.7183898660611727,1.0314064196706385,28
121.031,14.66588,0.1549618820505958,-0.8166524370386816,2.154223861371724,1.1759653787633777,0.9503757731614786,0.3283480666749315,28
121.076504,14.640624,0.0165452348871178,0.2747854760331063,2.01888423698306,0.8142567006520585,0.8261320605955977,-0.2682943214751172,28
121.0245,14.66958,-0.3267860466534689,-0.8236465475579511,1.7116259200284538,1.3711214661825808,1.0352702337652824,0.3879570471469851,28
121.035979,14.637561,-0.225268647707478,-0.5170811844371812,2.1218089700366978,0.3448919203131298,0.2804334553827759,0.3829630853767132,28
121.031,14.66588,0.1549618820505958,-0.8166524370386816,2.154813207128265,1.1760327155822567,0.9454346757278168,0.3179335206728206,28
121.0711795,14.6060344,0.0165452348871178,0.6337885654977087,1.0998660294800884,1.1602883565765874,1.0905026095677737,1.4191192377460269,28
121.0572,14.61777,2.1341815198411664,0.1895861511250358,2.3424369416266018,-0.1056901406186535,0.2167656603262253,0.8106692053811897,-1
121.000537,14.653102,0.5865449879063198,-1.0012466503570918,1.639575381209565,1.095174534592111,1.0879639400510237,0.7561376679714833,28
121.076504,14.640624,-0.2526751438458467,0.2747854760331063,2.0270339739046,0.8039853321775289,0.7807942599675557,-0.3649998311658105,28
121.03173,14.66608,-0.052663088694621,-0.7998971452798711,2.056304907415874,1.1989872271107065,0.9163695652155208,0.3743130575183881,28
121.029926,14.624843,0.3625868527958126,-0.2895956834813257,2.293054952304314,0.761277587146453,0.6214380482465405,0.888431581114052,28
121.0572,14.61777,0.0727562353002062,0.1895861511250358,2.420268194769425,-0.2360307322067205,-0.1500390036991256,0.0233066717779381,28
121.0302074,14.642287,-0.3076763827627263,-0.692076192325044,2.373126725230735,0.6713598505327945,0.4512070690268266,0.0508734047292936,28
121.035979,14.637561,-0.225268647707478,-0.5170811844371812,2.1218089700366978,0.3448919203131298,0.2804334553827759,0.3829630853767132,28
121.030643,14.704323,-0.2118422329326207,0.0526315118934694,1.810307247722261,1.0424904063919551,0.8229305322590884,0.5593048042803176,28
121.042788,14.6820013,-0.1426339093508817,-0.3298365971173764,1.472099716835011,1.3959566685531484,1.2019848439714973,0.7312609999769072,28
121.031,14.66588,0.2518535350650303,-0.8166524370386816,2.116177414490996,1.2177732266642722,1.1746392348311347,0.8057554452451002,28
121.031,14.66588,0.2518535350650303,-0.8166524370386816,2.1159828961584024,1.2177439416433655,1.1762845724870818,0.8092226665940736,28
121.031,14.66588,0.5010034999592906,-0.8166524370386816,2.1268770548557367,1.2115273526319892,1.100259699186973,0.6482192683146478,28
121.03173,14.66608,-0.052663088694621,-0.7998971452798711,2.056304907415874,1.1989872271107065,0.9163695652155208,0.3743130575183881,28
121.03173,14.66608,-0.052663088694621,-0.7998971452798711,2.056304907415874,1.1989872271107065,0.9163695652155208,0.3743130575183881,28
121.0521,14.7214,-0.2810505565143597,0.6235616518274608,1.4250994588658406,1.3801967743648933,1.1213090656033669,0.6946949435572645,28
121.0521,14.7214,0.4940826676011167,0.6235616518274608,1.3877573510200532,1.4242550552640934,1.3352141216528286,1.1504913373998868,28
121.081903,14.605396,-0.3000413205051888,0.8319321643272745,1.2306287602677657,0.7573475753351102,0.720509419304971,1.0358743076516768,28
121.081903,14.605396,-0.3169835181179985,0.8319321643272745,1.230882578803285,0.7573724480544707,0.7183898660611727,1.0314064196706385,28
121.0245,14.66958,-0.3267860466534689,-0.8236465475579511,1.7116259200284538,1.3711214661825808,1.0352702337652824,0.3879570471469851,28
121.0129698,14.6222696,0.3625868527958126,-0.4040833719195183,2.6199097325088383,1.172445002050935,0.5742708433043568,0.216945930280947,28
121.03781,14.650205,-0.2318116026188956,-0.6878338705984789,3.104508142900821,0.6880012599805392,-0.0707026243018325,0.336823880132341,28
121.01559,14.634713,-0.2395255623653163,-0.5473898721609699,2.0006692761971547,0.7405129109509846,0.6098043744469612,0.4297820937626395,28
121.049276,14.695099,-0.3004288871172466,0.0233660925052733,1.1816877939956212,1.4293935516186462,1.2347876661852115,0.8474527438401409,28
121.0572,14.61777,-0.2049214005744468,0.1895861511250358,2.43873023463756,-0.2858016660099647,-0.1983562777424544,-0.0838372983745505,28
121.052143,14.627397,-0.1932944022127146,-0.069078504215168,0.9356780793062732,-0.0688335809481393,-0.6377720181170132,0.2587260472262711,31
121.0572,14.61777,-0.2464463947234902,0.1895861511250358,2.4345874042990028,-0.2723741391735203,-0.1921500891889912,-0.069335178948579,28
121.038526,14.62746,-0.0941880828436644,-0.2716553265934593,3.0148034056962367,0.2908622191716133,0.2488613271822211,-0.3969254590091717,28
121.038526,14.62746,-0.0941880828436644,-0.2716553265934593,3.0148034056962367,0.2908622191716133,0.2488613271822211,-0.3969254590091717,28
121.081903,14.605396,-0.096956415786934,0.8319321643272745,1.226981609364762,0.756990176058931,0.75096555014371,1.1000739597818987,28
121.081903,14.605396,-0.096956415786934,0.8319321643272745,1.226981609364762,0.756990176058931,0.75096555014371,1.1000739597818987,28
121.0154,14.62435,-0.052663088694621,-0.3441216843681616,2.6147307655496896,1.2718826624740045,0.5191128080600415,0.2245221159863358,28
121.031,14.66588,0.1549618820505958,-0.8166524370386816,2.154816672447971,1.1760234707522197,0.9454254071960976,0.31791299944405,28
121.076504,14.640624,-0.2395255623653163,0.2747854760331063,2.017371398868044,0.823980394696542,0.8185059994348086,-0.2833563442354168,28
121.081903,14.605396,-0.096956415786934,0.8319321643272745,1.226981609364762,0.756990176058931,0.75096555014371,1.1000739597818987,28
121.0306,14.61633,0.5010034999592906,-0.0798253482938142,0.7581222022279612,1.4142890266376438,-0.6401060877235464,1.0638889536564655,32
121.0572,14.61777,-0.1772380711417512,0.1895861511250358,2.4117078277205954,-0.2245536296418923,-0.1038291633831822,0.1219782728950093,28
121.0528,14.6462,-0.0941880828436644,-0.3137718252127882,3.347997904841501,1.3256919895903816,0.3087238476708453,0.1076883874710304,28
121.0528,14.6462,-0.0941880828436644,-0.3137718252127882,3.347991220785936,1.3257073086105755,0.3087468819914738,0.107738581959182,28
121.0528,14.6462,-0.0941880828436644,-0.3137718252127882,3.347991220785936,1.3257073086105755,0.3087468819914738,0.107738581959182,28
121.0521,14.7214,-0.1772380711417512,0.6235616518274608,1.4167195601969846,1.3855607335758315,1.1785935990400704,0.8160820556482886,28
121.081903,14.605396,-0.096956415786934,0.8319321643272745,1.226981609364762,0.756990176058931,0.75096555014371,1.1000739597818987,28
121.081903,14.605396,-0.096956415786934,0.8319321643272745,1.226981609364762,0.756990176058931,0.75096555014371,1.1000739597818987,28
121.077221,14.616594,0.0165452348871178,0.5677509185767988,2.258964392809287,0.9506249676034982,0.4648499804945055,0.6203830008759463,29
121.0387,14.65372,0.473320170526595,-0.6953965233051302,2.688627238740213,0.9437459737973852,0.4795303491978576,0.7648277019797575,28
121.032076,14.632936,-0.0554314216378906,-0.4634728520913151,2.91306747209135,0.3860953687229822,0.0696242930399857,0.2230839817389214,28
121.031,14.66588,0.1549618820505958,-0.8166524370386816,2.1265840562778213,1.2114986404995731,1.1027064317905524,0.6533768302793364,28
121.0443089,14.6621443,-0.2353730629504119,-0.5591537777138932,1.4645517573317406,1.2568506497588607,1.014862536629293,0.5852549491366984,28
121.038526,14.62746,-0.0941880828436644,-0.2716553265934593,3.0148100897518018,0.2908469001514192,0.2488382928615927,-0.3969756534973232,28
121.031,14.66588,-0.052663088694621,-0.8166524370386816,2.164970220731235,1.1624501539829444,0.8905337052612636,0.2007093902039353,28
121.000537,14.653102,-0.3059655530037857,-1.0012466503570918,1.696852863484227,0.9624523922741728,0.8935508908902227,0.3321283544125702,28
121.014157,14.637511,-0.1495547417090556,-0.604926703220626,1.962931401923248,0.6204793285921734,0.5891469653142819,0.3908515511723372,28
121.014157,14.637511,-0.1495547417090556,-0.604926703220626,1.962931401923248,0.6204793285921734,0.5891469653142819,0.3908515511723372,28
121.081903,14.605396,-0.096956415786934,0.8319321643272745,1.226981609364762,0.756990176058931,0.75096555014371,1.1000739597818987,28
121.081903,14.605396,-0.096956415786934,0.8319321643272745,1.226981609364762,0.756990176058931,0.75096555014371,1.1000739597818987,28
121.03781,14.650205,-0.2810505565143597,-0.6878338705984789,3.100669508591147,0.6952926252028215,-0.0543828302645562,0.3720119898342617,28
121.006988,14.62045,-0.2492147276667597,-0.5465395424188926,2.4895843363639147,0.8875830008882936,0.4731733435594756,0.2067900866574941,28
121.0572,14.61777,-0.2478305611951249,0.1895861511250358,2.428015119727802,-0.2659257202084499,-0.1518223497300999,0.0164011802865481,28
121.0528,14.6462,-0.0941880676178332,-0.3137718252127882,3.347997904841501,1.3256919895903816,0.3087238476708453,0.1076883874710304,28
121.0306,14.61633,-0.1232555787479948,-0.0798253482938142,0.7769367932942376,1.4012130125741886,-0.7666020421115607,0.7957119104472874,32
121.081903,14.605396,-0.096956415786934,0.8319321643272745,1.226981609364762,0.756990176058931,0.75096555014371,1.1000739597818987,28
121.0528,14.6462,-0.0665047534109688,-0.3137718252127882,3.351774587048627,1.31622208695032,0.2973797440748409,0.0827657478448678,28
121.031,14.66588,0.2518535350650303,-0.8166524370386816,2.116180499850485,1.2177633056396462,1.1746344504986217,0.8057443108504464,28
121.03781,14.650205,-0.1523490596094972,-0.6878338705984789,3.104191295601448,0.6879702108140893,-0.0680567390444736,0.342401243652295,28
121.042788,14.6820013,-0.3080418027112379,-0.3298365971173764,1.5007552808552946,1.3396289293760717,1.0840507537849968,0.4765935497761897,28
121.011409,14.671224,0.8500210757820001,-0.7410874511650571,1.314320095807064,1.868872061717874,1.7036587774454943,1.990704324652908,30
121.029926,14.624843,0.3625868527958126,-0.2895956834813257,2.293054952304314,0.761277587146453,0.6214380482465405,0.888431581114052,28
121.0129698,14.6222696,-0.1149505799181861,-0.4040833719195183,2.633584806672353,1.1443928851437093,0.5203937401869556,0.1003595251781285,28
121.054782,14.631811,-0.2464463947234902,-0.0942278897088104,2.968736309193065,0.0850814391564394,0.1400783787607887,-0.6195412831170387,28
121.014874,14.643229,-0.2449514949341246,-0.7442765831215292,2.061270448907241,0.6124439730832411,0.559277755772019,0.2277739480185415,28
121.007705,14.65593,-0.2256838976489685,-1.0290804706715748,1.34372704391536,1.1661693938466022,1.0935176374352324,0.9840155707802892,28
121.026034,14.685688,-0.0166747604321168,-0.4237769170613789,2.025359681198709,1.1926607253723025,0.9294489908235392,0.5991582353536037,28
121.03781,14.650205,-0.2464463947234902,-0.6878338705984789,3.098998249507084,0.6953205398888916,-0.0408200913719971,0.4006210845933547,28
121.042788,14.6820013,-0.1883114029148294,-0.3298365971173764,1.486149983258313,1.362126775644341,1.1569072771286069,0.6326266782412326,28
121.0572,14.61777,-0.0803464181273166,0.1895861511250358,2.426483406778479,-0.2747017888785751,-0.1213292607903969,0.0797933776697456,28
121.0443089,14.6621443,0.2518535350650303,-0.5591537777138932,1.445213824916311,1.2767442072891255,1.1316324873006969,0.8336351832320495,28
121.0154,14.62435,0.0727562353002062,-0.3441216843681616,2.623667788313473,1.2382545586478946,0.5152918125778599,0.2129262517183075,28
121.023475,14.631613,-0.1550914075955947,-0.4831118602665387,2.005719322542844,0.7861594399310938,0.5453231071651694,0.6771646076560588,28
121.0129698,14.6222696,0.2241702056323347,-0.4040833719195183,2.6120672508053127,1.171676485101998,0.6397607709808567,0.3549946731474186,28
121.082236,14.696697,0.6587984777256555,0.639366627740989,1.7030165514871098,1.1630767033641305,1.1099289785604551,0.3147840231331278,28
121.077221,14.616594,0.0165452348871178,0.5677509185767988,2.258964392809287,0.9506249676034982,0.4648499804945055,0.6203830008759463,29
121.052143,14.627397,2.059851780314379,-0.069078504215168,0.8926193933574041,0.0298515471423797,-0.4893849246283517,0.5820789398988393,31
121.030643,14.704323,-0.3130411351734883,0.0526315118934694,1.8173766118688428,1.033534855379013,0.7836969651903535,0.4756125642673037,28
121.0245,14.66958,-0.2796663900427248,-0.8236465475579511,1.7010885001522469,1.3905356045028396,1.0813037496988287,0.4870915012235756,28
121.0521,14.7214,0.0580702290361612,0.6235616518274608,1.3809403831971845,1.4651194799838023,1.3069071800415768,1.095084889262235,28
121.0521,14.7214,0.0580702290361612,0.6235616518274608,1.3877543036138194,1.465787203993479,1.2500064218188045,0.97514158775785,28
121.0521,14.7214,1.8666069205796416,0.6235616518274608,1.1294289241428648,2.057836696455817,2.1402368454682583,2.9150581658406525,-1
121.0572,14.61777,-0.2810505565143597,0.1895861511250358,2.4353257048191086,-0.2799693188202054,-0.1825800382349061,-0.0499490864660046,28
121.029926,14.624843,0.5010034999592906,-0.2895956834813257,2.293054952304314,0.761277587146453,0.6214380482465405,0.888431581114052,28
121.031,14.66588,0.2518535350650303,-0.8166524370386816,2.116177414490996,1.2177732266642722,1.1746392348311347,0.8057554452451002,28
121.021325,14.627401,-0.3087338859470552,-0.3808179311539567,2.3533136420157312,0.7679714044452518,0.2783920651095148,0.5357021951590388,28
121.0572,14.61777,-0.1772380711417512,0.1895861511250358,2.4284828990586456,-0.2548578080252936,-0.1783481837515262,-0.0383823541603708,28
121.029926,14.624843,-0.225268647707478,-0.2895956834813257,2.3212195844413035,0.7379679572441546,0.4397448667816919,0.5027577653907965,28
121.029926,14.624843,0.5010034999592906,-0.2895956834813257,2.293054952304314,0.761277587146453,0.6214380482465405,0.888431581114052,28
121.0521,14.7214,-0.3198072177201335,0.6235616518274608,1.4264859686540985,1.3762944123413892,1.1180180730894007,0.6873432538694867,28
121.052143,14.627397,0.5010034999592906,-0.069078504215168,0.9084535375307908,-0.0530035123690177,-0.4483905566912169,0.6598291351576049,31
121.0154,14.62435,0.0727562353002062,-0.3441216843681616,2.623667788313473,1.2382545586478946,0.5152918125778599,0.2129262517183075,28
121.076504,14.687194,-0.2038140673971389,0.3983047154361566,1.4785614543096326,1.097234637758449,0.9919345277910542,0.3143511259508848,28
121.0572,14.61777,-0.1372683209035708,0.1895861511250358,2.4362363397650717,-0.2860460529975062,-0.1775306002329197,-0.0399380500239456,28
121.006272,14.628965,0.2172493732741608,-0.5450698818930192,1.9534076197064831,1.180875464692621,0.9154768830386932,0.1970964845187648,28
121.076504,14.640624,-0.2464463947234902,0.2747854760331063,2.024075602802953,0.808375816595986,0.7958935021808918,-0.332691166641625,28
121.0302074,14.642287,-0.2149206191655364,-0.692076192325044,2.334394060646528,0.7574021563011826,0.5902846722664533,0.3532613073948875,28
121.030643,14.704323,-0.3197607097266866,0.0526315118934694,1.8174969248690105,1.0332591130155186,0.7832823474190408,0.474709063480575,28
121.042788,14.6820013,-0.1703172387835773,-0.3298365971173764,1.472099716835011,1.3959566685531484,1.2019848439714973,0.7312609999769072,28
121.060025,14.643699,-0.2873000681337907,-0.1279752288740278,1.69722733393219,1.0825980782976072,0.9905162905201098,0.2142486926469612,28
120.9933,14.62769,-0.2464463947234902,-0.851336156236167,2.6475973025656208,0.7540956437755985,0.4476646909930929,-0.1596802753845584,28
121.0245,14.66958,2.1341815198411664,-0.8236465475579511,1.632375264067562,1.5529030694806938,1.3080748404050753,0.9824673623450332,28
121.0443089,14.6621443,-0.3181462179541717,-0.5591537777138932,1.4674044510186313,1.249718252462436,1.00625148953281,0.5663426371392689,28
121.032463,14.696551,0.0303868996034656,-0.1252231644071943,2.1631875492601726,1.2121600481185515,0.9083030512908028,0.7028243665601069,28
121.031,14.66588,0.2518535350650303,-0.8166524370386816,2.115978618362841,1.21775374581629,1.1762993144522842,0.8092547910664907,28
121.052143,14.627397,-0.0180589269037516,-0.069078504215168,0.9301268729524688,-0.0699526310833523,-0.590235609170282,0.3588708519315406,31
121.0528,14.6462,0.3625868527958126,-0.3137718252127882,3.331235891272568,1.3316210957630903,0.4331591283031752,0.3707674613561332,28
121.029926,14.624843,0.5010034999592906,-0.2895956834813257,2.293054952304314,0.761277587146453,0.6214380482465405,0.888431581114052,28
121.04426,14.621443,-0.0180589269037516,-0.07193325793957,2.401113225749224,-0.0800751644712166,0.1153152860102924,0.1738529933029686,28
121.029926,14.624843,0.3625868527958126,-0.2895956834813257,2.293054952304314,0.761277587146453,0.6214380482465405,0.888431581114052,28
121.032463,14.696551,0.0303868996034656,-0.1252231644071943,2.163186493102508,1.21215994462133,0.9083118709083274,0.7028429577718401,28
121.03175,14.64074,0.3625868527958126,-0.6398567564216555,1.9488112015264127,0.7428561663155909,0.5868618792574964,0.9221291524270394,28
121.007705,14.65593,-0.1080297475600122,-1.0290804706715748,1.3202608270383724,1.2219833212692173,1.170215281255437,1.1516541946480403,28
121.031,14.66588,-0.052663088694621,-0.8166524370386816,2.165017918174151,1.162454828051012,0.8901353999537043,0.1998697870934047,28
121.029926,14.624843,-0.2939272952525008,-0.2895956834813257,2.324305067226504,0.73351005892986,0.4237480675396502,0.4685489080301678,28
121.042788,14.6820013,-0.1495547417090556,-0.3298365971173764,1.472099716835011,1.3959566685531484,1.2019848439714973,0.7312609999769072,28
121.000537,14.653102,0.2182459731337379,-1.0012466503570918,1.6255375893471535,1.0911472267663769,1.210630628355919,1.014439342182566,28
121.082236,14.696697,0.0753723099315959,0.639366627740989,1.7273404049272825,1.1191356447081986,1.0018763990263564,0.0822611139028266,28
121.052143,14.627397,-0.0180589269037516,-0.069078504215168,0.9301268729524688,-0.0699526310833523,-0.590235609170282,0.3588708519315406,31
121.031,14.66588,0.2518535350650303,-0.8166524370386816,2.115978618362841,1.21775374581629,1.1762993144522842,0.8092547910664907,28
121.0528,14.6462,-0.1193799126274174,-0.3137718252127882,3.353616333376907,1.3250285370628858,0.2642976706360017,0.0139161302432207,28
121.0293966,14.6671154,-0.0872672504854905,-0.8222850425542609,2.1750254782571856,1.2202408209543032,0.9138693884384956,0.0626135113277391,28
121.0232,14.63518,0.0165452348871178,-0.5721278330641562,1.9835144774659943,0.7626694895076277,0.6826166845356222,0.6755723806914177,28
121.081903,14.605396,-0.2741297241561857,0.8319321643272745,1.2305623245437034,0.7573410650260158,0.7210642016976431,1.0370437548413445,28
120.996952,14.633569,-0.212811149462765,-0.7729236984714281,2.077252360741584,0.7068313814894248,0.6400459734900202,0.2010419450674873,28
121.0293966,14.6671154,0.2518535350650303,-0.8222850425542609,2.11984844348727,1.287142426812124,1.2262420311352942,0.728497524348794,28
121.0300173,14.6288755,-0.225268647707478,-0.3856036777148015,2.9996041773832083,0.5112175487975025,0.1313035527052808,0.0310181989964453,28
121.0232,14.63518,0.3625868527958126,-0.5721278330641562,1.9818369703321888,0.7656999073459678,0.6900685865724566,0.6916084433969557,28
121.0306,14.61633,-0.269749114106756,-0.0798253482938142,0.7832762594133443,1.3982049459229304,-0.8120927262009625,0.6994478369248931,32
121.031,14.66588,0.1549618820505958,-0.8166524370386816,2.1542198509383845,1.175974570175494,0.9503895937538556,0.3283781833678224,28
121.032094,14.63916258,-0.3116406355374883,-0.6018741356589413,2.0189935626076765,0.7819483281860677,0.5185261890706782,0.4243942610252438,28
121.0154,14.62435,0.0727562353002062,-0.3441216843681616,2.623667788313473,1.2382545586478946,0.5152918125778599,0.2129262517183075,28
121.0443089,14.6621443,-0.2741297241561857,-0.5591537777138932,1.463403244652442,1.2545975838499457,1.0288461651319083,0.6145118781757002,28
121.035979,14.637561,-0.3018130535888814,-0.5170811844371812,2.1219859260015435,0.3463590628470608,0.2759804631273978,0.3737252574483475,28
121.031,14.66588,0.5010034999592906,-0.8166524370386816,2.1268770548557367,1.2115273526319892,1.100259699186973,0.6482192683146478,28
121.0306,14.61633,0.3349035233631171,-0.0798253482938142,0.7581623065613504,1.4141971125164792,-0.6402442936473173,1.0635877867275565,32
121.031,14.66588,-0.052663088694621,-0.8166524370386816,2.165424977158052,1.1615218997211902,0.8887326098274299,0.1968129427649725,28
121.0443089,14.6621443,-0.0872672504854905,-0.5591537777138932,1.45558175476369,1.2774087748593694,1.0457745949127115,0.6526159522361374,28
121.042788,14.6820013,-0.1426339093508817,-0.3298365971173764,1.472099716835011,1.3959566685531484,1.2019848439714973,0.7312609999769072,28
121.0528,14.6462,-0.225268647707478,-0.3137718252127882,3.3566593543205427,1.316860505512853,0.2562608752882193,-0.0038939050438375,28
121.0443089,14.6621443,0.1010472138139495,-0.5591537777138932,1.456710691748596,1.2748213923485825,1.0418840981585618,0.6441381031873332,28
121.017741,14.650571,-0.1633964064254034,-0.9395175613432584,2.0491193211971144,0.47468401791548,0.4648171681644868,0.2567825446158305,28
121.0572,14.61777,-0.2810505565143597,0.1895861511250358,2.4353257048191086,-0.2799693188202054,-0.1825800382349061,-0.0499490864660046,28
121.0528,14.6462,-0.2252824893721944,-0.3137718252127882,3.3594433395837817,1.3083354693759053,0.2510677537092351,-0.015743687963097,28
121.0572,14.61777,-0.3018130535888814,0.1895861511250358,2.439795391811672,-0.2813382967992906,-0.2161965938158105,-0.1209961862856026,28
121.0555,14.63323,-0.3247902170180187,-0.1016736236935398,2.8271900435274104,0.3301660820979841,0.2878754867974109,-0.5665881798448532,28
121.0255351,14.63852972,-0.3136795127502063,-0.6458020008013948,2.2088566929489533,0.6050173090813384,0.3173786518477783,0.5345145147658701,28
121.0129698,14.6222696,0.3625868527958126,-0.4040833719195183,2.615439800715526,1.1720069751005873,0.6115977406984956,0.2956287360678233,28
121.042788,14.6820013,-0.1495547417090556,-0.3298365971173764,1.4727913297572994,1.3960244425401305,1.1962094170118858,0.7190867548742121,28
121.031,14.66588,-0.052663088694621,-0.8166524370386816,2.164982368909618,1.1624369678163784,0.8904617636902975,0.200556266193245,28
121.0366,14.66025,-0.2326047300071424,-0.7514442585648674,2.2320108999429755,0.6331348588176826,0.6033117513134956,-0.1280603406214381,28
121.0232,14.63518,-0.0180589269037516,-0.5721278330641562,2.0002491369293374,0.7223616155967083,0.6289566495519693,0.5581548509858582,28
121.0572,14.61777,-0.1495547417090556,0.1895861511250358,2.427929458137597,-0.2592889229618692,-0.1647443222257591,-0.0101554883873729,28
121.0521,14.7214,-0.1772380711417512,0.6235616518274608,1.4167195601969846,1.3855607335758315,1.1785935990400704,0.8160820556482886,28
121.049276,14.695099,1.1222174124289794,0.0233660925052733,1.0116587885365511,1.8190787873166636,1.820734714332459,2.124300133440387,-1
121.0443089,14.6621443,-0.0249812818450443,-0.5591537777138932,1.434329511075038,1.3130887593905274,1.1457483354566538,0.8672303634300133,28
121.0474735,14.6301061,-0.1011089152018383,-0.1962146876596998,3.100021225336444,-0.0842791456707649,0.0718700827196326,-0.3456626399721831,28
121.0798,14.60892,-0.3074050861342858,0.7359644138528785,1.2964767029560291,0.8663747154610045,0.8029871066920993,0.8996034594809134,28
121.0572,14.61777,-0.2464463947234902,0.1895861511250358,2.4333370499025504,-0.2724966665292959,-0.1817088000551124,-0.0473255831225245,28
121.03781,14.650205,-0.2318116026188956,-0.6878338705984789,3.1039065778999837,0.6893799717980099,-0.0686295354452694,0.3413413840659846,28
121.0572,14.61777,-0.2395255623653163,0.1895861511250358,2.435602753926064,-0.2768751581447186,-0.1911877223072529,-0.0677787607854027,28
121.0528,14.6462,0.5702118235410296,-0.3137718252127882,3.3446998032533752,1.3454641100018414,0.2950254543543926,0.080875577437447,28
121.0443089,14.6621443,-0.0305164251484646,-0.5591537777138932,1.4435905590803195,1.30489109708762,1.087098166120203,0.742664863980097,28
121.0521,14.7214,-0.0665047534109688,0.6235616518274608,1.4067561139184628,1.3978108616902731,1.234651509365253,0.9356062378156584,28
121.056446,14.617564,-0.1980005682162729,0.1814546017575108,2.477641096310616,-0.3282661868391744,-0.2125746572549373,-0.0510882218776791,28
121.0443089,14.6621443,-0.3073497194754205,-0.5591537777138932,1.4672920213317568,1.2497072350162763,1.0071903520434855,0.5683217016140912,28
121.0232,14.63518,7.560252505296667,-0.5721278330641562,1.9898723063884447,0.7537081083124894,0.6491937809507898,0.6041352204322008,28
121.081903,14.605396,-0.3184230512484987,0.8319321643272745,1.2308757648828688,0.757371780330461,0.7184467668193955,1.031526362972143,28
121.000537,14.653102,-0.3045813865321509,-1.0012466503570918,1.696852863484227,0.9624523922741728,0.8935508908902227,0.3321283544125702,28
121.076504,14.640624,-0.0319005916200994,0.2747854760331063,2.0128556004895035,0.8264451444063866,0.8502495929206582,-0.2161444008034036,28
121.03102,14.6554,0.4317951763775516,-0.8861248783096697,2.866203989082021,0.6119340079189906,0.5637638718407105,-0.0909760396193761,28
121.076504,14.640624,-0.2326047300071424,0.2747854760331063,2.0232399514556354,0.8140445742500995,0.7910702328367952,-0.3422680819038117,28
121.0341,14.62923,-0.225268647707478,-0.3592968206618552,2.7789865852203888,0.2797792086314674,0.1909651828714353,-0.078122646232895,28
121.0302074,14.642287,-0.3038893032963335,-0.692076192325044,2.372911609763182,0.671338770485809,0.4530034259639196,0.054660014757787,28
121.035979,14.637561,-0.225268647707478,-0.5170811844371812,2.121868362668723,0.3448779326581617,0.2799781371385258,0.3820012694501223,28
121.082236,14.665648,-0.1426339093508817,0.3620402371748988,1.4777770515704065,1.2806126603751995,1.1255030347904011,0.9309821439707028,28
121.0443089,14.6621443,-0.1899724026807911,-0.5591537777138932,1.4564239457648631,1.2754785783149103,1.0428722705135234,0.6462914467290366,28
121.0711795,14.6060344,0.0165452348871178,0.6337885654977087,1.0998660294800884,1.1602883565765874,1.0905026095677737,1.4191192377460269,28
121.0521,14.7214,0.0303868996034656,0.6235616518274608,1.369772113506006,1.4924907558867786,1.341752156755244,1.1714576472843972,28
121.000537,14.653102,-0.2533672270816641,-1.0012466503570918,1.69496794387773,0.963417810582156,0.9069309181693642,0.3604506776693882,28
121.014874,14.643229,-0.2113577746675485,-0.7442765831215292,2.0594122045748797,0.6141787582850357,0.5708614917719661,0.2523884983299123,28
121.05315,14.62545,-0.0180589269037516,-0.0174303784569867,0.8749713385952121,-0.492973281665457,-0.8210742175172862,0.4201139757138346,31
121.052143,14.627397,-0.0180589269037516,-0.069078504215168,0.9301268729524688,-0.0699526310833523,-0.590235609170282,0.3588708519315406,31
121.077221,14.616594,-0.0555698382850541,0.5677509185767988,2.258964392809287,0.9506249676034982,0.4648499804945055,0.6203830008759463,29
121.0572,14.61777,-0.2533672270816641,0.1895861511250358,2.4296363728753314,-0.2737858041063605,-0.1489043357179008,0.0217291174673139,28
121.0528,14.6462,-0.2252824893721944,-0.3137718252127882,3.3593411307775325,1.3083254535157602,0.2519212650825767,-0.0139445384405313,28
121.0443089,14.6621443,0.3625730111310963,-0.5591537777138932,1.4365700766640437,1.2762805473817376,1.2030267549831315,0.9841692613206466,28
121.0572,14.61777,-0.2713613912129162,0.1895861511250358,2.435849873168987,-0.2766273056615171,-0.1937102797295929,-0.0730732030264996,28
121.081903,14.605396,-0.3100211607656756,0.8319321643272745,1.2307129121849112,0.7573558217266297,0.7198066949409198,1.0343930078780976,28
121.081903,14.605396,-0.3056887197094587,0.8319321643272745,1.2306287602677657,0.7573475753351102,0.720509419304971,1.0358743076516768,28
121.00844,14.65517,-0.1372683209035708,-1.0052446502629768,1.3540387901435624,1.1894987496404752,1.0909977003720983,0.9248699529661256,28
121.068385,14.6544893,-0.2049214005744468,0.0156520323266528,2.704087227097508,-0.7966700386029477,-0.4639555921663593,0.4581531966746714,28
121.076504,14.640624,-0.191079735858099,0.2747854760331063,2.030556082292903,0.7994264544330217,0.7614463849480496,-0.4062873063279206,28
121.023475,14.649728,-0.2533672270816641,-0.928248553906892,2.480363381660823,0.1893854310710991,0.2570489428020446,-0.1531807649208647,28
121.0572,14.61777,-0.3180078013070083,0.1895861511250358,2.441602302093171,-0.2855202203398863,-0.2223399473333529,-0.1343933999586486,28
121.081903,14.605396,-0.0554314216378906,0.8319321643272745,1.2185411816587497,0.7714981214144121,0.7899780231392131,1.1838838289542313,28
121.0443089,14.6621443,-0.1633964064254034,-0.5591537777138932,1.4580013828781715,1.271863289549098,1.0374361708452025,0.6344455475252605,28
121.0232,14.63518,-0.0406900487149802,-0.5721278330641562,1.9889560619477011,0.7469411821480786,0.6705478977803851,0.648463052053972,28
121.0232,14.63518,-0.0895026793371807,-0.5721278330641562,2.008873595706677,0.7167628427388186,0.570160944956629,0.4335557221566906,28
121.000537,14.653102,-0.3059655530037857,-1.0012466503570918,1.696852863484227,0.9624523922741728,0.8935508908902227,0.3321283544125702,28
121.000537,14.653102,0.5865449879063198,-1.0012466503570918,1.639575381209565,1.095174534592111,1.0879639400510237,0.7561376679714833,28
121.0255351,14.63852972,-0.3209450025598173,-0.6458020008013948,2.20912976080965,0.6050440681210263,0.3150983539620007,0.5297077869580818,28
121.0255351,14.63852972,-0.3236219805159589,-0.6458020008013948,2.209214014935601,0.605052324528406,0.3143947760865761,0.5282246880349802,28
121.0443089,14.6621443,0.3625868527958126,-0.5591537777138932,1.436048720329984,1.277475430956879,1.2048234319921531,0.9880844313964712,28
121.042788,14.6820013,-0.1924639023297338,-0.3298365971173764,1.4908314194507548,1.3517231963925331,1.1401059239367857,0.5960955602680611,28
121.0300173,14.6288755,0.3625868527958126,-0.3856036777148015,2.971439545246219,0.5345271786998008,0.3129967341701293,0.4166920147197009,28
121.052143,14.627397,-0.0180589269037516,-0.069078504215168,0.9286278104608092,-0.0700995303654811,-0.577717442361272,0.3852583782625053,31
121.0708,14.62078,-0.2326047300071424,0.3807938979522858,2.6579170690200487,0.8768487199216759,0.3666508283639928,0.0754493016009134,29
121.063249,14.628673,-0.1024930816734731,0.1170317683756515,3.0149887150874406,0.2314522529314724,0.2972145798398146,-0.8168535626122354,28
121.0443089,14.6621443,-0.1477276419664977,-0.5591537777138932,1.4497398901999967,1.29079759850903,1.0659065911420025,0.6964859348806306,28
121.06923,14.63524,-0.2188322736143763,0.1596339456744485,2.2810567274010207,0.5738101973282682,0.621662651214492,-0.5531446858461079,28
121.030643,14.704323,0.0857535584688568,0.0526315118934694,1.8105883596819383,1.0402176950830342,0.8253036659108647,0.5640711281369265,28
121.0249,14.6534,-0.1633964064254034,-0.9932013844609804,2.995397213713873,-0.1168623783518576,-0.0836690447554211,-0.4647315701711174,28
121.0293966,14.6671154,-0.2738805741912915,-0.8222850425542609,2.1801687664085567,1.2231089875517414,0.8660677854910153,-0.0379066757797711,28
121.056446,14.617564,-0.2111501496968033,0.1814546017575108,2.4795177045666,-0.3302547567762007,-0.2237872325280442,-0.0749466210799184,28
121.0255351,14.63852972,-0.3096751191477669,-0.6458020008013948,2.208719460591762,0.6050038611197837,0.3185246331183849,0.5369301728581685,28
121.0255351,14.63852972,-0.3091560567209038,-0.6458020008013948,2.2087016421898724,0.6050021150214983,0.3186734286011374,0.5372438245916024,28
121.032076,14.632936,0.5010034999592906,-0.4634728520913151,2.8926563617471577,0.4021138928476709,0.2030925389917269,0.506276260915702,28
121.0572,14.61777,-0.0305164251484646,0.1895861511250358,2.41778841015486,-0.2303473757147021,-0.14149327074596,0.0419288268821794,28
121.0572,14.61777,-0.0305164251484646,0.1895861511250358,2.41778841015486,-0.2303473757147021,-0.14149327074596,0.0419288268821794,28
121.076504,14.640624,-0.2810505565143597,0.2747854760331063,2.028309521382122,0.8036470817784355,0.7710932693014646,-0.3854964704360277,28
121.03907,14.6317,-0.2187630652907946,-0.3545841947913475,2.942223347353664,0.1714681327410392,0.1116470120811353,-0.3094051491118723,28
121.081903,14.605396,-0.096956415786934,0.8319321643272745,1.227594862202259,0.757050271219802,0.7458444819036605,1.089279062646504,28
121.0521,14.7214,-0.1477276419664977,0.6235616518274608,1.4099453680891756,1.4149280569490017,1.1735324773322544,0.8084958870945582,28
121.053576,14.669878,0.0727562353002062,-0.2886819560360983,1.4978028498333522,1.3402067226735477,1.1136179948468383,0.624372068098061,28
121.0528,14.6462,-0.2049214005744468,-0.3137718252127882,3.3597389282743246,1.310996314565072,0.243198232940315,-0.0320620209036392,28
121.0528,14.6462,-0.2326047300071424,-0.3137718252127882,3.3597389282743246,1.310996314565072,0.243198232940315,-0.0320620209036392,28
121.0443089,14.6621443,-0.2353730629504119,-0.5591537777138932,1.454247233406434,1.2706967041335864,1.070424909747442,0.7039018040203116,28
121.007705,14.65593,0.2719516322331673,-1.0290804706715748,1.326528563028453,1.2157606426309722,1.1319062129150617,1.070199302966966,28
121.063249,14.628673,0.7697532620918993,0.1170317683756515,2.968593731346821,0.3418548532507768,0.4487443615266561,-0.4856398512494614,28
121.042788,14.6820013,-0.1426339093508817,-0.3298365971173764,1.472099716835011,1.3959566685531484,1.2019848439714973,0.7312609999769072,28
121.060025,14.643699,-0.2436780617802206,-0.1279752288740278,1.6961813746427763,1.084588176842795,0.9949563054780098,0.2238227531324296,28
121.003404,14.624211,-0.2118422329326207,-0.6344504746706123,2.4881311179856014,0.7662567717942166,0.5287362918239876,-0.1762870754068378,28
121.017741,14.650571,-0.2741297241561857,-0.9395175613432584,2.049721848231437,0.4709092976394689,0.4676533426723994,0.2623675327805924,28
121.0232,14.63518,0.0649910613943351,-0.5721278330641562,1.9953349463136905,0.7510486111615243,0.6101335077212054,0.5214706537409771,28
121.0302074,14.642287,-0.1772380711417512,-0.692076192325044,2.361069097320141,0.6886442391738867,0.5140002965921602,0.1851329960357081,28
120.996952,14.646511,-0.2533672270816641,-0.8163339064265642,1.807940017207724,0.9424072889902854,0.8937903456185787,0.2533895694300136,28
121.0249,14.6534,0.4317951763775516,-0.9932013844609804,2.971412582336761,-0.1099478001918227,0.0976049987244978,-0.0816660843037539,28
121.03165,14.64068,1.0269867591805066,-0.6398450672436622,1.893229757749731,0.7914336422672756,0.9401351710421187,1.6723525189861996,-1
121.03181,14.66604,-0.2049214005744468,-0.7990215166107544,2.0644534859662698,1.1832510334915194,0.8822561530737719,0.3007069769111318,28
121.023475,14.631613,-0.2771531645168435,-0.4831118602665387,2.016645316433279,0.7603937722865421,0.5091575322502382,0.5981753444783261,28
121.03181,14.66604,0.2518535461383621,-0.7990215166107544,2.007263869750117,1.2542901278212344,1.2025394686374642,0.9837111120583936,28
121.0555,14.63323,-0.3194646365184039,-0.1016736236935398,2.8269278779393803,0.3301403914167118,0.290064743470032,-0.5619733613194721,28
121.0255351,14.63852972,-0.3056444263823664,-0.6458020008013948,2.2085812402161107,0.6049903163382473,0.3196788649989338,0.5393632227291849,28
121.0255351,14.63852972,-0.3097526324701785,-0.6458020008013948,2.20877748112411,0.605009546789726,0.318040123162118,0.5359088556458586,28
121.0255351,14.63852972,-0.3024622276640781,-0.6458020008013948,2.2085480223540794,0.6049870611837002,0.3199562561952698,0.5399479463240188,28
121.0306,14.61633,0.4317951763775516,-0.0798253482938142,0.7668644327127053,1.4209755913475683,-0.7250736263105462,0.8853809762835763,32
121.0572,14.61777,-0.1495547417090556,0.1895861511250358,2.4311389496865914,-0.27152999003735,-0.1657790707729119,-0.0136253656232103,28
121.0521,14.7214,-0.3190365814452593,0.6235616518274608,1.4271473494589997,1.3747777959559708,1.1157405203850923,0.6823799967075541,28
121.04835,14.733322,-0.1495547417090556,0.8638965031043024,2.2763742478189397,1.3084028815879596,0.9170943218622456,0.7069938252135144,29
121.038526,14.62746,-0.1896955693864642,-0.2716553265934593,3.0228882507350785,0.2845460481924873,0.1959354858354688,-0.5092194823649193,28
121.0443089,14.6621443,-0.1633964064254034,-0.5591537777138932,1.4580013828781715,1.271863289549098,1.0374361708452025,0.6344455475252605,28
121.0528,14.6462,0.4871618352429428,-0.3137718252127882,3.3187217316649558,1.342918412214951,0.5119595950787121,0.5381594144229136,28
121.0361368,14.6109081,-0.3018130535888814,0.0854170413469027,1.7030904204158972,0.5148775776104089,0.5486040966866905,0.5014860088130252,28
121.023475,14.631613,0.0816010590539525,-0.4831118602665387,1.99689636919722,0.8063805465873318,0.5757284103947616,0.7434213320161628,28
121.023475,14.631613,0.0816010590539525,-0.4831118602665387,1.99689636919722,0.8063805465873318,0.5757284103947616,0.7434213320161628,28
121.0528,14.6462,-0.2395255623653163,-0.3137718252127882,3.3553228519518314,1.3159308352532144,0.2690606561654369,0.0230052686444427,28
121.0528,14.6462,-0.2395255623653163,-0.3137718252127882,3.3553228519518314,1.3159308352532144,0.2690606561654369,0.0230052686444427,28
121.035979,14.637561,0.5010034999592906,-0.5170811844371812,2.0898111347921957,0.3751222114801863,0.4791629299543959,0.8052972435303427,28
121.031,14.66588,-0.2602880594398379,-0.8166524370386816,2.1733986253859023,1.151071938009354,0.8451963646675043,0.10388844177273,28
121.0528,14.6462,-0.2395255623653163,-0.3137718252127882,3.3553228519518314,1.3159308352532144,0.2690606561654369,0.0230052686444427,28
121.046387,14.638462,-0.1717014052552121,-0.3564503505385145,3.729265792202047,0.4634746206783464,-0.3578547966648514,0.1804641916746348,-1
121.011409,14.671224,-0.2741297241561857,-0.7410874511650571,1.4743772536152593,1.498784179227948,1.1587600859122826,0.8024960960927914,28
121.0528,14.6462,-0.225268647707478,-0.3137718252127882,3.359432339514046,1.308238547324668,0.251356303472135,-0.0151452801307237,28
121.023475,14.649728,-0.1080297475600122,-0.928248553906892,2.47231693817544,0.1991717271284634,0.3025404160535012,-0.0562021490149291,28
121.0572,14.61777,-0.2187630652907946,0.1895861511250358,2.433050589578144,-0.2759112298128682,-0.1723668864726569,-0.0279809892345662,28
121.0798,14.60892,-0.0554314216378906,0.7359644138528785,1.2851471634310407,0.8785868186043279,0.8702561104912041,1.042769775049946,28
120.994084,14.631402,-0.32603596684249,-0.8245641907813593,2.5059746301369867,0.8045660205353367,0.476230571737877,0.0438290095485477,28
121.031359,14.649214,-0.0575076713453428,-0.8079485215320462,2.698797603430284,0.3899598202208078,0.3485767132584678,-0.3666390908281229,28
121.06934,14.624867,-0.2464463947234902,0.2922706428151151,3.0729296952761884,0.6984828693514668,0.2066297232677459,-0.1136357763766453,28
121.0232,14.63518,1.0546700886132023,-0.5721278330641562,1.9851919845997996,0.7596390716692876,0.6751647824987879,0.6595363179858796,28
121.0528,14.6462,0.4871618352429428,-0.3137718252127882,3.3187217316649558,1.342918412214951,0.5119595950787121,0.5381594144229136,28
121.042788,14.6820013,-0.1495547417090556,-0.3298365971173764,1.4727913297572994,1.3960244425401305,1.1962094170118858,0.7190867548742121,28
121.046387,14.638462,-0.2395255623653163,-0.3564503505385145,3.730532339861959,0.4572091275927004,-0.3553185183432404,0.1851546881746527,-1
121.014874,14.643229,-0.2187630652907946,-0.7442765831215292,2.0565381375673164,0.6232898393806778,0.5755860547769821,0.26331164562987,28
121.054782,14.631811,-0.2886634721083509,-0.0942278897088104,2.969881384438093,0.0877494926906433,0.1252711236389443,-0.6504917380017087,28
121.0300173,14.6288755,0.5010034999592906,-0.3856036777148015,2.967598053909805,0.5414668355495997,0.3300615898344801,0.453414598315383,28
121.0245,14.66958,-0.3268858450560737,-0.8236465475579511,1.7113812835947797,1.3716821423216856,1.0361132899002847,0.3897941654133334,28
121.006988,14.62045,-0.1564755740672295,-0.5465395424188926,2.4831758774868264,0.9007885094915208,0.4982990342220107,0.2611733538336735,28
121.0528,14.6462,0.4871618352429428,-0.3137718252127882,3.3187217316649558,1.342918412214951,0.5119595950787121,0.5381594144229136,28
121.026034,14.685688,-0.191079735858099,-0.4237769170613789,2.0453152181077767,1.1599526307588035,0.833943908481522,0.3942815548611372,28
121.054782,14.631811,-0.0665047534109688,-0.0942278897088104,2.9560469131219365,0.0986937901277783,0.2155560172569078,-0.4589142727068909,28
120.984764,14.617888,0.3625868527958126,-1.076143170158736,4.714657658668123,0.4143873271073099,-0.5136526674925871,-0.9619787429576764,-1
121.0232,14.63518,0.3625868527958126,-0.5721278330641562,1.994212024978793,0.7536222065541365,0.61400327358679,0.5299033277504449,28
121.0232,14.63518,-0.1772380711417512,-0.5721278330641562,2.004248036202257,0.7167792013262363,0.6078236468279082,0.5129945860861974,28
121.0443089,14.6621443,-0.0872672504854905,-0.5591537777138932,1.4568547783286376,1.261463661336344,1.06812267493868,0.6980749383591417,28
121.006272,14.616026,-0.0358759177266344,-0.5630562376273193,2.7082099000249595,0.902321770320092,0.4520035016790924,0.165565308866961,28
121.031,14.66588,-0.0526630776212893,-0.8166524370386816,2.1649904027627813,1.162420183666566,0.8904307358617839,0.2004890579261278,28
121.03781,14.650205,-0.2422093327170092,-0.6878338705984789,3.1045558403437377,0.6880059340486069,-0.0711009296093919,0.3359842770218104,28
121.011409,14.671224,0.7592889635663403,-0.7410874511650571,1.297285294765477,1.8672027516936835,1.8459106730024253,2.290562578413869,30
121.000537,14.653102,0.8918921115489522,-1.0012466503570918,1.6273103244596223,1.0939726313746934,1.190385304852014,0.9720356106793756,28
121.054782,14.631811,-0.2741297241561857,-0.0942278897088104,2.9636823999341204,0.0999212433447296,0.150811174919574,-0.5953432347923854,28
121.076504,14.640624,0.0165452348871178,0.2747854760331063,2.02829386071458,0.7992047700618092,0.7803374366780099,-0.3664661302284651,28
121.035979,14.637561,-0.2464463947234902,-0.5170811844371812,2.120796407903496,0.3457632765432633,0.286897188185989,0.3966878563106942,28
121.0521,14.7214,0.0165452348871178,0.6235616518274608,1.416976994543415,1.3988124477047876,1.1493003720310944,0.7556912855590814,28
121.082236,14.696697,-0.2995983872342657,0.639366627740989,1.7265227344772862,1.1190555178270374,1.008704490013089,0.0966543100833528,28
121.082236,14.696697,-0.2810505565143597,0.639366627740989,1.7181981434183569,1.133574814490683,1.046749650118805,0.1784251431301106,28
121.014874,14.643229,-0.2187630652907946,-0.7442765831215292,2.0600662481123417,0.6083644119910354,0.5774635627097205,0.2657019015887877,28
121.06821,14.702178,-0.2118422329326207,0.4588363910487865,2.1180541950221867,1.0562773213911256,0.8296549527371252,-0.1936713850188584,28
121.007705,14.65593,0.512201406714816,-1.0290804706715748,1.26316371627352,1.3609849540712269,1.350271572473042,1.5460430506440763,28
121.061816,14.625651,0.0580702290361612,0.1346248752473284,2.883790944475656,-0.3639757278722211,-0.1872799033686779,-0.4556213993847042,28
121.007705,14.65593,0.308889498695213,-1.0290804706715748,1.1938725477903245,1.513391893790021,1.602193609838013,2.093419037054084,30
121.076504,14.640624,-0.1357130769927078,0.2747854760331063,2.021006332019112,0.8240490643772389,0.7887419705721901,-0.3461265999381071,28
121.006988,14.62045,-0.2187630652907946,-0.5465395424188926,2.488398035365335,0.892646805014236,0.4724492038687995,0.2057953198586616,28
121.0249,14.6534,-0.2256838976489685,-0.9932013844609804,3.00598857958954,-0.1289231819037786,-0.1452327563378531,-0.5958485265837127,28
121.031,14.66588,0.5010034999592906,-0.8166524370386816,2.1265838518602087,1.2114986204678528,1.102708138813299,0.6533804285783815,28
121.0302074,14.642287,-0.187619319679012,-0.692076192325044,2.371998408148945,0.6712492821140322,0.4606292655809355,0.0707348160254046,28
121.0443089,14.6621443,-0.0941880828436644,-0.5591537777138932,1.4623059146619457,1.2619978405440848,1.022602068360462,0.602120297155634,28
121.042788,14.6820013,-0.1495547417090556,-0.3298365971173764,1.4727913297572994,1.3960244425401305,1.1962094170118858,0.7190867548742121,28
121.0232,14.63518,-0.2049214005744468,-0.5721278330641562,2.0076225301976325,0.7131163772801253,0.5878398771150954,0.4704601386722028,28
121.081903,14.605396,0.0165452348871178,0.8319321643272745,1.2193833726599228,0.7695679248699531,0.7870756987400247,1.1775593234471304,28
121.0528,14.6462,-0.12187141227636,-0.3137718252127882,3.34459858275363,1.3212695274134298,0.345502630257034,0.1847960746325108,28
121.0528,14.6462,-0.2298363970638728,-0.3137718252127882,3.3531159832744244,1.322104182425525,0.2743766824785685,0.03486694775203,28
121.0572,14.61777,-0.052663088694621,0.1895861511250358,2.4367405698759024,-0.2859966414207902,-0.1817412563414049,-0.0488138543352701,28
121.000537,14.64016,-0.2481073944894519,-0.7081984459830815,1.7850259998737483,0.7125122604845984,0.7297668142624039,0.6096061110525101,28
121.0711795,14.6060344,-0.12187141227636,0.6337885654977087,1.106225815744265,1.1603684614986958,1.03850876026591,1.3094636537949265,28
121.03165,14.64068,0.3625868527958126,-0.6398450672436622,1.942187095711449,0.755497426171589,0.6149029523031434,0.9826021216038496,28
120.9933,14.62769,-0.2741297241561857,-0.851336156236167,2.650683999425476,0.7470213202499539,0.4370274417268613,-0.1828600900129645,28
121.0528,14.6462,-0.1633964064254034,-0.3137718252127882,3.356824680048043,1.3176754073697083,0.2532411967343318,-0.0101772240695443,28
121.0528,14.6462,-0.2187630652907946,-0.3137718252127882,3.358829896717503,1.3130797013114723,0.2463309005457881,-0.0252355705150225,28
121.0528,14.6462,0.0165452348871178,-0.3137718252127882,3.353161817598496,1.326070230436086,0.2658640044387382,0.0173293554375291,28
121.046387,14.638462,-0.191079735858099,-0.3564503505385145,3.7300289512887104,0.4635494057674301,-0.364227681585802,0.1670305419061437,-1
121.031,14.66588,-0.2534710395670367,-0.8166524370386816,2.181292151824721,1.135871438826952,0.8120621594544832,0.0324040176041078,28
121.076504,14.640624,2.1341815198411664,0.2747854760331063,1.9523878175901932,0.9813141256900716,1.0252123061441551,0.1691700154261562,28
121.077221,14.616594,-0.0803464181273166,0.5677509185767988,2.262575770630104,0.9509788613286266,0.4346925786364362,0.5568130510786224,29
121.052143,14.627397,-0.0803464181273166,-0.069078504215168,0.9343947406378188,-0.0658923290708682,-0.6333494285563452,0.2683633889513771,31
121.06821,14.702178,-0.3045813865321509,0.4588363910487865,2.1250365206443687,1.0441503855097445,0.7976390471360653,-0.2624738702744804,28
120.996952,14.633569,-0.2187630652907946,-0.7729236984714281,2.081222689747114,0.6977318834941176,0.6263635870367037,0.1712264191054405,28
121.082236,14.665648,-0.1038772481451079,0.3620402371748988,1.4978532831055948,1.2459995109374389,1.0329239097952436,0.7320764550504836,28
121.0528,14.6462,-0.1495547417090556,-0.3137718252127882,3.3521458411526366,1.328398721505592,0.2693652211742671,0.0249589176365714,28
121.076504,14.640624,0.5010034999592906,0.2747854760331063,2.008975032002352,0.8516233007266544,0.8302037477034522,-0.2557765212652381,28
121.081903,14.605396,0.0165452348871178,0.8319321643272745,1.2193833726599228,0.7695679248699531,0.7870756987400247,1.1775593234471304,28
121.004121,14.636398,0.0165452348871178,-0.6100800346807246,1.815255407726192,0.9653807324340788,0.9071131009841246,0.5680723640644654,28
121.0572,14.61777,-0.1920984823812222,0.1895861511250358,2.435802512341104,-0.2740761038290064,-0.1985599021624522,-0.0830335801479023,28
121.0129698,14.6222696,-0.0665047534109688,-0.4040833719195183,2.630000748282022,1.1574598438616537,0.5227861435644918,0.1067797913771608,28
121.035979,14.637561,-0.225268647707478,-0.5170811844371812,2.121849074370087,0.3448000061919651,0.280295249459005,0.3826619184478036,28
121.014874,14.622526,-0.2187630652907946,-0.3579931900063774,2.633547363572416,1.295856812732438,0.5471378703370042,0.1781157395419967,28
121.052143,14.627397,-0.0358759177266344,-0.069078504215168,0.9210655856027832,-0.0475568548474358,-0.5623508592444882,0.4200400077108655,31
121.0129698,14.6222696,-0.1620509966149744,-0.4040833719195183,2.6365765221467377,1.1423889917946783,0.5001249789301941,0.0573984539336226,28
121.052143,14.627397,-0.0803464181273166,-0.069078504215168,0.9404925074427412,-0.0880098377917446,-0.6376538533786561,0.2569584775520028,31
121.052143,14.627397,-0.0803464181273166,-0.069078504215168,0.9404925074427412,-0.0880098377917446,-0.6376538533786561,0.2569584775520028,31
121.0711795,14.6060344,-0.12187141227636,0.6337885654977087,1.1102102761128312,1.1479797005414647,1.0314614554076813,1.2932967235745283,28
121.023475,14.719623,0.5248111632714088,0.4117271445049247,1.0861943445623636,1.738065352610208,1.8177351182227457,2.329216800118295,-1
121.0474735,14.6301061,-0.1011089152018383,-0.1962146876596998,3.0970134003322545,-0.077385586583411,0.0822355270024482,-0.3230751203039661,28
121.011409,14.671224,0.7592889635663403,-0.7410874511650571,1.297285294765477,1.8672027516936835,1.8459106730024253,2.290562578413869,30
121.038526,14.62746,-0.191079735858099,-0.2716553265934593,3.02811938287298,0.2688929618538609,0.1854274239595719,-0.5330290615358458,28
121.077221,14.616594,-0.0554314216378906,0.5677509185767988,2.258964392809287,0.9506249676034982,0.4648499804945055,0.6203830008759463,29
121.024192,14.639918,-0.0725397192272965,-0.686033533397633,2.408569352412957,0.5823585091398077,0.3275697627101439,0.3817883864916364,28
121.0443089,14.6621443,-0.1772380711417512,-0.5591537777138932,1.4356231620463042,1.3089025446373892,1.1437966257536725,0.8626735992419117,28
121.031,14.66588,0.1549618820505958,-0.8166524370386816,2.154813207128265,1.1760327155822567,0.9454346757278168,0.3179335206728206,28
121.057875,14.636902,-0.1717014052552121,-0.1032833077352882,2.4278355245536907,0.6418789381693017,0.6022653257544726,-0.3910719835756731,28
121.070815,14.596756,-0.3073497194754205,0.8025898725253353,1.822618477982652,1.486504312499068,0.8223067956634832,1.183829949974748,28
121.006272,14.616026,-0.0358759177266344,-0.5630562376273193,2.7082099000249595,0.902321770320092,0.4520035016790924,0.165565308866961,28
121.0443089,14.6621443,-0.3018130535888814,-0.5591537777138932,1.4664569039807038,1.251670072773153,1.0099680428092628,0.5743867661929821,28
121.0572,14.61777,-0.052663088694621,0.1895861511250358,2.4300305413406824,-0.2738749700674297,-0.1519336481940672,0.0153303964868818,28
121.000537,14.653102,-0.2741297241561857,-1.0012466503570918,1.6947868250532196,0.9637514904063784,0.9077221770143048,0.3621546729162452,28
121.057875,14.636902,-0.1181549253000206,-0.1032833077352882,2.4338701334300814,0.6233014723875375,0.591210712022236,-0.4163418969690575,28
121.012006,14.633299,-0.0665047534109688,-0.5001823149090389,1.737220513181998,0.8037516411138296,0.8173304782877635,0.5363455436797304,28
121.0521,14.7214,0.0303868996034656,0.6235616518274608,1.3697700693298809,1.4924905555695758,1.3417692269827108,1.1714936302748484,28
121.059136,14.682138,-0.2326047300071424,-0.0273098799637028,0.9565322190247616,1.465374141967094,1.3036519721967257,1.368660575571622,28
121.076504,14.640624,-0.2298363970638728,0.2747854760331063,2.025284127580626,0.8142448914530023,0.7740000053699635,-0.3782510723551271,28
121.0341,14.62923,0.3625868527958126,-0.3592968206618552,2.751343309417458,0.3018939549586244,0.3708616873272625,0.3036359994145361,28
121.0528,14.6462,-0.225268647707478,-0.3137718252127882,3.3566593543205427,1.316860505512853,0.2562608752882193,-0.0038939050438375,28
121.0443089,14.6621443,0.308889498695213,-0.5591537777138932,1.3027265236085357,1.6213341050450478,1.585671708774926,1.827523429517373,30
121.042788,14.6820013,-0.2394773490787763,-0.3298365971173764,1.4844652196300137,1.367616481194027,1.1593713508088113,0.6384011968964584,28
121.0245,14.66958,-0.2948922212307074,-0.8236465475579511,1.7076510978390866,1.3803802640545175,1.048662321487145,0.4171770367817827,28
121.042788,14.6820013,-0.1495547417090556,-0.3298365971173764,1.4727814905026273,1.3943941284933483,1.1996353432673923,0.7261411621854446,28
121.052143,14.627397,3.823003031882761,-0.069078504215168,0.8261531448203732,0.1821838839527061,-0.2603316402987571,1.0812129300782891,31
120.994084,14.631402,-0.206443983693245,-0.8245641907813593,2.493856667409696,0.8203109909716966,0.5426747051387776,0.1856270886298984,28
121.060025,14.643699,-0.2049214005744468,-0.1279752288740278,1.6986235382933412,1.0826550279985718,0.9790209672724132,0.1900090599053264,28
121.014874,14.643229,-0.2113577746675485,-0.7442765831215292,2.059408797614671,0.6141784244230308,0.5708899421510776,0.2524484699806645,28
121.031,14.66588,0.2518535350650303,-0.8166524370386816,2.116177414490996,1.2177732266642722,1.1746392348311347,0.8057554452451002,28
121.0443089,14.6621443,-0.0388214239782733,-0.5591537777138932,1.459632292435999,1.2681254486217328,1.0318157966118535,0.6221980924162716,28
121.0521,14.7214,0.0303868996034656,0.6235616518274608,1.3697700693298809,1.4924905555695758,1.3417692269827108,1.1714936302748484,28
121.070815,14.596756,-0.31011805241869,0.8025898725253353,1.822618477982652,1.486504312499068,0.8223067956634832,1.183829949974748,28
121.007705,14.65593,-0.2533672270816641,-1.0290804706715748,1.3552116396594116,1.14521872331672,1.0429183362648042,0.8750894873186402,28
121.0521,14.7214,-0.1011089152018383,0.6235616518274608,1.416976994543415,1.3988124477047876,1.1493003720310944,0.7556912855590814,28
121.0443089,14.6621443,0.0165452348871178,-0.5591537777138932,1.4608392386972038,1.2490749003791128,1.0610753700804512,0.6819080081387435,28
121.002687,14.663787,-0.2602880594398379,-0.9716989225215156,1.4847073636667982,1.1943114539638813,0.9940380899834276,0.8425472028474438,28
121.0302074,14.642287,-0.0525661970416066,-0.692076192325044,2.371003575768116,0.6711517944086195,0.4689367762814603,0.0882465380450449,28
121.0572,14.61777,-0.191079735858099,0.1895861511250358,2.433589517510204,-0.2665615394536011,-0.1959464047116842,-0.0767309431081885,28
121.0572,14.61777,0.0373077319616395,0.1895861511250358,2.414620167817113,-0.2230861601426894,-0.1305750027680609,0.0657210142660349,28
121.053576,14.669878,-0.2990447206456118,-0.2886819560360983,1.5178099084134675,1.2928874502138177,1.0476781839480305,0.4803169692857884,28
121.0528,14.6462,-0.1633964064254034,-0.3137718252127882,3.3540173767107992,1.3241093958512389,0.2629156113982929,0.0109044609541251,28
121.03411,14.63516,0.1964868761996391,-0.4911466810745953,2.8426383514502054,0.4041445330497937,0.1695426926184742,0.1361098512753595,28
121.06821,14.702178,-0.1952322352730033,0.4588363910487865,2.116779150366693,1.0497627672498704,0.8534152138758302,-0.144242037057705,28
121.024192,14.639918,-0.1080297475600122,-0.686033533397633,2.4001871200977414,0.6073830612853477,0.3445257228014931,0.4201833096838501,28
120.984764,14.617888,0.3625868527958126,-1.076143170158736,4.714657658668123,0.4143873271073099,-0.5136526674925871,-0.9619787429576764,-1
121.03781,14.650205,0.3625868527958126,-0.6878338705984789,3.0841132487590297,0.7366083703546182,-0.0042450333673186,0.4821065105743386,28
121.022758,14.659539,0.1010472138139495,-1.0701310271616142,2.848841165268169,0.4092078835767395,0.1837314200563693,-0.6036313279257323,28
121.022758,14.659539,0.1010472138139495,-1.0701310271616142,2.848833812807048,0.4092247344989531,0.1837567578090606,-0.6035761139887655,28
121.000537,14.653102,0.1051526515688182,-1.0012466503570918,1.6339741426462069,1.108011873514783,1.107266700737689,0.7982006490425191,28
121.0249,14.6534,-0.1564755740672295,-0.9932013844609804,2.9949705804359272,-0.1136454861809267,-0.0867938976028425,-0.4709840985450449,28
121.0474735,14.6301061,-0.0941880828436644,-0.1962146876596998,3.100872965388524,-0.0841956801695554,0.064757487941786,-0.3606555526602313,28
121.046387,14.638462,-0.2335736465372867,-0.3564503505385145,3.451588303941707,1.0828921219942196,0.633921993202328,2.33743793552023,-1
121.0521,14.7214,0.1010472138139495,0.6235616518274608,1.4169161696377746,1.398951850788554,1.1495099843488137,0.7561480554012608,28
121.017741,14.650571,-0.1633964064254034,-0.9395175613432584,2.0267793443804867,0.5298415573467211,0.5336834949725926,0.4078345348144871,28
121.0232,14.63518,0.3625868527958126,-0.5721278330641562,1.994212024978793,0.7536222065541365,0.61400327358679,0.5299033277504449,28
121.0129698,14.6222696,-0.1772380711417512,-0.4040833719195183,2.6326224245672614,1.144937538102487,0.5271189903508176,0.1146015214576395,28
120.996952,14.633569,-0.2741297241561857,-0.7729236984714281,2.080204802370795,0.6939581123458416,0.6424034776256932,0.2046604248947182,28
121.0521,14.7214,-0.0249797592619255,0.6235616518274608,1.3993661471611034,1.4221978451698565,1.2448293645063035,0.959637912751708,28
121.0232,14.63518,0.3625868527958126,-0.5721278330641562,1.994212024978793,0.7536222065541365,0.61400327358679,0.5299033277504449,28
121.0521,14.7214,0.1010472138139495,0.6235616518274608,1.4169161696377746,1.398951850788554,1.1495099843488137,0.7561480554012608,28
120.984764,14.617888,0.3625868527958126,-1.076143170158736,4.714657658668123,0.4143873271073099,-0.5136526674925871,-0.9619787429576764,-1
121.0232,14.63518,0.3625868527958126,-0.5721278330641562,1.994212024978793,0.7536222065541365,0.61400327358679,0.5299033277504449,28
121.0232,14.63518,-0.1357130769927078,-0.5721278330641562,2.0135473544957985,0.7049112650965528,0.5563937505559172,0.4032718806923793,28
121.022758,14.659539,0.1010472138139495,-1.0701310271616142,2.848841165268169,0.4092078835767395,0.1837314200563693,-0.6036313279257323,28
121.0232,14.63518,0.3625868527958126,-0.5721278330641562,1.994212024978793,0.7536222065541365,0.61400327358679,0.5299033277504449,28
121.0232,14.63518,0.3625868527958126,-0.5721278330641562,1.994212024978793,0.7536222065541365,0.61400327358679,0.5299033277504449,28
121.0521,14.7214,0.1010472138139495,0.6235616518274608,1.4169161696377746,1.398951850788554,1.1495099843488137,0.7561480554012608,28
121.0232,14.63518,0.3625868527958126,-0.5721278330641562,1.994212024978793,0.7536222065541365,0.61400327358679,0.5299033277504449,28
121.0232,14.63518,0.3625868527958126,-0.5721278330641562,1.994212024978793,0.7536222065541365,0.61400327358679,0.5299033277504449,28
121.0249,14.6534,0.1010472138139495,-0.9932013844609804,2.995046112224297,-0.1038444139439853,-0.1075232700369701,-0.5136751300307384,28
121.000537,14.653102,-0.3059655530037857,-1.0012466503570918,1.696852863484227,0.9624523922741728,0.8935508908902227,0.3321283544125702,28
121.0306,14.61633,0.4317951763775516,-0.0798253482938142,0.7668678396729136,1.4209759252095733,-0.7251020766896575,0.8853210046328241,32
121.076504,14.640624,-0.052663088694621,0.2747854760331063,2.013935364483389,0.8369979628210819,0.8197934320334656,-0.2792718467557691,28
121.0521,14.7214,0.2068958080663327,0.6235616518274608,1.3484016374555094,1.5429510952103132,1.4123571026246675,1.325682672866242,28
121.0235124,14.6446821,-0.2256838976489685,-0.8056651729288605,2.5074624649322965,0.7197763671190083,0.4424451136215226,0.1525140077881453,28
121.0341,14.62923,-0.225268647707478,-0.3592968206618552,2.778978296991488,0.2797982042165081,0.1909937454290146,-0.0780604050675871,28
121.006272,14.616026,-0.0358759177266344,-0.5630562376273193,2.7082099000249595,0.902321770320092,0.4520035016790924,0.165565308866961,28
121.0232,14.63518,0.3833493498703343,-0.5721278330641562,1.988650890748824,0.7663676313556441,0.6331678283496844,0.571665141892571,28
121.0572,14.61777,-0.2838188894576292,0.1895861511250358,2.407756591215488,-0.239924456598491,-0.040084218798537,0.2548107952653913,28
121.023475,14.654904,-0.1772380711417512,-1.044102833433685,3.0146508600985142,-0.0180228448059868,-0.099450709665059,-0.3968488672516055,28
121.096563,14.681641,-0.2741297241561857,0.7909957303090478,1.31164606506726,1.3465539234882784,1.106309379529988,0.9681812571495764,28
121.076504,14.640624,-0.052663088694621,0.2747854760331063,2.029653237837699,0.7993379810017397,0.7689857354125669,-0.3903948188785897,28
121.049276,14.643342,-0.3281122165499421,-0.3631378116373163,4.425803753752955,1.1342559451970116,-0.340059019891892,-0.2964050032977294,-1
121.0232,14.63518,0.2241702056323347,-0.5721278330641562,1.9750230499155543,0.7650321833362916,0.7469693447952291,0.8115517449013403,28
121.0521,14.7214,-0.1688084973294954,0.6235616518274608,1.4039831905253148,1.4285926229621562,1.1940790913328576,0.85326937052578,28
121.0521,14.7214,-0.1688084973294954,0.6235616518274608,1.4039831905253148,1.4285926229621562,1.1940790913328576,0.85326937052578,28
121.02818,14.63561,-0.2118422329326207,-0.5588968263910692,2.200866169301649,0.6880161729226855,0.3848287393614685,0.59803654769793,28
121.012006,14.633299,-0.0665047534109688,-0.5001823149090389,1.737220513181998,0.8037516411138296,0.8173304782877635,0.5363455436797304,28
121.056446,14.617564,0.0165452348871178,0.1814546017575108,2.473361010993385,-0.3086861391503309,-0.2178761427617451,-0.0602107036145142,28
121.054782,14.631811,-0.0665047534109688,-0.0942278897088104,2.966267793746889,0.0996953761422926,0.1302048799227493,-0.6388292249634678,28
121.0572,14.61777,-0.2533672270816641,0.1895861511250358,2.434433616641141,-0.2766382983018993,-0.1821458535200106,-0.04868298682041,28
121.0572,14.61777,-0.3013458974047046,0.1895861511250358,2.4415869707722337,-0.285521722718908,-0.2222119206273517,-0.1341235275302637,28
121.042788,14.6820013,-0.1426339093508817,-0.3298365971173764,1.472099716835011,1.3959566685531484,1.2019848439714973,0.7312609999769072,28
121.04426,14.621443,-0.052663088694621,-0.07193325793957,2.399613109801892,-0.0765800908329235,0.1203679584598059,0.1848775350462667,28
121.076504,14.640624,-0.3018130535888814,0.2747854760331063,2.030059063665646,0.8011029435063061,0.7620563665545739,-0.4048244305571933,28
121.049276,14.695099,-0.0249797592619255,0.0233660925052733,1.1535910774085465,1.4807602128285828,1.3583485510527162,1.1134663109012488,28
121.0245,14.66958,-0.2630563923831075,-0.8236465475579511,1.7061672375036865,1.383781086537612,1.0537759406666676,0.4283202131514366,28
121.0245,14.66958,-0.2630563923831075,-0.8236465475579511,1.7047601629376512,1.383643201529614,1.06552594723967,0.4530885049120919,28
121.0528,14.6462,-0.2049214005744468,-0.3137718252127882,3.34459858275363,1.3212695274134298,0.345502630257034,0.1847960746325108,28
121.0572,14.61777,-0.2672088917980119,0.1895861511250358,2.4348079237527736,-0.27749616343277,-0.1834357754752054,-0.0514938781568993,28
121.04036,14.62904,-0.2187630652907946,-0.2821512829443378,3.065320680130543,0.2772805728734693,0.2034831032948821,-0.5684997710920349,28
121.049276,14.695099,-0.2049214005744468,0.0233660925052733,1.174738970704501,1.4313962429829852,1.2873075803312664,0.9584369406358576,28
121.049276,14.708042,-0.2706693079770988,0.2960473413023782,1.2270444022942266,1.415833333079893,1.2314226245901223,0.7644937434569593,28
121.023475,14.631613,-0.0872672504854905,-0.4831118602665387,1.9941286347967535,0.8093041285841237,0.5922844337472396,0.7786483229624024,28
121.004121,14.636398,-0.2492147276667597,-0.6100800346807246,1.824898403764248,0.9664854293498084,0.8262598637229588,0.3976551043022332,28
121.0258632,14.6084757,-0.12187141227636,-0.0794465194885916,-2.218566608510224,1.7362033704938804,-0.3892643291956112,-2.0052034589079013,33
121.0317581,14.6011173,-0.1080297475600122,0.0771613952133869,-2.179578104471635,1.30174118464801,-0.638490961192632,-2.067144846856497,33
121.0468908,14.6011932,-0.1993847346879076,0.4042403956887636,-2.840130049526627,0.9545645236205156,-0.9399503512967377,-0.7125768535918808,33
121.0468908,14.6011932,0.00270357017077,0.4042403956887636,-2.854118654635296,0.983320721182302,-0.884963027755608,-0.5935747524957501,33
121.0468908,14.6011932,-0.3156547183052292,0.4042403956887636,-2.8393623372015497,0.9568761174501113,-0.9509507359644436,-0.7355354506267539,33
121.0468908,14.6011932,-0.2395255623653163,0.4042403956887636,-2.8438249806259583,0.9606878935619346,-0.9224047079374958,-0.6749260559857023,33
121.0468908,14.6011932,-0.0941880828436644,0.4042403956887636,-2.8474404981848265,0.9631769694090432,-0.8980479289383196,-0.6232916217591575,33
121.0468908,14.6011932,-0.1080297475600122,0.4042403956887636,-2.8474404981848265,0.9631769694090432,-0.8980479289383196,-0.6232916217591575,33
121.0468908,14.6011932,-0.1080297475600122,0.4042403956887636,-2.8474404981848265,0.9631769694090432,-0.8980479289383196,-0.6232916217591575,33
121.0491361,14.6054045,-0.285203055929264,0.3335194396950843,-2.5433745208953757,1.067659154084971,-0.9338314225700136,-1.1089886074966504,33
121.0468908,14.6011932,-0.1080297475600122,0.4042403956887636,-2.8474404981848265,0.9631769694090432,-0.8980479289383196,-0.6232916217591575,33
121.0293,14.59674,0.00270357017077,-0.0141732773954947,-1.5361552503824392,1.152690804919242,-0.938643702735758,-2.2063817487485564,33
121.0258632,14.6084757,-0.1300488463241428,-0.0794465194885916,-2.2060765615548146,1.7034985067371462,-0.423935586275696,-2.0817707547150386,33
121.0468908,14.6011932,-0.0941880828436644,0.4042403956887636,-2.8462028400697847,0.9613174743455528,-0.9043182301896174,-0.6367123363802183,33
121.0205353,14.6029057,-0.2969380192757836,-0.1975153519159947,-1.150941835863764,1.6795586224173622,-0.9133284083809724,-2.4625685461093854,33
121.049992,14.6062331,-0.2907397218158031,0.3251224027314228,-2.654264255592444,0.9621094377911424,-0.9355503147425156,-1.0138646867531522,33
121.0468908,14.6011932,-0.297660554173977,0.4042403956887636,-2.8388993532905764,0.9546851245925232,-0.9502274817431436,-0.7342404129930952,33
121.0258632,14.6084757,-0.2900476385799857,-0.0794465194885916,-2.2057308842583483,1.707078613116839,-0.4340998206789881,-2.102832354799312,33
121.0468908,14.6011932,0.4178150950140403,0.4042403956887636,-2.8526235034422447,0.9872690535152449,-0.9052506438375412,-0.6359495861339913,33
121.0468908,14.6011932,-0.2764966488226812,0.4042403956887636,-2.8393941461216308,0.9546366378135605,-0.946095633184797,-0.7255307301543543,33
121.0468908,14.6011932,-0.1635348230725669,0.4042403956887636,-2.841223683753497,0.9544573539169624,-0.9308177796019824,-0.693325953700427,33
121.0230267,14.6034566,0.00270357017077,-0.1380498424294466,-1.423193114464136,1.750689048627855,-0.739224930325817,-2.123351385493586,33
121.0389312,14.5939458,-0.3018130535888814,0.1575127433783924,-2.388875045537622,1.350770882019405,-0.7364363038761046,-1.5444395598056462,33
121.0262408,14.5998868,-0.2076897335177163,-0.0524440696739329,-1.411312805669075,1.3711526158051957,-0.9651172176390972,-2.265292909109483,33
121.0468908,14.6011932,0.350821437786917,0.4042403956887636,-2.8571999666242323,0.992155909200752,-0.8779833199189957,-0.5779241313738507,33
121.0468908,14.6011932,-0.1080297475600122,0.4042403956887636,-2.8474404981848265,0.9631769694090432,-0.8980479289383196,-0.6232916217591575,33
121.0468908,14.6011932,-0.3259573461869011,0.4042403956887636,-2.8384797520713203,0.954726243037039,-0.9537314304345018,-0.7416265214997352,33
121.0258632,14.6084757,-0.285203055929264,-0.0794465194885916,-2.2057308842583483,1.707078613116839,-0.4340998206789881,-2.102832354799312,33
121.0258632,14.6084757,-0.2900476385799857,-0.0794465194885916,-2.2057308842583483,1.707078613116839,-0.4340998206789881,-2.102832354799312,33
121.0468908,14.6011932,-0.1080297475600122,0.4042403956887636,-2.847290851665364,0.9631596858488486,-0.8992320127440321,-0.6257908767655485,33
121.04895405491,14.60542223123,-0.3192535511314796,0.3310889161177717,-2.542820515095901,1.0677134433855775,-0.938457738717316,-1.1187405976254643,33
121.0230267,14.6034566,-0.2900476385799857,-0.1380498424294466,-1.41074714818384,1.725192773409457,-0.7883304597070209,-2.2296049152118638,33
121.0468908,14.6011932,0.4041118469448561,0.4042403956887636,-2.8420447611637014,0.9543768931737964,-0.9239612382361384,-0.6788727858691487,33
121.0468908,14.6011932,0.4041118469448561,0.4042403956887636,-2.8526235034422447,0.9872690535152449,-0.9052506438375412,-0.6359495861339913,33
121.0371886,14.6014254,-0.2118422329326207,0.2092319060219121,-2.204364019929691,1.3545502567779846,-0.6012994840947135,-1.9740856357962877,33
121.0468908,14.6011932,-0.297660554173977,0.4042403956887636,-2.8389716830557994,0.9546780367021604,-0.9496234801946088,-0.7329672148476262,33
121.0468908,14.6011932,-0.2682219632386013,0.4042403956887636,-2.8390807057824654,0.9546673531180055,-0.9487130680630445,-0.7310481220235561,33
121.0468908,14.6011932,0.9162534414497244,0.4042403956887636,-2.8736801922027277,1.015172880387318,-0.7909123105600495,-0.3918555994811204,33
121.0468908,14.6011932,-0.297660554173977,0.4042403956887636,-2.8389716830557994,0.9546780367021604,-0.9496234801946088,-0.7329672148476262,33
121.0262408,14.5998868,-0.0249797592619255,-0.0524440696739329,-1.4631226737445937,1.4691399198473236,-0.7439797645892279,-1.78857033378806,33
121.02297,14.60318,-0.2713613912129162,-0.1390515277889347,-1.3872955210370506,1.7251606937977493,-0.7703349854852448,-2.209803897634699,33
121.0468908,14.6011932,-0.0595839210527949,0.4042403956887636,-2.8474404981848265,0.9631769694090432,-0.8980479289383196,-0.6232916217591575,33
121.0468908,14.6011932,-0.2682219632386013,0.4042403956887636,-2.839099341854805,0.9546655268928392,-0.9485574444893052,-0.7307200770939415,33
121.0468908,14.6011932,0.4041118469448561,0.4042403956887636,-2.8526235034422447,0.9872690535152449,-0.9052506438375412,-0.6359495861339913,33
121.0468908,14.6011932,0.4041118469448561,0.4042403956887636,-2.8526235034422447,0.9872690535152449,-0.9052506438375412,-0.6359495861339913,33
121.036376,14.517219,-0.2445269433939448,-0.1181756385731621,-1.819403216087066,1.7165202782873457,0.2663255044528816,-0.3199265471053946,9
121.065172,14.531149,-0.3156547183052292,0.4423511148244995,-1.4782824832594783,1.5883109991074238,0.0711884254346056,-0.7975385935811267,9
121.036376,14.517219,-0.1495547417090556,-0.1181756385731621,-1.8269888333958235,1.728556147105463,0.3034448600318454,-0.2403695820399291,9
121.050318,14.540867,-0.3022283035303718,0.0720840422067651,-1.8029437410850084,0.794360125184586,-0.3643448044833102,-0.0440312990947505,9
121.050318,14.540867,-0.2838188894576292,0.0720840422067651,-1.80314999845602,0.794339913178813,-0.3626224185319069,-0.0404006153582128,9
121.0426197955,14.503449999,-0.2941779913313439,0.0438579718958229,-1.0574357419249028,0.9725733271682788,-0.2814521448204864,-1.0248088756227056,9
121.050318,14.540867,0.3112342766981624,0.0720840422067651,-1.8076301511299573,0.793900884642451,-0.3252101700004341,0.0384621053809202,9
121.050318,14.540867,-0.2395255623653163,0.0720840422067651,-1.803415741352269,0.7943138719424357,-0.3604032889612188,-0.0357228265995418,9
121.050318,14.540867,-0.256827643260751,0.0720840422067651,-1.8032385794214365,0.7943312327666873,-0.3618827086750109,-0.0388413524386557,9
121.050318,14.540867,-0.1772380711417512,0.0720840422067651,-1.8037325886516424,0.7942828227759857,-0.3577574037038599,-0.0301454630795879,9
121.04289009329,14.504122076691,-0.3026546268036353,0.0520690498469879,-1.2309849230303358,0.9941045833877088,-0.2650612320769259,-0.6902315499017732,9
121.0426197955,14.503449999,-0.2260354759327637,0.0438579718958229,-1.0580081112399002,0.972517238351466,-0.2766724811297736,-1.0147336382963374,9
121.036376,14.517219,0.1549618820505958,-0.1181756385731621,-1.832707926896115,1.7331712915773114,0.3405817253286485,-0.1615561361442761,9
121.036376,14.517219,-0.2937848880533996,-0.1181756385731621,-1.8188615094139435,1.7165733623461148,0.2618018941741712,-0.3294620395749931,9
121.050318,14.540867,-0.3180078013070083,0.0720840422067651,-1.8028638137985211,0.7943679575872195,-0.3650122503772633,-0.0454382340213969,9
121.036376,14.517219,-0.2965200010013499,-0.1181756385731621,-1.8188615094139435,1.7165733623461148,0.2618018941741712,-0.3294620395749931,9
121.036376,14.517219,-0.2866935263859203,-0.1181756385731621,-1.8189101948753204,1.7165685914580655,0.2622084500916729,-0.3286050446857443,9
121.050318,14.540867,5.20716950351754,0.0720840422067651,-1.8555814751970847,0.8204151693102139,0.0111592249873193,0.7507118105823364,9
121.050318,14.540867,-0.3087338859470552,0.0720840422067651,-1.802942173883313,0.7943602787611082,-0.3643578916577015,-0.0440588860540965,9
121.050318,14.540867,-0.3087338859470552,0.0720840422067651,-1.8029437410850084,0.794360125184586,-0.3643448044833102,-0.0440312990947505,9
121.050318,14.540867,-0.2326047300071424,0.0720840422067651,-1.8077946313162363,0.7996354131115175,-0.3356381640294738,0.0170707749205513,9
121.050318,14.540867,-0.2741297241561857,0.0720840422067651,-1.803241816033634,0.7943309155977827,-0.361855680814855,-0.0387843793704412,9
121.050318,14.540867,-0.2693418923308011,0.0720840422067651,-1.80314999845602,0.794339913178813,-0.3626224185319069,-0.0404006153582128,9
121.050318,14.540867,-0.2907397218158031,0.0720840422067651,-1.803054603570187,0.7943492613149485,-0.3634190291470257,-0.0420798215792741,9
121.050318,14.540867,-0.2748218073920032,0.0720840422067651,-1.803240793945572,0.7943310157563841,-0.3618642159285885,-0.0388023708656668,9
121.050318,14.540867,-0.3052734697679683,0.0720840422067651,-1.8029437410850084,0.794360125184586,-0.3643448044833102,-0.0440312990947505,9
121.050318,14.540867,-0.2813273898086866,0.0720840422067651,-1.8510010223800464,0.9040247654927198,-0.1977535835902204,0.3188719765056952,9
121.050318,14.540867,0.3625868527958126,0.0720840422067651,-1.855736697069608,0.9035606973059948,-0.1582075566253937,0.4022325710512426,9
121.036376,14.517219,-0.2962763877023422,-0.1181756385731621,-1.81888876509561,1.7165706914500762,0.2620294972070622,-0.3289822663689756,9
121.036376,14.517219,-0.2422938953085858,-0.1181756385731621,-1.8193589256043576,1.7165246184934084,0.2659556495244335,-0.3207061785651731,9
121.050318,14.540867,-0.2803584732785423,0.0720840422067651,-1.8032692420633112,0.7943282280086438,-0.3616266552630084,-0.038301607581886,9
121.050318,14.540867,0.1826452114832913,0.0720840422067651,-1.806206041762881,0.7940404389604733,-0.3371024284689935,0.0133939553665037,9
121.050318,14.540867,-0.2545506894149118,0.0720840422067651,-1.8032556142224776,0.7943295634566631,-0.3617404567794539,-0.0385414941848948,9
121.0533077,14.55311383,0.1646510473520392,0.1926713031608063,-0.7404689411125688,-0.1959731833097729,-1.173219241155063,-1.4685606180827433,34
121.050318,14.540867,0.1364140513306897,0.0720840422067651,-1.806206041762881,0.7940404389604733,-0.3371024284689935,0.0133939553665037,9
121.036376,14.517219,-0.2422938953085858,-0.1181756385731621,-1.97429533359796,2.071619506593103,0.7998912016925757,0.8428020567887738,9
121.042466,14.50356763,-0.297660554173977,0.0404262569123669,-1.1442103324776194,0.983338955277994,-0.2732566884487062,-0.8575202127622393,9
121.0521,14.52655,-0.2256838976489685,0.150403528974108,-1.551052792546671,1.3837165285104198,0.0266755707152353,-0.7383023961099304,9
121.050318,14.540867,-0.2748218073920032,0.0720840422067651,-1.8032692420633112,0.7943282280086438,-0.3616266552630084,-0.038301607581886,9
121.050318,14.540867,-0.2889403054026779,0.0720840422067651,-1.80304107793816,0.7943505867471078,-0.3635319771520979,-0.0423179090327604,9
121.050318,14.540867,-0.2896323886384953,0.0720840422067651,-1.8030341618089367,0.7943512644869776,-0.363589731421694,-0.0424396514837873,9
121.050318,14.540867,-0.2741297241561857,0.0720840422067651,-1.8032385794214365,0.7943312327666873,-0.3618827086750109,-0.0388413524386557,9
121.050318,14.540867,-0.1695697888888945,0.0720840422067651,-1.804458271176014,0.7942117101689552,-0.3516974729531346,-0.0173715014693709,9
121.050318,14.540867,-0.2360651461862293,0.0720840422067651,-1.8035077292778932,0.794304857668305,-0.3596351287252113,-0.0341035920292326,9
121.036376,14.517219,-0.1633964064254034,-0.1181756385731621,-1.8216415889439304,1.716300930950167,0.2850174035290622,-0.2805251725612043,9
121.050318,14.540867,-0.3045813865321509,0.0720840422067651,-1.8029437410850084,0.794360125184586,-0.3643448044833102,-0.0440312990947505,9
121.050318,14.540867,0.0876041890414325,0.0720840422067651,-1.80566092812955,0.7940938568812473,-0.3416544891268153,0.0037984912461529,9
121.050318,14.540867,0.1895660438414652,0.0720840422067651,-1.806206041762881,0.7940404389604733,-0.3371024284689935,0.0133939553665037,9
121.050318,14.540867,-0.2533672270816641,0.0720840422067651,-1.8032692420633112,0.7943282280086438,-0.3616266552630084,-0.038301607581886,9
121.050318,14.540867,-0.2942134259930177,0.0720840422067651,-1.8030186260703875,0.7943527868977196,-0.3637194651504419,-0.0427131222112173,9
121.050318,14.540867,-0.0249797592619255,0.0720840422067651,-1.804458271176014,0.7942117101689552,-0.3516974729531346,-0.0173715014693709,9
121.050318,14.540867,-0.2748218073920032,0.0720840422067651,-1.8032692420633112,0.7943282280086438,-0.3616266552630084,-0.038301607581886,9
121.050318,14.540867,-0.3094259691828726,0.0720840422067651,-1.8029437410850084,0.794360125184586,-0.3643448044833102,-0.0440312990947505,9
121.050318,14.540867,-0.2748218073920032,0.0720840422067651,-1.803241816033634,0.7943309155977827,-0.361855680814855,-0.0387843793704412,9
121.050318,14.540867,-0.3004288871172466,0.0720840422067651,-1.8029523947639376,0.7943592771750937,-0.3642725405203673,-0.0438789711018399,9
121.050318,14.540867,-0.2741297241561857,0.0720840422067651,-1.8031125218937285,0.7943435856608663,-0.3629353727021321,-0.0410603035164869,9
121.050318,14.540867,-0.3052734697679683,0.0720840422067651,-1.8029523947639376,0.7943592771750937,-0.3642725405203673,-0.0438789711018399,9
121.050318,14.540867,-0.3087338859470552,0.0720840422067651,-1.8029437410850084,0.794360125184586,-0.3643448044833102,-0.0440312990947505,9
121.050318,14.540867,-0.273541453405741,0.0720840422067651,-1.8032930907847693,0.7943258909746099,-0.3614275026092287,-0.0378818060266207,9
121.050318,14.540867,0.1364140513306897,0.0720840422067651,-1.806206041762881,0.7940404389604733,-0.3371024284689935,0.0133939553665037,9
121.050318,14.540867,-0.3094259691828726,0.0720840422067651,-1.8029437410850084,0.794360125184586,-0.3643448044833102,-0.0440312990947505,9
121.050318,14.540867,-0.2889403054026779,0.0720840422067651,-1.803040975729354,0.7943505967629679,-0.3635328306634712,-0.0423197081822829,9
121.050318,14.540867,-0.3094259691828726,0.0720840422067651,-1.8029437410850084,0.794360125184586,-0.3643448044833102,-0.0440312990947505,9
121.050318,14.540867,-0.3094259691828726,0.0720840422067651,-1.8029437410850084,0.794360125184586,-0.3643448044833102,-0.0440312990947505,9
121.050318,14.540867,-0.3004288871172466,0.0720840422067651,-1.8029523947639376,0.7943592771750937,-0.3642725405203673,-0.0438789711018399,9
121.050318,14.540867,0.5286868293919862,0.0720840422067651,-1.8083524266941209,0.7938301058974253,-0.3191786896288202,0.0511760953403849,9
121.050318,14.540867,-0.2858951391650814,0.0720840422067651,-1.8030511966099787,0.7943495951769534,-0.3634474795261371,-0.0421397932300263,9
121.050318,14.540867,-0.2810505565143597,0.0720840422067651,-1.803139777575395,0.7943409147648276,-0.362707769669241,-0.0405805303104694,9
121.050318,14.540867,-0.2752370573334936,0.0720840422067651,-1.8031738471774783,0.7943375761447792,-0.3624232658781272,-0.0399808138029474,9
121.0632793,14.5139759,-0.2118422329326207,0.5053807656824613,-1.0620578848604547,1.7551819061261575,0.2136287760218722,-1.6533880726529078,35
121.036376,14.517219,-0.2413521677666605,-0.1181756385731621,-1.9735117327500469,2.071696294854216,0.7933476144969567,0.8290085771157695,9
121.050318,14.540867,-0.2810505565143597,0.0720840422067651,-1.803139777575395,0.7943409147648276,-0.362707769669241,-0.0405805303104694,9
121.036376,14.517219,-0.2841087339167895,-0.1181756385731621,-1.8189269230499432,1.716566952195622,0.2623481414531098,-0.328310583880551,9
121.050318,14.540867,-0.2889403054026779,0.0720840422067651,-1.80304107793816,0.7943505867471078,-0.3635319771520979,-0.0423179090327604,9
121.050318,14.540867,-0.1633964064254034,0.0720840422067651,-1.811144450989776,0.8063357185563497,-0.3220890174595767,0.0463529477975157,9
121.050318,14.540867,0.1364140513306897,0.0720840422067651,-1.806206041762881,0.7940404389604733,-0.3371024284689935,0.0133939553665037,9
121.050318,14.540867,0.5494493264665079,0.0720840422067651,-1.8083353918930791,0.7938317752074495,-0.3193209415243772,0.0508762370866239,9
121.0507,14.54807,-0.1011089152018383,0.1022602125292198,-1.4292516505027923,0.1460592242412092,-0.9338296644769332,-0.3526043548811093,36
121.050318,14.540867,0.1982170842891826,0.0720840422067651,-1.806206041762881,0.7940404389604733,-0.3371024284689935,0.0133939553665037,9
121.050318,14.540867,-0.2793013853441548,0.0720840422067651,-1.8031431845356036,0.7943405809028228,-0.3626793192901297,-0.0405205586597171,9
121.05001,14.5478028,-0.2824347229859944,0.0845848190142683,-1.6229047556671456,0.1473239442152443,-0.9425814623168594,0.0348486609205908,36
121.050318,14.540867,-0.2755138906278205,0.0720840422067651,-1.803054603570187,0.7943492613149485,-0.3634190291470257,-0.0420798215792741,9
121.036376,14.517219,-0.1495547417090556,-0.1181756385731621,-1.8270194960376984,1.7285531423474192,0.3037009134438478,-0.2398298371831594,9
121.050318,14.540867,-0.2741297241561857,0.0720840422067651,-1.8031125218937285,0.7943435856608663,-0.3629353727021321,-0.0410603035164869,9
121.036376,14.517219,-0.1633964064254034,-0.1181756385731621,-1.8269786125151983,1.7285571486914773,0.3033595088945112,-0.2405494969921857,9
121.050318,14.540867,-0.285203055929264,0.0720840422067651,-1.803054603570187,0.7943492613149485,-0.3634190291470257,-0.0420798215792741,9
121.050318,14.540867,-0.2838188894576292,0.0720840422067651,-1.803054603570187,0.7943492613149485,-0.3634190291470257,-0.0420798215792741,9
121.036376,14.517219,-0.2118422329326207,-0.1181756385731621,-1.819256716798108,1.7165346343535537,0.2651021381510919,-0.3225053280877388,9
121.036376,14.517219,-0.2049214005744468,-0.1181756385731621,-1.820678441293039,1.7163953137389347,0.2769744813542734,-0.297479158228849,9
121.050318,14.540867,0.1895660438414652,0.0720840422067651,-1.806206041762881,0.7940404389604733,-0.3371024284689935,0.0133939553665037,9
121.050318,14.540867,-0.2810505565143597,0.0720840422067651,-1.803085266212062,0.794346256556905,-0.3631629757350232,-0.0415400767225044,9
121.050318,14.540867,-0.2464463947234902,0.0720840422067651,-1.8035077292778932,0.794304857668305,-0.3596351287252113,-0.0341035920292326,9
121.050318,14.540867,0.3569809785856918,0.0720840422067651,-1.8075586049655827,0.7939078957445526,-0.3258076279617732,0.0372027007151241,9
121.036376,14.517219,0.1134368879015524,-0.1181756385731621,-1.8329021236279888,1.7331522614430357,0.3422033969379974,-0.1581377520514011,9
121.050318,14.540867,-0.2533672270816641,0.0720840422067651,-1.8032692420633112,0.7943282280086438,-0.3616266552630084,-0.038301607581886,9
121.050318,14.540867,0.5541347299729916,0.0720840422067651,-1.808689715754744,0.7937970535589464,-0.316362102096793,0.057113288764852,9
121.050318,14.540867,0.1895660438414652,0.0720840422067651,-1.806206041762881,0.7940404389604733,-0.3371024284689935,0.0133939553665037,9
121.050318,14.540867,-0.2935080547590727,0.0720840422067651,-1.803040975729354,0.7943505967629679,-0.3635328306634712,-0.0423197081822829,9
121.050318,14.540867,-0.2672088917980119,0.0720840422067651,-1.8031636262968531,0.7943385777307937,-0.3625086170154614,-0.040160728755204,9
121.036376,14.517219,-0.1938480688013685,-0.1181756385731621,-1.8269888333958235,1.728556147105463,0.3034448600318454,-0.2403695820399291,9
121.050318,14.540867,-0.2748218073920032,0.0720840422067651,-1.803240793945572,0.7943310157563841,-0.3618642159285885,-0.0388023708656668,9
121.050318,14.540867,0.3783305105437823,0.0720840422067651,-1.808301322290996,0.7938351138274978,-0.319605445315491,0.050276520579102,9
121.050318,14.540867,-0.2838188894576292,0.0720840422067651,-1.80314999845602,0.794339913178813,-0.3626224185319069,-0.0404006153582128,9
121.050318,14.540867,-0.2714942711941931,0.0720840422067651,-1.803241986381645,0.7943308989046824,-0.3618542582958995,-0.0387813807879036,9
121.050318,14.540867,-0.2291166304986227,0.0720840422067651,-1.8036133450443512,0.7942945079461551,-0.3587531669727584,-0.0322444708559146,9
121.050318,14.540867,-0.2796663900427248,0.0720840422067651,-1.804760725982301,0.7980477837897997,-0.3571050136980377,-0.0283734925270315,9
121.0538,14.55289,0.402520055502476,0.2026842315243465,-0.8210727147002408,-0.0928113832301797,-1.079870207402587,-1.3570969502730377,34
121.050318,14.540867,-0.3073497194754205,0.0720840422067651,-1.8028978834006044,0.7943646189671711,-0.3647277465861495,-0.044838517513875,9
121.050318,14.540867,0.3783305103499991,0.0720840422067651,-1.8071599906212097,0.7939469575991186,-0.3291363223178054,0.0301860175771175,9
121.050318,14.540867,-0.2824347229859944,0.0720840422067651,-1.803119335814145,0.7943429179368566,-0.3628784719439094,-0.0409403602149825,9
121.050318,14.540867,-0.2464463947234902,0.0720840422067651,-1.8035077292778932,0.794304857668305,-0.3596351287252113,-0.0341035920292326,9
121.036376,14.517219,-0.1633964064254034,-0.1181756385731621,-1.8269888333958235,1.728556147105463,0.3034448600318454,-0.2403695820399291,9
121.050318,14.540867,-0.2533672270816641,0.0720840422067651,-1.8032692420633112,0.7943282280086438,-0.3616266552630084,-0.038301607581886,9
121.050318,14.540867,0.1646510473520392,0.0720840422067651,-1.806206041762881,0.7940404389604733,-0.3371024284689935,0.0133939553665037,9
121.0532849,14.55602279,-0.2768980570994553,0.2083749821397785,-0.634034437125406,0.0726831536932709,-0.9911071248758314,-1.834586812694911,34
121.050318,14.540867,-0.2187630652907946,0.0720840422067651,-1.8051372023537489,0.7998958254752913,-0.357829459736355,-0.0297071126661586,9
121.050318,14.540867,-0.2775901403352727,0.0720840422067651,-1.803054603570187,0.7943492613149485,-0.3634190291470257,-0.0420798215792741,9
121.050318,14.540867,0.1646510473520392,0.0720840422067651,-1.806206041762881,0.7940404389604733,-0.3371024284689935,0.0133939553665037,9
121.050318,14.540867,-0.2509006424292109,0.0720840422067651,-1.8033510091083107,0.7943202153205277,-0.3609438461643351,-0.0368622879638334,9
121.050318,14.540867,-0.2533672270816641,0.0720840422067651,-1.8032692420633112,0.7943282280086438,-0.3616266552630084,-0.038301607581886,9
121.050318,14.540867,-0.2533672270816641,0.0720840422067651,-1.8032692420633112,0.7943282280086438,-0.3616266552630084,-0.038301607581886,9
121.050318,14.540867,0.2214018726890652,0.0720840422067651,-1.8204475911442357,0.8059991303504686,-0.2455817734806643,0.2076845403718047,9
121.050318,14.540867,0.1895660438414652,0.0720840422067651,-1.806206041762881,0.7940404389604733,-0.3371024284689935,0.0133939553665037,9
121.050318,14.540867,-0.3087338859470552,0.0720840422067651,-1.8029437410850084,0.794360125184586,-0.3643448044833102,-0.0440312990947505,9
121.050318,14.540867,-0.3087338859470552,0.0720840422067651,-1.8029437410850084,0.794360125184586,-0.3643448044833102,-0.0440312990947505,9
121.050318,14.540867,-0.304285174907221,0.0720840422067651,-1.802952565111948,0.7943592604819935,-0.3642711180014117,-0.0438759725193023,9
121.050318,14.540867,-0.3087338859470552,0.0720840422067651,-1.802942173883313,0.7943602787611082,-0.3643578916577015,-0.0440588860540965,9
121.050318,14.540867,-0.2782822235710901,0.0720840422067651,-1.803240793945572,0.7943310157563841,-0.3618642159285885,-0.0388023708656668,9
121.050318,14.540867,-0.3094259691828726,0.0720840422067651,-1.8029437410850084,0.794360125184586,-0.3643448044833102,-0.0440312990947505,9
121.050318,14.540867,-0.2395255623653163,0.0720840422067651,-1.803241986381645,0.7943308989046824,-0.3618542582958995,-0.0387813807879036,9
121.050318,14.540867,10.051752154239267,0.0720840422067651,-1.8637623616453236,0.840890882953807,0.0358094596928394,0.8048568788407947,9
121.050318,14.540867,-0.3036124700020066,0.0720840422067651,-1.8029523947639376,0.7943592771750937,-0.3642725405203673,-0.0438789711018399,9
121.036376,14.517219,-0.2049214005744468,-0.1181756385731621,-1.819256716798108,1.7165346343535537,0.2651021381510919,-0.3225053280877388,9
121.050318,14.540867,-0.3094259691828726,0.0720840422067651,-1.8029437410850084,0.794360125184586,-0.3643448044833102,-0.0440312990947505,9
121.050318,14.540867,-0.3046768940186937,0.0720840422067651,-1.802952531042346,0.7943592638206135,-0.3642714025052028,-0.0438765722358098,9
121.050318,14.540867,-0.3087338859470552,0.0720840422067651,-1.8029437410850084,0.794360125184586,-0.3643448044833102,-0.0440312990947505,9
121.050318,14.540867,-0.3087338859470552,0.0720840422067651,-1.8029437410850084,0.794360125184586,-0.3643448044833102,-0.0440312990947505,9
121.050318,14.540867,-0.3087338859470552,0.0720840422067651,-1.802942173883313,0.7943602787611082,-0.3643578916577015,-0.0440588860540965,9
121.080803,14.530108,0.0857535584688568,0.8217825082022662,-2.035853709530685,1.8735609374216184,0.622342477962914,0.2922132400433487,9
121.050318,14.540867,-0.2492147276667597,0.0720840422067651,-1.803194288938728,0.7943355729727501,-0.3622525636034589,-0.0396209838984342,9
121.050318,14.540867,-0.3087338859470552,0.0720840422067651,-1.8029437410850084,0.794360125184586,-0.3643448044833102,-0.0440312990947505,9
121.050318,14.540867,-0.2879713888725335,0.0720840422067651,-1.8031534054162284,0.7943395793168082,-0.3625939681527955,-0.0403406437074606,9
121.05346634086,14.555986509393,-0.304285174907221,0.2125839002670816,-0.611875533124723,0.0469236122383216,-1.0109575160194952,-1.8455618107136156,34
121.050318,14.540867,-0.2942001379948901,0.0720840422067651,-1.8030356608714289,0.7943511175876954,-0.363577213254885,-0.0424132639574563,9
121.050318,14.540867,-0.2748218073920032,0.0720840422067651,-1.8032692420633112,0.7943282280086438,-0.3616266552630084,-0.038301607581886,9
121.050318,14.540867,-0.3087338859470552,0.0720840422067651,-1.802942173883313,0.7943602787611082,-0.3643578916577015,-0.0440588860540965,9
121.050318,14.540867,-0.3087338859470552,0.0720840422067651,-1.8029437410850084,0.794360125184586,-0.3643448044833102,-0.0440312990947505,9
121.050318,14.540867,-0.3087338859470552,0.0720840422067651,-1.8029437410850084,0.794360125184586,-0.3643448044833102,-0.0440312990947505,9
121.050318,14.540867,-0.2748218073920032,0.0720840422067651,-1.803240793945572,0.7943310157563841,-0.3618642159285885,-0.0388023708656668,9
121.050318,14.540867,-0.3018822619124631,0.0720840422067651,-1.802942173883313,0.7943602787611082,-0.3643578916577015,-0.0440588860540965,9
121.050318,14.540867,-0.3045813865321509,0.0720840422067651,-1.803770996773356,0.796259837265179,-0.3615016358997701,-0.0378347695232989,9
121.050318,14.540867,-0.3087338859470552,0.0720840422067651,-1.8029437410850084,0.794360125184586,-0.3643448044833102,-0.0440312990947505,9
121.050318,14.540867,-0.3087338859470552,0.0720840422067651,-1.8029437410850084,0.794360125184586,-0.3643448044833102,-0.0440312990947505,9
121.050318,14.540867,-0.2948922212307074,0.0720840422067651,-1.80357313335157,0.7963111747498672,-0.3632194907634191,-0.0414526228936316,9
121.05332932888,14.556081225238,-0.2714931638610158,0.2096627587849601,-0.6121637960279488,0.0468953641740923,-1.0085503294428808,-1.8404876093434723,34
121.050318,14.540867,-0.2935080547590727,0.0720840422067651,-1.803040975729354,0.7943505967629679,-0.3635328306634712,-0.0423197081822829,9
121.050318,14.540867,0.3569809785856918,0.0720840422067651,-1.8075586049655827,0.7939078957445526,-0.3258076279617732,0.0372027007151241,9
121.050318,14.540867,-0.3087338859470552,0.0720840422067651,-1.8029437410850084,0.794360125184586,-0.3643448044833102,-0.0440312990947505,9
121.050318,14.540867,-0.3087338859470552,0.0720840422067651,-1.8029437410850084,0.794360125184586,-0.3643448044833102,-0.0440312990947505,9
121.050318,14.540867,-0.2838188894576292,0.0720840422067651,-1.80314999845602,0.794339913178813,-0.3626224185319069,-0.0404006153582128,9
121.050318,14.540867,-0.2899092219328222,0.0720840422067651,-1.8030716383712289,0.7943475920049243,-0.3632767772514688,-0.0417799633255132,9
121.050318,14.540867,-0.2748218073920032,0.0720840422067651,-1.8032692420633112,0.7943282280086438,-0.3616266552630084,-0.038301607581886,9
121.050318,14.540867,-0.3087338859470552,0.0720840422067651,-1.8029437410850084,0.794360125184586,-0.3643448044833102,-0.0440312990947505,9
121.050318,14.540867,0.1895660438414652,0.0720840422067651,-1.806206041762881,0.7940404389604733,-0.3371024284689935,0.0133939553665037,9
121.050318,14.540867,-0.3087338859470552,0.0720840422067651,-1.802942173883313,0.7943602787611082,-0.3643578916577015,-0.0440588860540965,9
121.050318,14.540867,-0.3087338859470552,0.0720840422067651,-1.8029437410850084,0.794360125184586,-0.3643448044833102,-0.0440312990947505,9
121.036376,14.517219,-0.2242997311773337,-0.1181756385731621,-1.8192907864001917,1.7165312957335053,0.2653866419422058,-0.3219056115802169,9
121.0504184,14.54727293,-0.325823497289094,0.0919553146038312,-1.628608007055869,0.1467650592191453,-0.8949555276843989,0.1352412042797607,36
121.0538,14.55289,-0.14734007535444,0.2026842315243465,-0.8172058148638006,-0.0924324498546885,-1.1121613876940102,-1.4251647738767763,34
121.050318,14.540867,0.3033445278098441,0.0720840422067651,-1.8075586049655827,0.7939078957445526,-0.3258076279617732,0.0372027007151241,9
121.050318,14.540867,-0.2826008229625906,0.0720840422067651,-1.8031431845356036,0.7943405809028228,-0.3626793192901297,-0.0405205586597171,9
121.050318,14.540867,-0.2810505565143597,0.0720840422067651,-1.8031656704729784,0.7943383774135908,-0.3624915467879945,-0.0401247457647527,9
121.050318,14.540867,-0.2826008229625906,0.0720840422067651,-1.8031431845356036,0.7943405809028228,-0.3626793192901297,-0.0405205586597171,9
121.050318,14.540867,-0.2483980694484952,0.0720840422067651,-1.803374857829769,0.7943178782864938,-0.3607446935105554,-0.0364424864085681,9
121.050318,14.540867,-0.1885854678762131,0.0720840422067651,-1.8036232252289552,0.7942935397463411,-0.3586706608733354,-0.0320705530687333,9
121.0538,14.55289,-0.1468556170893678,0.2026842315243465,-0.8172092218240089,-0.0924327837166933,-1.1121329373148987,-1.4251048022260242,34
121.050318,14.540867,-0.2602880594398379,0.0720840422067651,-1.803241986381645,0.7943308989046824,-0.3618542582958995,-0.0387813807879036,9
121.050318,14.540867,0.1364140513306897,0.0720840422067651,-1.806206041762881,0.7940404389604733,-0.3371024284689935,0.0133939553665037,9
121.050318,14.540867,-0.2755138906278205,0.0720840422067651,-1.803054603570187,0.7943492613149485,-0.3634190291470257,-0.0420798215792741,9
121.0632793,14.5139759,-0.2492147276667597,0.5053807656824613,-1.0590303058619386,1.7469484652837284,0.2058520590849748,-1.6706564368562604,35
121.0632793,14.5139759,-0.1952322352730033,0.5053807656824613,-1.059553614949936,1.7468971840797851,0.2102220373164837,-1.6614447913007238,35
121.050318,14.540867,-0.2810505565143597,0.0720840422067651,-1.803085266212062,0.794346256556905,-0.3631629757350232,-0.0415400767225044,9
121.050318,14.540867,-0.2741297241561857,0.0720840422067651,-1.8031125218937285,0.7943435856608663,-0.3629353727021321,-0.0410603035164869,9
121.050318,14.540867,-0.2492147276667597,0.0720840422067651,-1.803194288938728,0.7943355729727501,-0.3622525636034589,-0.0396209838984342,9
121.0533724,14.55624159,-0.306657636239603,0.2113150990738244,-0.633819798632282,0.0727041869995758,-0.9928994987598488,-1.838365026692299,34
121.071489,14.530826,-0.3115022188903248,0.5953914590703293,-1.4449408963327508,1.6791792113632629,0.1470979553266916,-0.8911727514916123,9
121.050318,14.540867,-0.2748218073920032,0.0720840422067651,-1.8032692420633112,0.7943282280086438,-0.3616266552630084,-0.038301607581886,9
121.050318,14.540867,-0.3004288871172466,0.0720840422067651,-1.8029523947639376,0.7943592771750937,-0.3642725405203673,-0.0438789711018399,9
121.050318,14.540867,-0.2533672270816641,0.0720840422067651,-1.8032385794214365,0.7943312327666873,-0.3618827086750109,-0.0388413524386557,9
121.050318,14.540867,-0.3031972200605161,0.0720840422067651,-1.8029523947639376,0.7943592771750937,-0.3642725405203673,-0.0438789711018399,9
121.050318,14.540867,-0.2913625967280387,0.0720840422067651,-1.803054603570187,0.7943492613149485,-0.3634190291470257,-0.0420798215792741,9
121.050318,14.540867,-0.2842756643932687,0.0720840422067651,-1.8031431845356036,0.7943405809028228,-0.3626793192901297,-0.0405205586597171,9
121.0632793,14.5139759,0.1065160555433785,0.5053807656824613,-1.1271624997934069,1.88403807607748,0.4797632822410406,-1.0785124090810327,9
121.050318,14.540867,-0.3087338859470552,0.0720840422067651,-1.8029437410850084,0.794360125184586,-0.3643448044833102,-0.0440312990947505,9
121.036376,14.517219,-0.3290998193274536,-0.1181756385731621,-1.8192260541562333,1.7165376391115972,0.2648460847390895,-0.3230450729445085,9
121.036376,14.517219,-0.2076897335177163,-0.1181756385731621,-1.8192260541562333,1.7165376391115972,0.2648460847390895,-0.3230450729445085,9
121.050318,14.540867,-0.2107902664141782,0.0720840422067651,-1.803644007686226,0.7942915031881116,-0.3584971135607559,-0.0317047259991449,9
121.050318,14.540867,-0.2699080164176997,0.0720840422067651,-1.804794276124977,0.7981083921465665,-0.3569559756573011,-0.0280527712729207,9
121.050318,14.540867,6.577494310435972,0.0720840422067651,-1.8596344287224025,0.8197624194792006,0.0455285887522662,0.8231340843403375,9
121.050318,14.540867,-0.3094259691828726,0.0720840422067651,-1.8029437410850084,0.794360125184586,-0.3643448044833102,-0.0440312990947505,9
121.086534,14.531854,0.0165452348871178,0.955928238047056,-2.2271747210606327,1.944063649775604,0.6763744754179222,0.6259771936943541,9
121.03629,14.5222,0.1549618820505958,-0.1762616737247109,-1.8421129842069728,1.5852792579372503,0.303802381418087,-0.2982357388493746,9
121.050318,14.540867,-0.1772380711417512,0.0720840422067651,-1.8037768791343505,0.7942784825699228,-0.3573875487754118,-0.0293658316198094,9
121.050318,14.540867,-0.2723995160666423,0.0720840422067651,-1.8032930907847693,0.7943258909746099,-0.3614275026092287,-0.0378818060266207,9
121.050318,14.540867,-0.3094259691828726,0.0720840422067651,-1.8029437410850084,0.794360125184586,-0.3643448044833102,-0.0440312990947505,9
121.050318,14.540867,-0.2810505565143597,0.0720840422067651,-1.8030716383712289,0.7943475920049243,-0.3632767772514688,-0.0417799633255132,9
121.050318,14.540867,-0.3087338859470552,0.0720840422067651,-1.8029437410850084,0.794360125184586,-0.3643448044833102,-0.0440312990947505,9
121.050318,14.540867,-0.2602880594398379,0.0720840422067651,-1.803272444605907,0.7943279141783592,-0.3615999119066437,-0.038245234230179,9
121.050318,14.540867,-0.2713613912129162,0.0720840422067651,-1.8032385794214365,0.7943312327666873,-0.3618827086750109,-0.0388413524386557,9
121.050318,14.540867,-0.2679009750338292,0.0720840422067651,-1.8032692420633112,0.7943282280086438,-0.3616266552630084,-0.038301607581886,9
121.050318,14.540867,-0.310394885713017,0.0720840422067651,-1.803010313087479,0.7943536015210114,-0.3637888840754738,-0.0428594530390527,9
121.050318,14.540867,-0.2446047612329801,0.0720840422067651,-1.803374857829769,0.7943178782864938,-0.3607446935105554,-0.0364424864085681,9
121.050318,14.540867,-0.2523221813955798,0.0720840422067651,-1.803374857829769,0.7943178782864938,-0.3607446935105554,-0.0364424864085681,9
121.052946,14.554188,-0.2972314625677702,0.1917502022752555,-0.6504388638023967,-0.2064197929193849,-1.2086001727829372,-1.6931545921029594,34
121.050318,14.540867,-0.2509006424292109,0.0720840422067651,-1.8033510091083107,0.7943202153205277,-0.3609438461643351,-0.0368622879638334,9
121.050318,14.540867,-0.3094259691828726,0.0720840422067651,-1.8029437410850084,0.794360125184586,-0.3643448044833102,-0.0440312990947505,9
121.050318,14.540867,-0.2886634721083509,0.0720840422067651,-1.803054603570187,0.7943492613149485,-0.3634190291470257,-0.0420798215792741,9
121.050318,14.540867,-0.3004288871172466,0.0720840422067651,-1.8029523947639376,0.7943592771750937,-0.3642725405203673,-0.0438789711018399,9
121.050318,14.540867,-0.2490763110195962,0.0720840422067651,-1.803345796459192,0.7943207261293951,-0.3609873752443756,-0.0369540445894843,9
121.052946,14.554188,-0.31011805241869,0.1917502022752555,-0.6504304826802841,-0.206418971618853,-1.208670160715551,-1.6933021223638098,34
121.050318,14.540867,-0.2768980570994553,0.0720840422067651,-1.803054603570187,0.7943492613149485,-0.3634190291470257,-0.0420798215792741,9
121.050318,14.540867,-0.2748218073920032,0.0720840422067651,-1.803240793945572,0.7943310157563841,-0.3618642159285885,-0.0388023708656668,9
121.0490264,14.48206431,0.137659801155161,0.2592381941707832,-2.009040139269002,1.5562288170443783,0.3401460097549695,0.2750029723482406,9
121.050318,14.540867,-0.2616722259114727,0.0720840422067651,-1.8034123343920605,0.7943142058044406,-0.3604317393403302,-0.035782798250294,9
121.050318,14.540867,-0.0803464181273166,0.0720840422067651,-1.8284573794666623,0.8341271913076309,-0.2380301080767808,0.2265705830235589,9
121.055009,14.477027,0.3487451880794648,0.4372740921341924,-1.9950202112728683,2.0067400536524675,0.778322766020257,0.6896807774566607,9
121.050318,14.540867,-0.278559056865417,0.0720840422067651,-1.803276055983728,0.794327560284634,-0.3615697545047856,-0.0381816642803816,9
121.050318,14.540867,-0.1633964064254034,0.0720840422067651,-1.8111356951020403,0.8063365765817021,-0.322162134933893,0.0461988206550826,9
121.050318,14.540867,10.743835390056658,0.0720840422067651,-1.920895537696748,0.8535025494587912,0.4755379448350808,1.7336465957152225,-1
121.050318,14.540867,9.671106374539704,0.0720840422067651,-1.9215156044546613,0.8534417865739107,0.4807159138333529,1.7445614361521211,-1
121.050318,14.540867,3.130919796065371,0.0720840422067651,-1.8331338545217168,0.823349708569457,-0.1778012783487187,0.3524701016634171,9
121.050318,14.540867,-0.2523221813955798,0.0720840422067651,-1.803374857829769,0.7943178782864938,-0.3607446935105554,-0.0364424864085681,9
121.050318,14.540867,4.791919562027106,0.0720840422067651,-1.858071079361557,0.8081267930531554,0.0566666850696096,0.8454025146783796,9
121.055009,14.477027,0.3002993615722476,0.4372740921341924,-1.9933167311687097,2.006906984654887,0.7640975764645639,0.6596949520805644,9
121.050318,14.540867,-0.3004288871172466,0.0720840422067651,-1.8029523947639376,0.7943592771750937,-0.3642725405203673,-0.0438789711018399,9
121.050318,14.540867,-0.3049274281500596,0.0720840422067651,-1.8029438773634168,0.7943601118301058,-0.3643436664681457,-0.0440289002287204,9
121.050318,14.540867,0.0483810637347177,0.0720840422067651,-1.8058312761399655,0.7940771637810055,-0.340231970171246,0.0067970737837625,9
121.049326,14.55348201,-0.2714776611965335,0.102707189808666,-0.6940835208528912,-0.2010621988003729,-1.202353302958973,-1.604980002174906,34
121.050318,14.540867,-0.2748218073920032,0.0720840422067651,-1.803240793945572,0.7943310157563841,-0.3618642159285885,-0.0388023708656668,9
121.050318,14.540867,-0.3038893032963335,0.0720840422067651,-1.8029437410850084,0.794360125184586,-0.3643448044833102,-0.0440312990947505,9
121.050318,14.540867,-0.3087338859470552,0.0720840422067651,-1.8029437410850084,0.794360125184586,-0.3643448044833102,-0.0440312990947505,9
121.050318,14.540867,-0.3038893032963335,0.0720840422067651,-1.8029437410850084,0.794360125184586,-0.3643448044833102,-0.0440312990947505,9
121.0538,14.55289,-0.1410421179085017,0.2026842315243465,-0.8172501053465088,-0.0924367900607514,-1.111791532765562,-1.4243851424169978,34
121.050318,14.540867,-0.306657636239603,0.0720840422067651,-1.8029523947639376,0.7943592771750937,-0.3642725405203673,-0.0438789711018399,9
121.050318,14.540867,-0.2741297241561857,0.0720840422067651,-1.8031125218937285,0.7943435856608663,-0.3629353727021321,-0.0410603035164869,9
121.050318,14.540867,-0.0131451359294481,0.0720840422067651,-1.8046865375099712,0.794189341414631,-0.3497912975526717,-0.013353400868974,9
121.050318,14.540867,-0.2545506894149118,0.0720840422067651,-1.803257999094624,0.7943293297532598,-0.3617205415140759,-0.0384995140293683,9
121.050318,14.540867,-0.2509006424292109,0.0720840422067651,-1.8033510091083107,0.7943202153205277,-0.3609438461643351,-0.0368622879638334,9
121.050318,14.540867,-0.2509006424292109,0.0720840422067651,-1.8033510091083107,0.7943202153205277,-0.3609438461643351,-0.0368622879638334,9
121.050318,14.540867,0.4317951763775516,0.0720840422067651,-1.8083353918930791,0.7938317752074495,-0.3193209415243772,0.0508762370866239,9
121.050318,14.540867,-0.2523221813955798,0.0720840422067651,-1.803374857829769,0.7943178782864938,-0.3607446935105554,-0.0364424864085681,9
121.0503183,14.5408671,3.823003031882761,0.0720914180464843,-1.8617855497364304,0.8198072065994036,0.0629673653491536,0.8599201866020786,9
121.0632793,14.5139759,-0.2187630652907946,0.5053807656824613,-1.060894859192168,1.752516396612381,0.2096208042325168,-1.6621219135912852,35
121.050318,14.540867,-0.2755263481260652,0.0720840422067651,-1.80314999845602,0.794339913178813,-0.3626224185319069,-0.0404006153582128,9
121.050318,14.540867,-0.306657636239603,0.0720840422067651,-1.802942173883313,0.7943602787611082,-0.3643578916577015,-0.0440588860540965,9
121.086534,14.531854,0.0165452348871178,0.955928238047056,-2.1656044773255747,1.7690157000188975,0.5338385969097422,0.3069343163430231,9
121.08725,14.538856,0.3279826910049432,0.9662535398316768,-2.0220477324873523,1.968877056194885,0.8832364395270509,0.6700353549011131,9
121.0525,14.50371,19.04883421986533,0.2830572896229722,-1.3400997128175345,1.7381904605851075,1.7456588764550454,1.4363141801091224,-1
121.0540029,14.5530623,-0.2836804728104657,0.2085633386587363,-0.7723902499759996,-0.1439027555256802,-1.1560187703695113,-1.45587662808908,34
121.050318,14.540867,-0.2342657297731041,0.0720840422067651,-1.8033510091083107,0.7943202153205277,-0.3609438461643351,-0.0368622879638334,9
121.050318,14.540867,-0.2842756643932687,0.0720840422067651,-1.8031431845356036,0.7943405809028228,-0.3626793192901297,-0.0405205586597171,9
121.050318,14.540867,-0.2791127234540709,0.0720840422067651,-1.803085266212062,0.794346256556905,-0.3631629757350232,-0.0415400767225044,9
121.050318,14.540867,-0.31011805241869,0.0720840422067651,-1.802942173883313,0.7943602787611082,-0.3643578916577015,-0.0440588860540965,9
121.050318,14.540867,0.4138010122462995,0.0720840422067651,-1.808829401123285,0.793783365216748,-0.3151956365532262,0.0595721264456918,9
121.050318,14.540867,10.051752154239267,0.0720840422067651,-1.865380667744274,0.8407322985015089,0.0493233897707479,0.8333434129480862,9
121.050318,14.540867,-0.2533672270816641,0.0720840422067651,-1.8032692420633112,0.7943282280086438,-0.3616266552630084,-0.038301607581886,9
121.050318,14.540867,-0.3094259691828726,0.0720840422067651,-1.8029437410850084,0.794360125184586,-0.3643448044833102,-0.0440312990947505,9
121.050318,14.540867,-0.2980065957918857,0.0720840422067651,-1.8029523947639376,0.7943592771750937,-0.3642725405203673,-0.0438789711018399,9
121.048559,14.477321,2.023586618757548,0.2889003823138342,-2.358679930141183,2.474328801270929,1.4728414051069911,2.2418327225161554,9
121.050318,14.540867,-0.2187630652907946,0.0720840422067651,-1.8060775233712445,0.799803679561956,-0.3499771551016124,-0.0131549370585536,9
121.050318,14.540867,-0.1507312832099452,0.0720840422067651,-1.8039881106672664,0.7942577831256229,-0.3556236252705059,-0.0256475892731735,9
121.050318,14.540867,-0.2972799083942775,0.0720840422067651,-1.803054603570187,0.7943492613149485,-0.3634190291470257,-0.0420798215792741,9
121.050318,14.540867,-0.2987371284039521,0.0720840422067651,-1.803099993919834,0.795047670129843,-0.3644823967145038,-0.044249194605514,9
121.086534,14.531854,-0.0249797592619255,0.955928238047056,-2.2271747210606327,1.944063649775604,0.6763744754179222,0.6259771936943541,9
121.0529512,14.55420523,-0.2492147276667597,0.1919954630210011,-0.6507609578204909,-0.2064513562333223,-1.2059104739417466,-1.687484872240847,34
121.050318,14.540867,-0.30375088664917,0.0720840422067651,-1.8030477896497703,0.7943499290389582,-0.3634759299052485,-0.0421997648807786,9
121.050318,14.540867,-0.2889403054026779,0.0720840422067651,-1.80304107793816,0.7943505867471078,-0.3635319771520979,-0.0423179090327604,9
121.050318,14.540867,-0.2842756643932687,0.0720840422067651,-1.8031431845356036,0.7943405809028228,-0.3626793192901297,-0.0405205586597171,9
121.050318,14.540867,-0.306657636239603,0.0720840422067651,-1.802942173883313,0.7943602787611082,-0.3643578916577015,-0.0440588860540965,9
121.050318,14.540867,-0.2755138906278205,0.0720840422067651,-1.8030716383712289,0.7943475920049243,-0.3632767772514688,-0.0417799633255132,9
121.036376,14.517219,-0.288746522096649,-0.1181756385731621,-1.973825173089212,2.0716655795497707,0.7959650493752044,0.8345259689849712,9
121.050318,14.540867,0.3033445278098441,0.0720840422067651,-1.8075586049655827,0.7939078957445526,-0.3258076279617732,0.0372027007151241,9
121.050318,14.540867,-0.2810505565143597,0.0720840422067651,-1.803085266212062,0.794346256556905,-0.3631629757350232,-0.0415400767225044,9
121.050318,14.540867,-0.2962763877023422,0.0720840422067651,-1.8030477896497703,0.7943499290389582,-0.3634759299052485,-0.0421997648807786,9
121.050318,14.540867,-0.2713613912129162,0.0720840422067651,-1.8032385794214365,0.7943312327666873,-0.3618827086750109,-0.0388413524386557,9
121.050318,14.540867,-0.2893555553441683,0.0720840422067651,-1.8030477896497703,0.7943499290389582,-0.3634759299052485,-0.0421997648807786,9
121.036376,14.517219,-0.288746522096649,-0.1181756385731621,-1.973825173089212,2.0716655795497707,0.7959650493752044,0.8345259689849712,9
121.050318,14.540867,-0.3038893032963335,0.0720840422067651,-1.8029523947639376,0.7943592771750937,-0.3642725405203673,-0.0438789711018399,9
121.050318,14.540867,-0.2955843044665248,0.0720840422067651,-1.8030477896497703,0.7943499290389582,-0.3634759299052485,-0.0421997648807786,9
121.050318,14.540867,-0.2838188894576292,0.0720840422067651,-1.803085266212062,0.794346256556905,-0.3631629757350232,-0.0415400767225044,9
121.050318,14.540867,-0.2422938953085858,0.0720840422067651,-1.803241986381645,0.7943308989046824,-0.3618542582958995,-0.0387813807879036,9
121.050318,14.540867,-0.2672088917980119,0.0720840422067651,-1.80314999845602,0.794339913178813,-0.3626224185319069,-0.0404006153582128,9
121.050318,14.540867,-0.191079735858099,0.0720840422067651,-1.8037257747312256,0.7942834904999955,-0.3578143044620827,-0.0302654063810923,9
121.050318,14.540867,-0.1945401520371859,0.0720840422067651,-1.8037019260097675,0.7942858275340293,-0.3580134571158623,-0.0306852079363576,9
121.050318,14.540867,-0.272745557684551,0.0720840422067651,-1.803054603570187,0.7943492613149485,-0.3634190291470257,-0.0420798215792741,9
121.0532849,14.55602279,-0.3052734697679683,0.2083749821397785,-0.633819798632282,0.0727041869995758,-0.9928994987598488,-1.838365026692299,34
121.048559,14.497994,-0.2049214005744468,0.1828556858773432,-1.3054469678920475,1.6342394413863772,0.2068023392262826,-1.2955962893850148,35
121.050318,14.540867,0.402520055502476,0.0720840422067651,-1.8078788592251644,0.7938765127160978,-0.3231332923253029,0.0428400358858301,9
121.0453,14.48759,-0.3243583570788686,0.1357414531389926,-1.7963487958707298,1.4920793762341404,0.5801368346221843,0.6020431663446069,9
121.0453,14.48759,-0.3276589020304817,0.1357414531389926,-1.7074409177790644,1.3314672308021134,0.1851860266699606,-0.2478681570489084,9
121.050318,14.540867,-0.2561355600249336,0.0720840422067651,-1.805398178693147,0.799199342568369,-0.3542732909240407,-0.022279788698927,9
121.050318,14.540867,-0.3004288871172466,0.0720840422067651,-1.8029523947639376,0.7943592771750937,-0.3642725405203673,-0.0438789711018399,9
121.050318,14.540867,-0.2907397218158031,0.0720840422067651,-1.803054603570187,0.7943492613149485,-0.3634190291470257,-0.0420798215792741,9
121.050318,14.540867,-0.2810505565143597,0.0720840422067651,-1.8048446013389916,0.7981993046817167,-0.3567324185961961,-0.0275716893917545,9
121.050318,14.540867,-0.2533672270816641,0.0720840422067651,-1.8032692420633112,0.7943282280086438,-0.3616266552630084,-0.038301607581886,9
121.050318,14.540867,-0.2495607692846684,0.0720840422067651,-1.8032930907847693,0.7943258909746099,-0.3614275026092287,-0.0378818060266207,9
121.0632793,14.5139759,-0.3031972200605161,0.5053807656824613,-1.0587013979234277,1.7469806963216754,0.2031054594855616,-1.6764461000198772,35
121.050318,14.540867,-0.3031972200605161,0.0720840422067651,-1.8029523947639376,0.7943592771750937,-0.3642725405203673,-0.0438789711018399,9
121.0632793,14.5139759,-0.1800064040850207,0.5053807656824613,-1.0632643158632944,1.7529231645631604,0.2280960609693812,-1.6231116255511189,35
121.050318,14.540867,-0.2200088151152659,0.0720840422067651,-1.8035383919197685,0.7943018529102616,-0.3593790753132089,-0.0335638471724628,9
121.05025,14.5563597,-0.3115022188903248,0.1371103309188201,-0.434588512533331,0.0947681032006584,-0.9763035443932704,-2.258573101402104,34
121.050318,14.540867,-0.195362346921337,0.0720840422067651,-1.803795958111517,0.7942766129426958,-0.3572282266523881,-0.0290299903755971,9
121.050318,14.540867,-0.2983526374097944,0.0720840422067651,-1.8028672207587295,0.7943676237252146,-0.3649837999981519,-0.0453782623706447,9
121.050318,14.540867,-0.1633964064254034,0.0720840422067651,-1.8111356951020403,0.8063365765817021,-0.322162134933893,0.0461988206550826,9
121.036376,14.517219,-0.1980005682162729,-0.1181756385731621,-1.8233520635189857,1.7225229218165825,0.2861882096056649,-0.2774013629682115,9
121.036376,14.517219,-0.2187630652907946,-0.1181756385731621,-1.822003672822292,1.7220160954229529,0.276239531488483,-0.2984381472779459,9
121.052946,14.554188,-0.3033356367076796,0.1917502022752555,-0.6504338896404925,-0.2064193054808578,-1.2086417103364395,-1.6932421507130575,34
121.050318,14.540867,-0.3048582198264778,0.0720840422067651,-1.8029523947639376,0.7943592771750937,-0.3642725405203673,-0.0438789711018399,9
121.0453,14.48759,-0.327366150821731,0.1357414531389926,-1.715325201307948,1.345710194642312,0.2202099662430822,-0.1724986623328798,9
121.050318,14.540867,-0.3011209703530639,0.0720840422067651,-1.802952565111948,0.7943592604819935,-0.3642711180014117,-0.0438759725193023,9
121.050318,14.540867,-0.2049214005744468,0.0720840422067651,-1.8032070991091116,0.794334317651612,-0.3621455901780001,-0.039395490491606,9
121.086534,14.531854,0.0165452348871178,0.955928238047056,-2.227442083283228,1.9446764105833687,0.6772958482430613,0.6279849732204179,9
121.050318,14.540867,-0.2775901403352727,0.0720840422067651,-1.80314999845602,0.794339913178813,-0.3626224185319069,-0.0404006153582128,9
121.055009,14.477027,-0.1828079570236095,0.4372740921341924,-1.911652842805548,1.8563834072702143,0.4074782725463012,-0.1083075767207192,9
121.050318,14.540867,-0.195362346921337,0.0720840422067651,-1.803795958111517,0.7942766129426958,-0.3572282266523881,-0.0290299903755971,9
121.050318,14.540867,-0.2326047300071424,0.0720840422067651,-1.8035656476014348,0.7942991820142228,-0.3591514722803178,-0.0330840739664453,9
121.052946,14.554188,-0.3049274281500596,0.1917502022752555,-0.6504321861603883,-0.2064191385498555,-1.2086559355259954,-1.6932721365384338,34
121.0473438,14.55117414,-0.2948922212307074,0.0404537999527539,-1.4232720725708792,0.3095671215156695,-0.820391874822607,-0.4287651032955422,36
121.050318,14.540867,-0.2545506894149118,0.0720840422067651,-1.8032556142224776,0.7943295634566631,-0.3617404567794539,-0.0385414941848948,9
121.036376,14.517219,-0.2492147276667597,-0.1181756385731621,-1.822014214380745,1.7228137633231184,0.2746884615043252,-0.3016257296918244,9
121.050318,14.540867,-0.2838188894576292,0.0720840422067651,-1.803085266212062,0.794346256556905,-0.3631629757350232,-0.0415400767225044,9
121.050318,14.540867,-0.2533672270816641,0.0720840422067651,-1.8032930907847693,0.7943258909746099,-0.3614275026092287,-0.0378818060266207,9
121.050318,14.540867,0.7639951295698986,0.0720840422067651,-1.8083353918930791,0.7938317752074495,-0.3193209415243772,0.0508762370866239,9
121.050318,14.540867,-0.2741297241561857,0.0720840422067651,-1.803160219336645,0.7943389115927986,-0.3625370673945727,-0.0402207004059562,9
121.050318,14.540867,-0.2720534744487336,0.0720840422067651,-1.8031125218937285,0.7943435856608663,-0.3629353727021321,-0.0410603035164869,9
121.050318,14.540867,-0.2748218073920032,0.0720840422067651,-1.8032692420633112,0.7943282280086438,-0.3616266552630084,-0.038301607581886,9
121.050318,14.540867,-0.2789743068069075,0.0720840422067651,-1.803085266212062,0.794346256556905,-0.3631629757350232,-0.0415400767225044,9
121.050318,14.540867,-0.1141186958687336,0.0720840422067651,-1.8042947370860147,0.7942277355451874,-0.3530630911504812,-0.0202501407054761,9
121.050318,14.540867,-0.2796663900427248,0.0720840422067651,-1.8046097503402585,0.7977750461843491,-0.3577756848813529,-0.0298167381705299,9
121.050318,14.540867,-0.3038893032963335,0.0720840422067651,-1.8029437410850084,0.794360125184586,-0.3643448044833102,-0.0440312990947505,9
121.050318,14.540867,-0.2782822235710901,0.0720840422067651,-1.803240793945572,0.7943310157563841,-0.3618642159285885,-0.0388023708656668,9
121.050318,14.540867,-0.3128863853619596,0.0720840422067651,-1.8028794176762757,0.7943664284992373,-0.3648819476409332,-0.0451635638609519,9
121.050318,14.540867,-0.297937387468304,0.0720840422067651,-1.8030477896497703,0.7943499290389582,-0.3634759299052485,-0.0421997648807786,9
121.036376,14.517219,0.1134368879015524,-0.1181756385731621,-1.8260882032113543,1.733819985452712,0.2853026387152251,-0.2780810535557858,9
121.050318,14.540867,-0.2672088917980119,0.0720840422067651,-1.803160219336645,0.7943389115927986,-0.3625370673945727,-0.0402207004059562,9
121.050318,14.540867,-0.2842756643932687,0.0720840422067651,-1.8031431845356036,0.7943405809028228,-0.3626793192901297,-0.0405205586597171,9
121.050318,14.540867,-0.2505988941383945,0.0720840422067651,-1.8032930907847693,0.7943258909746099,-0.3614275026092287,-0.0378818060266207,9
121.050318,14.540867,-0.2907397218158031,0.0720840422067651,-1.8030477896497703,0.7943499290389582,-0.3634759299052485,-0.0421997648807786,9
121.050318,14.540867,-0.2672088917980119,0.0720840422067651,-1.8032385794214365,0.7943312327666873,-0.3618827086750109,-0.0388413524386557,9
121.050318,14.540867,-0.2602880594398379,0.0720840422067651,-1.8029081042812292,0.7943636173811566,-0.3646423954488153,-0.0446586025616184,9
121.050318,14.540867,-0.191079735858099,0.0720840422067651,-1.8036167520045596,0.7942941740841503,-0.358724716593647,-0.0321844992051624,9
121.050318,14.540867,-0.0361134416897668,0.0720840422067651,-1.8052725346658016,0.7941319171497989,-0.3448978323455133,-0.0030382769395969,9
121.050318,14.540867,-0.2713613912129162,0.0720840422067651,-1.803054603570187,0.7943492613149485,-0.3634190291470257,-0.0420798215792741,9
121.050318,14.540867,-0.2672088917980119,0.0720840422067651,-1.8032385794214365,0.7943312327666873,-0.3618827086750109,-0.0388413524386557,9
121.050318,14.540867,-0.1633964064254034,0.0720840422067651,-1.8037325886516424,0.7942828227759857,-0.3577574037038599,-0.0301454630795879,9
121.050318,14.540867,-0.2547513935532988,0.0720840422067651,-1.8032590211826864,0.7943292295946582,-0.3617120064003425,-0.0384815225341426,9
121.050318,14.540867,-0.2845109726934466,0.0720840422067651,-1.803054603570187,0.7943492613149485,-0.3634190291470257,-0.0420798215792741,9
121.050318,14.540867,-0.3031972200605161,0.0720840422067651,-1.802952565111948,0.7943592604819935,-0.3642711180014117,-0.0438759725193023,9
121.050318,14.540867,-0.2983526374097944,0.0720840422067651,-1.8029694295649792,0.7943576078650695,-0.3641302886248104,-0.0435791128480789,9
121.050318,14.540867,-0.3087338859470552,0.0720840422067651,-1.8029437410850084,0.794360125184586,-0.3643448044833102,-0.0440312990947505,9
121.050318,14.540867,-0.2301553090189375,0.0720840422067651,-1.8033373812674776,0.7943215507685469,-0.3610576476807807,-0.0371021745668422,9
121.050318,14.540867,0.4013435140015865,0.0720840422067651,-1.8081820786837048,0.7938467989976672,-0.3206012085843895,0.0481775128027752,9
121.050318,14.540867,-0.2810505565143597,0.0720840422067651,-1.803160219336645,0.7943389115927986,-0.3625370673945727,-0.0402207004059562,9
121.050318,14.540867,-0.3018130535888814,0.0720840422067651,-1.802952565111948,0.7943592604819935,-0.3642711180014117,-0.0438759725193023,9
121.04975,14.54811,-0.2616722259114727,0.0798413739615142,-1.493100600659944,0.1311404465401638,-0.9518873570678342,-0.2097873100411284,36
121.050318,14.540867,-0.2651326420905597,0.0720840422067651,-1.8031125218937285,0.7943435856608663,-0.3629353727021321,-0.0410603035164869,9
121.036376,14.517219,0.1549618820505958,-0.1181756385731621,-1.832707926896115,1.7331712915773114,0.3405817253286485,-0.1615561361442761,9
121.050318,14.540867,-0.1495547417090556,0.0720840422067651,-1.8112419541872995,0.8064859040002473,-0.3216026208412894,0.0473946375358014,9
121.0529512,14.55420523,-0.3045813865321509,0.1919954630210011,-0.6504304826802841,-0.206418971618853,-1.208670160715551,-1.6933021223638098,34
121.055009,14.477027,0.0234660672452917,0.4372740921341924,-1.9330303662331445,1.8850225471116056,0.52292225321396,0.1381957453634283,9
121.050318,14.540867,-0.3038893032963335,0.0720840422067651,-1.802952565111948,0.7943592604819935,-0.3642711180014117,-0.0438759725193023,9
121.0513149,14.54789509,-0.2879713888725335,0.1161003356302613,-1.4493555745617126,0.1257926879958142,-0.95897237506042,-0.2997286648003416,36
121.036376,14.517219,-0.2187630652907946,-0.1181756385731621,-1.821921905777292,1.722024108111069,0.2755567223898097,-0.2998774668959985,9
121.086534,14.531854,-0.0249797592619255,0.955928238047056,-2.2271747210606327,1.944063649775604,0.6763744754179222,0.6259771936943541,9
121.050318,14.540867,-0.2896323886384953,0.0720840422067651,-1.8030341618089367,0.7943512644869776,-0.363589731421694,-0.0424396514837873,9
121.055009,14.477027,-0.1715242319468428,0.4372740921341924,-1.891352017227704,1.793262670193123,0.3715722542936258,-0.1906780861936481,9
121.036376,14.517219,0.1549618820505958,-0.1181756385731621,-1.832707926896115,1.7331712915773114,0.3405817253286485,-0.1615561361442761,9
121.050318,14.540867,-0.2810505565143597,0.0720840422067651,-1.8031656704729784,0.7943383774135908,-0.3624915467879945,-0.0401247457647527,9
121.0632793,14.5139759,-0.2049214005744468,0.5053807656824613,-1.0589647559475306,1.7469548887887014,0.2053046737908717,-1.6718102914167323,35
121.036376,14.517219,-0.2921238882874379,-0.1181756385731621,-1.8456488360765333,1.777844435192521,0.354365932374758,-0.1277845122073346,9
121.036376,14.517219,-0.3213298008389317,-0.1181756385731621,-1.845972497296324,1.7778127183020616,0.3570687183903397,-0.1220872053858763,9
121.036376,14.517219,-0.3256899252245813,-0.1181756385731621,-1.8456181734346584,1.7778474399505646,0.3541098789627553,-0.1283242570641044,9
121.036376,14.517219,-0.2479689778422884,-0.1181756385731621,-1.845972497296324,1.7778127183020616,0.3570687183903397,-0.1220872053858763,9
121.050318,14.540867,-0.2506542607972599,0.0720840422067651,-1.8033510091083107,0.7943202153205277,-0.3609438461643351,-0.0368622879638334,9
121.050318,14.540867,-0.2533672270816641,0.0720840422067651,-1.8032658351031028,0.7943285618706486,-0.3616551056421198,-0.0383615792326383,9
121.0538,14.55289,-0.2806629899023019,0.2026842315243465,-0.8163540748117213,-0.092348984353479,-1.1192739824718567,-1.4401576865648245,34
121.050318,14.540867,0.3660472689748996,0.0720840422067651,-1.8084376006993288,0.7938217593473044,-0.3184674301510355,0.0526753866091896,9
121.050318,14.540867,-0.3069863757766163,0.0720840422067651,-1.802952565111948,0.7943592604819935,-0.3642711180014117,-0.0438759725193023,9
120.984148,14.711205,-0.2249918144131511,0.2831221511383006,-2.372136452445154,1.706477145364202,0.8142797343884359,0.3100866396492899,9
120.97846012474,14.681271249114,-0.3156547183052292,-0.449341052031857,-1.471429475157067,1.5076788344355458,0.2751161201551394,-0.5660317845105388,9
121.0117673,14.6948781,0.1345149749316068,-0.1795301866091477,-2.4211791660894626,1.9615595430518,1.3324546860591568,1.200139410964253,9
120.9750281,14.7184929,0.1896320685821622,0.4786967094422101,-2.660903394229636,2.0175785144290868,1.3777451618562784,1.725486685806956,9
120.9750281,14.7184929,0.1896324838321037,0.4786967094422101,-2.660903394229636,2.0175785144290868,1.3777451618562784,1.725486685806956,9
120.9656346,14.7087068,0.8470451178679853,0.2909880493492662,-2.5442921098363604,2.355300820641538,2.173790043014327,3.297537818902863,-1
120.984148,14.711205,-0.0803464181273166,0.2831221511383006,-2.360620778771772,1.6841557547216532,0.7662401621501358,0.2064153056666539,9
120.9656346,14.7087068,-0.2246042478010933,0.2909880493492662,-2.2182598908680338,1.761963086054357,0.734422431127949,0.1992605754804357,9
120.9750281,14.7184929,-0.0155051397635854,0.4786967094422101,-2.648342037900614,2.0238252949768585,1.2625559572173262,1.4831897418998723,9
120.984148,14.711205,0.8473773178211776,0.2831221511383006,-4.051995706633097,5.353964449654556,7.018996706998542,13.780518871219355,-1
120.9750281,14.7184929,0.1978710426712739,0.4786967094422101,-2.661925482292131,2.017478355827635,1.3862802755896944,1.7434781810326136,9
120.992862,14.727701,-0.1260239116912644,0.6367178349696112,-2.4781325627616586,1.84571633865847,1.019005002727865,0.7501426477716284,9
120.9780147,14.7000435,-0.297660554173977,0.0140358698139667,-2.206043762484695,1.7144653656836917,0.7631700516889075,-0.1754383165194284,9
120.9750281,14.7184929,0.4088168502485781,0.4786967094422101,-2.660903394229636,2.0175785144290868,1.3777451618562784,1.725486685806956,9
121.0117673,14.6948781,-0.2810505565143597,-0.1795301866091477,-2.2845855815965903,1.7119806208059194,0.7314645443207699,-0.0937012422513777,9
120.984148,14.711205,0.8473773178211776,0.2831221511383006,-2.62464326333971,2.299032927153988,1.65605237626602,2.147850633500759,9
121.0033514,14.7020199,-0.2492147276667597,-0.0220014676171022,-2.3492604424009342,1.7558194372293132,0.8301269093540885,0.1934407249121328,9
120.963252,14.70261,-0.1931988947261718,0.1685997849723819,-1.987470973085195,1.7377849051775671,0.6873002383294957,0.0138495127664644,9
120.992862,14.727701,0.1549618820505958,0.6367178349696112,-2.558365585984757,2.011459605581383,1.3327294439783426,1.4292731828790357,9
121.0117673,14.6948781,-0.2330919566051578,-0.1795301866091477,-2.289529080858858,1.7114961870368992,0.7727460444113912,-0.0066823770099466,9
120.9667657,14.7144374,0.7118951035775656,0.4196923001431346,-2.687550920418818,2.283818392377261,1.5960246788403076,2.1212902222945424,9
120.993179,14.71987444,0.752210509251209,0.4430897868566516,-2.676790936549263,2.295945963993228,1.6128401737923124,2.1017482596015964,9
120.9940973,14.7040986,0.3971910145866822,0.0527584911027138,-2.322816056049596,1.8898194813087732,1.2537709647059383,0.9295192897017904,9
120.9750281,14.7184929,0.3487451880794648,0.4786967094422101,-2.6388410782685203,1.878370430064455,1.483630701679901,1.934176827404468,9
121.0033514,14.7020199,-0.1980005682162729,-0.0220014676171022,-2.411239790893125,1.880924464231356,1.0784899892859523,0.7304388668283344,9
120.973993,14.689887,0.3625868527958126,-0.2158683447119126,-1.657937407848337,1.2703270135621405,0.7836716859844173,1.1284170418400747,-1
121.0117673,14.6948781,-0.2256838976489685,-0.1795301866091477,-2.30810008907379,1.7658729338488326,0.8124992842917588,0.0828829670659296,9
120.9750281,14.7184929,0.2241702056323347,0.4786967094422101,-2.6398427245697658,1.8782722746350324,1.4919951131386484,1.9518084927256123,9
120.9750281,14.7184929,0.3487451880794648,0.4786967094422101,-2.6388410782685203,1.878370430064455,1.483630701679901,1.934176827404468,9
120.9656346,14.7087068,-0.12187141227636,0.2909880493492662,-2.2335797462227074,1.7970742803392792,0.7872170940084227,0.314306342323889,9
121.0117673,14.6948781,-0.1426339093508817,-0.1795301866091477,-2.320809346498637,1.77871658565037,0.8897163133088494,0.2470978071200202,9
120.9656346,14.7087068,-0.1562541074317679,0.2909880493492662,-2.206408370217389,1.7093239718274231,0.7458640754907593,0.2178568345894773,9
120.994049,14.735242,-0.1246397452196296,0.8188667938230397,-2.4201951967987645,1.7275952176247558,0.7892498850775467,0.2531264215920771,9
120.9780147,14.7000435,-0.2049214005744468,0.0140358698139667,-2.2319634155614505,1.769399910101478,0.8616667954423257,0.0380858881129599,9
121.0117673,14.6948781,-0.2045061506329563,-0.1795301866091477,-2.290738551732812,1.7113776660251818,0.7828459289959333,0.0146075590070816,9
120.9656346,14.7087068,-0.2451314365754371,0.2909880493492662,-2.213126536194216,1.7501980785452729,0.7167320728852771,0.1607112085800116,9
120.9656346,14.7087068,0.1317078853271315,0.2909880493492662,-2.224127970260848,1.7075875555402602,0.8938344972490785,0.5297693901516295,9
120.994049,14.735242,-0.2131710327453901,0.8188667938230397,-2.42190549082334,1.727427618898327,0.8035319753914625,0.2832321902696776,9
120.9750281,14.7184929,0.3349035233631171,0.4786967094422101,-2.6401635592368797,1.8790075876043504,1.4931007605288154,1.9542178281568887,9
120.940302,14.713762,0.3487451880794648,0.6842886954253621,-2.200795520073884,1.8477331875822816,1.4622350647538456,1.089720358428356,9
120.994049,14.735242,0.7450043655790695,0.8188667938230397,-2.6741824001203875,2.322721512785054,1.637811849752222,2.1054806151552885,9
120.9656346,14.7087068,0.0153825350509446,0.2909880493492662,-2.216969946863173,1.708288999612425,0.8340602507360563,0.4037689519212734,9
120.9656346,14.7087068,-0.0699928529194885,0.2909880493492662,-2.2117164142219474,1.7088038148238855,0.7901897661462989,0.3112926664613929,9
120.994049,14.735242,-0.247276894606471,0.8188667938230397,-2.419806803335016,1.7276332778933077,0.7860065418588487,0.2462896534063272,9
120.984148,14.711205,0.7778367942862464,0.2831221511383006,-2.6927824675060577,2.2923556870572264,2.2250599584937434,3.347283648544605,-1
120.973993,14.689887,-0.2187630652907946,-0.2158683447119126,-1.5444030310372463,1.1293481113829782,0.1477342935561907,-0.2277117506339056,9
120.992862,14.727701,-0.2879713888725335,0.6367178349696112,-2.424706710217316,1.7509544030597304,0.7780788666148739,0.2320215393851966,9
120.945275,14.725672,-0.2838188894576292,0.8739579427701356,-2.4373052008922067,1.7757574749737264,0.8298499987949876,0.3438243804483907,9
120.9656346,14.7087068,0.220239172852892,0.2909880493492662,-2.2295756996339477,1.7070537101945242,0.9393266534481852,0.6256640597043851,9
120.940302,14.713762,-0.2451314365754371,0.6842886954253621,-2.085027649683452,1.7248960030363432,0.7708651370253645,-0.3814172302083989,9
120.992862,14.727701,0.0165452348871178,0.6367178349696112,-2.5064374391361266,1.901631170646344,1.1349285137394214,1.0005260130679965,9
120.984148,14.711205,0.0165452348871178,0.2831221511383006,-2.422951319832328,1.805839875062032,1.0244857128675715,0.7638975028351054,9
120.963252,14.70261,0.3487451880794648,0.1685997849723819,-2.110396507319327,1.901453128242732,1.3532082623578636,1.4355778183407868,9
120.98177,14.673664,-0.1212250065341066,-0.6486178635002792,-1.6700930908592644,1.7683923683298948,0.6135336366348038,-0.2519106888224635,1
120.9667657,14.7144374,-0.325759133548163,0.4196923001431346,-2.43939867351759,1.715084448650373,0.7408524911873982,0.2577696551784659,9
