Price,Num_Bedrooms,Num_Bathrooms,Floor_Area,Land_Area,LRTHubDist,BusCount,MallCount,SchoolCount,HospitalCount,ATMCount,employment_generation,local_economy_growth,local_economy_size,presence_of_business_and_professional_organizations,safety_compliant_business,Cluster
17000000.0,0.0,0.0,0.0,850.0,11.5935890362897,0,0,5,0,0,0.1654,0.3167,0.0555,0.0567,0.8881,0
49999999.99999999,0.0,0.0,0.0,1245.0,6.90529997261877,3,0,5,3,1,0.1654,0.3167,0.0555,0.0567,0.8881,1
382104000.0,0.0,0.0,0.0,3184.2,6.90529997261877,3,0,5,3,1,0.1654,0.3167,0.0555,0.0567,0.8881,1
61199999.99999999,0.0,0.0,0.0,765.0,1.17862096536732,3,0,20,2,1,0.1654,0.3167,0.0555,0.0567,0.8881,2
33920000.0,0.0,0.0,0.0,424.0,1.17862096536732,3,0,20,2,1,0.1654,0.3167,0.0555,0.0567,0.8881,2
304760000.0,0.0,0.0,0.0,802.0,1.04076497460512,10,0,15,5,4,0.1654,0.3167,0.0555,0.0567,0.8881,3
61199999.99999999,0.0,0.0,0.0,811.0,1.17862096536732,3,0,20,2,1,0.1654,0.3167,0.0555,0.0567,0.8881,2
737500000.0,0.0,0.0,0.0,2950.0,0.46083552558969,10,0,6,0,1,0.1654,0.3167,0.0555,0.0567,0.8881,4
874508750.0,0.0,0.0,0.0,34980.35,2.80419759670723,2,0,9,1,0,0.1654,0.3167,0.0555,0.0567,0.8881,-1
7344000.0,0.0,0.0,0.0,408.0,8.98246784641458,0,0,12,0,0,0.1654,0.3167,0.0555,0.0567,0.8881,5
243660000.0,0.0,0.0,0.0,4061.0,13.8745940479634,3,0,6,2,0,0.1654,0.3167,0.0555,0.0567,0.8881,-1
6480000.0,0.0,0.0,0.0,216.0,10.391330191022,0,0,3,0,0,0.1654,0.3167,0.0555,0.0567,0.8881,0
15000000.0,0.0,0.0,0.0,80.0,1.85923471695954,6,3,17,2,3,0.1654,0.3167,0.0555,0.0567,0.8881,-1
2991000.0000000005,0.0,0.0,0.0,336.0,10.391330191022,0,0,3,0,0,0.1654,0.3167,0.0555,0.0567,0.8881,0
2800000.0,0.0,0.0,0.0,90.0,8.0020605002997,0,0,9,0,1,0.1654,0.3167,0.0555,0.0567,0.8881,5
78304000.00000001,0.0,0.0,0.0,760.0,0.790786555433662,15,2,15,10,12,0.1654,0.3167,0.0555,0.0567,0.8881,6
70000000.0,0.0,0.0,0.0,684.0,1.17862096536732,3,0,20,2,1,0.1654,0.3167,0.0555,0.0567,0.8881,2
3472999.9999999995,0.0,0.0,0.0,40.0,10.391330191022,0,0,3,0,0,0.1654,0.3167,0.0555,0.0567,0.8881,0
3192000.0,0.0,0.0,0.0,75.0,8.0020605002997,0,0,9,0,1,0.1654,0.3167,0.0555,0.0567,0.8881,5
54925000.0,0.0,0.0,0.0,845.0,6.90529997261877,3,0,5,3,1,0.1654,0.3167,0.0555,0.0567,0.8881,1
7774000.000000002,0.0,0.0,0.0,676.0,10.391330191022,0,0,3,0,0,0.1654,0.3167,0.0555,0.0567,0.8881,0
4032000.0,0.0,0.0,0.0,336.0,10.391330191022,0,0,3,0,0,0.1654,0.3167,0.0555,0.0567,0.8881,0
420000000.0,0.0,0.0,0.0,28000.0,10.391330191022,0,0,3,0,0,0.1654,0.3167,0.0555,0.0567,0.8881,0
395000000.0,0.0,0.0,0.0,1867.0,0.46083552558969,10,0,6,0,1,0.1654,0.3167,0.0555,0.0567,0.8881,4
3026000.0,0.0,0.0,0.0,340.0,10.391330191022,0,0,3,0,0,0.1654,0.3167,0.0555,0.0567,0.8881,0
2560000.0,0.0,0.0,0.0,160.0,7.46379697652544,0,0,7,3,0,0.1654,0.3167,0.0555,0.0567,0.8881,1
3600000.0,0.0,0.0,0.0,292.0,8.98246784641458,0,0,12,0,0,0.1654,0.3167,0.0555,0.0567,0.8881,5
3863000.0,0.0,0.0,0.0,434.0,10.391330191022,0,0,3,0,0,0.1654,0.3167,0.0555,0.0567,0.8881,0
7000000.0,0.0,0.0,0.0,676.0,10.391330191022,0,0,3,0,0,0.1654,0.3167,0.0555,0.0567,0.8881,0
237500000.0,0.0,0.0,0.0,625.0,0.790786555433662,15,2,15,10,12,0.1654,0.3167,0.0555,0.0567,0.8881,6
54925000.0,0.0,0.0,0.0,845.0,6.90529997261877,3,0,5,3,1,0.1654,0.3167,0.0555,0.0567,0.8881,1
979449800.0,0.0,0.0,0.0,34980.35,3.22439180208455,1,2,9,0,0,0.1654,0.3167,0.0555,0.0567,0.8881,-1
237500000.0,0.0,0.0,0.0,625.0,0.790786555433662,15,2,15,10,12,0.1654,0.3167,0.0555,0.0567,0.8881,6
20000000.0,0.0,0.0,0.0,1463.0,10.391330191022,0,0,3,0,0,0.1654,0.3167,0.0555,0.0567,0.8881,0
8232000.0,0.0,0.0,0.0,686.0,11.3628119919057,2,1,12,4,0,0.1654,0.3167,0.0555,0.0567,0.8881,-1
8232000.0,0.0,0.0,0.0,686.0,11.5935890362897,0,0,5,0,0,0.1654,0.3167,0.0555,0.0567,0.8881,0
3646000.0,0.0,0.0,0.0,392.0,10.391330191022,0,0,3,0,0,0.1654,0.3167,0.0555,0.0567,0.8881,0
243660000.0,0.0,0.0,0.0,4061.0,13.8583631085064,3,0,6,2,1,0.1654,0.3167,0.0555,0.0567,0.8881,-1
4539000.0,0.0,0.0,0.0,510.0,10.391330191022,0,0,3,0,0,0.1654,0.3167,0.0555,0.0567,0.8881,0
8376000.0,0.0,0.0,0.0,698.0,0.825940128939212,14,3,15,7,8,0.1654,0.3167,0.0555,0.0567,0.8881,7
3600000.0,0.0,0.0,0.0,292.0,8.98246784641458,0,0,12,0,0,0.1654,0.3167,0.0555,0.0567,0.8881,5
2822000.0,0.0,0.0,0.0,317.0,10.391330191022,0,0,3,0,0,0.1654,0.3167,0.0555,0.0567,0.8881,0
2136000.0,0.0,0.0,0.0,240.0,10.391330191022,0,0,3,0,0,0.1654,0.3167,0.0555,0.0567,0.8881,0
304760000.0,0.0,0.0,0.0,802.0,1.04076497460512,10,0,15,5,4,0.1654,0.3167,0.0555,0.0567,0.8881,3
54925000.0,0.0,0.0,0.0,845.0,6.90529997261877,3,0,5,3,1,0.1654,0.3167,0.0555,0.0567,0.8881,1
3720000.0,0.0,0.0,0.0,124.0,6.90529997261877,3,0,5,3,1,0.1654,0.3167,0.0555,0.0567,0.8881,1
83000000.0,0.0,0.0,0.0,693.0,6.90529997261877,3,0,5,3,1,0.1654,0.3167,0.0555,0.0567,0.8881,1
304760000.0,0.0,0.0,0.0,802.0,1.04076497460512,10,0,15,5,4,0.1654,0.3167,0.0555,0.0567,0.8881,3
175000000.0,0.0,0.0,0.0,1420.0,1.17862096536732,3,0,20,2,1,0.1654,0.3167,0.0555,0.0567,0.8881,2
30000000.0,0.0,0.0,0.0,528.0,0.5947120622711,9,3,15,7,9,0.1654,0.3167,0.0555,0.0567,0.8881,7
11699999.999999998,0.0,0.0,0.0,780.0,10.391330191022,0,0,3,0,0,0.1654,0.3167,0.0555,0.0567,0.8881,0
304760000.0,0.0,0.0,0.0,802.0,0.790786555433662,15,2,15,10,12,0.1654,0.3167,0.0555,0.0567,0.8881,6
77440000.0,0.0,0.0,0.0,968.0,13.1738308483058,0,0,9,1,2,0.1654,0.3167,0.0555,0.0567,0.8881,-1
129600000.0,0.0,0.0,0.0,720.0,13.2970608644112,6,0,9,1,0,0.1654,0.3167,0.0555,0.0567,0.8881,-1
280700000.0,0.0,0.0,0.0,802.0,6.57951069034064,2,0,7,3,0,0.1654,0.3167,0.0555,0.0567,0.8881,1
50350000.0,0.0,0.0,0.0,530.0,1.04076497460512,10,0,15,5,4,0.1654,0.3167,0.0555,0.0567,0.8881,3
67000000.0,0.0,0.0,0.0,7077.0,10.391330191022,0,0,3,0,0,0.1654,0.3167,0.0555,0.0567,0.8881,0
3000000.0,0.0,0.0,0.0,300.0,10.391330191022,0,0,3,0,0,0.1654,0.3167,0.0555,0.0567,0.8881,0
30000000.0,0.0,0.0,0.0,420.0,0.5947120622711,9,3,15,7,9,0.1654,0.3167,0.0555,0.0567,0.8881,7
100000000.0,0.0,0.0,0.0,653.0,0.46083552558969,10,0,6,0,1,0.1654,0.3167,0.0555,0.0567,0.8881,4
300000000.0,0.0,0.0,0.0,802.0,1.04076497460512,10,0,15,5,4,0.1654,0.3167,0.0555,0.0567,0.8881,3
68400000.0,0.0,0.0,0.0,720.0,1.04076497460512,10,0,15,5,4,0.1654,0.3167,0.0555,0.0567,0.8881,3
237500000.0,0.0,0.0,0.0,625.0,0.46083552558969,10,0,6,0,1,0.1654,0.3167,0.0555,0.0567,0.8881,4
237500000.0,0.0,0.0,0.0,625.0,0.790786555433662,15,2,15,10,12,0.1654,0.3167,0.0555,0.0567,0.8881,6
58905000.00000001,0.0,0.0,0.0,693.0,6.90529997261877,3,0,5,3,1,0.1654,0.3167,0.0555,0.0567,0.8881,1
38000000.00000001,0.0,0.0,0.0,550.0,0.5947120622711,9,3,15,7,9,0.1654,0.3167,0.0555,0.0567,0.8881,7
304760000.0,0.0,0.0,0.0,802.0,0.450623838560735,9,3,18,7,8,0.1654,0.3167,0.0555,0.0567,0.8881,7
3660000.0,0.0,0.0,0.0,150.0,11.5935890362897,0,0,5,0,0,0.1654,0.3167,0.0555,0.0567,0.8881,0
46150000.0,0.0,0.0,0.0,2923.0,10.391330191022,0,0,3,0,0,0.1654,0.3167,0.0555,0.0567,0.8881,0
345510000.0,0.0,0.0,0.0,6282.0,0.46083552558969,10,0,6,0,1,0.1654,0.3167,0.0555,0.0567,0.8881,4
88888888.0,0.0,0.0,0.0,300.0,0.790786555433662,15,2,15,10,12,0.1654,0.3167,0.0555,0.0567,0.8881,6
2100000.0,0.0,0.0,0.0,161.0,33.9370485134506,0,0,1,0,0,0.6885,0.0,0.0578,0.0008,1.3152,8
1750000.0,0.0,0.0,0.0,250.0,40.90884504313,0,0,0,0,0,0.1218,0.0016,0.0136,0.0152,0.2777,9
3618000.0,0.0,0.0,0.0,99.5,4.39382005330965,0,0,16,0,0,0.254,0.0116,0.2906,0.0843,1.043,31
13000000.0,0.0,0.0,0.0,250.0,9.43386668635108,0,0,1,0,0,0.254,0.0116,0.2906,0.0843,1.043,10
12099999.999999998,0.0,0.0,0.0,250.0,7.13134917868044,0,0,3,0,0,0.254,0.0116,0.2906,0.0843,1.043,10
1147500.0,0.0,0.0,0.0,153.0,33.9370485134506,0,0,1,0,0,0.6885,0.0,0.0578,0.0008,1.3152,8
1300000.0,0.0,0.0,0.0,200.0,33.9370485134506,0,0,1,0,0,0.6885,0.0,0.0578,0.0008,1.3152,8
3164100.0,0.0,0.0,0.0,199.0,41.0392922991833,2,0,1,0,0,0.1088,0.0136,0.0487,0.0026,0.2485,9
6200000.0,0.0,0.0,0.0,243.0,39.5305946300785,4,1,5,3,1,0.1088,0.0136,0.0487,0.0026,0.2485,11
3170700.0,0.0,0.0,0.0,185.0,17.5749477812079,0,0,2,1,1,1.2716,0.0014,0.1551,0.0274,1.3626,12
2149500.0,0.0,0.0,0.0,108.0,18.7295303931798,0,0,0,1,0,1.2716,0.0014,0.1551,0.0274,1.3626,12
4440000.0,0.0,0.0,0.0,222.0,4.32900554481097,4,2,4,1,2,0.3538,0.0121,0.1372,0.0301,0.947,13
7417600.0,0.0,0.0,0.0,152.0,38.3982004485583,0,0,2,0,0,0.1088,0.0136,0.0487,0.0026,0.2485,9
3650000.0,0.0,0.0,0.0,100.0,9.89644209220792,2,0,1,0,0,0.3407,0.0132,0.703,0.0155,1.4269,14
1953000.0,0.0,0.0,0.0,217.0,35.8988666962895,0,0,3,0,0,0.4558,0.0,0.0527,0.0,1.3514,15
511200.0,0.0,0.0,0.0,71.0,25.0511641720128,0,0,2,0,0,0.2257,0.001,0.0441,0.0,0.3048,9
3000000.0,0.0,0.0,0.0,60.0,17.8284148342542,23,2,3,2,18,0.5837,0.0121,0.1525,0.2494,1.4727,16
1664000.0,0.0,0.0,0.0,208.0,35.8988666962895,0,0,3,0,0,0.4558,0.0,0.0527,0.0,1.3514,15
7875000.0,0.0,0.0,0.0,225.0,26.1110877080702,0,0,1,0,1,0.5438,0.0007,0.3241,0.0006,0.6486,17
2437500.0,0.0,0.0,0.0,250.0,30.962393907879,0,0,0,0,0,0.0734,0.0008,0.0158,0.0076,0.2389,9
2950000.48,0.0,0.0,0.0,100.0,14.4998298722405,0,0,4,1,0,1.2716,0.0014,0.1551,0.0274,1.3626,12
2950000.48,0.0,0.0,0.0,100.0,14.4998298722405,0,0,4,1,0,1.2716,0.0014,0.1551,0.0274,1.3626,12
6105000.0,0.0,0.0,0.0,165.0,9.89644209220792,2,0,1,0,0,0.3407,0.0132,0.703,0.0155,1.4269,14
3900000.0,0.0,0.0,0.0,104.0,9.89644209220792,2,0,1,0,0,0.3407,0.0132,0.703,0.0155,1.4269,14
975000.0,0.0,0.0,0.0,150.0,36.44110418851,0,0,5,0,0,0.4558,0.0,0.0527,0.0,1.3514,15
1642499.9999999995,0.0,0.0,0.0,219.0,35.8988666962895,0,0,3,0,0,0.4558,0.0,0.0527,0.0,1.3514,15
13225000.0,0.0,0.0,0.0,250.0,26.1110877080702,0,0,1,0,1,0.5438,0.0007,0.3241,0.0006,0.6486,17
691200.0,0.0,0.0,0.0,54.0,18.9911795198585,4,2,2,2,0,0.3407,0.0132,0.703,0.0155,1.4269,18
3650000.0,0.0,0.0,0.0,100.0,9.89644209220792,2,0,1,0,0,0.3407,0.0132,0.703,0.0155,1.4269,14
5457500.89,0.0,0.0,0.0,185.0,14.4998298722405,0,0,4,1,0,1.2716,0.0014,0.1551,0.0274,1.3626,12
3213000.17,0.0,0.0,0.0,105.0,14.4998298722405,0,0,4,1,0,1.2716,0.0014,0.1551,0.0274,1.3626,12
16900000.0,0.0,0.0,0.0,250.0,8.5026387053518,3,0,4,0,0,0.254,0.0116,0.2906,0.0843,1.043,10
4940000.0,0.0,0.0,0.0,130.0,8.11554188239429,2,1,0,2,2,0.3124,0.0012,0.1131,0.0053,0.3589,-1
3300000.0,0.0,0.0,0.0,132.0,14.6402542171749,0,0,2,0,0,0.3407,0.0132,0.703,0.0155,1.4269,14
6030300.0,0.0,0.0,0.0,240.0,22.6736113657936,0,0,2,0,0,0.119,0.0092,0.0505,0.0034,0.6701,19
3925000.0,0.0,0.0,0.0,157.0,27.0550789815397,0,0,1,0,0,0.5438,0.0007,0.3241,0.0006,0.6486,17
2300000.0,0.0,0.0,0.0,200.0,19.2884441736279,2,0,1,0,0,0.5837,0.0121,0.1525,0.2494,1.4727,20
1646499.9999999995,0.0,0.0,0.0,161.0,33.9370485134506,0,0,1,0,0,0.6885,0.0,0.0578,0.0008,1.3152,8
4700000.0,0.0,0.0,0.0,240.0,37.4981280658715,0,0,2,0,0,0.1088,0.0136,0.0487,0.0026,0.2485,9
2828000.0,0.0,0.0,0.0,101.0,25.1629703948562,17,0,8,4,1,0.5438,0.0007,0.3241,0.0006,0.6486,21
2275.0,0.0,0.0,0.0,2.5,28.2182569971985,0,0,6,0,0,0.6885,0.0,0.0578,0.0008,1.3152,8
7650.0,0.0,0.0,0.0,3.0,28.2182569971985,0,0,6,0,0,0.6885,0.0,0.0578,0.0008,1.3152,8
2880800.0,0.0,0.0,0.0,104.0,25.1629703948562,17,0,8,4,1,0.5438,0.0007,0.3241,0.0006,0.6486,21
2912000.0,0.0,0.0,0.0,104.0,25.1629703948562,17,0,8,4,1,0.5438,0.0007,0.3241,0.0006,0.6486,21
7882500.0,0.0,0.0,0.0,150.0,26.1110877080702,0,0,1,0,1,0.5438,0.0007,0.3241,0.0006,0.6486,17
2499990.0,0.0,0.0,0.0,120.0,10.0544559272852,0,0,2,0,0,0.3407,0.0132,0.703,0.0155,1.4269,14
7713999.999999998,0.0,0.0,0.0,203.0,10.0544559272852,0,0,2,0,0,0.3407,0.0132,0.703,0.0155,1.4269,14
2750000.0,0.0,0.0,0.0,100.0,25.1629703948562,17,0,8,4,1,0.5438,0.0007,0.3241,0.0006,0.6486,21
1298499.9999999995,0.0,0.0,245.0,245.0,40.8240586743211,0,0,1,0,0,0.1218,0.0016,0.0136,0.0152,0.2777,9
900000.0,0.0,0.0,400.0,200.0,40.9687212531979,0,0,0,0,0,0.1613,0.0,0.015,0.0007,0.3402,9
1750000.0,0.0,0.0,0.0,244.0,41.8902472037219,0,0,1,0,0,0.1218,0.0016,0.0136,0.0152,0.2777,9
1300.0,0.0,0.0,0.0,1.0,28.2182569971985,0,0,6,0,0,0.6885,0.0,0.0578,0.0008,1.3152,8
2300000.0,0.0,0.0,0.0,157.0,23.4233384568079,0,0,1,2,0,0.5438,0.0007,0.3241,0.0006,0.6486,22
2250000.0,0.0,0.0,0.0,150.0,20.6218992444867,0,0,9,1,0,0.119,0.0092,0.0505,0.0034,0.6701,23
2300000.0,0.0,0.0,0.0,165.0,37.5736740624449,2,2,1,2,4,0.1088,0.0136,0.0487,0.0026,0.2485,24
2574000.0,0.0,0.0,0.0,198.0,37.5736740624449,2,2,1,2,4,0.1088,0.0136,0.0487,0.0026,0.2485,24
1100000.0,0.0,0.0,0.0,200.0,37.9305978440548,0,0,0,0,0,0.1218,0.0016,0.0136,0.0152,0.2777,9
2250000.0,0.0,0.0,0.0,150.0,17.4717437310338,3,0,7,0,0,0.5837,0.0121,0.1525,0.2494,1.4727,20
4800000.0,0.0,0.0,0.0,240.0,39.194123639204,2,2,0,0,1,0.5438,0.0007,0.3241,0.0006,0.6486,-1
6798000.000000001,0.0,0.0,0.0,249.0,22.6736113657936,0,0,2,0,0,0.119,0.0092,0.0505,0.0034,0.6701,19
1700000.0,0.0,0.0,0.0,200.0,39.1732617547246,0,0,1,0,0,0.1218,0.0016,0.0136,0.0152,0.2777,9
4880000.0,0.0,0.0,0.0,244.0,37.4981280658715,0,0,2,0,0,0.1088,0.0136,0.0487,0.0026,0.2485,9
13500000.0,0.0,0.0,0.0,249.0,9.43386668635108,0,0,1,0,0,0.254,0.0116,0.2906,0.0843,1.043,10
2700000.0,0.0,0.0,0.0,150.0,23.4233384568079,0,0,1,2,0,0.5438,0.0007,0.3241,0.0006,0.6486,22
1780000.0,0.0,0.0,0.0,244.0,40.90884504313,0,0,0,0,0,0.1218,0.0016,0.0136,0.0152,0.2777,9
1944000.0,0.0,0.0,0.0,216.0,27.1684934936216,0,0,3,0,0,0.0734,0.0008,0.0158,0.0076,0.2389,9
1708000.0,0.0,0.0,0.0,244.0,40.90884504313,0,0,0,0,0,0.1218,0.0016,0.0136,0.0152,0.2777,9
4086000.0,0.0,0.0,0.0,227.0,42.0709275468787,0,0,0,0,0,0.1218,0.0016,0.0136,0.0152,0.2777,9
6720000.0,0.0,0.0,0.0,240.0,12.2778005352728,3,2,4,1,1,0.169,0.0006,0.0934,0.0181,0.3365,25
3420000.0,0.0,0.0,0.0,150.0,22.698437081916,0,0,3,0,0,0.1088,0.0136,0.0487,0.0026,0.2485,9
3164000.0,0.0,0.0,0.0,199.0,42.5688392787028,0,0,0,0,0,0.1218,0.0016,0.0136,0.0152,0.2777,9
2147200.0,0.0,0.0,0.0,100.0,21.0546683822257,4,0,0,0,0,0.7907,0.0009,0.9584,0.035,0.4702,26
2790000.0,0.0,0.0,0.0,186.0,23.95446833779,0,0,2,0,0,0.5438,0.0007,0.3241,0.0006,0.6486,17
1111500.0,0.0,0.0,0.0,117.0,36.4741099275614,0,0,6,0,0,0.4558,0.0,0.0527,0.0,1.3514,15
3420000.0,0.0,0.0,0.0,150.0,22.698437081916,0,0,3,0,0,0.1088,0.0136,0.0487,0.0026,0.2485,9
2592000.0,0.0,0.0,0.0,192.0,26.6666658708029,10,1,9,5,10,0.5438,0.0007,0.3241,0.0006,0.6486,-1
4594200.0,0.0,0.0,0.0,247.0,38.2397467666465,0,0,0,0,0,0.1088,0.0136,0.0487,0.0026,0.2485,9
4000000.0,0.0,0.0,0.0,240.0,38.4207214825189,0,0,3,0,0,0.1088,0.0136,0.0487,0.0026,0.2485,9
1500000.0,0.0,0.0,0.0,106.0,19.7659485925217,12,1,0,0,0,0.5837,0.0121,0.1525,0.2494,1.4727,27
3060000.0,0.0,0.0,0.0,204.0,41.8902472037219,0,0,1,0,0,0.1218,0.0016,0.0136,0.0152,0.2777,9
3455555.0,0.0,0.0,0.0,100.0,10.0544559272852,0,0,2,0,0,0.3407,0.0132,0.703,0.0155,1.4269,14
2534000.0,0.0,0.0,0.0,181.0,17.7096158476516,18,1,6,2,8,0.5837,0.0121,0.1525,0.2494,1.4727,-1
6240000.0,0.0,0.0,0.0,240.0,19.263851248999,10,0,6,0,3,0.7907,0.0009,0.9584,0.035,0.4702,28
1708000.0,0.0,0.0,0.0,244.0,40.90884504313,0,0,0,0,0,0.1218,0.0016,0.0136,0.0152,0.2777,9
13000000.0,0.0,0.0,0.0,186.0,9.45685746964893,3,0,3,1,1,0.3538,0.0121,0.1372,0.0301,0.947,29
2628999.9999999995,0.0,0.0,0.0,239.0,42.5688392787028,0,0,0,0,0,0.1218,0.0016,0.0136,0.0152,0.2777,9
4992000.0,0.0,0.0,0.0,156.0,17.877232859216,7,0,1,0,0,0.7907,0.0009,0.9584,0.035,0.4702,26
4992000.0,0.0,0.0,0.0,156.0,17.877232859216,7,0,1,0,0,0.7907,0.0009,0.9584,0.035,0.4702,26
3000000.0,0.0,0.0,0.0,221.0,20.2122856469654,1,0,5,0,0,0.3407,0.0132,0.703,0.0155,1.4269,14
13575000.0,0.0,0.0,0.0,250.0,9.43386668635108,0,0,1,0,0,0.254,0.0116,0.2906,0.0843,1.043,10
5040000.0,0.0,0.0,0.0,240.0,41.8902472037219,0,0,1,0,0,0.1218,0.0016,0.0136,0.0152,0.2777,9
1780000.0,0.0,0.0,0.0,250.0,40.90884504313,0,0,0,0,0,0.1218,0.0016,0.0136,0.0152,0.2777,9
2256000.0,0.0,0.0,0.0,188.0,12.504161353757,1,0,5,0,1,0.5837,0.0121,0.1525,0.2494,1.4727,20
1708899.9999999995,0.0,0.0,0.0,244.0,40.90884504313,0,0,0,0,0,0.1218,0.0016,0.0136,0.0152,0.2777,9
1665000.0,0.0,0.0,0.0,150.0,23.2302408211237,0,0,0,0,0,1.2716,0.0014,0.1551,0.0274,1.3626,30
6129000.0,0.0,0.0,0.0,121.0,8.50515694452222,3,0,10,0,0,0.254,0.0116,0.2906,0.0843,1.043,31
1750000.0,0.0,0.0,0.0,250.0,40.90884504313,0,0,0,0,0,0.1218,0.0016,0.0136,0.0152,0.2777,9
1125000.0,0.0,0.0,0.0,250.0,28.3398402910932,1,0,0,0,1,0.5438,0.0007,0.3241,0.0006,0.6486,17
6220000.0,0.0,0.0,0.0,123.0,8.50515694452222,3,0,10,0,0,0.254,0.0116,0.2906,0.0843,1.043,31
1708000.0,0.0,0.0,0.0,244.0,40.90884504313,0,0,0,0,0,0.1218,0.0016,0.0136,0.0152,0.2777,9
1710000.0,0.0,0.0,0.0,244.0,40.90884504313,0,0,0,0,0,0.1218,0.0016,0.0136,0.0152,0.2777,9
10451600.0,0.0,0.0,0.0,232.0,26.1110877080702,0,0,1,0,1,0.5438,0.0007,0.3241,0.0006,0.6486,17
3200000.0,0.0,0.0,0.0,240.0,16.875707431962,14,0,7,1,0,0.3407,0.0132,0.703,0.0155,1.4269,32
3500000.0,0.0,0.0,0.0,204.0,6.78993186897245,10,1,9,1,4,0.254,0.0116,0.2906,0.0843,1.043,33
525000.0,0.0,0.0,0.0,150.0,38.0089933426287,0,0,0,0,0,0.4236,0.0,0.0544,0.0,0.506,34
1496000.0,0.0,0.0,0.0,170.0,24.0317131048872,2,0,4,0,0,0.119,0.0092,0.0505,0.0034,0.6701,19
166320.0,0.0,0.0,0.0,2.44,4.48341829644017,1,0,4,1,0,0.3538,0.0121,0.1372,0.0301,0.947,29
13000000.0,0.0,0.0,0.0,155.0,7.06817227450536,10,1,9,2,3,0.3538,0.0121,0.1372,0.0301,0.947,35
4880000.0,0.0,0.0,0.0,167.0,9.45685746964893,3,0,3,1,1,0.3538,0.0121,0.1372,0.0301,0.947,29
5200000.0,0.0,0.0,0.0,240.0,41.8902472037219,0,0,1,0,0,0.1218,0.0016,0.0136,0.0152,0.2777,9
3570000.0,0.0,0.0,0.0,238.0,40.1958507530222,0,0,3,0,0,0.1088,0.0136,0.0487,0.0026,0.2485,9
7800000.0,0.0,0.0,0.0,150.0,8.50515694452222,3,0,10,0,0,0.254,0.0116,0.2906,0.0843,1.043,31
3840000.0,0.0,0.0,0.0,160.0,37.5736740624449,2,2,1,2,4,0.1088,0.0136,0.0487,0.0026,0.2485,24
1904000.0,0.0,0.0,0.0,100.0,23.150744218262,2,0,5,0,0,0.119,0.0092,0.0505,0.0034,0.6701,19
12723999.999999998,0.0,0.0,0.0,249.0,9.43386668635108,0,0,1,0,0,0.254,0.0116,0.2906,0.0843,1.043,10
1111500.0,0.0,0.0,0.0,117.0,22.698437081916,0,0,3,0,0,0.1088,0.0136,0.0487,0.0026,0.2485,9
1111500.0,0.0,0.0,0.0,117.0,36.4741099275614,0,0,6,0,0,0.4558,0.0,0.0527,0.0,1.3514,15
5472000.0,0.0,0.0,0.0,240.0,39.1098656562039,0,0,4,0,0,0.1088,0.0136,0.0487,0.0026,0.2485,9
3062000.0,0.0,0.0,0.0,150.0,26.9482524497771,6,1,4,0,7,0.5438,0.0007,0.3241,0.0006,0.6486,-1
2235000.0,0.0,0.0,0.0,150.0,19.055042990076,18,0,11,0,0,0.5837,0.0121,0.1525,0.2494,1.4727,36
5363000.0,0.0,0.0,0.0,137.0,7.97244707812433,0,0,0,1,0,0.3124,0.0012,0.1131,0.0053,0.3589,37
3420000.0,0.0,0.0,0.0,150.0,39.1098656562039,0,0,4,0,0,0.1088,0.0136,0.0487,0.0026,0.2485,9
9206000.0,0.0,0.0,0.0,170.0,8.50515694452222,3,0,10,0,0,0.254,0.0116,0.2906,0.0843,1.043,31
7119000.0,0.0,0.0,0.0,138.0,8.50515694452222,3,0,10,0,0,0.254,0.0116,0.2906,0.0843,1.043,31
6048667.0,0.0,0.0,0.0,240.0,22.7386306216118,0,0,2,0,0,0.119,0.0092,0.0505,0.0034,0.6701,19
8400000.0,0.0,0.0,0.0,240.0,17.877232859216,7,0,1,0,0,0.7907,0.0009,0.9584,0.035,0.4702,26
1900000.0,0.0,0.0,0.0,127.0,23.4233384568079,0,0,1,2,0,0.5438,0.0007,0.3241,0.0006,0.6486,22
3420000.0,0.0,0.0,0.0,150.0,39.1098656562039,0,0,4,0,0,0.1088,0.0136,0.0487,0.0026,0.2485,9
2900000.0,0.0,0.0,0.0,100.0,14.4998298722405,0,0,4,1,0,1.2716,0.0014,0.1551,0.0274,1.3626,12
1111500.0,0.0,0.0,0.0,117.0,32.9842645010497,0,0,1,0,0,0.5438,0.0007,0.3241,0.0006,0.6486,17
1003000.0,0.0,0.0,0.0,118.0,36.4741099275614,0,0,6,0,0,0.4558,0.0,0.0527,0.0,1.3514,15
2460000.0,0.0,0.0,0.0,205.0,12.504161353757,1,0,5,0,1,0.5837,0.0121,0.1525,0.2494,1.4727,20
5000000.0,0.0,0.0,0.0,180.0,10.0544559272852,0,0,2,0,0,0.3407,0.0132,0.703,0.0155,1.4269,14
1550000.0,0.0,0.0,0.0,50.0,10.6740575358095,11,0,2,1,0,0.3407,0.0132,0.703,0.0155,1.4269,38
1440000.0,0.0,0.0,0.0,50.0,21.0546683822257,4,0,0,0,0,0.7907,0.0009,0.9584,0.035,0.4702,26
1550000.0,0.0,0.0,0.0,50.0,10.6740575358095,11,0,2,1,0,0.3407,0.0132,0.703,0.0155,1.4269,38
2031000.0,0.0,0.0,0.0,87.0,10.6740575358095,11,0,2,1,0,0.3407,0.0132,0.703,0.0155,1.4269,38
1185000.0,0.0,0.0,0.0,45.0,10.6740575358095,11,0,2,1,0,0.3407,0.0132,0.703,0.0155,1.4269,38
1893000.0,0.0,0.0,0.0,50.0,12.655106407525,4,0,1,0,0,0.3407,0.0132,0.703,0.0155,1.4269,14
2017000.0,0.0,0.0,0.0,72.0,12.655106407525,4,0,1,0,0,0.3407,0.0132,0.703,0.0155,1.4269,14
10867999.999999998,0.0,0.0,0.0,200.0,10.0544559272852,0,0,2,0,0,0.3407,0.0132,0.703,0.0155,1.4269,14
6507000.0,0.0,0.0,0.0,241.0,17.877232859216,7,0,1,0,0,0.7907,0.0009,0.9584,0.035,0.4702,26
1650000.0,0.0,0.0,0.0,250.0,22.7506320129991,1,0,2,0,0,0.2257,0.001,0.0441,0.0,0.3048,9
7920000.0,0.0,0.0,0.0,110.0,9.45685746964893,3,0,3,1,1,0.3538,0.0121,0.1372,0.0301,0.947,29
7920000.0,0.0,0.0,0.0,110.0,9.45685746964893,3,0,3,1,1,0.3538,0.0121,0.1372,0.0301,0.947,29
1800000.0,0.0,0.0,0.0,244.0,40.90884504313,0,0,0,0,0,0.1218,0.0016,0.0136,0.0152,0.2777,9
1245000.0,0.0,0.0,0.0,166.0,39.1732617547246,0,0,1,0,0,0.1218,0.0016,0.0136,0.0152,0.2777,9
5900000.0,0.0,0.0,0.0,240.0,26.1110877080702,0,0,1,0,1,0.5438,0.0007,0.3241,0.0006,0.6486,17
1710000.0,0.0,0.0,0.0,244.0,40.90884504313,0,0,0,0,0,0.1218,0.0016,0.0136,0.0152,0.2777,9
1276000.0,0.0,0.0,0.0,52.0,10.6740575358095,11,0,2,1,0,0.3407,0.0132,0.703,0.0155,1.4269,38
4843000.0,0.0,0.0,0.0,140.0,9.45685746964893,3,0,3,1,1,0.3538,0.0121,0.1372,0.0301,0.947,29
1620000.0,0.0,0.0,0.0,50.0,12.655106407525,4,0,1,0,0,0.3407,0.0132,0.703,0.0155,1.4269,14
1550000.0,0.0,0.0,0.0,50.0,10.6740575358095,11,0,2,1,0,0.3407,0.0132,0.703,0.0155,1.4269,38
1560000.0,0.0,0.0,0.0,50.0,10.6740575358095,11,0,2,1,0,0.3407,0.0132,0.703,0.0155,1.4269,38
1200000.0,0.0,0.0,0.0,250.0,22.7506320129991,1,0,2,0,0,0.2257,0.001,0.0441,0.0,0.3048,9
1523000.0,0.0,0.0,0.0,44.0,8.07513000588989,5,0,3,0,6,0.254,0.0116,0.2906,0.0843,1.043,39
1275000.0,0.0,0.0,0.0,150.0,36.9301537896595,0,0,2,0,0,0.4558,0.0,0.0527,0.0,1.3514,15
2598160.0,0.0,0.0,0.0,199.0,18.9911795198585,4,2,2,2,0,0.3407,0.0132,0.703,0.0155,1.4269,18
1536000.0,0.0,0.0,0.0,120.0,18.9911795198585,4,2,2,2,0,0.3407,0.0132,0.703,0.0155,1.4269,18
2100000.0,0.0,0.0,0.0,206.0,17.8284148342542,23,2,3,2,18,0.5837,0.0121,0.1525,0.2494,1.4727,16
1125000.0,0.0,0.0,0.0,250.0,38.5727046946978,0,0,0,0,0,0.1613,0.0,0.015,0.0007,0.3402,9
1904000.0,0.0,0.0,0.0,100.0,24.0317131048872,2,0,4,0,0,0.119,0.0092,0.0505,0.0034,0.6701,19
1620000.0,0.0,0.0,0.0,225.0,21.7441129933872,0,0,0,0,0,1.2716,0.0014,0.1551,0.0274,1.3626,30
5025000.0,0.0,0.0,0.0,168.0,27.9684191478839,1,0,5,0,0,0.5438,0.0007,0.3241,0.0006,0.6486,17
1464000.0,0.0,0.0,0.0,244.0,40.90884504313,0,0,0,0,0,0.1218,0.0016,0.0136,0.0152,0.2777,9
3326640.0,0.0,0.0,0.0,249.0,18.9911795198585,4,2,2,2,0,0.3407,0.0132,0.703,0.0155,1.4269,18
24080000.0,0.0,0.0,0.0,233.0,9.43386668635108,0,0,1,0,0,0.254,0.0116,0.2906,0.0843,1.043,10
180000000.0,0.0,0.0,0.0,200.0,1.52613213841394,0,0,5,0,1,0.3538,0.0121,0.1372,0.0301,0.947,-1
6507000.0,0.0,0.0,0.0,241.0,17.877232859216,7,0,1,0,0,0.7907,0.0009,0.9584,0.035,0.4702,26
1305000.0,0.0,0.0,0.0,145.0,17.2591830531975,1,0,0,0,0,0.3407,0.0132,0.703,0.0155,1.4269,14
3928000.0,0.0,0.0,0.0,166.0,11.7321528216741,6,0,1,0,0,0.3407,0.0132,0.703,0.0155,1.4269,14
1432000.0,0.0,0.0,0.0,64.0,10.6740575358095,11,0,2,1,0,0.3407,0.0132,0.703,0.0155,1.4269,38
1893000.0,0.0,0.0,0.0,50.0,12.655106407525,4,0,1,0,0,0.3407,0.0132,0.703,0.0155,1.4269,14
2380000.0,0.0,0.0,0.0,100.0,10.6740575358095,11,0,2,1,0,0.3407,0.0132,0.703,0.0155,1.4269,38
1560000.0,0.0,0.0,0.0,50.0,10.6740575358095,11,0,2,1,0,0.3407,0.0132,0.703,0.0155,1.4269,38
1079000.0,0.0,0.0,0.0,50.0,12.504161353757,1,0,5,0,1,0.5837,0.0121,0.1525,0.2494,1.4727,20
1258000.0,0.0,0.0,0.0,50.0,12.655106407525,4,0,1,0,0,0.3407,0.0132,0.703,0.0155,1.4269,14
1160000.0,0.0,0.0,0.0,55.0,10.6740575358095,11,0,2,1,0,0.3407,0.0132,0.703,0.0155,1.4269,38
1788800.0,0.0,0.0,0.0,244.0,40.90884504313,0,0,0,0,0,0.1218,0.0016,0.0136,0.0152,0.2777,9
2744999.9999999995,0.0,0.0,0.0,183.0,23.4233384568079,0,0,1,2,0,0.5438,0.0007,0.3241,0.0006,0.6486,22
1692000.0,0.0,0.0,0.0,235.0,21.7441129933872,0,0,0,0,0,1.2716,0.0014,0.1551,0.0274,1.3626,30
16900000.0,0.0,0.0,0.0,250.0,8.5026387053518,3,0,4,0,0,0.254,0.0116,0.2906,0.0843,1.043,10
8280000.0,0.0,0.0,0.0,240.0,12.2778005352728,3,2,4,1,1,0.169,0.0006,0.0934,0.0181,0.3365,25
3326640.0,0.0,0.0,0.0,249.0,18.9911795198585,4,2,2,2,0,0.3407,0.0132,0.703,0.0155,1.4269,18
2160000.0,0.0,0.0,0.0,100.0,10.6740575358095,11,0,2,1,0,0.3407,0.0132,0.703,0.0155,1.4269,38
1692000.0,0.0,0.0,0.0,72.0,10.6740575358095,11,0,2,1,0,0.3407,0.0132,0.703,0.0155,1.4269,38
1700000.0,0.0,0.0,0.0,50.0,21.0546683822257,4,0,0,0,0,0.7907,0.0009,0.9584,0.035,0.4702,26
1550000.0,0.0,0.0,0.0,50.0,10.6740575358095,11,0,2,1,0,0.3407,0.0132,0.703,0.0155,1.4269,38
1300000.0,0.0,0.0,0.0,69.0,10.6740575358095,11,0,2,1,0,0.3407,0.0132,0.703,0.0155,1.4269,38
1300000.0,0.0,0.0,0.0,50.0,10.6740575358095,11,0,2,1,0,0.3407,0.0132,0.703,0.0155,1.4269,38
1200000.0,0.0,0.0,0.0,250.0,22.7506320129991,1,0,2,0,0,0.2257,0.001,0.0441,0.0,0.3048,9
7920000.0,0.0,0.0,0.0,110.0,9.45685746964893,3,0,3,1,1,0.3538,0.0121,0.1372,0.0301,0.947,29
1080000.0,0.0,0.0,0.0,40.0,10.6740575358095,11,0,2,1,0,0.3407,0.0132,0.703,0.0155,1.4269,38
6300000.0,0.0,0.0,0.0,99.0,17.8972997396508,1,0,6,0,0,1.2716,0.0014,0.1551,0.0274,1.3626,30
2000000.0,0.0,0.0,0.0,72.0,20.6218992444867,0,0,9,1,0,0.119,0.0092,0.0505,0.0034,0.6701,23
1800000.0,0.0,0.0,0.0,244.0,40.90884504313,0,0,0,0,0,0.1218,0.0016,0.0136,0.0152,0.2777,9
1382400.0,0.0,0.0,0.0,108.0,18.9911795198585,4,2,2,2,0,0.3407,0.0132,0.703,0.0155,1.4269,18
3859200.0,0.0,0.0,0.0,219.0,39.1098656562039,0,0,4,0,0,0.1088,0.0136,0.0487,0.0026,0.2485,9
6798000.000000001,0.0,0.0,0.0,240.0,22.6736113657936,0,0,2,0,0,0.119,0.0092,0.0505,0.0034,0.6701,19
2600000.0,0.0,0.0,0.0,190.0,41.8902472037219,0,0,1,0,0,0.1218,0.0016,0.0136,0.0152,0.2777,9
1011000.0,0.0,0.0,0.0,40.0,8.07513000588989,5,0,3,0,6,0.254,0.0116,0.2906,0.0843,1.043,39
1120000.0,0.0,0.0,0.0,40.0,10.6740575358095,11,0,2,1,0,0.3407,0.0132,0.703,0.0155,1.4269,38
2956000.0,0.0,0.0,0.0,100.0,11.7321528216741,6,0,1,0,0,0.3407,0.0132,0.703,0.0155,1.4269,14
5000000.0,0.0,0.0,0.0,140.0,9.45685746964893,3,0,3,1,1,0.3538,0.0121,0.1372,0.0301,0.947,29
2275000.0,0.0,0.0,0.0,115.0,10.6740575358095,11,0,2,1,0,0.3407,0.0132,0.703,0.0155,1.4269,38
1829000.0,0.0,0.0,0.0,83.0,10.6740575358095,11,0,2,1,0,0.3407,0.0132,0.703,0.0155,1.4269,38
1958000.0,0.0,0.0,0.0,55.0,12.655106407525,4,0,1,0,0,0.3407,0.0132,0.703,0.0155,1.4269,14
1240000.0,0.0,0.0,0.0,52.0,8.07513000588989,5,0,3,0,6,0.254,0.0116,0.2906,0.0843,1.043,39
2122000.0,0.0,0.0,0.0,94.0,10.6740575358095,11,0,2,1,0,0.3407,0.0132,0.703,0.0155,1.4269,38
3300000.0,0.0,0.0,0.0,108.0,11.7321528216741,6,0,1,0,0,0.3407,0.0132,0.703,0.0155,1.4269,14
1882000.0,0.0,0.0,0.0,59.0,10.6740575358095,11,0,2,1,0,0.3407,0.0132,0.703,0.0155,1.4269,38
1300000.0,0.0,0.0,0.0,50.0,10.6740575358095,11,0,2,1,0,0.3407,0.0132,0.703,0.0155,1.4269,38
2119000.0,0.0,0.0,0.0,103.0,10.6740575358095,11,0,2,1,0,0.3407,0.0132,0.703,0.0155,1.4269,38
3000000.0,0.0,0.0,0.0,200.0,38.3982004485583,0,0,2,0,0,0.1088,0.0136,0.0487,0.0026,0.2485,9
1708000.0,0.0,0.0,0.0,244.0,40.90884504313,0,0,0,0,0,0.1218,0.0016,0.0136,0.0152,0.2777,9
7361999.999999998,0.0,0.0,0.0,150.0,16.875707431962,14,0,7,1,0,0.3407,0.0132,0.703,0.0155,1.4269,32
4641000.0,0.0,0.0,0.0,238.0,36.8096328108511,0,0,6,0,0,0.1088,0.0136,0.0487,0.0026,0.2485,9
2499990.0,0.0,0.0,0.0,120.0,10.0544559272852,0,0,2,0,0,0.3407,0.0132,0.703,0.0155,1.4269,14
2100000.0,0.0,0.0,0.0,200.0,39.1732617547246,0,0,1,0,0,0.1218,0.0016,0.0136,0.0152,0.2777,9
1000000.0,0.0,0.0,0.0,200.0,39.3461641136034,0,0,1,0,0,0.1218,0.0016,0.0136,0.0152,0.2777,9
1200000.0,0.0,0.0,0.0,157.0,17.1841252193878,11,0,1,0,0,0.0141,0.2089,0.0335,0.0034,0.0981,40
5328000.0,0.0,0.0,0.0,144.0,3.20386079946046,0,0,13,0,0,0.3538,0.0121,0.1372,0.0301,0.947,-1
2842000.0,0.0,0.0,0.0,203.0,39.1098656562039,0,0,4,0,0,0.1088,0.0136,0.0487,0.0026,0.2485,9
8000000.0,0.0,0.0,0.0,236.0,6.30227169708128,0,1,9,2,1,0.254,0.0116,0.2906,0.0843,1.043,41
2100000.0,0.0,0.0,0.0,200.0,39.1732617547246,0,0,1,0,0,0.1218,0.0016,0.0136,0.0152,0.2777,9
7400000.0,0.0,0.0,0.0,150.0,8.50515694452222,3,0,10,0,0,0.254,0.0116,0.2906,0.0843,1.043,31
2000000.0,0.0,0.0,0.0,116.0,37.4981280658715,0,0,2,0,0,0.1088,0.0136,0.0487,0.0026,0.2485,9
1680000.0,0.0,0.0,0.0,120.0,15.2105601369867,25,0,23,9,1,0.5837,0.0121,0.1525,0.2494,1.4727,42
2100000.0,0.0,0.0,0.0,200.0,39.1732617547246,0,0,1,0,0,0.1218,0.0016,0.0136,0.0152,0.2777,9
900000.0,0.0,0.0,0.0,200.0,40.9687212531979,0,0,0,0,0,0.1613,0.0,0.015,0.0007,0.3402,9
1400000.0,0.0,0.0,0.0,200.0,41.9590714515421,0,0,0,0,0,0.1218,0.0016,0.0136,0.0152,0.2777,9
2499990.0,0.0,0.0,0.0,120.0,10.0544559272852,0,0,2,0,0,0.3407,0.0132,0.703,0.0155,1.4269,14
3000000.0,0.0,0.0,172.0,172.0,16.0905273573523,12,1,6,0,4,0.0141,0.2089,0.0335,0.0034,0.0981,-1
1600000.0,0.0,0.0,0.0,120.0,15.2105601369867,25,0,23,9,1,0.5837,0.0121,0.1525,0.2494,1.4727,42
1800000.0,0.0,0.0,0.0,155.0,14.0265999105002,0,0,0,0,0,0.3407,0.0132,0.703,0.0155,1.4269,14
1000000.0,0.0,0.0,0.0,100.0,34.4164128279281,0,0,5,0,0,0.5438,0.0007,0.3241,0.0006,0.6486,17
5900000.0,0.0,0.0,0.0,240.0,17.877232859216,7,0,1,0,0,0.7907,0.0009,0.9584,0.035,0.4702,26
6576000.0,0.0,0.0,0.0,168.0,7.97244707812433,0,0,0,1,0,0.3124,0.0012,0.1131,0.0053,0.3589,37
6363000.0,0.0,0.0,0.0,240.0,22.6736113657936,0,0,2,0,0,0.119,0.0092,0.0505,0.0034,0.6701,19
1111500.0,0.0,0.0,0.0,117.0,36.4741099275614,0,0,6,0,0,0.4558,0.0,0.0527,0.0,1.3514,15
4300000.0,0.0,0.0,0.0,200.0,44.1829170234738,2,1,4,0,1,0.1218,0.0016,0.0136,0.0152,0.2777,43
1375000.0,0.0,0.0,0.0,250.0,27.0175284004612,0,0,1,0,0,0.6885,0.0,0.0578,0.0008,1.3152,8
2880000.0,0.0,0.0,0.0,240.0,35.8205759524542,0,0,5,0,0,0.1088,0.0136,0.0487,0.0026,0.2485,9
2000000.0,0.0,0.0,0.0,127.0,25.1629703948562,17,0,8,4,1,0.5438,0.0007,0.3241,0.0006,0.6486,21
6500000.0,0.0,0.0,0.0,240.0,17.877232859216,7,0,1,0,0,0.7907,0.0009,0.9584,0.035,0.4702,26
11131500.0,0.0,0.0,0.0,250.0,7.13134917868044,0,0,3,0,0,0.254,0.0116,0.2906,0.0843,1.043,10
4300000.0,0.0,0.0,0.0,200.0,44.1829170234738,2,1,4,0,1,0.1218,0.0016,0.0136,0.0152,0.2777,43
1100000.0,0.0,0.0,0.0,200.0,37.9305978440548,0,0,0,0,0,0.1218,0.0016,0.0136,0.0152,0.2777,9
760000.0,0.0,0.0,0.0,200.0,28.8555025546615,0,0,1,0,0,0.0734,0.0008,0.0158,0.0076,0.2389,9
5497000.0,0.0,0.0,0.0,239.0,17.877232859216,7,0,1,0,0,0.7907,0.0009,0.9584,0.035,0.4702,26
1020000.0,0.0,0.0,0.0,120.0,32.2825130179698,0,0,2,0,0,0.6885,0.0,0.0578,0.0008,1.3152,8
2200000.0,0.0,0.0,0.0,143.0,13.2835905668804,5,0,0,0,1,0.5837,0.0121,0.1525,0.2494,1.4727,20
5520000.0,0.0,0.0,0.0,240.0,17.877232859216,7,0,1,0,0,0.7907,0.0009,0.9584,0.035,0.4702,26
1111500.0,0.0,0.0,0.0,117.0,36.4741099275614,0,0,6,0,0,0.4558,0.0,0.0527,0.0,1.3514,15
1450000.0,0.0,0.0,0.0,150.0,11.6021973071414,12,1,9,0,0,0.5837,0.0121,0.1525,0.2494,1.4727,44
1800000.0,0.0,0.0,0.0,150.0,36.3070263709476,0,0,2,0,0,0.6885,0.0,0.0578,0.0008,1.3152,8
5302000.000000001,0.0,0.0,0.0,241.0,17.877232859216,7,0,1,0,0,0.7907,0.0009,0.9584,0.035,0.4702,26
1500000.0,0.0,0.0,0.0,164.0,16.8169713053737,0,0,2,0,0,0.3407,0.0132,0.703,0.0155,1.4269,14
5960000.0,0.0,0.0,0.0,149.0,3.20386079946046,0,0,13,0,0,0.3538,0.0121,0.1372,0.0301,0.947,-1
5929999.999999999,0.0,0.0,0.0,208.0,7.97244707812433,0,0,0,1,0,0.3124,0.0012,0.1131,0.0053,0.3589,37
1038400.0,0.0,0.0,0.0,96.0,20.6218992444867,0,0,9,1,0,0.119,0.0092,0.0505,0.0034,0.6701,23
1210000.0,0.0,0.0,0.0,220.0,20.2122856469654,1,0,5,0,0,0.3407,0.0132,0.703,0.0155,1.4269,14
1577400.0,0.0,0.0,0.0,239.0,21.6489453764086,1,0,1,0,0,1.2716,0.0014,0.1551,0.0274,1.3626,30
1167320.0,0.0,0.0,0.0,130.0,22.6736113657936,0,0,2,0,0,0.119,0.0092,0.0505,0.0034,0.6701,19
1900800.0,0.0,0.0,0.0,192.0,7.39987046487849,2,1,3,1,2,0.3124,0.0012,0.1131,0.0053,0.3589,45
1056000.0,0.0,0.0,0.0,60.0,7.97481167591801,8,0,15,0,5,0.254,0.0116,0.2906,0.0843,1.043,67
1900800.0,0.0,0.0,0.0,192.0,7.39987046487849,2,1,3,1,2,0.3124,0.0012,0.1131,0.0053,0.3589,45
1718640.0,0.0,0.0,0.0,168.0,18.9911795198585,4,2,2,2,0,0.3407,0.0132,0.703,0.0155,1.4269,18
2240000.0,0.0,0.0,0.0,160.0,4.32900554481097,4,2,4,1,2,0.3538,0.0121,0.1372,0.0301,0.947,13
1930000.0,0.0,0.0,0.0,50.0,10.6740575358095,11,0,2,1,0,0.3407,0.0132,0.703,0.0155,1.4269,38
1120000.0,0.0,0.0,0.0,40.0,10.6740575358095,11,0,2,1,0,0.3407,0.0132,0.703,0.0155,1.4269,38
4048000.0,0.0,0.0,0.0,174.0,10.6740575358095,11,0,2,1,0,0.3407,0.0132,0.703,0.0155,1.4269,38
1040000.0,0.0,0.0,0.0,40.0,10.6740575358095,11,0,2,1,0,0.3407,0.0132,0.703,0.0155,1.4269,38
1250000.0,0.0,0.0,0.0,50.0,10.6740575358095,11,0,2,1,0,0.3407,0.0132,0.703,0.0155,1.4269,38
1560000.0,0.0,0.0,0.0,50.0,10.6740575358095,11,0,2,1,0,0.3407,0.0132,0.703,0.0155,1.4269,38
1508000.0,0.0,0.0,0.0,50.0,10.6740575358095,11,0,2,1,0,0.3407,0.0132,0.703,0.0155,1.4269,38
1843000.0,0.0,0.0,0.0,56.0,10.6740575358095,11,0,2,1,0,0.3407,0.0132,0.703,0.0155,1.4269,38
17400000.0,0.0,0.0,0.0,145.0,9.45685746964893,3,0,3,1,1,0.3538,0.0121,0.1372,0.0301,0.947,29
5166000.000000001,0.0,0.0,0.0,75.0,1.24427416931009,9,1,20,0,3,0.3538,0.0121,0.1372,0.0301,0.947,-1
4300000.0,0.0,0.0,0.0,200.0,44.1829170234738,2,1,4,0,1,0.1218,0.0016,0.0136,0.0152,0.2777,43
2688000.0,0.0,0.0,0.0,128.0,9.45685746964893,3,0,3,1,1,0.3538,0.0121,0.1372,0.0301,0.947,29
100450.0,0.0,0.0,0.0,3.0,17.8284148342542,23,2,3,2,18,0.5837,0.0121,0.1525,0.2494,1.4727,16
745200.0,0.0,0.0,0.0,72.0,16.7073477839803,1,0,2,0,0,0.3407,0.0132,0.703,0.0155,1.4269,14
1600000.0,0.0,0.0,0.0,178.0,27.1684934936216,0,0,3,0,0,0.0734,0.0008,0.0158,0.0076,0.2389,9
3000000.0,0.0,0.0,0.0,240.0,16.875707431962,14,0,7,1,0,0.3407,0.0132,0.703,0.0155,1.4269,32
5000000.0,0.0,0.0,0.0,225.0,35.7123582293428,0,0,2,0,0,0.1088,0.0136,0.0487,0.0026,0.2485,9
2500000.0,0.0,0.0,0.0,151.0,23.4233384568079,0,0,1,2,0,0.5438,0.0007,0.3241,0.0006,0.6486,22
2406000.0,0.0,0.0,0.0,108.0,9.89644209220792,2,0,1,0,0,0.3407,0.0132,0.703,0.0155,1.4269,14
2250000.0,0.0,0.0,0.0,150.0,19.055042990076,18,0,11,0,0,0.5837,0.0121,0.1525,0.2494,1.4727,36
1560000.0,0.0,0.0,0.0,80.0,10.6740575358095,11,0,2,1,0,0.3407,0.0132,0.703,0.0155,1.4269,38
1712000.0,0.0,0.0,0.0,74.0,10.6740575358095,11,0,2,1,0,0.3407,0.0132,0.703,0.0155,1.4269,38
1537000.0,0.0,0.0,0.0,205.0,39.1098656562039,0,0,4,0,0,0.1088,0.0136,0.0487,0.0026,0.2485,9
1998700.0,0.0,0.0,0.0,221.0,8.5816872236368,2,1,11,0,1,0.3727,0.0,0.1187,0.0,0.6357,-1
2791800.0000000005,0.0,0.0,0.0,96.0,5.53427249260352,0,0,2,2,1,0.3538,0.0121,0.1372,0.0301,0.947,-1
6500000.0,0.0,0.0,0.0,240.0,22.6736113657936,0,0,2,0,0,0.119,0.0092,0.0505,0.0034,0.6701,19
11900000.0,0.0,0.0,0.0,219.0,9.43386668635108,0,0,1,0,0,0.254,0.0116,0.2906,0.0843,1.043,10
3500000.0,0.0,0.0,0.0,242.0,37.1022594958161,1,0,2,0,1,0.1088,0.0136,0.0487,0.0026,0.2485,9
1662499.9999999995,0.0,0.0,0.0,175.0,12.504161353757,1,0,5,0,1,0.5837,0.0121,0.1525,0.2494,1.4727,20
6025000.0,0.0,0.0,0.0,241.0,17.877232859216,7,0,1,0,0,0.7907,0.0009,0.9584,0.035,0.4702,26
5960000.0,0.0,0.0,0.0,149.0,2.93858229516169,2,2,5,0,2,0.3538,0.0121,0.1372,0.0301,0.947,-1
1777777.0,0.0,0.0,0.0,244.0,40.90884504313,0,0,0,0,0,0.1218,0.0016,0.0136,0.0152,0.2777,9
1800000.0,0.0,0.0,0.0,200.0,37.4293327784411,0,0,3,0,0,0.1218,0.0016,0.0136,0.0152,0.2777,9
5960000.0,0.0,0.0,0.0,149.0,1.98664210889069,10,1,10,0,4,0.3538,0.0121,0.1372,0.0301,0.947,46
2730000.0,0.0,0.0,0.0,60.0,24.0317131048872,2,0,4,0,0,0.119,0.0092,0.0505,0.0034,0.6701,19
4800000.0,0.0,0.0,0.0,173.0,26.1110877080702,0,0,1,0,1,0.5438,0.0007,0.3241,0.0006,0.6486,17
2187900.0,0.0,0.0,0.0,153.0,27.5790192996133,0,0,0,0,0,0.0734,0.0008,0.0158,0.0076,0.2389,9
1534499.9999999995,0.0,0.0,0.0,150.0,18.9911795198585,4,2,2,2,0,0.3407,0.0132,0.703,0.0155,1.4269,18
2380400.0,0.0,0.0,0.0,183.0,13.2835905668804,5,0,0,0,1,0.5837,0.0121,0.1525,0.2494,1.4727,20
1210000.0,0.0,0.0,0.0,220.0,20.2122856469654,1,0,5,0,0,0.3407,0.0132,0.703,0.0155,1.4269,14
5870000.000000001,0.0,0.0,0.0,208.0,7.97244707812433,0,0,0,1,0,0.3124,0.0012,0.1131,0.0053,0.3589,37
1300000.0,0.0,0.0,0.0,72.5,6.71023279578562,0,0,7,0,1,0.0346,0.0122,0.0176,0.006,0.1979,-1
3500000.0,0.0,0.0,0.0,204.0,41.8902472037219,0,0,1,0,0,0.1218,0.0016,0.0136,0.0152,0.2777,9
2500000.0,0.0,0.0,0.0,200.0,37.2118046780445,2,1,3,2,4,0.1088,0.0136,0.0487,0.0026,0.2485,47
1662499.9999999995,0.0,0.0,0.0,175.0,17.4717437310338,3,0,7,0,0,0.5837,0.0121,0.1525,0.2494,1.4727,20
1904000.0,0.0,0.0,0.0,100.0,24.0317131048872,2,0,4,0,0,0.119,0.0092,0.0505,0.0034,0.6701,19
1887705.0,0.0,0.0,0.0,104.0,24.2594962713231,0,1,7,2,0,0.2257,0.001,0.0441,0.0,0.3048,-1
4800000.0,0.0,0.0,0.0,173.0,26.1110877080702,0,0,1,0,1,0.5438,0.0007,0.3241,0.0006,0.6486,17
4000000.0,0.0,0.0,0.0,150.0,12.1965796701453,0,0,1,0,0,0.5837,0.0121,0.1525,0.2494,1.4727,20
2850000.0,0.0,0.0,0.0,100.0,10.6740575358095,11,0,2,1,0,0.3407,0.0132,0.703,0.0155,1.4269,38
1800000.0,0.0,0.0,0.0,200.0,23.2414747936218,1,0,4,0,0,0.2257,0.001,0.0441,0.0,0.3048,9
1663200.0,0.0,0.0,0.0,189.0,19.8751469191544,0,0,1,0,0,0.5837,0.0121,0.1525,0.2494,1.4727,20
1628000.0,0.0,0.0,0.0,148.0,16.9262590606618,0,0,6,0,0,0.5837,0.0121,0.1525,0.2494,1.4727,20
4800000.0,0.0,0.0,0.0,173.0,27.0550789815397,0,0,1,0,0,0.5438,0.0007,0.3241,0.0006,0.6486,17
1560000.0,0.0,0.0,0.0,50.0,10.6740575358095,11,0,2,1,0,0.3407,0.0132,0.703,0.0155,1.4269,38
1765000.0,0.0,0.0,0.0,50.0,10.6740575358095,11,0,2,1,0,0.3407,0.0132,0.703,0.0155,1.4269,38
1650000.0,0.0,0.0,0.0,50.0,10.6740575358095,11,0,2,1,0,0.3407,0.0132,0.703,0.0155,1.4269,38
1824000.0,0.0,0.0,0.0,50.0,5.51114431804865,0,1,7,0,0,0.254,0.0116,0.2906,0.0843,1.043,48
1976000.0,0.0,0.0,0.0,152.0,19.055042990076,18,0,11,0,0,0.5837,0.0121,0.1525,0.2494,1.4727,36
1000000.0,0.0,0.0,0.0,40.0,8.07513000588989,5,0,3,0,6,0.254,0.0116,0.2906,0.0843,1.043,39
1765000.0,0.0,0.0,0.0,50.0,10.6740575358095,11,0,2,1,0,0.3407,0.0132,0.703,0.0155,1.4269,38
1083000.0,0.0,0.0,0.0,50.0,13.9338351667116,8,0,6,0,0,0.3407,0.0132,0.703,0.0155,1.4269,49
3988000.0,0.0,0.0,0.0,120.0,25.1629703948562,17,0,8,4,1,0.5438,0.0007,0.3241,0.0006,0.6486,21
3893000.0,0.0,0.0,0.0,100.0,25.1629703948562,17,0,8,4,1,0.5438,0.0007,0.3241,0.0006,0.6486,21
1212000.0,0.0,0.0,0.0,202.0,33.9140052945325,0,0,1,0,0,0.0734,0.0008,0.0158,0.0076,0.2389,9
2500000.0,0.0,0.0,0.0,180.0,22.4871737866629,11,0,7,0,0,0.5438,0.0007,0.3241,0.0006,0.6486,-1
5740000.0,0.0,0.0,0.0,55.0,1.24427416931009,9,1,20,0,3,0.3538,0.0121,0.1372,0.0301,0.947,-1
6456000.0,0.0,0.0,0.0,240.0,40.3785718386616,0,0,2,0,0,0.1088,0.0136,0.0487,0.0026,0.2485,9
1046500.0,0.0,0.0,0.0,161.0,33.9370485134506,0,0,1,0,0,0.6885,0.0,0.0578,0.0008,1.3152,8
1950000.0,0.0,0.0,0.0,195.0,19.7659485925217,12,1,0,0,0,0.5837,0.0121,0.1525,0.2494,1.4727,27
1550000.0,0.0,0.0,0.0,50.0,10.6740575358095,11,0,2,1,0,0.3407,0.0132,0.703,0.0155,1.4269,38
1560000.0,0.0,0.0,0.0,140.0,10.6740575358095,11,0,2,1,0,0.3407,0.0132,0.703,0.0155,1.4269,38
1680000.0,0.0,0.0,0.0,89.0,10.6740575358095,11,0,2,1,0,0.3407,0.0132,0.703,0.0155,1.4269,38
1620000.0,0.0,0.0,0.0,62.0,10.6740575358095,11,0,2,1,0,0.3407,0.0132,0.703,0.0155,1.4269,38
1280000.0,0.0,0.0,0.0,40.0,10.6740575358095,11,0,2,1,0,0.3407,0.0132,0.703,0.0155,1.4269,38
1508000.0,0.0,0.0,0.0,50.0,10.6740575358095,11,0,2,1,0,0.3407,0.0132,0.703,0.0155,1.4269,38
1765000.0,0.0,0.0,0.0,50.0,10.6740575358095,11,0,2,1,0,0.3407,0.0132,0.703,0.0155,1.4269,38
5500000.0,0.0,0.0,0.0,203.0,17.4263378861759,3,0,8,0,0,0.5837,0.0121,0.1525,0.2494,1.4727,20
3300000.0,0.0,0.0,0.0,132.0,14.6402542171749,0,0,2,0,0,0.3407,0.0132,0.703,0.0155,1.4269,14
3224999.9999999995,0.0,0.0,0.0,215.0,37.2118046780445,2,1,3,2,4,0.1088,0.0136,0.0487,0.0026,0.2485,47
4800000.0,0.0,0.0,0.0,173.0,26.1110877080702,0,0,1,0,1,0.5438,0.0007,0.3241,0.0006,0.6486,17
3000000.0,0.0,0.0,0.0,150.0,37.6916461629247,2,2,3,2,4,0.1088,0.0136,0.0487,0.0026,0.2485,24
4169000.0,0.0,0.0,0.0,130.0,10.1429211398852,2,0,3,0,1,0.254,0.0116,0.2906,0.0843,1.043,10
2245100.0,0.0,0.0,0.0,157.0,27.5790192996133,0,0,0,0,0,0.0734,0.0008,0.0158,0.0076,0.2389,9
1006800.0,0.0,0.0,0.0,103.0,17.2167911115615,1,0,1,0,0,0.3407,0.0132,0.703,0.0155,1.4269,14
5166000.000000001,0.0,0.0,0.0,88.0,1.24427416931009,9,1,20,0,3,0.3538,0.0121,0.1372,0.0301,0.947,-1
1530000.0,0.0,0.0,0.0,153.0,16.8426333354742,16,2,5,1,18,0.0141,0.2089,0.0335,0.0034,0.0981,-1
1275000.0,0.0,0.0,0.0,150.0,36.9301537896595,0,0,2,0,0,0.4558,0.0,0.0527,0.0,1.3514,15
2384999.9999999995,0.0,0.0,0.0,150.0,42.5688392787028,0,0,0,0,0,0.1218,0.0016,0.0136,0.0152,0.2777,9
7000000.0,0.0,0.0,0.0,182.0,10.0544559272852,0,0,2,0,0,0.3407,0.0132,0.703,0.0155,1.4269,14
5000000.0,0.0,0.0,0.0,200.0,37.5736740624449,2,2,1,2,4,0.1088,0.0136,0.0487,0.0026,0.2485,24
1915000.0,0.0,0.0,0.0,100.0,24.0317131048872,2,0,4,0,0,0.119,0.0092,0.0505,0.0034,0.6701,19
1661000.0,0.0,0.0,0.0,151.0,19.7659485925217,12,1,0,0,0,0.5837,0.0121,0.1525,0.2494,1.4727,27
2300000.0,0.0,0.0,0.0,97.0,37.1022594958161,1,0,2,0,1,0.1088,0.0136,0.0487,0.0026,0.2485,9
5800000.0,0.0,0.0,0.0,207.0,26.1110877080702,0,0,1,0,1,0.5438,0.0007,0.3241,0.0006,0.6486,17
1500000.0,0.0,0.0,0.0,120.0,17.1841252193878,11,0,1,0,0,0.0141,0.2089,0.0335,0.0034,0.0981,40
5000000.0,0.0,0.0,0.0,192.0,17.4263378861759,3,0,8,0,0,0.5837,0.0121,0.1525,0.2494,1.4727,20
1760000.0,0.0,0.0,0.0,244.0,40.90884504313,0,0,0,0,0,0.1218,0.0016,0.0136,0.0152,0.2777,9
2338291.0,0.0,0.0,0.0,77.0,21.0546683822257,4,0,0,0,0,0.7907,0.0009,0.9584,0.035,0.4702,26
21080000.000000004,0.0,0.0,0.0,248.0,9.45685746964893,3,0,3,1,1,0.3538,0.0121,0.1372,0.0301,0.947,29
225397.0,0.0,0.0,0.0,2.5,3.74428308696831,4,1,5,1,2,0.3538,0.0121,0.1372,0.0301,0.947,-1
1700000.0,0.0,0.0,0.0,250.0,40.8240586743211,0,0,1,0,0,0.1218,0.0016,0.0136,0.0152,0.2777,9
3000000.0,0.0,0.0,0.0,230.0,15.2105601369867,25,0,23,9,1,0.5837,0.0121,0.1525,0.2494,1.4727,42
1708000.0,0.0,0.0,0.0,244.0,40.90884504313,0,0,0,0,0,0.1218,0.0016,0.0136,0.0152,0.2777,9
160000000.0,0.0,0.0,0.0,100.0,13.2835905668804,5,0,0,0,1,0.5837,0.0121,0.1525,0.2494,1.4727,20
2448000.0,0.0,0.0,0.0,204.0,42.5688392787028,0,0,0,0,0,0.1218,0.0016,0.0136,0.0152,0.2777,9
4500000.0,0.0,0.0,0.0,0.0,1.48865337685046,0,0,14,1,0,0.3538,0.0121,0.1372,0.0301,0.947,-1
900000.0,0.0,0.0,0.0,200.0,34.1594254224052,0,0,0,0,0,0.4236,0.0,0.0544,0.0,0.506,34
7457999.999999998,0.0,0.0,0.0,226.0,26.1110877080702,0,0,1,0,1,0.5438,0.0007,0.3241,0.0006,0.6486,17
575000.0,0.0,0.0,0.0,50.0,21.0648341732336,11,0,3,0,0,0.5837,0.0121,0.1525,0.2494,1.4727,-1
1915000.0,0.0,0.0,0.0,100.0,24.0317131048872,2,0,4,0,0,0.119,0.0092,0.0505,0.0034,0.6701,19
5520000.0,0.0,0.0,0.0,240.0,17.877232859216,7,0,1,0,0,0.7907,0.0009,0.9584,0.035,0.4702,26
1588608.0,0.0,0.0,0.0,36.0,16.7073477839803,1,0,2,0,0,0.3407,0.0132,0.703,0.0155,1.4269,14
3000000.0,0.0,0.0,0.0,121.0,7.06817227450536,10,1,9,2,3,0.3538,0.0121,0.1372,0.0301,0.947,35
1023360.0,0.0,0.0,0.0,80.0,27.1410210734036,0,0,2,0,1,0.2257,0.001,0.0441,0.0,0.3048,9
5900000.0,0.0,0.0,0.0,240.0,17.877232859216,7,0,1,0,0,0.7907,0.0009,0.9584,0.035,0.4702,26
35060.0,0.0,0.0,0.0,30.0,28.2182569971985,0,0,6,0,0,0.6885,0.0,0.0578,0.0008,1.3152,8
3570000.0,0.0,0.0,0.0,238.0,40.1958507530222,0,0,3,0,0,0.1088,0.0136,0.0487,0.0026,0.2485,9
5000000.0,0.0,0.0,0.0,200.0,11.3321183076191,0,0,0,0,0,0.3407,0.0132,0.703,0.0155,1.4269,14
4000000.0,0.0,0.0,0.0,249.0,35.7123582293428,0,0,2,0,0,0.1088,0.0136,0.0487,0.0026,0.2485,9
5054000.000000001,0.0,0.0,0.0,133.0,7.97244707812433,0,0,0,1,0,0.3124,0.0012,0.1131,0.0053,0.3589,37
3570000.0,0.0,0.0,0.0,238.0,40.1958507530222,0,0,3,0,0,0.1088,0.0136,0.0487,0.0026,0.2485,9
7440000.0,0.0,0.0,0.0,240.0,17.877232859216,7,0,1,0,0,0.7907,0.0009,0.9584,0.035,0.4702,26
1915900.0,0.0,0.0,0.0,100.0,24.0317131048872,2,0,4,0,0,0.119,0.0092,0.0505,0.0034,0.6701,19
1800000.0,0.0,0.0,0.0,244.0,40.90884504313,0,0,0,0,0,0.1218,0.0016,0.0136,0.0152,0.2777,9
2600000.0,0.0,0.0,0.0,201.0,34.203573037031,2,0,5,1,0,0.5438,0.0007,0.3241,0.0006,0.6486,50
1900000.0,0.0,0.0,0.0,144.0,27.1174616049863,1,0,2,0,0,0.5438,0.0007,0.3241,0.0006,0.6486,17
2867000.0000000005,0.0,0.0,0.0,88.0,7.33496461344885,0,0,1,1,0,0.254,0.0116,0.2906,0.0843,1.043,-1
17085000.0,0.0,0.0,0.0,201.0,9.45685746964893,3,0,3,1,1,0.3538,0.0121,0.1372,0.0301,0.947,29
2100000.0,0.0,0.0,0.0,200.0,39.1732617547246,0,0,1,0,0,0.1218,0.0016,0.0136,0.0152,0.2777,9
1375000.0,0.0,0.0,0.0,250.0,39.7138541494409,0,0,0,0,0,0.1218,0.0016,0.0136,0.0152,0.2777,9
1100000.0,0.0,0.0,0.0,200.0,39.7138541494409,0,0,0,0,0,0.1218,0.0016,0.0136,0.0152,0.2777,9
1785000.0,0.0,0.0,0.0,210.0,29.393218917082,0,0,1,0,0,0.5438,0.0007,0.3241,0.0006,0.6486,17
1160000.0,0.0,0.0,0.0,200.0,35.0378741716992,0,0,1,0,0,0.4558,0.0,0.0527,0.0,1.3514,15
2160000.0,0.0,0.0,0.0,144.0,2.26455096515674,11,1,19,1,4,0.3538,0.0121,0.1372,0.0301,0.947,-1
1080000.0,0.0,0.0,0.0,150.0,35.0272093805481,0,0,1,0,0,0.4558,0.0,0.0527,0.0,1.3514,15
1100000.0,0.0,0.0,0.0,200.0,39.7138541494409,0,0,0,0,0,0.1218,0.0016,0.0136,0.0152,0.2777,9
1095000.0,0.0,0.0,0.0,150.0,27.1174616049863,1,0,2,0,0,0.5438,0.0007,0.3241,0.0006,0.6486,17
1080000.0,0.0,0.0,0.0,150.0,37.4888240456455,0,0,5,1,0,0.1218,0.0016,0.0136,0.0152,0.2777,9
2400000.0,0.0,0.0,0.0,210.0,13.9338351667116,8,0,6,0,0,0.3407,0.0132,0.703,0.0155,1.4269,49
4500000.0,0.0,0.0,0.0,92.0,4.48341829644017,1,0,4,1,0,0.3538,0.0121,0.1372,0.0301,0.947,29
1400000.0,0.0,0.0,0.0,200.0,41.9590714515421,0,0,0,0,0,0.1218,0.0016,0.0136,0.0152,0.2777,9
1125000.0,0.0,0.0,0.0,250.0,38.5727046946978,0,0,0,0,0,0.1613,0.0,0.015,0.0007,0.3402,9
1400000.0,0.0,0.0,0.0,200.0,41.9590714515421,0,0,0,0,0,0.1218,0.0016,0.0136,0.0152,0.2777,9
1100000.0,0.0,0.0,0.0,200.0,37.9305978440548,0,0,0,0,0,0.1218,0.0016,0.0136,0.0152,0.2777,9
8565000.0,0.0,0.0,0.0,196.0,7.15063703710649,10,0,8,1,1,0.3538,0.0121,0.1372,0.0301,0.947,-1
2160000.0,0.0,0.0,0.0,180.0,41.0392922991833,2,0,1,0,0,0.1088,0.0136,0.0487,0.0026,0.2485,9
4800000.0,0.0,0.0,0.0,173.0,27.0550789815397,0,0,1,0,0,0.5438,0.0007,0.3241,0.0006,0.6486,17
2733400.0000000005,0.0,0.0,0.0,43.92,17.4717437310338,3,0,7,0,0,0.5837,0.0121,0.1525,0.2494,1.4727,20
1900800.0,0.0,0.0,0.0,192.0,7.39987046487849,2,1,3,1,2,0.3124,0.0012,0.1131,0.0053,0.3589,45
1600000.0,0.0,0.0,0.0,80.0,10.0544559272852,0,0,2,0,0,0.3407,0.0132,0.703,0.0155,1.4269,14
1210000.0,0.0,0.0,0.0,220.0,20.573729029727,0,0,2,0,0,0.3407,0.0132,0.703,0.0155,1.4269,14
1006800.0,0.0,0.0,0.0,103.0,16.7073477839803,1,0,2,0,0,0.3407,0.0132,0.703,0.0155,1.4269,14
1224000.0,0.0,0.0,0.0,153.0,18.9911795198585,4,2,2,2,0,0.3407,0.0132,0.703,0.0155,1.4269,18
1896000.0,0.0,0.0,0.0,158.0,23.4233384568079,0,0,1,2,0,0.5438,0.0007,0.3241,0.0006,0.6486,22
2480999.9999999995,0.0,0.0,0.0,96.0,16.875707431962,14,0,7,1,0,0.3407,0.0132,0.703,0.0155,1.4269,32
3000000.0,0.0,0.0,0.0,142.0,17.7424845596666,3,0,5,0,0,0.1307,0.0011,0.0418,0.0228,0.3339,-1
4500000.0,0.0,0.0,0.0,90.0,19.7659485925217,12,1,0,0,0,0.5837,0.0121,0.1525,0.2494,1.4727,27
3192000.0,0.0,0.0,0.0,99.0,16.875707431962,14,0,7,1,0,0.3407,0.0132,0.703,0.0155,1.4269,32
3581500.0,0.0,0.0,0.0,247.0,38.3625995008505,4,2,0,1,3,0.1088,0.0136,0.0487,0.0026,0.2485,-1
6500000.0,0.0,0.0,0.0,206.0,17.1841252193878,11,0,1,0,0,0.0141,0.2089,0.0335,0.0034,0.0981,40
2508999.9999999995,0.0,0.0,0.0,118.0,5.43300716180562,0,1,7,0,0,0.254,0.0116,0.2906,0.0843,1.043,48
115900.0,0.0,0.0,0.0,1.0,28.0240969241861,2,0,4,0,1,0.5438,0.0007,0.3241,0.0006,0.6486,17
713600.0,0.0,0.0,0.0,73.0,16.7073477839803,1,0,2,0,0,0.3407,0.0132,0.703,0.0155,1.4269,14
870000.0,0.0,0.0,0.0,150.0,35.0378741716992,0,0,1,0,0,0.4558,0.0,0.0527,0.0,1.3514,15
6363000.0,0.0,0.0,0.0,240.0,22.6736113657936,0,0,2,0,0,0.119,0.0092,0.0505,0.0034,0.6701,19
6363000.0,0.0,0.0,0.0,240.0,22.6736113657936,0,0,2,0,0,0.119,0.0092,0.0505,0.0034,0.6701,19
870000.0,0.0,0.0,0.0,150.0,35.0378741716992,0,0,1,0,0,0.4558,0.0,0.0527,0.0,1.3514,15
1800000.0,0.0,0.0,0.0,150.0,36.3070263709476,0,0,2,0,0,0.6885,0.0,0.0578,0.0008,1.3152,8
5870000.000000001,0.0,0.0,0.0,208.0,7.97244707812433,0,0,0,1,0,0.3124,0.0012,0.1131,0.0053,0.3589,37
1084000.0,0.0,0.0,0.0,126.0,20.6218992444867,0,0,9,1,0,0.119,0.0092,0.0505,0.0034,0.6701,23
3120000.0,0.0,0.0,0.0,240.0,37.5736740624449,2,2,1,2,4,0.1088,0.0136,0.0487,0.0026,0.2485,24
3948000.0,0.0,0.0,0.0,188.0,2.54638450746131,2,0,0,0,0,0.3538,0.0121,0.1372,0.0301,0.947,51
3289500.0,0.0,0.0,0.0,153.0,4.48341829644017,1,0,4,1,0,0.3538,0.0121,0.1372,0.0301,0.947,29
3402000.0,0.0,0.0,0.0,243.0,39.1098656562039,0,0,4,0,0,0.1088,0.0136,0.0487,0.0026,0.2485,9
2000000.0,0.0,0.0,0.0,120.0,35.0378741716992,0,0,1,0,0,0.4558,0.0,0.0527,0.0,1.3514,15
2200000.0,0.0,0.0,0.0,200.0,12.655106407525,4,0,1,0,0,0.3407,0.0132,0.703,0.0155,1.4269,14
4281000.0,0.0,0.0,0.0,125.0,18.4137582278993,1,0,1,1,0,1.2716,0.0014,0.1551,0.0274,1.3626,12
2850000.0,0.0,0.0,0.0,190.0,38.3625995008505,4,2,0,1,3,0.1088,0.0136,0.0487,0.0026,0.2485,-1
3528999.9999999995,0.0,0.0,0.0,99.5,5.19336427601247,0,0,13,0,1,0.254,0.0116,0.2906,0.0843,1.043,31
6363000.0,0.0,0.0,0.0,240.0,22.6736113657936,0,0,2,0,0,0.119,0.0092,0.0505,0.0034,0.6701,19
4500000.0,0.0,0.0,0.0,240.0,37.4981280658715,0,0,2,0,0,0.1088,0.0136,0.0487,0.0026,0.2485,9
3346000.0,0.0,0.0,0.0,239.0,39.1098656562039,0,0,4,0,0,0.1088,0.0136,0.0487,0.0026,0.2485,9
2775000.0000000005,0.0,0.0,0.0,175.0,10.4671403045144,19,1,13,1,4,0.254,0.0116,0.2906,0.0843,1.043,-1
3300000.0,0.0,0.0,0.0,200.0,8.74056370943242,6,0,17,1,5,0.254,0.0116,0.2906,0.0843,1.043,52
6363000.0,0.0,0.0,0.0,240.0,22.6736113657936,0,0,2,0,0,0.119,0.0092,0.0505,0.0034,0.6701,19
6363000.0,0.0,0.0,0.0,240.0,22.6736113657936,0,0,2,0,0,0.119,0.0092,0.0505,0.0034,0.6701,19
6363000.0,0.0,0.0,0.0,240.0,22.6736113657936,0,0,2,0,0,0.119,0.0092,0.0505,0.0034,0.6701,19
11303400.0,0.0,0.0,0.0,172.0,11.3231642434751,0,1,6,1,0,0.169,0.0006,0.0934,0.0181,0.3365,-1
2875000.0000000005,0.0,0.0,0.0,250.0,38.4207214825189,0,0,3,0,0,0.1088,0.0136,0.0487,0.0026,0.2485,9
1125000.0,0.0,0.0,0.0,105.0,35.0231756679732,0,0,3,0,0,0.5438,0.0007,0.3241,0.0006,0.6486,17
2442000.0,0.0,0.0,0.0,188.0,19.7659485925217,12,1,0,0,0,0.5837,0.0121,0.1525,0.2494,1.4727,27
3400000.0,0.0,0.0,0.0,120.0,9.89644209220792,2,0,1,0,0,0.3407,0.0132,0.703,0.0155,1.4269,14
2605500.0,0.0,0.0,0.0,193.0,26.1110877080702,0,0,1,0,1,0.5438,0.0007,0.3241,0.0006,0.6486,17
6363000.0,0.0,0.0,0.0,240.0,22.6736113657936,0,0,2,0,0,0.119,0.0092,0.0505,0.0034,0.6701,19
6363000.0,0.0,0.0,0.0,240.0,22.6736113657936,0,0,2,0,0,0.119,0.0092,0.0505,0.0034,0.6701,19
3000000.0,0.0,0.0,0.0,200.0,9.85689174605433,15,1,7,1,5,0.254,0.0116,0.2906,0.0843,1.043,53
2087000.0,0.0,0.0,0.0,114.0,16.3588255087719,9,1,6,0,0,0.3407,0.0132,0.703,0.0155,1.4269,-1
1700000.0,0.0,0.0,0.0,132.0,16.7073477839803,1,0,2,0,0,0.3407,0.0132,0.703,0.0155,1.4269,14
2000000.0,0.0,0.0,0.0,169.0,16.7073477839803,1,0,2,0,0,0.3407,0.0132,0.703,0.0155,1.4269,14
1700000.0,0.0,0.0,0.0,48.0,5.51114431804865,0,1,7,0,0,0.254,0.0116,0.2906,0.0843,1.043,48
2000000.0,0.0,0.0,0.0,195.0,19.7659485925217,12,1,0,0,0,0.5837,0.0121,0.1525,0.2494,1.4727,27
7720100.0,0.0,0.0,0.0,210.0,3.35015536877603,5,2,2,0,2,0.3538,0.0121,0.1372,0.0301,0.947,-1
664200.0,0.0,0.0,0.0,54.0,18.9911795198585,4,2,2,2,0,0.3407,0.0132,0.703,0.0155,1.4269,18
860000.0,0.0,0.0,0.0,200.0,28.8555025546615,0,0,1,0,0,0.0734,0.0008,0.0158,0.0076,0.2389,9
2688750.0,0.0,0.0,0.0,67.5,11.9219400624832,6,0,4,1,0,0.3407,0.0132,0.703,0.0155,1.4269,-1
2360000.0,0.0,0.0,0.0,50.0,19.7659485925217,12,1,0,0,0,0.5837,0.0121,0.1525,0.2494,1.4727,27
1980000.0,0.0,0.0,0.0,165.0,23.4233384568079,0,0,1,2,0,0.5438,0.0007,0.3241,0.0006,0.6486,22
1256000.0,0.0,0.0,0.0,157.0,18.9911795198585,4,2,2,2,0,0.3407,0.0132,0.703,0.0155,1.4269,18
5230000.000000001,0.0,0.0,0.0,110.0,21.0546683822257,4,0,0,0,0,0.7907,0.0009,0.9584,0.035,0.4702,26
5929999.999999999,0.0,0.0,0.0,208.0,7.97244707812433,0,0,0,1,0,0.3124,0.0012,0.1131,0.0053,0.3589,37
4800000.0,0.0,0.0,0.0,173.0,26.1110877080702,0,0,1,0,1,0.5438,0.0007,0.3241,0.0006,0.6486,17
1032000.0,0.0,0.0,0.0,126.0,20.6218992444867,0,0,9,1,0,0.119,0.0092,0.0505,0.0034,0.6701,23
1980000.0,0.0,0.0,0.0,180.0,20.9798021356986,0,0,0,0,0,0.5837,0.0121,0.1525,0.2494,1.4727,20
2000000.0,0.0,0.0,0.0,149.0,19.7659485925217,12,1,0,0,0,0.5837,0.0121,0.1525,0.2494,1.4727,27
1487500.0000000002,0.0,0.0,0.0,175.0,12.504161353757,1,0,5,0,1,0.5837,0.0121,0.1525,0.2494,1.4727,20
1540000.0,0.0,0.0,0.0,200.0,20.0223421407022,0,0,2,0,0,0.5837,0.0121,0.1525,0.2494,1.4727,20
1080000.0,0.0,0.0,0.0,120.0,20.6218992444867,0,0,9,1,0,0.119,0.0092,0.0505,0.0034,0.6701,23
7350000.000000002,0.0,0.0,0.0,150.0,8.50515694452222,3,0,10,0,0,0.254,0.0116,0.2906,0.0843,1.043,31
5038000.000000001,0.0,0.0,0.0,74.0,8.16431988813138,4,2,7,1,2,0.3124,0.0012,0.1131,0.0053,0.3589,-1
1680000.0,0.0,0.0,0.0,56.0,9.98437211670524,15,0,3,0,0,0.3407,0.0132,0.703,0.0155,1.4269,-1
14627999.999999998,0.0,0.0,0.0,183.0,9.16683729055828,3,0,4,0,2,0.3538,0.0121,0.1372,0.0301,0.947,54
2194000.0,0.0,0.0,0.0,82.0,14.8502254651859,0,0,1,0,0,0.254,0.0116,0.2906,0.0843,1.043,10
1764000.0,0.0,0.0,0.0,147.0,20.6218992444867,0,0,9,1,0,0.119,0.0092,0.0505,0.0034,0.6701,23
3400000.0,0.0,0.0,0.0,188.0,7.06817227450536,10,1,9,2,3,0.3538,0.0121,0.1372,0.0301,0.947,35
6089999.999999999,0.0,0.0,0.0,203.0,25.4715324811589,0,0,1,0,1,0.5438,0.0007,0.3241,0.0006,0.6486,17
2130000.0,0.0,0.0,0.0,130.4,5.55838205042449,0,0,10,0,1,0.254,0.0116,0.2906,0.0843,1.043,31
1072000.0,0.0,0.0,0.0,60.0,30.5800389185046,0,0,1,2,0,0.6885,0.0,0.0578,0.0008,1.3152,55
1248000.0,0.0,0.0,0.0,156.0,29.7258434061065,0,0,2,0,0,0.5438,0.0007,0.3241,0.0006,0.6486,17
1500000.0,0.0,0.0,0.0,100.0,14.0265999105002,0,0,0,0,0,0.3407,0.0132,0.703,0.0155,1.4269,14
11299999.999999998,0.0,0.0,0.0,211.0,4.32900554481097,4,2,4,1,2,0.3538,0.0121,0.1372,0.0301,0.947,13
15955280.0,0.0,0.0,0.0,240.0,13.3275219405491,13,0,6,0,0,0.0141,0.2089,0.0335,0.0034,0.0981,-1
10000000.0,0.0,0.0,0.0,231.0,10.0544559272852,0,0,2,0,0,0.3407,0.0132,0.703,0.0155,1.4269,14
6363000.0,0.0,0.0,0.0,240.0,22.6736113657936,0,0,2,0,0,0.119,0.0092,0.0505,0.0034,0.6701,19
900000.0,0.0,0.0,0.0,150.0,36.306579218684,0,0,1,1,0,0.1218,0.0016,0.0136,0.0152,0.2777,9
960000.0,0.0,0.0,0.0,120.0,32.2825130179698,0,0,2,0,0,0.6885,0.0,0.0578,0.0008,1.3152,8
1095000.0,0.0,0.0,0.0,150.0,28.3398402910932,1,0,0,0,1,0.5438,0.0007,0.3241,0.0006,0.6486,17
3159000.0000000005,0.0,0.0,0.0,243.0,39.1098656562039,0,0,4,0,0,0.1088,0.0136,0.0487,0.0026,0.2485,9
1060000.0,0.0,0.0,0.0,123.0,20.6218992444867,0,0,9,1,0,0.119,0.0092,0.0505,0.0034,0.6701,23
7500000.0,0.0,0.0,0.0,192.0,4.32900554481097,4,2,4,1,2,0.3538,0.0121,0.1372,0.0301,0.947,13
5375000.0,0.0,0.0,0.0,250.0,35.8583543833373,0,0,0,0,0,0.1088,0.0136,0.0487,0.0026,0.2485,9
4380000.0,0.0,0.0,0.0,219.0,9.45685746964893,3,0,3,1,1,0.3538,0.0121,0.1372,0.0301,0.947,29
2500000.0,0.0,0.0,0.0,150.0,8.3438041339261,5,0,13,0,2,0.254,0.0116,0.2906,0.0843,1.043,67
10499999.999999998,0.0,0.0,0.0,191.0,40.3785718386616,0,0,2,0,0,0.1088,0.0136,0.0487,0.0026,0.2485,9
1650000.0,0.0,0.0,0.0,250.0,22.7506320129991,1,0,2,0,0,0.2257,0.001,0.0441,0.0,0.3048,9
1365000.0,0.0,0.0,0.0,210.0,22.0446338445306,2,0,1,0,0,1.2716,0.0014,0.1551,0.0274,1.3626,30
1710000.0,0.0,0.0,0.0,50.0,9.98437211670524,15,0,3,0,0,0.3407,0.0132,0.703,0.0155,1.4269,-1
2644999.9999999995,0.0,0.0,0.0,50.0,9.98437211670524,15,0,3,0,0,0.3407,0.0132,0.703,0.0155,1.4269,-1
1279000.0,0.0,0.0,0.0,95.0,16.3588255087719,9,1,6,0,0,0.3407,0.0132,0.703,0.0155,1.4269,-1
2140000.0,0.0,0.0,0.0,101.31,16.875707431962,14,0,7,1,0,0.3407,0.0132,0.703,0.0155,1.4269,32
2900000.0,0.0,0.0,0.0,180.0,7.12005432065871,8,1,10,2,4,0.254,0.0116,0.2906,0.0843,1.043,-1
1650000.0,0.0,0.0,0.0,50.0,10.6740575358095,11,0,2,1,0,0.3407,0.0132,0.703,0.0155,1.4269,38
1530000.0,0.0,0.0,0.0,153.0,17.1841252193878,11,0,1,0,0,0.0141,0.2089,0.0335,0.0034,0.0981,40
11303400.0,0.0,0.0,0.0,172.0,11.3231642434751,0,1,6,1,0,0.169,0.0006,0.0934,0.0181,0.3365,-1
7300000.0,0.0,0.0,0.0,200.0,10.0544559272852,0,0,2,0,0,0.3407,0.0132,0.703,0.0155,1.4269,14
2300000.0,0.0,0.0,0.0,110.0,21.0546683822257,4,0,0,0,0,0.7907,0.0009,0.9584,0.035,0.4702,26
540000.0,0.0,0.0,0.0,60.0,33.1626046639721,0,0,6,0,0,0.5438,0.0007,0.3241,0.0006,0.6486,17
1700000.0,0.0,0.0,0.0,200.0,39.1732617547246,0,0,1,0,0,0.1218,0.0016,0.0136,0.0152,0.2777,9
3360000.0,0.0,0.0,0.0,210.0,28.3398402910932,1,0,0,0,1,0.5438,0.0007,0.3241,0.0006,0.6486,17
4320000.0,0.0,0.0,0.0,216.0,37.5736740624449,2,2,1,2,4,0.1088,0.0136,0.0487,0.0026,0.2485,24
70000.0,0.0,0.0,0.0,2.5,15.2105601369867,25,0,23,9,1,0.5837,0.0121,0.1525,0.2494,1.4727,42
1100000.0,0.0,0.0,0.0,200.0,39.3461641136034,0,0,1,0,0,0.1218,0.0016,0.0136,0.0152,0.2777,9
3300000.0,0.0,0.0,0.0,204.0,12.1965796701453,0,0,1,0,0,0.5837,0.0121,0.1525,0.2494,1.4727,20
1012500.0,0.0,0.0,0.0,150.0,34.4164128279281,0,0,5,0,0,0.5438,0.0007,0.3241,0.0006,0.6486,17
3222599.9999999995,0.0,0.0,0.0,246.0,38.4207214825189,0,0,3,0,0,0.1088,0.0136,0.0487,0.0026,0.2485,9
4500000.0,0.0,0.0,0.0,250.0,41.8902472037219,0,0,1,0,0,0.1218,0.0016,0.0136,0.0152,0.2777,9
5700000.0,0.0,0.0,0.0,150.0,7.15063703710649,10,0,8,1,1,0.3538,0.0121,0.1372,0.0301,0.947,-1
2260000.0,0.0,0.0,0.0,200.0,29.9318106397125,3,1,3,0,0,0.5438,0.0007,0.3241,0.0006,0.6486,-1
4000000.0,0.0,0.0,0.0,150.0,12.1965796701453,0,0,1,0,0,0.5837,0.0121,0.1525,0.2494,1.4727,20
4000000.0,0.0,0.0,0.0,190.0,36.8096328108511,0,0,6,0,0,0.1088,0.0136,0.0487,0.0026,0.2485,9
2250000.0,0.0,0.0,0.0,150.0,9.06936834943605,9,0,17,1,4,0.254,0.0116,0.2906,0.0843,1.043,52
1147500.0,0.0,0.0,0.0,153.0,33.9370485134506,0,0,1,0,0,0.6885,0.0,0.0578,0.0008,1.3152,8
1450000.0,0.0,0.0,0.0,250.0,32.5198513171604,0,0,2,0,0,0.0734,0.0008,0.0158,0.0076,0.2389,9
870000.0,0.0,0.0,0.0,150.0,35.0378741716992,0,0,1,0,0,0.4558,0.0,0.0527,0.0,1.3514,15
1095000.0,0.0,0.0,0.0,150.0,27.1174616049863,1,0,2,0,0,0.5438,0.0007,0.3241,0.0006,0.6486,17
960000.0,0.0,0.0,0.0,120.0,32.2825130179698,0,0,2,0,0,0.6885,0.0,0.0578,0.0008,1.3152,8
2500000.0,0.0,0.0,0.0,150.0,7.06817227450536,10,1,9,2,3,0.3538,0.0121,0.1372,0.0301,0.947,35
870000.0,0.0,0.0,0.0,150.0,35.0378741716992,0,0,1,0,0,0.4558,0.0,0.0527,0.0,1.3514,15
960000.0,0.0,0.0,0.0,120.0,32.2825130179698,0,0,2,0,0,0.6885,0.0,0.0578,0.0008,1.3152,8
870000.0,0.0,0.0,0.0,150.0,35.0378741716992,0,0,1,0,0,0.4558,0.0,0.0527,0.0,1.3514,15
960000.0,0.0,0.0,0.0,120.0,32.2825130179698,0,0,2,0,0,0.6885,0.0,0.0578,0.0008,1.3152,8
900000.0,0.0,0.0,0.0,150.0,35.0378741716992,0,0,1,0,0,0.4558,0.0,0.0527,0.0,1.3514,15
3690000.0,0.0,0.0,0.0,246.0,23.4233384568079,0,0,1,2,0,0.5438,0.0007,0.3241,0.0006,0.6486,22
19095000.0,0.0,0.0,0.0,201.0,9.45685746964893,3,0,3,1,1,0.3538,0.0121,0.1372,0.0301,0.947,29
1950000.0,0.0,0.0,0.0,130.0,16.875707431962,14,0,7,1,0,0.3407,0.0132,0.703,0.0155,1.4269,32
3600000.0,0.0,0.0,0.0,240.0,23.2384291828966,0,0,1,0,0,0.2257,0.001,0.0441,0.0,0.3048,9
833000.0,0.0,0.0,0.0,119.0,15.2105601369867,25,0,23,9,1,0.5837,0.0121,0.1525,0.2494,1.4727,42
1700000.0,0.0,0.0,0.0,200.0,39.1732617547246,0,0,1,0,0,0.1218,0.0016,0.0136,0.0152,0.2777,9
2137500.0,0.0,0.0,0.0,171.0,28.3398402910932,1,0,0,0,1,0.5438,0.0007,0.3241,0.0006,0.6486,17
3375000.0000000005,0.0,0.0,0.0,225.0,5.00002994721828,2,2,9,0,0,0.3538,0.0121,0.1372,0.0301,0.947,-1
2520000.0,0.0,0.0,0.0,180.0,23.4233384568079,0,0,1,2,0,0.5438,0.0007,0.3241,0.0006,0.6486,22
2352000.0,0.0,0.0,0.0,196.0,23.4233384568079,0,0,1,2,0,0.5438,0.0007,0.3241,0.0006,0.6486,22
10305000.0,0.0,0.0,0.0,229.0,26.1110877080702,0,0,1,0,1,0.5438,0.0007,0.3241,0.0006,0.6486,17
1400000.0,0.0,0.0,0.0,150.0,12.504161353757,1,0,5,0,1,0.5837,0.0121,0.1525,0.2494,1.4727,20
960000.0,0.0,0.0,0.0,120.0,32.2825130179698,0,0,2,0,0,0.6885,0.0,0.0578,0.0008,1.3152,8
3000000.0,0.0,0.0,0.0,157.0,10.0544559272852,0,0,2,0,0,0.3407,0.0132,0.703,0.0155,1.4269,14
870000.0,0.0,0.0,0.0,150.0,35.0378741716992,0,0,1,0,0,0.4558,0.0,0.0527,0.0,1.3514,15
960000.0,0.0,0.0,0.0,120.0,32.2825130179698,0,0,2,0,0,0.6885,0.0,0.0578,0.0008,1.3152,8
870000.0,0.0,0.0,0.0,150.0,35.8988666962895,0,0,3,0,0,0.4558,0.0,0.0527,0.0,1.3514,15
4880000.0,0.0,0.0,0.0,160.0,7.06817227450536,10,1,9,2,3,0.3538,0.0121,0.1372,0.0301,0.947,35
4323865.0,0.0,0.0,0.0,240.0,37.5736740624449,2,2,1,2,4,0.1088,0.0136,0.0487,0.0026,0.2485,24
600000.0,0.0,0.0,0.0,200.0,37.3267162936444,0,0,2,0,0,0.1613,0.0,0.015,0.0007,0.3402,9
7000000.0,0.0,0.0,0.0,243.0,17.877232859216,7,0,1,0,0,0.7907,0.0009,0.9584,0.035,0.4702,26
5320000.0,0.0,0.0,0.0,187.0,10.0544559272852,0,0,2,0,0,0.3407,0.0132,0.703,0.0155,1.4269,14
80000.0,0.0,0.0,0.0,2.0,19.4349104835888,3,1,1,2,0,0.3407,0.0132,0.703,0.0155,1.4269,-1
870000.0,0.0,0.0,0.0,150.0,35.0378741716992,0,0,1,0,0,0.4558,0.0,0.0527,0.0,1.3514,15
6500000.0,0.0,0.0,0.0,240.0,26.1110877080702,0,0,1,0,1,0.5438,0.0007,0.3241,0.0006,0.6486,17
3212999.9999999995,0.0,0.0,0.0,153.0,2.54638450746131,2,0,0,0,0,0.3538,0.0121,0.1372,0.0301,0.947,51
3775078.13,0.0,0.0,0.0,125.0,14.4998298722405,0,0,4,1,0,1.2716,0.0014,0.1551,0.0274,1.3626,12
870000.0,0.0,0.0,0.0,150.0,35.0378741716992,0,0,1,0,0,0.4558,0.0,0.0527,0.0,1.3514,15
1375000.0,0.0,0.0,0.0,250.0,27.0175284004612,0,0,1,0,0,0.6885,0.0,0.0578,0.0008,1.3152,8
1700000.0,0.0,0.0,0.0,200.0,19.0664865082673,0,0,2,0,0,0.1218,0.0016,0.0136,0.0152,0.2777,9
6500000.0,0.0,0.0,0.0,240.0,17.877232859216,7,0,1,0,0,0.7907,0.0009,0.9584,0.035,0.4702,26
2250000.0,0.0,0.0,0.0,144.0,2.54638450746131,2,0,0,0,0,0.3538,0.0121,0.1372,0.0301,0.947,51
1040000.0,0.0,0.0,0.0,200.0,39.3461641136034,0,0,1,0,0,0.1218,0.0016,0.0136,0.0152,0.2777,9
1800000.0,0.0,0.0,0.0,194.0,16.7073477839803,1,0,2,0,0,0.3407,0.0132,0.703,0.0155,1.4269,14
5934080.0,0.0,0.0,0.0,152.0,22.698437081916,0,0,3,0,0,0.1088,0.0136,0.0487,0.0026,0.2485,9
794007.0,0.0,0.0,0.0,72.0,25.083573103352,0,0,0,0,0,0.2257,0.001,0.0441,0.0,0.3048,9
2215500.0,0.0,0.0,0.0,200.0,39.1732617547246,0,0,1,0,0,0.1218,0.0016,0.0136,0.0152,0.2777,9
1100000.0,0.0,0.0,0.0,200.0,39.7138541494409,0,0,0,0,0,0.1218,0.0016,0.0136,0.0152,0.2777,9
4301000.0,0.0,0.0,0.0,187.0,19.7659485925217,12,1,0,0,0,0.5837,0.0121,0.1525,0.2494,1.4727,27
1690000.0,0.0,0.0,0.0,169.0,11.6021973071414,12,1,9,0,0,0.5837,0.0121,0.1525,0.2494,1.4727,44
6500000.0,0.0,0.0,0.0,184.0,27.0550789815397,0,0,1,0,0,0.5438,0.0007,0.3241,0.0006,0.6486,17
8836000.0,0.0,0.0,0.0,225.0,26.1110877080702,0,0,1,0,1,0.5438,0.0007,0.3241,0.0006,0.6486,17
2600000.0,0.0,0.0,0.0,200.0,33.1626046639721,0,0,6,0,0,0.5438,0.0007,0.3241,0.0006,0.6486,17
2900000.0,0.0,0.0,0.0,196.0,41.8902472037219,0,0,1,0,0,0.1218,0.0016,0.0136,0.0152,0.2777,9
9200000.0,0.0,0.0,0.0,230.0,26.1110877080702,0,0,1,0,1,0.5438,0.0007,0.3241,0.0006,0.6486,17
2700000.0,0.0,0.0,0.0,167.0,39.1902292847328,0,0,4,0,0,0.1088,0.0136,0.0487,0.0026,0.2485,9
2820000.0,0.0,0.0,0.0,141.0,19.7659485925217,12,1,0,0,0,0.5837,0.0121,0.1525,0.2494,1.4727,27
2880000.0,0.0,0.0,0.0,160.0,4.32900554481097,4,2,4,1,2,0.3538,0.0121,0.1372,0.0301,0.947,13
3150000.0,0.0,0.0,0.0,175.0,24.0317131048872,2,0,4,0,0,0.119,0.0092,0.0505,0.0034,0.6701,19
1300000.0,0.0,0.0,0.0,164.0,16.8169713053737,0,0,2,0,0,0.3407,0.0132,0.703,0.0155,1.4269,14
5000000.0,0.0,0.0,0.0,180.0,25.4715324811589,0,0,1,0,1,0.5438,0.0007,0.3241,0.0006,0.6486,17
990000.0,0.0,0.0,0.0,220.0,20.6491099338308,0,0,2,0,0,0.3407,0.0132,0.703,0.0155,1.4269,14
1100000.0,0.0,0.0,0.0,96.0,11.731474887964,11,1,6,1,0,0.5837,0.0121,0.1525,0.2494,1.4727,-1
870000.0,0.0,0.0,0.0,150.0,35.0378741716992,0,0,1,0,0,0.4558,0.0,0.0527,0.0,1.3514,15
3900000.0,0.0,0.0,0.0,240.0,40.7198696185849,3,0,1,0,1,0.1088,0.0136,0.0487,0.0026,0.2485,9
2200000.0,0.0,0.0,0.0,100.0,10.0544559272852,0,0,2,0,0,0.3407,0.0132,0.703,0.0155,1.4269,14
1800000.0,0.0,0.0,0.0,82.0,10.0544559272852,0,0,2,0,0,0.3407,0.0132,0.703,0.0155,1.4269,14
2400000.0,0.0,0.0,0.0,100.0,15.8279021897259,0,0,0,0,1,1.2716,0.0014,0.1551,0.0274,1.3626,30
3600000.0,0.0,0.0,0.0,180.0,38.391373263807,4,2,0,1,2,0.5438,0.0007,0.3241,0.0006,0.6486,56
1718640.0,0.0,0.0,0.0,168.0,20.8866567191743,0,0,0,0,0,0.3407,0.0132,0.703,0.0155,1.4269,14
1628000.0,0.0,0.0,0.0,148.0,16.6266807577006,3,0,5,0,1,0.5837,0.0121,0.1525,0.2494,1.4727,20
11549000.0,0.0,0.0,0.0,170.0,5.51114431804865,0,1,7,0,0,0.254,0.0116,0.2906,0.0843,1.043,48
12033000.0,0.0,0.0,0.0,150.0,9.45685746964893,3,0,3,1,1,0.3538,0.0121,0.1372,0.0301,0.947,29
3510000.0,0.0,0.0,0.0,156.0,27.0550789815397,0,0,1,0,0,0.5438,0.0007,0.3241,0.0006,0.6486,17
3339000.0000000005,0.0,0.0,0.0,225.0,42.5688392787028,0,0,0,0,0,0.1218,0.0016,0.0136,0.0152,0.2777,9
7425000.0,0.0,0.0,0.0,165.0,10.2605106643975,0,0,1,0,0,0.254,0.0116,0.2906,0.0843,1.043,10
2250000.0,0.0,0.0,0.0,144.0,2.54638450746131,2,0,0,0,0,0.3538,0.0121,0.1372,0.0301,0.947,51
3000000.0,0.0,0.0,0.0,200.0,27.1684934936216,0,0,3,0,0,0.0734,0.0008,0.0158,0.0076,0.2389,9
17358000.0,0.0,0.0,0.0,217.0,7.06817227450536,10,1,9,2,3,0.3538,0.0121,0.1372,0.0301,0.947,35
1728000.0,0.0,0.0,0.0,192.0,37.4293327784411,0,0,3,0,0,0.1218,0.0016,0.0136,0.0152,0.2777,9
3548999.9999999995,0.0,0.0,0.0,210.0,23.4233384568079,0,0,1,2,0,0.5438,0.0007,0.3241,0.0006,0.6486,22
5100000.0,0.0,0.0,0.0,204.0,4.48341829644017,1,0,4,1,0,0.3538,0.0121,0.1372,0.0301,0.947,29
5000000.0,0.0,0.0,0.0,180.0,26.1110877080702,0,0,1,0,1,0.5438,0.0007,0.3241,0.0006,0.6486,17
2000000.0,0.0,0.0,0.0,101.0,9.45685746964893,3,0,3,1,1,0.3538,0.0121,0.1372,0.0301,0.947,29
540000.0,0.0,0.0,0.0,54.0,18.9911795198585,4,2,2,2,0,0.3407,0.0132,0.703,0.0155,1.4269,18
2500000.0,0.0,0.0,0.0,121.0,22.698437081916,0,0,3,0,0,0.1088,0.0136,0.0487,0.0026,0.2485,9
1534499.9999999995,0.0,0.0,0.0,150.0,21.1278181571373,0,0,0,0,0,0.3407,0.0132,0.703,0.0155,1.4269,14
9196000.0,0.0,0.0,0.0,242.0,26.1110877080702,0,0,1,0,1,0.5438,0.0007,0.3241,0.0006,0.6486,17
4320000.0,0.0,0.0,0.0,240.0,37.5736740624449,2,2,1,2,4,0.1088,0.0136,0.0487,0.0026,0.2485,24
2880000.0,0.0,0.0,0.0,180.0,6.87417534966676,9,2,9,2,5,0.3538,0.0121,0.1372,0.0301,0.947,-1
3700000.0,0.0,0.0,0.0,110.0,4.32900554481097,4,2,4,1,2,0.3538,0.0121,0.1372,0.0301,0.947,13
2000000.0,0.0,0.0,0.0,200.0,27.1684934936216,0,0,3,0,0,0.0734,0.0008,0.0158,0.0076,0.2389,9
2000000.0,0.0,0.0,0.0,200.0,27.1684934936216,0,0,3,0,0,0.0734,0.0008,0.0158,0.0076,0.2389,9
870000.0,0.0,0.0,0.0,150.0,35.0378741716992,0,0,1,0,0,0.4558,0.0,0.0527,0.0,1.3514,15
3000000.0,0.0,0.0,0.0,200.0,9.85689174605433,15,1,7,1,5,0.254,0.0116,0.2906,0.0843,1.043,53
2500000.0,0.0,0.0,0.0,200.0,19.2884441736279,2,0,1,0,0,0.5837,0.0121,0.1525,0.2494,1.4727,20
1095000.0,0.0,0.0,0.0,150.0,27.1174616049863,1,0,2,0,0,0.5438,0.0007,0.3241,0.0006,0.6486,17
1100000.0,0.0,0.0,0.0,200.0,19.0664865082673,0,0,2,0,0,0.1218,0.0016,0.0136,0.0152,0.2777,9
1260000.0,0.0,0.0,0.0,200.0,33.8687575340188,0,0,3,0,0,0.0734,0.0008,0.0158,0.0076,0.2389,9
700000.0,0.0,0.0,0.0,250.0,35.2678463879437,0,0,2,0,0,0.6064,0.0034,0.1271,0.1166,0.8427,57
870000.0,0.0,0.0,0.0,150.0,35.0378741716992,0,0,1,0,0,0.4558,0.0,0.0527,0.0,1.3514,15
870000.0,0.0,0.0,0.0,150.0,35.665176318672,0,0,4,0,0,0.4558,0.0,0.0527,0.0,1.3514,15
10593800.0,0.0,0.0,196.0,196.0,25.2716871795575,2,0,2,0,1,0.5438,0.0007,0.3241,0.0006,0.6486,17
2244480.0,0.0,0.0,0.0,120.0,23.4233384568079,0,0,1,2,0,0.5438,0.0007,0.3241,0.0006,0.6486,22
2051000.0,0.0,0.0,0.0,150.0,30.9524163748315,3,1,2,0,0,0.5438,0.0007,0.3241,0.0006,0.6486,-1
12150000.0,0.0,0.0,225.0,225.0,25.8008681443473,0,0,1,0,1,0.5438,0.0007,0.3241,0.0006,0.6486,17
3500000.0,0.0,0.0,0.0,205.0,7.12005432065871,8,1,10,2,4,0.254,0.0116,0.2906,0.0843,1.043,-1
1900000.0,0.0,0.0,0.0,80.0,10.0544559272852,0,0,2,0,0,0.3407,0.0132,0.703,0.0155,1.4269,14
2000000.0,0.0,0.0,0.0,240.0,41.8902472037219,0,0,1,0,0,0.1218,0.0016,0.0136,0.0152,0.2777,9
5224665.6,0.0,0.0,0.0,240.0,37.4981280658715,0,0,2,0,0,0.1088,0.0136,0.0487,0.0026,0.2485,9
1750000.0,0.0,0.0,0.0,200.0,37.9305978440548,0,0,0,0,0,0.1218,0.0016,0.0136,0.0152,0.2777,9
1015000.0,0.0,0.0,0.0,250.0,32.4307358492663,0,0,3,0,0,0.0734,0.0008,0.0158,0.0076,0.2389,9
6988000.0,0.0,0.0,0.0,150.0,8.50515694452222,3,0,10,0,0,0.254,0.0116,0.2906,0.0843,1.043,31
1500000.0,0.0,0.0,0.0,250.0,36.306579218684,0,0,1,1,0,0.1218,0.0016,0.0136,0.0152,0.2777,9
1180000.0,0.0,0.0,0.0,200.0,33.9370485134506,0,0,1,0,0,0.6885,0.0,0.0578,0.0008,1.3152,8
7246000.000000002,0.0,0.0,0.0,140.0,8.50515694452222,3,0,10,0,0,0.254,0.0116,0.2906,0.0843,1.043,31
5150000.000000001,0.0,0.0,0.0,206.0,7.97244707812433,0,0,0,1,0,0.3124,0.0012,0.1131,0.0053,0.3589,37
1125000.0,0.0,0.0,0.0,250.0,38.5727046946978,0,0,0,0,0,0.1613,0.0,0.015,0.0007,0.3402,9
4700000.0,0.0,0.0,0.0,133.0,7.97244707812433,0,0,0,1,0,0.3124,0.0012,0.1131,0.0053,0.3589,37
1625000.0,0.0,0.0,0.0,250.0,37.1213943040146,0,0,11,0,0,0.4558,0.0,0.0527,0.0,1.3514,15
1125000.0,0.0,0.0,0.0,250.0,39.3669775586715,0,0,2,0,0,0.1613,0.0,0.015,0.0007,0.3402,9
11000000.0,0.0,0.0,0.0,210.0,9.43386668635108,0,0,1,0,0,0.254,0.0116,0.2906,0.0843,1.043,10
1500000.0,0.0,0.0,0.0,120.0,17.1841252193878,11,0,1,0,0,0.0141,0.2089,0.0335,0.0034,0.0981,40
12000000.0,0.0,0.0,0.0,220.0,9.43386668635108,0,0,1,0,0,0.254,0.0116,0.2906,0.0843,1.043,10
3280000.0,0.0,0.0,0.0,205.0,40.3785718386616,0,0,2,0,0,0.1088,0.0136,0.0487,0.0026,0.2485,9
4419000.0,0.0,0.0,0.0,104.0,38.391373263807,4,2,0,1,2,0.5438,0.0007,0.3241,0.0006,0.6486,56
2764000.0,0.0,0.0,0.0,111.0,8.74056370943242,6,0,17,1,5,0.254,0.0116,0.2906,0.0843,1.043,52
1888000.0,0.0,0.0,0.0,105.0,42.2821425842408,0,0,1,0,0,0.1218,0.0016,0.0136,0.0152,0.2777,9
2400000.0,0.0,0.0,0.0,150.0,41.8902472037219,0,0,1,0,0,0.1218,0.0016,0.0136,0.0152,0.2777,9
61200.0,0.0,0.0,0.0,7.5,19.055042990076,18,0,11,0,0,0.5837,0.0121,0.1525,0.2494,1.4727,36
5089999.999999999,0.0,0.0,0.0,240.0,42.2821425842408,0,0,1,0,0,0.1218,0.0016,0.0136,0.0152,0.2777,9
1175000.0,0.0,0.0,0.0,54.0,6.11837029382811,0,0,8,0,1,0.254,0.0116,0.2906,0.0843,1.043,31
1879000.0,0.0,0.0,0.0,100.0,13.1691807804154,15,0,6,0,0,0.0141,0.2089,0.0335,0.0034,0.0981,-1
1784000.0,0.0,0.0,0.0,102.0,16.0905273573523,12,1,6,0,4,0.0141,0.2089,0.0335,0.0034,0.0981,-1
3715000.0,0.0,0.0,0.0,95.0,7.06817227450536,10,1,9,2,3,0.3538,0.0121,0.1372,0.0301,0.947,35
924000.0,0.0,0.0,0.0,43.0,5.19336427601247,0,0,13,0,1,0.254,0.0116,0.2906,0.0843,1.043,31
2552999.9999999995,0.0,0.0,0.0,127.0,21.0546683822257,4,0,0,0,0,0.7907,0.0009,0.9584,0.035,0.4702,26
3600000.0,0.0,0.0,0.0,200.0,37.5736740624449,2,2,1,2,4,0.1088,0.0136,0.0487,0.0026,0.2485,24
2430000.0,0.0,0.0,0.0,120.0,30.5800389185046,0,0,1,2,0,0.6885,0.0,0.0578,0.0008,1.3152,55
2227000.0,0.0,0.0,0.0,116.0,0.880586480796304,10,0,19,2,0,0.3538,0.0121,0.1372,0.0301,0.947,-1
5000000.0,0.0,0.0,0.0,166.0,9.43386668635108,0,0,1,0,0,0.254,0.0116,0.2906,0.0843,1.043,10
1176000.0,0.0,0.0,0.0,66.0,16.875707431962,14,0,7,1,0,0.3407,0.0132,0.703,0.0155,1.4269,32
1242000.0,0.0,0.0,0.0,95.0,16.875707431962,14,0,7,1,0,0.3407,0.0132,0.703,0.0155,1.4269,32
61200.0,0.0,0.0,0.0,7.5,19.055042990076,18,0,11,0,0,0.5837,0.0121,0.1525,0.2494,1.4727,36
1000000.0,0.0,0.0,0.0,250.0,38.5727046946978,0,0,0,0,0,0.1613,0.0,0.015,0.0007,0.3402,9
2201000.0,0.0,0.0,0.0,82.0,5.19336427601247,0,0,13,0,1,0.254,0.0116,0.2906,0.0843,1.043,31
4710000.0,0.0,0.0,0.0,168.0,27.1174616049863,1,0,2,0,0,0.5438,0.0007,0.3241,0.0006,0.6486,17
7999000.0,0.0,0.0,0.0,179.0,4.42603873669262,0,0,3,0,0,0.3538,0.0121,0.1372,0.0301,0.947,-1
6713999.999999999,0.0,0.0,0.0,170.0,33.8602207637537,2,0,0,0,0,0.5438,0.0007,0.3241,0.0006,0.6486,17
975000.0,0.0,0.0,0.0,150.0,31.6076190639487,0,0,2,0,0,0.5438,0.0007,0.3241,0.0006,0.6486,17
2883000.0000000005,0.0,0.0,0.0,100.0,15.2105601369867,25,0,23,9,1,0.5837,0.0121,0.1525,0.2494,1.4727,42
3004999.9999999995,0.0,0.0,0.0,82.5,21.0546683822257,4,0,0,0,0,0.7907,0.0009,0.9584,0.035,0.4702,26
3835000.0,0.0,0.0,0.0,180.0,7.12005432065871,8,1,10,2,4,0.254,0.0116,0.2906,0.0843,1.043,-1
1760000.0,0.0,0.0,0.0,100.0,16.7073477839803,1,0,2,0,0,0.3407,0.0132,0.703,0.0155,1.4269,14
3070000.0,0.0,0.0,0.0,200.0,12.8002326947713,6,0,10,1,0,0.3407,0.0132,0.703,0.0155,1.4269,49
2196000.0,0.0,0.0,0.0,100.0,20.2122856469654,1,0,5,0,0,0.3407,0.0132,0.703,0.0155,1.4269,14
3950000.0,0.0,0.0,0.0,180.0,15.0471306473524,23,0,19,9,1,0.5837,0.0121,0.1525,0.2494,1.4727,-1
4007000.0,0.0,0.0,0.0,80.0,2.11747356504243,1,0,8,0,1,0.3538,0.0121,0.1372,0.0301,0.947,-1
3620000.0,0.0,0.0,0.0,110.0,21.0546683822257,4,0,0,0,0,0.7907,0.0009,0.9584,0.035,0.4702,26
3000000.0,0.0,0.0,0.0,198.0,44.1829170234738,2,1,4,0,1,0.1218,0.0016,0.0136,0.0152,0.2777,43
8215100.0,0.0,0.0,0.0,226.0,26.1110877080702,0,0,1,0,1,0.5438,0.0007,0.3241,0.0006,0.6486,17
1800000.0,0.0,0.0,0.0,150.0,19.2884441736279,2,0,1,0,0,0.5837,0.0121,0.1525,0.2494,1.4727,20
600000.0,0.0,0.0,0.0,100.0,24.6733660438414,0,0,2,0,0,0.2257,0.001,0.0441,0.0,0.3048,9
900000.0,0.0,0.0,0.0,120.0,18.9911795198585,4,2,2,2,0,0.3407,0.0132,0.703,0.0155,1.4269,18
8852000.0,0.0,0.0,0.0,120.0,8.92297453665573,3,0,7,0,1,0.3538,0.0121,0.1372,0.0301,0.947,54
1102080.0,0.0,0.0,0.0,120.0,20.2561166269411,0,0,3,0,0,0.119,0.0092,0.0505,0.0034,0.6701,19
408000.0,0.0,0.0,0.0,68.0,25.0511641720128,0,0,2,0,0,0.2257,0.001,0.0441,0.0,0.3048,9
6840000.0,0.0,0.0,0.0,228.0,26.1110877080702,0,0,1,0,1,0.5438,0.0007,0.3241,0.0006,0.6486,17
1224000.0,0.0,0.0,0.0,153.0,26.0966508632151,0,0,3,2,0,0.2257,0.001,0.0441,0.0,0.3048,58
360000.0,0.0,0.0,0.0,72.0,30.9680198601798,0,0,1,0,0,0.1145,0.0,0.0063,0.0024,0.1736,9
57200.0,0.0,0.0,0.0,7.5,19.055042990076,18,0,11,0,0,0.5837,0.0121,0.1525,0.2494,1.4727,36
5960000.0,0.0,0.0,0.0,149.0,3.20386079946046,0,0,13,0,0,0.3538,0.0121,0.1372,0.0301,0.947,-1
9518000.0,0.0,0.0,0.0,120.0,7.06817227450536,10,1,9,2,3,0.3538,0.0121,0.1372,0.0301,0.947,35
57200.0,0.0,0.0,0.0,7.5,19.055042990076,18,0,11,0,0,0.5837,0.0121,0.1525,0.2494,1.4727,36
648000.0,0.0,0.0,0.0,120.0,16.7073477839803,1,0,2,0,0,0.3407,0.0132,0.703,0.0155,1.4269,14
61200.0,0.0,0.0,0.0,7.5,19.055042990076,18,0,11,0,0,0.5837,0.0121,0.1525,0.2494,1.4727,36
1200000.0,0.0,0.0,0.0,120.0,17.1841252193878,11,0,1,0,0,0.0141,0.2089,0.0335,0.0034,0.0981,40
2242500.0,0.0,0.0,0.0,195.0,13.9840084806226,15,0,15,0,1,0.5837,0.0121,0.1525,0.2494,1.4727,-1
1606499.9999999995,0.0,0.0,0.0,120.0,24.0317131048872,2,0,4,0,0,0.119,0.0092,0.0505,0.0034,0.6701,19
3000000.0,0.0,0.0,0.0,214.0,27.1684934936216,0,0,3,0,0,0.0734,0.0008,0.0158,0.0076,0.2389,9
8000000.0,0.0,0.0,0.0,240.0,11.6021973071414,12,1,9,0,0,0.5837,0.0121,0.1525,0.2494,1.4727,44
1200000.0,0.0,0.0,0.0,200.0,39.1732617547246,0,0,1,0,0,0.1218,0.0016,0.0136,0.0152,0.2777,9
3600000.0,0.0,0.0,0.0,244.0,12.504161353757,1,0,5,0,1,0.5837,0.0121,0.1525,0.2494,1.4727,20
3500000.0,0.0,0.0,0.0,224.0,12.3751093482207,3,0,3,0,1,0.5837,0.0121,0.1525,0.2494,1.4727,20
3600000.0,0.0,0.0,0.0,244.0,12.504161353757,1,0,5,0,1,0.5837,0.0121,0.1525,0.2494,1.4727,20
1200000.0,0.0,0.0,0.0,200.0,39.1732617547246,0,0,1,0,0,0.1218,0.0016,0.0136,0.0152,0.2777,9
2500000.0,0.0,0.0,0.0,126.0,18.9286937182365,0,0,3,0,0,1.2716,0.0014,0.1551,0.0274,1.3626,30
6425999.999999999,0.0,0.0,0.0,110.0,35.3199498932536,1,0,4,1,0,0.5438,0.0007,0.3241,0.0006,0.6486,50
11000000.0,0.0,0.0,0.0,210.0,4.32900554481097,4,2,4,1,2,0.3538,0.0121,0.1372,0.0301,0.947,13
1537480.0,0.0,0.0,0.0,200.0,9.85689174605433,15,1,7,1,5,0.254,0.0116,0.2906,0.0843,1.043,53
3700000.0,0.0,0.0,0.0,150.0,26.1110877080702,0,0,1,0,1,0.5438,0.0007,0.3241,0.0006,0.6486,17
1915900.0,0.0,0.0,0.0,100.0,24.0317131048872,2,0,4,0,0,0.119,0.0092,0.0505,0.0034,0.6701,19
2016000.0,0.0,0.0,0.0,144.0,19.1867240762826,13,1,0,0,0,0.5837,0.0121,0.1525,0.2494,1.4727,27
2000000.0,0.0,0.0,0.0,200.0,27.1684934936216,0,0,3,0,0,0.0734,0.0008,0.0158,0.0076,0.2389,9
2000000.0,0.0,0.0,0.0,200.0,27.1684934936216,0,0,3,0,0,0.0734,0.0008,0.0158,0.0076,0.2389,9
5260000.0,0.0,0.0,0.0,85.0,1.98664210889069,10,1,10,0,4,0.3538,0.0121,0.1372,0.0301,0.947,46
6862400.0,0.0,0.0,0.0,88.0,1.98664210889069,10,1,10,0,4,0.3538,0.0121,0.1372,0.0301,0.947,46
9615500.0,0.0,0.0,0.0,150.0,7.06817227450536,10,1,9,2,3,0.3538,0.0121,0.1372,0.0301,0.947,35
13504780.0,0.0,0.0,0.0,214.0,3.20386079946046,0,0,13,0,0,0.3538,0.0121,0.1372,0.0301,0.947,-1
3600000.0,0.0,0.0,0.0,244.0,12.504161353757,1,0,5,0,1,0.5837,0.0121,0.1525,0.2494,1.4727,20
3922000.0,0.0,0.0,0.0,100.0,23.9921665175474,19,1,2,4,0,0.5438,0.0007,0.3241,0.0006,0.6486,-1
9699999.999999998,0.0,0.0,0.0,195.0,8.50515694452222,3,0,10,0,0,0.254,0.0116,0.2906,0.0843,1.043,31
3700000.0,0.0,0.0,0.0,244.0,12.504161353757,1,0,5,0,1,0.5837,0.0121,0.1525,0.2494,1.4727,20
1850000.0,0.0,0.0,0.0,96.0,28.0240969241861,2,0,4,0,1,0.5438,0.0007,0.3241,0.0006,0.6486,17
5440000.0,0.0,0.0,0.0,245.0,39.1098656562039,0,0,4,0,0,0.1088,0.0136,0.0487,0.0026,0.2485,9
8040000.0,0.0,0.0,0.0,1005.0,41.8902472037219,0,0,1,0,0,0.1218,0.0016,0.0136,0.0152,0.2777,9
8080000.0,0.0,0.0,0.0,1010.0,41.2831222463188,0,0,2,0,0,0.1218,0.0016,0.0136,0.0152,0.2777,9
8000000.0,0.0,0.0,0.0,1000.0,41.2831222463188,0,0,2,0,0,0.1218,0.0016,0.0136,0.0152,0.2777,9
8040000.0,0.0,0.0,0.0,1005.0,41.8902472037219,0,0,1,0,0,0.1218,0.0016,0.0136,0.0152,0.2777,9
4553500.0,0.0,0.0,0.0,1301.0,30.962393907879,0,0,0,0,0,0.0734,0.0008,0.0158,0.0076,0.2389,9
51221140.00000001,0.0,0.0,0.0,1010.0,21.0546683822257,4,0,0,0,0,0.7907,0.0009,0.9584,0.035,0.4702,26
8048000.0,0.0,0.0,0.0,1006.0,41.8902472037219,0,0,1,0,0,0.1218,0.0016,0.0136,0.0152,0.2777,9
120000000.0,0.0,0.0,0.0,1000.0,12.001108046048,6,0,13,0,0,0.3407,0.0132,0.703,0.0155,1.4269,49
172920000.0,0.0,0.0,0.0,1441.0,6.78993186897245,10,1,9,1,4,0.254,0.0116,0.2906,0.0843,1.043,33
154466518.0,0.0,0.0,0.0,1200.0,7.97244707812433,0,0,0,1,0,0.3124,0.0012,0.1131,0.0053,0.3589,37
164400000.0,0.0,0.0,0.0,1370.0,6.78993186897245,10,1,9,1,4,0.254,0.0116,0.2906,0.0843,1.043,33
8000000.0,0.0,0.0,0.0,1000.0,41.2831222463188,0,0,2,0,0,0.1218,0.0016,0.0136,0.0152,0.2777,9
8032000.0,0.0,0.0,0.0,1004.0,41.2831222463188,0,0,2,0,0,0.1218,0.0016,0.0136,0.0152,0.2777,9
8008000.0,0.0,0.0,0.0,1001.0,41.2831222463188,0,0,2,0,0,0.1218,0.0016,0.0136,0.0152,0.2777,9
18500000.0,0.0,0.0,0.0,1208.0,40.1958507530222,0,0,3,0,0,0.1088,0.0136,0.0487,0.0026,0.2485,9
40000000.0,0.0,0.0,0.0,1000.0,17.877232859216,7,0,1,0,0,0.7907,0.0009,0.9584,0.035,0.4702,26
18819000.0,0.0,0.0,0.0,1107.0,22.698437081916,0,0,3,0,0,0.1088,0.0136,0.0487,0.0026,0.2485,9
8000000.0,0.0,0.0,0.0,1000.0,41.2831222463188,0,0,2,0,0,0.1218,0.0016,0.0136,0.0152,0.2777,9
8000000.0,0.0,0.0,0.0,1000.0,41.8902472037219,0,0,1,0,0,0.1218,0.0016,0.0136,0.0152,0.2777,9
42431600.0,0.0,0.0,0.0,1220.0,17.877232859216,7,0,1,0,0,0.7907,0.0009,0.9584,0.035,0.4702,26
63892400.0,0.0,0.0,0.0,1117.0,13.2835905668804,5,0,0,0,1,0.5837,0.0121,0.1525,0.2494,1.4727,20
36958000.0,0.0,0.0,0.0,1087.0,17.877232859216,7,0,1,0,0,0.7907,0.0009,0.9584,0.035,0.4702,26
35000000.0,0.0,0.0,0.0,1013.0,37.6916461629247,2,2,3,2,4,0.1088,0.0136,0.0487,0.0026,0.2485,24
45000000.0,0.0,0.0,0.0,1000.0,5.45421426728321,2,0,6,0,0,0.3124,0.0012,0.1131,0.0053,0.3589,59
12765000.0,0.0,0.0,0.0,1224.0,33.8602207637537,2,0,0,0,0,0.5438,0.0007,0.3241,0.0006,0.6486,17
8000000.0,0.0,0.0,0.0,1000.0,41.2831222463188,0,0,2,0,0,0.1218,0.0016,0.0136,0.0152,0.2777,9
8000000.0,0.0,0.0,0.0,1000.0,41.2831222463188,0,0,2,0,0,0.1218,0.0016,0.0136,0.0152,0.2777,9
8032000.0,0.0,0.0,0.0,1004.0,41.2831222463188,0,0,2,0,0,0.1218,0.0016,0.0136,0.0152,0.2777,9
8016000.0,0.0,0.0,0.0,1002.0,41.2831222463188,0,0,2,0,0,0.1218,0.0016,0.0136,0.0152,0.2777,9
8040000.0,0.0,0.0,0.0,1005.0,41.2831222463188,0,0,2,0,0,0.1218,0.0016,0.0136,0.0152,0.2777,9
8008000.0,0.0,0.0,0.0,1000.0,41.2831222463188,0,0,2,0,0,0.1218,0.0016,0.0136,0.0152,0.2777,9
8000000.0,0.0,0.0,0.0,1000.0,41.2831222463188,0,0,2,0,0,0.1218,0.0016,0.0136,0.0152,0.2777,9
8000000.0,0.0,0.0,0.0,1000.0,41.2831222463188,0,0,2,0,0,0.1218,0.0016,0.0136,0.0152,0.2777,9
12707100.0,0.0,0.0,0.0,1276.0,18.2744204371573,0,0,4,0,0,1.2716,0.0014,0.1551,0.0274,1.3626,30
8032000.0,0.0,0.0,0.0,1004.0,41.2831222463188,0,0,2,0,0,0.1218,0.0016,0.0136,0.0152,0.2777,9
8040000.0,0.0,0.0,0.0,1005.0,41.2831222463188,0,0,2,0,0,0.1218,0.0016,0.0136,0.0152,0.2777,9
8016000.0,0.0,0.0,0.0,1002.0,41.2831222463188,0,0,2,0,0,0.1218,0.0016,0.0136,0.0152,0.2777,9
8000000.0,0.0,0.0,0.0,1000.0,41.2831222463188,0,0,2,0,0,0.1218,0.0016,0.0136,0.0152,0.2777,9
8040000.0,0.0,0.0,0.0,1005.0,41.2831222463188,0,0,2,0,0,0.1218,0.0016,0.0136,0.0152,0.2777,9
8000000.0,0.0,0.0,0.0,1000.0,41.2831222463188,0,0,2,0,0,0.1218,0.0016,0.0136,0.0152,0.2777,9
8056000.0,0.0,0.0,0.0,1007.0,41.2831222463188,0,0,2,0,0,0.1218,0.0016,0.0136,0.0152,0.2777,9
8016000.0,0.0,0.0,0.0,1002.0,41.2831222463188,0,0,2,0,0,0.1218,0.0016,0.0136,0.0152,0.2777,9
8000000.0,0.0,0.0,0.0,1000.0,41.2831222463188,0,0,2,0,0,0.1218,0.0016,0.0136,0.0152,0.2777,9
8000000.0,0.0,0.0,0.0,1000.0,41.2831222463188,0,0,2,0,0,0.1218,0.0016,0.0136,0.0152,0.2777,9
8000000.0,0.0,0.0,0.0,1000.0,41.8902472037219,0,0,1,0,0,0.1218,0.0016,0.0136,0.0152,0.2777,9
8000000.0,0.0,0.0,0.0,1000.0,41.8902472037219,0,0,1,0,0,0.1218,0.0016,0.0136,0.0152,0.2777,9
8000000.0,0.0,0.0,0.0,1000.0,41.2831222463188,0,0,2,0,0,0.1218,0.0016,0.0136,0.0152,0.2777,9
8000000.0,0.0,0.0,0.0,1000.0,41.2831222463188,0,0,2,0,0,0.1218,0.0016,0.0136,0.0152,0.2777,9
8000000.0,0.0,0.0,0.0,1000.0,41.2831222463188,0,0,2,0,0,0.1218,0.0016,0.0136,0.0152,0.2777,9
8016000.0,0.0,0.0,0.0,1002.0,41.8902472037219,0,0,1,0,0,0.1218,0.0016,0.0136,0.0152,0.2777,9
8000000.0,0.0,0.0,0.0,1000.0,41.2831222463188,0,0,2,0,0,0.1218,0.0016,0.0136,0.0152,0.2777,9
8024000.0,0.0,0.0,0.0,1003.0,41.2831222463188,0,0,2,0,0,0.1218,0.0016,0.0136,0.0152,0.2777,9
8000000.0,0.0,0.0,0.0,1000.0,41.2831222463188,0,0,2,0,0,0.1218,0.0016,0.0136,0.0152,0.2777,9
8000000.0,0.0,0.0,0.0,1000.0,41.8902472037219,0,0,1,0,0,0.1218,0.0016,0.0136,0.0152,0.2777,9
8016000.0,0.0,0.0,0.0,1002.0,41.2831222463188,0,0,2,0,0,0.1218,0.0016,0.0136,0.0152,0.2777,9
8040000.0,0.0,0.0,0.0,1005.0,41.2831222463188,0,0,2,0,0,0.1218,0.0016,0.0136,0.0152,0.2777,9
8000000.0,0.0,0.0,0.0,1000.0,41.2831222463188,0,0,2,0,0,0.1218,0.0016,0.0136,0.0152,0.2777,9
8000000.0,0.0,0.0,0.0,1000.0,41.2831222463188,0,0,2,0,0,0.1218,0.0016,0.0136,0.0152,0.2777,9
8056000.0,0.0,0.0,0.0,1007.0,41.2831222463188,0,0,2,0,0,0.1218,0.0016,0.0136,0.0152,0.2777,9
8040000.0,0.0,0.0,0.0,1005.0,41.2831222463188,0,0,2,0,0,0.1218,0.0016,0.0136,0.0152,0.2777,9
8000000.0,0.0,0.0,0.0,1000.0,41.8902472037219,0,0,1,0,0,0.1218,0.0016,0.0136,0.0152,0.2777,9
8040000.0,0.0,0.0,0.0,1005.0,41.2831222463188,0,0,2,0,0,0.1218,0.0016,0.0136,0.0152,0.2777,9
8000000.0,0.0,0.0,0.0,1000.0,41.2831222463188,0,0,2,0,0,0.1218,0.0016,0.0136,0.0152,0.2777,9
7999999.0,0.0,0.0,0.0,1000.0,41.8902472037219,0,0,1,0,0,0.1218,0.0016,0.0136,0.0152,0.2777,9
8000000.0,0.0,0.0,0.0,1000.0,41.2831222463188,0,0,2,0,0,0.1218,0.0016,0.0136,0.0152,0.2777,9
8000000.0,0.0,0.0,0.0,1000.0,41.8902472037219,0,0,1,0,0,0.1218,0.0016,0.0136,0.0152,0.2777,9
8000000.0,0.0,0.0,0.0,1000.0,41.2831222463188,0,0,2,0,0,0.1218,0.0016,0.0136,0.0152,0.2777,9
8016000.0,0.0,0.0,0.0,1000.0,41.2831222463188,0,0,2,0,0,0.1218,0.0016,0.0136,0.0152,0.2777,9
8000000.0,0.0,0.0,0.0,1000.0,41.2831222463188,0,0,2,0,0,0.1218,0.0016,0.0136,0.0152,0.2777,9
8040000.0,0.0,0.0,0.0,1005.0,41.2831222463188,0,0,2,0,0,0.1218,0.0016,0.0136,0.0152,0.2777,9
8000000.0,0.0,0.0,0.0,1000.0,41.2831222463188,0,0,2,0,0,0.1218,0.0016,0.0136,0.0152,0.2777,9
8000000.0,0.0,0.0,0.0,1000.0,41.2831222463188,0,0,2,0,0,0.1218,0.0016,0.0136,0.0152,0.2777,9
8008000.0,0.0,0.0,0.0,1000.0,41.2831222463188,0,0,2,0,0,0.1218,0.0016,0.0136,0.0152,0.2777,9
8048000.0,0.0,0.0,0.0,1006.0,41.2831222463188,0,0,2,0,0,0.1218,0.0016,0.0136,0.0152,0.2777,9
8008000.0,0.0,0.0,0.0,1001.0,41.2831222463188,0,0,2,0,0,0.1218,0.0016,0.0136,0.0152,0.2777,9
8000000.0,0.0,0.0,0.0,1000.0,41.2831222463188,0,0,2,0,0,0.1218,0.0016,0.0136,0.0152,0.2777,9
8000000.0,0.0,0.0,0.0,1000.0,41.2831222463188,0,0,2,0,0,0.1218,0.0016,0.0136,0.0152,0.2777,9
8000000.0,0.0,0.0,0.0,1000.0,41.2831222463188,0,0,2,0,0,0.1218,0.0016,0.0136,0.0152,0.2777,9
34000.0,0.0,0.0,0.0,1220.0,17.877232859216,7,0,1,0,0,0.7907,0.0009,0.9584,0.035,0.4702,26
8024000.0,0.0,0.0,0.0,1003.0,41.2831222463188,0,0,2,0,0,0.1218,0.0016,0.0136,0.0152,0.2777,9
8000000.0,0.0,0.0,0.0,1000.0,41.8902472037219,0,0,1,0,0,0.1218,0.0016,0.0136,0.0152,0.2777,9
131000000.0,0.0,0.0,0.0,1192.0,6.17234407929705,1,0,6,2,0,0.3124,0.0012,0.1131,0.0053,0.3589,60
8000000.0,0.0,0.0,0.0,1000.0,41.2831222463188,0,0,2,0,0,0.1218,0.0016,0.0136,0.0152,0.2777,9
8000000.0,0.0,0.0,0.0,1000.0,41.2831222463188,0,0,2,0,0,0.1218,0.0016,0.0136,0.0152,0.2777,9
8000000.0,0.0,0.0,0.0,1000.0,41.8902472037219,0,0,1,0,0,0.1218,0.0016,0.0136,0.0152,0.2777,9
8000000.0,0.0,0.0,0.0,1000.0,41.2831222463188,0,0,2,0,0,0.1218,0.0016,0.0136,0.0152,0.2777,9
8072000.0,0.0,0.0,0.0,1000.0,41.2831222463188,0,0,2,0,0,0.1218,0.0016,0.0136,0.0152,0.2777,9
8000000.0,0.0,0.0,0.0,1000.0,41.2831222463188,0,0,2,0,0,0.1218,0.0016,0.0136,0.0152,0.2777,9
11500000.0,0.0,0.0,0.0,1125.0,34.397361158154,0,0,2,0,0,0.5438,0.0007,0.3241,0.0006,0.6486,17
8024000.0,0.0,0.0,0.0,1000.0,41.2831222463188,0,0,2,0,0,0.1218,0.0016,0.0136,0.0152,0.2777,9
9000000.0,0.0,0.0,0.0,1260.0,3.61979859657426,1,0,6,2,0,0.3538,0.0121,0.1372,0.0301,0.947,-1
42700000.0,0.0,0.0,0.0,1220.0,17.877232859216,7,0,1,0,0,0.7907,0.0009,0.9584,0.035,0.4702,26
24000000.0,0.0,0.0,0.0,1300.0,8.17941787125434,0,0,9,0,0,0.3538,0.0121,0.1372,0.0301,0.947,54
28000000.0,0.0,0.0,0.0,1000.0,40.3785718386616,0,0,2,0,0,0.1088,0.0136,0.0487,0.0026,0.2485,9
8000000.0,0.0,0.0,0.0,1000.0,41.2831222463188,0,0,2,0,0,0.1218,0.0016,0.0136,0.0152,0.2777,9
4175500.0,0.0,0.0,0.0,1193.0,30.962393907879,0,0,0,0,0,0.0734,0.0008,0.0158,0.0076,0.2389,9
4175500.0,0.0,0.0,0.0,1193.0,30.962393907879,0,0,0,0,0,0.0734,0.0008,0.0158,0.0076,0.2389,9
52000000.0,0.0,0.0,0.0,1010.0,21.0546683822257,4,0,0,0,0,0.7907,0.0009,0.9584,0.035,0.4702,26
11400000.0,0.0,0.0,0.0,1125.0,34.397361158154,0,0,2,0,0,0.5438,0.0007,0.3241,0.0006,0.6486,17
11200000.0,0.0,0.0,0.0,1006.0,34.397361158154,0,0,2,0,0,0.5438,0.0007,0.3241,0.0006,0.6486,17
8032000.0,0.0,0.0,0.0,1004.0,41.2831222463188,0,0,2,0,0,0.1218,0.0016,0.0136,0.0152,0.2777,9
8056000.0,0.0,0.0,0.0,1007.0,41.2831222463188,0,0,2,0,0,0.1218,0.0016,0.0136,0.0152,0.2777,9
8064000.0,0.0,0.0,0.0,1008.0,41.2831222463188,0,0,2,0,0,0.1218,0.0016,0.0136,0.0152,0.2777,9
8048000.0,0.0,0.0,0.0,1006.0,41.2831222463188,0,0,2,0,0,0.1218,0.0016,0.0136,0.0152,0.2777,9
8000000.0,0.0,0.0,0.0,1000.0,41.2831222463188,0,0,2,0,0,0.1218,0.0016,0.0136,0.0152,0.2777,9
8000000.0,0.0,0.0,0.0,1000.0,41.2831222463188,0,0,2,0,0,0.1218,0.0016,0.0136,0.0152,0.2777,9
8000000.0,0.0,0.0,0.0,1000.0,41.2831222463188,0,0,2,0,0,0.1218,0.0016,0.0136,0.0152,0.2777,9
8000000.0,0.0,0.0,0.0,1000.0,41.2831222463188,0,0,2,0,0,0.1218,0.0016,0.0136,0.0152,0.2777,9
8024000.0,0.0,0.0,0.0,1003.0,42.1032926873715,1,0,2,0,0,0.1218,0.0016,0.0136,0.0152,0.2777,9
47600000.00000001,0.0,0.0,0.0,1400.0,17.877232859216,7,0,1,0,0,0.7907,0.0009,0.9584,0.035,0.4702,26
8000000.0,0.0,0.0,0.0,1000.0,41.2831222463188,0,0,2,0,0,0.1218,0.0016,0.0136,0.0152,0.2777,9
8000000.0,0.0,0.0,0.0,1000.0,41.2831222463188,0,0,2,0,0,0.1218,0.0016,0.0136,0.0152,0.2777,9
8000000.0,0.0,0.0,0.0,1000.0,42.1032926873715,1,0,2,0,0,0.1218,0.0016,0.0136,0.0152,0.2777,9
8000000.0,0.0,0.0,0.0,1000.0,41.2831222463188,0,0,2,0,0,0.1218,0.0016,0.0136,0.0152,0.2777,9
8000000.0,0.0,0.0,0.0,1000.0,41.2831222463188,0,0,2,0,0,0.1218,0.0016,0.0136,0.0152,0.2777,9
8008000.0,0.0,0.0,0.0,1001.0,41.2831222463188,0,0,2,0,0,0.1218,0.0016,0.0136,0.0152,0.2777,9
8048000.0,0.0,0.0,0.0,1006.0,41.2831222463188,0,0,2,0,0,0.1218,0.0016,0.0136,0.0152,0.2777,9
8000000.0,0.0,0.0,0.0,1000.0,41.2831222463188,0,0,2,0,0,0.1218,0.0016,0.0136,0.0152,0.2777,9
8024000.0,0.0,0.0,0.0,1003.0,41.2831222463188,0,0,2,0,0,0.1218,0.0016,0.0136,0.0152,0.2777,9
8000000.0,0.0,0.0,0.0,1000.0,41.2831222463188,0,0,2,0,0,0.1218,0.0016,0.0136,0.0152,0.2777,9
8032000.0,0.0,0.0,0.0,1004.0,41.2831222463188,0,0,2,0,0,0.1218,0.0016,0.0136,0.0152,0.2777,9
8032000.0,0.0,0.0,0.0,1000.0,41.2831222463188,0,0,2,0,0,0.1218,0.0016,0.0136,0.0152,0.2777,9
8072000.0,0.0,0.0,0.0,1000.0,41.2831222463188,0,0,2,0,0,0.1218,0.0016,0.0136,0.0152,0.2777,9
42700000.0,0.0,0.0,0.0,1400.0,17.877232859216,7,0,1,0,0,0.7907,0.0009,0.9584,0.035,0.4702,26
63000000.0,0.0,0.0,0.0,1176.0,21.0546683822257,4,0,0,0,0,0.7907,0.0009,0.9584,0.035,0.4702,26
51221429.0,0.0,0.0,0.0,1010.0,21.0546683822257,4,0,0,0,0,0.7907,0.0009,0.9584,0.035,0.4702,26
8000000.0,0.0,0.0,0.0,1000.0,41.2831222463188,0,0,2,0,0,0.1218,0.0016,0.0136,0.0152,0.2777,9
8008000.0,0.0,0.0,0.0,1000.0,41.2831222463188,0,0,2,0,0,0.1218,0.0016,0.0136,0.0152,0.2777,9
8000000.0,0.0,0.0,0.0,1000.0,41.2831222463188,0,0,2,0,0,0.1218,0.0016,0.0136,0.0152,0.2777,9
8000000.0,0.0,0.0,0.0,1000.0,41.2831222463188,0,0,2,0,0,0.1218,0.0016,0.0136,0.0152,0.2777,9
8000000.0,0.0,0.0,0.0,1000.0,41.2831222463188,0,0,2,0,0,0.1218,0.0016,0.0136,0.0152,0.2777,9
8000000.0,0.0,0.0,0.0,1000.0,41.2831222463188,0,0,2,0,0,0.1218,0.0016,0.0136,0.0152,0.2777,9
8000000.0,0.0,0.0,0.0,1000.0,41.2831222463188,0,0,2,0,0,0.1218,0.0016,0.0136,0.0152,0.2777,9
8000000.0,0.0,0.0,0.0,1000.0,41.2831222463188,0,0,2,0,0,0.1218,0.0016,0.0136,0.0152,0.2777,9
8000000.0,0.0,0.0,0.0,1000.0,41.2831222463188,0,0,2,0,0,0.1218,0.0016,0.0136,0.0152,0.2777,9
8000000.0,0.0,0.0,0.0,1000.0,41.2831222463188,0,0,2,0,0,0.1218,0.0016,0.0136,0.0152,0.2777,9
79000000.0,0.0,0.0,0.0,1370.0,21.0546683822257,4,0,0,0,0,0.7907,0.0009,0.9584,0.035,0.4702,26
8000000.0,0.0,0.0,0.0,1000.0,41.2831222463188,0,0,2,0,0,0.1218,0.0016,0.0136,0.0152,0.2777,9
8000000.0,0.0,0.0,0.0,1000.0,41.2831222463188,0,0,2,0,0,0.1218,0.0016,0.0136,0.0152,0.2777,9
8000000.0,0.0,0.0,0.0,1000.0,41.2831222463188,0,0,2,0,0,0.1218,0.0016,0.0136,0.0152,0.2777,9
8000000.0,0.0,0.0,0.0,1000.0,41.2831222463188,0,0,2,0,0,0.1218,0.0016,0.0136,0.0152,0.2777,9
8000000.0,0.0,0.0,0.0,1000.0,41.2831222463188,0,0,2,0,0,0.1218,0.0016,0.0136,0.0152,0.2777,9
8000000.0,0.0,0.0,0.0,1000.0,41.2831222463188,0,0,2,0,0,0.1218,0.0016,0.0136,0.0152,0.2777,9
8011111.0,0.0,0.0,0.0,1000.0,41.2831222463188,0,0,2,0,0,0.1218,0.0016,0.0136,0.0152,0.2777,9
8000000.0,0.0,0.0,0.0,1000.0,41.2831222463188,0,0,2,0,0,0.1218,0.0016,0.0136,0.0152,0.2777,9
8040000.0,0.0,0.0,0.0,1005.0,41.2831222463188,0,0,2,0,0,0.1218,0.0016,0.0136,0.0152,0.2777,9
8032000.0,0.0,0.0,0.0,1004.0,41.2831222463188,0,0,2,0,0,0.1218,0.0016,0.0136,0.0152,0.2777,9
8000000.0,0.0,0.0,0.0,1000.0,41.2831222463188,0,0,2,0,0,0.1218,0.0016,0.0136,0.0152,0.2777,9
8000000.0,0.0,0.0,0.0,1000.0,41.8902472037219,0,0,1,0,0,0.1218,0.0016,0.0136,0.0152,0.2777,9
8000000.0,0.0,0.0,0.0,1000.0,41.2831222463188,0,0,2,0,0,0.1218,0.0016,0.0136,0.0152,0.2777,9
8000000.0,0.0,0.0,0.0,1000.0,41.2831222463188,0,0,2,0,0,0.1218,0.0016,0.0136,0.0152,0.2777,9
8016000.0,0.0,0.0,0.0,1000.0,41.8902472037219,0,0,1,0,0,0.1218,0.0016,0.0136,0.0152,0.2777,9
5638500.0,0.0,0.0,0.0,1253.0,20.789340320471,0,0,1,0,1,0.119,0.0092,0.0505,0.0034,0.6701,19
8000000.0,0.0,0.0,0.0,1000.0,41.2831222463188,0,0,2,0,0,0.1218,0.0016,0.0136,0.0152,0.2777,9
8024000.0,0.0,0.0,0.0,1003.0,41.2831222463188,0,0,2,0,0,0.1218,0.0016,0.0136,0.0152,0.2777,9
8000000.0,0.0,0.0,0.0,1000.0,41.8902472037219,0,0,1,0,0,0.1218,0.0016,0.0136,0.0152,0.2777,9
7200000.0,0.0,0.0,0.0,1000.0,21.7441129933872,0,0,0,0,0,1.2716,0.0014,0.1551,0.0274,1.3626,30
61782000.0,0.0,0.0,0.0,1471.0,13.2835905668804,5,0,0,0,1,0.5837,0.0121,0.1525,0.2494,1.4727,20
8000000.0,0.0,0.0,0.0,1000.0,41.2831222463188,0,0,2,0,0,0.1218,0.0016,0.0136,0.0152,0.2777,9
8000000.0,0.0,0.0,0.0,1000.0,41.2831222463188,0,0,2,0,0,0.1218,0.0016,0.0136,0.0152,0.2777,9
8008000.0,0.0,0.0,0.0,1001.0,41.2831222463188,0,0,2,0,0,0.1218,0.0016,0.0136,0.0152,0.2777,9
8008000.0,0.0,0.0,0.0,1000.0,41.2831222463188,0,0,2,0,0,0.1218,0.0016,0.0136,0.0152,0.2777,9
8000500.0,0.0,0.0,0.0,1000.0,41.8902472037219,0,0,1,0,0,0.1218,0.0016,0.0136,0.0152,0.2777,9
8016000.0,0.0,0.0,0.0,1002.0,41.2831222463188,0,0,2,0,0,0.1218,0.0016,0.0136,0.0152,0.2777,9
65000000.0,0.0,0.0,0.0,1036.0,0.294021933039311,6,0,6,8,0,0.3538,0.0121,0.1372,0.0301,0.947,-1
22500000.0,0.0,0.0,0.0,1140.0,4.15010402787774,2,0,11,1,0,0.3538,0.0121,0.1372,0.0301,0.947,-1
24508000.0,0.0,0.0,0.0,1114.0,37.1022594958161,1,0,2,0,1,0.1088,0.0136,0.0487,0.0026,0.2485,9
54321214.0,0.0,0.0,0.0,1060.0,21.0546683822257,4,0,0,0,0,0.7907,0.0009,0.9584,0.035,0.4702,26
5160000.0,0.0,0.0,0.0,1200.0,39.3461641136034,0,0,1,0,0,0.1218,0.0016,0.0136,0.0152,0.2777,9
6500000.0,0.0,0.0,0.0,1000.0,40.0487333385379,2,0,2,0,1,0.4558,0.0,0.0527,0.0,1.3514,15
4440000.0,0.0,0.0,0.0,1480.0,39.6732735102295,2,0,3,0,2,0.4558,0.0,0.0527,0.0,1.3514,15
11710000.0,0.0,0.0,0.0,1171.0,34.397361158154,0,0,2,0,0,0.5438,0.0007,0.3241,0.0006,0.6486,17
195840000.0,0.0,0.0,0.0,1088.0,9.45685746964893,3,0,3,1,1,0.3538,0.0121,0.1372,0.0301,0.947,29
39000000.0,0.0,0.0,0.0,1107.0,40.3785718386616,0,0,2,0,0,0.1088,0.0136,0.0487,0.0026,0.2485,9
49450000.0,0.0,0.0,0.0,1000.0,36.6662808957857,0,0,4,1,1,0.1088,0.0136,0.0487,0.0026,0.2485,9
2500000.0,0.0,0.0,0.0,1000.0,27.0175284004612,0,0,1,0,0,0.6885,0.0,0.0578,0.0008,1.3152,8
3500000.0,0.0,0.0,0.0,1000.0,34.849801757089,0,0,1,0,0,0.0734,0.0008,0.0158,0.0076,0.2389,9
51221429.0,0.0,0.0,0.0,1010.0,21.0546683822257,4,0,0,0,0,0.7907,0.0009,0.9584,0.035,0.4702,26
8256000.0,0.0,0.0,0.0,1032.0,9.89644209220792,2,0,1,0,0,0.3407,0.0132,0.703,0.0155,1.4269,14
8000000.0,0.0,0.0,0.0,1000.0,41.2831222463188,0,0,2,0,0,0.1218,0.0016,0.0136,0.0152,0.2777,9
206769000.0,0.0,0.0,0.0,1317.0,17.4717437310338,3,0,7,0,0,0.5837,0.0121,0.1525,0.2494,1.4727,20
6600000.0,0.0,0.0,0.0,1000.0,39.5501578510163,0,0,0,0,0,0.1218,0.0016,0.0136,0.0152,0.2777,9
95769643.0,0.0,0.0,0.0,1012.0,6.72591001393616,0,0,1,0,0,0.3124,0.0012,0.1131,0.0053,0.3589,61
184950000.0,0.0,0.0,0.0,1370.0,9.43386668635108,0,0,1,0,0,0.254,0.0116,0.2906,0.0843,1.043,10
8000000.0,0.0,0.0,0.0,1000.0,41.2831222463188,0,0,2,0,0,0.1218,0.0016,0.0136,0.0152,0.2777,9
50060000.0,0.0,0.0,0.0,1043.0,17.877232859216,7,0,1,0,0,0.7907,0.0009,0.9584,0.035,0.4702,26
8000000.0,0.0,0.0,0.0,1000.0,41.2831222463188,0,0,2,0,0,0.1218,0.0016,0.0136,0.0152,0.2777,9
221536000.0,0.0,0.0,0.0,1376.0,17.4717437310338,3,0,7,0,0,0.5837,0.0121,0.1525,0.2494,1.4727,20
8056000.0,0.0,0.0,0.0,1007.0,41.2831222463188,0,0,2,0,0,0.1218,0.0016,0.0136,0.0152,0.2777,9
172320000.0,0.0,0.0,0.0,1077.0,17.4717437310338,3,0,7,0,0,0.5837,0.0121,0.1525,0.2494,1.4727,20
8000000.0,0.0,0.0,0.0,1000.0,41.2831222463188,0,0,2,0,0,0.1218,0.0016,0.0136,0.0152,0.2777,9
6150000.000000001,0.0,0.0,0.0,1002.0,24.8491547874528,16,1,5,4,0,0.5438,0.0007,0.3241,0.0006,0.6486,-1
8000000.0,0.0,0.0,0.0,1000.0,41.2831222463188,0,0,2,0,0,0.1218,0.0016,0.0136,0.0152,0.2777,9
10384000.0,0.0,0.0,0.0,1298.0,9.89644209220792,2,0,1,0,0,0.3407,0.0132,0.703,0.0155,1.4269,14
184950000.0,0.0,0.0,0.0,1370.0,8.50515694452222,3,0,10,0,0,0.254,0.0116,0.2906,0.0843,1.043,31
194535000.0,0.0,0.0,0.0,1441.0,8.50515694452222,3,0,10,0,0,0.254,0.0116,0.2906,0.0843,1.043,31
194535000.0,0.0,0.0,0.0,1441.0,9.43386668635108,0,0,1,0,0,0.254,0.0116,0.2906,0.0843,1.043,10
126700000.0,0.0,0.0,0.0,1267.0,28.0240969241861,2,0,4,0,1,0.5438,0.0007,0.3241,0.0006,0.6486,17
216384000.0,0.0,0.0,0.0,1344.0,13.1355149025997,15,0,7,0,0,0.5837,0.0121,0.1525,0.2494,1.4727,-1
20160000.0,0.0,0.0,0.0,1008.0,35.9255668106205,0,0,0,0,0,0.1088,0.0136,0.0487,0.0026,0.2485,9
3500000.0,0.0,0.0,0.0,1000.0,34.4164128279281,0,0,5,0,0,0.5438,0.0007,0.3241,0.0006,0.6486,17
13710000.0,0.0,0.0,0.0,1457.0,35.9479690462094,0,0,0,0,0,0.1088,0.0136,0.0487,0.0026,0.2485,9
8040000.0,0.0,0.0,0.0,1005.0,41.2831222463188,0,0,2,0,0,0.1218,0.0016,0.0136,0.0152,0.2777,9
5249999.999999999,0.0,0.0,0.0,1500.0,38.4937828570236,0,0,0,0,0,0.1613,0.0,0.015,0.0007,0.3402,9
8000000.0,0.0,0.0,0.0,1000.0,41.2831222463188,0,0,2,0,0,0.1218,0.0016,0.0136,0.0152,0.2777,9
3000000.0,0.0,0.0,0.0,1000.0,32.5223703556875,0,0,3,0,0,0.0734,0.0008,0.0158,0.0076,0.2389,9
8032000.0,0.0,0.0,0.0,1004.0,41.8902472037219,0,0,1,0,0,0.1218,0.0016,0.0136,0.0152,0.2777,9
8000000.0,0.0,0.0,0.0,1000.0,41.2831222463188,0,0,2,0,0,0.1218,0.0016,0.0136,0.0152,0.2777,9
70608000.0,0.0,0.0,0.0,1471.0,13.2835905668804,5,0,0,0,1,0.5837,0.0121,0.1525,0.2494,1.4727,20
11000000.0,0.0,0.0,0.0,1000.0,12.8875481962854,17,1,9,1,0,0.5837,0.0121,0.1525,0.2494,1.4727,-1
10374000.0,0.0,0.0,0.0,1482.0,37.5331749724911,0,0,2,0,0,0.4558,0.0,0.0527,0.0,1.3514,15
100000000.0,0.0,0.0,0.0,1000.0,10.0544559272852,0,0,2,0,0,0.3407,0.0132,0.703,0.0155,1.4269,14
5500000.0,0.0,0.0,0.0,1000.0,39.7138541494409,0,0,0,0,0,0.1218,0.0016,0.0136,0.0152,0.2777,9
1950000.0,0.0,0.0,0.0,1000.0,36.22599537188,0,0,1,0,0,0.6064,0.0034,0.1271,0.1166,0.8427,57
15000000.0,0.0,0.0,0.0,1000.0,38.391373263807,4,2,0,1,2,0.5438,0.0007,0.3241,0.0006,0.6486,56
9500000.0,0.0,0.0,0.0,1260.0,3.61979859657426,1,0,6,2,0,0.3538,0.0121,0.1372,0.0301,0.947,-1
4000000.0,0.0,0.0,0.0,1000.0,30.962393907879,0,0,0,0,0,0.0734,0.0008,0.0158,0.0076,0.2389,9
15000000.0,0.0,0.0,0.0,1000.0,30.962393907879,0,0,0,0,0,0.0734,0.0008,0.0158,0.0076,0.2389,9
3200000.0,0.0,0.0,0.0,1000.0,27.7183416752621,0,0,0,0,0,0.6885,0.0,0.0578,0.0008,1.3152,8
3500000.0,0.0,0.0,0.0,1000.0,27.7183416752621,0,0,0,0,0,0.6885,0.0,0.0578,0.0008,1.3152,8
15750000.0,0.0,0.0,0.0,1500.0,36.9174470320011,0,0,0,0,0,0.1218,0.0016,0.0136,0.0152,0.2777,9
10579999.999999998,0.0,0.0,0.0,1058.0,7.46532852824326,21,10,12,0,72,0.3407,0.0132,0.703,0.0155,1.4269,-1
7000000.0,0.0,0.0,0.0,1000.0,39.5501578510163,0,0,0,0,0,0.1218,0.0016,0.0136,0.0152,0.2777,9
7000000.0,0.0,0.0,0.0,1000.0,39.5501578510163,0,0,0,0,0,0.1218,0.0016,0.0136,0.0152,0.2777,9
7000000.0,0.0,0.0,0.0,1000.0,39.5501578510163,0,0,0,0,0,0.1218,0.0016,0.0136,0.0152,0.2777,9
7000000.0,0.0,0.0,0.0,1000.0,39.5501578510163,0,0,0,0,0,0.1218,0.0016,0.0136,0.0152,0.2777,9
25000000.0,0.0,0.0,0.0,1324.0,40.3785718386616,0,0,2,0,0,0.1088,0.0136,0.0487,0.0026,0.2485,9
2700000.0,0.0,0.0,0.0,1000.0,34.4923846796172,0,0,3,0,0,0.0734,0.0008,0.0158,0.0076,0.2389,9
4000000.0,0.0,0.0,0.0,1000.0,27.8570592735657,0,0,1,0,0,0.0734,0.0008,0.0158,0.0076,0.2389,9
45000000.0,0.0,0.0,0.0,1013.0,37.6916461629247,2,2,3,2,4,0.1088,0.0136,0.0487,0.0026,0.2485,24
35000000.0,0.0,0.0,0.0,1139.0,17.7725091164355,2,0,1,0,0,0.7907,0.0009,0.9584,0.035,0.4702,26
30000000.0,0.0,0.0,0.0,1500.0,37.6916461629247,2,2,3,2,4,0.1088,0.0136,0.0487,0.0026,0.2485,24
7000000.0,0.0,0.0,0.0,1000.0,39.5501578510163,0,0,0,0,0,0.1218,0.0016,0.0136,0.0152,0.2777,9
8931000.0,0.0,0.0,0.0,1374.0,22.0446338445306,2,0,1,0,0,1.2716,0.0014,0.1551,0.0274,1.3626,30
4000000.0,0.0,0.0,0.0,1000.0,27.8570592735657,0,0,1,0,0,0.0734,0.0008,0.0158,0.0076,0.2389,9
39360000.0,0.0,0.0,0.0,1312.0,40.3785718386616,0,0,2,0,0,0.1088,0.0136,0.0487,0.0026,0.2485,9
4000000.0,0.0,0.0,0.0,1000.0,31.3369702380947,1,0,3,1,1,0.0734,0.0008,0.0158,0.0076,0.2389,9
4000000.0,0.0,0.0,0.0,1000.0,31.3369702380947,1,0,3,1,1,0.0734,0.0008,0.0158,0.0076,0.2389,9
4000000.0,0.0,0.0,0.0,1000.0,34.4923846796172,0,0,3,0,0,0.0734,0.0008,0.0158,0.0076,0.2389,9
65000000.0,0.0,0.0,0.0,1036.0,5.79922797480873,5,2,6,3,5,0.3538,0.0121,0.1372,0.0301,0.947,-1
65000000.0,0.0,0.0,0.0,1036.0,1.98664210889069,10,1,10,0,4,0.3538,0.0121,0.1372,0.0301,0.947,46
19500000.0,0.0,0.0,0.0,1296.5,39.1098656562039,0,0,4,0,0,0.1088,0.0136,0.0487,0.0026,0.2485,9
185000000.0,0.0,0.0,0.0,1370.0,8.50515694452222,3,0,10,0,0,0.254,0.0116,0.2906,0.0843,1.043,31
7000000.0,0.0,0.0,0.0,1000.0,39.5501578510163,0,0,0,0,0,0.1218,0.0016,0.0136,0.0152,0.2777,9
7350000.000000002,0.0,0.0,0.0,1050.0,39.5501578510163,0,0,0,0,0,0.1218,0.0016,0.0136,0.0152,0.2777,9
7000000.0,0.0,0.0,0.0,1000.0,39.5501578510163,0,0,0,0,0,0.1218,0.0016,0.0136,0.0152,0.2777,9
7000000.0,0.0,0.0,0.0,1000.0,39.5501578510163,0,0,0,0,0,0.1218,0.0016,0.0136,0.0152,0.2777,9
7000000.0,0.0,0.0,0.0,1000.0,39.5501578510163,0,0,0,0,0,0.1218,0.0016,0.0136,0.0152,0.2777,9
7000000.0,0.0,0.0,0.0,1000.0,39.5501578510163,0,0,0,0,0,0.1218,0.0016,0.0136,0.0152,0.2777,9
6600000.0,0.0,0.0,0.0,1000.0,39.5501578510163,0,0,0,0,0,0.1218,0.0016,0.0136,0.0152,0.2777,9
12072000.0,0.0,0.0,0.0,1006.0,7.37997823376534,0,0,6,1,1,0.0346,0.0122,0.0176,0.006,0.1979,62
141600000.0,0.0,0.0,0.0,1180.0,19.263851248999,10,0,6,0,3,0.7907,0.0009,0.9584,0.035,0.4702,28
7000000.0,0.0,0.0,0.0,1000.0,39.5501578510163,0,0,0,0,0,0.1218,0.0016,0.0136,0.0152,0.2777,9
7000000.0,0.0,0.0,0.0,1000.0,39.5501578510163,0,0,0,0,0,0.1218,0.0016,0.0136,0.0152,0.2777,9
7000000.0,0.0,0.0,0.0,1000.0,39.5501578510163,0,0,0,0,0,0.1218,0.0016,0.0136,0.0152,0.2777,9
6500000.0,0.0,0.0,0.0,1000.0,39.5501578510163,0,0,0,0,0,0.1218,0.0016,0.0136,0.0152,0.2777,9
7000000.0,0.0,0.0,0.0,1000.0,39.5501578510163,0,0,0,0,0,0.1218,0.0016,0.0136,0.0152,0.2777,9
2616000.0,0.0,0.0,0.0,1308.0,20.789340320471,0,0,1,0,1,0.119,0.0092,0.0505,0.0034,0.6701,19
164000000.0,0.0,0.0,0.0,1492.0,6.72591001393616,0,0,1,0,0,0.3124,0.0012,0.1131,0.0053,0.3589,61
4000000.0,0.0,0.0,0.0,1000.0,27.8570592735657,0,0,1,0,0,0.0734,0.0008,0.0158,0.0076,0.2389,9
4000000.0,0.0,0.0,0.0,1000.0,27.8570592735657,0,0,1,0,0,0.0734,0.0008,0.0158,0.0076,0.2389,9
4000000.0,0.0,0.0,0.0,1000.0,31.3369702380947,1,0,3,1,1,0.0734,0.0008,0.0158,0.0076,0.2389,9
7000000.0,0.0,0.0,0.0,1000.0,39.5501578510163,0,0,0,0,0,0.1218,0.0016,0.0136,0.0152,0.2777,9
7000000.0,0.0,0.0,0.0,1000.0,39.5501578510163,0,0,0,0,0,0.1218,0.0016,0.0136,0.0152,0.2777,9
7000000.0,0.0,0.0,0.0,1000.0,39.5501578510163,0,0,0,0,0,0.1218,0.0016,0.0136,0.0152,0.2777,9
7000000.0,0.0,0.0,0.0,1000.0,39.5501578510163,0,0,0,0,0,0.1218,0.0016,0.0136,0.0152,0.2777,9
8260000.0,0.0,0.0,0.0,1180.0,39.5501578510163,0,0,0,0,0,0.1218,0.0016,0.0136,0.0152,0.2777,9
65000000.0,0.0,0.0,0.0,1036.0,5.79922797480873,5,2,6,3,5,0.3538,0.0121,0.1372,0.0301,0.947,-1
6163080.0,0.0,0.0,0.0,1500.0,37.6916461629247,2,2,3,2,4,0.1088,0.0136,0.0487,0.0026,0.2485,24
6500000.0,0.0,0.0,0.0,1000.0,22.0446338445306,2,0,1,0,0,1.2716,0.0014,0.1551,0.0274,1.3626,30
1219000.0,0.0,0.0,0.0,1066.0,26.055304487414,0,0,1,0,0,0.2257,0.001,0.0441,0.0,0.3048,9
50060000.0,0.0,0.0,0.0,1043.0,17.877232859216,7,0,1,0,0,0.7907,0.0009,0.9584,0.035,0.4702,26
211554000.0,0.0,0.0,0.0,1314.0,9.45685746964893,3,0,3,1,1,0.3538,0.0121,0.1372,0.0301,0.947,29
229377000.0,0.0,0.0,0.0,1461.0,9.45685746964893,3,0,3,1,1,0.3538,0.0121,0.1372,0.0301,0.947,29
163414999.99999997,0.0,0.0,0.0,1015.0,9.45685746964893,3,0,3,1,1,0.3538,0.0121,0.1372,0.0301,0.947,29
54000000.00000001,0.0,0.0,0.0,1008.0,13.2835905668804,5,0,0,0,1,0.5837,0.0121,0.1525,0.2494,1.4727,20
4000000.0,0.0,0.0,0.0,1000.0,31.3369702380947,1,0,3,1,1,0.0734,0.0008,0.0158,0.0076,0.2389,9
1125000.0,0.0,0.0,0.0,1250.0,35.0231756679732,0,0,3,0,0,0.5438,0.0007,0.3241,0.0006,0.6486,17
136705000.0,0.0,0.0,0.0,1439.0,7.37997823376534,0,0,6,1,1,0.0346,0.0122,0.0176,0.006,0.1979,62
27324000.0,0.0,0.0,0.0,1242.0,24.0317131048872,2,0,4,0,0,0.119,0.0092,0.0505,0.0034,0.6701,19
4000000.0,0.0,0.0,0.0,1000.0,34.4923846796172,0,0,3,0,0,0.0734,0.0008,0.0158,0.0076,0.2389,9
112320000.0,0.0,0.0,0.0,1404.0,26.1110877080702,0,0,1,0,1,0.5438,0.0007,0.3241,0.0006,0.6486,17
4000000.0,0.0,0.0,0.0,1000.0,31.3369702380947,1,0,3,1,1,0.0734,0.0008,0.0158,0.0076,0.2389,9
4000000.0,0.0,0.0,0.0,1000.0,31.3369702380947,1,0,3,1,1,0.0734,0.0008,0.0158,0.0076,0.2389,9
217916000.0,0.0,0.0,0.0,1388.0,9.45685746964893,3,0,3,1,1,0.3538,0.0121,0.1372,0.0301,0.947,29
172320000.0,0.0,0.0,0.0,1077.0,9.45685746964893,3,0,3,1,1,0.3538,0.0121,0.1372,0.0301,0.947,29
8048000.0,0.0,0.0,0.0,1006.0,41.2831222463188,0,0,2,0,0,0.1218,0.0016,0.0136,0.0152,0.2777,9
4000000.0,0.0,0.0,0.0,1000.0,31.3369702380947,1,0,3,1,1,0.0734,0.0008,0.0158,0.0076,0.2389,9
4000000.0,0.0,0.0,0.0,1000.0,34.4923846796172,0,0,3,0,0,0.0734,0.0008,0.0158,0.0076,0.2389,9
217759000.0,0.0,0.0,0.0,1387.0,9.45685746964893,3,0,3,1,1,0.3538,0.0121,0.1372,0.0301,0.947,29
4000000.0,0.0,0.0,0.0,1000.0,31.3369702380947,1,0,3,1,1,0.0734,0.0008,0.0158,0.0076,0.2389,9
4000000.0,0.0,0.0,0.0,1000.0,34.4923846796172,0,0,3,0,0,0.0734,0.0008,0.0158,0.0076,0.2389,9
4000000.0,0.0,0.0,0.0,1000.0,31.3369702380947,1,0,3,1,1,0.0734,0.0008,0.0158,0.0076,0.2389,9
9000000.0,0.0,0.0,0.0,1200.0,15.8279021897259,0,0,0,0,1,1.2716,0.0014,0.1551,0.0274,1.3626,30
4000000.0,0.0,0.0,0.0,1000.0,30.962393907879,0,0,0,0,0,0.0734,0.0008,0.0158,0.0076,0.2389,9
9500000.0,0.0,0.0,0.0,1000.0,10.6740575358095,11,0,2,1,0,0.3407,0.0132,0.703,0.0155,1.4269,38
4500000.0,0.0,0.0,0.0,1500.0,39.5501578510163,0,0,0,0,0,0.1218,0.0016,0.0136,0.0152,0.2777,9
8000000.0,0.0,0.0,0.0,1000.0,41.2831222463188,0,0,2,0,0,0.1218,0.0016,0.0136,0.0152,0.2777,9
165792000.0,0.0,0.0,0.0,1056.0,9.45685746964893,3,0,3,1,1,0.3538,0.0121,0.1372,0.0301,0.947,29
165792000.0,0.0,0.0,0.0,1056.0,9.45685746964893,3,0,3,1,1,0.3538,0.0121,0.1372,0.0301,0.947,29
206769000.0,0.0,0.0,0.0,1317.0,9.45685746964893,3,0,3,1,1,0.3538,0.0121,0.1372,0.0301,0.947,29
4000000.0,0.0,0.0,0.0,1000.0,33.8090495186888,0,0,0,0,0,0.0734,0.0008,0.0158,0.0076,0.2389,9
224667000.0,0.0,0.0,0.0,1431.0,9.45685746964893,3,0,3,1,1,0.3538,0.0121,0.1372,0.0301,0.947,29
4000000.0,0.0,0.0,0.0,1000.0,34.4923846796172,0,0,3,0,0,0.0734,0.0008,0.0158,0.0076,0.2389,9
4000000.0,0.0,0.0,0.0,1000.0,31.3369702380947,1,0,3,1,1,0.0734,0.0008,0.0158,0.0076,0.2389,9
4000000.0,0.0,0.0,0.0,1000.0,30.962393907879,0,0,0,0,0,0.0734,0.0008,0.0158,0.0076,0.2389,9
4000000.0,0.0,0.0,0.0,1000.0,34.4923846796172,0,0,3,0,0,0.0734,0.0008,0.0158,0.0076,0.2389,9
4000000.0,0.0,0.0,0.0,1000.0,31.3369702380947,1,0,3,1,1,0.0734,0.0008,0.0158,0.0076,0.2389,9
4000000.0,0.0,0.0,0.0,1000.0,32.5223703556875,0,0,3,0,0,0.0734,0.0008,0.0158,0.0076,0.2389,9
4000000.0,0.0,0.0,0.0,1000.0,31.3369702380947,1,0,3,1,1,0.0734,0.0008,0.0158,0.0076,0.2389,9
216384000.0,0.0,0.0,0.0,1344.0,9.45685746964893,3,0,3,1,1,0.3538,0.0121,0.1372,0.0301,0.947,29
221536000.0,0.0,0.0,0.0,1376.0,9.45685746964893,3,0,3,1,1,0.3538,0.0121,0.1372,0.0301,0.947,29
4000000.0,0.0,0.0,0.0,1000.0,33.8090495186888,0,0,0,0,0,0.0734,0.0008,0.0158,0.0076,0.2389,9
4000000.0,0.0,0.0,0.0,1000.0,27.8570592735657,0,0,1,0,0,0.0734,0.0008,0.0158,0.0076,0.2389,9
43400000.0,0.0,0.0,0.0,1400.0,22.1043837216916,0,0,1,0,0,0.3407,0.0132,0.703,0.0155,1.4269,14
15750000.0,0.0,0.0,0.0,1500.0,19.0664865082673,0,0,2,0,0,0.1218,0.0016,0.0136,0.0152,0.2777,9
25300000.0,0.0,0.0,0.0,1265.0,14.3188956244611,23,0,22,5,1,0.5837,0.0121,0.1525,0.2494,1.4727,-1
12621000.0,0.0,0.0,0.0,1202.0,22.1043837216916,0,0,1,0,0,0.3407,0.0132,0.703,0.0155,1.4269,14
45000000.0,0.0,0.0,0.0,1097.0,35.9479690462094,0,0,0,0,0,0.1088,0.0136,0.0487,0.0026,0.2485,9
8442000.0,0.0,0.0,0.0,1206.0,19.3272105229961,14,2,13,3,2,0.1593,0.1281,0.0403,0.0,0.2772,-1
4000000.0,0.0,0.0,0.0,1000.0,31.3369702380947,1,0,3,1,1,0.0734,0.0008,0.0158,0.0076,0.2389,9
70000000.0,0.0,0.0,0.0,1000.0,17.877232859216,7,0,1,0,0,0.7907,0.0009,0.9584,0.035,0.4702,26
170815999.99999997,0.0,0.0,0.0,1088.0,9.45685746964893,3,0,3,1,1,0.3538,0.0121,0.1372,0.0301,0.947,29
11407000.0,0.0,0.0,0.0,1037.0,40.3785718386616,0,0,2,0,0,0.1088,0.0136,0.0487,0.0026,0.2485,9
8442000.0,0.0,0.0,0.0,1206.0,19.3272105229961,14,2,13,3,2,0.1593,0.1281,0.0403,0.0,0.2772,-1
24000000.0,0.0,0.0,0.0,1300.0,15.2105601369867,25,0,23,9,1,0.5837,0.0121,0.1525,0.2494,1.4727,42
40000000.0,0.0,0.0,0.0,1000.0,5.51114431804865,0,1,7,0,0,0.254,0.0116,0.2906,0.0843,1.043,48
3500000.0,0.0,0.0,0.0,1000.0,38.4937828570236,0,0,0,0,0,0.1613,0.0,0.015,0.0007,0.3402,9
66195000.0,0.0,0.0,0.0,1471.0,13.2835905668804,5,0,0,0,1,0.5837,0.0121,0.1525,0.2494,1.4727,20
66195000.0,0.0,0.0,0.0,1471.0,13.2835905668804,5,0,0,0,1,0.5837,0.0121,0.1525,0.2494,1.4727,20
3500000.0,0.0,0.0,0.0,1000.0,38.4937828570236,0,0,0,0,0,0.1613,0.0,0.015,0.0007,0.3402,9
7000000.0,0.0,0.0,0.0,1000.0,39.5501578510163,0,0,0,0,0,0.1218,0.0016,0.0136,0.0152,0.2777,9
75845000.0,0.0,0.0,0.0,1004.0,35.9479690462094,0,0,0,0,0,0.1088,0.0136,0.0487,0.0026,0.2485,9
4800000.0,0.0,0.0,0.0,1000.0,29.2961173103009,0,0,1,0,0,0.0734,0.0008,0.0158,0.0076,0.2389,9
49999999.99999999,0.0,0.0,0.0,1000.0,17.877232859216,7,0,1,0,0,0.7907,0.0009,0.9584,0.035,0.4702,26
25300000.0,0.0,0.0,0.0,1265.0,12.1965796701453,0,0,1,0,0,0.5837,0.0121,0.1525,0.2494,1.4727,20
4300000.0,0.0,0.0,0.0,1000.0,40.6303510698566,0,0,1,0,0,0.1218,0.0016,0.0136,0.0152,0.2777,9
4049500.0,0.0,0.0,0.0,1157.0,30.962393907879,0,0,0,0,0,0.0734,0.0008,0.0158,0.0076,0.2389,9
4000000.0,0.0,0.0,0.0,1000.0,34.4923846796172,0,0,3,0,0,0.0734,0.0008,0.0158,0.0076,0.2389,9
66195000.0,0.0,0.0,0.0,1471.0,13.2835905668804,5,0,0,0,1,0.5837,0.0121,0.1525,0.2494,1.4727,20
4553500.0,0.0,0.0,0.0,1301.0,30.962393907879,0,0,0,0,0,0.0734,0.0008,0.0158,0.0076,0.2389,9
4175500.0,0.0,0.0,0.0,1193.0,30.962393907879,0,0,0,0,0,0.0734,0.0008,0.0158,0.0076,0.2389,9
33100000.0,0.0,0.0,0.0,1324.0,36.8583757028108,0,0,3,0,0,0.1088,0.0136,0.0487,0.0026,0.2485,9
60000000.0,0.0,0.0,0.0,1000.0,17.877232859216,7,0,1,0,0,0.7907,0.0009,0.9584,0.035,0.4702,26
3200000.0,0.0,0.0,0.0,1000.0,30.962393907879,0,0,0,0,0,0.0734,0.0008,0.0158,0.0076,0.2389,9
4640000.0,0.0,0.0,0.0,1000.0,30.962393907879,0,0,0,0,0,0.0734,0.0008,0.0158,0.0076,0.2389,9
1500000.0,0.0,0.0,0.0,1000.0,36.3833727499977,0,0,1,0,0,0.1613,0.0,0.015,0.0007,0.3402,9
2500000.0,0.0,0.0,0.0,1000.0,33.8687575340188,0,0,3,0,0,0.0734,0.0008,0.0158,0.0076,0.2389,9
6300000.0,0.0,0.0,0.0,1400.0,42.0085818007436,0,0,1,0,0,0.1218,0.0016,0.0136,0.0152,0.2777,9
9100000.0,0.0,0.0,0.0,1300.0,38.391373263807,4,2,0,1,2,0.5438,0.0007,0.3241,0.0006,0.6486,56
185920000.0,0.0,0.0,0.0,1162.0,9.45685746964893,3,0,3,1,1,0.3538,0.0121,0.1372,0.0301,0.947,29
22000000.0,0.0,0.0,0.0,1100.0,8.07513000588989,5,0,3,0,6,0.254,0.0116,0.2906,0.0843,1.043,39
195840000.0,0.0,0.0,0.0,1088.0,9.45685746964893,3,0,3,1,1,0.3538,0.0121,0.1372,0.0301,0.947,29
32400000.0,0.0,0.0,0.0,1200.0,42.4531151189058,0,0,1,0,0,0.1088,0.0136,0.0487,0.0026,0.2485,9
66195000.0,0.0,0.0,0.0,1471.0,13.2835905668804,5,0,0,0,1,0.5837,0.0121,0.1525,0.2494,1.4727,20
14499999.999999998,0.0,0.0,0.0,1300.0,37.5736740624449,2,2,1,2,4,0.1088,0.0136,0.0487,0.0026,0.2485,24
8000000.0,0.0,0.0,0.0,1025.0,23.2302408211237,0,0,0,0,0,1.2716,0.0014,0.1551,0.0274,1.3626,30
60000000.0,0.0,0.0,0.0,3639.0,38.3982004485583,0,0,2,0,0,0.1088,0.0136,0.0487,0.0026,0.2485,9
180620000.0,0.0,0.0,0.0,18062.0,37.1591301051534,0,0,2,0,0,0.1088,0.0136,0.0487,0.0026,0.2485,9
16000000.0,0.0,0.0,0.0,5000.0,27.5790192996133,0,0,0,0,0,0.0734,0.0008,0.0158,0.0076,0.2389,9
79840000.00000001,0.0,0.0,0.0,9980.0,23.2384291828966,0,0,1,0,0,0.2257,0.001,0.0441,0.0,0.3048,9
335670000.0,0.0,0.0,0.0,22378.0,19.1451379133926,8,0,0,0,0,0.7907,0.0009,0.9584,0.035,0.4702,26
97682000.0,0.0,0.0,0.0,7514.0,20.080852301341,13,1,10,0,1,0.7907,0.0009,0.9584,0.035,0.4702,63
30000000.0,0.0,0.0,0.0,5996.0,41.2831222463188,0,0,2,0,0,0.1218,0.0016,0.0136,0.0152,0.2777,9
298888168.0,0.0,0.0,0.0,23685.0,36.6662808957857,0,0,4,1,1,0.1088,0.0136,0.0487,0.0026,0.2485,9
186240000.0,0.0,0.0,0.0,1552.0,6.78993186897245,10,1,9,1,4,0.254,0.0116,0.2906,0.0843,1.043,33
203760000.0,0.0,0.0,0.0,2741.0,6.78993186897245,10,1,9,1,4,0.254,0.0116,0.2906,0.0843,1.043,33
1699558000.0,0.0,0.0,0.0,242794.0,35.9479690462094,0,0,0,0,0,0.1088,0.0136,0.0487,0.0026,0.2485,9
228836000.0,0.0,0.0,0.0,5709.0,12.1965796701453,0,0,1,0,0,0.5837,0.0121,0.1525,0.2494,1.4727,20
76698000.0,0.0,0.0,0.0,8522.0,23.2384291828966,0,0,1,0,0,0.2257,0.001,0.0441,0.0,0.3048,9
750000.0,0.0,0.0,0.0,7500.0,25.0511641720128,0,0,2,0,0,0.2257,0.001,0.0441,0.0,0.3048,9
457173500.0,0.0,0.0,0.0,13062.1,8.74056370943242,6,0,17,1,5,0.254,0.0116,0.2906,0.0843,1.043,52
3500000000.0,0.0,0.0,0.0,500000.0,16.875707431962,14,0,7,1,0,0.3407,0.0132,0.703,0.0155,1.4269,32
23408000.0,0.0,0.0,0.0,3344.0,27.7183416752621,0,0,0,0,0,0.6885,0.0,0.0578,0.0008,1.3152,8
86013000.0,0.0,0.0,0.0,9557.0,23.2384291828966,0,0,1,0,0,0.2257,0.001,0.0441,0.0,0.3048,9
23112000.0,0.0,0.0,0.0,2568.0,23.2384291828966,0,0,1,0,0,0.2257,0.001,0.0441,0.0,0.3048,9
90630000.0,0.0,0.0,0.0,10070.0,23.2384291828966,0,0,1,0,0,0.2257,0.001,0.0441,0.0,0.3048,9
27074500.0,0.0,0.0,0.0,1923.0,18.9286937182365,0,0,3,0,0,1.2716,0.0014,0.1551,0.0274,1.3626,30
348460000.0,0.0,0.0,0.0,9956.0,20.080852301341,13,1,10,0,1,0.7907,0.0009,0.9584,0.035,0.4702,63
3000000000.0,0.0,0.0,0.0,600000.0,29.393218917082,0,0,1,0,0,0.5438,0.0007,0.3241,0.0006,0.6486,17
75132000.0,0.0,0.0,0.0,8348.0,23.2384291828966,0,0,1,0,0,0.2257,0.001,0.0441,0.0,0.3048,9
77805000.0,0.0,0.0,0.0,22230.0,29.3262556646375,0,0,3,0,0,0.5438,0.0007,0.3241,0.0006,0.6486,17
765000000.0000001,0.0,0.0,0.0,17000.0,36.8096328108511,0,0,6,0,0,0.1088,0.0136,0.0487,0.0026,0.2485,9
411150000.0,0.0,0.0,0.0,2741.0,6.78993186897245,10,1,9,1,4,0.254,0.0116,0.2906,0.0843,1.043,33
7000000000.0,0.0,0.0,0.0,1000000.0,16.875707431962,14,0,7,1,0,0.3407,0.0132,0.703,0.0155,1.4269,-1
121000000.0,0.0,0.0,0.0,8062.0,22.1043837216916,0,0,1,0,0,0.3407,0.0132,0.703,0.0155,1.4269,14
434700000.0,0.0,0.0,0.0,2898.0,19.263851248999,10,0,6,0,3,0.7907,0.0009,0.9584,0.035,0.4702,28
600000000.0,0.0,0.0,0.0,100000.0,28.5892629973762,0,0,2,0,0,0.2257,0.001,0.0441,0.0,0.3048,9
13500000.0,0.0,0.0,0.0,5000.0,27.5790192996133,0,0,0,0,0,0.0734,0.0008,0.0158,0.0076,0.2389,9
70000000.0,0.0,0.0,0.0,6798.0,29.3095239958289,1,0,2,0,0,0.0734,0.0008,0.0158,0.0076,0.2389,9
944671500.0,0.0,0.0,0.0,81285.0,19.4002446871684,8,2,2,2,2,0.3407,0.0132,0.703,0.0155,1.4269,18
100000000.0,0.0,0.0,0.0,130000.0,24.92489243207,0,1,9,3,0,0.2257,0.001,0.0441,0.0,0.3048,-1
687525000.0,0.0,0.0,0.0,55002.0,16.7865675349927,0,0,3,0,1,1.2716,0.0014,0.1551,0.0274,1.3626,30
210285000.0,0.0,0.0,0.0,14019.0,12.0833897955908,6,0,10,0,0,0.3407,0.0132,0.703,0.0155,1.4269,49
41250000.0,0.0,0.0,0.0,5500.0,32.6649213230529,0,0,3,0,0,0.6885,0.0,0.0578,0.0008,1.3152,8
1205050000.0,0.0,0.0,0.0,17215.0,5.20994676391641,2,0,4,1,0,0.3124,0.0012,0.1131,0.0053,0.3589,-1
125000000.0,0.0,0.0,0.0,5000.0,7.97244707812433,0,0,0,1,0,0.3124,0.0012,0.1131,0.0053,0.3589,37
193572000.0,0.0,0.0,0.0,21508.0,15.1872516412614,5,1,5,0,0,0.3407,0.0132,0.703,0.0155,1.4269,-1
2551900000.0,0.0,0.0,0.0,51038.0,20.080852301341,13,1,10,0,1,0.7907,0.0009,0.9584,0.035,0.4702,63
99000000.0,0.0,0.0,0.0,4300.0,35.9479690462094,0,0,0,0,0,0.1088,0.0136,0.0487,0.0026,0.2485,9
2100000000.0,0.0,0.0,0.0,30000.0,6.03577360461932,1,0,7,2,0,0.3124,0.0012,0.1131,0.0053,0.3589,60
331080000.0,0.0,0.0,0.0,41385.0,15.1315919412642,0,0,0,0,0,1.2716,0.0014,0.1551,0.0274,1.3626,30
51799500.0,0.0,0.0,0.0,11511.0,35.2393050033656,0,0,1,0,0,0.0734,0.0008,0.0158,0.0076,0.2389,9
402480000.0,0.0,0.0,0.0,3354.0,5.79136839895558,1,0,5,2,0,0.3124,0.0012,0.1131,0.0053,0.3589,60
108900000.0,0.0,0.0,0.0,8712.0,14.2304789103018,2,1,5,1,0,1.2716,0.0014,0.1551,0.0274,1.3626,-1
80212500.00000001,0.0,0.0,0.0,6417.0,15.8279021897259,0,0,0,0,1,1.2716,0.0014,0.1551,0.0274,1.3626,30
320000000.0,0.0,0.0,0.0,20000.0,0.923610606618631,11,1,20,1,3,0.3538,0.0121,0.1372,0.0301,0.947,-1
510000000.0,0.0,0.0,0.0,170000.0,29.1681702241791,0,0,2,0,0,0.0734,0.0008,0.0158,0.0076,0.2389,9
510000000.0,0.0,0.0,0.0,51000.0,24.421779765891,0,1,5,2,0,0.2257,0.001,0.0441,0.0,0.3048,-1
18837500.0,0.0,0.0,0.0,7535.0,34.1164989965369,0,0,1,0,0,0.0734,0.0008,0.0158,0.0076,0.2389,9
1050000000.0,0.0,0.0,0.0,21000.0,5.50614895561023,2,0,6,0,0,0.3124,0.0012,0.1131,0.0053,0.3589,59
135000000.0,0.0,0.0,0.0,27000.0,36.9130822309376,0,0,6,0,0,0.1088,0.0136,0.0487,0.0026,0.2485,9
975000000.0,0.0,0.0,0.0,65000.0,25.8959659337003,0,0,4,2,0,0.2257,0.001,0.0441,0.0,0.3048,58
400000000.0,0.0,0.0,0.0,16000.0,5.508567137089,2,0,6,0,0,0.3124,0.0012,0.1131,0.0053,0.3589,59
70000000.0,0.0,0.0,0.0,28000.0,31.7844483168442,0,0,3,0,0,0.6885,0.0,0.0578,0.0008,1.3152,8
1280000000.0,0.0,0.0,0.0,160000.0,19.1976966965088,9,2,4,1,3,0.3407,0.0132,0.703,0.0155,1.4269,-1
90000000.0,0.0,0.0,0.0,10000.0,18.6800254772538,8,2,3,0,2,0.3407,0.0132,0.703,0.0155,1.4269,-1
870000000.0,0.0,0.0,0.0,87000.0,24.8880820840067,0,1,9,2,0,0.2257,0.001,0.0441,0.0,0.3048,-1
165000000.0,0.0,0.0,0.0,33000.0,36.9141948187118,0,0,8,0,0,0.4558,0.0,0.0527,0.0,1.3514,15
99315000.0,0.0,0.0,0.0,11035.0,14.0265999105002,0,0,0,0,0,0.3407,0.0132,0.703,0.0155,1.4269,14
10176785.71,0.0,0.0,0.0,400000.0,30.7198890624598,1,0,2,0,0,0.5438,0.0007,0.3241,0.0006,0.6486,17
80000000.0,2.0,0.0,0.0,16000.0,7.83006498323309,0,0,3,1,0,0.0346,0.0122,0.0176,0.006,0.1979,-1
366104000.0,0.0,0.0,0.0,45763.0,15.9743279405515,0,0,0,0,0,1.2716,0.0014,0.1551,0.0274,1.3626,30
189000000.0,0.0,0.0,0.0,42000.0,34.849801757089,0,0,1,0,0,0.0734,0.0008,0.0158,0.0076,0.2389,9
68000000.0,0.0,0.0,0.0,10000.0,28.693815317954,0,0,1,0,0,0.4236,0.0,0.0544,0.0,0.506,34
49080000.0,0.0,0.0,0.0,2454.0,37.2118046780445,2,1,3,2,4,0.1088,0.0136,0.0487,0.0026,0.2485,47
52500000.0,0.0,0.0,0.0,10500.0,19.0664865082673,0,0,2,0,0,0.1218,0.0016,0.0136,0.0152,0.2777,9
811788000.0,0.0,0.0,0.0,67649.0,19.1007898786802,9,2,3,1,3,0.3407,0.0132,0.703,0.0155,1.4269,-1
1200000000.0,0.0,0.0,0.0,80000.0,15.3418404022251,1,0,5,0,0,1.2716,0.0014,0.1551,0.0274,1.3626,30
80739000.0,0.0,0.0,0.0,8971.0,14.0265999105002,0,0,0,0,0,0.3407,0.0132,0.703,0.0155,1.4269,14
30000000.0,0.0,0.0,0.0,12000.0,28.4761170789012,0,0,1,0,0,0.0734,0.0008,0.0158,0.0076,0.2389,9
8867900.0,0.0,0.0,0.0,1637.0,18.9286937182365,0,0,3,0,0,1.2716,0.0014,0.1551,0.0274,1.3626,30
77000000.0,0.0,0.0,15497.0,15497.0,41.2831222463188,0,0,2,0,0,0.1218,0.0016,0.0136,0.0152,0.2777,-1
1419250000.0000002,0.0,0.0,0.0,101375.0,36.8096328108511,0,0,6,0,0,0.1088,0.0136,0.0487,0.0026,0.2485,9
105000000.0,0.0,0.0,0.0,15000.0,37.1591301051534,0,0,2,0,0,0.1088,0.0136,0.0487,0.0026,0.2485,9
112280000.0,0.0,0.0,0.0,1604.0,19.263851248999,10,0,6,0,3,0.7907,0.0009,0.9584,0.035,0.4702,28
458288000.0,0.0,0.0,0.0,32592.0,37.1022594958161,1,0,2,0,1,0.1088,0.0136,0.0487,0.0026,0.2485,9
64736000.0,0.0,0.0,0.0,2312.0,40.3785718386616,0,0,2,0,0,0.1088,0.0136,0.0487,0.0026,0.2485,9
372736000.0,0.0,0.0,0.0,13312.0,40.3785718386616,0,0,2,0,0,0.1088,0.0136,0.0487,0.0026,0.2485,9
160000000.0,0.0,0.0,0.0,30838.0,22.4871737866629,11,0,7,0,0,0.5438,0.0007,0.3241,0.0006,0.6486,-1
105000000.0,0.0,0.0,0.0,12265.0,23.2384291828966,0,0,1,0,0,0.2257,0.001,0.0441,0.0,0.3048,9
137088000.0,0.0,0.0,0.0,39168.0,35.9479690462094,0,0,0,0,0,0.1088,0.0136,0.0487,0.0026,0.2485,9
180620000.0,0.0,0.0,0.0,18062.0,37.1591301051534,0,0,2,0,0,0.1088,0.0136,0.0487,0.0026,0.2485,9
60000000.0,0.0,0.0,0.0,4000.0,33.9370485134506,0,0,1,0,0,0.6885,0.0,0.0578,0.0008,1.3152,8
20312000.000000004,0.0,0.0,0.0,5078.0,34.849801757089,0,0,1,0,0,0.0734,0.0008,0.0158,0.0076,0.2389,9
558000000.0,0.0,0.0,0.0,35000.0,16.875707431962,14,0,7,1,0,0.3407,0.0132,0.703,0.0155,1.4269,32
62400000.0,0.0,0.0,0.0,10400.0,29.1445916662896,0,0,1,0,0,0.5438,0.0007,0.3241,0.0006,0.6486,17
40000000.0,0.0,0.0,0.0,5001.0,28.3398402910932,1,0,0,0,1,0.5438,0.0007,0.3241,0.0006,0.6486,17
9284000.0,0.0,0.0,0.0,1688.0,42.0348995346874,1,0,5,0,0,0.1218,0.0016,0.0136,0.0152,0.2777,9
34290000.0,0.0,0.0,0.0,2286.0,33.9370485134506,0,0,1,0,0,0.6885,0.0,0.0578,0.0008,1.3152,8
32500000.0,0.0,0.0,0.0,6500.0,40.1958507530222,0,0,3,0,0,0.1088,0.0136,0.0487,0.0026,0.2485,9
35000000.0,0.0,0.0,0.0,1400000.0,38.4552851496722,0,0,3,0,0,0.1218,0.0016,0.0136,0.0152,0.2777,-1
411150000.0,0.0,0.0,0.0,2741.0,9.43386668635108,0,0,1,0,0,0.254,0.0116,0.2906,0.0843,1.043,10
411150000.0,0.0,0.0,0.0,2741.0,9.43386668635108,0,0,1,0,0,0.254,0.0116,0.2906,0.0843,1.043,10
248488800.0,0.0,0.0,0.0,6339.0,19.2884441736279,2,0,1,0,0,0.5837,0.0121,0.1525,0.2494,1.4727,20
13422500.0,0.0,0.0,0.0,3835.0,34.849801757089,0,0,1,0,0,0.0734,0.0008,0.0158,0.0076,0.2389,9
452088000.0,0.0,0.0,0.0,32292.0,37.1022594958161,1,0,2,0,1,0.1088,0.0136,0.0487,0.0026,0.2485,9
25885440.0,0.0,0.0,0.0,2568.0,25.8959659337003,0,0,4,2,0,0.2257,0.001,0.0441,0.0,0.3048,58
210000000.0,0.0,0.0,0.0,15000.0,40.3785718386616,0,0,2,0,0,0.1088,0.0136,0.0487,0.0026,0.2485,9
65912000.0,0.0,0.0,0.0,4280.0,39.7653494222349,0,0,0,0,0,0.1218,0.0016,0.0136,0.0152,0.2777,9
20429500.0,0.0,0.0,0.0,5837.0,25.8172881119908,0,0,3,0,0,0.2257,0.001,0.0441,0.0,0.3048,9
411150000.0,0.0,0.0,0.0,2741.0,9.43386668635108,0,0,1,0,0,0.254,0.0116,0.2906,0.0843,1.043,10
552600000.0,0.0,0.0,0.0,3683.0,9.43386668635108,0,0,1,0,0,0.254,0.0116,0.2906,0.0843,1.043,10
130700000.0,0.0,0.0,0.0,1525.0,7.39987046487849,2,1,3,1,2,0.3124,0.0012,0.1131,0.0053,0.3589,45
63900000.0,0.0,0.0,0.0,3108.0,5.42680120418192,11,1,6,2,0,0.254,0.0116,0.2906,0.0843,1.043,-1
552600000.0,0.0,0.0,0.0,3683.0,9.43386668635108,0,0,1,0,0,0.254,0.0116,0.2906,0.0843,1.043,10
552600000.0,0.0,0.0,0.0,3683.0,9.43386668635108,0,0,1,0,0,0.254,0.0116,0.2906,0.0843,1.043,10
33340000.0,0.0,0.0,0.0,3334.0,40.3785718386616,0,0,2,0,0,0.1088,0.0136,0.0487,0.0026,0.2485,9
154640000.0,0.0,0.0,0.0,19330.31,37.1223648512146,0,0,0,0,0,0.1088,0.0136,0.0487,0.0026,0.2485,9
38700000.0,0.0,0.0,0.0,24000.0,41.9590714515421,0,0,0,0,0,0.1218,0.0016,0.0136,0.0152,0.2777,9
330000000.0,0.0,0.0,0.0,2309.0,6.03577360461932,1,0,7,2,0,0.3124,0.0012,0.1131,0.0053,0.3589,60
16713000.0,0.0,0.0,0.0,1857.0,21.7441129933872,0,0,0,0,0,1.2716,0.0014,0.1551,0.0274,1.3626,30
96922000.0,0.0,0.0,0.0,13846.0,35.3199498932536,1,0,4,1,0,0.5438,0.0007,0.3241,0.0006,0.6486,50
89999000.0,0.0,0.0,0.0,13846.0,35.3199498932536,1,0,4,1,0,0.5438,0.0007,0.3241,0.0006,0.6486,50
3000000000.0,0.0,0.0,0.0,100000.0,3.74428308696831,4,1,5,1,2,0.3538,0.0121,0.1372,0.0301,0.947,-1
188595000.0,0.0,0.0,0.0,12573.0,20.2561166269411,0,0,3,0,0,0.119,0.0092,0.0505,0.0034,0.6701,19
26690000.0,0.0,0.0,0.0,13345.0,30.8185436486394,1,0,4,1,1,0.0734,0.0008,0.0158,0.0076,0.2389,9
1125000000.0,0.0,0.0,0.0,45000.0,20.2561166269411,0,0,3,0,0,0.119,0.0092,0.0505,0.0034,0.6701,19
33195500.0,0.0,0.0,0.0,5107.0,38.4207214825189,0,0,3,0,0,0.1088,0.0136,0.0487,0.0026,0.2485,9
751792000.0,0.0,0.0,0.0,19784.0,20.080852301341,13,1,10,0,1,0.7907,0.0009,0.9584,0.035,0.4702,63
13400000.0,0.0,0.0,0.0,3835.0,34.849801757089,0,0,1,0,0,0.0734,0.0008,0.0158,0.0076,0.2389,9
138000000.0,0.0,0.0,0.0,10000.0,37.6955579442976,0,0,4,0,1,0.1088,0.0136,0.0487,0.0026,0.2485,9
385000000.0,0.0,0.0,0.0,2000.0,6.03577360461932,1,0,7,2,0,0.3124,0.0012,0.1131,0.0053,0.3589,60
89999000.0,0.0,0.0,0.0,13846.0,32.0299260687064,0,0,3,0,0,0.6885,0.0,0.0578,0.0008,1.3152,8
17200000.0,0.0,0.0,0.0,1720.0,21.7441129933872,0,0,0,0,0,1.2716,0.0014,0.1551,0.0274,1.3626,30
85595000.00000001,0.0,0.0,0.0,10070.0,12.504161353757,1,0,5,0,1,0.5837,0.0121,0.1525,0.2494,1.4727,20
200000000.0,0.0,0.0,0.0,2500.0,39.702682203301,2,2,3,3,1,0.1088,0.0136,0.0487,0.0026,0.2485,-1
65142000.0,0.0,0.0,6204.0,6204.0,36.8096328108511,0,0,6,0,0,0.1088,0.0136,0.0487,0.0026,0.2485,-1
189000000.0,0.0,0.0,0.0,42000.0,34.849801757089,0,0,1,0,0,0.0734,0.0008,0.0158,0.0076,0.2389,9
370000000.0,0.0,0.0,0.0,37000.0,20.2561166269411,0,0,3,0,0,0.119,0.0092,0.0505,0.0034,0.6701,19
1482000000.0,0.0,0.0,0.0,190000.0,37.6916461629247,2,2,3,2,4,0.1088,0.0136,0.0487,0.0026,0.2485,24
20642500.0,0.0,0.0,0.0,1795.0,17.8972997396508,1,0,6,0,0,1.2716,0.0014,0.1551,0.0274,1.3626,30
73021000.0,0.0,0.0,0.0,11234.0,37.6916461629247,2,2,3,2,4,0.1088,0.0136,0.0487,0.0026,0.2485,24
80000000.0,0.0,0.0,0.0,80000.0,19.9662116245022,0,0,1,0,0,1.2716,0.0014,0.1551,0.0274,1.3626,30
40000000.0,0.0,0.0,0.0,2214.0,22.698437081916,0,0,3,0,0,0.1088,0.0136,0.0487,0.0026,0.2485,9
20642500.0,0.0,0.0,0.0,1795.0,18.9286937182365,0,0,3,0,0,1.2716,0.0014,0.1551,0.0274,1.3626,30
385000000.0,0.0,0.0,0.0,2364.0,6.03577360461932,1,0,7,2,0,0.3124,0.0012,0.1131,0.0053,0.3589,60
12845000.0,0.0,0.0,0.0,1784.0,21.7441129933872,0,0,0,0,0,1.2716,0.0014,0.1551,0.0274,1.3626,30
18000000.0,0.0,0.0,5229.0,5229.0,40.8240586743211,0,0,1,0,0,0.1218,0.0016,0.0136,0.0152,0.2777,-1
160000000.0,0.0,0.0,0.0,30838.0,23.4236856291702,8,0,3,1,0,0.5438,0.0007,0.3241,0.0006,0.6486,-1
60000000.0,0.0,0.0,0.0,30000.0,37.0193085298056,0,0,3,0,0,0.4558,0.0,0.0527,0.0,1.3514,15
28662500.0,0.0,0.0,0.0,11465.0,31.3774776816813,0,0,0,0,0,0.6885,0.0,0.0578,0.0008,1.3152,8
385000000.0,0.0,0.0,0.0,2300.0,6.03577360461932,1,0,7,2,0,0.3124,0.0012,0.1131,0.0053,0.3589,60
12233000.0,0.0,0.0,0.0,1699.0,21.7441129933872,0,0,0,0,0,1.2716,0.0014,0.1551,0.0274,1.3626,30
11841000.0,0.0,0.0,0.0,1558.0,21.7441129933872,0,0,0,0,0,1.2716,0.0014,0.1551,0.0274,1.3626,30
130000000.0,0.0,0.0,0.0,6036.0,35.3199498932536,1,0,4,1,0,0.5438,0.0007,0.3241,0.0006,0.6486,50
452088000.0,0.0,0.0,32292.0,32292.0,37.1591301051534,0,0,2,0,0,0.1088,0.0136,0.0487,0.0026,0.2485,-1
2551900000.0,0.0,0.0,0.0,51038.0,20.080852301341,13,1,10,0,1,0.7907,0.0009,0.9584,0.035,0.4702,63
396360000.0,0.0,0.0,0.0,3308.0,17.877232859216,7,0,1,0,0,0.7907,0.0009,0.9584,0.035,0.4702,26
95437440.0,0.0,0.0,0.0,7101.0,18.4137582278993,1,0,1,1,0,1.2716,0.0014,0.1551,0.0274,1.3626,12
132850000.0,0.0,0.0,0.0,10628.0,33.5033467488104,0,0,1,0,0,0.6885,0.0,0.0578,0.0008,1.3152,8
600000000.0,0.0,0.0,0.0,29633.0,35.7123582293428,0,0,2,0,0,0.1088,0.0136,0.0487,0.0026,0.2485,9
266274000.0,0.0,0.0,0.0,14793.0,17.877232859216,7,0,1,0,0,0.7907,0.0009,0.9584,0.035,0.4702,26
170000000.0,0.0,0.0,0.0,3417.0,9.45685746964893,3,0,3,1,1,0.3538,0.0121,0.1372,0.0301,0.947,29
10959200.0,0.0,0.0,0.0,1957.0,38.4207214825189,0,0,3,0,0,0.1088,0.0136,0.0487,0.0026,0.2485,9
464000000.0,0.0,0.0,0.0,2898.0,17.877232859216,7,0,1,0,0,0.7907,0.0009,0.9584,0.035,0.4702,26
132850000.0,0.0,0.0,0.0,10628.0,26.0295877728123,0,0,3,0,0,0.6885,0.0,0.0578,0.0008,1.3152,8
284600000.0,0.0,0.0,0.0,2109.0,26.1110877080702,0,0,1,0,1,0.5438,0.0007,0.3241,0.0006,0.6486,17
24500000.0,0.0,0.0,0.0,3827.0,23.4233384568079,0,0,1,2,0,0.5438,0.0007,0.3241,0.0006,0.6486,22
97000000.0,0.0,0.0,0.0,6957.0,38.4207214825189,0,0,3,0,0,0.1088,0.0136,0.0487,0.0026,0.2485,9
44328240.0,0.0,0.0,0.0,2123.0,41.0392922991833,2,0,1,0,0,0.1088,0.0136,0.0487,0.0026,0.2485,9
8880000.0,0.0,0.0,0.0,2960.0,39.6732735102295,2,0,3,0,2,0.4558,0.0,0.0527,0.0,1.3514,15
8880000.0,0.0,0.0,0.0,2960.0,39.6732735102295,2,0,3,0,2,0.4558,0.0,0.0527,0.0,1.3514,15
335100999.99999994,0.0,0.0,0.0,25777.0,37.5736740624449,2,2,1,2,4,0.1088,0.0136,0.0487,0.0026,0.2485,24
76440000.0,0.0,0.0,0.0,5096.0,35.7123582293428,0,0,2,0,0,0.1088,0.0136,0.0487,0.0026,0.2485,9
11781000.0,0.0,0.0,0.0,6930.0,33.8687575340188,0,0,3,0,0,0.0734,0.0008,0.0158,0.0076,0.2389,9
452088000.0,0.0,0.0,0.0,32292.0,36.8096328108511,0,0,6,0,0,0.1088,0.0136,0.0487,0.0026,0.2485,9
72302500.0,0.0,0.0,0.0,28921.0,42.1032926873715,1,0,2,0,0,0.1218,0.0016,0.0136,0.0152,0.2777,9
118129200.0,0.0,0.0,0.0,28126.0,26.0295877728123,0,0,3,0,0,0.6885,0.0,0.0578,0.0008,1.3152,8
1308600000.0,0.0,0.0,0.0,13086.0,7.39987046487849,2,1,3,1,2,0.3124,0.0012,0.1131,0.0053,0.3589,45
76698000.0,0.0,0.0,0.0,8522.0,26.0966508632151,0,0,3,2,0,0.2257,0.001,0.0441,0.0,0.3048,58
13093000.0,0.0,0.0,0.0,1505.0,21.6489453764086,1,0,1,0,0,1.2716,0.0014,0.1551,0.0274,1.3626,30
12915000.0,0.0,0.0,0.0,1722.0,21.6489453764086,1,0,1,0,0,1.2716,0.0014,0.1551,0.0274,1.3626,30
10822000.0,0.0,0.0,0.0,3092.0,32.2825130179698,0,0,2,0,0,0.6885,0.0,0.0578,0.0008,1.3152,8
32600000.000000004,0.0,0.0,0.0,3923.0,21.6489453764086,1,0,1,0,0,1.2716,0.0014,0.1551,0.0274,1.3626,30
450000000.0,0.0,0.0,0.0,30000.0,17.1841252193878,11,0,1,0,0,0.0141,0.2089,0.0335,0.0034,0.0981,40
17992000.0,0.0,0.0,0.0,2768.0,19.2884441736279,2,0,1,0,0,0.5837,0.0121,0.1525,0.2494,1.4727,20
35000000.0,0.0,0.0,0.0,10000.0,34.4441392717264,2,0,3,1,0,0.6885,0.0,0.0578,0.0008,1.3152,-1
133000000.0,0.0,0.0,0.0,38000.0,31.7844483168442,0,0,3,0,0,0.6885,0.0,0.0578,0.0008,1.3152,8
229230000.0,0.0,0.0,0.0,1698.0,9.43386668635108,0,0,1,0,0,0.254,0.0116,0.2906,0.0843,1.043,10
84470999.99999999,0.0,0.0,0.0,22830.0,34.849801757089,0,0,1,0,0,0.0734,0.0008,0.0158,0.0076,0.2389,9
600000000.0,0.0,0.0,0.0,29633.0,35.9479690462094,0,0,0,0,0,0.1088,0.0136,0.0487,0.0026,0.2485,9
201500000.0,0.0,0.0,0.0,6500.0,39.1732617547246,0,0,1,0,0,0.1218,0.0016,0.0136,0.0152,0.2777,9
189000000.0,0.0,0.0,0.0,42000.0,34.849801757089,0,0,1,0,0,0.0734,0.0008,0.0158,0.0076,0.2389,9
98485000.0,0.0,0.0,0.0,98485.0,33.3525337091127,0,0,3,0,0,0.1145,0.0,0.0063,0.0024,0.1736,9
47023700.0,0.0,0.0,0.0,27661.0,41.8902472037219,0,0,1,0,0,0.1218,0.0016,0.0136,0.0152,0.2777,9
1200000000.0,0.0,0.0,0.0,12000.0,6.03577360461932,1,0,7,2,0,0.3124,0.0012,0.1131,0.0053,0.3589,60
296460000.0,0.0,0.0,0.0,10980.0,5.84897883921675,2,0,8,2,0,0.3124,0.0012,0.1131,0.0053,0.3589,60
61176000.0,0.0,0.0,0.0,5098.0,22.1043837216916,0,0,1,0,0,0.3407,0.0132,0.703,0.0155,1.4269,14
229230000.0,0.0,0.0,0.0,1698.0,9.43386668635108,0,0,1,0,0,0.254,0.0116,0.2906,0.0843,1.043,10
700000000.0,0.0,0.0,0.0,20000.0,12.8875481962854,17,1,9,1,0,0.5837,0.0121,0.1525,0.2494,1.4727,-1
340000000.0,0.0,0.0,0.0,4000.0,4.51801430072033,2,0,8,2,3,0.3124,0.0012,0.1131,0.0053,0.3589,60
83480000.0,0.0,0.0,0.0,8348.0,25.8959659337003,0,0,4,2,0,0.2257,0.001,0.0441,0.0,0.3048,58
600000000.0,0.0,0.0,0.0,20000.0,15.2105601369867,25,0,23,9,1,0.5837,0.0121,0.1525,0.2494,1.4727,42
1308600000.0,0.0,0.0,0.0,13086.0,7.97244707812433,0,0,0,1,0,0.3124,0.0012,0.1131,0.0053,0.3589,37
209520000.0,0.0,0.0,0.0,1552.0,8.50515694452222,3,0,10,0,0,0.254,0.0116,0.2906,0.0843,1.043,31
209520000.0,0.0,0.0,0.0,1552.0,9.43386668635108,0,0,1,0,0,0.254,0.0116,0.2906,0.0843,1.043,10
115767000.0,0.0,0.0,0.0,10254.0,35.9479690462094,0,0,0,0,0,0.1088,0.0136,0.0487,0.0026,0.2485,9
28064000.0,0.0,0.0,0.0,1754.0,22.1043837216916,0,0,1,0,0,0.3407,0.0132,0.703,0.0155,1.4269,14
191105500.0,0.0,0.0,0.0,22483.0,15.8279021897259,0,0,0,0,1,1.2716,0.0014,0.1551,0.0274,1.3626,30
36160000.0,0.0,0.0,0.0,1808.0,22.698437081916,0,0,3,0,0,0.1088,0.0136,0.0487,0.0026,0.2485,9
15000000000.0,0.0,0.0,0.0,270000.0,40.5731374145635,5,0,0,1,1,0.1088,0.0136,0.0487,0.0026,0.2485,-1
40000000.0,0.0,0.0,0.0,50000.0,31.894426996975,0,0,0,0,0,0.4236,0.0,0.0544,0.0,0.506,34
61176000.0,0.0,0.0,0.0,5098.0,22.4182734321095,0,0,1,0,0,0.3407,0.0132,0.703,0.0155,1.4269,14
1250000000.0,0.0,0.0,0.0,81285.0,22.1043837216916,0,0,1,0,0,0.3407,0.0132,0.703,0.0155,1.4269,14
149328000.0,0.0,0.0,0.0,8296.0,17.8284148342542,23,2,3,2,18,0.5837,0.0121,0.1525,0.2494,1.4727,16
259000000.0,0.0,0.0,0.0,37000.0,21.0546683822257,4,0,0,0,0,0.7907,0.0009,0.9584,0.035,0.4702,26
25000000.0,0.0,0.0,0.0,5001.0,33.8602207637537,2,0,0,0,0,0.5438,0.0007,0.3241,0.0006,0.6486,17
23047200.0,0.0,0.0,0.0,5238.0,25.1283805680294,0,0,4,0,0,0.119,0.0092,0.0505,0.0034,0.6701,19
1425000000.0000002,0.0,0.0,0.0,57000.0,12.3221941799372,0,2,6,1,1,0.169,0.0006,0.0934,0.0181,0.3365,25
9868800.0,0.0,0.0,0.0,8224.0,35.2678463879437,0,0,2,0,0,0.6064,0.0034,0.1271,0.1166,0.8427,57
702170000.0,0.0,0.0,0.0,20062.0,19.055042990076,18,0,11,0,0,0.5837,0.0121,0.1525,0.2494,1.4727,36
11100000.0,0.0,0.0,0.0,3700.0,38.4937828570236,0,0,0,0,0,0.1613,0.0,0.015,0.0007,0.3402,9
220500000.0,0.0,0.0,0.0,49000.0,20.080852301341,13,1,10,0,1,0.7907,0.0009,0.9584,0.035,0.4702,63
189000000.0,0.0,0.0,0.0,42000.0,34.849801757089,0,0,1,0,0,0.0734,0.0008,0.0158,0.0076,0.2389,9
201500000.0,0.0,0.0,0.0,3100000.0,39.1732617547246,0,0,1,0,0,0.1218,0.0016,0.0136,0.0152,0.2777,-1
24200000.0,0.0,0.0,0.0,4400.0,41.0693709003064,0,0,4,0,0,0.1218,0.0016,0.0136,0.0152,0.2777,9
210000000.0,0.0,0.0,0.0,3000.0,6.03577360461932,1,0,7,2,0,0.3124,0.0012,0.1131,0.0053,0.3589,60
60000000.0,0.0,0.0,0.0,30000.0,37.0193085298056,0,0,3,0,0,0.4558,0.0,0.0527,0.0,1.3514,15
2100000000.0,0.0,0.0,0.0,30000.0,10.0544559272852,0,0,2,0,0,0.3407,0.0132,0.703,0.0155,1.4269,14
35000000.0,0.0,0.0,0.0,10000.0,36.306579218684,0,0,1,1,0,0.1218,0.0016,0.0136,0.0152,0.2777,9
32476500.000000004,0.0,0.0,0.0,3093.0,18.4137582278993,1,0,1,1,0,1.2716,0.0014,0.1551,0.0274,1.3626,12
37952500.0,0.0,0.0,0.0,4465.0,33.3525337091127,0,0,3,0,0,0.1145,0.0,0.0063,0.0024,0.1736,9
250000000.0,0.0,0.0,0.0,7567.0,20.080852301341,13,1,10,0,1,0.7907,0.0009,0.9584,0.035,0.4702,63
63000000.0,0.0,0.0,0.0,30000.0,41.9590714515421,0,0,0,0,0,0.1218,0.0016,0.0136,0.0152,0.2777,9
225870000.0,0.0,0.0,0.0,15058.0,15.8279021897259,0,0,0,0,1,1.2716,0.0014,0.1551,0.0274,1.3626,30
90000000.0,0.0,0.0,0.0,2013.0,26.1110877080702,0,0,1,0,1,0.5438,0.0007,0.3241,0.0006,0.6486,17
811788000.0,0.0,0.0,0.0,67649.0,22.4182734321095,0,0,1,0,0,0.3407,0.0132,0.703,0.0155,1.4269,14
296796000.0,0.0,0.0,0.0,24733.0,40.1958507530222,0,0,3,0,0,0.1088,0.0136,0.0487,0.0026,0.2485,9
113711000.0,0.0,0.0,0.0,17494.0,19.2884441736279,2,0,1,0,0,0.5837,0.0121,0.1525,0.2494,1.4727,20
303100000.0,0.0,0.0,0.0,15155.0,10.0544559272852,0,0,2,0,0,0.3407,0.0132,0.703,0.0155,1.4269,14
105000000.0,0.0,0.0,0.0,12265.0,23.2384291828966,0,0,1,0,0,0.2257,0.001,0.0441,0.0,0.3048,9
24400000.0,0.0,0.0,0.0,1871.0,37.1223648512146,0,0,0,0,0,0.1088,0.0136,0.0487,0.0026,0.2485,9
6000000.0,0.0,0.0,0.0,1857.0,32.0525721228948,0,0,2,0,0,0.0734,0.0008,0.0158,0.0076,0.2389,9
32500000.0,0.0,0.0,0.0,6500.0,40.1958507530222,0,0,3,0,0,0.1088,0.0136,0.0487,0.0026,0.2485,9
32500000.0,0.0,0.0,0.0,6500.0,40.1958507530222,0,0,3,0,0,0.1088,0.0136,0.0487,0.0026,0.2485,9
217695000.0,0.0,0.0,0.0,14513.0,20.789340320471,0,0,1,0,1,0.119,0.0092,0.0505,0.0034,0.6701,19
400000000.0,0.0,0.0,0.0,40000.0,4.32900554481097,4,2,4,1,2,0.3538,0.0121,0.1372,0.0301,0.947,13
160000000.0,0.0,0.0,0.0,30838.0,29.9318106397125,3,1,3,0,0,0.5438,0.0007,0.3241,0.0006,0.6486,-1
28845000.0,0.0,0.0,0.0,3205.0,25.6339304217524,0,0,1,0,0,0.5438,0.0007,0.3241,0.0006,0.6486,17
51800000.0,0.0,0.0,0.0,5180.0,41.0392922991833,2,0,1,0,0,0.1088,0.0136,0.0487,0.0026,0.2485,9
23916000.0,0.0,0.0,0.0,1993.0,37.6916461629247,2,2,3,2,4,0.1088,0.0136,0.0487,0.0026,0.2485,24
228015600.0,0.0,0.0,0.0,19001.3,35.9479690462094,0,0,0,0,0,0.1088,0.0136,0.0487,0.0026,0.2485,9
6500.0,0.0,0.0,0.0,4142.0,36.8607820495592,0,0,12,0,0,0.4558,0.0,0.0527,0.0,1.3514,-1
41921000.0,0.0,0.0,0.0,7622.0,26.1110877080702,0,0,1,0,1,0.5438,0.0007,0.3241,0.0006,0.6486,17
1666962000.0,0.0,0.0,0.0,92609.0,19.8919233828633,0,0,5,0,0,0.119,0.0092,0.0505,0.0034,0.6701,19
410000000.0,0.0,0.0,0.0,17039.0,37.1022594958161,1,0,2,0,1,0.1088,0.0136,0.0487,0.0026,0.2485,9
1285200000.0,0.0,0.0,0.0,357000.0,16.875707431962,14,0,7,1,0,0.3407,0.0132,0.703,0.0155,1.4269,32
222786000.0,0.0,0.0,0.0,12377.0,7.7827223725762,0,0,4,1,0,0.0346,0.0122,0.0176,0.006,0.1979,62
244134000.0,0.0,0.0,0.0,13563.0,22.1043837216916,0,0,1,0,0,0.3407,0.0132,0.703,0.0155,1.4269,14
103382400.0,0.0,0.0,0.0,46992.0,41.8902472037219,0,0,1,0,0,0.1218,0.0016,0.0136,0.0152,0.2777,9
120000000.0,0.0,0.0,0.0,10000.0,23.2384291828966,0,0,1,0,0,0.2257,0.001,0.0441,0.0,0.3048,9
105000000.0,0.0,0.0,0.0,3000.0,14.4998298722405,0,0,4,1,0,1.2716,0.0014,0.1551,0.0274,1.3626,12
16269000.0,0.0,0.0,0.0,7395.0,35.0231756679732,0,0,3,0,0,0.5438,0.0007,0.3241,0.0006,0.6486,17
36795000.0,0.0,0.0,7359.0,7359.0,35.0231756679732,0,0,3,0,0,0.5438,0.0007,0.3241,0.0006,0.6486,-1
1105212000.0,0.0,0.0,0.0,92101.0,17.2298614566951,0,0,0,0,0,1.2716,0.0014,0.1551,0.0274,1.3626,30
600000000.0,0.0,0.0,0.0,60000.0,6.78993186897245,10,1,9,1,4,0.254,0.0116,0.2906,0.0843,1.043,33
700000000.0,0.0,0.0,0.0,200000.0,34.4164128279281,0,0,5,0,0,0.5438,0.0007,0.3241,0.0006,0.6486,17
390000000.0,0.0,0.0,0.0,26000.0,37.1591301051534,0,0,2,0,0,0.1088,0.0136,0.0487,0.0026,0.2485,9
457000000.0,0.0,0.0,0.0,13062.0,9.85689174605433,15,1,7,1,5,0.254,0.0116,0.2906,0.0843,1.043,53
23916000.0,0.0,0.0,0.0,1993.0,37.6916461629247,2,2,3,2,4,0.1088,0.0136,0.0487,0.0026,0.2485,24
23916000.0,0.0,0.0,0.0,1993.0,37.6916461629247,2,2,3,2,4,0.1088,0.0136,0.0487,0.0026,0.2485,24
390270000.0,0.0,0.0,0.0,26000.0,40.3785718386616,0,0,2,0,0,0.1088,0.0136,0.0487,0.0026,0.2485,9
61217500.0,0.0,0.0,0.0,24487.0,36.3833727499977,0,0,1,0,0,0.1613,0.0,0.015,0.0007,0.3402,9
20312000.000000004,0.0,0.0,0.0,4000.0,34.849801757089,0,0,1,0,0,0.0734,0.0008,0.0158,0.0076,0.2389,9
110000000.0,0.0,0.0,0.0,13363.0,30.8185436486394,1,0,4,1,1,0.0734,0.0008,0.0158,0.0076,0.2389,9
6500000000.0,0.0,0.0,0.0,260000.0,37.4981280658715,0,0,2,0,0,0.1088,0.0136,0.0487,0.0026,0.2485,-1
45340000.0,0.0,0.0,0.0,11335.0,38.6739905229675,0,0,3,0,0,0.4558,0.0,0.0527,0.0,1.3514,15
75000000.0,0.0,0.0,0.0,3000.0,40.5731374145635,5,0,0,1,1,0.1088,0.0136,0.0487,0.0026,0.2485,64
140000000.0,0.0,0.0,0.0,20000.0,34.397361158154,0,0,2,0,0,0.5438,0.0007,0.3241,0.0006,0.6486,17
14090000.0,0.0,0.0,0.0,2818.0,25.0511641720128,0,0,2,0,0,0.2257,0.001,0.0441,0.0,0.3048,9
122000000.0,0.0,0.0,0.0,10177.0,25.1629703948562,17,0,8,4,1,0.5438,0.0007,0.3241,0.0006,0.6486,21
51000000.0,0.0,0.0,0.0,34125.0,35.2449459584437,0,0,0,0,0,0.4236,0.0,0.0544,0.0,0.506,34
16936000.0,0.0,0.0,0.0,4234.0,38.4207214825189,0,0,3,0,0,0.1088,0.0136,0.0487,0.0026,0.2485,9
42500000.0,0.0,0.0,0.0,5000.0,38.391373263807,4,2,0,1,2,0.5438,0.0007,0.3241,0.0006,0.6486,56
137655000.0,0.0,0.0,0.0,3933.0,20.080852301341,13,1,10,0,1,0.7907,0.0009,0.9584,0.035,0.4702,63
51000000.0,0.0,0.0,0.0,2504.0,44.1829170234738,2,1,4,0,1,0.1218,0.0016,0.0136,0.0152,0.2777,43
99144000.0,0.0,0.0,0.0,5832.0,16.875707431962,14,0,7,1,0,0.3407,0.0132,0.703,0.0155,1.4269,32
457000000.0,0.0,0.0,0.0,13062.0,8.50515694452222,3,0,10,0,0,0.254,0.0116,0.2906,0.0843,1.043,31
78120000.0,0.0,0.0,0.0,17360.0,37.2401529435863,0,0,5,1,0,0.1218,0.0016,0.0136,0.0152,0.2777,9
200000000.0,0.0,0.0,0.0,10000.0,22.698437081916,0,0,3,0,0,0.1088,0.0136,0.0487,0.0026,0.2485,9
557000000.0,0.0,0.0,0.0,55689.0,37.6916461629247,2,2,3,2,4,0.1088,0.0136,0.0487,0.0026,0.2485,24
73000000.0,0.0,0.0,0.0,15000.0,32.2825130179698,0,0,2,0,0,0.6885,0.0,0.0578,0.0008,1.3152,8
116908000.0,0.0,0.0,0.0,10628.0,28.2182569971985,0,0,6,0,0,0.6885,0.0,0.0578,0.0008,1.3152,8
104044000.0,0.0,0.0,0.0,28120.0,33.5033467488104,0,0,1,0,0,0.6885,0.0,0.0578,0.0008,1.3152,8
114819000.0,0.0,0.0,0.0,10254.0,36.8096328108511,0,0,6,0,0,0.1088,0.0136,0.0487,0.0026,0.2485,9
329225000.0,0.0,0.0,0.0,5065.0,19.7659485925217,12,1,0,0,0,0.5837,0.0121,0.1525,0.2494,1.4727,27
411150000.0,0.0,0.0,0.0,2741.0,9.43386668635108,0,0,1,0,0,0.254,0.0116,0.2906,0.0843,1.043,10
40000000.0,0.0,0.0,0.0,2214.0,35.7123582293428,0,0,2,0,0,0.1088,0.0136,0.0487,0.0026,0.2485,9
1820000000.0,0.0,0.0,0.0,52000.0,14.0265999105002,0,0,0,0,0,0.3407,0.0132,0.703,0.0155,1.4269,14
8803000.0,0.0,0.0,0.0,3033.0,4.29138403480963,0,0,8,1,3,0.254,0.0116,0.2906,0.0843,1.043,-1
60000000.0,0.0,0.0,0.0,30000.0,37.0193085298056,0,0,3,0,0,0.4558,0.0,0.0527,0.0,1.3514,15
210000000.0,0.0,0.0,0.0,15000.0,40.3785718386616,0,0,2,0,0,0.1088,0.0136,0.0487,0.0026,0.2485,9
3167000.0000000005,0.0,0.0,0.0,2770.0,26.055304487414,0,0,1,0,0,0.2257,0.001,0.0441,0.0,0.3048,9
3000000.0,0.0,0.0,0.0,2624.0,26.055304487414,0,0,1,0,0,0.2257,0.001,0.0441,0.0,0.3048,9
3280000.0,0.0,0.0,0.0,2869.0,26.055304487414,0,0,1,0,0,0.2257,0.001,0.0441,0.0,0.3048,9
140800000.0,0.0,0.0,0.0,17600.0,22.698437081916,0,0,3,0,0,0.1088,0.0136,0.0487,0.0026,0.2485,9
15505000.0,0.0,0.0,0.0,2124.0,9.42240132934169,2,1,7,1,1,0.3727,0.0,0.1187,0.0,0.6357,-1
96216000.0,0.0,0.0,0.0,12059.0,22.1043837216916,0,0,1,0,0,0.3407,0.0132,0.703,0.0155,1.4269,14
48532500.0,0.0,0.0,0.0,6471.0,36.8607820495592,0,0,12,0,0,0.4558,0.0,0.0527,0.0,1.3514,-1
279725000.0,0.0,0.0,0.0,22378.0,17.877232859216,7,0,1,0,0,0.7907,0.0009,0.9584,0.035,0.4702,26
297240000.0,0.0,0.0,0.0,24770.0,35.0603619184962,0,0,0,0,0,0.1088,0.0136,0.0487,0.0026,0.2485,9
363000000.0,0.0,0.0,0.0,33000.0,36.8096328108511,0,0,6,0,0,0.1088,0.0136,0.0487,0.0026,0.2485,9
240000000.0,0.0,0.0,0.0,4000.0,4.51801430072033,2,0,8,2,3,0.3124,0.0012,0.1131,0.0053,0.3589,60
206640000.0,0.0,0.0,0.0,25830.0,25.8959659337003,0,0,4,2,0,0.2257,0.001,0.0441,0.0,0.3048,58
236280000.0,0.0,0.0,0.0,4296.0,4.48341829644017,1,0,4,1,0,0.3538,0.0121,0.1372,0.0301,0.947,29
105000000.0,0.0,0.0,0.0,2400.0,12.2095676450946,7,0,9,0,0,0.3407,0.0132,0.703,0.0155,1.4269,49
155001000.0,0.0,0.0,0.0,14091.0,36.8096328108511,0,0,6,0,0,0.1088,0.0136,0.0487,0.0026,0.2485,9
271750000.0,0.0,0.0,0.0,10870.0,19.7659485925217,12,1,0,0,0,0.5837,0.0121,0.1525,0.2494,1.4727,27
811788000.0,0.0,0.0,0.0,67649.0,22.1043837216916,0,0,1,0,0,0.3407,0.0132,0.703,0.0155,1.4269,14
84900000.0,0.0,0.0,0.0,7010.0,14.0265999105002,0,0,0,0,0,0.3407,0.0132,0.703,0.0155,1.4269,14
40514088.0,0.0,0.0,0.0,3958.0,23.2384291828966,0,0,1,0,0,0.2257,0.001,0.0441,0.0,0.3048,9
88668000.0,0.0,0.0,0.0,9852.0,25.8959659337003,0,0,4,2,0,0.2257,0.001,0.0441,0.0,0.3048,58
20000000.0,0.0,0.0,0.0,4598.0,42.5688392787028,0,0,0,0,0,0.1218,0.0016,0.0136,0.0152,0.2777,9
154640000.0,0.0,0.0,0.0,19330.31,35.9479690462094,0,0,0,0,0,0.1088,0.0136,0.0487,0.0026,0.2485,9
35000000.0,0.0,0.0,0.0,10000.0,36.306579218684,0,0,1,1,0,0.1218,0.0016,0.0136,0.0152,0.2777,9
52500000.0,0.0,0.0,0.0,15000.0,41.9590714515421,0,0,0,0,0,0.1218,0.0016,0.0136,0.0152,0.2777,9
410000000.0,0.0,0.0,0.0,4000.0,3.83089704198252,1,0,11,4,3,0.3124,0.0012,0.1131,0.0053,0.3589,-1
495800000.0,0.0,0.0,0.0,24790.0,19.9018910462009,0,0,2,0,0,1.2716,0.0014,0.1551,0.0274,1.3626,30
965300000.0,0.0,0.0,0.0,68950.0,36.9598546581117,1,0,3,0,0,0.1088,0.0136,0.0487,0.0026,0.2485,9
453000000.0,0.0,0.0,0.0,22657.0,40.3785718386616,0,0,2,0,0,0.1088,0.0136,0.0487,0.0026,0.2485,9
8204400.000000002,0.0,0.0,0.0,1908.0,7.83006498323309,0,0,3,1,0,0.0346,0.0122,0.0176,0.006,0.1979,62
94749500.0,0.0,0.0,0.0,11147.0,23.2384291828966,0,0,1,0,0,0.2257,0.001,0.0441,0.0,0.3048,9
12600000.0,0.0,0.0,0.0,1800.0,39.5501578510163,0,0,0,0,0,0.1218,0.0016,0.0136,0.0152,0.2777,9
35000000.0,0.0,0.0,0.0,10000.0,36.306579218684,0,0,1,1,0,0.1218,0.0016,0.0136,0.0152,0.2777,9
235088000.0,0.0,0.0,0.0,58772.0,35.9255668106205,0,0,0,0,0,0.1088,0.0136,0.0487,0.0026,0.2485,9
552600000.0,0.0,0.0,0.0,3683.0,9.43386668635108,0,0,1,0,0,0.254,0.0116,0.2906,0.0843,1.043,10
20980000.0,0.0,0.0,0.0,2098.0,37.1022594958161,1,0,2,0,1,0.1088,0.0136,0.0487,0.0026,0.2485,9
231960000.0,0.0,0.0,0.0,19330.0,40.3785718386616,0,0,2,0,0,0.1088,0.0136,0.0487,0.0026,0.2485,9
69875000.0,0.0,0.0,0.0,5590.0,26.1110877080702,0,0,1,0,1,0.5438,0.0007,0.3241,0.0006,0.6486,17
128840000.0,0.0,0.0,0.0,1548.0,4.34051006183114,0,0,5,0,0,0.3124,0.0012,0.1131,0.0053,0.3589,59
89999000.0,0.0,0.0,0.0,13846.0,35.8580393797233,1,0,5,1,0,0.6885,0.0,0.0578,0.0008,1.3152,-1
2500000000.0,0.0,0.0,0.0,51038.0,20.080852301341,13,1,10,0,1,0.7907,0.0009,0.9584,0.035,0.4702,63
41999999.99999999,0.0,0.0,0.0,7000.0,34.397361158154,0,0,2,0,0,0.5438,0.0007,0.3241,0.0006,0.6486,17
36672500.0,0.0,0.0,0.0,14669.0,25.0629560177032,0,0,3,0,0,0.2257,0.001,0.0441,0.0,0.3048,9
14700000.0,0.0,0.0,0.0,3575.0,39.3461641136034,0,0,1,0,0,0.1218,0.0016,0.0136,0.0152,0.2777,9
373170000.0,0.0,0.0,0.0,10662.0,2.79694991362246,0,0,11,3,0,0.3538,0.0121,0.1372,0.0301,0.947,-1
19236000.0,0.0,0.0,0.0,6412.0,33.9140052945325,0,0,1,0,0,0.0734,0.0008,0.0158,0.0076,0.2389,9
118129200.0,0.0,0.0,0.0,28126.0,33.5033467488104,0,0,1,0,0,0.6885,0.0,0.0578,0.0008,1.3152,8
201336750.0,0.0,0.0,0.0,13422.45,7.13134917868044,0,0,3,0,0,0.254,0.0116,0.2906,0.0843,1.043,10
14499999.999999998,0.0,0.0,0.0,2450.0,39.7138541494409,0,0,0,0,0,0.1218,0.0016,0.0136,0.0152,0.2777,9
38000000.00000001,0.0,0.0,0.0,7000.0,26.7147033689491,0,0,7,0,0,0.2257,0.001,0.0441,0.0,0.3048,-1
1417850000.0,0.0,0.0,0.0,101275.0,37.1591301051534,0,0,2,0,0,0.1088,0.0136,0.0487,0.0026,0.2485,9
9694400.0,0.0,0.0,0.0,6059.0,35.2678463879437,0,0,2,0,0,0.6064,0.0034,0.1271,0.1166,0.8427,57
75936450.0,0.0,0.0,0.0,5219.0,28.3398402910932,1,0,0,0,1,0.5438,0.0007,0.3241,0.0006,0.6486,17
61900000.0,0.0,0.0,0.0,4952.0,26.1110877080702,0,0,1,0,1,0.5438,0.0007,0.3241,0.0006,0.6486,17
118129200.0,0.0,0.0,0.0,28126.0,33.5033467488104,0,0,1,0,0,0.6885,0.0,0.0578,0.0008,1.3152,8
662000000.0,0.0,0.0,0.0,33100.0,17.4263378861759,3,0,8,0,0,0.5837,0.0121,0.1525,0.2494,1.4727,20
21048000.000000004,0.0,0.0,0.0,1754.0,22.1043837216916,0,0,1,0,0,0.3407,0.0132,0.703,0.0155,1.4269,14
14618000.0,0.0,0.0,0.0,1507.0,37.1022594958161,1,0,2,0,1,0.1088,0.0136,0.0487,0.0026,0.2485,9
16230000.0,0.0,0.0,0.0,1623.0,37.1022594958161,1,0,2,0,1,0.1088,0.0136,0.0487,0.0026,0.2485,9
406500000.0,0.0,0.0,0.0,22579.0,26.1110877080702,0,0,1,0,1,0.5438,0.0007,0.3241,0.0006,0.6486,17
41430000.0,0.0,0.0,0.0,4143.0,17.1385687783732,0,0,1,0,1,1.2716,0.0014,0.1551,0.0274,1.3626,30
139300000.0,0.0,0.0,0.0,13930.0,17.1385687783732,0,0,1,0,1,1.2716,0.0014,0.1551,0.0274,1.3626,30
53521720.0,0.0,0.0,0.0,8134.0,41.0392922991833,2,0,1,0,0,0.1088,0.0136,0.0487,0.0026,0.2485,9
61217500.0,0.0,0.0,0.0,24487.0,28.3398402910932,1,0,0,0,1,0.5438,0.0007,0.3241,0.0006,0.6486,17
545520000.0,0.0,0.0,0.0,36368.0,11.9912703401689,11,1,6,1,0,0.5837,0.0121,0.1525,0.2494,1.4727,-1
201500000.0,0.0,0.0,0.0,31000.0,39.1732617547246,0,0,1,0,0,0.1218,0.0016,0.0136,0.0152,0.2777,9
486940000.0,0.0,0.0,0.0,24347.0,19.263851248999,10,0,6,0,3,0.7907,0.0009,0.9584,0.035,0.4702,28
375000000.0,0.0,0.0,0.0,30000.0,17.877232859216,7,0,1,0,0,0.7907,0.0009,0.9584,0.035,0.4702,26
21048000.000000004,0.0,0.0,0.0,1754.0,22.1043837216916,0,0,1,0,0,0.3407,0.0132,0.703,0.0155,1.4269,14
32725000.0,0.0,0.0,0.0,2618.0,16.9262590606618,0,0,6,0,0,0.5837,0.0121,0.1525,0.2494,1.4727,20
30212500.0,0.0,0.0,0.0,2417.0,16.9262590606618,0,0,6,0,0,0.5837,0.0121,0.1525,0.2494,1.4727,20
662000000.0,0.0,0.0,0.0,33100.0,17.4717437310338,3,0,7,0,0,0.5837,0.0121,0.1525,0.2494,1.4727,20
606990000.0,0.0,0.0,0.0,20233.0,13.2835905668804,5,0,0,0,1,0.5837,0.0121,0.1525,0.2494,1.4727,20
545820000.0,0.0,0.0,0.0,54582.0,23.0033121749193,3,1,6,4,0,0.119,0.0092,0.0505,0.0034,0.6701,-1
230000000.0,0.0,0.0,0.0,1698.0,8.50515694452222,3,0,10,0,0,0.254,0.0116,0.2906,0.0843,1.043,31
97000000.0,0.0,0.0,0.0,6957.0,38.4207214825189,0,0,3,0,0,0.1088,0.0136,0.0487,0.0026,0.2485,9
30000000.0,0.0,0.0,0.0,18127.0,25.5027889287235,0,1,11,1,0,0.2257,0.001,0.0441,0.0,0.3048,-1
2251000.0,0.0,0.0,0.0,1969.0,26.055304487414,0,0,1,0,0,0.2257,0.001,0.0441,0.0,0.3048,9
214500000.0,0.0,0.0,0.0,33000.0,25.8959659337003,0,0,4,2,0,0.2257,0.001,0.0441,0.0,0.3048,58
811788000.0,0.0,0.0,0.0,67649.0,22.4182734321095,0,0,1,0,0,0.3407,0.0132,0.703,0.0155,1.4269,14
144287500.0,0.0,0.0,0.0,11543.0,14.4998298722405,0,0,4,1,0,1.2716,0.0014,0.1551,0.0274,1.3626,12
23047200.0,0.0,0.0,0.0,5238.0,25.5050086892754,2,0,2,0,0,0.119,0.0092,0.0505,0.0034,0.6701,19
80856000.0,0.0,0.0,0.0,4492.0,25.7039714755437,0,0,1,0,0,0.5438,0.0007,0.3241,0.0006,0.6486,17
17888000.0,0.0,0.0,0.0,8944.0,22.7394528321418,8,2,7,4,0,0.119,0.0092,0.0505,0.0034,0.6701,-1
15505000.0,0.0,0.0,0.0,2124.0,9.42240132934169,2,1,7,1,1,0.3727,0.0,0.1187,0.0,0.6357,-1
103200000.0,0.0,0.0,0.0,17200.0,34.397361158154,0,0,2,0,0,0.5438,0.0007,0.3241,0.0006,0.6486,17
25722000.0,0.0,0.0,0.0,5716.0,37.0193085298056,0,0,3,0,0,0.4558,0.0,0.0527,0.0,1.3514,15
452088000.0,0.0,0.0,0.0,32292.0,36.8096328108511,0,0,6,0,0,0.1088,0.0136,0.0487,0.0026,0.2485,9
304750000.0,0.0,0.0,0.0,12190.0,9.85689174605433,15,1,7,1,5,0.254,0.0116,0.2906,0.0843,1.043,53
68850000.0,0.0,0.0,0.0,2754.0,19.7659485925217,12,1,0,0,0,0.5837,0.0121,0.1525,0.2494,1.4727,27
128752000.0,0.0,0.0,0.0,8047.0,22.4871737866629,11,0,7,0,0,0.5438,0.0007,0.3241,0.0006,0.6486,-1
552600000.0,0.0,0.0,0.0,3683.0,9.43386668635108,0,0,1,0,0,0.254,0.0116,0.2906,0.0843,1.043,10
28000000.0,0.0,0.0,0.0,8000.0,32.2825130179698,0,0,2,0,0,0.6885,0.0,0.0578,0.0008,1.3152,8
6300000.0,0.0,0.0,0.0,1614.0,18.9911795198585,4,2,2,2,0,0.3407,0.0132,0.703,0.0155,1.4269,18
96922000.0,0.0,0.0,0.0,13846.0,31.7844483168442,0,0,3,0,0,0.6885,0.0,0.0578,0.0008,1.3152,8
14700000.0,0.0,0.0,0.0,3575.0,19.0664865082673,0,0,2,0,0,0.1218,0.0016,0.0136,0.0152,0.2777,9
1719000.0,0.0,0.0,0.0,1503.0,26.055304487414,0,0,1,0,0,0.2257,0.001,0.0441,0.0,0.3048,9
2167000.0,0.0,0.0,0.0,1895.0,26.055304487414,0,0,1,0,0,0.2257,0.001,0.0441,0.0,0.3048,9
61176000.0,0.0,0.0,0.0,5098.0,22.4182734321095,0,0,1,0,0,0.3407,0.0132,0.703,0.0155,1.4269,14
600000000.0,0.0,0.0,0.0,54000.0,6.03577360461932,1,0,7,2,0,0.3124,0.0012,0.1131,0.0053,0.3589,60
20000000.0,0.0,0.0,0.0,6345.0,36.2622306611835,3,0,2,0,0,0.1088,0.0136,0.0487,0.0026,0.2485,9
66944000.0,0.0,0.0,0.0,8368.0,25.8959659337003,0,0,4,2,0,0.2257,0.001,0.0441,0.0,0.3048,58
8200800.0,0.0,0.0,0.0,2278.0,23.2302408211237,0,0,0,0,0,1.2716,0.0014,0.1551,0.0274,1.3626,30
45000000.0,0.0,0.0,0.0,14869.0,38.4989226746262,0,0,2,0,0,0.1218,0.0016,0.0136,0.0152,0.2777,9
900000000.0,0.0,0.0,0.0,45000.0,20.2561166269411,0,0,3,0,0,0.119,0.0092,0.0505,0.0034,0.6701,19
61176000.0,0.0,0.0,0.0,5098.0,22.1043837216916,0,0,1,0,0,0.3407,0.0132,0.703,0.0155,1.4269,14
44000000.0,0.0,0.0,0.0,8800.0,33.8090495186888,0,0,0,0,0,0.0734,0.0008,0.0158,0.0076,0.2389,9
45000000.0,0.0,0.0,0.0,11335.0,35.8988666962895,0,0,3,0,0,0.4558,0.0,0.0527,0.0,1.3514,15
723840000.0,0.0,0.0,0.0,144769.0,35.9479690462094,0,0,0,0,0,0.1088,0.0136,0.0487,0.0026,0.2485,9
42198000.0,0.0,0.0,0.0,3246.0,14.4998298722405,0,0,4,1,0,1.2716,0.0014,0.1551,0.0274,1.3626,12
189000000.0,0.0,0.0,0.0,42000.0,31.3369702380947,1,0,3,1,1,0.0734,0.0008,0.0158,0.0076,0.2389,9
471920000.0,0.0,0.0,0.0,29495.0,12.504161353757,1,0,5,0,1,0.5837,0.0121,0.1525,0.2494,1.4727,20
210000000.0,0.0,0.0,0.0,1552.0,8.50515694452222,3,0,10,0,0,0.254,0.0116,0.2906,0.0843,1.043,31
22820000.0,0.0,0.0,0.0,2282.0,37.1022594958161,1,0,2,0,1,0.1088,0.0136,0.0487,0.0026,0.2485,9
23435000.0,0.0,0.0,0.0,2416.0,37.1022594958161,1,0,2,0,1,0.1088,0.0136,0.0487,0.0026,0.2485,9
23440000.0,0.0,0.0,0.0,2334.0,37.1022594958161,1,0,2,0,1,0.1088,0.0136,0.0487,0.0026,0.2485,9
80000000.0,0.0,0.0,0.0,9727.0,34.849801757089,0,0,1,0,0,0.0734,0.0008,0.0158,0.0076,0.2389,9
15539999.999999998,0.0,0.0,0.0,3700.0,29.3095239958289,1,0,2,0,0,0.0734,0.0008,0.0158,0.0076,0.2389,9
230670000.0,0.0,0.0,0.0,15318.0,18.8365833553854,6,0,0,0,0,0.7907,0.0009,0.9584,0.035,0.4702,26
78000000.0,0.0,0.0,0.0,12000.0,33.3228010362333,0,0,2,0,0,0.5438,0.0007,0.3241,0.0006,0.6486,17
9600000.0,0.0,0.0,0.0,2000.0,29.2961173103009,0,0,1,0,0,0.0734,0.0008,0.0158,0.0076,0.2389,9
49999999.99999999,0.0,0.0,0.0,10000.0,22.1043837216916,0,0,1,0,0,0.3407,0.0132,0.703,0.0155,1.4269,14
452088000.0,0.0,0.0,0.0,32292.0,35.9479690462094,0,0,0,0,0,0.1088,0.0136,0.0487,0.0026,0.2485,9
1360000000.0,0.0,0.0,0.0,200000.0,38.0894753548815,4,2,0,2,4,0.1088,0.0136,0.0487,0.0026,0.2485,24
125424000.0,0.0,0.0,0.0,20904.0,19.2884441736279,2,0,1,0,0,0.5837,0.0121,0.1525,0.2494,1.4727,20
100000000.0,0.0,0.0,0.0,38000.0,37.6955579442976,0,0,4,0,1,0.1088,0.0136,0.0487,0.0026,0.2485,9
545000000.0,0.0,0.0,0.0,36368.0,12.6427840899613,11,0,9,0,0,0.0141,0.2089,0.0335,0.0034,0.0981,-1
8632000.0,0.0,0.0,0.0,8632.0,40.2074602620883,0,0,1,0,0,0.1613,0.0,0.015,0.0007,0.3402,9
195468000.0,0.0,0.0,0.0,32578.0,14.0180684711808,0,0,7,2,1,0.0141,0.2089,0.0335,0.0034,0.0981,-1
80560000.0,0.0,0.0,0.0,10070.0,24.3877241883931,0,0,1,0,0,0.2257,0.001,0.0441,0.0,0.3048,9
811788000.0,0.0,0.0,0.0,67649.0,22.1043837216916,0,0,1,0,0,0.3407,0.0132,0.703,0.0155,1.4269,14
19740000.0,0.0,0.0,0.0,9870.0,35.2678463879437,0,0,2,0,0,0.6064,0.0034,0.1271,0.1166,0.8427,57
14000000.0,0.0,0.0,0.0,5600.0,26.0295877728123,0,0,3,0,0,0.6885,0.0,0.0578,0.0008,1.3152,8
13000000.0,0.0,0.0,0.0,1654.0,29.1681702241791,0,0,2,0,0,0.0734,0.0008,0.0158,0.0076,0.2389,9
1097456818.0,0.0,0.0,0.0,68983.0,40.3785718386616,0,0,2,0,0,0.1088,0.0136,0.0487,0.0026,0.2485,9
87120000.0,0.0,0.0,0.0,8712.0,17.1385687783732,0,0,1,0,1,1.2716,0.0014,0.1551,0.0274,1.3626,30
4000000.0,0.0,0.0,0.0,2000.0,42.5688392787028,0,0,0,0,0,0.1218,0.0016,0.0136,0.0152,0.2777,9
21718500.0,0.0,0.0,0.0,14479.0,34.3322788296707,0,0,1,0,0,0.6064,0.0034,0.1271,0.1166,0.8427,57
8600000.0,0.0,0.0,0.0,1904.0,26.1110877080702,0,0,1,0,1,0.5438,0.0007,0.3241,0.0006,0.6486,17
92745000.0,0.0,0.0,0.0,10305.0,25.8959659337003,0,0,4,2,0,0.2257,0.001,0.0441,0.0,0.3048,58
61893000.0,0.0,0.0,0.0,6877.0,25.8959659337003,0,0,4,2,0,0.2257,0.001,0.0441,0.0,0.3048,58
200000000.0,0.0,0.0,0.0,8634.0,9.43386668635108,0,0,1,0,0,0.254,0.0116,0.2906,0.0843,1.043,10
10000000.0,0.0,0.0,0.0,2086.0,40.3785718386616,0,0,2,0,0,0.1088,0.0136,0.0487,0.0026,0.2485,9
82450000.0,0.0,0.0,0.0,9700.0,40.1958507530222,0,0,3,0,0,0.1088,0.0136,0.0487,0.0026,0.2485,9
14800000.0,0.0,0.0,0.0,37000.0,40.0487333385379,2,0,2,0,1,0.4558,0.0,0.0527,0.0,1.3514,15
85000000.0,0.0,0.0,0.0,10000.0,37.1022594958161,1,0,2,0,1,0.1088,0.0136,0.0487,0.0026,0.2485,9
1400000000.0,0.0,0.0,0.0,200000.0,16.875707431962,14,0,7,1,0,0.3407,0.0132,0.703,0.0155,1.4269,32
78000000.0,0.0,0.0,0.0,13000.0,22.7323097986741,7,1,3,4,0,0.119,0.0092,0.0505,0.0034,0.6701,65
545520000.0,0.0,0.0,0.0,36368.0,15.2105601369867,25,0,23,9,1,0.5837,0.0121,0.1525,0.2494,1.4727,42
40152000.0,0.0,0.0,0.0,11472.0,31.6276333455438,0,0,0,0,0,0.0734,0.0008,0.0158,0.0076,0.2389,9
60000000.0,0.0,0.0,0.0,5000.0,6.30227169708128,0,1,9,2,1,0.254,0.0116,0.2906,0.0843,1.043,41
452088000.0,0.0,0.0,0.0,32292.0,37.6916461629247,2,2,3,2,4,0.1088,0.0136,0.0487,0.0026,0.2485,24
203000000.0,0.0,0.0,0.0,29000.0,22.7323097986741,7,1,3,4,0,0.119,0.0092,0.0505,0.0034,0.6701,65
32500000.0,0.0,0.0,0.0,6500.0,40.1958507530222,0,0,3,0,0,0.1088,0.0136,0.0487,0.0026,0.2485,9
646000000.0,0.0,0.0,0.0,38000.0,19.7659485925217,12,1,0,0,0,0.5837,0.0121,0.1525,0.2494,1.4727,27
60000000.0,0.0,0.0,0.0,4000.0,33.9370485134506,0,0,1,0,0,0.6885,0.0,0.0578,0.0008,1.3152,8
252000000.0,0.0,0.0,0.0,72000.0,36.306579218684,0,0,1,1,0,0.1218,0.0016,0.0136,0.0152,0.2777,9
20312000.000000004,0.0,0.0,0.0,5078.0,34.849801757089,0,0,1,0,0,0.0734,0.0008,0.0158,0.0076,0.2389,9
27755000.0,0.0,0.0,0.0,2135.0,21.0546683822257,4,0,0,0,0,0.7907,0.0009,0.9584,0.035,0.4702,26
148000000.0,0.0,0.0,0.0,37000.0,22.698437081916,0,0,3,0,0,0.1088,0.0136,0.0487,0.0026,0.2485,9
40000000.0,0.0,0.0,0.0,15000.0,42.0348995346874,1,0,5,0,0,0.1218,0.0016,0.0136,0.0152,0.2777,9
69000000.0,0.0,0.0,0.0,2300.0,22.698437081916,0,0,3,0,0,0.1088,0.0136,0.0487,0.0026,0.2485,9
65205000.0,0.0,0.0,0.0,4347.0,25.083573103352,0,0,0,0,0,0.2257,0.001,0.0441,0.0,0.3048,9
42500000.0,0.0,0.0,0.0,5000.0,42.4531151189058,0,0,1,0,0,0.1088,0.0136,0.0487,0.0026,0.2485,9
4000000.0,0.0,0.0,0.0,4000.0,34.4923846796172,0,0,3,0,0,0.0734,0.0008,0.0158,0.0076,0.2389,9
405000000.0,0.0,0.0,0.0,23800.0,17.4717437310338,3,0,7,0,0,0.5837,0.0121,0.1525,0.2494,1.4727,20
120000000.0,0.0,0.0,0.0,16000.0,22.698437081916,0,0,3,0,0,0.1088,0.0136,0.0487,0.0026,0.2485,9
108000000.0,0.0,0.0,0.0,2016.0,13.2835905668804,5,0,0,0,1,0.5837,0.0121,0.1525,0.2494,1.4727,20
366104000.0,0.0,0.0,0.0,45763.0,15.8279021897259,0,0,0,0,1,1.2716,0.0014,0.1551,0.0274,1.3626,30
495000000.0,0.0,0.0,0.0,55000.0,22.7323097986741,7,1,3,4,0,0.119,0.0092,0.0505,0.0034,0.6701,65
236280000.0,0.0,0.0,0.0,4926.0,13.2835905668804,5,0,0,0,1,0.5837,0.0121,0.1525,0.2494,1.4727,20
452088000.0,0.0,0.0,0.0,32292.0,22.698437081916,0,0,3,0,0,0.1088,0.0136,0.0487,0.0026,0.2485,9
125000000.0,0.0,0.0,0.0,3500.0,5.99630274551664,1,0,6,2,0,0.3124,0.0012,0.1131,0.0053,0.3589,60
29632000.0,0.0,0.0,0.0,3704.0,10.6740575358095,11,0,2,1,0,0.3407,0.0132,0.703,0.0155,1.4269,38
570000000.0,0.0,0.0,0.0,57000.0,33.8602207637537,2,0,0,0,0,0.5438,0.0007,0.3241,0.0006,0.6486,17
741048000.0,0.0,0.0,0.0,70576.0,37.1223648512146,0,0,0,0,0,0.1088,0.0136,0.0487,0.0026,0.2485,9
146010000.0,0.0,0.0,0.0,4867.0,40.0487333385379,2,0,2,0,1,0.4558,0.0,0.0527,0.0,1.3514,15
420000000.0,0.0,0.0,0.0,60000.0,22.7323097986741,7,1,3,4,0,0.119,0.0092,0.0505,0.0034,0.6701,65
231960000.0,0.0,0.0,0.0,19330.0,22.698437081916,0,0,3,0,0,0.1088,0.0136,0.0487,0.0026,0.2485,9
3350000000.0,0.0,0.0,0.0,71000.0,15.2105601369867,25,0,23,9,1,0.5837,0.0121,0.1525,0.2494,1.4727,42
94749500.0,0.0,0.0,0.0,11147.0,23.2384291828966,0,0,1,0,0,0.2257,0.001,0.0441,0.0,0.3048,9
32500000.0,0.0,0.0,0.0,6500.0,40.1958507530222,0,0,3,0,0,0.1088,0.0136,0.0487,0.0026,0.2485,9
89626500.0,0.0,0.0,0.0,6639.0,9.16683729055828,3,0,4,0,2,0.3538,0.0121,0.1372,0.0301,0.947,54
500000000.0,0.0,0.0,0.0,20000.0,44.1829170234738,2,1,4,0,1,0.1218,0.0016,0.0136,0.0152,0.2777,43
81000000.0,0.0,0.0,0.0,1512.0,13.2835905668804,5,0,0,0,1,0.5837,0.0121,0.1525,0.2494,1.4727,20
428415000.0,0.0,0.0,0.0,6591.0,17.877232859216,7,0,1,0,0,0.7907,0.0009,0.9584,0.035,0.4702,26
155000000.0,0.0,0.0,0.0,19330.0,35.9479690462094,0,0,0,0,0,0.1088,0.0136,0.0487,0.0026,0.2485,9
600000000.0,0.0,0.0,0.0,31661.0,11.1809062035234,10,0,5,0,0,0.5837,0.0121,0.1525,0.2494,1.4727,-1
48000000.0,0.0,0.0,0.0,3320.0,31.6076190639487,0,0,2,0,0,0.5438,0.0007,0.3241,0.0006,0.6486,17
60000000.0,0.0,0.0,0.0,4000.0,33.9370485134506,0,0,1,0,0,0.6885,0.0,0.0578,0.0008,1.3152,8
120000000.0,0.0,0.0,0.0,2475.0,19.263851248999,10,0,6,0,3,0.7907,0.0009,0.9584,0.035,0.4702,28
80890200.0,0.0,0.0,0.0,44939.0,23.2302408211237,0,0,0,0,0,1.2716,0.0014,0.1551,0.0274,1.3626,30
208500000.0,0.0,0.0,0.0,20842.0,37.9305978440548,0,0,0,0,0,0.1218,0.0016,0.0136,0.0152,0.2777,9
935723000.0,0.0,0.0,0.0,43522.0,41.0946218536048,2,0,1,0,1,0.1088,0.0136,0.0487,0.0026,0.2485,9
385000000.0,0.0,0.0,0.0,55000.0,22.7323097986741,7,1,3,4,0,0.119,0.0092,0.0505,0.0034,0.6701,65
854847000.0,0.0,0.0,0.0,31661.0,11.6021973071414,12,1,9,0,0,0.5837,0.0121,0.1525,0.2494,1.4727,44
51787500.0,0.0,0.0,0.0,4143.0,15.8279021897259,0,0,0,0,1,1.2716,0.0014,0.1551,0.0274,1.3626,30
60000000.0,0.0,0.0,0.0,38319.0,37.6955579442976,0,0,4,0,1,0.1088,0.0136,0.0487,0.0026,0.2485,9
9500000000.0,0.0,0.0,0.0,950000.0,22.698437081916,0,0,3,0,0,0.1088,0.0136,0.0487,0.0026,0.2485,-1
148000000.0,0.0,0.0,0.0,37000.0,22.698437081916,0,0,3,0,0,0.1088,0.0136,0.0487,0.0026,0.2485,9
236280000.0,0.0,0.0,0.0,4296.0,13.1874272198996,6,0,0,0,1,0.5837,0.0121,0.1525,0.2494,1.4727,20
17500000.0,0.0,0.0,0.0,5229.0,40.8240586743211,0,0,1,0,0,0.1218,0.0016,0.0136,0.0152,0.2777,9
9541000.0,0.0,0.0,0.0,2726.0,31.4534343402088,0,0,1,0,0,0.6885,0.0,0.0578,0.0008,1.3152,8
24500000.0,0.0,0.0,0.0,7000.0,32.1129867297056,0,0,3,0,0,0.6885,0.0,0.0578,0.0008,1.3152,8
102701500.0,0.0,0.0,0.0,18673.0,36.2892129317258,0,0,6,0,0,0.1088,0.0136,0.0487,0.0026,0.2485,9
23000000.000000004,0.0,0.0,0.0,4503.0,31.7844483168442,0,0,3,0,0,0.6885,0.0,0.0578,0.0008,1.3152,8
26589500.0,0.0,0.0,0.0,7597.0,36.9174470320011,0,0,0,0,0,0.1218,0.0016,0.0136,0.0152,0.2777,9
21600000.0,0.0,0.0,0.0,1800.0,28.2182569971985,0,0,6,0,0,0.6885,0.0,0.0578,0.0008,1.3152,8
25000000.0,0.0,0.0,0.0,1930.0,28.8937280084183,0,0,1,0,0,0.2257,0.001,0.0441,0.0,0.3048,9
23400000.0,0.0,0.0,0.0,1560.0,33.9370485134506,0,0,1,0,0,0.6885,0.0,0.0578,0.0008,1.3152,8
95000000.0,0.0,0.0,0.0,10000.0,12.8875481962854,17,1,9,1,0,0.5837,0.0121,0.1525,0.2494,1.4727,-1
112000000.0,0.0,0.0,0.0,40000.0,38.5727046946978,0,0,0,0,0,0.1613,0.0,0.015,0.0007,0.3402,9
34290000.0,0.0,0.0,0.0,2289.0,33.9370485134506,0,0,1,0,0,0.6885,0.0,0.0578,0.0008,1.3152,8
308000000.0,0.0,0.0,0.0,7700.0,2.11747356504243,1,0,8,0,1,0.3538,0.0121,0.1372,0.0301,0.947,-1
4500000000.0,0.0,0.0,0.0,90000.0,13.9338351667116,8,0,6,0,0,0.3407,0.0132,0.703,0.0155,1.4269,-1
1308600000.0,0.0,0.0,0.0,13086.0,7.97244707812433,0,0,0,1,0,0.3124,0.0012,0.1131,0.0053,0.3589,37
364000000.0,0.0,0.0,0.0,13000.0,40.1958507530222,0,0,3,0,0,0.1088,0.0136,0.0487,0.0026,0.2485,9
22512000.0,0.0,0.0,0.0,3216.0,41.8902472037219,0,0,1,0,0,0.1218,0.0016,0.0136,0.0152,0.2777,9
49999999.99999999,0.0,0.0,0.0,5000.0,25.1629703948562,17,0,8,4,1,0.5438,0.0007,0.3241,0.0006,0.6486,21
452088000.0,0.0,0.0,0.0,32292.0,37.190944539303,0,0,1,0,1,0.1088,0.0136,0.0487,0.0026,0.2485,9
66010000.0,0.0,0.0,0.0,1886.0,36.6662808957857,0,0,4,1,1,0.1088,0.0136,0.0487,0.0026,0.2485,9
452088000.0,0.0,0.0,0.0,32292.0,36.2622306611835,3,0,2,0,0,0.1088,0.0136,0.0487,0.0026,0.2485,9
140671800.0,0.0,0.0,0.0,78151.0,34.1594254224052,0,0,0,0,0,0.4236,0.0,0.0544,0.0,0.506,34
140000000.0,0.0,0.0,0.0,16000.0,33.9370485134506,0,0,1,0,0,0.6885,0.0,0.0578,0.0008,1.3152,8
14240000.0,0.0,0.0,0.0,2848.0,22.7323097986741,7,1,3,4,0,0.119,0.0092,0.0505,0.0034,0.6701,65
216195000.0,0.0,0.0,0.0,14413.0,19.3581379937652,12,1,9,2,5,0.7907,0.0009,0.9584,0.035,0.4702,-1
77655000.0,0.0,0.0,0.0,5177.0,25.1629703948562,17,0,8,4,1,0.5438,0.0007,0.3241,0.0006,0.6486,21
1020000000.0,0.0,0.0,0.0,17000.0,9.85689174605433,15,1,7,1,5,0.254,0.0116,0.2906,0.0843,1.043,53
110000000.0,0.0,0.0,0.0,2013.0,26.1110877080702,0,0,1,0,1,0.5438,0.0007,0.3241,0.0006,0.6486,17
432000000.00000006,0.0,0.0,0.0,24000.0,4.54404697031131,2,0,6,2,3,0.3124,0.0012,0.1131,0.0053,0.3589,60
29183000.0,0.0,0.0,0.0,8338.0,14.0265999105002,0,0,0,0,0,0.3407,0.0132,0.703,0.0155,1.4269,14
1291976000.0,0.0,0.0,0.0,184568.0,37.2331525945276,0,0,3,0,1,0.1088,0.0136,0.0487,0.0026,0.2485,9
149328000.0,0.0,0.0,0.0,8296.0,17.7986470414089,27,2,3,2,18,0.5837,0.0121,0.1525,0.2494,1.4727,16
44782500.0,0.0,0.0,0.0,2559.0,19.7659485925217,12,1,0,0,0,0.5837,0.0121,0.1525,0.2494,1.4727,27
26472000.0,0.0,0.0,0.0,2206.0,25.1629703948562,17,0,8,4,1,0.5438,0.0007,0.3241,0.0006,0.6486,21
134116500.0,0.0,0.0,0.0,38319.0,22.698437081916,0,0,3,0,0,0.1088,0.0136,0.0487,0.0026,0.2485,9
117980000.0,0.0,0.0,0.0,1735.0,26.1110877080702,0,0,1,0,1,0.5438,0.0007,0.3241,0.0006,0.6486,17
3720000000.0,0.0,0.0,0.0,310000.0,17.7805885107251,26,2,1,2,18,0.5837,0.0121,0.1525,0.2494,1.4727,-1
8000000.0,0.0,0.0,0.0,1686.0,42.5688392787028,0,0,0,0,0,0.1218,0.0016,0.0136,0.0152,0.2777,9
32500000.0,0.0,0.0,0.0,6500.0,40.1958507530222,0,0,3,0,0,0.1088,0.0136,0.0487,0.0026,0.2485,9
46380000.0,0.0,0.0,0.0,6184.0,32.2825130179698,0,0,2,0,0,0.6885,0.0,0.0578,0.0008,1.3152,8
200284000.0,0.0,0.0,0.0,17416.0,9.1981034358221,0,0,3,1,0,0.254,0.0116,0.2906,0.0843,1.043,10
452100000.0,0.0,0.0,0.0,32292.0,37.2201345636686,0,0,4,0,1,0.1088,0.0136,0.0487,0.0026,0.2485,9
18760000.0,0.0,0.0,0.0,3752.0,28.2182569971985,0,0,6,0,0,0.6885,0.0,0.0578,0.0008,1.3152,8
388600000.0,0.0,0.0,0.0,38860.0,29.2388956806348,5,1,4,0,0,0.5438,0.0007,0.3241,0.0006,0.6486,-1
760000000.0,0.0,0.0,0.0,80000.0,42.5688392787028,0,0,0,0,0,0.1218,0.0016,0.0136,0.0152,0.2777,9
41328000.00000001,0.0,0.0,0.0,11808.0,34.4164128279281,0,0,5,0,0,0.5438,0.0007,0.3241,0.0006,0.6486,17
101770000.0,0.0,0.0,0.0,10177.0,25.1629703948562,17,0,8,4,1,0.5438,0.0007,0.3241,0.0006,0.6486,21
243350000.0,0.0,0.0,0.0,4867.0,42.4531151189058,0,0,1,0,0,0.1088,0.0136,0.0487,0.0026,0.2485,9
64428000.0,0.0,0.0,0.0,4956.0,28.3398402910932,1,0,0,0,1,0.5438,0.0007,0.3241,0.0006,0.6486,17
49999999.99999999,0.0,0.0,0.0,20000.0,25.7039714755437,0,0,1,0,0,0.5438,0.0007,0.3241,0.0006,0.6486,17
300000000.0,0.0,0.0,0.0,30000.0,18.4137582278993,1,0,1,1,0,1.2716,0.0014,0.1551,0.0274,1.3626,12
53020000.0,0.0,0.0,0.0,5302.0,25.1629703948562,17,0,8,4,1,0.5438,0.0007,0.3241,0.0006,0.6486,21
104252500.0,0.0,0.0,0.0,12265.0,23.2384291828966,0,0,1,0,0,0.2257,0.001,0.0441,0.0,0.3048,9
50516000.0,0.0,0.0,0.0,12629.0,40.8240586743211,0,0,1,0,0,0.1218,0.0016,0.0136,0.0152,0.2777,9
495166000.00000006,0.0,0.0,0.0,35369.0,20.080852301341,13,1,10,0,1,0.7907,0.0009,0.9584,0.035,0.4702,63
12000000.0,0.0,0.0,0.0,2000.0,37.1591301051534,0,0,2,0,0,0.1088,0.0136,0.0487,0.0026,0.2485,9
77035000.0,0.0,0.0,0.0,11005.0,38.0108778077603,0,0,4,1,0,0.1218,0.0016,0.0136,0.0152,0.2777,9
78772500.0,0.0,0.0,0.0,17505.0,26.1110877080702,0,0,1,0,1,0.5438,0.0007,0.3241,0.0006,0.6486,17
24855000.0,0.0,0.0,0.0,1657.0,5.55838205042449,0,0,10,0,1,0.254,0.0116,0.2906,0.0843,1.043,31
600000000.0,0.0,0.0,0.0,30000.0,18.4354031617587,8,0,0,0,0,0.7907,0.0009,0.9584,0.035,0.4702,26
1272500000.0,0.0,0.0,0.0,509000.0,40.3785718386616,0,0,2,0,0,0.1088,0.0136,0.0487,0.0026,0.2485,9
7097000.0,0.0,0.0,0.0,1510.0,19.4986116868661,16,0,12,0,0,0.5837,0.0121,0.1525,0.2494,1.4727,36
76000000.00000001,0.0,0.0,0.0,5000.0,25.1629703948562,17,0,8,4,1,0.5438,0.0007,0.3241,0.0006,0.6486,21
77655000.0,0.0,0.0,0.0,5177.0,26.1110877080702,0,0,1,0,1,0.5438,0.0007,0.3241,0.0006,0.6486,17
230000000.0,0.0,0.0,0.0,22782.0,34.397361158154,0,0,2,0,0,0.5438,0.0007,0.3241,0.0006,0.6486,17
900000000.0,0.0,0.0,0.0,16000.0,9.45685746964893,3,0,3,1,1,0.3538,0.0121,0.1372,0.0301,0.947,29
1105212000.0,0.0,0.0,0.0,92101.0,15.7962665274298,0,0,2,0,0,1.2716,0.0014,0.1551,0.0274,1.3626,30
581107200.0,0.0,0.0,0.0,6544.0,6.07646617850628,1,0,5,0,0,0.3124,0.0012,0.1131,0.0053,0.3589,59
7200000.0,0.0,0.0,0.0,2400.0,33.9140052945325,0,0,1,0,0,0.0734,0.0008,0.0158,0.0076,0.2389,9
36576000.0,0.0,0.0,0.0,1524.0,33.1626046639721,0,0,6,0,0,0.5438,0.0007,0.3241,0.0006,0.6486,17
171520000.0,0.0,0.0,0.0,4288.0,37.1022594958161,1,0,2,0,1,0.1088,0.0136,0.0487,0.0026,0.2485,9
25000000.0,0.0,0.0,0.0,5000.0,28.3398402910932,1,0,0,0,1,0.5438,0.0007,0.3241,0.0006,0.6486,17
2500000000.0,0.0,0.0,0.0,54102.0,19.8751469191544,0,0,1,0,0,0.254,0.0116,0.2906,0.0843,1.043,-1
452088000.0,0.0,0.0,0.0,32292.0,36.2622306611835,3,0,2,0,0,0.1088,0.0136,0.0487,0.0026,0.2485,9
488000000.0,0.0,0.0,0.0,12200.0,8.74056370943242,6,0,17,1,5,0.254,0.0116,0.2906,0.0843,1.043,52
16269000.0,0.0,0.0,0.0,7395.0,28.3398402910932,1,0,0,0,1,0.5438,0.0007,0.3241,0.0006,0.6486,17
10800000.0,0.0,0.0,0.0,1508.0,33.9370485134506,0,0,1,0,0,0.6885,0.0,0.0578,0.0008,1.3152,8
91350000.0,0.0,0.0,0.0,8700.0,12.504161353757,1,0,5,0,1,0.5837,0.0121,0.1525,0.2494,1.4727,20
38214000.0,0.0,0.0,0.0,19107.0,24.0317131048872,2,0,4,0,0,0.119,0.0092,0.0505,0.0034,0.6701,19
239140000.0,0.0,0.0,0.0,10870.0,15.2105601369867,25,0,23,9,1,0.5837,0.0121,0.1525,0.2494,1.4727,42
79425000.0,0.0,0.0,0.0,1765.0,28.3398402910932,1,0,0,0,1,0.5438,0.0007,0.3241,0.0006,0.6486,17
123840000.0,0.0,0.0,0.0,1548.0,4.34051006183114,0,0,5,0,0,0.3124,0.0012,0.1131,0.0053,0.3589,59
250000000.0,0.0,0.0,0.0,7028.0,6.07646617850628,1,0,5,0,0,0.3124,0.0012,0.1131,0.0053,0.3589,59
60000000.0,0.0,0.0,0.0,20000.0,25.7039714755437,0,0,1,0,0,0.5438,0.0007,0.3241,0.0006,0.6486,17
143020000.0,0.0,0.0,0.0,7151.0,21.6540979713898,1,1,11,1,0,0.119,0.0092,0.0505,0.0034,0.6701,-1
490000000.0,0.0,0.0,0.0,14000.0,7.06817227450536,10,1,9,2,3,0.3538,0.0121,0.1372,0.0301,0.947,35
200355000.0,0.0,0.0,0.0,2109.0,26.1110877080702,0,0,1,0,1,0.5438,0.0007,0.3241,0.0006,0.6486,17
100000000.0,0.0,0.0,0.0,20000.0,23.7696332721646,4,0,4,0,0,0.119,0.0092,0.0505,0.0034,0.6701,19
4200000000.0,0.0,0.0,0.0,700000.0,21.8167107391924,12,0,9,0,0,0.5837,0.0121,0.1525,0.2494,1.4727,-1
103428000.0,0.0,0.0,0.0,6084.0,6.26377671206169,13,2,8,3,4,0.254,0.0116,0.2906,0.0843,1.043,-1
545520000.0,0.0,0.0,0.0,36368.0,17.4717437310338,3,0,7,0,0,0.5837,0.0121,0.1525,0.2494,1.4727,20
54000000.00000001,0.0,0.0,0.0,12000.0,33.3228010362333,0,0,2,0,0,0.5438,0.0007,0.3241,0.0006,0.6486,17
85500000.0,0.0,0.0,0.0,19000.0,40.1958507530222,0,0,3,0,0,0.1088,0.0136,0.0487,0.0026,0.2485,9
18000000.0,0.0,0.0,0.0,1800.0,44.1829170234738,2,1,4,0,1,0.1218,0.0016,0.0136,0.0152,0.2777,43
63000000.0,0.0,0.0,0.0,3000.0,40.5731374145635,5,0,0,1,1,0.1088,0.0136,0.0487,0.0026,0.2485,64
20000000.0,0.0,0.0,0.0,2000.0,14.9490964881392,0,0,1,0,0,1.2716,0.0014,0.1551,0.0274,1.3626,30
600000000.0,0.0,0.0,0.0,20000.0,17.877232859216,7,0,1,0,0,0.7907,0.0009,0.9584,0.035,0.4702,26
148000000.0,0.0,0.0,0.0,37000.0,40.3785718386616,0,0,2,0,0,0.1088,0.0136,0.0487,0.0026,0.2485,9
78000000.0,0.0,0.0,0.0,13000.0,23.8273138492567,4,0,5,0,0,0.119,0.0092,0.0505,0.0034,0.6701,19
121680000.0,0.0,0.0,0.0,6084.0,6.30227169708128,0,1,9,2,1,0.254,0.0116,0.2906,0.0843,1.043,41
25000000.0,0.0,0.0,0.0,5000.0,33.8602207637537,2,0,0,0,0,0.5438,0.0007,0.3241,0.0006,0.6486,17
106873000.0,0.0,0.0,0.0,16442.0,41.0693709003064,0,0,4,0,0,0.1218,0.0016,0.0136,0.0152,0.2777,9
24030000.0,0.0,0.0,0.0,2403.0,20.080852301341,13,1,10,0,1,0.7907,0.0009,0.9584,0.035,0.4702,63
25000000.0,0.0,0.0,0.0,5000.0,40.6303510698566,0,0,1,0,0,0.1218,0.0016,0.0136,0.0152,0.2777,9
77000000.0,0.0,0.0,0.0,22000.0,27.4185358133667,6,1,3,2,7,0.5438,0.0007,0.3241,0.0006,0.6486,-1
100000000.0,0.0,0.0,0.0,5000.0,5.79922797480873,5,2,6,3,5,0.3538,0.0121,0.1372,0.0301,0.947,-1
600000000.0,0.0,0.0,0.0,300000.0,40.5731374145635,5,0,0,1,1,0.1088,0.0136,0.0487,0.0026,0.2485,64
222786000.0,0.0,0.0,0.0,12377.0,17.877232859216,7,0,1,0,0,0.7907,0.0009,0.9584,0.035,0.4702,26
64610000.0,0.0,0.0,0.0,12922.0,35.9970963652386,0,0,0,0,0,0.1088,0.0136,0.0487,0.0026,0.2485,9
1170000000.0,0.0,0.0,0.0,13000.0,6.03577360461932,1,0,7,2,0,0.3124,0.0012,0.1131,0.0053,0.3589,60
195510000.0,0.0,0.0,0.0,2058.0,26.1110877080702,0,0,1,0,1,0.5438,0.0007,0.3241,0.0006,0.6486,17
6382500.0,0.0,0.0,0.0,2553.0,41.8902472037219,0,0,1,0,0,0.1218,0.0016,0.0136,0.0152,0.2777,9
57999999.99999999,0.0,0.0,0.0,7010.0,22.1043837216916,0,0,1,0,0,0.3407,0.0132,0.703,0.0155,1.4269,14
24000000.0,0.0,0.0,0.0,4000.0,34.397361158154,0,0,2,0,0,0.5438,0.0007,0.3241,0.0006,0.6486,17
85000000.0,0.0,0.0,0.0,14700.0,39.702682203301,2,2,3,3,1,0.1088,0.0136,0.0487,0.0026,0.2485,-1
10000000.0,0.0,0.0,0.0,1880.0,37.6955579442976,0,0,4,0,1,0.1088,0.0136,0.0487,0.0026,0.2485,9
57999999.99999999,0.0,0.0,0.0,20000.0,22.698437081916,0,0,3,0,0,0.1088,0.0136,0.0487,0.0026,0.2485,9
100000000.0,0.0,0.0,0.0,2000.0,17.877232859216,7,0,1,0,0,0.7907,0.0009,0.9584,0.035,0.4702,26
502000000.0,0.0,0.0,0.0,17929.0,9.45685746964893,3,0,3,1,1,0.3538,0.0121,0.1372,0.0301,0.947,29
174000000.0,0.0,0.0,0.0,15000.0,6.38944903816326,0,1,10,2,1,0.254,0.0116,0.2906,0.0843,1.043,41
830883200.0,0.0,0.0,0.0,21196.0,18.909882656682,14,1,6,1,0,0.5837,0.0121,0.1525,0.2494,1.4727,-1
110000000.0,0.0,0.0,0.0,10000.0,23.6916300087125,0,0,0,0,0,0.3407,0.0132,0.703,0.0155,1.4269,14
77655000.0,0.0,0.0,0.0,5177.0,25.1629703948562,17,0,8,4,1,0.5438,0.0007,0.3241,0.0006,0.6486,21
40000000.0,0.0,0.0,0.0,8265.0,29.393218917082,0,0,1,0,0,0.5438,0.0007,0.3241,0.0006,0.6486,17
25591500.0,0.0,0.0,0.0,5687.0,2.26455096515674,11,1,19,1,4,0.3538,0.0121,0.1372,0.0301,0.947,-1
545000000.0,0.0,0.0,0.0,35607.0,14.0265999105002,0,0,0,0,0,0.3407,0.0132,0.703,0.0155,1.4269,14
12674200.0,0.0,0.0,0.0,5761.0,34.1594254224052,0,0,0,0,0,0.4236,0.0,0.0544,0.0,0.506,34
56350000.0,0.0,0.0,0.0,2254.0,13.2835905668804,5,0,0,0,1,0.5837,0.0121,0.1525,0.2494,1.4727,20
308000000.0,0.0,0.0,0.0,22000.0,9.31173488098637,4,0,3,0,0,0.254,0.0116,0.2906,0.0843,1.043,10
52000000.0,0.0,0.0,0.0,13000.0,20.2561166269411,0,0,3,0,0,0.5837,0.0121,0.1525,0.2494,1.4727,20
239140000.0,0.0,0.0,0.0,10870.0,15.2105601369867,25,0,23,9,1,0.5837,0.0121,0.1525,0.2494,1.4727,42
20000000.0,0.0,0.0,0.0,20000.0,23.8664363996143,0,0,0,0,0,0.5438,0.0007,0.3241,0.0006,0.6486,17
3600000000.0,0.0,0.0,0.0,80000.0,9.16683729055828,3,0,4,0,2,0.3538,0.0121,0.1372,0.0301,0.947,54
77000000.0,0.0,0.0,0.0,22000.0,28.2182569971985,0,0,6,0,0,0.6885,0.0,0.0578,0.0008,1.3152,8
65000000.0,0.0,0.0,0.0,4500.0,25.1629703948562,17,0,8,4,1,0.5438,0.0007,0.3241,0.0006,0.6486,21
20000000.0,0.0,0.0,0.0,2500.0,31.5144859029136,0,0,1,0,0,0.5438,0.0007,0.3241,0.0006,0.6486,17
78000000.0,0.0,0.0,0.0,13000.0,23.8273138492567,4,0,5,0,0,0.119,0.0092,0.0505,0.0034,0.6701,19
23000000.000000004,0.0,0.0,0.0,4709.0,35.7123582293428,0,0,2,0,0,0.1088,0.0136,0.0487,0.0026,0.2485,9
51800000.0,0.0,0.0,0.0,5180.0,41.0392922991833,2,0,1,0,0,0.1088,0.0136,0.0487,0.0026,0.2485,9
170345000.0,0.0,0.0,0.0,4867.0,42.4531151189058,0,0,1,0,0,0.1088,0.0136,0.0487,0.0026,0.2485,9
111070000.0,0.0,0.0,0.0,11107.0,18.8365833553854,6,0,0,0,0,0.7907,0.0009,0.9584,0.035,0.4702,26
28995000.0,0.0,0.0,0.0,1933.0,25.1629703948562,17,0,8,4,1,0.5438,0.0007,0.3241,0.0006,0.6486,21
4355060000.0,0.0,0.0,0.0,217753.0,20.2561166269411,0,0,3,0,0,0.119,0.0092,0.0505,0.0034,0.6701,19
45132000.0,0.0,0.0,0.0,3761.0,16.875707431962,14,0,7,1,0,0.3407,0.0132,0.703,0.0155,1.4269,32
45859000.0,0.0,0.0,0.0,8338.0,26.0295877728123,0,0,3,0,0,0.6885,0.0,0.0578,0.0008,1.3152,8
452088000.0,0.0,0.0,0.0,32292.0,36.8096328108511,0,0,6,0,0,0.1088,0.0136,0.0487,0.0026,0.2485,9
15000000000.0,0.0,0.0,0.0,15000000.0,32.4987555533366,0,0,7,0,0,0.1145,0.0,0.0063,0.0024,0.1736,-1
171520000.0,0.0,0.0,0.0,4288.0,34.9254433045483,1,0,3,0,0,0.1088,0.0136,0.0487,0.0026,0.2485,9
767616000.0,0.0,0.0,0.0,127936.0,21.0546683822257,4,0,0,0,0,0.7907,0.0009,0.9584,0.035,0.4702,26
150000000000.0,0.0,0.0,0.0,15000000.0,33.1162984210487,0,0,4,0,0,0.1145,0.0,0.0063,0.0024,0.1736,-1
85164000.0,0.0,0.0,0.0,21291.0,35.2678463879437,0,0,2,0,0,0.6064,0.0034,0.1271,0.1166,0.8427,57
409158000.0,0.0,0.0,0.0,22731.0,17.4263378861759,3,0,8,0,0,0.5837,0.0121,0.1525,0.2494,1.4727,20
126000000.0,0.0,0.0,0.0,2800.0,5.99630274551664,1,0,6,2,0,0.3124,0.0012,0.1131,0.0053,0.3589,60
16269000.0,0.0,0.0,0.0,7395.0,26.1227954549035,11,0,12,6,3,0.5438,0.0007,0.3241,0.0006,0.6486,-1
70000000.0,0.0,0.0,0.0,10000.0,37.1223648512146,0,0,0,0,0,0.1088,0.0136,0.0487,0.0026,0.2485,9
46380000.0,0.0,0.0,0.0,6184.0,22.698437081916,0,0,3,0,0,0.1088,0.0136,0.0487,0.0026,0.2485,9
16000000.0,0.0,0.0,0.0,20000.0,39.9341962656526,0,0,1,0,0,0.1613,0.0,0.015,0.0007,0.3402,9
72000000.0,0.0,0.0,0.0,60000.0,35.0345793674888,0,0,1,0,0,0.4236,0.0,0.0544,0.0,0.506,34
5100000.0,0.0,0.0,0.0,3000.0,39.9341962656526,0,0,1,0,0,0.1613,0.0,0.015,0.0007,0.3402,9
18000000.0,0.0,0.0,0.0,20000.0,31.274897813976,0,0,0,0,0,0.6064,0.0034,0.1271,0.1166,0.8427,57
49999999.99999999,0.0,0.0,0.0,50000.0,29.8564060192496,0,0,1,0,0,0.4236,0.0,0.0544,0.0,0.506,34
3724292000.0,0.0,0.0,0.0,54769.0,1.98664210889069,10,1,10,0,4,0.3538,0.0121,0.1372,0.0301,0.947,46
180000000.0,0.0,0.0,0.0,20000.0,37.1022594958161,1,0,2,0,1,0.1088,0.0136,0.0487,0.0026,0.2485,9
25000000.0,0.0,0.0,0.0,10000.0,37.8242103949622,0,0,1,0,0,0.6064,0.0034,0.1271,0.1166,0.8427,57
10499999.999999998,0.0,0.0,0.0,7000.0,39.9341962656526,0,0,1,0,0,0.1613,0.0,0.015,0.0007,0.3402,9
4750000.000000001,0.0,0.0,0.0,2500.0,39.9341962656526,0,0,1,0,0,0.1613,0.0,0.015,0.0007,0.3402,9
72000000.0,0.0,0.0,0.0,24000.0,41.3622605945243,0,0,3,0,0,0.1218,0.0016,0.0136,0.0152,0.2777,9
42742500.0,0.0,0.0,0.0,5699.0,39.7030715001188,0,0,2,0,0,0.1088,0.0136,0.0487,0.0026,0.2485,9
12600000.0,0.0,0.0,0.0,14000.0,36.3833727499977,0,0,1,0,0,0.1613,0.0,0.015,0.0007,0.3402,9
115872000.0,0.0,0.0,0.0,9656.0,22.698437081916,0,0,3,0,0,0.1088,0.0136,0.0487,0.0026,0.2485,9
77000000.0,0.0,0.0,0.0,5500.0,39.1902292847328,0,0,4,0,0,0.1088,0.0136,0.0487,0.0026,0.2485,9
231000000.0,0.0,0.0,0.0,330000.0,25.667122495322,0,0,4,2,0,0.2257,0.001,0.0441,0.0,0.3048,58
236280000.0,0.0,0.0,0.0,4296.0,15.6532039745192,5,0,8,0,2,0.5837,0.0121,0.1525,0.2494,1.4727,20
452088000.0,0.0,0.0,0.0,32292.0,35.0231756679732,0,0,3,0,0,0.5438,0.0007,0.3241,0.0006,0.6486,17
308000000.0,0.0,0.0,0.0,22000.0,9.31173488098637,4,0,3,0,0,0.254,0.0116,0.2906,0.0843,1.043,10
12250000.0,0.0,0.0,0.0,3500.0,17.7424845596666,3,0,5,0,0,0.1307,0.0011,0.0418,0.0228,0.3339,-1
24825000.0,0.0,0.0,0.0,9930.0,40.0702068398194,0,0,1,0,0,0.1218,0.0016,0.0136,0.0152,0.2777,9
304040000.0,0.0,0.0,0.0,13820.0,9.16683729055828,3,0,4,0,2,0.3538,0.0121,0.1372,0.0301,0.947,54
23000000.000000004,0.0,0.0,0.0,3132.0,19.4114534035913,10,1,10,2,5,0.7907,0.0009,0.9584,0.035,0.4702,-1
66300000.0,0.0,0.0,0.0,5100.0,40.3785718386616,0,0,2,0,0,0.1088,0.0136,0.0487,0.0026,0.2485,9
180000000.0,0.0,0.0,0.0,24000.0,18.4137582278993,1,0,1,1,0,1.2716,0.0014,0.1551,0.0274,1.3626,12
150000000000.0,0.0,0.0,0.0,150000000.0,32.4987555533366,0,0,7,0,0,0.1145,0.0,0.0063,0.0024,0.1736,-1
170000000.0,0.0,0.0,0.0,10000.0,35.7123582293428,0,0,2,0,0,0.1088,0.0136,0.0487,0.0026,0.2485,9
11100000.0,0.0,0.0,0.0,398.0,35.8583543833373,0,0,0,0,0,0.1088,0.0136,0.0487,0.0026,0.2485,9
20520000.0,0.0,0.0,0.0,380.0,28.0240969241861,2,0,4,0,1,0.5438,0.0007,0.3241,0.0006,0.6486,17
10000000.0,0.0,0.0,0.0,340.0,35.8583543833373,0,0,0,0,0,0.1088,0.0136,0.0487,0.0026,0.2485,9
9000088.0,0.0,0.0,0.0,300.0,35.8583543833373,0,0,0,0,0,0.1088,0.0136,0.0487,0.0026,0.2485,9
1650000.0,0.0,0.0,0.0,500.0,34.3322788296707,0,0,1,0,0,0.6064,0.0034,0.1271,0.1166,0.8427,57
15600000.0,0.0,0.0,0.0,293.0,9.47534360772261,0,0,2,0,0,0.254,0.0116,0.2906,0.0843,1.043,10
98185000.0,0.0,0.0,0.0,280.0,7.20543583428759,0,1,0,1,1,0.3124,0.0012,0.1131,0.0053,0.3589,45
5357100.0,0.0,0.0,0.0,300.0,12.1965796701453,0,0,1,0,0,0.5837,0.0121,0.1525,0.2494,1.4727,20
18000000.0,0.0,0.0,0.0,390.0,27.0550789815397,0,0,1,0,0,0.5438,0.0007,0.3241,0.0006,0.6486,17
5400000.0,0.0,0.0,0.0,301.0,23.4233384568079,0,0,1,2,0,0.5438,0.0007,0.3241,0.0006,0.6486,22
11400000.0,0.0,0.0,0.0,289.0,27.0550789815397,0,0,1,0,0,0.5438,0.0007,0.3241,0.0006,0.6486,17
33000000.0,0.0,0.0,0.0,276.0,26.1110877080702,0,0,1,0,1,0.5438,0.0007,0.3241,0.0006,0.6486,17
5956000.0,0.0,0.0,0.0,272.0,39.194123639204,2,2,0,0,1,0.5438,0.0007,0.3241,0.0006,0.6486,-1
32175000.0,0.0,0.0,0.0,495.0,26.1110877080702,0,0,1,0,1,0.5438,0.0007,0.3241,0.0006,0.6486,17
4293000.0,0.0,0.0,0.0,318.0,40.5731374145635,5,0,0,1,1,0.1088,0.0136,0.0487,0.0026,0.2485,64
6000000.0,0.0,0.0,0.0,300.0,23.4233384568079,0,0,1,2,0,0.5438,0.0007,0.3241,0.0006,0.6486,22
6300000.0,0.0,0.0,0.0,346.0,12.1965796701453,0,0,1,0,0,0.5837,0.0121,0.1525,0.2494,1.4727,20
8125000000.0,0.0,0.0,0.0,325.0,16.8169713053737,0,0,2,0,0,0.3407,0.0132,0.703,0.0155,1.4269,-1
7280000.0,0.0,0.0,0.0,260.0,17.877232859216,7,0,1,0,0,0.7907,0.0009,0.9584,0.035,0.4702,26
3000000.0,0.0,0.0,0.0,500.0,40.90884504313,0,0,0,0,0,0.1218,0.0016,0.0136,0.0152,0.2777,9
3000000.0,0.0,0.0,0.0,500.0,40.90884504313,0,0,0,0,0,0.1218,0.0016,0.0136,0.0152,0.2777,9
3000000.0,0.0,0.0,0.0,500.0,40.90884504313,0,0,0,0,0,0.1218,0.0016,0.0136,0.0152,0.2777,9
10347321.0,0.0,0.0,0.0,278.0,28.0299301310964,0,0,0,0,0,0.5438,0.0007,0.3241,0.0006,0.6486,17
25500000.0,0.0,0.0,0.0,497.0,9.47534360772261,0,0,2,0,0,0.254,0.0116,0.2906,0.0843,1.043,10
8697231.0,0.0,0.0,0.0,253.0,27.2751718373962,0,0,1,0,0,0.5438,0.0007,0.3241,0.0006,0.6486,17
12627999.999999998,0.0,0.0,0.0,451.0,26.1110877080702,0,0,1,0,1,0.5438,0.0007,0.3241,0.0006,0.6486,17
13625892.0,0.0,0.0,0.0,321.0,27.0550789815397,0,0,1,0,0,0.5438,0.0007,0.3241,0.0006,0.6486,17
5541900.0,0.0,0.0,0.0,273.0,38.8773745737821,2,2,1,0,2,0.5438,0.0007,0.3241,0.0006,0.6486,-1
3500.0,0.0,0.0,500.0,500.0,40.9428453293726,0,0,0,0,0,0.1613,0.0,0.015,0.0007,0.3402,-1
6800000.0,0.0,0.0,0.0,340.0,42.1032926873715,1,0,2,0,0,0.1218,0.0016,0.0136,0.0152,0.2777,9
1500000.0,0.0,0.0,300.0,300.0,37.4293327784411,0,0,3,0,0,0.1218,0.0016,0.0136,0.0152,0.2777,9
25005357.0,0.0,0.0,0.0,475.0,21.0546683822257,4,0,0,0,0,0.7907,0.0009,0.9584,0.035,0.4702,26
25005357.0,0.0,0.0,0.0,475.0,21.0546683822257,4,0,0,0,0,0.7907,0.0009,0.9584,0.035,0.4702,26
4675000.0,0.0,0.0,0.0,374.0,42.5688392787028,0,0,0,0,0,0.1218,0.0016,0.0136,0.0152,0.2777,9
15900000.0,0.0,0.0,0.0,300.0,10.6770983894187,0,0,1,0,0,0.3407,0.0132,0.703,0.0155,1.4269,14
24564000.0,0.0,0.0,0.0,356.0,11.9565795898763,13,1,3,2,0,0.3407,0.0132,0.703,0.0155,1.4269,66
26961607.0,0.0,0.0,0.0,497.0,27.2751718373962,0,0,1,0,0,0.5438,0.0007,0.3241,0.0006,0.6486,17
3280999.9999999995,0.0,0.0,0.0,279.0,42.2821425842408,0,0,1,0,0,0.1218,0.0016,0.0136,0.0152,0.2777,9
3600000.0,0.0,0.0,0.0,300.0,42.5688392787028,0,0,0,0,0,0.1218,0.0016,0.0136,0.0152,0.2777,9
15000000.0,0.0,0.0,0.0,439.0,14.9560971566254,11,0,12,3,12,0.5837,0.0121,0.1525,0.2494,1.4727,-1
9000000.0,0.0,0.0,0.0,302.0,26.1110877080702,0,0,1,0,1,0.5438,0.0007,0.3241,0.0006,0.6486,17
5334000.000000001,0.0,0.0,0.0,381.0,38.3982004485583,0,0,2,0,0,0.1088,0.0136,0.0487,0.0026,0.2485,9
14688000.0,0.0,0.0,0.0,255.0,9.43386668635108,0,0,1,0,0,0.254,0.0116,0.2906,0.0843,1.043,10
20000000.0,0.0,0.0,0.0,500.0,17.877232859216,7,0,1,0,0,0.7907,0.0009,0.9584,0.035,0.4702,26
5550000.000000001,0.0,0.0,0.0,300.0,12.1965796701453,0,0,1,0,0,0.5837,0.0121,0.1525,0.2494,1.4727,20
13123050.0,0.0,0.0,0.0,267.0,26.1110877080702,0,0,1,0,1,0.5438,0.0007,0.3241,0.0006,0.6486,17
8843000.0,0.0,0.0,0.0,478.0,12.1965796701453,0,0,1,0,0,0.5837,0.0121,0.1525,0.2494,1.4727,20
15000000.0,0.0,0.0,0.0,300.0,11.7321528216741,6,0,1,0,0,0.3407,0.0132,0.703,0.0155,1.4269,14
6479872.0,0.0,0.0,0.0,256.0,37.5736740624449,2,2,1,2,4,0.1088,0.0136,0.0487,0.0026,0.2485,24
17766400.0,0.0,0.0,0.0,347.0,26.1110877080702,0,0,1,0,1,0.5438,0.0007,0.3241,0.0006,0.6486,17
1590000.0,0.0,0.0,0.0,300.0,36.9174470320011,0,0,0,0,0,0.1218,0.0016,0.0136,0.0152,0.2777,9
13738000.0,0.0,0.0,0.0,253.0,9.43386668635108,0,0,1,0,0,0.254,0.0116,0.2906,0.0843,1.043,10
6877000.0,0.0,0.0,0.0,299.0,42.5688392787028,0,0,0,0,0,0.1218,0.0016,0.0136,0.0152,0.2777,9
7219968.0,0.0,0.0,0.0,272.0,37.4981280658715,0,0,2,0,0,0.1088,0.0136,0.0487,0.0026,0.2485,9
8600000.0,0.0,0.0,0.0,433.0,39.5305946300785,4,1,5,3,1,0.1088,0.0136,0.0487,0.0026,0.2485,11
4726000.000000001,0.0,0.0,0.0,278.0,37.5736740624449,2,2,1,2,4,0.1088,0.0136,0.0487,0.0026,0.2485,24
3300000.0,0.0,0.0,0.0,300.0,42.5688392787028,0,0,0,0,0,0.1218,0.0016,0.0136,0.0152,0.2777,9
5100000.0,0.0,0.0,0.0,300.0,37.1022594958161,1,0,2,0,1,0.1088,0.0136,0.0487,0.0026,0.2485,9
11000000.0,0.0,0.0,0.0,300.0,27.0550789815397,0,0,1,0,0,0.5438,0.0007,0.3241,0.0006,0.6486,17
15900000.0,0.0,0.0,0.0,300.0,11.7321528216741,6,0,1,0,0,0.3407,0.0132,0.703,0.0155,1.4269,14
5000000.0,0.0,0.0,0.0,254.66,13.9840084806226,15,0,15,0,1,0.5837,0.0121,0.1525,0.2494,1.4727,-1
4200000.0,0.0,0.0,0.0,300.0,40.3785718386616,0,0,2,0,0,0.1088,0.0136,0.0487,0.0026,0.2485,9
18500000.0,0.0,0.0,0.0,443.0,26.1110877080702,0,0,1,0,1,0.5438,0.0007,0.3241,0.0006,0.6486,17
9400000.0,0.0,0.0,0.0,300.0,35.8583543833373,0,0,0,0,0,0.1088,0.0136,0.0487,0.0026,0.2485,9
3000000.0,0.0,0.0,0.0,500.0,40.90884504313,0,0,0,0,0,0.1218,0.0016,0.0136,0.0152,0.2777,9
5181600.0,0.0,0.0,0.0,381.0,22.1043837216916,0,0,1,0,0,0.3407,0.0132,0.703,0.0155,1.4269,14
3000000.0,0.0,0.0,0.0,500.0,40.90884504313,0,0,0,0,0,0.1218,0.0016,0.0136,0.0152,0.2777,9
32000000.0,0.0,0.0,0.0,390.0,35.4541682079896,0,0,1,0,0,0.1088,0.0136,0.0487,0.0026,0.2485,9
4460800.0,0.0,0.0,0.0,328.0,22.1043837216916,0,0,1,0,0,0.3407,0.0132,0.703,0.0155,1.4269,14
14000000.0,0.0,0.0,0.0,255.0,9.43386668635108,0,0,1,0,0,0.254,0.0116,0.2906,0.0843,1.043,10
4293000.0,0.0,0.0,0.0,318.0,40.5731374145635,5,0,0,1,1,0.1088,0.0136,0.0487,0.0026,0.2485,64
7986800.000000002,0.0,0.0,0.0,487.0,42.3721188486203,0,0,0,0,0,0.1218,0.0016,0.0136,0.0152,0.2777,9
3000000.0,0.0,0.0,0.0,500.0,40.90884504313,0,0,0,0,0,0.1218,0.0016,0.0136,0.0152,0.2777,9
13284821.0,0.0,0.0,0.0,274.0,9.43386668635108,0,0,1,0,0,0.254,0.0116,0.2906,0.0843,1.043,10
3000000.0,0.0,0.0,0.0,500.0,40.90884504313,0,0,0,0,0,0.1218,0.0016,0.0136,0.0152,0.2777,9
3000000.0,0.0,0.0,0.0,500.0,40.90884504313,0,0,0,0,0,0.1218,0.0016,0.0136,0.0152,0.2777,9
4460800.0,0.0,0.0,0.0,328.0,22.1043837216916,0,0,1,0,0,0.3407,0.0132,0.703,0.0155,1.4269,14
16000000.0,0.0,0.0,0.0,320.0,9.43386668635108,0,0,1,0,0,0.254,0.0116,0.2906,0.0843,1.043,10
21800000.0,0.0,0.0,0.0,437.0,17.877232859216,7,0,1,0,0,0.7907,0.0009,0.9584,0.035,0.4702,26
16000000.0,0.0,0.0,0.0,320.0,9.43386668635108,0,0,1,0,0,0.254,0.0116,0.2906,0.0843,1.043,10
13608000.0,0.0,0.0,0.0,486.0,17.877232859216,7,0,1,0,0,0.7907,0.0009,0.9584,0.035,0.4702,26
14000000.0,0.0,0.0,0.0,500.0,17.877232859216,7,0,1,0,0,0.7907,0.0009,0.9584,0.035,0.4702,26
35000000.0,0.0,0.0,0.0,426.0,35.9479690462094,0,0,0,0,0,0.1088,0.0136,0.0487,0.0026,0.2485,9
3600000.0,0.0,0.0,0.0,300.0,42.5688392787028,0,0,0,0,0,0.1218,0.0016,0.0136,0.0152,0.2777,9
24290000.0,0.0,0.0,0.0,347.0,28.0240969241861,2,0,4,0,1,0.5438,0.0007,0.3241,0.0006,0.6486,17
10165000.0,0.0,0.0,0.0,394.0,17.877232859216,7,0,1,0,0,0.7907,0.0009,0.9584,0.035,0.4702,26
2302500.0,0.0,0.0,0.0,307.0,15.7693467630002,0,0,2,0,0,1.2716,0.0014,0.1551,0.0274,1.3626,30
4338400.0,0.0,0.0,0.0,328.0,22.1043837216916,0,0,1,0,0,0.3407,0.0132,0.703,0.0155,1.4269,14
14000000.0,0.0,0.0,0.0,291.0,9.43386668635108,0,0,1,0,0,0.254,0.0116,0.2906,0.0843,1.043,10
16850000.0,0.0,0.0,0.0,480.0,17.877232859216,7,0,1,0,0,0.7907,0.0009,0.9584,0.035,0.4702,26
3000000.0,0.0,0.0,0.0,500.0,40.90884504313,0,0,0,0,0,0.1218,0.0016,0.0136,0.0152,0.2777,9
3600000.0,0.0,0.0,0.0,300.0,42.5688392787028,0,0,0,0,0,0.1218,0.0016,0.0136,0.0152,0.2777,9
4800000.0,0.0,0.0,0.0,300.0,36.2622306611835,3,0,2,0,0,0.1088,0.0136,0.0487,0.0026,0.2485,9
28098000.0,0.0,0.0,0.0,446.0,8.50515694452222,3,0,10,0,0,0.254,0.0116,0.2906,0.0843,1.043,31
9100000.0,0.0,0.0,0.0,290.0,27.0550789815397,0,0,1,0,0,0.5438,0.0007,0.3241,0.0006,0.6486,17
21779000.0,0.0,0.0,0.0,391.0,8.50515694452222,3,0,10,0,0,0.254,0.0116,0.2906,0.0843,1.043,31
2145000.0,0.0,0.0,0.0,429.0,22.6736113657936,0,0,2,0,0,0.119,0.0092,0.0505,0.0034,0.6701,19
40000000.0,0.0,0.0,0.0,330.0,26.1110877080702,0,0,1,0,1,0.5438,0.0007,0.3241,0.0006,0.6486,17
20670000.0,0.0,0.0,0.0,318.0,7.39987046487849,2,1,3,1,2,0.3124,0.0012,0.1131,0.0053,0.3589,45
16650000.0,0.0,0.0,0.0,450.0,17.877232859216,7,0,1,0,0,0.7907,0.0009,0.9584,0.035,0.4702,26
5520000.0,0.0,0.0,0.0,368.0,42.5688392787028,0,0,0,0,0,0.1218,0.0016,0.0136,0.0152,0.2777,9
9085000.0,0.0,0.0,0.0,308.0,19.263851248999,10,0,6,0,3,0.7907,0.0009,0.9584,0.035,0.4702,28
9472000.0,0.0,0.0,0.0,296.0,17.877232859216,7,0,1,0,0,0.7907,0.0009,0.9584,0.035,0.4702,26
24871000.0,0.0,0.0,0.0,310.0,6.72591001393616,0,0,1,0,0,0.3124,0.0012,0.1131,0.0053,0.3589,61
11205000.0,0.0,0.0,0.0,415.0,17.877232859216,7,0,1,0,0,0.7907,0.0009,0.9584,0.035,0.4702,26
12000000.0,0.0,0.0,0.0,453.0,26.1110877080702,0,0,1,0,1,0.5438,0.0007,0.3241,0.0006,0.6486,17
3588000.0,0.0,0.0,0.0,276.0,42.5688392787028,0,0,0,0,0,0.1218,0.0016,0.0136,0.0152,0.2777,9
5785600.0,0.0,0.0,0.0,256.0,22.698437081916,0,0,3,0,0,0.1088,0.0136,0.0487,0.0026,0.2485,9
72360000.0,0.0,0.0,0.0,446.0,8.17941787125434,0,0,9,0,0,0.3538,0.0121,0.1372,0.0301,0.947,54
5785600.0,0.0,0.0,0.0,256.0,37.5736740624449,2,2,1,2,4,0.1088,0.0136,0.0487,0.0026,0.2485,24
11250000.0,0.0,0.0,0.0,291.0,26.1110877080702,0,0,1,0,1,0.5438,0.0007,0.3241,0.0006,0.6486,17
11091000.0,0.0,0.0,0.0,415.0,17.877232859216,7,0,1,0,0,0.7907,0.0009,0.9584,0.035,0.4702,26
9500000.0,0.0,0.0,0.0,254.0,26.1110877080702,0,0,1,0,1,0.5438,0.0007,0.3241,0.0006,0.6486,17
12363393.0,0.0,0.0,0.0,255.0,9.43386668635108,0,0,1,0,0,0.254,0.0116,0.2906,0.0843,1.043,10
10951500.0,0.0,0.0,0.0,447.0,43.2245374098247,1,0,3,0,0,0.1218,0.0016,0.0136,0.0152,0.2777,9
13926000.0,0.0,0.0,0.0,422.0,17.877232859216,7,0,1,0,0,0.7907,0.0009,0.9584,0.035,0.4702,26
21504000.0,0.0,0.0,0.0,448.0,26.1110877080702,0,0,1,0,1,0.5438,0.0007,0.3241,0.0006,0.6486,17
16250000.0,0.0,0.0,0.0,325.0,28.0240969241861,2,0,4,0,1,0.5438,0.0007,0.3241,0.0006,0.6486,17
16000000.0,0.0,0.0,0.0,300.0,7.39987046487849,2,1,3,1,2,0.3124,0.0012,0.1131,0.0053,0.3589,45
4293000.0,0.0,0.0,0.0,318.0,40.5731374145635,5,0,0,1,1,0.1088,0.0136,0.0487,0.0026,0.2485,64
9085000.0,0.0,0.0,0.0,300.0,17.877232859216,7,0,1,0,0,0.7907,0.0009,0.9584,0.035,0.4702,26
21762000.0,0.0,0.0,0.0,319.0,6.07646617850628,1,0,5,0,0,0.3124,0.0012,0.1131,0.0053,0.3589,59
3000000.0,0.0,0.0,0.0,500.0,40.90884504313,0,0,0,0,0,0.1218,0.0016,0.0136,0.0152,0.2777,9
5000.0,0.0,0.0,0.0,300.0,33.8090495186888,0,0,0,0,0,0.0734,0.0008,0.0158,0.0076,0.2389,9
13000000.0,0.0,0.0,0.0,327.0,27.0550789815397,0,0,1,0,0,0.5438,0.0007,0.3241,0.0006,0.6486,17
16799000.0,0.0,0.0,0.0,480.0,17.877232859216,7,0,1,0,0,0.7907,0.0009,0.9584,0.035,0.4702,26
3000000.0,0.0,0.0,0.0,500.0,40.90884504313,0,0,0,0,0,0.1218,0.0016,0.0136,0.0152,0.2777,9
3000000.0,0.0,0.0,0.0,500.0,40.90884504313,0,0,0,0,0,0.1218,0.0016,0.0136,0.0152,0.2777,9
23050000.0,0.0,0.0,0.0,461.0,28.0240969241861,2,0,4,0,1,0.5438,0.0007,0.3241,0.0006,0.6486,17
27820000.0,0.0,0.0,0.0,428.0,26.1110877080702,0,0,1,0,1,0.5438,0.0007,0.3241,0.0006,0.6486,17
6750000.000000001,0.0,0.0,0.0,300.0,12.1965796701453,0,0,1,0,0,0.5837,0.0121,0.1525,0.2494,1.4727,20
6400000.0,0.0,0.0,0.0,400.0,40.5731374145635,5,0,0,1,1,0.1088,0.0136,0.0487,0.0026,0.2485,64
17218750.0,0.0,0.0,0.0,350.0,9.43386668635108,0,0,1,0,0,0.254,0.0116,0.2906,0.0843,1.043,10
19838000.0,0.0,0.0,0.0,436.0,26.1110877080702,0,0,1,0,1,0.5438,0.0007,0.3241,0.0006,0.6486,17
7901119.0,0.0,0.0,0.0,300.0,35.8583543833373,0,0,0,0,0,0.1088,0.0136,0.0487,0.0026,0.2485,9
4293000.0,0.0,0.0,0.0,318.0,40.5731374145635,5,0,0,1,1,0.1088,0.0136,0.0487,0.0026,0.2485,64
16453125.0,0.0,0.0,0.0,300.0,14.4998298722405,0,0,4,1,0,1.2716,0.0014,0.1551,0.0274,1.3626,12
28843500.0,0.0,0.0,0.0,469.0,28.0240969241861,2,0,4,0,1,0.5438,0.0007,0.3241,0.0006,0.6486,17
3000000.0,0.0,0.0,0.0,500.0,40.90884504313,0,0,0,0,0,0.1218,0.0016,0.0136,0.0152,0.2777,9
3000000.0,0.0,0.0,0.0,500.0,40.90884504313,0,0,0,0,0,0.1218,0.0016,0.0136,0.0152,0.2777,9
13411000.0,0.0,0.0,0.0,309.0,27.0550789815397,0,0,1,0,0,0.5438,0.0007,0.3241,0.0006,0.6486,17
3000000.0,0.0,0.0,0.0,500.0,40.90884504313,0,0,0,0,0,0.1218,0.0016,0.0136,0.0152,0.2777,9
3036000.0,0.0,0.0,0.0,500.0,40.90884504313,0,0,0,0,0,0.1218,0.0016,0.0136,0.0152,0.2777,9
4293000.0,0.0,0.0,0.0,318.0,40.5731374145635,5,0,0,1,1,0.1088,0.0136,0.0487,0.0026,0.2485,64
9210000.0,0.0,0.0,0.0,307.0,17.877232859216,7,0,1,0,0,0.7907,0.0009,0.9584,0.035,0.4702,26
3000000.0,0.0,0.0,0.0,500.0,40.90884504313,0,0,0,0,0,0.1218,0.0016,0.0136,0.0152,0.2777,9
3000000.0,0.0,0.0,0.0,500.0,40.90884504313,0,0,0,0,0,0.1218,0.0016,0.0136,0.0152,0.2777,9
3000000.0,0.0,0.0,0.0,500.0,40.90884504313,0,0,0,0,0,0.1218,0.0016,0.0136,0.0152,0.2777,9
3000000.0,0.0,0.0,0.0,500.0,40.90884504313,0,0,0,0,0,0.1218,0.0016,0.0136,0.0152,0.2777,9
128000000.0,0.0,0.0,0.0,495.0,28.0240969241861,2,0,4,0,1,0.5438,0.0007,0.3241,0.0006,0.6486,17
17675357.0,0.0,0.0,0.0,300.0,14.4998298722405,0,0,4,1,0,1.2716,0.0014,0.1551,0.0274,1.3626,12
10800000.0,0.0,0.0,0.0,298.0,23.2302408211237,0,0,0,0,0,1.2716,0.0014,0.1551,0.0274,1.3626,30
18700000.0,0.0,0.0,0.0,374.0,28.0240969241861,2,0,4,0,1,0.5438,0.0007,0.3241,0.0006,0.6486,17
3000500.0,0.0,0.0,0.0,500.0,40.90884504313,0,0,0,0,0,0.1218,0.0016,0.0136,0.0152,0.2777,9
17000000.0,0.0,0.0,0.0,300.0,9.43386668635108,0,0,1,0,0,0.254,0.0116,0.2906,0.0843,1.043,10
3000000.0,0.0,0.0,0.0,500.0,40.90884504313,0,0,0,0,0,0.1218,0.0016,0.0136,0.0152,0.2777,9
3000000.0,0.0,0.0,0.0,500.0,40.90884504313,0,0,0,0,0,0.1218,0.0016,0.0136,0.0152,0.2777,9
12985714.0,0.0,0.0,0.0,288.0,9.43386668635108,0,0,1,0,0,0.254,0.0116,0.2906,0.0843,1.043,10
17000000.0,0.0,0.0,0.0,316.0,9.43386668635108,0,0,1,0,0,0.254,0.0116,0.2906,0.0843,1.043,10
2850000.0,0.0,0.0,0.0,300.0,37.4293327784411,0,0,3,0,0,0.1218,0.0016,0.0136,0.0152,0.2777,9
19400000.0,0.0,0.0,0.0,391.0,7.13134917868044,0,0,3,0,0,0.254,0.0116,0.2906,0.0843,1.043,10
13299999.999999998,0.0,0.0,0.0,350.0,27.0550789815397,0,0,1,0,0,0.5438,0.0007,0.3241,0.0006,0.6486,17
23485000.0,0.0,0.0,0.0,427.0,28.0240969241861,2,0,4,0,1,0.5438,0.0007,0.3241,0.0006,0.6486,17
3000000.0,0.0,0.0,0.0,500.0,40.90884504313,0,0,0,0,0,0.1218,0.0016,0.0136,0.0152,0.2777,9
3000000.0,0.0,0.0,0.0,500.0,40.90884504313,0,0,0,0,0,0.1218,0.0016,0.0136,0.0152,0.2777,9
3000000.0,0.0,0.0,0.0,500.0,40.90884504313,0,0,0,0,0,0.1218,0.0016,0.0136,0.0152,0.2777,9
3000000.0,0.0,0.0,0.0,500.0,40.90884504313,0,0,0,0,0,0.1218,0.0016,0.0136,0.0152,0.2777,9
13901785.0,0.0,0.0,0.0,300.0,9.43386668635108,0,0,1,0,0,0.254,0.0116,0.2906,0.0843,1.043,10
18330000.0,0.0,0.0,0.0,299.0,9.43386668635108,0,0,1,0,0,0.254,0.0116,0.2906,0.0843,1.043,10
4293000.0,0.0,0.0,0.0,318.0,40.5731374145635,5,0,0,1,1,0.1088,0.0136,0.0487,0.0026,0.2485,64
12000000.0,0.0,0.0,0.0,327.0,27.0550789815397,0,0,1,0,0,0.5438,0.0007,0.3241,0.0006,0.6486,17
3000000.0,0.0,0.0,0.0,500.0,40.90884504313,0,0,0,0,0,0.1218,0.0016,0.0136,0.0152,0.2777,9
3000000.0,0.0,0.0,0.0,500.0,40.90884504313,0,0,0,0,0,0.1218,0.0016,0.0136,0.0152,0.2777,9
3000000.0,0.0,0.0,0.0,500.0,40.90884504313,0,0,0,0,0,0.1218,0.0016,0.0136,0.0152,0.2777,9
3000000.0,0.0,0.0,0.0,500.0,40.90884504313,0,0,0,0,0,0.1218,0.0016,0.0136,0.0152,0.2777,9
11760000.0,0.0,0.0,0.0,280.0,27.0550789815397,0,0,1,0,0,0.5438,0.0007,0.3241,0.0006,0.6486,17
3000000.0,0.0,0.0,0.0,500.0,40.90884504313,0,0,0,0,0,0.1218,0.0016,0.0136,0.0152,0.2777,9
15912000.0,0.0,0.0,0.0,300.0,11.7321528216741,6,0,1,0,0,0.3407,0.0132,0.703,0.0155,1.4269,14
19400000.0,0.0,0.0,0.0,388.0,28.0240969241861,2,0,4,0,1,0.5438,0.0007,0.3241,0.0006,0.6486,17
20900000.0,0.0,0.0,0.0,380.0,28.0240969241861,2,0,4,0,1,0.5438,0.0007,0.3241,0.0006,0.6486,17
25795000.0,0.0,0.0,0.0,469.0,28.0240969241861,2,0,4,0,1,0.5438,0.0007,0.3241,0.0006,0.6486,17
21306000.0,0.0,0.0,0.0,402.0,28.0240969241861,2,0,4,0,1,0.5438,0.0007,0.3241,0.0006,0.6486,17
21552000.0,0.0,0.0,0.0,449.0,28.0240969241861,2,0,4,0,1,0.5438,0.0007,0.3241,0.0006,0.6486,17
3000000.0,0.0,0.0,0.0,500.0,40.90884504313,0,0,0,0,0,0.1218,0.0016,0.0136,0.0152,0.2777,9
6000000.0,0.0,0.0,0.0,300.0,12.1965796701453,0,0,1,0,0,0.5837,0.0121,0.1525,0.2494,1.4727,20
3000000.0,0.0,0.0,0.0,500.0,40.90884504313,0,0,0,0,0,0.1218,0.0016,0.0136,0.0152,0.2777,9
3000000.0,0.0,0.0,0.0,500.0,40.90884504313,0,0,0,0,0,0.1218,0.0016,0.0136,0.0152,0.2777,9
12150000.0,0.0,0.0,0.0,298.0,27.0550789815397,0,0,1,0,0,0.5438,0.0007,0.3241,0.0006,0.6486,17
12585600.0,0.0,0.0,0.0,437.0,35.7123582293428,0,0,2,0,0,0.1088,0.0136,0.0487,0.0026,0.2485,9
9085000.0,0.0,0.0,0.0,308.0,17.877232859216,7,0,1,0,0,0.7907,0.0009,0.9584,0.035,0.4702,26
8700000.0,0.0,0.0,0.0,300.0,17.877232859216,7,0,1,0,0,0.7907,0.0009,0.9584,0.035,0.4702,26
22500000.0,0.0,0.0,0.0,391.0,7.13134917868044,0,0,3,0,0,0.254,0.0116,0.2906,0.0843,1.043,10
20295000.0,0.0,0.0,0.0,369.0,28.0240969241861,2,0,4,0,1,0.5438,0.0007,0.3241,0.0006,0.6486,17
4800000.0,0.0,0.0,0.0,300.0,42.996447186199,1,0,3,0,0,0.1088,0.0136,0.0487,0.0026,0.2485,9
3000000.0,0.0,0.0,0.0,500.0,40.90884504313,0,0,0,0,0,0.1218,0.0016,0.0136,0.0152,0.2777,9
3000000.0,0.0,0.0,0.0,500.0,40.90884504313,0,0,0,0,0,0.1218,0.0016,0.0136,0.0152,0.2777,9
9800000.0,0.0,0.0,0.0,280.0,23.2302408211237,0,0,0,0,0,1.2716,0.0014,0.1551,0.0274,1.3626,30
9000000.0,0.0,0.0,0.0,300.0,30.7198890624598,1,0,2,0,0,0.5438,0.0007,0.3241,0.0006,0.6486,17
2070000.0,0.0,0.0,0.0,345.0,22.6736113657936,0,0,2,0,0,0.119,0.0092,0.0505,0.0034,0.6701,19
13022000.0,0.0,0.0,0.0,437.0,22.698437081916,0,0,3,0,0,0.1088,0.0136,0.0487,0.0026,0.2485,9
4500000.0,0.0,0.0,0.0,300.0,22.1043837216916,0,0,1,0,0,0.3407,0.0132,0.703,0.0155,1.4269,14
4664000.0,0.0,0.0,0.0,424.0,42.5688392787028,0,0,0,0,0,0.1218,0.0016,0.0136,0.0152,0.2777,9
12600000.0,0.0,0.0,0.0,450.0,17.877232859216,7,0,1,0,0,0.7907,0.0009,0.9584,0.035,0.4702,26
9900000.0,0.0,0.0,0.0,415.0,17.877232859216,7,0,1,0,0,0.7907,0.0009,0.9584,0.035,0.4702,26
11340000.0,0.0,0.0,0.0,420.0,17.877232859216,7,0,1,0,0,0.7907,0.0009,0.9584,0.035,0.4702,26
4252500.0,0.0,0.0,0.0,315.0,40.3785718386616,0,0,2,0,0,0.1088,0.0136,0.0487,0.0026,0.2485,9
9388800.0,0.0,0.0,0.0,326.0,17.877232859216,7,0,1,0,0,0.7907,0.0009,0.9584,0.035,0.4702,26
4365000.0,0.0,0.0,0.0,291.0,40.1958507530222,0,0,3,0,0,0.1088,0.0136,0.0487,0.0026,0.2485,9
25092000.0,0.0,0.0,0.0,492.0,23.151631195895,0,0,0,0,0,1.2716,0.0014,0.1551,0.0274,1.3626,30
20150000.0,0.0,0.0,0.0,310.0,11.9565795898763,13,1,3,2,0,0.3407,0.0132,0.703,0.0155,1.4269,66
7575000.0,0.0,0.0,0.0,303.0,17.877232859216,7,0,1,0,0,0.7907,0.0009,0.9584,0.035,0.4702,26
12746000.0,0.0,0.0,0.0,289.0,27.0550789815397,0,0,1,0,0,0.5438,0.0007,0.3241,0.0006,0.6486,17
17000000.0,0.0,0.0,0.0,334.0,28.0240969241861,2,0,4,0,1,0.5438,0.0007,0.3241,0.0006,0.6486,17
1900000.0,0.0,0.0,0.0,500.0,36.22599537188,0,0,1,0,0,0.6064,0.0034,0.1271,0.1166,0.8427,57
12499999.999999998,0.0,0.0,0.0,500.0,22.698437081916,0,0,3,0,0,0.1088,0.0136,0.0487,0.0026,0.2485,9
17493549.0,0.0,0.0,0.0,364.0,12.655106407525,4,0,1,0,0,0.3407,0.0132,0.703,0.0155,1.4269,14
4020000.0,0.0,0.0,0.0,335.0,42.5688392787028,0,0,0,0,0,0.1218,0.0016,0.0136,0.0152,0.2777,9
6885000.0,0.0,0.0,0.0,306.0,37.0821244627713,0,0,4,0,1,0.1088,0.0136,0.0487,0.0026,0.2485,9
3000000.0,0.0,0.0,0.0,500.0,40.90884504313,0,0,0,0,0,0.1218,0.0016,0.0136,0.0152,0.2777,9
9100000.0,0.0,0.0,0.0,340.0,35.8583543833373,0,0,0,0,0,0.1088,0.0136,0.0487,0.0026,0.2485,9
28080000.0,0.0,0.0,0.0,432.0,25.6339304217524,0,0,1,0,0,0.5438,0.0007,0.3241,0.0006,0.6486,17
10000000.0,0.0,0.0,0.0,300.0,27.0550789815397,0,0,1,0,0,0.5438,0.0007,0.3241,0.0006,0.6486,17
9090000.0,0.0,0.0,0.0,300.0,35.8583543833373,0,0,0,0,0,0.1088,0.0136,0.0487,0.0026,0.2485,9
4320000.0,0.0,0.0,0.0,320.0,40.5731374145635,5,0,0,1,1,0.1088,0.0136,0.0487,0.0026,0.2485,64
4980000.0,0.0,0.0,0.0,300.0,38.4207214825189,0,0,3,0,0,0.1088,0.0136,0.0487,0.0026,0.2485,9
18370000.0,0.0,0.0,0.0,334.0,25.6339304217524,0,0,1,0,0,0.5438,0.0007,0.3241,0.0006,0.6486,17
33000000.0,0.0,0.0,0.0,398.0,35.9479690462094,0,0,0,0,0,0.1088,0.0136,0.0487,0.0026,0.2485,9
19980000.0,0.0,0.0,0.0,360.0,28.0240969241861,2,0,4,0,1,0.5438,0.0007,0.3241,0.0006,0.6486,17
19190000.0,0.0,0.0,0.0,426.0,26.1110877080702,0,0,1,0,1,0.5438,0.0007,0.3241,0.0006,0.6486,17
9085000.0,0.0,0.0,0.0,300.0,17.877232859216,7,0,1,0,0,0.7907,0.0009,0.9584,0.035,0.4702,26
12640000.0,0.0,0.0,0.0,395.0,17.877232859216,7,0,1,0,0,0.7907,0.0009,0.9584,0.035,0.4702,26
1950000.0,0.0,0.0,0.0,300.0,28.2182569971985,0,0,6,0,0,0.6885,0.0,0.0578,0.0008,1.3152,8
4320000.0,0.0,0.0,0.0,320.0,40.5731374145635,5,0,0,1,1,0.1088,0.0136,0.0487,0.0026,0.2485,64
5357141.000000001,0.0,0.0,0.0,300.0,12.1965796701453,0,0,1,0,0,0.5837,0.0121,0.1525,0.2494,1.4727,20
6300000.0,0.0,0.0,0.0,300.0,12.1965796701453,0,0,1,0,0,0.5837,0.0121,0.1525,0.2494,1.4727,20
15465000.0,0.0,0.0,0.0,480.0,17.877232859216,7,0,1,0,0,0.7907,0.0009,0.9584,0.035,0.4702,26
16800000.0,0.0,0.0,0.0,480.0,17.877232859216,7,0,1,0,0,0.7907,0.0009,0.9584,0.035,0.4702,26
22140000.0,0.0,0.0,0.0,369.0,28.0240969241861,2,0,4,0,1,0.5438,0.0007,0.3241,0.0006,0.6486,17
1500000.0,0.0,0.0,0.0,300.0,35.5670424212213,0,0,2,0,0,0.6064,0.0034,0.1271,0.1166,0.8427,57
8800000.0,0.0,0.0,0.0,318.0,35.8583543833373,0,0,0,0,0,0.1088,0.0136,0.0487,0.0026,0.2485,9
12800000.0,0.0,0.0,0.0,365.0,35.8583543833373,0,0,0,0,0,0.1088,0.0136,0.0487,0.0026,0.2485,9
6273000.0,0.0,0.0,0.0,306.0,37.6955579442976,0,0,4,0,1,0.1088,0.0136,0.0487,0.0026,0.2485,9
14300000.0,0.0,0.0,0.0,324.0,27.0550789815397,0,0,1,0,0,0.5438,0.0007,0.3241,0.0006,0.6486,17
24660000.0,0.0,0.0,0.0,411.0,25.6339304217524,0,0,1,0,0,0.5438,0.0007,0.3241,0.0006,0.6486,17
1200000.0,0.0,0.0,0.0,300.0,38.5912020719823,0,0,2,0,0,0.6064,0.0034,0.1271,0.1166,0.8427,57
3900000.0,0.0,0.0,0.0,300.0,37.1022594958161,1,0,2,0,1,0.1088,0.0136,0.0487,0.0026,0.2485,9
7587000.0,0.0,0.0,0.0,281.0,17.877232859216,7,0,1,0,0,0.7907,0.0009,0.9584,0.035,0.4702,26
19000000.000000004,0.0,0.0,0.0,500.0,17.877232859216,7,0,1,0,0,0.7907,0.0009,0.9584,0.035,0.4702,26
29445000.0,0.0,0.0,0.0,453.0,28.0240969241861,2,0,4,0,1,0.5438,0.0007,0.3241,0.0006,0.6486,17
22066000.0,0.0,0.0,0.0,374.0,26.1110877080702,0,0,1,0,1,0.5438,0.0007,0.3241,0.0006,0.6486,17
14018000.0,0.0,0.0,0.0,302.0,27.0550789815397,0,0,1,0,0,0.5438,0.0007,0.3241,0.0006,0.6486,17
18270000.0,0.0,0.0,0.0,315.0,9.43386668635108,0,0,1,0,0,0.254,0.0116,0.2906,0.0843,1.043,10
18000000.0,0.0,0.0,0.0,300.0,4.78604586327859,7,2,15,1,1,0.254,0.0116,0.2906,0.0843,1.043,-1
2160000.0,0.0,0.0,0.0,300.0,21.7441129933872,0,0,0,0,0,1.2716,0.0014,0.1551,0.0274,1.3626,30
2160000.0,0.0,0.0,0.0,300.0,21.7441129933872,0,0,0,0,0,1.2716,0.0014,0.1551,0.0274,1.3626,30
2160000.0,0.0,0.0,0.0,300.0,21.7441129933872,0,0,0,0,0,1.2716,0.0014,0.1551,0.0274,1.3626,30
2254000.0,0.0,0.0,0.0,313.0,21.7441129933872,0,0,0,0,0,1.2716,0.0014,0.1551,0.0274,1.3626,30
2160000.0,0.0,0.0,0.0,300.0,21.7441129933872,0,0,0,0,0,1.2716,0.0014,0.1551,0.0274,1.3626,30
2160000.0,0.0,0.0,0.0,300.0,21.7441129933872,0,0,0,0,0,1.2716,0.0014,0.1551,0.0274,1.3626,30
2384000.0,0.0,0.0,0.0,331.0,21.7441129933872,0,0,0,0,0,1.2716,0.0014,0.1551,0.0274,1.3626,30
4698000.0,0.0,0.0,0.0,261.0,41.8902472037219,0,0,1,0,0,0.1218,0.0016,0.0136,0.0152,0.2777,9
6000000.0,0.0,0.0,0.0,280.0,16.875707431962,14,0,7,1,0,0.3407,0.0132,0.703,0.0155,1.4269,32
8020000.0,0.0,0.0,0.0,401.0,40.5731374145635,5,0,0,1,1,0.1088,0.0136,0.0487,0.0026,0.2485,64
12600000.0,0.0,0.0,0.0,452.0,12.1965796701453,0,0,1,0,0,0.5837,0.0121,0.1525,0.2494,1.4727,20
3913000.0,0.0,0.0,0.0,301.0,37.5736740624449,2,2,1,2,4,0.1088,0.0136,0.0487,0.0026,0.2485,24
32570000.0,0.0,0.0,0.0,468.0,25.3161354948609,4,0,2,0,1,0.5438,0.0007,0.3241,0.0006,0.6486,17
3000000.0,0.0,0.0,0.0,500.0,40.90884504313,0,0,0,0,0,0.1218,0.0016,0.0136,0.0152,0.2777,9
16000000.0,0.0,0.0,0.0,315.0,9.43386668635108,0,0,1,0,0,0.254,0.0116,0.2906,0.0843,1.043,10
14747500.0,0.0,0.0,0.0,425.0,17.877232859216,7,0,1,0,0,0.7907,0.0009,0.9584,0.035,0.4702,26
4000000.0,0.0,0.0,0.0,375.0,5.79922797480873,5,2,6,3,5,0.3538,0.0121,0.1372,0.0301,0.947,-1
13055000.0,0.0,0.0,0.0,373.0,27.0550789815397,0,0,1,0,0,0.5438,0.0007,0.3241,0.0006,0.6486,17
3000000.0,0.0,0.0,0.0,500.0,40.90884504313,0,0,0,0,0,0.1218,0.0016,0.0136,0.0152,0.2777,9
3900000.0,0.0,0.0,0.0,300.0,37.1022594958161,1,0,2,0,1,0.1088,0.0136,0.0487,0.0026,0.2485,9
8020000.0,0.0,0.0,0.0,401.0,40.5731374145635,5,0,0,1,1,0.1088,0.0136,0.0487,0.0026,0.2485,64
17775000.0,0.0,0.0,0.0,433.0,27.0550789815397,0,0,1,0,0,0.5438,0.0007,0.3241,0.0006,0.6486,17
6000000.0,0.0,0.0,0.0,280.0,11.9565795898763,13,1,3,2,0,0.3407,0.0132,0.703,0.0155,1.4269,66
3390000.0,0.0,0.0,0.0,300.0,23.2302408211237,0,0,0,0,0,1.2716,0.0014,0.1551,0.0274,1.3626,30
20000000.0,0.0,0.0,0.0,400.0,6.30227169708128,0,1,9,2,1,0.254,0.0116,0.2906,0.0843,1.043,41
19000000.000000004,0.0,0.0,0.0,350.0,6.30227169708128,0,1,9,2,1,0.254,0.0116,0.2906,0.0843,1.043,41
2820000.0,0.0,0.0,0.0,371.0,21.7441129933872,0,0,0,0,0,1.2716,0.0014,0.1551,0.0274,1.3626,30
1829000.0,0.0,0.0,0.0,381.0,21.7441129933872,0,0,0,0,0,1.2716,0.0014,0.1551,0.0274,1.3626,30
2160000.0,0.0,0.0,0.0,300.0,21.7441129933872,0,0,0,0,0,1.2716,0.0014,0.1551,0.0274,1.3626,30
3118000.0,0.0,0.0,0.0,433.0,21.7441129933872,0,0,0,0,0,1.2716,0.0014,0.1551,0.0274,1.3626,30
13347999.999999998,0.0,0.0,0.0,284.0,27.0550789815397,0,0,1,0,0,0.5438,0.0007,0.3241,0.0006,0.6486,17
14851999.999999998,0.0,0.0,0.0,316.0,27.0550789815397,0,0,1,0,0,0.5438,0.0007,0.3241,0.0006,0.6486,17
3000000.0,0.0,0.0,0.0,500.0,40.90884504313,0,0,0,0,0,0.1218,0.0016,0.0136,0.0152,0.2777,9
5720000.0,0.0,0.0,0.0,325.0,23.4233384568079,0,0,1,2,0,0.5438,0.0007,0.3241,0.0006,0.6486,22
9408000.0,0.0,0.0,0.0,294.0,35.9479690462094,0,0,0,0,0,0.1088,0.0136,0.0487,0.0026,0.2485,9
2150000.0,0.0,0.0,0.0,500.0,34.1932711052816,0,0,3,0,0,0.0734,0.0008,0.0158,0.0076,0.2389,9
4000000.0,0.0,0.0,0.0,320.0,33.1626046639721,0,0,6,0,0,0.5438,0.0007,0.3241,0.0006,0.6486,17
7224000.0,0.0,0.0,0.0,258.0,17.877232859216,7,0,1,0,0,0.7907,0.0009,0.9584,0.035,0.4702,26
20224719.0,0.0,0.0,0.0,360.0,28.0240969241861,2,0,4,0,1,0.5438,0.0007,0.3241,0.0006,0.6486,17
13347999.999999998,0.0,0.0,0.0,284.0,27.0550789815397,0,0,1,0,0,0.5438,0.0007,0.3241,0.0006,0.6486,17
3500000.0,0.0,0.0,0.0,300.0,18.9911795198585,4,2,2,2,0,0.3407,0.0132,0.703,0.0155,1.4269,18
4000000.0,0.0,0.0,0.0,300.0,42.5688392787028,0,0,0,0,0,0.1218,0.0016,0.0136,0.0152,0.2777,9
15100000.0,0.0,0.0,0.0,497.0,27.0550789815397,0,0,1,0,0,0.5438,0.0007,0.3241,0.0006,0.6486,17
16463393.0,0.0,0.0,0.0,375.0,27.0550789815397,0,0,1,0,0,0.5438,0.0007,0.3241,0.0006,0.6486,17
113801786.0,0.0,0.0,0.0,333.0,27.0550789815397,0,0,1,0,0,0.5438,0.0007,0.3241,0.0006,0.6486,17
15000000.0,0.0,0.0,0.0,377.0,26.1110877080702,0,0,1,0,1,0.5438,0.0007,0.3241,0.0006,0.6486,17
18000000.0,0.0,0.0,0.0,300.0,6.30227169708128,0,1,9,2,1,0.254,0.0116,0.2906,0.0843,1.043,41
2416999.9999999995,0.0,0.0,0.0,318.0,21.7441129933872,0,0,0,0,0,1.2716,0.0014,0.1551,0.0274,1.3626,30
2434000.0,0.0,0.0,0.0,338.0,21.7441129933872,0,0,0,0,0,1.2716,0.0014,0.1551,0.0274,1.3626,30
2160000.0,0.0,0.0,0.0,300.0,21.7441129933872,0,0,0,0,0,1.2716,0.0014,0.1551,0.0274,1.3626,30
1575000.0,0.0,0.0,0.0,328.0,21.7441129933872,0,0,0,0,0,1.2716,0.0014,0.1551,0.0274,1.3626,30
2607000.0000000005,0.0,0.0,0.0,362.0,21.7441129933872,0,0,0,0,0,1.2716,0.0014,0.1551,0.0274,1.3626,30
2160000.0,0.0,0.0,0.0,300.0,21.7441129933872,0,0,0,0,0,1.2716,0.0014,0.1551,0.0274,1.3626,30
2304000.0,0.0,0.0,0.0,320.0,21.7441129933872,0,0,0,0,0,1.2716,0.0014,0.1551,0.0274,1.3626,30
8750000.0,0.0,0.0,0.0,260.0,26.1110877080702,0,0,1,0,1,0.5438,0.0007,0.3241,0.0006,0.6486,17
3320000.0,0.0,0.0,0.0,332.0,22.1043837216916,0,0,1,0,0,0.3407,0.0132,0.703,0.0155,1.4269,14
6500.0,0.0,0.0,0.0,300.0,28.2182569971985,0,0,6,0,0,0.6885,0.0,0.0578,0.0008,1.3152,8
3750000.0,0.0,0.0,0.0,300.0,42.5688392787028,0,0,0,0,0,0.1218,0.0016,0.0136,0.0152,0.2777,9
7380000.0,0.0,0.0,0.0,328.0,12.1965796701453,0,0,1,0,0,0.5837,0.0121,0.1525,0.2494,1.4727,20
2500000.0,0.0,0.0,0.0,500.0,29.2961173103009,0,0,1,0,0,0.0734,0.0008,0.0158,0.0076,0.2389,9
29880000.000000004,0.0,0.0,0.0,498.0,28.0240969241861,2,0,4,0,1,0.5438,0.0007,0.3241,0.0006,0.6486,17
18000000.0,0.0,0.0,0.0,400.0,17.877232859216,7,0,1,0,0,0.7907,0.0009,0.9584,0.035,0.4702,26
15000000.0,0.0,0.0,0.0,377.0,27.0550789815397,0,0,1,0,0,0.5438,0.0007,0.3241,0.0006,0.6486,17
10000000.0,0.0,0.0,0.0,323.0,26.1110877080702,0,0,1,0,1,0.5438,0.0007,0.3241,0.0006,0.6486,17
3000000.0,0.0,0.0,0.0,500.0,40.90884504313,0,0,0,0,0,0.1218,0.0016,0.0136,0.0152,0.2777,9
2896000.0,0.0,0.0,0.0,381.0,21.7441129933872,0,0,0,0,0,1.2716,0.0014,0.1551,0.0274,1.3626,30
1440000.0,0.0,0.0,0.0,300.0,21.7441129933872,0,0,0,0,0,1.2716,0.0014,0.1551,0.0274,1.3626,30
2772000.0,0.0,0.0,0.0,385.0,21.7441129933872,0,0,0,0,0,1.2716,0.0014,0.1551,0.0274,1.3626,30
2160000.0,0.0,0.0,0.0,300.0,21.7441129933872,0,0,0,0,0,1.2716,0.0014,0.1551,0.0274,1.3626,30
2160000.0,0.0,0.0,0.0,300.0,21.7441129933872,0,0,0,0,0,1.2716,0.0014,0.1551,0.0274,1.3626,30
2250000.0,0.0,0.0,0.0,296.0,21.7441129933872,0,0,0,0,0,1.2716,0.0014,0.1551,0.0274,1.3626,30
2160000.0,0.0,0.0,0.0,300.0,21.7441129933872,0,0,0,0,0,1.2716,0.0014,0.1551,0.0274,1.3626,30
2290000.0,0.0,0.0,0.0,318.0,21.7441129933872,0,0,0,0,0,1.2716,0.0014,0.1551,0.0274,1.3626,30
3000000.0,0.0,0.0,0.0,500.0,40.90884504313,0,0,0,0,0,0.1218,0.0016,0.0136,0.0152,0.2777,9
6750000.000000001,0.0,0.0,0.0,300.0,12.1965796701453,0,0,1,0,0,0.5837,0.0121,0.1525,0.2494,1.4727,20
8388000.0,0.0,0.0,0.0,466.0,12.1965796701453,0,0,1,0,0,0.5837,0.0121,0.1525,0.2494,1.4727,20
13678571.43,0.0,0.0,0.0,346.0,27.0550789815397,0,0,1,0,0,0.5438,0.0007,0.3241,0.0006,0.6486,17
22140000.0,0.0,0.0,0.0,369.0,28.0240969241861,2,0,4,0,1,0.5438,0.0007,0.3241,0.0006,0.6486,17
7479000.0,0.0,0.0,0.0,277.0,17.877232859216,7,0,1,0,0,0.7907,0.0009,0.9584,0.035,0.4702,26
13599107.0,0.0,0.0,0.0,344.0,27.0550789815397,0,0,1,0,0,0.5438,0.0007,0.3241,0.0006,0.6486,17
20520000.0,0.0,0.0,0.0,380.0,28.0240969241861,2,0,4,0,1,0.5438,0.0007,0.3241,0.0006,0.6486,17
1750000.0,0.0,0.0,0.0,500.0,34.1594254224052,0,0,0,0,0,0.4236,0.0,0.0544,0.0,0.506,34
9500000.0,0.0,0.0,0.0,380.0,7.97244707812433,0,0,0,1,0,0.3124,0.0012,0.1131,0.0053,0.3589,37
9000000.0,0.0,0.0,0.0,323.0,26.1110877080702,0,0,1,0,1,0.5438,0.0007,0.3241,0.0006,0.6486,17
14675000.0,0.0,0.0,0.0,339.0,29.406517824394,0,0,1,0,0,0.5438,0.0007,0.3241,0.0006,0.6486,17
12641071.0,0.0,0.0,0.0,305.0,27.0550789815397,0,0,1,0,0,0.5438,0.0007,0.3241,0.0006,0.6486,17
1604000.0,0.0,0.0,0.0,334.0,21.7441129933872,0,0,0,0,0,1.2716,0.0014,0.1551,0.0274,1.3626,30
2326000.0,0.0,0.0,0.0,323.0,21.7441129933872,0,0,0,0,0,1.2716,0.0014,0.1551,0.0274,1.3626,30
1440000.0,0.0,0.0,0.0,300.0,21.7441129933872,0,0,0,0,0,1.2716,0.0014,0.1551,0.0274,1.3626,30
19045000.0,0.0,0.0,0.0,293.0,9.43386668635108,0,0,1,0,0,0.254,0.0116,0.2906,0.0843,1.043,10
2088000.0,0.0,0.0,0.0,290.0,21.7441129933872,0,0,0,0,0,1.2716,0.0014,0.1551,0.0274,1.3626,30
2160000.0,0.0,0.0,0.0,300.0,21.7441129933872,0,0,0,0,0,1.2716,0.0014,0.1551,0.0274,1.3626,30
2304000.0,0.0,0.0,0.0,320.0,21.7441129933872,0,0,0,0,0,1.2716,0.0014,0.1551,0.0274,1.3626,30
2204000.0,0.0,0.0,0.0,306.0,21.7441129933872,0,0,0,0,0,1.2716,0.0014,0.1551,0.0274,1.3626,30
2160000.0,0.0,0.0,0.0,300.0,21.7441129933872,0,0,0,0,0,1.2716,0.0014,0.1551,0.0274,1.3626,30
2160000.0,0.0,0.0,0.0,300.0,21.7441129933872,0,0,0,0,0,1.2716,0.0014,0.1551,0.0274,1.3626,30
2160000.0,0.0,0.0,0.0,300.0,21.7441129933872,0,0,0,0,0,1.2716,0.0014,0.1551,0.0274,1.3626,30
2160000.0,0.0,0.0,0.0,300.0,21.7441129933872,0,0,0,0,0,1.2716,0.0014,0.1551,0.0274,1.3626,30
39510000.0,0.0,0.0,0.0,439.0,11.9565795898763,13,1,3,2,0,0.3407,0.0132,0.703,0.0155,1.4269,66
5727000.0,0.0,0.0,0.0,489.0,40.0487333385379,2,0,2,0,1,0.4558,0.0,0.0527,0.0,1.3514,15
12528000.0,0.0,0.0,0.0,348.0,19.263851248999,10,0,6,0,3,0.7907,0.0009,0.9584,0.035,0.4702,28
14302678.57,0.0,0.0,0.0,295.0,7.13134917868044,0,0,3,0,0,0.254,0.0116,0.2906,0.0843,1.043,10
27755000.0,0.0,0.0,0.0,427.0,28.0240969241861,2,0,4,0,1,0.5438,0.0007,0.3241,0.0006,0.6486,17
5525000.0,0.0,0.0,0.0,442.0,41.8902472037219,0,0,1,0,0,0.1218,0.0016,0.0136,0.0152,0.2777,9
2200000.0,0.0,0.0,0.0,273.0,10.2325212118754,9,0,1,1,0,0.3538,0.0121,0.1372,0.0301,0.947,-1
2200000.0,0.0,0.0,0.0,273.0,8.86595343601289,12,2,12,1,4,0.3538,0.0121,0.1372,0.0301,0.947,-1
10000000.0,0.0,0.0,0.0,297.0,6.29688838942401,7,2,7,4,4,0.3538,0.0121,0.1372,0.0301,0.947,-1
38000000.00000001,0.0,0.0,0.0,336.0,6.07646617850628,1,0,5,0,0,0.3124,0.0012,0.1131,0.0053,0.3589,59
1566000.0,0.0,0.0,0.0,261.0,22.1043837216916,0,0,1,0,0,0.3407,0.0132,0.703,0.0155,1.4269,14
9300000.0,0.0,0.0,0.0,343.0,26.1110877080702,0,0,1,0,1,0.5438,0.0007,0.3241,0.0006,0.6486,17
61040000.00000001,0.0,0.0,0.0,441.0,8.17941787125434,0,0,9,0,0,0.3538,0.0121,0.1372,0.0301,0.947,54
2750000.0,0.0,0.0,0.0,500.0,30.4894596188519,0,0,0,0,0,0.6885,0.0,0.0578,0.0008,1.3152,8
7920000.0,0.0,0.0,0.0,480.0,8.17941787125434,0,0,9,0,0,0.3538,0.0121,0.1372,0.0301,0.947,54
20041000.0,0.0,0.0,0.0,409.0,25.6339304217524,0,0,1,0,0,0.5438,0.0007,0.3241,0.0006,0.6486,17
21500000.0,0.0,0.0,0.0,402.0,28.0240969241861,2,0,4,0,1,0.5438,0.0007,0.3241,0.0006,0.6486,17
7875000.0,0.0,0.0,0.0,315.0,17.877232859216,7,0,1,0,0,0.7907,0.0009,0.9584,0.035,0.4702,26
1140000.0,0.0,0.0,0.0,300.0,39.3461641136034,0,0,1,0,0,0.1218,0.0016,0.0136,0.0152,0.2777,9
6094000.000000001,0.0,0.0,0.0,277.0,17.877232859216,7,0,1,0,0,0.7907,0.0009,0.9584,0.035,0.4702,26
7875000.0,0.0,0.0,0.0,315.0,17.877232859216,7,0,1,0,0,0.7907,0.0009,0.9584,0.035,0.4702,26
8425000.0,0.0,0.0,0.0,337.0,17.877232859216,7,0,1,0,0,0.7907,0.0009,0.9584,0.035,0.4702,26
15443999.999999998,0.0,0.0,0.0,468.0,23.1880253707146,0,0,0,0,0,1.2716,0.0014,0.1551,0.0274,1.3626,30
7875000.0,0.0,0.0,0.0,315.0,17.877232859216,7,0,1,0,0,0.7907,0.0009,0.9584,0.035,0.4702,26
8500000.0,0.0,0.0,0.0,280.0,26.0221659761103,0,0,1,0,1,0.5438,0.0007,0.3241,0.0006,0.6486,17
14800000.0,0.0,0.0,0.0,468.0,22.0193399172905,7,2,11,3,0,1.2716,0.0014,0.1551,0.0274,1.3626,-1
7000000.0,0.0,0.0,0.0,397.0,37.6955579442976,0,0,4,0,1,0.1088,0.0136,0.0487,0.0026,0.2485,9
9650000.0,0.0,0.0,0.0,386.0,17.877232859216,7,0,1,0,0,0.7907,0.0009,0.9584,0.035,0.4702,26
8500000.0,0.0,0.0,0.0,277.0,26.1110877080702,0,0,1,0,1,0.5438,0.0007,0.3241,0.0006,0.6486,17
4996600.0,0.0,0.0,0.0,301.0,38.4207214825189,0,0,3,0,0,0.1088,0.0136,0.0487,0.0026,0.2485,9
1650000.0,0.0,0.0,0.0,300.0,38.4552851496722,0,0,3,0,0,0.1218,0.0016,0.0136,0.0152,0.2777,9
19150000.0,0.0,0.0,0.0,383.0,28.0240969241861,2,0,4,0,1,0.5438,0.0007,0.3241,0.0006,0.6486,17
8500000.0,0.0,0.0,0.0,277.0,26.1110877080702,0,0,1,0,1,0.5438,0.0007,0.3241,0.0006,0.6486,17
15912000.0,0.0,0.0,0.0,300.0,10.8015881724305,0,0,0,0,0,0.3407,0.0132,0.703,0.0155,1.4269,14
8350000.000000002,0.0,0.0,0.0,334.0,17.877232859216,7,0,1,0,0,0.7907,0.0009,0.9584,0.035,0.4702,26
4020000.0,0.0,0.0,0.0,335.0,42.5688392787028,0,0,0,0,0,0.1218,0.0016,0.0136,0.0152,0.2777,9
8500000.0,0.0,0.0,0.0,277.0,26.1110877080702,0,0,1,0,1,0.5438,0.0007,0.3241,0.0006,0.6486,17
8500000.0,0.0,0.0,0.0,277.0,26.1110877080702,0,0,1,0,1,0.5438,0.0007,0.3241,0.0006,0.6486,17
1500000.0,0.0,0.0,0.0,300.0,30.5800389185046,0,0,1,2,0,0.6885,0.0,0.0578,0.0008,1.3152,55
18850000.0,0.0,0.0,0.0,377.0,11.9565795898763,13,1,3,2,0,0.3407,0.0132,0.703,0.0155,1.4269,66
9650000.0,0.0,0.0,0.0,386.0,17.877232859216,7,0,1,0,0,0.7907,0.0009,0.9584,0.035,0.4702,26
4020000.0,0.0,0.0,0.0,335.0,42.5688392787028,0,0,0,0,0,0.1218,0.0016,0.0136,0.0152,0.2777,9
7875000.0,0.0,0.0,0.0,315.0,17.877232859216,7,0,1,0,0,0.7907,0.0009,0.9584,0.035,0.4702,26
6182000.000000001,0.0,0.0,0.0,281.0,17.877232859216,7,0,1,0,0,0.7907,0.0009,0.9584,0.035,0.4702,26
18850000.0,0.0,0.0,0.0,377.0,11.9565795898763,13,1,3,2,0,0.3407,0.0132,0.703,0.0155,1.4269,66
14000000.0,0.0,0.0,0.0,300.0,7.37997823376534,0,0,6,1,1,0.3407,0.0132,0.703,0.0155,1.4269,-1
15443999.999999998,0.0,0.0,0.0,468.0,23.1880253707146,0,0,0,0,0,1.2716,0.0014,0.1551,0.0274,1.3626,30
29260000.0,0.0,0.0,0.0,308.0,9.16683729055828,3,0,4,0,2,0.3538,0.0121,0.1372,0.0301,0.947,54
3988000.0,0.0,0.0,0.0,279.0,35.7123582293428,0,0,2,0,0,0.1088,0.0136,0.0487,0.0026,0.2485,9
17000000.0,0.0,0.0,0.0,490.0,17.877232859216,7,0,1,0,0,0.7907,0.0009,0.9584,0.035,0.4702,26
1161600.0,0.0,0.0,0.0,323.0,14.0265999105002,0,0,0,0,0,0.3407,0.0132,0.703,0.0155,1.4269,14
1104000.0,0.0,0.0,0.0,480.0,4.51801430072033,2,0,8,2,3,0.3124,0.0012,0.1131,0.0053,0.3589,60
20500000.0,0.0,0.0,0.0,312.0,7.97244707812433,0,0,0,1,0,0.3124,0.0012,0.1131,0.0053,0.3589,37
14040000.0,0.0,0.0,0.0,312.0,7.97244707812433,0,0,0,1,0,0.3124,0.0012,0.1131,0.0053,0.3589,37
15000000.0,0.0,0.0,0.0,313.0,19.3272105229961,14,2,13,3,2,0.1593,0.1281,0.0403,0.0,0.2772,-1
8183000.0,0.0,0.0,0.0,334.0,35.9479690462094,0,0,0,0,0,0.1088,0.0136,0.0487,0.0026,0.2485,9
8183000.0,0.0,0.0,0.0,334.0,35.9479690462094,0,0,0,0,0,0.1088,0.0136,0.0487,0.0026,0.2485,9
10000000.0,0.0,0.0,0.0,300.0,27.0550789815397,0,0,1,0,0,0.5438,0.0007,0.3241,0.0006,0.6486,17
2400000.0,0.0,0.0,0.0,343.0,22.1043837216916,0,0,1,0,0,0.3407,0.0132,0.703,0.0155,1.4269,14
8000000.0,0.0,0.0,0.0,344.0,14.0265999105002,0,0,0,0,0,0.3407,0.0132,0.703,0.0155,1.4269,14
20295000.0,0.0,0.0,0.0,369.0,28.0240969241861,2,0,4,0,1,0.5438,0.0007,0.3241,0.0006,0.6486,17
20041000.0,0.0,0.0,0.0,409.0,7.83006498323309,0,0,3,1,0,0.0346,0.0122,0.0176,0.006,0.1979,62
2847075.0,0.0,0.0,0.0,319.0,22.1043837216916,0,0,1,0,0,0.3407,0.0132,0.703,0.0155,1.4269,14
3000000.0,0.0,0.0,0.0,450.0,20.2122856469654,1,0,5,0,0,0.3407,0.0132,0.703,0.0155,1.4269,14
17600000.0,0.0,0.0,0.0,320.0,4.32900554481097,4,2,4,1,2,0.3538,0.0121,0.1372,0.0301,0.947,13
2040000.0,0.0,0.0,0.0,300.0,35.0272093805481,0,0,1,0,0,0.4558,0.0,0.0527,0.0,1.3514,15
8990000.0,0.0,0.0,0.0,300.0,17.877232859216,7,0,1,0,0,0.7907,0.0009,0.9584,0.035,0.4702,26
1470000.0,0.0,0.0,0.0,294.0,25.667122495322,0,0,4,2,0,0.2257,0.001,0.0441,0.0,0.3048,58
15200000.0,0.0,0.0,0.0,380.0,26.1110877080702,0,0,1,0,1,0.5438,0.0007,0.3241,0.0006,0.6486,17
8020000.0,0.0,0.0,0.0,401.0,40.5731374145635,5,0,0,1,1,0.1088,0.0136,0.0487,0.0026,0.2485,64
2478630.0,0.0,0.0,0.0,259.0,9.15834490173022,0,0,5,0,0,0.3727,0.0,0.1187,0.0,0.6357,-1
1386000.0,0.0,0.0,0.0,280.0,20.2122856469654,1,0,5,0,0,0.3407,0.0132,0.703,0.0155,1.4269,14
13000000.0,0.0,0.0,0.0,300.0,7.13134917868044,0,0,3,0,0,0.254,0.0116,0.2906,0.0843,1.043,10
3600000.0,0.0,0.0,0.0,500.0,31.3774776816813,0,0,0,0,0,0.6885,0.0,0.0578,0.0008,1.3152,8
2086000.0,0.0,0.0,0.0,298.0,33.9370485134506,0,0,1,0,0,0.6885,0.0,0.0578,0.0008,1.3152,8
19440000.0,0.0,0.0,0.0,324.0,9.43386668635108,0,0,1,0,0,0.254,0.0116,0.2906,0.0843,1.043,10
2847075.0,0.0,0.0,0.0,319.0,22.1043837216916,0,0,1,0,0,0.3407,0.0132,0.703,0.0155,1.4269,14
2150000.0,0.0,0.0,0.0,500.0,33.8687575340188,0,0,3,0,0,0.0734,0.0008,0.0158,0.0076,0.2389,9
2436000.0,0.0,0.0,0.0,406.0,40.90884504313,0,0,0,0,0,0.1218,0.0016,0.0136,0.0152,0.2777,9
9000000.0,0.0,0.0,0.0,369.0,26.1110877080702,0,0,1,0,1,0.5438,0.0007,0.3241,0.0006,0.6486,17
3012000.0,0.0,0.0,0.0,500.0,40.90884504313,0,0,0,0,0,0.1218,0.0016,0.0136,0.0152,0.2777,9
16560000.0,0.0,0.0,0.0,368.0,26.1110877080702,0,0,1,0,1,0.5438,0.0007,0.3241,0.0006,0.6486,17
2600000.0,0.0,0.0,0.0,477.0,32.2825130179698,0,0,2,0,0,0.6885,0.0,0.0578,0.0008,1.3152,8
17580000.0,0.0,0.0,0.0,293.0,9.16683729055828,3,0,4,0,2,0.3538,0.0121,0.1372,0.0301,0.947,54
6480000.0,0.0,0.0,0.0,432.0,22.1043837216916,0,0,1,0,0,0.3407,0.0132,0.703,0.0155,1.4269,14
8020000.0,0.0,0.0,0.0,401.0,40.5731374145635,5,0,0,1,1,0.1088,0.0136,0.0487,0.0026,0.2485,64
4500000.0,0.0,0.0,0.0,300.0,37.2118046780445,2,1,3,2,4,0.1088,0.0136,0.0487,0.0026,0.2485,47
3300000.0,0.0,0.0,0.0,500.0,22.7506320129991,1,0,2,0,0,0.2257,0.001,0.0441,0.0,0.3048,9
3547500.0,0.0,0.0,0.0,287.0,7.83006498323309,0,0,3,1,0,0.0346,0.0122,0.0176,0.006,0.1979,62
2612500.0,0.0,0.0,0.0,475.0,20.2122856469654,1,0,5,0,0,0.3407,0.0132,0.703,0.0155,1.4269,14
4500000.0,0.0,0.0,0.0,300.0,9.06936834943605,9,0,17,1,4,0.254,0.0116,0.2906,0.0843,1.043,52
26290000.0,0.0,0.0,0.0,478.0,28.0240969241861,2,0,4,0,1,0.5438,0.0007,0.3241,0.0006,0.6486,17
1307900.0000000002,0.0,0.0,0.0,319.0,23.7092699238974,0,0,0,0,0,0.3407,0.0132,0.703,0.0155,1.4269,14
2850000.0,0.0,0.0,0.0,300.0,40.1958507530222,0,0,3,0,0,0.1088,0.0136,0.0487,0.0026,0.2485,9
10000000.0,0.0,0.0,0.0,443.0,36.8096328108511,0,0,6,0,0,0.1088,0.0136,0.0487,0.0026,0.2485,9
18481500.0,0.0,0.0,0.0,280.0,11.9565795898763,13,1,3,2,0,0.3407,0.0132,0.703,0.0155,1.4269,66
1560000.0,0.0,0.0,0.0,300.0,39.3461641136034,0,0,1,0,0,0.1218,0.0016,0.0136,0.0152,0.2777,9
3500000.0,0.0,0.0,0.0,300.0,23.4233384568079,0,0,1,2,0,0.5438,0.0007,0.3241,0.0006,0.6486,22
1400000.0,0.0,0.0,0.0,500.0,13.8371040181209,0,0,3,0,0,1.2716,0.0014,0.1551,0.0274,1.3626,30
1535820.0000000002,0.0,0.0,0.0,346.0,20.2122856469654,1,0,5,0,0,0.3407,0.0132,0.703,0.0155,1.4269,14
1402499.9999999995,0.0,0.0,0.0,255.0,20.2122856469654,1,0,5,0,0,0.3407,0.0132,0.703,0.0155,1.4269,14
1556499.9999999995,0.0,0.0,0.0,283.0,20.2122856469654,1,0,5,0,0,0.3407,0.0132,0.703,0.0155,1.4269,14
8249999.999999998,0.0,0.0,0.0,300.0,8.52328641669399,0,0,1,0,0,0.3727,0.0,0.1187,0.0,0.6357,-1
4100000.0,0.0,0.0,0.0,455.0,32.0032487878523,1,0,1,0,0,0.5438,0.0007,0.3241,0.0006,0.6486,17
13000000.0,0.0,0.0,0.0,500.0,37.5736740624449,2,2,1,2,4,0.1088,0.0136,0.0487,0.0026,0.2485,24
6500000.0,0.0,0.0,0.0,433.0,36.2622306611835,3,0,2,0,0,0.1088,0.0136,0.0487,0.0026,0.2485,9
7000000.0,0.0,0.0,0.0,307.0,2.54638450746131,2,0,0,0,0,0.3538,0.0121,0.1372,0.0301,0.947,51
8183000.0,0.0,0.0,0.0,334.0,35.9479690462094,0,0,0,0,0,0.1088,0.0136,0.0487,0.0026,0.2485,9
8183000.0,0.0,0.0,0.0,334.0,35.9479690462094,0,0,0,0,0,0.1088,0.0136,0.0487,0.0026,0.2485,9
2150000.0,0.0,0.0,0.0,500.0,33.8687575340188,0,0,3,0,0,0.0734,0.0008,0.0158,0.0076,0.2389,9
4815000.0,0.0,0.0,0.0,321.0,33.1626046639721,0,0,6,0,0,0.5438,0.0007,0.3241,0.0006,0.6486,17
2700000.0,0.0,0.0,0.0,300.0,40.1958507530222,0,0,3,0,0,0.1088,0.0136,0.0487,0.0026,0.2485,9
2208000.0,0.0,0.0,0.0,368.0,22.1043837216916,0,0,1,0,0,0.3407,0.0132,0.703,0.0155,1.4269,14
3988000.0,0.0,0.0,0.0,279.0,37.6955579442976,0,0,4,0,1,0.1088,0.0136,0.0487,0.0026,0.2485,9
12928000.0,0.0,0.0,0.0,404.0,26.1110877080702,0,0,1,0,1,0.5438,0.0007,0.3241,0.0006,0.6486,17
11000000.0,0.0,0.0,0.0,300.0,27.0550789815397,0,0,1,0,0,0.5438,0.0007,0.3241,0.0006,0.6486,17
1840000.0,0.0,0.0,0.0,368.0,29.2961173103009,0,0,1,0,0,0.0734,0.0008,0.0158,0.0076,0.2389,9
2408999.9999999995,0.0,0.0,0.0,365.0,12.2095676450946,7,0,9,0,0,0.3407,0.0132,0.703,0.0155,1.4269,49
4224000.0,0.0,0.0,0.0,480.0,17.1841252193878,11,0,1,0,0,0.0141,0.2089,0.0335,0.0034,0.0981,40
18000000.0,0.0,0.0,0.0,368.0,27.0550789815397,0,0,1,0,0,0.5438,0.0007,0.3241,0.0006,0.6486,17
8183000.0,0.0,0.0,0.0,334.0,35.9479690462094,0,0,0,0,0,0.1088,0.0136,0.0487,0.0026,0.2485,9
3012000.0,0.0,0.0,0.0,500.0,40.90884504313,0,0,0,0,0,0.1218,0.0016,0.0136,0.0152,0.2777,9
9800000.0,0.0,0.0,0.0,260.0,27.0550789815397,0,0,1,0,0,0.5438,0.0007,0.3241,0.0006,0.6486,17
2145000.0,0.0,0.0,0.0,300.0,35.0272093805481,0,0,1,0,0,0.4558,0.0,0.0527,0.0,1.3514,15
20520000.0,0.0,0.0,0.0,380.0,25.6339304217524,0,0,1,0,0,0.5438,0.0007,0.3241,0.0006,0.6486,17
10700000.0,0.0,0.0,0.0,300.0,26.1110877080702,0,0,1,0,1,0.5438,0.0007,0.3241,0.0006,0.6486,17
1700000.0,0.0,0.0,0.0,435.0,39.6985488616615,0,0,2,0,0,0.1218,0.0016,0.0136,0.0152,0.2777,9
18000000.0,0.0,0.0,0.0,312.0,29.7258434061065,0,0,2,0,0,0.5438,0.0007,0.3241,0.0006,0.6486,17
16000000.0,0.0,0.0,0.0,352.0,27.0550789815397,0,0,1,0,0,0.5438,0.0007,0.3241,0.0006,0.6486,17
6182000.000000001,0.0,0.0,0.0,281.0,17.877232859216,7,0,1,0,0,0.7907,0.0009,0.9584,0.035,0.4702,26
14265000.0,0.0,0.0,0.0,317.0,9.43386668635108,0,0,1,0,0,0.254,0.0116,0.2906,0.0843,1.043,10
11550000.0,0.0,0.0,0.0,479.0,38.391373263807,4,2,0,1,2,0.5438,0.0007,0.3241,0.0006,0.6486,56
10360000.0,0.0,0.0,0.0,259.0,17.877232859216,7,0,1,0,0,0.7907,0.0009,0.9584,0.035,0.4702,26
3000000.0,0.0,0.0,0.0,500.0,40.90884504313,0,0,0,0,0,0.1218,0.0016,0.0136,0.0152,0.2777,9
3000000.0,0.0,0.0,0.0,500.0,40.90884504313,0,0,0,0,0,0.1218,0.0016,0.0136,0.0152,0.2777,9
23712000.0,0.0,0.0,0.0,312.0,6.72591001393616,0,0,1,0,0,0.3124,0.0012,0.1131,0.0053,0.3589,61
20000000.0,0.0,0.0,0.0,388.0,28.0240969241861,2,0,4,0,1,0.5438,0.0007,0.3241,0.0006,0.6486,17
11600000.0,0.0,0.0,0.0,400.0,26.1110877080702,0,0,1,0,1,0.5438,0.0007,0.3241,0.0006,0.6486,17
13710000.0,0.0,0.0,0.0,457.0,35.9479690462094,0,0,0,0,0,0.1088,0.0136,0.0487,0.0026,0.2485,9
21504000.0,0.0,0.0,0.0,448.0,28.0240969241861,2,0,4,0,1,0.5438,0.0007,0.3241,0.0006,0.6486,17
5200000.0,0.0,0.0,0.0,260.0,12.2778005352728,3,2,4,1,1,0.169,0.0006,0.0934,0.0181,0.3365,25
15800000.0,0.0,0.0,0.0,280.0,27.0550789815397,0,0,1,0,0,0.5438,0.0007,0.3241,0.0006,0.6486,17
60000000.0,0.0,0.0,0.0,400.0,33.9370485134506,0,0,1,0,0,0.6885,0.0,0.0578,0.0008,1.3152,8
3140000.0,0.0,0.0,0.0,314.0,39.1098656562039,0,0,4,0,0,0.1088,0.0136,0.0487,0.0026,0.2485,9
19980000.0,0.0,0.0,0.0,333.0,7.97244707812433,0,0,0,1,0,0.3124,0.0012,0.1131,0.0053,0.3589,37
16800000.0,0.0,0.0,0.0,312.0,7.97244707812433,0,0,0,1,0,0.3124,0.0012,0.1131,0.0053,0.3589,37
9000000.0,0.0,0.0,0.0,300.0,26.1110877080702,0,0,1,0,1,0.5438,0.0007,0.3241,0.0006,0.6486,17
20904000.0,0.0,0.0,0.0,402.0,27.0550789815397,0,0,1,0,0,0.5438,0.0007,0.3241,0.0006,0.6486,17
18711000.0,0.0,0.0,0.0,462.0,28.0240969241861,2,0,4,0,1,0.5438,0.0007,0.3241,0.0006,0.6486,17
14000000.0,0.0,0.0,0.0,340.0,27.0550789815397,0,0,1,0,0,0.5438,0.0007,0.3241,0.0006,0.6486,17
28140000.0,0.0,0.0,0.0,469.0,28.0240969241861,2,0,4,0,1,0.5438,0.0007,0.3241,0.0006,0.6486,17
13000000.0,0.0,0.0,0.0,300.0,27.0550789815397,0,0,1,0,0,0.5438,0.0007,0.3241,0.0006,0.6486,17
16944840.0,0.0,0.0,0.0,386.0,27.0550789815397,0,0,1,0,0,0.5438,0.0007,0.3241,0.0006,0.6486,17
14000000.0,0.0,0.0,0.0,377.0,27.0550789815397,0,0,1,0,0,0.5438,0.0007,0.3241,0.0006,0.6486,17
8646000.0,0.0,0.0,0.0,262.0,26.1110877080702,0,0,1,0,1,0.5438,0.0007,0.3241,0.0006,0.6486,17
3000000.0,0.0,0.0,0.0,500.0,40.90884504313,0,0,0,0,0,0.1218,0.0016,0.0136,0.0152,0.2777,9
4788000.0,0.0,0.0,0.0,266.0,37.4981280658715,0,0,2,0,0,0.1088,0.0136,0.0487,0.0026,0.2485,9
7880000.0,0.0,0.0,0.0,394.0,17.877232859216,7,0,1,0,0,0.7907,0.0009,0.9584,0.035,0.4702,26
7000000.0,0.0,0.0,0.0,254.0,26.1110877080702,0,0,1,0,1,0.5438,0.0007,0.3241,0.0006,0.6486,17
12274000.0,0.0,0.0,0.0,323.0,26.1110877080702,0,0,1,0,1,0.5438,0.0007,0.3241,0.0006,0.6486,17
12936330.0,0.0,0.0,0.0,314.0,27.0550789815397,0,0,1,0,0,0.5438,0.0007,0.3241,0.0006,0.6486,17
6480000.0,0.0,0.0,0.0,432.0,13.2835905668804,5,0,0,0,1,0.5837,0.0121,0.1525,0.2494,1.4727,20
18634551.0,0.0,0.0,0.0,500.0,35.9479690462094,0,0,0,0,0,0.1088,0.0136,0.0487,0.0026,0.2485,9
19635000.0,0.0,0.0,0.0,357.0,4.77081317504249,2,0,7,1,3,0.3124,0.0012,0.1131,0.0053,0.3589,-1
26620000.0,0.0,0.0,0.0,484.0,28.0240969241861,2,0,4,0,1,0.5438,0.0007,0.3241,0.0006,0.6486,17
21172000.0,0.0,0.0,0.0,316.0,6.72591001393616,0,0,1,0,0,0.3124,0.0012,0.1131,0.0053,0.3589,61
8646000.0,0.0,0.0,0.0,262.0,26.1110877080702,0,0,1,0,1,0.5438,0.0007,0.3241,0.0006,0.6486,17
16875000.0,0.0,0.0,0.0,375.0,27.0550789815397,0,0,1,0,0,0.5438,0.0007,0.3241,0.0006,0.6486,17
5820000.0,0.0,0.0,0.0,253.0,26.1110877080702,0,0,1,0,1,0.5438,0.0007,0.3241,0.0006,0.6486,17
13000000.0,0.0,0.0,0.0,345.0,17.877232859216,7,0,1,0,0,0.7907,0.0009,0.9584,0.035,0.4702,26
4800000.0,0.0,0.0,0.0,400.0,41.0392922991833,2,0,1,0,0,0.1088,0.0136,0.0487,0.0026,0.2485,9
13000000.0,0.0,0.0,0.0,303.0,30.7198890624598,1,0,2,0,0,0.5438,0.0007,0.3241,0.0006,0.6486,17
1950000.0,0.0,0.0,0.0,500.0,36.22599537188,0,0,1,0,0,0.6064,0.0034,0.1271,0.1166,0.8427,57
25272000.000000004,0.0,0.0,0.0,312.0,6.72591001393616,0,0,1,0,0,0.3124,0.0012,0.1131,0.0053,0.3589,61
6094000.000000001,0.0,0.0,0.0,277.0,17.877232859216,7,0,1,0,0,0.7907,0.0009,0.9584,0.035,0.4702,26
13000000.0,0.0,0.0,0.0,343.0,27.0550789815397,0,0,1,0,0,0.5438,0.0007,0.3241,0.0006,0.6486,17
7529999.999999998,0.0,0.0,0.0,251.0,26.1110877080702,0,0,1,0,1,0.5438,0.0007,0.3241,0.0006,0.6486,17
8100000.0,0.0,0.0,0.0,449.0,22.698437081916,0,0,3,0,0,0.1088,0.0136,0.0487,0.0026,0.2485,9
4500000.0,0.0,0.0,0.0,450.0,38.0405772974299,0,0,1,0,0,0.4558,0.0,0.0527,0.0,1.3514,15
3360000.0,0.0,0.0,0.0,280.0,36.2622306611835,3,0,2,0,0,0.1088,0.0136,0.0487,0.0026,0.2485,9
15936000.0,0.0,0.0,0.0,498.0,17.877232859216,7,0,1,0,0,0.7907,0.0009,0.9584,0.035,0.4702,26
3960000.0,0.0,0.0,0.0,330.0,36.8096328108511,0,0,6,0,0,0.1088,0.0136,0.0487,0.0026,0.2485,9
3895000.0,0.0,0.0,0.0,333.0,44.9967274961535,1,1,1,0,1,0.1218,0.0016,0.0136,0.0152,0.2777,43
14000000.0,0.0,0.0,0.0,331.0,27.0550789815397,0,0,1,0,0,0.5438,0.0007,0.3241,0.0006,0.6486,17
13000000.0,0.0,0.0,0.0,316.0,27.0550789815397,0,0,1,0,0,0.5438,0.0007,0.3241,0.0006,0.6486,17
16000000.0,0.0,0.0,0.0,350.0,8.66315438425422,3,0,3,0,0,0.254,0.0116,0.2906,0.0843,1.043,10
17000000.0,0.0,0.0,0.0,300.0,8.66315438425422,3,0,3,0,0,0.254,0.0116,0.2906,0.0843,1.043,10
13000000.0,0.0,0.0,0.0,325.0,28.3398402910932,1,0,0,0,1,0.5438,0.0007,0.3241,0.0006,0.6486,17
10350000.0,0.0,0.0,0.0,345.0,26.1110877080702,0,0,1,0,1,0.5438,0.0007,0.3241,0.0006,0.6486,17
3132000.0,0.0,0.0,0.0,261.0,17.1841252193878,11,0,1,0,0,0.0141,0.2089,0.0335,0.0034,0.0981,40
25380000.0,0.0,0.0,0.0,423.0,8.46497944379453,0,0,3,0,0,0.254,0.0116,0.2906,0.0843,1.043,10
3000000.0,0.0,0.0,0.0,500.0,40.90884504313,0,0,0,0,0,0.1218,0.0016,0.0136,0.0152,0.2777,9
3600000.0,0.0,0.0,0.0,300.0,42.5688392787028,0,0,0,0,0,0.1218,0.0016,0.0136,0.0152,0.2777,9
12120000.0,0.0,0.0,0.0,400.0,26.1110877080702,0,0,1,0,1,0.5438,0.0007,0.3241,0.0006,0.6486,17
26700000.0,0.0,0.0,0.0,356.0,11.9565795898763,13,1,3,2,0,0.3407,0.0132,0.703,0.0155,1.4269,66
9273000.0,0.0,0.0,0.0,281.0,35.9479690462094,0,0,0,0,0,0.1088,0.0136,0.0487,0.0026,0.2485,9
10400000.0,0.0,0.0,0.0,291.0,27.0550789815397,0,0,1,0,0,0.5438,0.0007,0.3241,0.0006,0.6486,17
13000000.0,0.0,0.0,0.0,331.0,27.0550789815397,0,0,1,0,0,0.5438,0.0007,0.3241,0.0006,0.6486,17
14000000.0,0.0,0.0,0.0,340.0,27.0550789815397,0,0,1,0,0,0.5438,0.0007,0.3241,0.0006,0.6486,17
30000000.0,0.0,0.0,0.0,500.0,27.0550789815397,0,0,1,0,0,0.5438,0.0007,0.3241,0.0006,0.6486,17
3360000.0,0.0,0.0,0.0,280.0,37.6955579442976,0,0,4,0,1,0.1088,0.0136,0.0487,0.0026,0.2485,9
9880000.0,0.0,0.0,0.0,494.0,11.6021973071414,12,1,9,0,0,0.5837,0.0121,0.1525,0.2494,1.4727,44
6600000.0,0.0,0.0,0.0,264.0,10.4942121587965,1,0,1,1,0,0.3538,0.0121,0.1372,0.0301,0.947,29
4500000.0,0.0,0.0,0.0,300.0,23.6916300087125,0,0,0,0,0,0.3407,0.0132,0.703,0.0155,1.4269,14
11778000.0,0.0,0.0,0.0,302.0,27.0550789815397,0,0,1,0,0,0.5438,0.0007,0.3241,0.0006,0.6486,17
2430000.0,0.0,0.0,0.0,405.0,32.2825130179698,0,0,2,0,0,0.6885,0.0,0.0578,0.0008,1.3152,8
2430000.0,0.0,0.0,0.0,405.0,32.2825130179698,0,0,2,0,0,0.6885,0.0,0.0578,0.0008,1.3152,8
2550000.0,0.0,0.0,0.0,300.0,29.393218917082,0,0,1,0,0,0.5438,0.0007,0.3241,0.0006,0.6486,17
2500000.0,0.0,0.0,0.0,500.0,29.1445916662896,0,0,1,0,0,0.5438,0.0007,0.3241,0.0006,0.6486,17
2250000.0,0.0,0.0,0.0,500.0,33.8687575340188,0,0,3,0,0,0.0734,0.0008,0.0158,0.0076,0.2389,9
1750000.0,0.0,0.0,0.0,500.0,38.5912020719823,0,0,2,0,0,0.6064,0.0034,0.1271,0.1166,0.8427,57
2250000.0,0.0,0.0,0.0,500.0,33.8687575340188,0,0,3,0,0,0.0734,0.0008,0.0158,0.0076,0.2389,9
1750000.0,0.0,0.0,0.0,500.0,38.5912020719823,0,0,2,0,0,0.6064,0.0034,0.1271,0.1166,0.8427,57
1600000.0,0.0,0.0,0.0,500.0,38.5912020719823,0,0,2,0,0,0.6064,0.0034,0.1271,0.1166,0.8427,57
1350000.0,0.0,0.0,0.0,300.0,40.90884504313,0,0,0,0,0,0.1218,0.0016,0.0136,0.0152,0.2777,9
1350000.0,0.0,0.0,0.0,300.0,40.90884504313,0,0,0,0,0,0.1218,0.0016,0.0136,0.0152,0.2777,9
1926000.0,0.0,0.0,0.0,321.0,33.9140052945325,0,0,1,0,0,0.0734,0.0008,0.0158,0.0076,0.2389,9
3250000.0,0.0,0.0,0.0,500.0,30.962393907879,0,0,0,0,0,0.0734,0.0008,0.0158,0.0076,0.2389,9
1350000.0,0.0,0.0,0.0,300.0,40.90884504313,0,0,0,0,0,0.1218,0.0016,0.0136,0.0152,0.2777,9
1150000.0,0.0,0.0,0.0,500.0,37.3518108159006,0,0,2,0,0,0.1613,0.0,0.015,0.0007,0.3402,9
1750000.0,0.0,0.0,0.0,500.0,38.5912020719823,0,0,2,0,0,0.6064,0.0034,0.1271,0.1166,0.8427,57
2150000.0,0.0,0.0,0.0,500.0,40.6303510698566,0,0,1,0,0,0.1218,0.0016,0.0136,0.0152,0.2777,9
2250000.0,0.0,0.0,0.0,500.0,33.8687575340188,0,0,3,0,0,0.0734,0.0008,0.0158,0.0076,0.2389,9
1350000.0,0.0,0.0,0.0,300.0,40.90884504313,0,0,0,0,0,0.1218,0.0016,0.0136,0.0152,0.2777,9
1150000.0,0.0,0.0,0.0,500.0,38.5727046946978,0,0,0,0,0,0.1613,0.0,0.015,0.0007,0.3402,9
17218750.0,0.0,0.0,0.0,350.0,9.43386668635108,0,0,1,0,0,0.254,0.0116,0.2906,0.0843,1.043,10
4388000.0,0.0,0.0,0.0,325.0,17.753432497686,1,0,6,0,0,0.5837,0.0121,0.1525,0.2494,1.4727,20
5269000.0,0.0,0.0,0.0,371.0,17.753432497686,1,0,6,0,0,0.5837,0.0121,0.1525,0.2494,1.4727,20
25092000.0,0.0,0.0,0.0,492.0,23.2302408211237,0,0,0,0,0,1.2716,0.0014,0.1551,0.0274,1.3626,30
6160000.0,0.0,0.0,0.0,308.0,35.7123582293428,0,0,2,0,0,0.1088,0.0136,0.0487,0.0026,0.2485,9
5357142.0,0.0,0.0,0.0,300.0,12.1965796701453,0,0,1,0,0,0.5837,0.0121,0.1525,0.2494,1.4727,20
12627999.999999998,0.0,0.0,0.0,451.0,26.1110877080702,0,0,1,0,1,0.5438,0.0007,0.3241,0.0006,0.6486,17
3450000.0,0.0,0.0,0.0,251.0,18.6441701280787,12,1,5,0,0,0.5837,0.0121,0.1525,0.2494,1.4727,-1
19950000.0,0.0,0.0,0.0,350.0,8.66315438425422,3,0,3,0,0,0.254,0.0116,0.2906,0.0843,1.043,10
25380000.0,0.0,0.0,0.0,423.0,9.43386668635108,0,0,1,0,0,0.254,0.0116,0.2906,0.0843,1.043,10
24000000.0,0.0,0.0,0.0,402.0,35.9479690462094,0,0,0,0,0,0.1088,0.0136,0.0487,0.0026,0.2485,9
3900000.0,0.0,0.0,0.0,300.0,37.1022594958161,1,0,2,0,1,0.1088,0.0136,0.0487,0.0026,0.2485,9
4500000.0,0.0,0.0,0.0,375.0,42.5688392787028,0,0,0,0,0,0.1218,0.0016,0.0136,0.0152,0.2777,9
4000000.0,0.0,0.0,0.0,300.0,42.5688392787028,0,0,0,0,0,0.1218,0.0016,0.0136,0.0152,0.2777,9
26700000.0,0.0,0.0,0.0,356.0,11.9565795898763,13,1,3,2,0,0.3407,0.0132,0.703,0.0155,1.4269,66
6150000.000000001,0.0,0.0,0.0,410.0,41.8902472037219,0,0,1,0,0,0.1218,0.0016,0.0136,0.0152,0.2777,9
6300000.0,0.0,0.0,0.0,315.0,17.877232859216,7,0,1,0,0,0.7907,0.0009,0.9584,0.035,0.4702,26
8500000.0,0.0,0.0,0.0,277.0,26.0221659761103,0,0,1,0,1,0.5438,0.0007,0.3241,0.0006,0.6486,17
12125000.0,0.0,0.0,0.0,485.0,22.698437081916,0,0,3,0,0,0.1088,0.0136,0.0487,0.0026,0.2485,9
15750000.0,0.0,0.0,0.0,350.0,26.1110877080702,0,0,1,0,1,0.5438,0.0007,0.3241,0.0006,0.6486,17
2150000.0,0.0,0.0,0.0,500.0,34.1932711052816,0,0,3,0,0,0.0734,0.0008,0.0158,0.0076,0.2389,9
3500000.0,0.0,0.0,0.0,350.0,31.921293924149,0,0,3,0,0,0.6885,0.0,0.0578,0.0008,1.3152,8
3450000.0,0.0,0.0,0.0,251.0,19.7659485925217,12,1,0,0,0,0.5837,0.0121,0.1525,0.2494,1.4727,27
18300000.0,0.0,0.0,0.0,366.0,25.6339304217524,0,0,1,0,0,0.5438,0.0007,0.3241,0.0006,0.6486,17
6680000.0,0.0,0.0,0.0,334.0,17.877232859216,7,0,1,0,0,0.7907,0.0009,0.9584,0.035,0.4702,26
3500000.0,0.0,0.0,0.0,350.0,31.7844483168442,0,0,3,0,0,0.6885,0.0,0.0578,0.0008,1.3152,8
11760000.0,0.0,0.0,0.0,420.0,17.877232859216,7,0,1,0,0,0.7907,0.0009,0.9584,0.035,0.4702,26
12000000.0,0.0,0.0,0.0,278.0,27.0550789815397,0,0,1,0,0,0.5438,0.0007,0.3241,0.0006,0.6486,17
13901785.0,0.0,0.0,0.0,300.0,9.43386668635108,0,0,1,0,0,0.254,0.0116,0.2906,0.0843,1.043,10
7825999.999999998,0.0,0.0,0.0,301.0,17.877232859216,7,0,1,0,0,0.7907,0.0009,0.9584,0.035,0.4702,26
3200000.0,0.0,0.0,0.0,306.0,42.5688392787028,0,0,0,0,0,0.1218,0.0016,0.0136,0.0152,0.2777,9
24900000.0,0.0,0.0,0.0,498.0,23.2302408211237,0,0,0,0,0,1.2716,0.0014,0.1551,0.0274,1.3626,30
24900000.0,0.0,0.0,0.0,498.0,23.2302408211237,0,0,0,0,0,1.2716,0.0014,0.1551,0.0274,1.3626,30
24900000.0,0.0,0.0,0.0,498.0,23.2302408211237,0,0,0,0,0,1.2716,0.0014,0.1551,0.0274,1.3626,30
2000000.0,0.0,0.0,0.0,400.0,13.5942680809242,0,0,3,0,0,1.2716,0.0014,0.1551,0.0274,1.3626,30
1000000.0,0.0,0.0,0.0,289.0,21.6540979713898,1,1,11,1,0,0.119,0.0092,0.0505,0.0034,0.6701,-1
8129999.999999998,0.0,0.0,0.0,273.0,5.99953520158232,9,1,5,2,1,0.254,0.0116,0.2906,0.0843,1.043,-1
4374000.0,0.0,0.0,0.0,324.0,17.753432497686,1,0,6,0,0,0.5837,0.0121,0.1525,0.2494,1.4727,20
5657000.0,0.0,0.0,0.0,419.0,17.753432497686,1,0,6,0,0,0.5837,0.0121,0.1525,0.2494,1.4727,20
3960000.0,0.0,0.0,0.0,264.0,38.3625995008505,4,2,0,1,3,0.1088,0.0136,0.0487,0.0026,0.2485,-1
7875000.0,0.0,0.0,0.0,315.0,17.877232859216,7,0,1,0,0,0.7907,0.0009,0.9584,0.035,0.4702,26
2150000.0,0.0,0.0,0.0,500.0,27.8570592735657,0,0,1,0,0,0.0734,0.0008,0.0158,0.0076,0.2389,9
3000000.0,0.0,0.0,0.0,300.0,40.3785718386616,0,0,2,0,0,0.1088,0.0136,0.0487,0.0026,0.2485,9
5055000.0,0.0,0.0,0.0,337.0,6.65703363343687,0,1,8,2,1,0.254,0.0116,0.2906,0.0843,1.043,41
8500000.0,0.0,0.0,0.0,280.0,26.1110877080702,0,0,1,0,1,0.5438,0.0007,0.3241,0.0006,0.6486,17
1050000.0,0.0,0.0,0.0,350.0,32.2825130179698,0,0,2,0,0,0.6885,0.0,0.0578,0.0008,1.3152,8
2592000.0,0.0,0.0,0.0,288.0,20.9798021356986,0,0,0,0,0,0.5837,0.0121,0.1525,0.2494,1.4727,20
33000000.0,0.0,0.0,0.0,301.0,6.72591001393616,0,0,1,0,0,0.3124,0.0012,0.1131,0.0053,0.3589,61
8990000.0,0.0,0.0,0.0,300.0,17.877232859216,7,0,1,0,0,0.7907,0.0009,0.9584,0.035,0.4702,26
7102000.000000001,0.0,0.0,0.0,325.0,26.1110877080702,0,0,1,0,1,0.5438,0.0007,0.3241,0.0006,0.6486,17
645000.0,0.0,0.0,0.0,500.0,33.8687575340188,0,0,3,0,0,0.0734,0.0008,0.0158,0.0076,0.2389,9
13000000.0,0.0,0.0,0.0,313.0,26.1110877080702,0,0,1,0,1,0.5438,0.0007,0.3241,0.0006,0.6486,17
8500000.0,0.0,0.0,0.0,277.0,26.1110877080702,0,0,1,0,1,0.5438,0.0007,0.3241,0.0006,0.6486,17
645000.0,0.0,0.0,0.0,500.0,33.8687575340188,0,0,3,0,0,0.0734,0.0008,0.0158,0.0076,0.2389,9
11975000.0,0.0,0.0,0.0,479.0,17.3193600003684,3,0,6,0,0,0.7907,0.0009,0.9584,0.035,0.4702,-1
8100000.0,0.0,0.0,0.0,270.0,25.4715324811589,0,0,1,0,1,0.5438,0.0007,0.3241,0.0006,0.6486,17
8350000.000000002,0.0,0.0,0.0,334.0,17.877232859216,7,0,1,0,0,0.7907,0.0009,0.9584,0.035,0.4702,26
8425000.0,0.0,0.0,0.0,337.0,17.877232859216,7,0,1,0,0,0.7907,0.0009,0.9584,0.035,0.4702,26
12963999.999999998,0.0,0.0,0.0,463.0,17.877232859216,7,0,1,0,0,0.7907,0.0009,0.9584,0.035,0.4702,26
3000000.0,0.0,0.0,0.0,300.0,42.5688392787028,0,0,0,0,0,0.1218,0.0016,0.0136,0.0152,0.2777,9
2500000.0,0.0,0.0,0.0,500.0,29.2961173103009,0,0,1,0,0,0.0734,0.0008,0.0158,0.0076,0.2389,9
7600000.0,0.0,0.0,0.0,380.0,38.3982004485583,0,0,2,0,0,0.1088,0.0136,0.0487,0.0026,0.2485,9
4020000.0,0.0,0.0,0.0,335.0,42.5688392787028,0,0,0,0,0,0.1218,0.0016,0.0136,0.0152,0.2777,9
5684800.0,0.0,0.0,0.0,272.0,38.8778556885638,2,2,1,0,2,0.5438,0.0007,0.3241,0.0006,0.6486,-1
10000000.0,0.0,0.0,0.0,294.0,19.7659485925217,12,1,0,0,0,0.5837,0.0121,0.1525,0.2494,1.4727,27
1525200.0,0.0,0.0,0.0,492.0,20.2561166269411,0,0,3,0,0,0.119,0.0092,0.0505,0.0034,0.6701,19
20520000.0,0.0,0.0,0.0,380.0,28.0240969241861,2,0,4,0,1,0.5438,0.0007,0.3241,0.0006,0.6486,17
2478630.0,0.0,0.0,0.0,259.0,9.42240132934169,2,1,7,1,1,0.3727,0.0,0.1187,0.0,0.6357,-1
8000000.0,0.0,0.0,0.0,418.0,37.6955579442976,0,0,4,0,1,0.1088,0.0136,0.0487,0.0026,0.2485,9
4172000.0,0.0,0.0,0.0,309.0,17.753432497686,1,0,6,0,0,0.5837,0.0121,0.1525,0.2494,1.4727,20
5836000.0,0.0,0.0,0.0,298.0,7.37997823376534,0,0,6,1,1,0.0346,0.0122,0.0176,0.006,0.1979,62
25092000.0,0.0,0.0,0.0,492.0,23.2302408211237,0,0,0,0,0,1.2716,0.0014,0.1551,0.0274,1.3626,30
2300000.0,0.0,0.0,0.0,304.0,31.5302039448238,0,0,4,0,0,0.5438,0.0007,0.3241,0.0006,0.6486,17
10499999.999999998,0.0,0.0,0.0,300.0,26.1110877080702,0,0,1,0,1,0.5438,0.0007,0.3241,0.0006,0.6486,17
8500000.0,0.0,0.0,0.0,277.0,26.1110877080702,0,0,1,0,1,0.5438,0.0007,0.3241,0.0006,0.6486,17
2847075.0,0.0,0.0,0.0,319.0,22.1043837216916,0,0,1,0,0,0.3407,0.0132,0.703,0.0155,1.4269,14
1050000.0,0.0,0.0,0.0,300.0,35.7183499810639,0,0,0,0,0,0.1218,0.0016,0.0136,0.0152,0.2777,9
7774000.000000002,0.0,0.0,0.0,299.0,35.8583543833373,0,0,0,0,0,0.1088,0.0136,0.0487,0.0026,0.2485,9
2150000.0,0.0,0.0,0.0,500.0,34.1932711052816,0,0,3,0,0,0.0734,0.0008,0.0158,0.0076,0.2389,9
1690000.0,0.0,0.0,0.0,260.0,35.8580393797233,1,0,5,1,0,0.6885,0.0,0.0578,0.0008,1.3152,-1
4500000.0,0.0,0.0,0.0,300.0,23.4233384568079,0,0,1,2,0,0.5438,0.0007,0.3241,0.0006,0.6486,22
29835000.0,0.0,0.0,0.0,459.0,4.48341829644017,1,0,4,1,0,0.3538,0.0121,0.1372,0.0301,0.947,29
12985714.0,0.0,0.0,0.0,288.0,9.43386668635108,0,0,1,0,0,0.254,0.0116,0.2906,0.0843,1.043,10
1750000.0,0.0,0.0,0.0,300.0,33.1162984210487,0,0,4,0,0,0.1145,0.0,0.0063,0.0024,0.1736,9
2964000.0,0.0,0.0,0.0,494.0,23.2414747936218,1,0,4,0,0,0.2257,0.001,0.0441,0.0,0.3048,9
645000.0,0.0,0.0,0.0,500.0,33.8687575340188,0,0,3,0,0,0.0734,0.0008,0.0158,0.0076,0.2389,9
5900000.0,0.0,0.0,0.0,437.0,19.7659485925217,12,1,0,0,0,0.5837,0.0121,0.1525,0.2494,1.4727,27
16250000.0,0.0,0.0,0.0,386.0,26.1110877080702,0,0,1,0,1,0.5438,0.0007,0.3241,0.0006,0.6486,17
8500000.0,0.0,0.0,0.0,280.0,26.1110877080702,0,0,1,0,1,0.5438,0.0007,0.3241,0.0006,0.6486,17
645000.0,0.0,0.0,0.0,500.0,34.1932711052816,0,0,3,0,0,0.0734,0.0008,0.0158,0.0076,0.2389,9
33000000.0,0.0,0.0,0.0,301.0,6.72591001393616,0,0,1,0,0,0.3124,0.0012,0.1131,0.0053,0.3589,61
4941000.0,0.0,0.0,0.0,366.0,17.753432497686,1,0,6,0,0,0.5837,0.0121,0.1525,0.2494,1.4727,20
1624499.9999999995,0.0,0.0,0.0,361.0,23.4602055307923,0,0,2,0,0,0.119,0.0092,0.0505,0.0034,0.6701,19
24900000.0,0.0,0.0,0.0,498.0,23.2302408211237,0,0,0,0,0,1.2716,0.0014,0.1551,0.0274,1.3626,30
1844000.0,0.0,0.0,0.0,452.0,23.4602055307923,0,0,2,0,0,0.119,0.0092,0.0505,0.0034,0.6701,19
3800000.0,0.0,0.0,0.0,402.0,34.397361158154,0,0,2,0,0,0.5438,0.0007,0.3241,0.0006,0.6486,17
8600000.0,0.0,0.0,0.0,427.0,11.6021973071414,12,1,9,0,0,0.5837,0.0121,0.1525,0.2494,1.4727,44
4369000.0,0.0,0.0,0.0,257.0,1.295811519532,8,1,13,0,2,0.3538,0.0121,0.1372,0.0301,0.947,-1
12480000.0,0.0,0.0,0.0,428.0,35.9479690462094,0,0,0,0,0,0.1088,0.0136,0.0487,0.0026,0.2485,9
17200000.0,0.0,0.0,0.0,400.0,17.877232859216,7,0,1,0,0,0.7907,0.0009,0.9584,0.035,0.4702,26
12000000.0,0.0,0.0,0.0,353.0,26.1110877080702,0,0,1,0,1,0.5438,0.0007,0.3241,0.0006,0.6486,17
8500000.0,0.0,0.0,0.0,277.0,26.1110877080702,0,0,1,0,1,0.5438,0.0007,0.3241,0.0006,0.6486,17
8249999.999999998,0.0,0.0,0.0,300.0,8.55681039447666,0,0,2,1,0,0.3727,0.0,0.1187,0.0,0.6357,-1
9650000.0,0.0,0.0,0.0,386.0,17.877232859216,7,0,1,0,0,0.7907,0.0009,0.9584,0.035,0.4702,26
18270000.0,0.0,0.0,0.0,315.0,9.43386668635108,0,0,1,0,0,0.254,0.0116,0.2906,0.0843,1.043,10
20295000.0,0.0,0.0,0.0,369.0,26.1110877080702,0,0,1,0,1,0.5438,0.0007,0.3241,0.0006,0.6486,17
20520000.0,0.0,0.0,0.0,380.0,26.1110877080702,0,0,1,0,1,0.5438,0.0007,0.3241,0.0006,0.6486,17
15000000.0,0.0,0.0,0.0,439.0,14.9560971566254,11,0,12,3,12,0.5837,0.0121,0.1525,0.2494,1.4727,-1
5248000.0,0.0,0.0,0.0,328.0,19.7659485925217,12,1,0,0,0,0.5837,0.0121,0.1525,0.2494,1.4727,27
1470000.0,0.0,0.0,0.0,294.0,13.5942680809242,0,0,3,0,0,1.2716,0.0014,0.1551,0.0274,1.3626,30
8600000.0,0.0,0.0,0.0,427.0,12.1965796701453,0,0,1,0,0,0.5837,0.0121,0.1525,0.2494,1.4727,20
35000000.0,0.0,0.0,0.0,306.0,6.72591001393616,0,0,1,0,0,0.3124,0.0012,0.1131,0.0053,0.3589,61
7520000.0,0.0,0.0,0.0,290.0,39.5305946300785,4,1,5,3,1,0.1088,0.0136,0.0487,0.0026,0.2485,11
7000000.0,0.0,0.0,0.0,289.0,17.3193600003684,3,0,6,0,0,0.7907,0.0009,0.9584,0.035,0.4702,-1
1200000.0,0.0,0.0,0.0,500.0,30.5800389185046,0,0,1,2,0,0.6885,0.0,0.0578,0.0008,1.3152,55
18000000.0,0.0,0.0,0.0,300.0,9.43386668635108,0,0,1,0,0,0.254,0.0116,0.2906,0.0843,1.043,10
25092000.0,0.0,0.0,0.0,492.0,23.2302408211237,0,0,0,0,0,1.2716,0.0014,0.1551,0.0274,1.3626,30
4020000.0,0.0,0.0,0.0,335.0,42.5688392787028,0,0,0,0,0,0.1218,0.0016,0.0136,0.0152,0.2777,9
2206000.0,0.0,0.0,0.0,401.0,23.4602055307923,0,0,2,0,0,0.119,0.0092,0.0505,0.0034,0.6701,19
4050000.0,0.0,0.0,0.0,300.0,17.753432497686,1,0,6,0,0,0.5837,0.0121,0.1525,0.2494,1.4727,20
25092000.0,0.0,0.0,0.0,492.0,23.2302408211237,0,0,0,0,0,1.2716,0.0014,0.1551,0.0274,1.3626,30
24900000.0,0.0,0.0,0.0,498.0,23.2302408211237,0,0,0,0,0,1.2716,0.0014,0.1551,0.0274,1.3626,30
9650000.0,0.0,0.0,0.0,386.0,17.877232859216,7,0,1,0,0,0.7907,0.0009,0.9584,0.035,0.4702,26
15000000.0,0.0,0.0,0.0,372.0,11.7321528216741,6,0,1,0,0,0.3407,0.0132,0.703,0.0155,1.4269,14
27221000.0,0.0,0.0,0.0,400.0,35.9479690462094,0,0,0,0,0,0.1088,0.0136,0.0487,0.0026,0.2485,9
4040000.0,0.0,0.0,0.0,404.0,19.7659485925217,12,1,0,0,0,0.5837,0.0121,0.1525,0.2494,1.4727,27
9000000.0,0.0,0.0,0.0,300.0,26.1110877080702,0,0,1,0,1,0.5438,0.0007,0.3241,0.0006,0.6486,17
2150000.0,0.0,0.0,0.0,500.0,33.8687575340188,0,0,3,0,0,0.0734,0.0008,0.0158,0.0076,0.2389,9
3761000.0,0.0,0.0,0.0,308.0,39.1098656562039,0,0,4,0,0,0.1088,0.0136,0.0487,0.0026,0.2485,9
12963999.999999998,0.0,0.0,0.0,463.0,17.877232859216,7,0,1,0,0,0.7907,0.0009,0.9584,0.035,0.4702,26
3500000.0,0.0,0.0,0.0,350.0,31.7844483168442,0,0,3,0,0,0.6885,0.0,0.0578,0.0008,1.3152,8
1650000.0,0.0,0.0,0.0,300.0,38.4552851496722,0,0,3,0,0,0.1218,0.0016,0.0136,0.0152,0.2777,9
13710000.0,0.0,0.0,0.0,457.0,35.9479690462094,0,0,0,0,0,0.1088,0.0136,0.0487,0.0026,0.2485,9
13710000.0,0.0,0.0,0.0,457.0,35.9479690462094,0,0,0,0,0,0.1088,0.0136,0.0487,0.0026,0.2485,9
7800000.0,0.0,0.0,0.0,308.0,35.9479690462094,0,0,0,0,0,0.1088,0.0136,0.0487,0.0026,0.2485,9
4500000.0,0.0,0.0,0.0,450.0,38.0405772974299,0,0,1,0,0,0.4558,0.0,0.0527,0.0,1.3514,15
10600000.0,0.0,0.0,0.0,302.0,27.0550789815397,0,0,1,0,0,0.5438,0.0007,0.3241,0.0006,0.6486,17
30225000.0,0.0,0.0,0.0,468.0,28.0240969241861,2,0,4,0,1,0.5438,0.0007,0.3241,0.0006,0.6486,17
12960000.0,0.0,0.0,0.0,480.0,7.97244707812433,0,0,0,1,0,0.3124,0.0012,0.1131,0.0053,0.3589,37
7224000.0,0.0,0.0,0.0,258.0,17.877232859216,7,0,1,0,0,0.7907,0.0009,0.9584,0.035,0.4702,26
1440000.0,0.0,0.0,0.0,300.0,36.9174470320011,0,0,0,0,0,0.1218,0.0016,0.0136,0.0152,0.2777,9
25685000.0,0.0,0.0,0.0,467.0,28.0240969241861,2,0,4,0,1,0.5438,0.0007,0.3241,0.0006,0.6486,17
4515000.0,0.0,0.0,0.0,301.0,23.9246986302284,0,0,1,0,0,0.119,0.0092,0.0505,0.0034,0.6701,19
10000000.0,0.0,0.0,0.0,400.0,35.8583543833373,0,0,0,0,0,0.1088,0.0136,0.0487,0.0026,0.2485,9
1400000.0,0.0,0.0,0.0,500.0,38.5727046946978,0,0,0,0,0,0.1613,0.0,0.015,0.0007,0.3402,9
14400000.0,0.0,0.0,0.0,425.0,35.9479690462094,0,0,0,0,0,0.1088,0.0136,0.0487,0.0026,0.2485,9
2150000.0,0.0,0.0,0.0,500.0,33.8687575340188,0,0,3,0,0,0.0734,0.0008,0.0158,0.0076,0.2389,9
2250000.0,0.0,0.0,0.0,500.0,33.8687575340188,0,0,3,0,0,0.0734,0.0008,0.0158,0.0076,0.2389,9
2250000.0,0.0,0.0,0.0,500.0,33.8687575340188,0,0,3,0,0,0.0734,0.0008,0.0158,0.0076,0.2389,9
2250000.0,0.0,0.0,0.0,500.0,31.3369702380947,1,0,3,1,1,0.0734,0.0008,0.0158,0.0076,0.2389,9
2250000.0,0.0,0.0,0.0,500.0,33.8687575340188,0,0,3,0,0,0.0734,0.0008,0.0158,0.0076,0.2389,9
2250000.0,0.0,0.0,0.0,500.0,33.8687575340188,0,0,3,0,0,0.0734,0.0008,0.0158,0.0076,0.2389,9
15345749.999999998,0.0,0.0,0.0,395.0,26.1110877080702,0,0,1,0,1,0.5438,0.0007,0.3241,0.0006,0.6486,17
4500000.0,0.0,0.0,0.0,450.0,36.9301537896595,0,0,2,0,0,0.4558,0.0,0.0527,0.0,1.3514,15
4500000.0,0.0,0.0,0.0,450.0,39.0882171506718,0,0,1,0,0,0.4558,0.0,0.0527,0.0,1.3514,15
4500000.0,0.0,0.0,0.0,450.0,39.0882171506718,0,0,1,0,0,0.4558,0.0,0.0527,0.0,1.3514,15
8000000.0,0.0,0.0,0.0,300.0,26.1110877080702,0,0,1,0,1,0.5438,0.0007,0.3241,0.0006,0.6486,17
3360000.0,0.0,0.0,0.0,280.0,36.2622306611835,3,0,2,0,0,0.1088,0.0136,0.0487,0.0026,0.2485,9
12000000.0,0.0,0.0,0.0,375.0,26.1110877080702,0,0,1,0,1,0.5438,0.0007,0.3241,0.0006,0.6486,17
16499999.999999998,0.0,0.0,0.0,300.0,10.6740575358095,11,0,2,1,0,0.3407,0.0132,0.703,0.0155,1.4269,38
1650000.0,0.0,0.0,0.0,300.0,39.6985488616615,0,0,2,0,0,0.1218,0.0016,0.0136,0.0152,0.2777,9
24000000.0,0.0,0.0,0.0,494.0,25.166708361929,0,0,3,0,0,0.5438,0.0007,0.3241,0.0006,0.6486,17
2150000.0,0.0,0.0,0.0,500.0,31.3369702380947,1,0,3,1,1,0.0734,0.0008,0.0158,0.0076,0.2389,9
1950000.0,0.0,0.0,0.0,300.0,30.5800389185046,0,0,1,2,0,0.6885,0.0,0.0578,0.0008,1.3152,55
2250000.0,0.0,0.0,0.0,500.0,39.7138541494409,0,0,0,0,0,0.1218,0.0016,0.0136,0.0152,0.2777,9
3500000.0,0.0,0.0,0.0,350.0,32.2825130179698,0,0,2,0,0,0.6885,0.0,0.0578,0.0008,1.3152,8
2250000.0,0.0,0.0,0.0,500.0,33.8687575340188,0,0,3,0,0,0.0734,0.0008,0.0158,0.0076,0.2389,9
2150000.0,0.0,0.0,0.0,500.0,33.8687575340188,0,0,3,0,0,0.0734,0.0008,0.0158,0.0076,0.2389,9
2250000.0,0.0,0.0,0.0,500.0,33.8687575340188,0,0,3,0,0,0.0734,0.0008,0.0158,0.0076,0.2389,9
2150000.0,0.0,0.0,0.0,500.0,33.8687575340188,0,0,3,0,0,0.0734,0.0008,0.0158,0.0076,0.2389,9
2150000.0,0.0,0.0,0.0,500.0,31.3369702380947,1,0,3,1,1,0.0734,0.0008,0.0158,0.0076,0.2389,9
2250000.0,0.0,0.0,0.0,500.0,33.8687575340188,0,0,3,0,0,0.0734,0.0008,0.0158,0.0076,0.2389,9
2250000.0,0.0,0.0,0.0,500.0,33.8687575340188,0,0,3,0,0,0.0734,0.0008,0.0158,0.0076,0.2389,9
2150000.0,0.0,0.0,0.0,500.0,33.8687575340188,0,0,3,0,0,0.0734,0.0008,0.0158,0.0076,0.2389,9
2150000.0,0.0,0.0,0.0,500.0,33.8687575340188,0,0,3,0,0,0.0734,0.0008,0.0158,0.0076,0.2389,9
2150000.0,0.0,0.0,0.0,500.0,27.8570592735657,0,0,1,0,0,0.0734,0.0008,0.0158,0.0076,0.2389,9
11875000.0,0.0,0.0,0.0,475.0,23.6369177368676,0,0,2,0,0,0.5438,0.0007,0.3241,0.0006,0.6486,17
4500000.0,0.0,0.0,0.0,300.0,22.698437081916,0,0,3,0,0,0.1088,0.0136,0.0487,0.0026,0.2485,9
15000000.0,0.0,0.0,0.0,300.0,11.7321528216741,6,0,1,0,0,0.3407,0.0132,0.703,0.0155,1.4269,14
23596000.0,0.0,0.0,0.0,347.0,28.0240969241861,2,0,4,0,1,0.5438,0.0007,0.3241,0.0006,0.6486,17
30000000.0,0.0,0.0,0.0,415.0,9.45685746964893,3,0,3,1,1,0.3538,0.0121,0.1372,0.0301,0.947,29
3140000.0,0.0,0.0,0.0,314.0,39.1098656562039,0,0,4,0,0,0.1088,0.0136,0.0487,0.0026,0.2485,9
20000000.0,0.0,0.0,0.0,377.0,28.0240969241861,2,0,4,0,1,0.5438,0.0007,0.3241,0.0006,0.6486,17
25800000.0,0.0,0.0,0.0,344.0,7.97244707812433,0,0,0,1,0,0.3124,0.0012,0.1131,0.0053,0.3589,37
5760000.0,0.0,0.0,0.0,320.0,37.5736740624449,2,2,1,2,4,0.1088,0.0136,0.0487,0.0026,0.2485,24
1600000.0,0.0,0.0,0.0,500.0,34.3322788296707,0,0,1,0,0,0.6064,0.0034,0.1271,0.1166,0.8427,57
16000000.0,0.0,0.0,0.0,487.0,17.877232859216,7,0,1,0,0,0.7907,0.0009,0.9584,0.035,0.4702,26
3360000.0,0.0,0.0,0.0,280.0,37.6955579442976,0,0,4,0,1,0.1088,0.0136,0.0487,0.0026,0.2485,9
15345749.999999998,0.0,0.0,0.0,395.0,26.1110877080702,0,0,1,0,1,0.5438,0.0007,0.3241,0.0006,0.6486,17
13000000.0,0.0,0.0,0.0,300.0,7.13134917868044,0,0,3,0,0,0.254,0.0116,0.2906,0.0843,1.043,10
10395000.0,0.0,0.0,0.0,297.0,16.7073477839803,1,0,2,0,0,0.3407,0.0132,0.703,0.0155,1.4269,14
28884000.0,0.0,0.0,0.0,498.0,28.0240969241861,2,0,4,0,1,0.5438,0.0007,0.3241,0.0006,0.6486,17
2150000.0,0.0,0.0,0.0,500.0,27.8570592735657,0,0,1,0,0,0.0734,0.0008,0.0158,0.0076,0.2389,9
2250000.0,0.0,0.0,0.0,500.0,27.8570592735657,0,0,1,0,0,0.0734,0.0008,0.0158,0.0076,0.2389,9
23596000.0,0.0,0.0,0.0,347.0,28.0240969241861,2,0,4,0,1,0.5438,0.0007,0.3241,0.0006,0.6486,17
5950000.000000001,0.0,0.0,0.0,350.0,37.4981280658715,0,0,2,0,0,0.1088,0.0136,0.0487,0.0026,0.2485,9
2150000.0,0.0,0.0,0.0,500.0,31.3369702380947,1,0,3,1,1,0.0734,0.0008,0.0158,0.0076,0.2389,9
2150000.0,0.0,0.0,0.0,500.0,31.3369702380947,1,0,3,1,1,0.0734,0.0008,0.0158,0.0076,0.2389,9
2150000.0,0.0,0.0,0.0,500.0,33.8687575340188,0,0,3,0,0,0.0734,0.0008,0.0158,0.0076,0.2389,9
2250000.0,0.0,0.0,0.0,500.0,33.8687575340188,0,0,3,0,0,0.0734,0.0008,0.0158,0.0076,0.2389,9
2150000.0,0.0,0.0,0.0,500.0,34.1932711052816,0,0,3,0,0,0.0734,0.0008,0.0158,0.0076,0.2389,9
3500000.0,0.0,0.0,0.0,350.0,32.2825130179698,0,0,2,0,0,0.6885,0.0,0.0578,0.0008,1.3152,8
2400000.0,0.0,0.0,0.0,320.0,15.8279021897259,0,0,0,0,1,1.2716,0.0014,0.1551,0.0274,1.3626,30
1440000.0,0.0,0.0,0.0,300.0,36.9174470320011,0,0,0,0,0,0.1218,0.0016,0.0136,0.0152,0.2777,9
17000000.0,0.0,0.0,0.0,334.0,26.1110877080702,0,0,1,0,1,0.5438,0.0007,0.3241,0.0006,0.6486,17
4888888.0,0.0,0.0,0.0,287.0,8.04122100351935,6,0,14,0,5,0.254,0.0116,0.2906,0.0843,1.043,67
19160000.000000004,0.0,0.0,0.0,479.0,17.877232859216,7,0,1,0,0,0.7907,0.0009,0.9584,0.035,0.4702,26
4600000.0,0.0,0.0,0.0,284.0,37.1591301051534,0,0,2,0,0,0.1088,0.0136,0.0487,0.0026,0.2485,9
5200000.0,0.0,0.0,0.0,269.0,39.702682203301,2,2,3,3,1,0.1088,0.0136,0.0487,0.0026,0.2485,-1
6300000.0,0.0,0.0,0.0,300.0,17.877232859216,7,0,1,0,0,0.7907,0.0009,0.9584,0.035,0.4702,26
1838400.0,0.0,0.0,0.0,383.0,38.0939229905759,1,0,5,0,0,0.4558,0.0,0.0527,0.0,1.3514,15
25000000.0,0.0,0.0,0.0,480.0,23.6369177368676,0,0,2,0,0,0.5438,0.0007,0.3241,0.0006,0.6486,17
2150000.0,0.0,0.0,0.0,500.0,30.962393907879,0,0,0,0,0,0.0734,0.0008,0.0158,0.0076,0.2389,9
2150000.0,0.0,0.0,0.0,500.0,33.8687575340188,0,0,3,0,0,0.0734,0.0008,0.0158,0.0076,0.2389,9
7000000.0,0.0,0.0,0.0,277.0,7.24267156694964,10,1,14,1,6,0.254,0.0116,0.2906,0.0843,1.043,-1
1593600.0,0.0,0.0,0.0,332.0,36.9174470320011,0,0,0,0,0,0.1218,0.0016,0.0136,0.0152,0.2777,9
10700000.0,0.0,0.0,0.0,303.0,27.0550789815397,0,0,1,0,0,0.5438,0.0007,0.3241,0.0006,0.6486,17
23596000.0,0.0,0.0,0.0,347.0,28.0240969241861,2,0,4,0,1,0.5438,0.0007,0.3241,0.0006,0.6486,17
5950000.000000001,0.0,0.0,0.0,350.0,37.4981280658715,0,0,2,0,0,0.1088,0.0136,0.0487,0.0026,0.2485,9
2650000.0,0.0,0.0,0.0,500.0,19.0664865082673,0,0,2,0,0,0.1218,0.0016,0.0136,0.0152,0.2777,9
2919000.0000000005,0.0,0.0,0.0,417.0,30.5800389185046,0,0,1,2,0,0.6885,0.0,0.0578,0.0008,1.3152,55
2847047.0,0.0,0.0,0.0,319.0,22.1043837216916,0,0,1,0,0,0.3407,0.0132,0.703,0.0155,1.4269,14
1350000.0,0.0,0.0,0.0,300.0,19.0664865082673,0,0,2,0,0,0.1218,0.0016,0.0136,0.0152,0.2777,9
1950000.0,0.0,0.0,0.0,500.0,37.9305978440548,0,0,0,0,0,0.1218,0.0016,0.0136,0.0152,0.2777,9
17200000.0,0.0,0.0,0.0,344.0,28.0240969241861,2,0,4,0,1,0.5438,0.0007,0.3241,0.0006,0.6486,17
8100000.0,0.0,0.0,0.0,300.0,19.3581379937652,12,1,9,2,5,0.7907,0.0009,0.9584,0.035,0.4702,-1
43806000.0,0.0,0.0,0.0,447.0,11.9565795898763,13,1,3,2,0,0.3407,0.0132,0.703,0.0155,1.4269,66
9440000.0,0.0,0.0,0.0,472.0,26.9482524497771,6,1,4,0,7,0.5438,0.0007,0.3241,0.0006,0.6486,-1
2700000.0,0.0,0.0,0.0,283.0,18.9286937182365,0,0,3,0,0,1.2716,0.0014,0.1551,0.0274,1.3626,30
12350000.0,0.0,0.0,0.0,325.0,29.406517824394,0,0,1,0,0,0.5438,0.0007,0.3241,0.0006,0.6486,17
20600000.000000004,0.0,0.0,0.0,312.0,4.78315566400862,2,0,7,1,3,0.3124,0.0012,0.1131,0.0053,0.3589,-1
16606000.0,0.0,0.0,0.0,437.0,17.877232859216,7,0,1,0,0,0.7907,0.0009,0.9584,0.035,0.4702,26
20350000.0,0.0,0.0,0.0,370.0,28.0240969241861,2,0,4,0,1,0.5438,0.0007,0.3241,0.0006,0.6486,17
6300000.0,0.0,0.0,0.0,349.0,37.5736740624449,2,2,1,2,4,0.1088,0.0136,0.0487,0.0026,0.2485,24
35250000.0,0.0,0.0,0.0,470.0,11.9565795898763,13,1,3,2,0,0.3407,0.0132,0.703,0.0155,1.4269,66
5500000.0,0.0,0.0,0.0,270.0,37.7024349839412,0,0,1,0,0,0.1088,0.0136,0.0487,0.0026,0.2485,9
11500000.0,0.0,0.0,0.0,420.0,17.877232859216,7,0,1,0,0,0.7907,0.0009,0.9584,0.035,0.4702,26
2200000.0,0.0,0.0,0.0,297.0,18.1963397895527,0,0,2,0,0,0.3407,0.0132,0.703,0.0155,1.4269,14
5362500.0,0.0,0.0,0.0,325.0,40.3785718386616,0,0,2,0,0,0.1088,0.0136,0.0487,0.0026,0.2485,9
4117500.0,0.0,0.0,0.0,305.0,33.1626046639721,0,0,6,0,0,0.5438,0.0007,0.3241,0.0006,0.6486,17
4500000.0,0.0,0.0,0.0,259.0,39.1098656562039,0,0,4,0,0,0.1088,0.0136,0.0487,0.0026,0.2485,9
11760000.0,0.0,0.0,0.0,420.0,17.7725091164355,2,0,1,0,0,0.7907,0.0009,0.9584,0.035,0.4702,26
6841999.999999999,0.0,0.0,0.0,311.0,17.7700857291664,2,0,1,0,0,0.7907,0.0009,0.9584,0.035,0.4702,26
1250000.0,0.0,0.0,0.0,500.0,39.8824348616406,0,0,4,0,0,0.1613,0.0,0.015,0.0007,0.3402,9
5190000.000000001,0.0,0.0,0.0,346.0,22.1043837216916,0,0,1,0,0,0.3407,0.0132,0.703,0.0155,1.4269,14
18000000.0,0.0,0.0,0.0,277.0,35.9479690462094,0,0,0,0,0,0.1088,0.0136,0.0487,0.0026,0.2485,9
9839000.0,0.0,0.0,0.0,314.0,17.877232859216,7,0,1,0,0,0.7907,0.0009,0.9584,0.035,0.4702,26
17200000.0,0.0,0.0,0.0,344.0,28.0240969241861,2,0,4,0,1,0.5438,0.0007,0.3241,0.0006,0.6486,17
49999999.99999999,0.0,0.0,0.0,285.0,10.7893769191643,1,1,2,1,4,0.3538,0.0121,0.1372,0.0301,0.947,-1
24310000.0,0.0,0.0,0.0,442.0,28.0240969241861,2,0,4,0,1,0.5438,0.0007,0.3241,0.0006,0.6486,17
15066000.0,0.0,0.0,0.0,486.0,17.877232859216,7,0,1,0,0,0.7907,0.0009,0.9584,0.035,0.4702,26
20041000.0,0.0,0.0,0.0,409.0,28.0240969241861,2,0,4,0,1,0.5438,0.0007,0.3241,0.0006,0.6486,17
25795000.0,0.0,0.0,0.0,469.0,28.0240969241861,2,0,4,0,1,0.5438,0.0007,0.3241,0.0006,0.6486,17
15699999.999999998,0.0,0.0,0.0,425.0,17.877232859216,7,0,1,0,0,0.7907,0.0009,0.9584,0.035,0.4702,26
4800000.0,0.0,0.0,0.0,280.0,37.6955579442976,0,0,4,0,1,0.1088,0.0136,0.0487,0.0026,0.2485,9
14400000.0,0.0,0.0,0.0,400.0,17.877232859216,7,0,1,0,0,0.7907,0.0009,0.9584,0.035,0.4702,26
1386000.0,0.0,0.0,0.0,280.0,20.2122856469654,1,0,5,0,0,0.3407,0.0132,0.703,0.0155,1.4269,14
12986000.0,0.0,0.0,0.0,302.0,29.406517824394,0,0,1,0,0,0.5438,0.0007,0.3241,0.0006,0.6486,17
20520000.0,0.0,0.0,0.0,380.0,26.1110877080702,0,0,1,0,1,0.5438,0.0007,0.3241,0.0006,0.6486,17
6150000.000000001,0.0,0.0,0.0,410.0,41.8902472037219,0,0,1,0,0,0.1218,0.0016,0.0136,0.0152,0.2777,9
6864000.0,0.0,0.0,0.0,312.0,17.7700857291664,2,0,1,0,0,0.7907,0.0009,0.9584,0.035,0.4702,26
8600000.0,0.0,0.0,0.0,427.0,11.6021973071414,12,1,9,0,0,0.5837,0.0121,0.1525,0.2494,1.4727,44
11850000.0,0.0,0.0,0.0,474.0,35.9479690462094,0,0,0,0,0,0.1088,0.0136,0.0487,0.0026,0.2485,9
15400000.0,0.0,0.0,0.0,308.0,6.30227169708128,0,1,9,2,1,0.254,0.0116,0.2906,0.0843,1.043,41
6500000.0,0.0,0.0,0.0,430.0,42.5688392787028,0,0,0,0,0,0.1218,0.0016,0.0136,0.0152,0.2777,9
5849999.999999999,0.0,0.0,0.0,300.0,25.1629703948562,17,0,8,4,1,0.5438,0.0007,0.3241,0.0006,0.6486,21
2500000.0,0.0,0.0,0.0,474.0,18.9911795198585,4,2,2,2,0,0.3407,0.0132,0.703,0.0155,1.4269,18
12600000.0,0.0,0.0,0.0,452.0,12.1965796701453,0,0,1,0,0,0.5837,0.0121,0.1525,0.2494,1.4727,20
13230000.0,0.0,0.0,0.0,294.0,22.6736113657936,0,0,2,0,0,0.119,0.0092,0.0505,0.0034,0.6701,19
5205000.0,0.0,0.0,0.0,347.0,23.7092699238974,0,0,0,0,0,0.3407,0.0132,0.703,0.0155,1.4269,14
3600000.0,0.0,0.0,0.0,300.0,42.5688392787028,0,0,0,0,0,0.1218,0.0016,0.0136,0.0152,0.2777,9
3000000.0,0.0,0.0,0.0,300.0,42.5688392787028,0,0,0,0,0,0.1218,0.0016,0.0136,0.0152,0.2777,9
8970000.0,0.0,0.0,0.0,390.0,35.8583543833373,0,0,0,0,0,0.1088,0.0136,0.0487,0.0026,0.2485,9
1000000.0,0.0,0.0,0.0,500.0,35.7110403457686,0,0,1,0,0,0.4236,0.0,0.0544,0.0,0.506,34
9275000.0,0.0,0.0,0.0,265.0,40.3785718386616,0,0,2,0,0,0.1088,0.0136,0.0487,0.0026,0.2485,9
9090000.0,0.0,0.0,0.0,303.0,36.2093090484105,0,0,0,0,0,0.1088,0.0136,0.0487,0.0026,0.2485,9
11975000.0,0.0,0.0,0.0,479.0,17.877232859216,7,0,1,0,0,0.7907,0.0009,0.9584,0.035,0.4702,26
4500000.0,0.0,0.0,0.0,321.0,17.4717437310338,3,0,7,0,0,0.5837,0.0121,0.1525,0.2494,1.4727,20
6785999.999999999,0.0,0.0,0.0,377.0,37.4981280658715,0,0,2,0,0,0.1088,0.0136,0.0487,0.0026,0.2485,9
21340000.0,0.0,0.0,0.0,388.0,28.0240969241861,2,0,4,0,1,0.5438,0.0007,0.3241,0.0006,0.6486,17
3250000.0,0.0,0.0,0.0,325.0,39.1098656562039,0,0,4,0,0,0.1088,0.0136,0.0487,0.0026,0.2485,9
10125000.0,0.0,0.0,0.0,375.0,38.3982004485583,0,0,2,0,0,0.1088,0.0136,0.0487,0.0026,0.2485,9
10000000.0,0.0,0.0,0.0,294.0,13.2835905668804,5,0,0,0,1,0.5837,0.0121,0.1525,0.2494,1.4727,20
8000000.0,0.0,0.0,0.0,300.0,35.8583543833373,0,0,0,0,0,0.1088,0.0136,0.0487,0.0026,0.2485,9
10800000.0,0.0,0.0,0.0,300.0,17.877232859216,7,0,1,0,0,0.7907,0.0009,0.9584,0.035,0.4702,26
12000000.0,0.0,0.0,0.0,375.0,17.877232859216,7,0,1,0,0,0.7907,0.0009,0.9584,0.035,0.4702,26
1556499.9999999995,0.0,0.0,0.0,283.0,21.6322545620415,0,0,0,0,0,0.3407,0.0132,0.703,0.0155,1.4269,14
1402499.9999999995,0.0,0.0,0.0,255.0,21.5998242624633,0,0,0,0,0,0.3407,0.0132,0.703,0.0155,1.4269,14
9160000.0,0.0,0.0,0.0,458.0,40.3785718386616,0,0,2,0,0,0.1088,0.0136,0.0487,0.0026,0.2485,9
13029000.0,0.0,0.0,0.0,303.0,29.406517824394,0,0,1,0,0,0.5438,0.0007,0.3241,0.0006,0.6486,17
23616000.0,0.0,0.0,0.0,492.0,24.0317131048872,2,0,4,0,0,0.119,0.0092,0.0505,0.0034,0.6701,19
24400000.0,0.0,0.0,0.0,488.0,28.0240969241861,2,0,4,0,1,0.5438,0.0007,0.3241,0.0006,0.6486,17
19800000.000000004,0.0,0.0,0.0,360.0,28.0240969241861,2,0,4,0,1,0.5438,0.0007,0.3241,0.0006,0.6486,17
20520000.0,0.0,0.0,0.0,380.0,28.3398402910932,1,0,0,0,1,0.5438,0.0007,0.3241,0.0006,0.6486,17
3960000.0,0.0,0.0,0.0,300.0,19.7659485925217,12,1,0,0,0,0.5837,0.0121,0.1525,0.2494,1.4727,27
2820000.0,0.0,0.0,0.0,376.0,22.1043837216916,0,0,1,0,0,0.3407,0.0132,0.703,0.0155,1.4269,14
13230000.0,0.0,0.0,0.0,294.0,24.0317131048872,2,0,4,0,0,0.119,0.0092,0.0505,0.0034,0.6701,19
6609000.0,0.0,0.0,0.0,298.0,40.5731374145635,5,0,0,1,1,0.1088,0.0136,0.0487,0.0026,0.2485,64
5700000.0,0.0,0.0,0.0,368.0,37.4981280658715,0,0,2,0,0,0.1088,0.0136,0.0487,0.0026,0.2485,9
11000000.0,0.0,0.0,0.0,335.0,25.4715324811589,0,0,1,0,1,0.5438,0.0007,0.3241,0.0006,0.6486,17
16380000.0,0.0,0.0,0.0,315.0,28.3398402910932,1,0,0,0,1,0.5438,0.0007,0.3241,0.0006,0.6486,17
7000000.0,0.0,0.0,0.0,400.0,12.1965796701453,0,0,1,0,0,0.5837,0.0121,0.1525,0.2494,1.4727,20
7125000.0,0.0,0.0,0.0,285.0,37.2118046780445,2,1,3,2,4,0.1088,0.0136,0.0487,0.0026,0.2485,47
8160000.0,0.0,0.0,0.0,255.0,25.0430007267306,0,0,3,0,0,0.5438,0.0007,0.3241,0.0006,0.6486,17
2112000.0,0.0,0.0,0.0,264.0,16.7073477839803,1,0,2,0,0,0.3407,0.0132,0.703,0.0155,1.4269,14
21526000.0,0.0,0.0,0.0,270.0,9.16683729055828,3,0,4,0,2,0.3538,0.0121,0.1372,0.0301,0.947,54
5500000.0,0.0,0.0,0.0,360.0,44.1829170234738,2,1,4,0,1,0.1218,0.0016,0.0136,0.0152,0.2777,43
17200000.0,0.0,0.0,0.0,344.0,28.0240969241861,2,0,4,0,1,0.5438,0.0007,0.3241,0.0006,0.6486,17
1920000.0,0.0,0.0,0.0,400.0,29.2961173103009,0,0,1,0,0,0.0734,0.0008,0.0158,0.0076,0.2389,9
9000000.0,0.0,0.0,0.0,300.0,26.1110877080702,0,0,1,0,1,0.5438,0.0007,0.3241,0.0006,0.6486,17
16575000.0,0.0,0.0,0.0,425.0,20.080852301341,13,1,10,0,1,0.7907,0.0009,0.9584,0.035,0.4702,63
43806000.0,0.0,0.0,0.0,447.0,11.9565795898763,13,1,3,2,0,0.3407,0.0132,0.703,0.0155,1.4269,66
2612500.0,0.0,0.0,0.0,475.0,20.9407512817276,0,0,2,0,0,0.3407,0.0132,0.703,0.0155,1.4269,14
7326000.000000002,0.0,0.0,0.0,407.0,36.2622306611835,3,0,2,0,0,0.1088,0.0136,0.0487,0.0026,0.2485,9
11931000.0,0.0,0.0,0.0,291.0,29.406517824394,0,0,1,0,0,0.5438,0.0007,0.3241,0.0006,0.6486,17
13125000.0,0.0,0.0,0.0,375.0,38.3982004485583,0,0,2,0,0,0.1088,0.0136,0.0487,0.0026,0.2485,9
7800000.0,0.0,0.0,0.0,300.0,17.877232859216,7,0,1,0,0,0.7907,0.0009,0.9584,0.035,0.4702,26
3600000.0,0.0,0.0,0.0,300.0,37.2016273329945,0,0,3,0,1,0.1088,0.0136,0.0487,0.0026,0.2485,9
4500000.0,0.0,0.0,0.0,300.0,36.2622306611835,3,0,2,0,0,0.1088,0.0136,0.0487,0.0026,0.2485,9
23500000.0,0.0,0.0,0.0,411.0,9.43386668635108,0,0,1,0,0,0.254,0.0116,0.2906,0.0843,1.043,10
6825200.000000001,0.0,0.0,0.0,302.0,37.5736740624449,2,2,1,2,4,0.1088,0.0136,0.0487,0.0026,0.2485,24
11200000.0,0.0,0.0,0.0,320.0,9.70837453757768,0,0,3,0,0,0.3407,0.0132,0.703,0.0155,1.4269,14
22000000.0,0.0,0.0,0.0,411.0,9.43386668635108,0,0,1,0,0,0.254,0.0116,0.2906,0.0843,1.043,10
6900000.0,0.0,0.0,0.0,450.0,39.3851756544963,0,2,1,0,1,0.1088,0.0136,0.0487,0.0026,0.2485,-1
2400000.0,0.0,0.0,0.0,500.0,33.8687575340188,0,0,3,0,0,0.0734,0.0008,0.0158,0.0076,0.2389,9
7500000.0,0.0,0.0,0.0,300.0,35.8583543833373,0,0,0,0,0,0.1088,0.0136,0.0487,0.0026,0.2485,9
10233000.0,0.0,0.0,0.0,379.0,17.877232859216,7,0,1,0,0,0.7907,0.0009,0.9584,0.035,0.4702,26
15699999.999999998,0.0,0.0,0.0,425.0,17.877232859216,7,0,1,0,0,0.7907,0.0009,0.9584,0.035,0.4702,26
2250000.0,0.0,0.0,0.0,500.0,19.0664865082673,0,0,2,0,0,0.1218,0.0016,0.0136,0.0152,0.2777,9
2250000.0,0.0,0.0,0.0,500.0,33.8687575340188,0,0,3,0,0,0.0734,0.0008,0.0158,0.0076,0.2389,9
3500000.0,0.0,0.0,0.0,350.0,32.2825130179698,0,0,2,0,0,0.6885,0.0,0.0578,0.0008,1.3152,8
1750000.0,0.0,0.0,0.0,500.0,30.962393907879,0,0,0,0,0,0.0734,0.0008,0.0158,0.0076,0.2389,9
11123999.999999998,0.0,0.0,0.0,412.0,17.877232859216,7,0,1,0,0,0.7907,0.0009,0.9584,0.035,0.4702,26
1650000.0,0.0,0.0,0.0,300.0,39.3461641136034,0,0,1,0,0,0.1218,0.0016,0.0136,0.0152,0.2777,9
2000000.0,0.0,0.0,0.0,500.0,30.5800389185046,0,0,1,2,0,0.6885,0.0,0.0578,0.0008,1.3152,55
9090000.0,0.0,0.0,0.0,303.0,35.9450661412692,0,0,2,0,0,0.1088,0.0136,0.0487,0.0026,0.2485,9
2250000.0,0.0,0.0,0.0,500.0,40.6303510698566,0,0,1,0,0,0.1218,0.0016,0.0136,0.0152,0.2777,9
6750000.000000001,0.0,0.0,0.0,259.0,17.877232859216,7,0,1,0,0,0.7907,0.0009,0.9584,0.035,0.4702,26
1750000.0,0.0,0.0,0.0,500.0,35.2678463879437,0,0,2,0,0,0.6064,0.0034,0.1271,0.1166,0.8427,57
2250000.0,0.0,0.0,0.0,500.0,40.6303510698566,0,0,1,0,0,0.1218,0.0016,0.0136,0.0152,0.2777,9
20000000.0,0.0,0.0,0.0,500.0,28.0240969241861,2,0,4,0,1,0.5438,0.0007,0.3241,0.0006,0.6486,17
11817000.0,0.0,0.0,0.0,303.0,27.0550789815397,0,0,1,0,0,0.5438,0.0007,0.3241,0.0006,0.6486,17
1750000.0,0.0,0.0,0.0,500.0,38.5912020719823,0,0,2,0,0,0.6064,0.0034,0.1271,0.1166,0.8427,57
1350000.0,0.0,0.0,0.0,300.0,28.8555025546615,0,0,1,0,0,0.0734,0.0008,0.0158,0.0076,0.2389,9
1400000.0,0.0,0.0,0.0,500.0,38.7356366650175,0,0,0,0,0,0.1613,0.0,0.015,0.0007,0.3402,9
9090000.0,0.0,0.0,0.0,303.0,35.9450661412692,0,0,2,0,0,0.1088,0.0136,0.0487,0.0026,0.2485,9
2150000.0,0.0,0.0,0.0,500.0,33.8687575340188,0,0,3,0,0,0.0734,0.0008,0.0158,0.0076,0.2389,9
1440000.0,0.0,0.0,0.0,300.0,36.9174470320011,0,0,0,0,0,0.1218,0.0016,0.0136,0.0152,0.2777,9
12717000.0,0.0,0.0,0.0,471.0,17.877232859216,7,0,1,0,0,0.7907,0.0009,0.9584,0.035,0.4702,26
12675000.0,0.0,0.0,0.0,325.0,27.0550789815397,0,0,1,0,0,0.5438,0.0007,0.3241,0.0006,0.6486,17
11349000.0,0.0,0.0,0.0,291.0,27.0550789815397,0,0,1,0,0,0.5438,0.0007,0.3241,0.0006,0.6486,17
10920000.0,0.0,0.0,0.0,420.0,17.877232859216,7,0,1,0,0,0.7907,0.0009,0.9584,0.035,0.4702,26
13149000.0,0.0,0.0,0.0,487.0,17.877232859216,7,0,1,0,0,0.7907,0.0009,0.9584,0.035,0.4702,26
12501000.0,0.0,0.0,0.0,463.0,17.877232859216,7,0,1,0,0,0.7907,0.0009,0.9584,0.035,0.4702,26
9090000.0,0.0,0.0,0.0,303.0,35.7123582293428,0,0,2,0,0,0.1088,0.0136,0.0487,0.0026,0.2485,9
1350000.0,0.0,0.0,0.0,300.0,42.2821425842408,0,0,1,0,0,0.1218,0.0016,0.0136,0.0152,0.2777,9
4572000.0,0.0,0.0,0.0,254.0,36.8096328108511,0,0,6,0,0,0.1088,0.0136,0.0487,0.0026,0.2485,9
6060000.0,0.0,0.0,0.0,300.0,36.8096328108511,0,0,6,0,0,0.1088,0.0136,0.0487,0.0026,0.2485,9
3750000.0,0.0,0.0,0.0,500.0,38.4207214825189,0,0,3,0,0,0.1088,0.0136,0.0487,0.0026,0.2485,9
1600000.0,0.0,0.0,0.0,500.0,39.6985488616615,0,0,2,0,0,0.1218,0.0016,0.0136,0.0152,0.2777,9
18200000.0,0.0,0.0,0.0,434.0,6.11837029382811,0,0,8,0,1,0.254,0.0116,0.2906,0.0843,1.043,31
13800000.0,0.0,0.0,0.0,252.0,9.43386668635108,0,0,1,0,0,0.254,0.0116,0.2906,0.0843,1.043,10
31213000.0,0.0,0.0,0.0,394.0,35.9479690462094,0,0,0,0,0,0.1088,0.0136,0.0487,0.0026,0.2485,9
9000000.0,0.0,0.0,0.0,302.0,26.1110877080702,0,0,1,0,1,0.5438,0.0007,0.3241,0.0006,0.6486,17
23667000.0,0.0,0.0,0.0,411.0,36.15297392146,0,0,1,0,0,0.1088,0.0136,0.0487,0.0026,0.2485,9
14695000.0,0.0,0.0,0.0,303.0,9.43386668635108,0,0,1,0,0,0.254,0.0116,0.2906,0.0843,1.043,10
13500000.0,0.0,0.0,0.0,252.0,9.43386668635108,0,0,1,0,0,0.254,0.0116,0.2906,0.0843,1.043,10
29669000.0,0.0,0.0,0.0,344.0,35.9479690462094,0,0,0,0,0,0.1088,0.0136,0.0487,0.0026,0.2485,9
1638000.0,0.0,0.0,0.0,252.0,25.1915006025938,4,0,4,0,0,0.5438,0.0007,0.3241,0.0006,0.6486,17
11088000.0,0.0,0.0,0.0,319.0,27.0550789815397,0,0,1,0,0,0.5438,0.0007,0.3241,0.0006,0.6486,17
7500000.0,0.0,0.0,0.0,336.0,37.6955579442976,0,0,4,0,1,0.1088,0.0136,0.0487,0.0026,0.2485,9
18800000.0,0.0,0.0,0.0,397.0,9.43386668635108,0,0,1,0,0,0.254,0.0116,0.2906,0.0843,1.043,10
13500000.0,0.0,0.0,0.0,295.0,9.43386668635108,0,0,1,0,0,0.254,0.0116,0.2906,0.0843,1.043,10
19800000.000000004,0.0,0.0,0.0,360.0,9.43386668635108,0,0,1,0,0,0.254,0.0116,0.2906,0.0843,1.043,10
41999999.99999999,0.0,0.0,0.0,292.0,9.16683729055828,3,0,4,0,2,0.3538,0.0121,0.1372,0.0301,0.947,54
17800000.0,0.0,0.0,0.0,364.0,9.43386668635108,0,0,1,0,0,0.254,0.0116,0.2906,0.0843,1.043,10
19888000.0,0.0,0.0,0.0,320.0,6.07646617850628,1,0,5,0,0,0.3124,0.0012,0.1131,0.0053,0.3589,59
29669000.0,0.0,0.0,0.0,344.0,37.1223648512146,0,0,0,0,0,0.1088,0.0136,0.0487,0.0026,0.2485,9
6571000.0,0.0,0.0,0.0,300.0,7.97481167591801,8,0,15,0,5,0.254,0.0116,0.2906,0.0843,1.043,67
3378000.0,0.0,0.0,0.0,270.0,10.1429211398852,2,0,3,0,1,0.254,0.0116,0.2906,0.0843,1.043,10
5100000.0,0.0,0.0,0.0,300.0,37.7024349839412,0,0,1,0,0,0.1088,0.0136,0.0487,0.0026,0.2485,9
30672000.0,0.0,0.0,0.0,426.0,35.9479690462094,0,0,0,0,0,0.1088,0.0136,0.0487,0.0026,0.2485,9
8603000.0,0.0,0.0,0.0,273.0,6.04094733764193,9,1,5,2,1,0.254,0.0116,0.2906,0.0843,1.043,-1
4500000.0,0.0,0.0,0.0,300.0,23.4233384568079,0,0,1,2,0,0.5438,0.0007,0.3241,0.0006,0.6486,22
4564000.0,0.0,0.0,0.0,270.0,39.1098656562039,0,0,4,0,0,0.1088,0.0136,0.0487,0.0026,0.2485,9
8500000.0,0.0,0.0,0.0,500.0,17.753432497686,1,0,6,0,0,0.5837,0.0121,0.1525,0.2494,1.4727,20
5950000.000000001,0.0,0.0,0.0,350.0,39.1947965189797,2,1,6,3,0,0.1088,0.0136,0.0487,0.0026,0.2485,11
5685000.0,0.0,0.0,0.0,352.0,11.6021973071414,12,1,9,0,0,0.5837,0.0121,0.1525,0.2494,1.4727,44
6150000.000000001,0.0,0.0,0.0,300.0,15.6013099944115,29,2,14,4,13,0.0141,0.2089,0.0335,0.0034,0.0981,-1
5280000.0,0.0,0.0,0.0,352.0,11.6021973071414,12,1,9,0,0,0.5837,0.0121,0.1525,0.2494,1.4727,44
8000000.0,0.0,0.0,0.0,400.0,12.1965796701453,0,0,1,0,0,0.5837,0.0121,0.1525,0.2494,1.4727,20
14691999.999999998,0.0,0.0,0.0,308.0,27.2729909496409,0,0,1,0,0,0.5438,0.0007,0.3241,0.0006,0.6486,17
44000000.0,0.0,0.0,0.0,316.0,9.16683729055828,3,0,4,0,2,0.3538,0.0121,0.1372,0.0301,0.947,54
4460000.0,0.0,0.0,0.0,446.0,42.0348995346874,1,0,5,0,0,0.1218,0.0016,0.0136,0.0152,0.2777,9
7649999.999999998,0.0,0.0,0.0,450.0,9.99813308181819,10,0,1,1,0,0.3538,0.0121,0.1372,0.0301,0.947,-1
18000000.0,0.0,0.0,0.0,427.0,23.4236856291702,8,0,3,1,0,0.5438,0.0007,0.3241,0.0006,0.6486,-1
4117500.0,0.0,0.0,0.0,305.0,26.1227954549035,11,0,12,6,3,0.5438,0.0007,0.3241,0.0006,0.6486,-1
16296429.0,0.0,0.0,0.0,312.0,14.4998298722405,0,0,4,1,0,1.2716,0.0014,0.1551,0.0274,1.3626,12
6500000.0,0.0,0.0,0.0,383.0,35.8583543833373,0,0,0,0,0,0.1088,0.0136,0.0487,0.0026,0.2485,9
31000000.000000004,0.0,0.0,0.0,394.0,35.9479690462094,0,0,0,0,0,0.1088,0.0136,0.0487,0.0026,0.2485,9
28961000.0,0.0,0.0,0.0,344.0,35.9479690462094,0,0,0,0,0,0.1088,0.0136,0.0487,0.0026,0.2485,9
28000000.0,0.0,0.0,0.0,327.0,35.9479690462094,0,0,0,0,0,0.1088,0.0136,0.0487,0.0026,0.2485,9
36382000.0,0.0,0.0,0.0,423.0,35.9479690462094,0,0,0,0,0,0.1088,0.0136,0.0487,0.0026,0.2485,9
29950000.0,0.0,0.0,0.0,394.0,35.9479690462094,0,0,0,0,0,0.1088,0.0136,0.0487,0.0026,0.2485,9
4380600.0,0.0,0.0,0.0,294.0,29.7258434061065,0,0,2,0,0,0.5438,0.0007,0.3241,0.0006,0.6486,17
1750000.0,0.0,0.0,0.0,500.0,33.8090495186888,0,0,0,0,0,0.0734,0.0008,0.0158,0.0076,0.2389,9
1500000.0,0.0,0.0,0.0,500.0,33.8090495186888,0,0,0,0,0,0.0734,0.0008,0.0158,0.0076,0.2389,9
20518000.0,0.0,0.0,0.0,371.0,35.9479690462094,0,0,0,0,0,0.1088,0.0136,0.0487,0.0026,0.2485,9
1200000.0,0.0,0.0,0.0,500.0,27.5790192996133,0,0,0,0,0,0.0734,0.0008,0.0158,0.0076,0.2389,9
1200000.0,0.0,0.0,0.0,500.0,27.5790192996133,0,0,0,0,0,0.0734,0.0008,0.0158,0.0076,0.2389,9
1750000.0,0.0,0.0,0.0,500.0,33.8090495186888,0,0,0,0,0,0.0734,0.0008,0.0158,0.0076,0.2389,9
2500000.0,0.0,0.0,0.0,500.0,31.3369702380947,1,0,3,1,1,0.0734,0.0008,0.0158,0.0076,0.2389,9
6430000.000000001,0.0,0.0,0.0,272.0,37.4981280658715,0,0,2,0,0,0.1088,0.0136,0.0487,0.0026,0.2485,9
14972100.0,0.0,0.0,0.0,750.0,18.9689599299641,0,0,3,0,0,1.2716,0.0014,0.1551,0.0274,1.3626,30
24937500.0,0.0,0.0,0.0,525.0,13.2835905668804,5,0,0,0,1,0.5837,0.0121,0.1525,0.2494,1.4727,20
40000000.0,0.0,0.0,0.0,842.0,13.2835905668804,5,0,0,0,1,0.5837,0.0121,0.1525,0.2494,1.4727,20
16200000.0,0.0,0.0,0.0,600.0,23.4233384568079,0,0,1,2,0,0.5438,0.0007,0.3241,0.0006,0.6486,22
38794400.0,0.0,0.0,0.0,683.0,13.2835905668804,5,0,0,0,1,0.5837,0.0121,0.1525,0.2494,1.4727,20
24500000.0,0.0,0.0,0.0,729.0,17.877232859216,7,0,1,0,0,0.7907,0.0009,0.9584,0.035,0.4702,26
2800000.0,0.0,0.0,600.0,600.0,30.962393907879,0,0,0,0,0,0.0734,0.0008,0.0158,0.0076,0.2389,-1
3060000.0,0.0,0.0,0.0,510.0,40.90884504313,0,0,0,0,0,0.1218,0.0016,0.0136,0.0152,0.2777,9
20541000.0,0.0,0.0,0.0,737.0,19.263851248999,10,0,6,0,3,0.7907,0.0009,0.9584,0.035,0.4702,28
3066000.0,0.0,0.0,0.0,511.0,40.90884504313,0,0,0,0,0,0.1218,0.0016,0.0136,0.0152,0.2777,9
178819000.0,0.0,0.0,0.0,564.0,7.20543583428759,0,1,0,1,1,0.3124,0.0012,0.1131,0.0053,0.3589,45
42733200.0,0.0,0.0,0.0,717.0,13.2835905668804,5,0,0,0,1,0.5837,0.0121,0.1525,0.2494,1.4727,20
27830000.0,0.0,0.0,0.0,550.0,13.2835905668804,5,0,0,0,1,0.5837,0.0121,0.1525,0.2494,1.4727,20
27170000.0,0.0,0.0,0.0,715.0,17.877232859216,7,0,1,0,0,0.7907,0.0009,0.9584,0.035,0.4702,26
5635500.0,0.0,0.0,0.0,663.0,22.1043837216916,0,0,1,0,0,0.3407,0.0132,0.703,0.0155,1.4269,14
2100000.0,0.0,0.0,600.0,600.0,39.3461641136034,0,0,1,0,0,0.1218,0.0016,0.0136,0.0152,0.2777,-1
3132000.0,0.0,0.0,0.0,522.0,40.90884504313,0,0,0,0,0,0.1218,0.0016,0.0136,0.0152,0.2777,9
31934821.0,0.0,0.0,0.0,652.0,27.0550789815397,0,0,1,0,0,0.5438,0.0007,0.3241,0.0006,0.6486,17
28474500.0,0.0,0.0,0.0,615.0,27.0550789815397,0,0,1,0,0,0.5438,0.0007,0.3241,0.0006,0.6486,17
29000000.0,0.0,0.0,0.0,580.0,26.1110877080702,0,0,1,0,1,0.5438,0.0007,0.3241,0.0006,0.6486,17
29355000.0,0.0,0.0,0.0,618.0,13.2835905668804,5,0,0,0,1,0.5837,0.0121,0.1525,0.2494,1.4727,20
24000000.0,0.0,0.0,0.0,600.0,17.877232859216,7,0,1,0,0,0.7907,0.0009,0.9584,0.035,0.4702,26
33000000.0,0.0,0.0,0.0,507.0,26.1110877080702,0,0,1,0,1,0.5438,0.0007,0.3241,0.0006,0.6486,17
29460000.0,0.0,0.0,0.0,600.0,13.2835905668804,5,0,0,0,1,0.5837,0.0121,0.1525,0.2494,1.4727,20
65000000.0,0.0,0.0,0.0,750.0,40.3785718386616,0,0,2,0,0,0.1088,0.0136,0.0487,0.0026,0.2485,9
25350000.0,0.0,0.0,0.0,507.0,28.0240969241861,2,0,4,0,1,0.5438,0.0007,0.3241,0.0006,0.6486,17
39362500.0,0.0,0.0,0.0,700.0,21.0546683822257,4,0,0,0,0,0.7907,0.0009,0.9584,0.035,0.4702,26
36725000.0,0.0,0.0,0.0,650.0,13.2835905668804,5,0,0,0,1,0.5837,0.0121,0.1525,0.2494,1.4727,20
37704911.0,0.0,0.0,0.0,705.0,21.0546683822257,4,0,0,0,0,0.7907,0.0009,0.9584,0.035,0.4702,26
25627000.0,0.0,0.0,0.0,523.0,26.1110877080702,0,0,1,0,1,0.5438,0.0007,0.3241,0.0006,0.6486,17
35685000.0,0.0,0.0,0.0,793.0,6.03577360461932,1,0,7,2,0,0.3124,0.0012,0.1131,0.0053,0.3589,60
43899100.0,0.0,0.0,0.0,833.0,13.2835905668804,5,0,0,0,1,0.5837,0.0121,0.1525,0.2494,1.4727,20
62640000.00000001,0.0,0.0,0.0,522.0,8.17941787125434,0,0,9,0,0,0.3538,0.0121,0.1372,0.0301,0.947,54
15081000.0,0.0,0.0,0.0,519.0,17.877232859216,7,0,1,0,0,0.7907,0.0009,0.9584,0.035,0.4702,26
16499999.999999998,0.0,0.0,0.0,550.0,10.9201043381897,0,0,1,0,0,0.3407,0.0132,0.703,0.0155,1.4269,14
33380000.0,0.0,0.0,0.0,511.0,8.50515694452222,3,0,10,0,0,0.254,0.0116,0.2906,0.0843,1.043,31
43470000.0,0.0,0.0,0.0,966.0,17.877232859216,7,0,1,0,0,0.7907,0.0009,0.9584,0.035,0.4702,26
8200000.0,0.0,0.0,0.0,902.0,18.9286937182365,0,0,3,0,0,1.2716,0.0014,0.1551,0.0274,1.3626,30
3096000.0,0.0,0.0,0.0,516.0,40.90884504313,0,0,0,0,0,0.1218,0.0016,0.0136,0.0152,0.2777,9
3600000.0,0.0,0.0,0.0,804.0,29.2961173103009,0,0,1,0,0,0.0734,0.0008,0.0158,0.0076,0.2389,9
8965800.0,0.0,0.0,0.0,586.0,22.1043837216916,0,0,1,0,0,0.3407,0.0132,0.703,0.0155,1.4269,14
22800000.0,0.0,0.0,0.0,600.0,17.877232859216,7,0,1,0,0,0.7907,0.0009,0.9584,0.035,0.4702,26
40922000.0,0.0,0.0,0.0,640.0,13.2835905668804,5,0,0,0,1,0.5837,0.0121,0.1525,0.2494,1.4727,20
42733200.0,0.0,0.0,0.0,717.0,13.2835905668804,5,0,0,0,1,0.5837,0.0121,0.1525,0.2494,1.4727,20
29460000.0,0.0,0.0,0.0,600.0,13.2835905668804,5,0,0,0,1,0.5837,0.0121,0.1525,0.2494,1.4727,20
43899100.0,0.0,0.0,0.0,833.0,13.2835905668804,5,0,0,0,1,0.5837,0.0121,0.1525,0.2494,1.4727,20
29460000.0,0.0,0.0,0.0,600.0,13.2835905668804,5,0,0,0,1,0.5837,0.0121,0.1525,0.2494,1.4727,20
48705000.0,0.0,0.0,0.0,850.0,13.2835905668804,5,0,0,0,1,0.5837,0.0121,0.1525,0.2494,1.4727,20
30478500.0,0.0,0.0,0.0,585.0,13.2835905668804,5,0,0,0,1,0.5837,0.0121,0.1525,0.2494,1.4727,20
26312000.0,0.0,0.0,0.0,520.0,13.2835905668804,5,0,0,0,1,0.5837,0.0121,0.1525,0.2494,1.4727,20
38850000.0,0.0,0.0,0.0,518.0,9.43386668635108,0,0,1,0,0,0.254,0.0116,0.2906,0.0843,1.043,10
37704911.0,0.0,0.0,0.0,705.0,21.0546683822257,4,0,0,0,0,0.7907,0.0009,0.9584,0.035,0.4702,26
31388000.0,0.0,0.0,0.0,590.0,27.0550789815397,0,0,1,0,0,0.5438,0.0007,0.3241,0.0006,0.6486,17
10000000.0,0.0,0.0,0.0,903.0,29.393218917082,0,0,1,0,0,0.5438,0.0007,0.3241,0.0006,0.6486,17
39362500.0,0.0,0.0,0.0,700.0,21.0546683822257,4,0,0,0,0,0.7907,0.0009,0.9584,0.035,0.4702,26
38794400.0,0.0,0.0,0.0,683.0,13.2835905668804,5,0,0,0,1,0.5837,0.0121,0.1525,0.2494,1.4727,20
34194000.0,0.0,0.0,0.0,615.0,27.0550789815397,0,0,1,0,0,0.5438,0.0007,0.3241,0.0006,0.6486,17
33836800.0,0.0,0.0,0.0,728.0,13.2835905668804,5,0,0,0,1,0.5837,0.0121,0.1525,0.2494,1.4727,20
33000000.0,0.0,0.0,0.0,600.0,13.2835905668804,5,0,0,0,1,0.5837,0.0121,0.1525,0.2494,1.4727,20
34099500.0,0.0,0.0,0.0,633.0,27.0550789815397,0,0,1,0,0,0.5438,0.0007,0.3241,0.0006,0.6486,17
21288000.0,0.0,0.0,0.0,887.0,42.5688392787028,0,0,0,0,0,0.1218,0.0016,0.0136,0.0152,0.2777,9
35750000.0,0.0,0.0,0.0,650.0,13.2835905668804,5,0,0,0,1,0.5837,0.0121,0.1525,0.2494,1.4727,20
33901200.0,0.0,0.0,0.0,657.0,13.2835905668804,5,0,0,0,1,0.5837,0.0121,0.1525,0.2494,1.4727,20
37710000.0,0.0,0.0,0.0,838.0,17.877232859216,7,0,1,0,0,0.7907,0.0009,0.9584,0.035,0.4702,26
37545000.0,0.0,0.0,0.0,702.0,17.877232859216,7,0,1,0,0,0.7907,0.0009,0.9584,0.035,0.4702,26
22308000.0,0.0,0.0,0.0,507.0,28.0240969241861,2,0,4,0,1,0.5438,0.0007,0.3241,0.0006,0.6486,17
3024000.0,0.0,0.0,0.0,504.0,40.90884504313,0,0,0,0,0,0.1218,0.0016,0.0136,0.0152,0.2777,9
3066000.0,0.0,0.0,0.0,511.0,40.90884504313,0,0,0,0,0,0.1218,0.0016,0.0136,0.0152,0.2777,9
3012000.0,0.0,0.0,0.0,502.0,40.90884504313,0,0,0,0,0,0.1218,0.0016,0.0136,0.0152,0.2777,9
3060000.0,0.0,0.0,0.0,510.0,40.90884504313,0,0,0,0,0,0.1218,0.0016,0.0136,0.0152,0.2777,9
28890000.0,0.0,0.0,0.0,642.0,28.0240969241861,2,0,4,0,1,0.5438,0.0007,0.3241,0.0006,0.6486,17
9850000.0,0.0,0.0,0.0,985.0,37.2683283786538,2,1,3,2,4,0.1088,0.0136,0.0487,0.0026,0.2485,47
3030000.0,0.0,0.0,0.0,505.0,40.90884504313,0,0,0,0,0,0.1218,0.0016,0.0136,0.0152,0.2777,9
3000000.0,0.0,0.0,0.0,510.0,40.90884504313,0,0,0,0,0,0.1218,0.0016,0.0136,0.0152,0.2777,9
3060000.0,0.0,0.0,0.0,510.0,40.90884504313,0,0,0,0,0,0.1218,0.0016,0.0136,0.0152,0.2777,9
4200000.0,0.0,0.0,0.0,700.0,40.90884504313,0,0,0,0,0,0.1218,0.0016,0.0136,0.0152,0.2777,9
3054000.0,0.0,0.0,0.0,509.0,40.90884504313,0,0,0,0,0,0.1218,0.0016,0.0136,0.0152,0.2777,9
3294000.0,0.0,0.0,0.0,549.0,40.90884504313,0,0,0,0,0,0.1218,0.0016,0.0136,0.0152,0.2777,9
3282000.0,0.0,0.0,0.0,547.0,40.90884504313,0,0,0,0,0,0.1218,0.0016,0.0136,0.0152,0.2777,9
3126000.0,0.0,0.0,0.0,521.0,40.90884504313,0,0,0,0,0,0.1218,0.0016,0.0136,0.0152,0.2777,9
3060000.0,0.0,0.0,0.0,510.0,40.90884504313,0,0,0,0,0,0.1218,0.0016,0.0136,0.0152,0.2777,9
3294000.0,0.0,0.0,0.0,549.0,40.90884504313,0,0,0,0,0,0.1218,0.0016,0.0136,0.0152,0.2777,9
3036000.0,0.0,0.0,0.0,506.0,40.90884504313,0,0,0,0,0,0.1218,0.0016,0.0136,0.0152,0.2777,9
3006000.0,0.0,0.0,0.0,501.0,40.90884504313,0,0,0,0,0,0.1218,0.0016,0.0136,0.0152,0.2777,9
3042000.0,0.0,0.0,0.0,507.0,40.90884504313,0,0,0,0,0,0.1218,0.0016,0.0136,0.0152,0.2777,9
3312000.0,0.0,0.0,0.0,552.0,40.90884504313,0,0,0,0,0,0.1218,0.0016,0.0136,0.0152,0.2777,9
3294000.0,0.0,0.0,0.0,549.0,40.90884504313,0,0,0,0,0,0.1218,0.0016,0.0136,0.0152,0.2777,9
3102000.0,0.0,0.0,0.0,517.0,40.90884504313,0,0,0,0,0,0.1218,0.0016,0.0136,0.0152,0.2777,9
23445000.0,0.0,0.0,0.0,521.0,28.0240969241861,2,0,4,0,1,0.5438,0.0007,0.3241,0.0006,0.6486,17
31440000.0,0.0,0.0,0.0,524.0,28.0240969241861,2,0,4,0,1,0.5438,0.0007,0.3241,0.0006,0.6486,17
27150000.0,0.0,0.0,0.0,543.0,28.0240969241861,2,0,4,0,1,0.5438,0.0007,0.3241,0.0006,0.6486,17
28900000.0,0.0,0.0,0.0,578.0,28.0240969241861,2,0,4,0,1,0.5438,0.0007,0.3241,0.0006,0.6486,17
3102000.0,0.0,0.0,0.0,517.0,40.90884504313,0,0,0,0,0,0.1218,0.0016,0.0136,0.0152,0.2777,9
3006000.0,0.0,0.0,0.0,502.0,40.90884504313,0,0,0,0,0,0.1218,0.0016,0.0136,0.0152,0.2777,9
3024000.0,0.0,0.0,0.0,504.0,40.90884504313,0,0,0,0,0,0.1218,0.0016,0.0136,0.0152,0.2777,9
10835000.0,0.0,0.0,0.0,985.0,34.397361158154,0,0,2,0,0,0.5438,0.0007,0.3241,0.0006,0.6486,17
46320000.00000001,0.0,0.0,0.0,772.0,28.0240969241861,2,0,4,0,1,0.5438,0.0007,0.3241,0.0006,0.6486,17
3036000.0,0.0,0.0,0.0,506.0,40.90884504313,0,0,0,0,0,0.1218,0.0016,0.0136,0.0152,0.2777,9
3030000.0,0.0,0.0,0.0,505.0,40.90884504313,0,0,0,0,0,0.1218,0.0016,0.0136,0.0152,0.2777,9
3006000.0,0.0,0.0,0.0,501.0,40.90884504313,0,0,0,0,0,0.1218,0.0016,0.0136,0.0152,0.2777,9
3024000.0,0.0,0.0,0.0,504.0,40.90884504313,0,0,0,0,0,0.1218,0.0016,0.0136,0.0152,0.2777,9
3288000.0,0.0,0.0,0.0,548.0,40.90884504313,0,0,0,0,0,0.1218,0.0016,0.0136,0.0152,0.2777,9
3018000.0,0.0,0.0,0.0,503.0,40.90884504313,0,0,0,0,0,0.1218,0.0016,0.0136,0.0152,0.2777,9
3060000.0,0.0,0.0,0.0,510.0,40.90884504313,0,0,0,0,0,0.1218,0.0016,0.0136,0.0152,0.2777,9
3282000.0,0.0,0.0,0.0,547.0,40.90884504313,0,0,0,0,0,0.1218,0.0016,0.0136,0.0152,0.2777,9
3018000.0,0.0,0.0,0.0,503.0,40.90884504313,0,0,0,0,0,0.1218,0.0016,0.0136,0.0152,0.2777,9
3066000.0,0.0,0.0,0.0,552.0,40.90884504313,0,0,0,0,0,0.1218,0.0016,0.0136,0.0152,0.2777,9
3048000.0,0.0,0.0,0.0,508.0,40.90884504313,0,0,0,0,0,0.1218,0.0016,0.0136,0.0152,0.2777,9
13064000.0,0.0,0.0,0.0,568.0,28.0240969241861,2,0,4,0,1,0.5438,0.0007,0.3241,0.0006,0.6486,17
21252000.0,0.0,0.0,0.0,506.0,17.877232859216,7,0,1,0,0,0.7907,0.0009,0.9584,0.035,0.4702,26
178520000.0,0.0,0.0,0.0,871.0,15.2105601369867,25,0,23,9,1,0.5837,0.0121,0.1525,0.2494,1.4727,42
32200000.0,0.0,0.0,0.0,644.0,28.0240969241861,2,0,4,0,1,0.5438,0.0007,0.3241,0.0006,0.6486,17
49630000.0,0.0,0.0,0.0,709.0,28.0240969241861,2,0,4,0,1,0.5438,0.0007,0.3241,0.0006,0.6486,17
32116000.0,0.0,0.0,0.0,620.0,13.2835905668804,5,0,0,0,1,0.5837,0.0121,0.1525,0.2494,1.4727,20
7220300.0,0.0,0.0,0.0,750.0,18.9286937182365,0,0,3,0,0,1.2716,0.0014,0.1551,0.0274,1.3626,30
38505000.0,0.0,0.0,0.0,580.0,11.9565795898763,13,1,3,2,0,0.3407,0.0132,0.703,0.0155,1.4269,66
21275000.0,0.0,0.0,0.0,506.0,17.877232859216,7,0,1,0,0,0.7907,0.0009,0.9584,0.035,0.4702,26
3102000.0,0.0,0.0,0.0,517.0,40.90884504313,0,0,0,0,0,0.1218,0.0016,0.0136,0.0152,0.2777,9
3048000.0,0.0,0.0,0.0,508.0,40.90884504313,0,0,0,0,0,0.1218,0.0016,0.0136,0.0152,0.2777,9
3294000.0,0.0,0.0,0.0,549.0,40.90884504313,0,0,0,0,0,0.1218,0.0016,0.0136,0.0152,0.2777,9
3120000.0,0.0,0.0,0.0,520.0,40.90884504313,0,0,0,0,0,0.1218,0.0016,0.0136,0.0152,0.2777,9
3132000.0,0.0,0.0,0.0,522.0,40.90884504313,0,0,0,0,0,0.1218,0.0016,0.0136,0.0152,0.2777,9
13440000.0,0.0,0.0,0.0,560.0,26.1110877080702,0,0,1,0,1,0.5438,0.0007,0.3241,0.0006,0.6486,17
8200000.0,0.0,0.0,0.0,902.0,18.9286937182365,0,0,3,0,0,1.2716,0.0014,0.1551,0.0274,1.3626,30
8027000.0,0.0,0.0,0.0,698.0,22.1043837216916,0,0,1,0,0,0.3407,0.0132,0.703,0.0155,1.4269,14
16796000.0,0.0,0.0,0.0,646.0,17.877232859216,7,0,1,0,0,0.7907,0.0009,0.9584,0.035,0.4702,26
44590000.0,0.0,0.0,0.0,637.0,28.0240969241861,2,0,4,0,1,0.5438,0.0007,0.3241,0.0006,0.6486,17
3030000.0,0.0,0.0,0.0,505.0,40.90884504313,0,0,0,0,0,0.1218,0.0016,0.0136,0.0152,0.2777,9
38040000.0,0.0,0.0,0.0,951.0,19.263851248999,10,0,6,0,3,0.7907,0.0009,0.9584,0.035,0.4702,28
9000000.0,0.0,0.0,0.0,645.0,39.1098656562039,0,0,4,0,0,0.1088,0.0136,0.0487,0.0026,0.2485,9
43400000.0,0.0,0.0,0.0,868.0,10.7363234656769,0,0,0,0,0,0.5837,0.0121,0.1525,0.2494,1.4727,20
9240000.0,0.0,0.0,0.0,770.0,7.37997823376534,0,0,6,1,1,0.0346,0.0122,0.0176,0.006,0.1979,62
12792000.0,0.0,0.0,0.0,533.0,17.877232859216,7,0,1,0,0,0.7907,0.0009,0.9584,0.035,0.4702,26
14291999.999999998,0.0,0.0,0.0,794.0,22.1043837216916,0,0,1,0,0,0.3407,0.0132,0.703,0.0155,1.4269,14
3006000.0,0.0,0.0,0.0,501.0,40.90884504313,0,0,0,0,0,0.1218,0.0016,0.0136,0.0152,0.2777,9
17500000.0,0.0,0.0,0.0,700.0,17.877232859216,7,0,1,0,0,0.7907,0.0009,0.9584,0.035,0.4702,26
14280000.0,0.0,0.0,0.0,800.0,22.1043837216916,0,0,1,0,0,0.3407,0.0132,0.703,0.0155,1.4269,14
16796000.0,0.0,0.0,0.0,646.0,17.877232859216,7,0,1,0,0,0.7907,0.0009,0.9584,0.035,0.4702,26
29072000.0,0.0,0.0,0.0,632.0,17.877232859216,7,0,1,0,0,0.7907,0.0009,0.9584,0.035,0.4702,26
23000000.000000004,0.0,0.0,0.0,720.0,28.0240969241861,2,0,4,0,1,0.5438,0.0007,0.3241,0.0006,0.6486,17
24937500.0,0.0,0.0,0.0,525.0,13.2835905668804,5,0,0,0,1,0.5837,0.0121,0.1525,0.2494,1.4727,20
44590000.0,0.0,0.0,0.0,637.0,28.0240969241861,2,0,4,0,1,0.5438,0.0007,0.3241,0.0006,0.6486,17
5000000.0,0.0,0.0,0.0,969.0,39.1732617547246,0,0,1,0,0,0.1218,0.0016,0.0136,0.0152,0.2777,9
49630000.0,0.0,0.0,0.0,709.0,28.0240969241861,2,0,4,0,1,0.5438,0.0007,0.3241,0.0006,0.6486,17
31020000.0,0.0,0.0,0.0,564.0,28.0240969241861,2,0,4,0,1,0.5438,0.0007,0.3241,0.0006,0.6486,17
41000000.0,0.0,0.0,0.0,756.0,21.0546683822257,4,0,0,0,0,0.7907,0.0009,0.9584,0.035,0.4702,26
42150000.0,0.0,0.0,0.0,827.0,21.0546683822257,4,0,0,0,0,0.7907,0.0009,0.9584,0.035,0.4702,26
35000000.0,0.0,0.0,0.0,700.0,21.0546683822257,4,0,0,0,0,0.7907,0.0009,0.9584,0.035,0.4702,26
28474500.0,0.0,0.0,0.0,615.0,27.0550789815397,0,0,1,0,0,0.5438,0.0007,0.3241,0.0006,0.6486,17
14733000.0,0.0,0.0,0.0,818.0,37.1591301051534,0,0,2,0,0,0.1088,0.0136,0.0487,0.0026,0.2485,9
39942564.0,0.0,0.0,0.0,757.0,21.0546683822257,4,0,0,0,0,0.7907,0.0009,0.9584,0.035,0.4702,26
36725000.0,0.0,0.0,0.0,650.0,13.2835905668804,5,0,0,0,1,0.5837,0.0121,0.1525,0.2494,1.4727,20
14608000.0,0.0,0.0,0.0,664.0,26.1110877080702,0,0,1,0,1,0.5438,0.0007,0.3241,0.0006,0.6486,17
46694560.0,0.0,0.0,0.0,860.0,19.9890162448909,0,0,0,0,1,0.7907,0.0009,0.9584,0.035,0.4702,26
16576000.0,0.0,0.0,0.0,518.0,17.877232859216,7,0,1,0,0,0.7907,0.0009,0.9584,0.035,0.4702,26
3042000.0,0.0,0.0,0.0,507.0,40.90884504313,0,0,0,0,0,0.1218,0.0016,0.0136,0.0152,0.2777,9
48200000.0,0.0,0.0,0.0,879.0,21.0546683822257,4,0,0,0,0,0.7907,0.0009,0.9584,0.035,0.4702,26
3750000.0,0.0,0.0,0.0,750.0,36.0557188370432,0,0,2,0,0,0.0734,0.0008,0.0158,0.0076,0.2389,9
10995000.0,0.0,0.0,0.0,898.0,34.397361158154,0,0,2,0,0,0.5438,0.0007,0.3241,0.0006,0.6486,17
23559120.0,0.0,0.0,0.0,702.0,22.1043837216916,0,0,1,0,0,0.3407,0.0132,0.703,0.0155,1.4269,14
5100000.0,0.0,0.0,0.0,600.0,31.7844483168442,0,0,3,0,0,0.6885,0.0,0.0578,0.0008,1.3152,8
5100000.0,0.0,0.0,0.0,600.0,33.9370485134506,0,0,1,0,0,0.6885,0.0,0.0578,0.0008,1.3152,8
39400000.0,0.0,0.0,0.0,700.0,21.0546683822257,4,0,0,0,0,0.7907,0.0009,0.9584,0.035,0.4702,26
40922000.0,0.0,0.0,0.0,740.0,13.2835905668804,5,0,0,0,1,0.5837,0.0121,0.1525,0.2494,1.4727,20
36725000.0,0.0,0.0,0.0,650.0,13.2835905668804,5,0,0,0,1,0.5837,0.0121,0.1525,0.2494,1.4727,20
46795981.99999999,0.0,0.0,0.0,855.0,21.0546683822257,4,0,0,0,0,0.7907,0.0009,0.9584,0.035,0.4702,26
40480000.0,0.0,0.0,0.0,800.0,27.0550789815397,0,0,1,0,0,0.5438,0.0007,0.3241,0.0006,0.6486,17
8918000.0,0.0,0.0,0.0,686.0,22.1043837216916,0,0,1,0,0,0.3407,0.0132,0.703,0.0155,1.4269,14
37800000.0,0.0,0.0,0.0,705.0,21.0546683822257,4,0,0,0,0,0.7907,0.0009,0.9584,0.035,0.4702,26
38794400.0,0.0,0.0,0.0,683.0,13.2835905668804,5,0,0,0,1,0.5837,0.0121,0.1525,0.2494,1.4727,20
29460000.0,0.0,0.0,0.0,600.0,13.2835905668804,5,0,0,0,1,0.5837,0.0121,0.1525,0.2494,1.4727,20
11200000.0,0.0,0.0,0.0,560.0,12.1965796701453,0,0,1,0,0,0.5837,0.0121,0.1525,0.2494,1.4727,20
11964000.0,0.0,0.0,0.0,997.0,34.397361158154,0,0,2,0,0,0.5438,0.0007,0.3241,0.0006,0.6486,17
3426500.0,0.0,0.0,0.0,979.0,20.789340320471,0,0,1,0,1,0.119,0.0092,0.0505,0.0034,0.6701,19
47592000.0,0.0,0.0,0.0,661.0,28.0240969241861,2,0,4,0,1,0.5438,0.0007,0.3241,0.0006,0.6486,17
39200000.0,0.0,0.0,0.0,603.0,26.1110877080702,0,0,1,0,1,0.5438,0.0007,0.3241,0.0006,0.6486,17
4414000.0,0.0,0.0,0.0,613.0,21.7441129933872,0,0,0,0,0,1.2716,0.0014,0.1551,0.0274,1.3626,30
6876000.0,0.0,0.0,0.0,955.0,21.7441129933872,0,0,0,0,0,1.2716,0.0014,0.1551,0.0274,1.3626,30
7200000.0,0.0,0.0,0.0,800.0,21.7441129933872,0,0,0,0,0,1.2716,0.0014,0.1551,0.0274,1.3626,30
5241999.999999999,0.0,0.0,0.0,728.0,21.7441129933872,0,0,0,0,0,1.2716,0.0014,0.1551,0.0274,1.3626,30
6480000.0,0.0,0.0,0.0,900.0,21.7441129933872,0,0,0,0,0,1.2716,0.0014,0.1551,0.0274,1.3626,30
21000000.0,0.0,0.0,0.0,532.0,13.2835905668804,5,0,0,0,1,0.5837,0.0121,0.1525,0.2494,1.4727,20
45396000.0,0.0,0.0,0.0,582.0,11.9565795898763,13,1,3,2,0,0.3407,0.0132,0.703,0.0155,1.4269,66
3042000.0,0.0,0.0,0.0,507.0,40.90884504313,0,0,0,0,0,0.1218,0.0016,0.0136,0.0152,0.2777,9
84410000.0,0.0,0.0,0.0,658.0,8.17941787125434,0,0,9,0,0,0.3538,0.0121,0.1372,0.0301,0.947,54
3042000.0,0.0,0.0,0.0,507.0,40.90884504313,0,0,0,0,0,0.1218,0.0016,0.0136,0.0152,0.2777,9
29601000.0,0.0,0.0,0.0,585.0,13.2835905668804,5,0,0,0,1,0.5837,0.0121,0.1525,0.2494,1.4727,20
29436500.000000004,0.0,0.0,0.0,565.0,13.2835905668804,5,0,0,0,1,0.5837,0.0121,0.1525,0.2494,1.4727,20
17175000.0,0.0,0.0,0.0,687.0,35.9479690462094,0,0,0,0,0,0.1088,0.0136,0.0487,0.0026,0.2485,9
5241999.999999999,0.0,0.0,0.0,728.0,21.7441129933872,0,0,0,0,0,1.2716,0.0014,0.1551,0.0274,1.3626,30
5760000.0,0.0,0.0,0.0,800.0,21.7441129933872,0,0,0,0,0,1.2716,0.0014,0.1551,0.0274,1.3626,30
39825000.0,0.0,0.0,0.0,531.0,11.9565795898763,13,1,3,2,0,0.3407,0.0132,0.703,0.0155,1.4269,66
3282000.0,0.0,0.0,0.0,547.0,40.90884504313,0,0,0,0,0,0.1218,0.0016,0.0136,0.0152,0.2777,9
39480000.0,0.0,0.0,0.0,564.0,28.0240969241861,2,0,4,0,1,0.5438,0.0007,0.3241,0.0006,0.6486,17
15810000.0,0.0,0.0,0.0,527.0,26.1110877080702,0,0,1,0,1,0.5438,0.0007,0.3241,0.0006,0.6486,17
20500000.0,0.0,0.0,0.0,585.0,38.3982004485583,0,0,2,0,0,0.1088,0.0136,0.0487,0.0026,0.2485,9
39420000.0,0.0,0.0,0.0,657.0,28.0240969241861,2,0,4,0,1,0.5438,0.0007,0.3241,0.0006,0.6486,17
31950000.0,0.0,0.0,0.0,639.0,13.2835905668804,5,0,0,0,1,0.5837,0.0121,0.1525,0.2494,1.4727,20
25200000.0,0.0,0.0,0.0,504.0,28.0240969241861,2,0,4,0,1,0.5438,0.0007,0.3241,0.0006,0.6486,17
7217280.0,0.0,0.0,0.0,716.0,23.7092699238974,0,0,0,0,0,0.3407,0.0132,0.703,0.0155,1.4269,14
1708800.0,0.0,0.0,0.0,501.0,40.90884504313,0,0,0,0,0,0.1218,0.0016,0.0136,0.0152,0.2777,9
25350000.0,0.0,0.0,0.0,507.0,28.0240969241861,2,0,4,0,1,0.5438,0.0007,0.3241,0.0006,0.6486,17
2548999.9999999995,0.0,0.0,0.0,531.0,21.7441129933872,0,0,0,0,0,1.2716,0.0014,0.1551,0.0274,1.3626,30
12000000.0,0.0,0.0,0.0,750.0,9.16683729055828,3,0,4,0,2,0.3538,0.0121,0.1372,0.0301,0.947,54
10710000.0,0.0,0.0,0.0,595.0,22.1043837216916,0,0,1,0,0,0.3407,0.0132,0.703,0.0155,1.4269,14
33840000.0,0.0,0.0,0.0,564.0,28.0240969241861,2,0,4,0,1,0.5438,0.0007,0.3241,0.0006,0.6486,17
30625000.0,0.0,0.0,0.0,625.0,25.6001972818315,0,0,0,0,0,0.5438,0.0007,0.3241,0.0006,0.6486,17
3114000.0,0.0,0.0,0.0,519.0,40.90884504313,0,0,0,0,0,0.1218,0.0016,0.0136,0.0152,0.2777,9
3955000.0,0.0,0.0,0.0,565.0,30.5800389185046,0,0,1,2,0,0.6885,0.0,0.0578,0.0008,1.3152,55
75670000.0,0.0,0.0,0.0,658.0,9.45685746964893,3,0,3,1,1,0.3538,0.0121,0.1372,0.0301,0.947,29
5389000.0,0.0,0.0,0.0,709.0,21.7441129933872,0,0,0,0,0,1.2716,0.0014,0.1551,0.0274,1.3626,30
8955000.0,0.0,0.0,0.0,995.0,21.7441129933872,0,0,0,0,0,1.2716,0.0014,0.1551,0.0274,1.3626,30
5760000.0,0.0,0.0,0.0,800.0,21.7441129933872,0,0,0,0,0,1.2716,0.0014,0.1551,0.0274,1.3626,30
7200000.0,0.0,0.0,0.0,800.0,21.7441129933872,0,0,0,0,0,1.2716,0.0014,0.1551,0.0274,1.3626,30
14608000.0,0.0,0.0,0.0,664.0,26.1110877080702,0,0,1,0,1,0.5438,0.0007,0.3241,0.0006,0.6486,17
32625000.0,0.0,0.0,0.0,870.0,12.1965796701453,0,0,1,0,0,0.5837,0.0121,0.1525,0.2494,1.4727,20
4445000.0,0.0,0.0,0.0,635.0,30.5800389185046,0,0,1,2,0,0.6885,0.0,0.0578,0.0008,1.3152,55
3048000.0,0.0,0.0,0.0,508.0,40.90884504313,0,0,0,0,0,0.1218,0.0016,0.0136,0.0152,0.2777,9
5760000.0,0.0,0.0,0.0,800.0,21.7441129933872,0,0,0,0,0,1.2716,0.0014,0.1551,0.0274,1.3626,30
7200000.0,0.0,0.0,0.0,902.0,18.9286937182365,0,0,3,0,0,1.2716,0.0014,0.1551,0.0274,1.3626,30
3006000.0,0.0,0.0,0.0,501.0,40.90884504313,0,0,0,0,0,0.1218,0.0016,0.0136,0.0152,0.2777,9
8352000.0,0.0,0.0,0.0,522.0,35.7123582293428,0,0,2,0,0,0.1088,0.0136,0.0487,0.0026,0.2485,9
2810000.0,0.0,0.0,0.0,562.0,36.9174470320011,0,0,0,0,0,0.1218,0.0016,0.0136,0.0152,0.2777,9
8200000.0,0.0,0.0,0.0,902.0,18.9286937182365,0,0,3,0,0,1.2716,0.0014,0.1551,0.0274,1.3626,30
25725000.0,0.0,0.0,0.0,525.0,13.2835905668804,5,0,0,0,1,0.5837,0.0121,0.1525,0.2494,1.4727,20
29460000.0,0.0,0.0,0.0,600.0,9.43386668635108,0,0,1,0,0,0.254,0.0116,0.2906,0.0843,1.043,10
7300000.0,0.0,0.0,0.0,857.0,35.7123582293428,0,0,2,0,0,0.1088,0.0136,0.0487,0.0026,0.2485,9
27675000.0,0.0,0.0,0.0,615.0,28.3398402910932,1,0,0,0,1,0.5438,0.0007,0.3241,0.0006,0.6486,17
8900000.0,0.0,0.0,0.0,750.0,33.8602207637537,2,0,0,0,0,0.5438,0.0007,0.3241,0.0006,0.6486,17
42733200.0,0.0,0.0,0.0,717.0,13.2835905668804,5,0,0,0,1,0.5837,0.0121,0.1525,0.2494,1.4727,20
53391000.0,0.0,0.0,0.0,740.0,26.1110877080702,0,0,1,0,1,0.5438,0.0007,0.3241,0.0006,0.6486,17
2850000.0,0.0,0.0,0.0,750.0,36.0557188370432,0,0,2,0,0,0.0734,0.0008,0.0158,0.0076,0.2389,9
9850000.0,0.0,0.0,0.0,985.0,31.5144859029136,0,0,1,0,0,0.5438,0.0007,0.3241,0.0006,0.6486,17
44520000.0,0.0,0.0,0.0,742.0,13.2835905668804,5,0,0,0,1,0.5837,0.0121,0.1525,0.2494,1.4727,20
27324000.0,0.0,0.0,0.0,540.0,13.2835905668804,5,0,0,0,1,0.5837,0.0121,0.1525,0.2494,1.4727,20
4214000.0,0.0,0.0,0.0,602.0,32.6744373247034,0,0,3,0,0,0.6885,0.0,0.0578,0.0008,1.3152,8
39362500.0,0.0,0.0,0.0,700.0,21.0546683822257,4,0,0,0,0,0.7907,0.0009,0.9584,0.035,0.4702,26
3027200.0,0.0,0.0,0.0,688.0,12.504161353757,1,0,5,0,1,0.5837,0.0121,0.1525,0.2494,1.4727,20
2534400.0,0.0,0.0,0.0,576.0,23.2384291828966,0,0,1,0,0,0.2257,0.001,0.0441,0.0,0.3048,9
42147464.0,0.0,0.0,0.0,827.0,21.0546683822257,4,0,0,0,0,0.7907,0.0009,0.9584,0.035,0.4702,26
2920000.0,0.0,0.0,0.0,730.0,23.9246986302284,0,0,1,0,0,0.119,0.0092,0.0505,0.0034,0.6701,19
10000000.0,0.0,0.0,0.0,600.0,22.698437081916,0,0,3,0,0,0.1088,0.0136,0.0487,0.0026,0.2485,9
15500000.0,0.0,0.0,0.0,598.58,22.698437081916,0,0,3,0,0,0.1088,0.0136,0.0487,0.0026,0.2485,9
21312000.0,0.0,0.0,0.0,888.0,26.1110877080702,0,0,1,0,1,0.5438,0.0007,0.3241,0.0006,0.6486,17
49495825.0,0.0,0.0,0.0,531.0,11.9565795898763,13,1,3,2,0,0.3407,0.0132,0.703,0.0155,1.4269,66
25500000.0,0.0,0.0,0.0,570.0,37.6916461629247,2,2,3,2,4,0.1088,0.0136,0.0487,0.0026,0.2485,24
9128000.0,0.0,0.0,0.0,652.0,40.5731374145635,5,0,0,1,1,0.1088,0.0136,0.0487,0.0026,0.2485,64
49630000.0,0.0,0.0,0.0,709.0,28.0240969241861,2,0,4,0,1,0.5438,0.0007,0.3241,0.0006,0.6486,17
28800000.0,0.0,0.0,0.0,642.0,28.0240969241861,2,0,4,0,1,0.5438,0.0007,0.3241,0.0006,0.6486,17
38400000.0,0.0,0.0,0.0,640.0,28.0240969241861,2,0,4,0,1,0.5438,0.0007,0.3241,0.0006,0.6486,17
3048000.0,0.0,0.0,0.0,508.0,40.90884504313,0,0,0,0,0,0.1218,0.0016,0.0136,0.0152,0.2777,9
46795981.99999999,0.0,0.0,0.0,855.0,21.0546683822257,4,0,0,0,0,0.7907,0.0009,0.9584,0.035,0.4702,26
31713714.0,0.0,0.0,0.0,635.0,21.0546683822257,4,0,0,0,0,0.7907,0.0009,0.9584,0.035,0.4702,26
7700000.0,0.0,0.0,0.0,988.0,27.3614033426646,0,0,4,0,1,0.5438,0.0007,0.3241,0.0006,0.6486,17
7953660.0,0.0,0.0,0.0,927.0,11.7321528216741,6,0,1,0,0,0.3407,0.0132,0.703,0.0155,1.4269,14
28400000.0,0.0,0.0,0.0,615.0,27.0550789815397,0,0,1,0,0,0.5438,0.0007,0.3241,0.0006,0.6486,17
27800000.000000004,0.0,0.0,0.0,560.0,27.0550789815397,0,0,1,0,0,0.5438,0.0007,0.3241,0.0006,0.6486,17
9240000.0,0.0,0.0,0.0,770.0,7.37997823376534,0,0,6,1,1,0.0346,0.0122,0.0176,0.006,0.1979,62
4039200.0,0.0,0.0,0.0,816.0,20.3243159793246,1,0,0,0,0,0.5837,0.0121,0.1525,0.2494,1.4727,20
76420725.0,0.0,0.0,0.0,813.0,11.9565795898763,13,1,3,2,0,0.3407,0.0132,0.703,0.0155,1.4269,66
20600000.000000004,0.0,0.0,0.0,824.0,26.1110877080702,0,0,1,0,1,0.5438,0.0007,0.3241,0.0006,0.6486,17
2500000.0,0.0,0.0,0.0,519.0,10.3632174539132,0,0,5,1,1,0.169,0.0006,0.0934,0.0181,0.3365,-1
33300000.0,0.0,0.0,0.0,927.0,37.1223648512146,0,0,0,0,0,0.1088,0.0136,0.0487,0.0026,0.2485,9
3030000.0,0.0,0.0,0.0,510.0,40.90884504313,0,0,0,0,0,0.1218,0.0016,0.0136,0.0152,0.2777,9
51415000.0,0.0,0.0,0.0,791.0,28.0240969241861,2,0,4,0,1,0.5438,0.0007,0.3241,0.0006,0.6486,17
150249000.0,0.0,0.0,0.0,957.0,17.4717437310338,3,0,7,0,0,0.5837,0.0121,0.1525,0.2494,1.4727,20
109900000.0,0.0,0.0,0.0,700.0,17.4717437310338,3,0,7,0,0,0.5837,0.0121,0.1525,0.2494,1.4727,20
134549000.0,0.0,0.0,0.0,857.0,17.4717437310338,3,0,7,0,0,0.5837,0.0121,0.1525,0.2494,1.4727,20
22308000.0,0.0,0.0,0.0,507.0,26.1110877080702,0,0,1,0,1,0.5438,0.0007,0.3241,0.0006,0.6486,17
4458982.0,0.0,0.0,0.0,964.0,13.5942680809242,0,0,3,0,0,1.2716,0.0014,0.1551,0.0274,1.3626,30
40922000.0,0.0,0.0,0.0,740.0,8.50515694452222,3,0,10,0,0,0.254,0.0116,0.2906,0.0843,1.043,31
25627000.0,0.0,0.0,0.0,523.0,26.1110877080702,0,0,1,0,1,0.5438,0.0007,0.3241,0.0006,0.6486,17
36388000.0,0.0,0.0,0.0,827.0,21.0546683822257,4,0,0,0,0,0.7907,0.0009,0.9584,0.035,0.4702,26
14955000.0,0.0,0.0,0.0,997.0,34.397361158154,0,0,2,0,0,0.5438,0.0007,0.3241,0.0006,0.6486,17
55799744.0,0.0,0.0,0.0,871.0,13.2835905668804,5,0,0,0,1,0.5837,0.0121,0.1525,0.2494,1.4727,20
5439000.0,0.0,0.0,0.0,777.0,18.9286937182365,0,0,3,0,0,1.2716,0.0014,0.1551,0.0274,1.3626,30
35000000.0,0.0,0.0,0.0,700.0,21.0546683822257,4,0,0,0,0,0.7907,0.0009,0.9584,0.035,0.4702,26
3468300.0,0.0,0.0,0.0,595.0,18.9911795198585,4,2,2,2,0,0.3407,0.0132,0.703,0.0155,1.4269,18
3850000.0,0.0,0.0,0.0,750.0,19.9662116245022,0,0,1,0,0,1.2716,0.0014,0.1551,0.0274,1.3626,30
40399999.99999999,0.0,0.0,0.0,800.0,27.0550789815397,0,0,1,0,0,0.5438,0.0007,0.3241,0.0006,0.6486,17
8630000.0,0.0,0.0,0.0,769.0,6.31041369223649,0,0,6,2,0,0.3124,0.0012,0.1131,0.0053,0.3589,60
46631786.0,0.0,0.0,0.0,852.0,21.0546683822257,4,0,0,0,0,0.7907,0.0009,0.9584,0.035,0.4702,26
9240000.0,0.0,0.0,0.0,770.0,7.37997823376534,0,0,6,1,1,0.0346,0.0122,0.0176,0.006,0.1979,62
19494000.0,0.0,0.0,0.0,513.0,17.877232859216,7,0,1,0,0,0.7907,0.0009,0.9584,0.035,0.4702,26
39928000.0,0.0,0.0,0.0,868.0,13.2835905668804,5,0,0,0,1,0.5837,0.0121,0.1525,0.2494,1.4727,20
150563000.0,0.0,0.0,0.0,959.0,17.4717437310338,3,0,7,0,0,0.5837,0.0121,0.1525,0.2494,1.4727,20
10384000.0,0.0,0.0,0.0,944.0,13.9338351667116,8,0,6,0,0,0.3407,0.0132,0.703,0.0155,1.4269,49
4039200.0,0.0,0.0,0.0,816.0,19.8751469191544,0,0,1,0,0,0.5837,0.0121,0.1525,0.2494,1.4727,20
39942564.0,0.0,0.0,0.0,757.0,21.0546683822257,4,0,0,0,0,0.7907,0.0009,0.9584,0.035,0.4702,26
29460000.0,0.0,0.0,0.0,600.0,13.2835905668804,5,0,0,0,1,0.5837,0.0121,0.1525,0.2494,1.4727,20
8422920.0,0.0,0.0,0.0,709.0,40.5731374145635,5,0,0,1,1,0.1088,0.0136,0.0487,0.0026,0.2485,64
15500000.0,0.0,0.0,0.0,598.58,22.698437081916,0,0,3,0,0,0.1088,0.0136,0.0487,0.0026,0.2485,9
32981000.0,0.0,0.0,0.0,767.0,28.0240969241861,2,0,4,0,1,0.5438,0.0007,0.3241,0.0006,0.6486,17
46475000.0,0.0,0.0,0.0,715.0,11.2783461391507,0,0,0,0,0,0.3407,0.0132,0.703,0.0155,1.4269,14
3700000.0,0.0,0.0,0.0,595.0,18.9911795198585,4,2,2,2,0,0.3407,0.0132,0.703,0.0155,1.4269,18
6700000.0,0.0,0.0,0.0,962.0,39.7030715001188,0,0,2,0,0,0.1088,0.0136,0.0487,0.0026,0.2485,9
3600000.0,0.0,0.0,0.0,800.0,41.027110157536,0,0,4,0,0,0.1218,0.0016,0.0136,0.0152,0.2777,9
22500000.0,0.0,0.0,0.0,698.0,40.3785718386616,0,0,2,0,0,0.1088,0.0136,0.0487,0.0026,0.2485,9
2804999.9999999995,0.0,0.0,0.0,510.0,40.90884504313,0,0,0,0,0,0.1218,0.0016,0.0136,0.0152,0.2777,9
24570000.0,0.0,0.0,0.0,546.0,28.0240969241861,2,0,4,0,1,0.5438,0.0007,0.3241,0.0006,0.6486,17
11900000.0,0.0,0.0,0.0,700.0,22.698437081916,0,0,3,0,0,0.1088,0.0136,0.0487,0.0026,0.2485,9
11939999.999999998,0.0,0.0,0.0,597.0,2.54638450746131,2,0,0,0,0,0.3538,0.0121,0.1372,0.0301,0.947,51
35800000.0,0.0,0.0,0.0,643.0,27.0853754085253,0,0,2,0,0,0.5438,0.0007,0.3241,0.0006,0.6486,17
3036000.0,0.0,0.0,0.0,506.0,40.90884504313,0,0,0,0,0,0.1218,0.0016,0.0136,0.0152,0.2777,9
44574000.0,0.0,0.0,0.0,646.0,11.2783461391507,0,0,0,0,0,0.3407,0.0132,0.703,0.0155,1.4269,14
32100000.0,0.0,0.0,0.0,963.0,25.2710091328955,0,0,1,0,1,0.5438,0.0007,0.3241,0.0006,0.6486,17
54290000.0,0.0,0.0,0.0,936.0,13.2835905668804,5,0,0,0,1,0.5837,0.0121,0.1525,0.2494,1.4727,20
7500000.0,0.0,0.0,0.0,902.0,18.9286937182365,0,0,3,0,0,1.2716,0.0014,0.1551,0.0274,1.3626,30
18235000.0,0.0,0.0,0.0,521.0,26.1110877080702,0,0,1,0,1,0.5438,0.0007,0.3241,0.0006,0.6486,17
38040000.0,0.0,0.0,0.0,951.0,17.877232859216,7,0,1,0,0,0.7907,0.0009,0.9584,0.035,0.4702,26
29455000.0,0.0,0.0,0.0,685.0,17.877232859216,7,0,1,0,0,0.7907,0.0009,0.9584,0.035,0.4702,26
11260000.0,0.0,0.0,0.0,563.0,35.9255668106205,0,0,0,0,0,0.1088,0.0136,0.0487,0.0026,0.2485,9
35360000.0,0.0,0.0,0.0,544.0,27.0550789815397,0,0,1,0,0,0.5438,0.0007,0.3241,0.0006,0.6486,17
27702000.0,0.0,0.0,0.0,729.0,17.877232859216,7,0,1,0,0,0.7907,0.0009,0.9584,0.035,0.4702,26
282000000.0,0.0,0.0,0.0,940.0,8.90124910660248,4,1,6,0,2,0.3727,0.0,0.1187,0.0,0.6357,-1
31320000.000000004,0.0,0.0,0.0,522.0,26.1110877080702,0,0,1,0,1,0.5438,0.0007,0.3241,0.0006,0.6486,17
31000000.000000004,0.0,0.0,0.0,516.0,28.0240969241861,2,0,4,0,1,0.5438,0.0007,0.3241,0.0006,0.6486,17
27315000.0,0.0,0.0,0.0,570.0,26.1110877080702,0,0,1,0,1,0.5438,0.0007,0.3241,0.0006,0.6486,17
22110000.0,0.0,0.0,0.0,670.0,13.2835905668804,5,0,0,0,1,0.5837,0.0121,0.1525,0.2494,1.4727,20
25200000.0,0.0,0.0,0.0,504.0,13.2835905668804,5,0,0,0,1,0.5837,0.0121,0.1525,0.2494,1.4727,20
25627000.0,0.0,0.0,0.0,523.0,26.1110877080702,0,0,1,0,1,0.5438,0.0007,0.3241,0.0006,0.6486,17
2280000.0,0.0,0.0,0.0,600.0,39.3461641136034,0,0,1,0,0,0.1218,0.0016,0.0136,0.0152,0.2777,9
35700000.0,0.0,0.0,0.0,510.0,28.0240969241861,2,0,4,0,1,0.5438,0.0007,0.3241,0.0006,0.6486,17
7200000.0,0.0,0.0,0.0,902.0,18.9286937182365,0,0,3,0,0,1.2716,0.0014,0.1551,0.0274,1.3626,30
30200000.000000004,0.0,0.0,0.0,616.0,9.43386668635108,0,0,1,0,0,0.254,0.0116,0.2906,0.0843,1.043,10
33110000.0,0.0,0.0,0.0,770.0,17.877232859216,7,0,1,0,0,0.7907,0.0009,0.9584,0.035,0.4702,26
30195000.0,0.0,0.0,0.0,549.0,25.7230171045594,0,0,0,0,0,0.5438,0.0007,0.3241,0.0006,0.6486,17
19700000.0,0.0,0.0,0.0,612.0,17.877232859216,7,0,1,0,0,0.7907,0.0009,0.9584,0.035,0.4702,26
31440000.0,0.0,0.0,0.0,524.0,27.0550789815397,0,0,1,0,0,0.5438,0.0007,0.3241,0.0006,0.6486,17
1500000.0,0.0,0.0,0.0,600.0,19.9662116245022,0,0,1,0,0,1.2716,0.0014,0.1551,0.0274,1.3626,30
11370000.0,0.0,0.0,0.0,758.0,7.47692416475626,0,0,5,1,0,0.0346,0.0122,0.0176,0.006,0.1979,62
9480000.0,0.0,0.0,0.0,790.0,22.1043837216916,0,0,1,0,0,0.3407,0.0132,0.703,0.0155,1.4269,14
4680000.0,0.0,0.0,0.0,900.0,39.5501578510163,0,0,0,0,0,0.1218,0.0016,0.0136,0.0152,0.2777,9
4680000.0,0.0,0.0,0.0,900.0,38.4552851496722,0,0,3,0,0,0.1218,0.0016,0.0136,0.0152,0.2777,9
7200000.0,0.0,0.0,0.0,900.0,30.962393907879,0,0,0,0,0,0.0734,0.0008,0.0158,0.0076,0.2389,9
2100000.0,0.0,0.0,0.0,600.0,39.3461641136034,0,0,1,0,0,0.1218,0.0016,0.0136,0.0152,0.2777,9
3635500.0,0.0,0.0,0.0,661.0,41.027110157536,0,0,4,0,0,0.1218,0.0016,0.0136,0.0152,0.2777,9
3360000.0,0.0,0.0,0.0,700.0,36.44110418851,0,0,5,0,0,0.4558,0.0,0.0527,0.0,1.3514,15
44500000.0,0.0,0.0,0.0,890.0,9.43386668635108,0,0,1,0,0,0.254,0.0116,0.2906,0.0843,1.043,10
4720000.0,0.0,0.0,0.0,590.0,30.962393907879,0,0,0,0,0,0.0734,0.0008,0.0158,0.0076,0.2389,9
3635500.0,0.0,0.0,0.0,661.0,41.027110157536,0,0,4,0,0,0.1218,0.0016,0.0136,0.0152,0.2777,9
14700000.0,0.0,0.0,0.0,614.0,12.1965796701453,0,0,1,0,0,0.5837,0.0121,0.1525,0.2494,1.4727,20
2291900.0,0.0,0.0,0.0,559.0,37.9305978440548,0,0,0,0,0,0.1218,0.0016,0.0136,0.0152,0.2777,9
15000000.0,0.0,0.0,0.0,997.0,34.397361158154,0,0,2,0,0,0.5438,0.0007,0.3241,0.0006,0.6486,17
26460000.0,0.0,0.0,0.0,588.0,13.2835905668804,5,0,0,0,1,0.5837,0.0121,0.1525,0.2494,1.4727,20
19008000.0,0.0,0.0,0.0,594.0,17.877232859216,7,0,1,0,0,0.7907,0.0009,0.9584,0.035,0.4702,26
3244000.0,0.0,0.0,0.0,569.0,23.4602055307923,0,0,2,0,0,0.119,0.0092,0.0505,0.0034,0.6701,19
10287000.0,0.0,0.0,0.0,762.0,17.753432497686,1,0,6,0,0,0.5837,0.0121,0.1525,0.2494,1.4727,20
3052999.9999999995,0.0,0.0,0.0,555.0,23.9246986302284,0,0,1,0,0,0.119,0.0092,0.0505,0.0034,0.6701,19
8606000.0,0.0,0.0,0.0,606.0,17.753432497686,1,0,6,0,0,0.5837,0.0121,0.1525,0.2494,1.4727,20
46390500.0,0.0,0.0,0.0,793.0,13.2835905668804,5,0,0,0,1,0.5837,0.0121,0.1525,0.2494,1.4727,20
4895000.0,0.0,0.0,0.0,612.0,23.2302408211237,0,0,0,0,0,1.2716,0.0014,0.1551,0.0274,1.3626,30
6475000.0,0.0,0.0,0.0,925.0,39.5501578510163,0,0,0,0,0,0.1218,0.0016,0.0136,0.0152,0.2777,9
14899999.999999998,0.0,0.0,0.0,596.0,39.6732735102295,2,0,3,0,2,0.4558,0.0,0.0527,0.0,1.3514,15
18000000.0,0.0,0.0,0.0,515.0,27.0550789815397,0,0,1,0,0,0.5438,0.0007,0.3241,0.0006,0.6486,17
2068200.0,0.0,0.0,0.0,766.0,34.4923846796172,0,0,3,0,0,0.0734,0.0008,0.0158,0.0076,0.2389,9
13000000.0,0.0,0.0,0.0,623.0,13.9338351667116,8,0,6,0,0,0.3407,0.0132,0.703,0.0155,1.4269,49
17175000.0,0.0,0.0,0.0,687.0,35.9479690462094,0,0,0,0,0,0.1088,0.0136,0.0487,0.0026,0.2485,9
5439000.0,0.0,0.0,0.0,777.0,18.9286937182365,0,0,3,0,0,1.2716,0.0014,0.1551,0.0274,1.3626,30
28035000.0,0.0,0.0,0.0,623.0,10.7363234656769,0,0,0,0,0,0.5837,0.0121,0.1525,0.2494,1.4727,20
75670000.0,0.0,0.0,0.0,658.0,9.45685746964893,3,0,3,1,1,0.3538,0.0121,0.1372,0.0301,0.947,29
84410000.0,0.0,0.0,0.0,734.0,8.17941787125434,0,0,9,0,0,0.3538,0.0121,0.1372,0.0301,0.947,54
8146600.0,0.0,0.0,0.0,506.0,12.1965796701453,0,0,1,0,0,0.5837,0.0121,0.1525,0.2494,1.4727,20
5734000.000000001,0.0,0.0,0.0,717.0,23.2302408211237,0,0,0,0,0,1.2716,0.0014,0.1551,0.0274,1.3626,30
24000000.0,0.0,0.0,0.0,650.0,37.6916461629247,2,2,3,2,4,0.1088,0.0136,0.0487,0.0026,0.2485,24
17000000.0,0.0,0.0,0.0,603.75,35.8583543833373,0,0,0,0,0,0.1088,0.0136,0.0487,0.0026,0.2485,9
30128000.0,0.0,0.0,0.0,538.0,28.0240969241861,2,0,4,0,1,0.5438,0.0007,0.3241,0.0006,0.6486,17
6391000.0,0.0,0.0,0.0,913.0,39.5501578510163,0,0,0,0,0,0.1218,0.0016,0.0136,0.0152,0.2777,9
6300000.0,0.0,0.0,0.0,525.0,36.6662808957857,0,0,4,1,1,0.1088,0.0136,0.0487,0.0026,0.2485,9
7668000.0,0.0,0.0,0.0,540.0,17.753432497686,1,0,6,0,0,0.5837,0.0121,0.1525,0.2494,1.4727,20
13000000.0,0.0,0.0,0.0,623.0,13.9338351667116,8,0,6,0,0,0.3407,0.0132,0.703,0.0155,1.4269,49
75670000.0,0.0,0.0,0.0,658.0,8.17941787125434,0,0,9,0,0,0.3538,0.0121,0.1372,0.0301,0.947,54
55000000.0,0.0,0.0,0.0,894.6,19.7659485925217,12,1,0,0,0,0.5837,0.0121,0.1525,0.2494,1.4727,27
16620000.0,0.0,0.0,0.0,554.0,17.877232859216,7,0,1,0,0,0.7907,0.0009,0.9584,0.035,0.4702,26
17400000.0,0.0,0.0,0.0,696.0,26.1110877080702,0,0,1,0,1,0.5438,0.0007,0.3241,0.0006,0.6486,17
17175000.0,0.0,0.0,0.0,687.0,35.9450661412692,0,0,2,0,0,0.1088,0.0136,0.0487,0.0026,0.2485,9
5726000.000000001,0.0,0.0,0.0,716.0,23.2302408211237,0,0,0,0,0,1.2716,0.0014,0.1551,0.0274,1.3626,30
5742000.000000001,0.0,0.0,0.0,718.0,23.2302408211237,0,0,0,0,0,1.2716,0.0014,0.1551,0.0274,1.3626,30
5734000.000000001,0.0,0.0,0.0,717.0,23.2302408211237,0,0,0,0,0,1.2716,0.0014,0.1551,0.0274,1.3626,30
10098000.0,0.0,0.0,0.0,784.0,12.1965796701453,0,0,1,0,0,0.5837,0.0121,0.1525,0.2494,1.4727,20
17000000.0,0.0,0.0,0.0,603.75,35.8583543833373,0,0,0,0,0,0.1088,0.0136,0.0487,0.0026,0.2485,9
15750000.0,0.0,0.0,0.0,525.0,17.7725091164355,2,0,1,0,0,0.7907,0.0009,0.9584,0.035,0.4702,26
16620000.0,0.0,0.0,0.0,554.0,17.877232859216,7,0,1,0,0,0.7907,0.0009,0.9584,0.035,0.4702,26
84410000.0,0.0,0.0,0.0,734.0,8.17941787125434,0,0,9,0,0,0.3538,0.0121,0.1372,0.0301,0.947,54
84410000.0,0.0,0.0,0.0,734.0,8.17941787125434,0,0,9,0,0,0.3538,0.0121,0.1372,0.0301,0.947,54
15500000.0,0.0,0.0,0.0,598.58,42.5688392787028,0,0,0,0,0,0.1218,0.0016,0.0136,0.0152,0.2777,9
2550000.0,0.0,0.0,0.0,595.0,18.9911795198585,4,2,2,2,0,0.3407,0.0132,0.703,0.0155,1.4269,18
46475000.0,0.0,0.0,0.0,715.0,11.9565795898763,13,1,3,2,0,0.3407,0.0132,0.703,0.0155,1.4269,66
42733200.0,0.0,0.0,0.0,717.0,13.2835905668804,5,0,0,0,1,0.5837,0.0121,0.1525,0.2494,1.4727,20
7000000.0,0.0,0.0,0.0,961.0,39.5501578510163,0,0,0,0,0,0.1218,0.0016,0.0136,0.0152,0.2777,9
2510000.0,0.0,0.0,0.0,502.0,13.5942680809242,0,0,3,0,0,1.2716,0.0014,0.1551,0.0274,1.3626,30
17175000.0,0.0,0.0,0.0,687.0,35.9479690462094,0,0,0,0,0,0.1088,0.0136,0.0487,0.0026,0.2485,9
13725000.0,0.0,0.0,0.0,549.0,35.9479690462094,0,0,0,0,0,0.1088,0.0136,0.0487,0.0026,0.2485,9
42981000.0,0.0,0.0,0.0,550.0,35.9479690462094,0,0,0,0,0,0.1088,0.0136,0.0487,0.0026,0.2485,9
17000000.0,0.0,0.0,0.0,597.0,40.3785718386616,0,0,2,0,0,0.1088,0.0136,0.0487,0.0026,0.2485,9
34200000.0,0.0,0.0,0.0,600.0,13.2835905668804,5,0,0,0,1,0.5837,0.0121,0.1525,0.2494,1.4727,20
7271000.0,0.0,0.0,0.0,568.0,19.7659485925217,12,1,0,0,0,0.5837,0.0121,0.1525,0.2494,1.4727,27
38920000.0,0.0,0.0,0.0,556.0,11.9565795898763,13,1,3,2,0,0.3407,0.0132,0.703,0.0155,1.4269,66
5670000.000000001,0.0,0.0,0.0,709.0,23.2302408211237,0,0,0,0,0,1.2716,0.0014,0.1551,0.0274,1.3626,30
6758000.000000001,0.0,0.0,0.0,845.0,23.2302408211237,0,0,0,0,0,1.2716,0.0014,0.1551,0.0274,1.3626,30
8422920.0,0.0,0.0,0.0,709.0,38.3982004485583,0,0,2,0,0,0.1088,0.0136,0.0487,0.0026,0.2485,9
5742000.000000001,0.0,0.0,0.0,718.0,23.2302408211237,0,0,0,0,0,1.2716,0.0014,0.1551,0.0274,1.3626,30
4919000.0,0.0,0.0,0.0,615.0,23.2302408211237,0,0,0,0,0,1.2716,0.0014,0.1551,0.0274,1.3626,30
6475000.0,0.0,0.0,0.0,925.0,39.5501578510163,0,0,0,0,0,0.1218,0.0016,0.0136,0.0152,0.2777,9
6475000.0,0.0,0.0,0.0,925.0,39.5501578510163,0,0,0,0,0,0.1218,0.0016,0.0136,0.0152,0.2777,9
75670000.0,0.0,0.0,0.0,658.0,8.17941787125434,0,0,9,0,0,0.3538,0.0121,0.1372,0.0301,0.947,54
7736000.0,0.0,0.0,0.0,573.0,17.753432497686,1,0,6,0,0,0.5837,0.0121,0.1525,0.2494,1.4727,20
8087000.0,0.0,0.0,0.0,599.0,17.753432497686,1,0,6,0,0,0.5837,0.0121,0.1525,0.2494,1.4727,20
45396000.0,0.0,0.0,0.0,582.0,11.9565795898763,13,1,3,2,0,0.3407,0.0132,0.703,0.0155,1.4269,66
8735000.0,0.0,0.0,0.0,647.0,17.753432497686,1,0,6,0,0,0.5837,0.0121,0.1525,0.2494,1.4727,20
25000000.0,0.0,0.0,0.0,714.0,12.1965796701453,0,0,1,0,0,0.5837,0.0121,0.1525,0.2494,1.4727,20
19990000.0,0.0,0.0,0.0,610.0,38.3982004485583,0,0,2,0,0,0.1088,0.0136,0.0487,0.0026,0.2485,9
5734000.000000001,0.0,0.0,0.0,717.0,23.2302408211237,0,0,0,0,0,1.2716,0.0014,0.1551,0.0274,1.3626,30
5742000.000000001,0.0,0.0,0.0,718.0,23.2302408211237,0,0,0,0,0,1.2716,0.0014,0.1551,0.0274,1.3626,30
25000000.0,0.0,0.0,0.0,714.0,11.6021973071414,12,1,9,0,0,0.5837,0.0121,0.1525,0.2494,1.4727,44
15000000.0,0.0,0.0,0.0,600.0,39.5305946300785,4,1,5,3,1,0.1088,0.0136,0.0487,0.0026,0.2485,11
31320000.000000004,0.0,0.0,0.0,540.0,13.2835905668804,5,0,0,0,1,0.5837,0.0121,0.1525,0.2494,1.4727,20
33852000.0,0.0,0.0,0.0,868.0,13.2835905668804,5,0,0,0,1,0.5837,0.0121,0.1525,0.2494,1.4727,20
6985999.999999999,0.0,0.0,0.0,998.0,39.5501578510163,0,0,0,0,0,0.1218,0.0016,0.0136,0.0152,0.2777,9
36300000.0,0.0,0.0,0.0,660.0,13.2835905668804,5,0,0,0,1,0.5837,0.0121,0.1525,0.2494,1.4727,20
4950000.000000001,0.0,0.0,0.0,595.0,18.9911795198585,4,2,2,2,0,0.3407,0.0132,0.703,0.0155,1.4269,18
22680000.000000004,0.0,0.0,0.0,504.0,26.1110877080702,0,0,1,0,1,0.5438,0.0007,0.3241,0.0006,0.6486,17
16620000.0,0.0,0.0,0.0,554.0,17.877232859216,7,0,1,0,0,0.7907,0.0009,0.9584,0.035,0.4702,26
40480000.0,0.0,0.0,0.0,800.0,27.0550789815397,0,0,1,0,0,0.5438,0.0007,0.3241,0.0006,0.6486,17
10499999.999999998,0.0,0.0,0.0,684.0,18.4137582278993,1,0,1,1,0,1.2716,0.0014,0.1551,0.0274,1.3626,12
150249000.0,0.0,0.0,0.0,957.0,9.45685746964893,3,0,3,1,1,0.3538,0.0121,0.1372,0.0301,0.947,29
20868000.0,0.0,0.0,0.0,564.0,17.877232859216,7,0,1,0,0,0.7907,0.0009,0.9584,0.035,0.4702,26
2677500.0,0.0,0.0,0.0,595.0,18.9911795198585,4,2,2,2,0,0.3407,0.0132,0.703,0.0155,1.4269,18
12975000.0,0.0,0.0,0.0,519.0,21.0546683822257,4,0,0,0,0,0.7907,0.0009,0.9584,0.035,0.4702,26
27000000.000000004,0.0,0.0,0.0,504.0,13.2835905668804,5,0,0,0,1,0.5837,0.0121,0.1525,0.2494,1.4727,20
134549000.0,0.0,0.0,0.0,857.0,9.45685746964893,3,0,3,1,1,0.3538,0.0121,0.1372,0.0301,0.947,29
109900000.0,0.0,0.0,0.0,700.0,9.45685746964893,3,0,3,1,1,0.3538,0.0121,0.1372,0.0301,0.947,29
10400000.0,0.0,0.0,0.0,520.0,12.2778005352728,3,2,4,1,1,0.169,0.0006,0.0934,0.0181,0.3365,25
24600000.000000004,0.0,0.0,0.0,600.0,17.877232859216,7,0,1,0,0,0.7907,0.0009,0.9584,0.035,0.4702,26
39000000.0,0.0,0.0,0.0,660.0,8.17941787125434,0,0,9,0,0,0.3538,0.0121,0.1372,0.0301,0.947,54
12499999.999999998,0.0,0.0,0.0,923.0,37.5736740624449,2,2,1,2,4,0.1088,0.0136,0.0487,0.0026,0.2485,24
38794400.0,0.0,0.0,0.0,683.0,13.2835905668804,5,0,0,0,1,0.5837,0.0121,0.1525,0.2494,1.4727,20
36725000.0,0.0,0.0,0.0,650.0,13.2835905668804,5,0,0,0,1,0.5837,0.0121,0.1525,0.2494,1.4727,20
26117000.0,0.0,0.0,0.0,533.0,28.0240969241861,2,0,4,0,1,0.5438,0.0007,0.3241,0.0006,0.6486,17
25627000.0,0.0,0.0,0.0,523.0,25.6339304217524,0,0,1,0,0,0.5438,0.0007,0.3241,0.0006,0.6486,17
3380000.0,0.0,0.0,0.0,845.0,39.5501578510163,0,0,0,0,0,0.1218,0.0016,0.0136,0.0152,0.2777,9
29460000.0,0.0,0.0,0.0,600.0,13.2835905668804,5,0,0,0,1,0.5837,0.0121,0.1525,0.2494,1.4727,20
20840000.0,0.0,0.0,0.0,521.0,26.1110877080702,0,0,1,0,1,0.5438,0.0007,0.3241,0.0006,0.6486,17
21636000.0,0.0,0.0,0.0,601.0,17.877232859216,7,0,1,0,0,0.7907,0.0009,0.9584,0.035,0.4702,26
150563000.0,0.0,0.0,0.0,959.0,9.45685746964893,3,0,3,1,1,0.3538,0.0121,0.1372,0.0301,0.947,29
24843000.0,0.0,0.0,0.0,507.0,28.0240969241861,2,0,4,0,1,0.5438,0.0007,0.3241,0.0006,0.6486,17
41460000.0,0.0,0.0,0.0,691.0,28.0240969241861,2,0,4,0,1,0.5438,0.0007,0.3241,0.0006,0.6486,17
27880000.0,0.0,0.0,0.0,697.0,26.1110877080702,0,0,1,0,1,0.5438,0.0007,0.3241,0.0006,0.6486,17
36725000.0,0.0,0.0,0.0,650.0,13.2835905668804,5,0,0,0,1,0.5837,0.0121,0.1525,0.2494,1.4727,20
64200000.0,0.0,0.0,0.0,535.0,8.17941787125434,0,0,9,0,0,0.3538,0.0121,0.1372,0.0301,0.947,54
13344000.0,0.0,0.0,0.0,556.0,26.1110877080702,0,0,1,0,1,0.5438,0.0007,0.3241,0.0006,0.6486,17
3312000.0,0.0,0.0,0.0,552.0,40.90884504313,0,0,0,0,0,0.1218,0.0016,0.0136,0.0152,0.2777,9
2100000.0,0.0,0.0,0.0,600.0,30.962393907879,0,0,0,0,0,0.0734,0.0008,0.0158,0.0076,0.2389,9
2117700.0,0.0,0.0,0.0,543.0,19.0664865082673,0,0,2,0,0,0.1218,0.0016,0.0136,0.0152,0.2777,9
14499999.999999998,0.0,0.0,0.0,567.0,40.5731374145635,5,0,0,1,1,0.1088,0.0136,0.0487,0.0026,0.2485,64
7500000.0,0.0,0.0,0.0,907.0,19.9662116245022,0,0,1,0,0,1.2716,0.0014,0.1551,0.0274,1.3626,30
35724000.0,0.0,0.0,0.0,916.0,17.877232859216,7,0,1,0,0,0.7907,0.0009,0.9584,0.035,0.4702,26
62605000.0,0.0,0.0,0.0,659.0,11.9565795898763,13,1,3,2,0,0.3407,0.0132,0.703,0.0155,1.4269,66
23370000.0,0.0,0.0,0.0,615.0,27.0550789815397,0,0,1,0,0,0.5438,0.0007,0.3241,0.0006,0.6486,17
25000000.0,0.0,0.0,0.0,523.0,28.0240969241861,2,0,4,0,1,0.5438,0.0007,0.3241,0.0006,0.6486,17
30000000.0,0.0,0.0,0.0,642.0,28.0240969241861,2,0,4,0,1,0.5438,0.0007,0.3241,0.0006,0.6486,17
11480000.0,0.0,0.0,0.0,574.0,22.1043837216916,0,0,1,0,0,0.3407,0.0132,0.703,0.0155,1.4269,14
10384000.0,0.0,0.0,0.0,944.0,14.5503190995573,8,0,8,0,0,0.3407,0.0132,0.703,0.0155,1.4269,49
34800000.0,0.0,0.0,0.0,600.0,13.2835905668804,5,0,0,0,1,0.5837,0.0121,0.1525,0.2494,1.4727,20
33000000.0,0.0,0.0,0.0,600.0,13.2835905668804,5,0,0,0,1,0.5837,0.0121,0.1525,0.2494,1.4727,20
30000000.0,0.0,0.0,0.0,600.0,13.2835905668804,5,0,0,0,1,0.5837,0.0121,0.1525,0.2494,1.4727,20
29520000.0,0.0,0.0,0.0,615.0,27.0550789815397,0,0,1,0,0,0.5438,0.0007,0.3241,0.0006,0.6486,17
55290000.0,0.0,0.0,0.0,582.0,13.9338351667116,8,0,6,0,0,0.3407,0.0132,0.703,0.0155,1.4269,49
40460476.00000001,0.0,0.0,0.0,833.0,6.78993186897245,10,1,9,1,4,0.5837,0.0121,0.1525,0.2494,1.4727,-1
28000000.0,0.0,0.0,0.0,504.0,7.37997823376534,0,0,6,1,1,0.0346,0.0122,0.0176,0.006,0.1979,62
14000000.0,0.0,0.0,0.0,740.0,36.2622306611835,3,0,2,0,0,0.1088,0.0136,0.0487,0.0026,0.2485,9
15272000.0,0.0,0.0,0.0,664.0,26.1110877080702,0,0,1,0,1,0.5438,0.0007,0.3241,0.0006,0.6486,17
2534400.0,0.0,0.0,0.0,576.0,23.2384291828966,0,0,1,0,0,0.2257,0.001,0.0441,0.0,0.3048,9
20000000.0,0.0,0.0,0.0,750.0,4.48341829644017,1,0,4,1,0,0.3538,0.0121,0.1372,0.0301,0.947,29
36598000.0,0.0,0.0,0.0,631.0,10.7363234656769,0,0,0,0,0,0.5837,0.0121,0.1525,0.2494,1.4727,20
21996000.0,0.0,0.0,0.0,564.0,20.080852301341,13,1,10,0,1,0.7907,0.0009,0.9584,0.035,0.4702,63
33000000.0,0.0,0.0,0.0,551.0,28.0240969241861,2,0,4,0,1,0.5438,0.0007,0.3241,0.0006,0.6486,17
40651000.0,0.0,0.0,0.0,689.0,13.2835905668804,5,0,0,0,1,0.5837,0.0121,0.1525,0.2494,1.4727,20
27300000.0,0.0,0.0,0.0,780.0,24.8033098610909,1,0,3,0,0,0.5438,0.0007,0.3241,0.0006,0.6486,17
32362322.0,0.0,0.0,0.0,626.0,6.78993186897245,10,1,9,1,4,0.254,0.0116,0.2906,0.0843,1.043,33
9680000.0,0.0,0.0,0.0,968.0,34.397361158154,0,0,2,0,0,0.5438,0.0007,0.3241,0.0006,0.6486,17
15025000.0,0.0,0.0,0.0,601.0,36.2093090484105,0,0,0,0,0,0.1088,0.0136,0.0487,0.0026,0.2485,9
40732000.0,0.0,0.0,0.0,544.0,28.0240969241861,2,0,4,0,1,0.5438,0.0007,0.3241,0.0006,0.6486,17
10800000.0,0.0,0.0,0.0,600.0,37.4981280658715,0,0,2,0,0,0.1088,0.0136,0.0487,0.0026,0.2485,9
10800000.0,0.0,0.0,0.0,600.0,37.4981280658715,0,0,2,0,0,0.1088,0.0136,0.0487,0.0026,0.2485,9
13525000.0,0.0,0.0,0.0,541.0,26.1110877080702,0,0,1,0,1,0.5438,0.0007,0.3241,0.0006,0.6486,17
11400000.0,0.0,0.0,0.0,600.0,37.7024349839412,0,0,1,0,0,0.1088,0.0136,0.0487,0.0026,0.2485,9
48664800.0,0.0,0.0,0.0,900.0,6.78993186897245,10,1,9,1,4,0.254,0.0116,0.2906,0.0843,1.043,33
32000000.0,0.0,0.0,0.0,600.0,13.2835905668804,5,0,0,0,1,0.5837,0.0121,0.1525,0.2494,1.4727,20
24252000.0,0.0,0.0,0.0,516.0,10.7363234656769,0,0,0,0,0,0.5837,0.0121,0.1525,0.2494,1.4727,20
31755000.0,0.0,0.0,0.0,870.0,11.4507110091189,13,1,8,0,0,0.5837,0.0121,0.1525,0.2494,1.4727,44
27468000.0,0.0,0.0,0.0,504.0,13.2835905668804,5,0,0,0,1,0.5837,0.0121,0.1525,0.2494,1.4727,20
11583000.0,0.0,0.0,0.0,891.0,35.9479690462094,0,0,0,0,0,0.1088,0.0136,0.0487,0.0026,0.2485,9
21000000.0,0.0,0.0,0.0,532.0,13.2835905668804,5,0,0,0,1,0.5837,0.0121,0.1525,0.2494,1.4727,20
10800000.0,0.0,0.0,0.0,600.0,37.4981280658715,0,0,2,0,0,0.1088,0.0136,0.0487,0.0026,0.2485,9
30420000.0,0.0,0.0,0.0,507.0,25.6339304217524,0,0,1,0,0,0.5438,0.0007,0.3241,0.0006,0.6486,17
27000000.000000004,0.0,0.0,0.0,511.0,26.1110877080702,0,0,1,0,1,0.5438,0.0007,0.3241,0.0006,0.6486,17
38040000.0,0.0,0.0,0.0,951.0,17.877232859216,7,0,1,0,0,0.7907,0.0009,0.9584,0.035,0.4702,26
35750000.0,0.0,0.0,0.0,550.0,28.0240969241861,2,0,4,0,1,0.5438,0.0007,0.3241,0.0006,0.6486,17
39589000.0,0.0,0.0,0.0,671.0,13.2835905668804,5,0,0,0,1,0.5837,0.0121,0.1525,0.2494,1.4727,20
14419999.999999998,0.0,0.0,0.0,721.0,25.1629703948562,17,0,8,4,1,0.5438,0.0007,0.3241,0.0006,0.6486,21
12300000.0,0.0,0.0,0.0,615.0,2.54638450746131,2,0,0,0,0,0.3538,0.0121,0.1372,0.0301,0.947,51
27720000.0,0.0,0.0,0.0,504.0,13.2835905668804,5,0,0,0,1,0.5837,0.0121,0.1525,0.2494,1.4727,20
29400000.000000004,0.0,0.0,0.0,588.0,13.2835905668804,5,0,0,0,1,0.5837,0.0121,0.1525,0.2494,1.4727,20
24480000.0,0.0,0.0,0.0,612.0,17.877232859216,7,0,1,0,0,0.7907,0.0009,0.9584,0.035,0.4702,26
9225000.0,0.0,0.0,0.0,615.0,37.6916461629247,2,2,3,2,4,0.1088,0.0136,0.0487,0.0026,0.2485,24
10000000.0,0.0,0.0,0.0,600.0,37.4186300337462,0,0,1,0,1,0.1088,0.0136,0.0487,0.0026,0.2485,9
38500000.0,0.0,0.0,0.0,550.0,28.0240969241861,2,0,4,0,1,0.5438,0.0007,0.3241,0.0006,0.6486,17
11837500.0,0.0,0.0,0.0,947.0,34.397361158154,0,0,2,0,0,0.5438,0.0007,0.3241,0.0006,0.6486,17
20710000.0,0.0,0.0,0.0,545.0,27.0550789815397,0,0,1,0,0,0.5438,0.0007,0.3241,0.0006,0.6486,17
36300000.0,0.0,0.0,0.0,726.0,13.2835905668804,5,0,0,0,1,0.5837,0.0121,0.1525,0.2494,1.4727,20
31950000.0,0.0,0.0,0.0,639.0,13.2835905668804,5,0,0,0,1,0.5837,0.0121,0.1525,0.2494,1.4727,20
33852000.0,0.0,0.0,0.0,868.0,13.2835905668804,5,0,0,0,1,0.5837,0.0121,0.1525,0.2494,1.4727,20
54000000.00000001,0.0,0.0,0.0,930.0,13.2835905668804,5,0,0,0,1,0.5837,0.0121,0.1525,0.2494,1.4727,20
19495000.0,0.0,0.0,0.0,557.0,35.9450661412692,0,0,2,0,0,0.1088,0.0136,0.0487,0.0026,0.2485,9
43400000.0,0.0,0.0,0.0,868.0,13.2835905668804,5,0,0,0,1,0.5837,0.0121,0.1525,0.2494,1.4727,20
8620000.0,0.0,0.0,0.0,862.0,9.23311478197937,2,1,8,1,1,0.3727,0.0,0.1187,0.0,0.6357,-1
43400000.0,0.0,0.0,0.0,868.0,13.2835905668804,5,0,0,0,1,0.5837,0.0121,0.1525,0.2494,1.4727,20
15000000.0,0.0,0.0,0.0,862.0,17.753432497686,1,0,6,0,0,0.5837,0.0121,0.1525,0.2494,1.4727,20
20000000.0,0.0,0.0,0.0,623.0,23.6916300087125,0,0,0,0,0,0.3407,0.0132,0.703,0.0155,1.4269,14
13000000.0,0.0,0.0,0.0,526.0,25.9139979957551,0,0,1,0,1,0.5438,0.0007,0.3241,0.0006,0.6486,17
19760000.0,0.0,0.0,0.0,520.0,27.0550789815397,0,0,1,0,0,0.5438,0.0007,0.3241,0.0006,0.6486,17
4972500.0,0.0,0.0,0.0,663.0,19.8751469191544,0,0,1,0,0,0.5837,0.0121,0.1525,0.2494,1.4727,20
29610000.0,0.0,0.0,0.0,658.0,13.2835905668804,5,0,0,0,1,0.5837,0.0121,0.1525,0.2494,1.4727,20
29790000.0,0.0,0.0,0.0,662.0,13.2835905668804,5,0,0,0,1,0.5837,0.0121,0.1525,0.2494,1.4727,20
27477000.0,0.0,0.0,0.0,639.0,13.2835905668804,5,0,0,0,1,0.5837,0.0121,0.1525,0.2494,1.4727,20
24480000.0,0.0,0.0,0.0,612.0,17.877232859216,7,0,1,0,0,0.7907,0.0009,0.9584,0.035,0.4702,26
15025000.0,0.0,0.0,0.0,601.0,35.7123582293428,0,0,2,0,0,0.1088,0.0136,0.0487,0.0026,0.2485,9
1875000.0,0.0,0.0,0.0,750.0,37.3518108159006,0,0,2,0,0,0.1613,0.0,0.015,0.0007,0.3402,9
11180000.0,0.0,0.0,0.0,559.0,40.5731374145635,5,0,0,1,1,0.1088,0.0136,0.0487,0.0026,0.2485,64
15025000.0,0.0,0.0,0.0,601.0,35.9450661412692,0,0,2,0,0,0.1088,0.0136,0.0487,0.0026,0.2485,9
29925000.0,0.0,0.0,0.0,665.0,13.2835905668804,5,0,0,0,1,0.5837,0.0121,0.1525,0.2494,1.4727,20
16038000.0,0.0,0.0,0.0,594.0,17.877232859216,7,0,1,0,0,0.7907,0.0009,0.9584,0.035,0.4702,26
15025000.0,0.0,0.0,0.0,601.0,35.9450661412692,0,0,2,0,0,0.1088,0.0136,0.0487,0.0026,0.2485,9
17640000.0,0.0,0.0,0.0,504.0,9.43386668635108,0,0,1,0,0,0.254,0.0116,0.2906,0.0843,1.043,10
27000000.000000004,0.0,0.0,0.0,588.0,15.2105601369867,25,0,23,9,1,0.5837,0.0121,0.1525,0.2494,1.4727,42
22000000.0,0.0,0.0,0.0,540.0,8.50515694452222,3,0,10,0,0,0.254,0.0116,0.2906,0.0843,1.043,31
22000000.0,0.0,0.0,0.0,540.0,8.50515694452222,3,0,10,0,0,0.254,0.0116,0.2906,0.0843,1.043,31
25100000.0,0.0,0.0,0.0,506.0,9.43386668635108,0,0,1,0,0,0.254,0.0116,0.2906,0.0843,1.043,10
33000000.0,0.0,0.0,0.0,729.0,13.2835905668804,5,0,0,0,1,0.5837,0.0121,0.1525,0.2494,1.4727,20
42970000.0,0.0,0.0,0.0,951.0,17.877232859216,7,0,1,0,0,0.7907,0.0009,0.9584,0.035,0.4702,26
11622000.0,0.0,0.0,0.0,520.0,37.4981280658715,0,0,2,0,0,0.1088,0.0136,0.0487,0.0026,0.2485,9
13546000.0,0.0,0.0,0.0,521.0,26.1110877080702,0,0,1,0,1,0.5438,0.0007,0.3241,0.0006,0.6486,17
18040000.0,0.0,0.0,0.0,902.0,12.1965796701453,0,0,1,0,0,0.5837,0.0121,0.1525,0.2494,1.4727,20
21750000.0,0.0,0.0,0.0,725.0,11.6021973071414,12,1,9,0,0,0.5837,0.0121,0.1525,0.2494,1.4727,44
22880000.0,0.0,0.0,0.0,572.0,17.877232859216,7,0,1,0,0,0.7907,0.0009,0.9584,0.035,0.4702,26
11964000.0,0.0,0.0,0.0,997.0,34.397361158154,0,0,2,0,0,0.5438,0.0007,0.3241,0.0006,0.6486,17
7000000.0,0.0,0.0,0.0,860.0,22.1043837216916,0,0,1,0,0,0.3407,0.0132,0.703,0.0155,1.4269,14
9000000.0,0.0,0.0,0.0,600.0,8.04122100351935,6,0,14,0,5,0.254,0.0116,0.2906,0.0843,1.043,67
18000000.0,0.0,0.0,0.0,600.0,17.7725091164355,2,0,1,0,0,0.7907,0.0009,0.9584,0.035,0.4702,26
9800000.0,0.0,0.0,0.0,603.0,22.1043837216916,0,0,1,0,0,0.3407,0.0132,0.703,0.0155,1.4269,14
7136640.0,0.0,0.0,0.0,531.0,23.7092699238974,0,0,0,0,0,0.3407,0.0132,0.703,0.0155,1.4269,14
8000006.0,0.0,0.0,0.0,829.0,22.1043837216916,0,0,1,0,0,0.3407,0.0132,0.703,0.0155,1.4269,14
2100000.0,0.0,0.0,0.0,600.0,29.1681702241791,0,0,2,0,0,0.0734,0.0008,0.0158,0.0076,0.2389,9
85000.0,0.0,0.0,0.0,420.0,8.17997233732319,3,0,2,0,0,0.1593,0.1281,0.0403,0.0,0.2772,68
85000.0,0.0,0.0,0.0,1360.0,0.216167064459452,11,0,8,3,0,0.1593,0.1281,0.0403,0.0,0.2772,69
85000.0,0.0,0.0,0.0,1.0,0.216167064459452,11,0,8,3,0,0.1593,0.1281,0.0403,0.0,0.2772,69
213000.0,0.0,0.0,0.0,12.5,0.216167064459452,11,0,8,3,0,0.1593,0.1281,0.0403,0.0,0.2772,69
233000.0,0.0,0.0,0.0,1.0,0.216167064459452,11,0,8,3,0,0.1593,0.1281,0.0403,0.0,0.2772,69
250000.0,0.0,0.0,0.0,2.5,0.216167064459452,11,0,8,3,0,0.1593,0.1281,0.0403,0.0,0.2772,69
2000000.0,0.0,0.0,0.0,6000.0,0.857412969935431,10,0,10,8,0,0.1593,0.1281,0.0403,0.0,0.2772,70
3000000.0,0.0,0.0,0.0,120.0,7.00455244741367,1,0,7,0,1,0.1593,0.1281,0.0403,0.0,0.2772,71
3781000.0,0.0,0.0,0.0,199.0,6.89014801514779,0,0,4,1,0,0.1593,0.1281,0.0403,0.0,0.2772,-1
3933000.0,0.0,0.0,0.0,207.0,6.89014801514779,0,0,4,1,0,0.1593,0.1281,0.0403,0.0,0.2772,-1
4072000.0,0.0,0.0,0.0,71.0,0.874282403767014,10,0,13,8,0,0.1593,0.1281,0.0403,0.0,0.2772,70
4600000.0,0.0,0.0,0.0,194.0,5.71267280725422,0,0,12,2,0,0.1593,0.1281,0.0403,0.0,0.2772,72
5000000.0,0.0,0.0,0.0,156.0,4.89259455886982,12,1,15,3,3,0.1593,0.1281,0.0403,0.0,0.2772,-1
5355000.0,0.0,0.0,0.0,180.0,5.806243334315,0,0,13,2,0,0.1593,0.1281,0.0403,0.0,0.2772,72
5700000.0,0.0,0.0,0.0,192.0,2.08563204474411,6,0,13,0,1,0.1593,0.1281,0.0403,0.0,0.2772,73
5800000.0,0.0,0.0,0.0,242.0,5.71267280725422,0,0,12,2,0,0.1593,0.1281,0.0403,0.0,0.2772,72
5830000.000000001,0.0,0.0,0.0,76.12999999999998,1.48105822276385,15,0,14,5,0,0.1593,0.1281,0.0403,0.0,0.2772,-1
6148000.0,0.0,0.0,0.0,106.0,3.33459740098565,21,1,11,4,2,0.1593,0.1281,0.0403,0.0,0.2772,-1
6160000.0,0.0,0.0,0.0,280.0,5.71267280725422,0,0,12,2,0,0.1593,0.1281,0.0403,0.0,0.2772,72
6380000.0,0.0,0.0,0.0,110.0,3.59794852654164,0,0,17,4,1,0.1593,0.1281,0.0403,0.0,0.2772,74
6600000.0,0.0,0.0,0.0,30.0,0.216167064459452,11,0,8,3,0,0.1593,0.1281,0.0403,0.0,0.2772,69
7015000.0,0.0,0.0,0.0,216.0,1.93263753761573,14,0,14,1,0,0.1593,0.1281,0.0403,0.0,0.2772,-1
7200000.0,0.0,0.0,0.0,240.0,6.231178122715,12,1,3,0,6,0.1593,0.1281,0.0403,0.0,0.2772,75
7300000.0,0.0,0.0,0.0,240.0,7.00455244741367,1,0,7,0,1,0.1593,0.1281,0.0403,0.0,0.2772,71
25840000.0,0.0,0.0,0.0,304.0,8.17997233732319,3,0,2,0,0,0.1593,0.1281,0.0403,0.0,0.2772,68
15840000.0,0.0,0.0,0.0,528.0,6.231178122715,12,1,3,0,6,0.1593,0.1281,0.0403,0.0,0.2772,75
47190000.0,0.0,0.0,0.0,429.0,8.17997233732319,3,0,2,0,0,0.1593,0.1281,0.0403,0.0,0.2772,68
48000000.0,0.0,0.0,0.0,517.0,8.17997233732319,3,0,2,0,0,0.1593,0.1281,0.0403,0.0,0.2772,68
32400000.0,0.0,0.0,0.0,324.0,8.17997233732319,3,0,2,0,0,0.1593,0.1281,0.0403,0.0,0.2772,68
198898000.0,0.0,0.0,0.0,950.0,8.17997233732319,3,0,2,0,0,0.1593,0.1281,0.0403,0.0,0.2772,68
326680000.0,0.0,0.0,0.0,8167.0,0.857412969935431,10,0,10,8,0,0.1593,0.1281,0.0403,0.0,0.2772,70
28000000.0,0.0,0.0,0.0,350.0,8.17997233732319,3,0,2,0,0,0.1593,0.1281,0.0403,0.0,0.2772,68
27840000.0,0.0,0.0,0.0,348.0,8.17997233732319,3,0,2,0,0,0.1593,0.1281,0.0403,0.0,0.2772,68
36225000.0,0.0,0.0,0.0,345.0,6.231178122715,12,1,3,0,6,0.1593,0.1281,0.0403,0.0,0.2772,75
60300000.0,0.0,0.0,0.0,603.0,8.17997233732319,3,0,2,0,0,0.1593,0.1281,0.0403,0.0,0.2772,68
31535000.0,0.0,0.0,0.0,371.0,8.17997233732319,3,0,2,0,0,0.1593,0.1281,0.0403,0.0,0.2772,68
28000000.0,0.0,0.0,0.0,350.0,8.17997233732319,3,0,2,0,0,0.1593,0.1281,0.0403,0.0,0.2772,68
28000000.0,0.0,0.0,0.0,350.0,8.17997233732319,3,0,2,0,0,0.1593,0.1281,0.0403,0.0,0.2772,68
28595000.0,0.0,0.0,0.0,301.0,8.17997233732319,3,0,2,0,0,0.1593,0.1281,0.0403,0.0,0.2772,68
27990000.0,0.0,0.0,0.0,311.0,8.17997233732319,3,0,2,0,0,0.1593,0.1281,0.0403,0.0,0.2772,68
29750000.0,0.0,0.0,0.0,350.0,8.17997233732319,3,0,2,0,0,0.1593,0.1281,0.0403,0.0,0.2772,68
39263000.0,0.0,0.0,0.0,430.0,8.17997233732319,3,0,2,0,0,0.1593,0.1281,0.0403,0.0,0.2772,68
198898000.0,0.0,0.0,0.0,950.0,8.17997233732319,3,0,2,0,0,0.1593,0.1281,0.0403,0.0,0.2772,68
33250000.0,0.0,0.0,0.0,350.0,6.48838185572287,12,1,5,0,5,0.1593,0.1281,0.0403,0.0,0.2772,75
198898000.0,0.0,0.0,0.0,950.0,8.17997233732319,3,0,2,0,0,0.1593,0.1281,0.0403,0.0,0.2772,68
30300000.0,0.0,0.0,0.0,303.0,8.17997233732319,3,0,2,0,0,0.1593,0.1281,0.0403,0.0,0.2772,68
32400000.0,0.0,0.0,0.0,324.0,8.17997233732319,3,0,2,0,0,0.1593,0.1281,0.0403,0.0,0.2772,68
21600000.0,0.0,0.0,0.0,270.0,8.17997233732319,3,0,2,0,0,0.1593,0.1281,0.0403,0.0,0.2772,68
30780000.0,0.0,0.0,0.0,324.0,8.17997233732319,3,0,2,0,0,0.1593,0.1281,0.0403,0.0,0.2772,68
25416000.0,0.0,0.0,0.0,353.0,8.17997233732319,3,0,2,0,0,0.1593,0.1281,0.0403,0.0,0.2772,68
23120000.0,0.0,0.0,0.0,272.0,8.17997233732319,3,0,2,0,0,0.1593,0.1281,0.0403,0.0,0.2772,68
41900000.0,0.0,0.0,0.0,430.0,8.17997233732319,3,0,2,0,0,0.1593,0.1281,0.0403,0.0,0.2772,68
42930000.0,0.0,0.0,0.0,421.0,8.17997233732319,3,0,2,0,0,0.1593,0.1281,0.0403,0.0,0.2772,68
22703000.0,0.0,0.0,0.0,311.0,8.17997233732319,3,0,2,0,0,0.1593,0.1281,0.0403,0.0,0.2772,68
28000000.0,0.0,0.0,0.0,350.0,8.17997233732319,3,0,2,0,0,0.1593,0.1281,0.0403,0.0,0.2772,68
262335000.0,0.0,0.0,0.0,1260.0,8.17997233732319,3,0,2,0,0,0.1593,0.1281,0.0403,0.0,0.2772,68
32110000.0,0.0,0.0,0.0,338.0,8.17997233732319,3,0,2,0,0,0.1593,0.1281,0.0403,0.0,0.2772,68
35700000.0,0.0,0.0,0.0,420.0,8.17997233732319,3,0,2,0,0,0.1593,0.1281,0.0403,0.0,0.2772,68
35700000.0,0.0,0.0,0.0,420.0,8.17997233732319,3,0,2,0,0,0.1593,0.1281,0.0403,0.0,0.2772,68
25840000.0,0.0,0.0,0.0,304.0,8.17997233732319,3,0,2,0,0,0.1593,0.1281,0.0403,0.0,0.2772,68
48000000.0,0.0,0.0,0.0,320.0,6.231178122715,12,1,3,0,6,0.1593,0.1281,0.0403,0.0,0.2772,75
17745000.0,0.0,0.0,0.0,273.0,8.17997233732319,3,0,2,0,0,0.1593,0.1281,0.0403,0.0,0.2772,68
236101500.0,0.0,0.0,0.0,1260.0,8.17997233732319,3,0,2,0,0,0.1593,0.1281,0.0403,0.0,0.2772,68
35490000.0,0.0,0.0,0.0,507.0,8.17997233732319,3,0,2,0,0,0.1593,0.1281,0.0403,0.0,0.2772,68
153642000.0,0.0,0.0,0.0,2649.0,3.59794852654164,0,0,17,4,1,0.1593,0.1281,0.0403,0.0,0.2772,74
198898000.0,0.0,0.0,0.0,950.0,8.17997233732319,3,0,2,0,0,0.1593,0.1281,0.0403,0.0,0.2772,68
32400000.0,0.0,0.0,0.0,336.0,8.17997233732319,3,0,2,0,0,0.1593,0.1281,0.0403,0.0,0.2772,68
150128000.0,0.0,0.0,0.0,1706.0,8.17997233732319,3,0,2,0,0,0.1593,0.1281,0.0403,0.0,0.2772,68
27200000.0,0.0,0.0,0.0,272.0,8.17997233732319,3,0,2,0,0,0.1593,0.1281,0.0403,0.0,0.2772,68
43985000.0,0.0,0.0,0.0,463.0,6.231178122715,12,1,3,0,6,0.1593,0.1281,0.0403,0.0,0.2772,75
36225000.0,0.0,0.0,0.0,345.0,6.231178122715,12,1,3,0,6,0.1593,0.1281,0.0403,0.0,0.2772,75
25245000.0,0.0,0.0,0.0,297.0,6.231178122715,12,1,3,0,6,0.1593,0.1281,0.0403,0.0,0.2772,75
22425000.0,0.0,0.0,0.0,299.0,8.17997233732319,3,0,2,0,0,0.1593,0.1281,0.0403,0.0,0.2772,68
200000000.0,0.0,0.0,0.0,1000.0,3.59794852654164,0,0,17,4,1,0.1593,0.1281,0.0403,0.0,0.2772,74
33250000.0,0.0,0.0,0.0,350.0,8.17997233732319,3,0,2,0,0,0.1593,0.1281,0.0403,0.0,0.2772,68
32775000.0,0.0,0.0,0.0,345.0,8.17997233732319,3,0,2,0,0,0.1593,0.1281,0.0403,0.0,0.2772,68
28000000.0,0.0,0.0,0.0,350.0,8.17997233732319,3,0,2,0,0,0.1593,0.1281,0.0403,0.0,0.2772,68
44559999.99999999,0.0,0.0,0.0,557.0,8.17997233732319,3,0,2,0,0,0.1593,0.1281,0.0403,0.0,0.2772,68
40719999.99999999,0.0,0.0,0.0,509.0,8.17997233732319,3,0,2,0,0,0.1593,0.1281,0.0403,0.0,0.2772,68
32373000.0,0.0,0.0,0.0,327.0,8.17997233732319,3,0,2,0,0,0.1593,0.1281,0.0403,0.0,0.2772,68
37300300.0,0.0,0.0,0.0,373.0,8.17997233732319,3,0,2,0,0,0.1593,0.1281,0.0403,0.0,0.2772,68
262334997.0,0.0,0.0,0.0,1260.0,8.17997233732319,3,0,2,0,0,0.1593,0.1281,0.0403,0.0,0.2772,68
22000888.0,0.0,0.0,0.0,200.0,8.17997233732319,3,0,2,0,0,0.1593,0.1281,0.0403,0.0,0.2772,68
33250000.0,0.0,0.0,0.0,350.0,8.17997233732319,3,0,2,0,0,0.1593,0.1281,0.0403,0.0,0.2772,68
28000000.0,0.0,0.0,0.0,350.0,8.17997233732319,3,0,2,0,0,0.1593,0.1281,0.0403,0.0,0.2772,68
28000000.0,0.0,0.0,0.0,350.0,8.17997233732319,3,0,2,0,0,0.1593,0.1281,0.0403,0.0,0.2772,68
16940000.0,0.0,0.0,0.0,308.0,1.93263753761573,14,0,14,1,0,0.1593,0.1281,0.0403,0.0,0.2772,-1
18000000.0,0.0,0.0,0.0,253.0,8.17997233732319,3,0,2,0,0,0.1593,0.1281,0.0403,0.0,0.2772,68
27300000.0,0.0,0.0,0.0,210.0,8.17997233732319,3,0,2,0,0,0.1593,0.1281,0.0403,0.0,0.2772,68
12499999.999999998,0.0,0.0,0.0,510.0,4.89259455886982,12,1,15,3,3,0.1593,0.1281,0.0403,0.0,0.2772,-1
11488000.0,0.0,0.0,0.0,510.0,4.89259455886982,12,1,15,3,3,0.1593,0.1281,0.0403,0.0,0.2772,-1
17594500.0,0.0,0.0,0.0,457.0,3.33459740098565,21,1,11,4,2,0.1593,0.1281,0.0403,0.0,0.2772,-1
39665000.0,0.0,0.0,0.0,414.0,8.17997233732319,3,0,2,0,0,0.1593,0.1281,0.0403,0.0,0.2772,68
28575000.0,0.0,0.0,0.0,381.0,9.89214983773939,2,1,1,0,2,0.1593,0.1281,0.0403,0.0,0.2772,76
27940000.0,0.0,0.0,0.0,196.0,8.17997233732319,3,0,2,0,0,0.1593,0.1281,0.0403,0.0,0.2772,68
41380000.0,0.0,0.0,0.0,292.0,8.17997233732319,3,0,2,0,0,0.1593,0.1281,0.0403,0.0,0.2772,68
22703000.0,0.0,0.0,0.0,311.0,8.17997233732319,3,0,2,0,0,0.1593,0.1281,0.0403,0.0,0.2772,68
23800000.000000004,0.0,0.0,0.0,280.0,8.17997233732319,3,0,2,0,0,0.1593,0.1281,0.0403,0.0,0.2772,68
25848000.000000004,0.0,0.0,0.0,359.0,8.17997233732319,3,0,2,0,0,0.1593,0.1281,0.0403,0.0,0.2772,68
22703000.0,0.0,0.0,0.0,311.0,8.17997233732319,3,0,2,0,0,0.1593,0.1281,0.0403,0.0,0.2772,68
22703000.0,0.0,0.0,0.0,311.0,8.17997233732319,3,0,2,0,0,0.1593,0.1281,0.0403,0.0,0.2772,68
22703000.0,0.0,0.0,0.0,311.0,8.17997233732319,3,0,2,0,0,0.1593,0.1281,0.0403,0.0,0.2772,68
22703000.0,0.0,0.0,0.0,311.0,8.17997233732319,3,0,2,0,0,0.1593,0.1281,0.0403,0.0,0.2772,68
22703000.0,0.0,0.0,0.0,311.0,8.17997233732319,3,0,2,0,0,0.1593,0.1281,0.0403,0.0,0.2772,68
22703000.0,0.0,0.0,0.0,311.0,8.17997233732319,3,0,2,0,0,0.1593,0.1281,0.0403,0.0,0.2772,68
28520000.0,0.0,0.0,0.0,310.0,8.17997233732319,3,0,2,0,0,0.1593,0.1281,0.0403,0.0,0.2772,68
22703000.0,0.0,0.0,0.0,311.0,8.17997233732319,3,0,2,0,0,0.1593,0.1281,0.0403,0.0,0.2772,68
22703000.0,0.0,0.0,0.0,311.0,8.17997233732319,3,0,2,0,0,0.1593,0.1281,0.0403,0.0,0.2772,68
44740000.0,0.0,0.0,0.0,316.0,8.17997233732319,3,0,2,0,0,0.1593,0.1281,0.0403,0.0,0.2772,68
8399996.0,0.0,0.0,0.0,280.0,4.22570476631098,15,0,7,0,0,0.1593,0.1281,0.0403,0.0,0.2772,77
65880000.0,0.0,0.0,0.0,732.0,8.17997233732319,3,0,2,0,0,0.1593,0.1281,0.0403,0.0,0.2772,68
29250000.0,0.0,0.0,0.0,325.0,8.17997233732319,3,0,2,0,0,0.1593,0.1281,0.0403,0.0,0.2772,68
30175000.0,0.0,0.0,0.0,355.0,8.17997233732319,3,0,2,0,0,0.1593,0.1281,0.0403,0.0,0.2772,68
35336700.0,0.0,0.0,0.0,430.0,8.17997233732319,3,0,2,0,0,0.1593,0.1281,0.0403,0.0,0.2772,68
28000000.0,0.0,0.0,0.0,350.0,8.17997233732319,3,0,2,0,0,0.1593,0.1281,0.0403,0.0,0.2772,68
22500000.0,0.0,0.0,0.0,300.0,8.17997233732319,3,0,2,0,0,0.1593,0.1281,0.0403,0.0,0.2772,68
23120000.0,0.0,0.0,0.0,272.0,8.17997233732319,3,0,2,0,0,0.1593,0.1281,0.0403,0.0,0.2772,68
21000000.0,0.0,0.0,0.0,300.0,8.17997233732319,3,0,2,0,0,0.1593,0.1281,0.0403,0.0,0.2772,68
34020900.0,0.0,0.0,0.0,414.0,8.17997233732319,3,0,2,0,0,0.1593,0.1281,0.0403,0.0,0.2772,68
54893700.0,0.0,0.0,0.0,668.0,8.17997233732319,3,0,2,0,0,0.1593,0.1281,0.0403,0.0,0.2772,68
36000000.0,0.0,0.0,0.0,393.0,8.17997233732319,3,0,2,0,0,0.1593,0.1281,0.0403,0.0,0.2772,68
28000000.0,0.0,0.0,0.0,350.0,8.17997233732319,3,0,2,0,0,0.1593,0.1281,0.0403,0.0,0.2772,68
29970000.0,0.0,0.0,0.0,333.0,8.17997233732319,3,0,2,0,0,0.1593,0.1281,0.0403,0.0,0.2772,68
24500000.0,0.0,0.0,0.0,350.0,8.17997233732319,3,0,2,0,0,0.1593,0.1281,0.0403,0.0,0.2772,68
30600000.0,0.0,0.0,0.0,340.0,8.17997233732319,3,0,2,0,0,0.1593,0.1281,0.0403,0.0,0.2772,68
14631000.0,0.0,0.0,0.0,360.0,3.90127400527551,18,1,12,5,3,0.1593,0.1281,0.0403,0.0,0.2772,-1
65880000.0,0.0,0.0,0.0,732.0,8.17997233732319,3,0,2,0,0,0.1593,0.1281,0.0403,0.0,0.2772,68
40719999.99999999,0.0,0.0,0.0,507.0,8.17997233732319,3,0,2,0,0,0.1593,0.1281,0.0403,0.0,0.2772,68
27840000.0,0.0,0.0,0.0,348.0,8.17997233732319,3,0,2,0,0,0.1593,0.1281,0.0403,0.0,0.2772,68
38537000.0,0.0,0.0,0.0,421.0,8.17997233732319,3,0,2,0,0,0.1593,0.1281,0.0403,0.0,0.2772,68
14045004.0,0.0,0.0,0.0,280.0,4.22570476631098,15,0,7,0,0,0.1593,0.1281,0.0403,0.0,0.2772,77
33250000.0,0.0,0.0,0.0,350.0,8.17997233732319,3,0,2,0,0,0.1593,0.1281,0.0403,0.0,0.2772,68
21000000.0,0.0,0.0,0.0,407.0,8.17997233732319,3,0,2,0,0,0.1593,0.1281,0.0403,0.0,0.2772,68
28000000.0,0.0,0.0,0.0,350.0,8.17997233732319,3,0,2,0,0,0.1593,0.1281,0.0403,0.0,0.2772,68
23775000.0,0.0,0.0,0.0,317.0,8.17997233732319,3,0,2,0,0,0.1593,0.1281,0.0403,0.0,0.2772,68
33250000.0,0.0,0.0,0.0,350.0,8.17997233732319,3,0,2,0,0,0.1593,0.1281,0.0403,0.0,0.2772,68
28000000.0,0.0,0.0,0.0,350.0,8.17997233732319,3,0,2,0,0,0.1593,0.1281,0.0403,0.0,0.2772,68
41688000.0,0.0,0.0,0.0,386.0,8.17997233732319,3,0,2,0,0,0.1593,0.1281,0.0403,0.0,0.2772,68
44500000.0,0.0,0.0,0.0,515.0,8.17997233732319,3,0,2,0,0,0.1593,0.1281,0.0403,0.0,0.2772,68
32373000.0,0.0,0.0,0.0,327.0,8.17997233732319,3,0,2,0,0,0.1593,0.1281,0.0403,0.0,0.2772,68
24320000.0,0.0,0.0,0.0,304.0,8.17997233732319,3,0,2,0,0,0.1593,0.1281,0.0403,0.0,0.2772,68
28120000.000000004,0.0,0.0,0.0,296.0,6.231178122715,12,1,3,0,6,0.1593,0.1281,0.0403,0.0,0.2772,75
141320000.0,0.0,0.0,0.0,3533.0,4.18516398473014,15,0,7,0,0,0.1593,0.1281,0.0403,0.0,0.2772,77
70000000.0,0.0,0.0,0.0,435.0,8.17997233732319,3,0,2,0,0,0.1593,0.1281,0.0403,0.0,0.2772,68
24075000.0,0.0,0.0,0.0,321.0,8.17997233732319,3,0,2,0,0,0.1593,0.1281,0.0403,0.0,0.2772,68
24000000.0,0.0,0.0,0.0,300.0,8.17997233732319,3,0,2,0,0,0.1593,0.1281,0.0403,0.0,0.2772,68
326680000.0,0.0,0.0,0.0,8167.0,4.60459941732289,24,1,12,2,3,0.1593,0.1281,0.0403,0.0,0.2772,-1
86475000.0,0.0,0.0,0.0,1153.0,0.216167064459452,11,0,8,3,0,0.1593,0.1281,0.0403,0.0,0.2772,69
51500000.0,0.0,0.0,0.0,606.0,8.17997233732319,3,0,2,0,0,0.1593,0.1281,0.0403,0.0,0.2772,68
28500000.0,0.0,0.0,0.0,381.0,8.17997233732319,3,0,2,0,0,0.1593,0.1281,0.0403,0.0,0.2772,68
31500000.0,0.0,0.0,0.0,350.0,8.17997233732319,3,0,2,0,0,0.1593,0.1281,0.0403,0.0,0.2772,68
120000000.0,0.0,0.0,0.0,1360.0,1.93263753761573,14,0,14,1,0,0.1593,0.1281,0.0403,0.0,0.2772,-1
141320000.0,0.0,0.0,0.0,3533.0,4.18516398473014,15,0,7,0,0,0.1593,0.1281,0.0403,0.0,0.2772,77
394940000.0,0.0,0.0,0.0,1519.0,8.17997233732319,3,0,2,0,0,0.1593,0.1281,0.0403,0.0,0.2772,68
34884000.0,0.0,0.0,0.0,513.0,8.17997233732319,3,0,2,0,0,0.1593,0.1281,0.0403,0.0,0.2772,68
33830000.0,0.0,0.0,0.0,398.0,6.231178122715,12,1,3,0,6,0.1593,0.1281,0.0403,0.0,0.2772,75
32400000.0,0.0,0.0,0.0,324.0,8.17997233732319,3,0,2,0,0,0.1593,0.1281,0.0403,0.0,0.2772,68
25300000.0,0.0,0.0,0.0,415.0,8.17997233732319,3,0,2,0,0,0.1593,0.1281,0.0403,0.0,0.2772,68
9000000.0,0.0,0.0,0.0,324.0,7.00455244741367,1,0,7,0,1,0.1593,0.1281,0.0403,0.0,0.2772,71
24320000.0,0.0,0.0,0.0,304.0,8.17997233732319,3,0,2,0,0,0.1593,0.1281,0.0403,0.0,0.2772,68
20080000.0,0.0,0.0,0.0,306.0,7.728979569479,3,0,3,0,2,0.1593,0.1281,0.0403,0.0,0.2772,68
141320000.0,0.0,0.0,0.0,3533.0,4.22570476631098,15,0,7,0,0,0.1593,0.1281,0.0403,0.0,0.2772,77
28170000.0,0.0,0.0,0.0,313.0,8.17997233732319,3,0,2,0,0,0.1593,0.1281,0.0403,0.0,0.2772,68
20223000.0,0.0,0.0,0.0,321.0,8.17997233732319,3,0,2,0,0,0.1593,0.1281,0.0403,0.0,0.2772,68
28932700.0,0.0,0.0,0.0,335.0,8.17997233732319,3,0,2,0,0,0.1593,0.1281,0.0403,0.0,0.2772,68
51510000.0,0.0,0.0,0.0,606.0,8.17997233732319,3,0,2,0,0,0.1593,0.1281,0.0403,0.0,0.2772,68
31000000.000000004,0.0,0.0,0.0,339.0,8.17997233732319,3,0,2,0,0,0.1593,0.1281,0.0403,0.0,0.2772,68
18900000.0,0.0,0.0,0.0,315.0,8.17997233732319,3,0,2,0,0,0.1593,0.1281,0.0403,0.0,0.2772,68
31050000.0,0.0,0.0,0.0,345.0,8.17997233732319,3,0,2,0,0,0.1593,0.1281,0.0403,0.0,0.2772,68
32373000.0,0.0,0.0,0.0,327.0,8.17997233732319,3,0,2,0,0,0.1593,0.1281,0.0403,0.0,0.2772,68
26180000.0,0.0,0.0,0.0,302.0,8.17997233732319,3,0,2,0,0,0.1593,0.1281,0.0403,0.0,0.2772,68
25840000.0,0.0,0.0,0.0,304.0,8.17997233732319,3,0,2,0,0,0.1593,0.1281,0.0403,0.0,0.2772,68
34425000.0,0.0,0.0,0.0,459.0,11.7867597052479,0,0,2,0,0,0.1593,0.1281,0.0403,0.0,0.2772,68
33250000.0,0.0,0.0,0.0,350.0,8.17997233732319,3,0,2,0,0,0.1593,0.1281,0.0403,0.0,0.2772,68
28595000.0,0.0,0.0,0.0,301.0,8.17997233732319,3,0,2,0,0,0.1593,0.1281,0.0403,0.0,0.2772,68
60300000.0,0.0,0.0,0.0,603.0,8.17997233732319,3,0,2,0,0,0.1593,0.1281,0.0403,0.0,0.2772,68
24320000.0,0.0,0.0,0.0,304.0,8.17997233732319,3,0,2,0,0,0.1593,0.1281,0.0403,0.0,0.2772,68
25245000.0,0.0,0.0,0.0,297.0,8.17997233732319,3,0,2,0,0,0.1593,0.1281,0.0403,0.0,0.2772,68
27400000.0,0.0,0.0,0.0,334.0,4.22570476631098,15,0,7,0,0,0.1593,0.1281,0.0403,0.0,0.2772,77
28575000.0,0.0,0.0,0.0,381.0,8.17997233732319,3,0,2,0,0,0.1593,0.1281,0.0403,0.0,0.2772,68
25416000.0,0.0,0.0,0.0,353.0,8.17997233732319,3,0,2,0,0,0.1593,0.1281,0.0403,0.0,0.2772,68
35870000.0,0.0,0.0,0.0,422.0,8.17997233732319,3,0,2,0,0,0.1593,0.1281,0.0403,0.0,0.2772,68
29665000.0,0.0,0.0,0.0,349.0,8.17997233732319,3,0,2,0,0,0.1593,0.1281,0.0403,0.0,0.2772,68
35000000.0,0.0,0.0,0.0,415.0,8.17997233732319,3,0,2,0,0,0.1593,0.1281,0.0403,0.0,0.2772,68
25600000.0,0.0,0.0,0.0,320.0,8.17997233732319,3,0,2,0,0,0.1593,0.1281,0.0403,0.0,0.2772,68
23775000.0,0.0,0.0,0.0,317.0,6.231178122715,12,1,3,0,6,0.1593,0.1281,0.0403,0.0,0.2772,75
17270000.0,0.0,0.0,0.0,314.0,8.17997233732319,3,0,2,0,0,0.1593,0.1281,0.0403,0.0,0.2772,68
30260000.0,0.0,0.0,0.0,356.0,8.17997233732319,3,0,2,0,0,0.1593,0.1281,0.0403,0.0,0.2772,68
37485000.0,0.0,0.0,0.0,441.0,8.17997233732319,3,0,2,0,0,0.1593,0.1281,0.0403,0.0,0.2772,68
27231000.0,0.0,0.0,0.0,313.0,8.17997233732319,3,0,2,0,0,0.1593,0.1281,0.0403,0.0,0.2772,68
41670000.0,0.0,0.0,0.0,463.0,8.17997233732319,3,0,2,0,0,0.1593,0.1281,0.0403,0.0,0.2772,68
30420000.0,0.0,0.0,0.0,338.0,8.17997233732319,3,0,2,0,0,0.1593,0.1281,0.0403,0.0,0.2772,68
38600000.0,0.0,0.0,0.0,921.0,3.90127400527551,18,1,12,5,3,0.1593,0.1281,0.0403,0.0,0.2772,-1
25670000.0,0.0,0.0,0.0,302.0,8.17997233732319,3,0,2,0,0,0.1593,0.1281,0.0403,0.0,0.2772,68
22703000.0,0.0,0.0,0.0,311.0,8.17997233732319,3,0,2,0,0,0.1593,0.1281,0.0403,0.0,0.2772,68
49999999.99999999,0.0,0.0,0.0,700.0,5.71267280725422,0,0,12,2,0,0.1593,0.1281,0.0403,0.0,0.2772,72
47925000.0,0.0,0.0,0.0,639.0,8.17997233732319,3,0,2,0,0,0.1593,0.1281,0.0403,0.0,0.2772,68
14768000.0,0.0,0.0,0.0,284.0,8.17997233732319,3,0,2,0,0,0.1593,0.1281,0.0403,0.0,0.2772,68
21165000.0,0.0,0.0,0.0,249.0,8.17997233732319,3,0,2,0,0,0.1593,0.1281,0.0403,0.0,0.2772,68
20000000.0,0.0,0.0,0.0,315.0,8.17997233732319,3,0,2,0,0,0.1593,0.1281,0.0403,0.0,0.2772,68
29160000.0,0.0,0.0,0.0,324.0,8.17997233732319,3,0,2,0,0,0.1593,0.1281,0.0403,0.0,0.2772,68
29160000.0,0.0,0.0,0.0,324.0,8.17997233732319,3,0,2,0,0,0.1593,0.1281,0.0403,0.0,0.2772,68
27520000.0,0.0,0.0,0.0,334.0,8.17997233732319,3,0,2,0,0,0.1593,0.1281,0.0403,0.0,0.2772,68
15600000.0,0.0,0.0,0.0,195.0,11.2547837888505,1,1,3,0,4,0.1593,0.1281,0.0403,0.0,0.2772,76
33830000.0,0.0,0.0,0.0,398.0,8.17997233732319,3,0,2,0,0,0.1593,0.1281,0.0403,0.0,0.2772,68
20960000.0,0.0,0.0,0.0,262.0,11.2547837888505,1,1,3,0,4,0.1593,0.1281,0.0403,0.0,0.2772,76
28000000.0,0.0,0.0,0.0,340.0,9.57833994587243,4,0,4,0,0,0.1593,0.1281,0.0403,0.0,0.2772,68
49999999.99999999,0.0,0.0,0.0,700.0,6.231178122715,12,1,3,0,6,0.1593,0.1281,0.0403,0.0,0.2772,75
31500000.0,0.0,0.0,0.0,350.0,8.17997233732319,3,0,2,0,0,0.1593,0.1281,0.0403,0.0,0.2772,68
18900000.0,0.0,0.0,0.0,315.0,8.17997233732319,3,0,2,0,0,0.1593,0.1281,0.0403,0.0,0.2772,68
33250000.0,0.0,0.0,0.0,350.0,8.17997233732319,3,0,2,0,0,0.1593,0.1281,0.0403,0.0,0.2772,68
27920000.0,0.0,0.0,0.0,349.0,8.17997233732319,3,0,2,0,0,0.1593,0.1281,0.0403,0.0,0.2772,68
35435000.0,0.0,0.0,0.0,373.0,8.17997233732319,3,0,2,0,0,0.1593,0.1281,0.0403,0.0,0.2772,68
29920000.0,0.0,0.0,0.0,374.0,8.17997233732319,3,0,2,0,0,0.1593,0.1281,0.0403,0.0,0.2772,68
33830000.0,0.0,0.0,0.0,398.0,8.17997233732319,3,0,2,0,0,0.1593,0.1281,0.0403,0.0,0.2772,68
28595000.0,0.0,0.0,0.0,301.0,8.17997233732319,3,0,2,0,0,0.1593,0.1281,0.0403,0.0,0.2772,68
42012000.0,0.0,0.0,0.0,430.0,8.17997233732319,3,0,2,0,0,0.1593,0.1281,0.0403,0.0,0.2772,68
28248000.000000004,0.0,0.0,0.0,321.0,6.231178122715,12,1,3,0,6,0.1593,0.1281,0.0403,0.0,0.2772,75
45000000.0,0.0,0.0,0.0,683.0,4.60459941732289,24,1,12,2,3,0.1593,0.1281,0.0403,0.0,0.2772,-1
27090000.0,0.0,0.0,0.0,301.0,8.17997233732319,3,0,2,0,0,0.1593,0.1281,0.0403,0.0,0.2772,68
66500000.0,0.0,0.0,0.0,700.0,9.57833994587243,4,0,4,0,0,0.1593,0.1281,0.0403,0.0,0.2772,68
35700000.0,0.0,0.0,0.0,420.0,8.17997233732319,3,0,2,0,0,0.1593,0.1281,0.0403,0.0,0.2772,68
29665000.0,0.0,0.0,0.0,349.0,8.17997233732319,3,0,2,0,0,0.1593,0.1281,0.0403,0.0,0.2772,68
32110000.0,0.0,0.0,0.0,338.0,6.231178122715,12,1,3,0,6,0.1593,0.1281,0.0403,0.0,0.2772,75
41670000.0,0.0,0.0,0.0,463.0,7.728979569479,3,0,3,0,2,0.1593,0.1281,0.0403,0.0,0.2772,68
30420000.0,0.0,0.0,0.0,338.0,7.728979569479,3,0,3,0,2,0.1593,0.1281,0.0403,0.0,0.2772,68
30260000.0,0.0,0.0,0.0,356.0,8.17997233732319,3,0,2,0,0,0.1593,0.1281,0.0403,0.0,0.2772,68
47925000.0,0.0,0.0,0.0,639.0,8.17997233732319,3,0,2,0,0,0.1593,0.1281,0.0403,0.0,0.2772,68
79650000.0,0.0,0.0,0.0,885.0,8.17997233732319,3,0,2,0,0,0.1593,0.1281,0.0403,0.0,0.2772,68
14768000.0,0.0,0.0,0.0,284.0,8.17997233732319,3,0,2,0,0,0.1593,0.1281,0.0403,0.0,0.2772,68
50560000.0,0.0,0.0,0.0,632.0,11.2547837888505,1,1,3,0,4,0.1593,0.1281,0.0403,0.0,0.2772,76
42560000.0,0.0,0.0,0.0,532.0,11.2547837888505,1,1,3,0,4,0.1593,0.1281,0.0403,0.0,0.2772,76
61440000.0,0.0,0.0,0.0,768.0,11.2547837888505,1,1,3,0,4,0.1593,0.1281,0.0403,0.0,0.2772,76
76959999.99999999,0.0,0.0,0.0,962.0,11.2547837888505,1,1,3,0,4,0.1593,0.1281,0.0403,0.0,0.2772,76
18480000.0,0.0,0.0,0.0,231.0,11.2547837888505,1,1,3,0,4,0.1593,0.1281,0.0403,0.0,0.2772,76
15680000.0,0.0,0.0,0.0,196.0,11.2547837888505,1,1,3,0,4,0.1593,0.1281,0.0403,0.0,0.2772,76
24160000.0,0.0,0.0,0.0,302.0,8.17997233732319,3,0,2,0,0,0.1593,0.1281,0.0403,0.0,0.2772,68
29160000.0,0.0,0.0,0.0,324.0,8.17997233732319,3,0,2,0,0,0.1593,0.1281,0.0403,0.0,0.2772,68
49999999.99999999,0.0,0.0,0.0,700.0,6.231178122715,12,1,3,0,6,0.1593,0.1281,0.0403,0.0,0.2772,75
22703000.0,0.0,0.0,0.0,311.0,8.17997233732319,3,0,2,0,0,0.1593,0.1281,0.0403,0.0,0.2772,68
27990000.0,0.0,0.0,0.0,311.0,8.17997233732319,3,0,2,0,0,0.1593,0.1281,0.0403,0.0,0.2772,68
30000000.0,0.0,0.0,0.0,520.0,3.90127400527551,18,1,12,5,3,0.1593,0.1281,0.0403,0.0,0.2772,-1
27990000.0,0.0,0.0,0.0,311.0,8.17997233732319,3,0,2,0,0,0.1593,0.1281,0.0403,0.0,0.2772,68
25680000.0,0.0,0.0,0.0,321.0,8.17997233732319,3,0,2,0,0,0.1593,0.1281,0.0403,0.0,0.2772,68
25680000.0,0.0,0.0,0.0,321.0,8.17997233732319,3,0,2,0,0,0.1593,0.1281,0.0403,0.0,0.2772,68
30400000.0,0.0,0.0,0.0,380.0,11.2547837888505,1,1,3,0,4,0.1593,0.1281,0.0403,0.0,0.2772,76
20080000.0,0.0,0.0,0.0,251.0,11.2547837888505,1,1,3,0,4,0.1593,0.1281,0.0403,0.0,0.2772,76
29665000.0,0.0,0.0,0.0,349.0,8.17997233732319,3,0,2,0,0,0.1593,0.1281,0.0403,0.0,0.2772,68
25680000.0,0.0,0.0,0.0,321.0,8.17997233732319,3,0,2,0,0,0.1593,0.1281,0.0403,0.0,0.2772,68
33830000.0,0.0,0.0,0.0,398.0,8.17997233732319,3,0,2,0,0,0.1593,0.1281,0.0403,0.0,0.2772,68
8890000000.0,0.0,0.0,0.0,148184.0,8.17997233732319,3,0,2,0,0,0.1593,0.1281,0.0403,0.0,0.2772,-1
26000000.0,0.0,0.0,0.0,325.0,8.17997233732319,3,0,2,0,0,0.1593,0.1281,0.0403,0.0,0.2772,68
24320000.0,0.0,0.0,0.0,304.0,8.17997233732319,3,0,2,0,0,0.1593,0.1281,0.0403,0.0,0.2772,68
24320000.0,0.0,0.0,0.0,304.0,8.17997233732319,3,0,2,0,0,0.1593,0.1281,0.0403,0.0,0.2772,68
31025000.0,0.0,0.0,0.0,365.0,8.17997233732319,3,0,2,0,0,0.1593,0.1281,0.0403,0.0,0.2772,68
37485000.0,0.0,0.0,0.0,441.0,8.17997233732319,3,0,2,0,0,0.1593,0.1281,0.0403,0.0,0.2772,68
345000000.0,0.0,0.0,0.0,1500.0,7.728979569479,3,0,3,0,2,0.1593,0.1281,0.0403,0.0,0.2772,68
41670000.0,0.0,0.0,0.0,463.0,8.17997233732319,3,0,2,0,0,0.1593,0.1281,0.0403,0.0,0.2772,68
30420000.0,0.0,0.0,0.0,338.0,8.17997233732319,3,0,2,0,0,0.1593,0.1281,0.0403,0.0,0.2772,68
18900000.0,0.0,0.0,0.0,315.0,8.17997233732319,3,0,2,0,0,0.1593,0.1281,0.0403,0.0,0.2772,68
20000000.0,0.0,0.0,0.0,334.0,8.17997233732319,3,0,2,0,0,0.1593,0.1281,0.0403,0.0,0.2772,68
31500000.0,0.0,0.0,0.0,350.0,8.17997233732319,3,0,2,0,0,0.1593,0.1281,0.0403,0.0,0.2772,68
198898000.0,0.0,0.0,0.0,950.0,6.231178122715,12,1,3,0,6,0.1593,0.1281,0.0403,0.0,0.2772,75
31050000.0,0.0,0.0,0.0,345.0,8.17997233732319,3,0,2,0,0,0.1593,0.1281,0.0403,0.0,0.2772,68
142000000.0,0.0,0.0,0.0,1143.0,8.17997233732319,3,0,2,0,0,0.1593,0.1281,0.0403,0.0,0.2772,68
1838160000.0,0.0,0.0,0.0,15318.0,6.231178122715,12,1,3,0,6,0.1593,0.1281,0.0403,0.0,0.2772,75
35870000.0,0.0,0.0,0.0,422.0,8.17997233732319,3,0,2,0,0,0.1593,0.1281,0.0403,0.0,0.2772,68
18900000.0,0.0,0.0,0.0,315.0,8.17997233732319,3,0,2,0,0,0.1593,0.1281,0.0403,0.0,0.2772,68
22680000.000000004,0.0,0.0,0.0,315.0,8.17997233732319,3,0,2,0,0,0.1593,0.1281,0.0403,0.0,0.2772,68
33250000.0,0.0,0.0,0.0,350.0,8.17997233732319,3,0,2,0,0,0.1593,0.1281,0.0403,0.0,0.2772,68
198898000.0,0.0,0.0,0.0,950.0,6.231178122715,12,1,3,0,6,0.1593,0.1281,0.0403,0.0,0.2772,75
25245000.0,0.0,0.0,0.0,297.0,6.231178122715,12,1,3,0,6,0.1593,0.1281,0.0403,0.0,0.2772,75
10800000.0,0.0,0.0,0.0,231.0,4.89259455886982,12,1,15,3,3,0.1593,0.1281,0.0403,0.0,0.2772,-1
33250000.0,0.0,0.0,0.0,350.0,8.17997233732319,3,0,2,0,0,0.1593,0.1281,0.0403,0.0,0.2772,68
38600000.0,0.0,0.0,0.0,386.0,6.231178122715,12,1,3,0,6,0.1593,0.1281,0.0403,0.0,0.2772,75
29920000.0,0.0,0.0,0.0,374.0,8.17997233732319,3,0,2,0,0,0.1593,0.1281,0.0403,0.0,0.2772,68
27920000.0,0.0,0.0,0.0,349.0,8.17997233732319,3,0,2,0,0,0.1593,0.1281,0.0403,0.0,0.2772,68
27231000.0,0.0,0.0,0.0,313.0,8.17997233732319,3,0,2,0,0,0.1593,0.1281,0.0403,0.0,0.2772,68
39263000.0,0.0,0.0,0.0,430.0,8.17997233732319,3,0,2,0,0,0.1593,0.1281,0.0403,0.0,0.2772,68
25840000.0,0.0,0.0,0.0,304.0,8.17997233732319,3,0,2,0,0,0.1593,0.1281,0.0403,0.0,0.2772,68
49999999.99999999,0.0,0.0,0.0,700.0,6.231178122715,12,1,3,0,6,0.1593,0.1281,0.0403,0.0,0.2772,75
33830000.0,0.0,0.0,0.0,398.0,8.17997233732319,3,0,2,0,0,0.1593,0.1281,0.0403,0.0,0.2772,68
39700000.0,0.0,0.0,0.0,397.0,8.17997233732319,3,0,2,0,0,0.1593,0.1281,0.0403,0.0,0.2772,68
24320000.0,0.0,0.0,0.0,304.0,11.2547837888505,1,1,3,0,4,0.1593,0.1281,0.0403,0.0,0.2772,76
36400000.0,0.0,0.0,0.0,455.0,11.2547837888505,1,1,3,0,4,0.1593,0.1281,0.0403,0.0,0.2772,76
66319999.99999999,0.0,0.0,0.0,829.0,11.2547837888505,1,1,3,0,4,0.1593,0.1281,0.0403,0.0,0.2772,76
18160000.0,0.0,0.0,0.0,227.0,11.2547837888505,1,1,3,0,4,0.1593,0.1281,0.0403,0.0,0.2772,76
31280000.0,0.0,0.0,0.0,391.0,11.2547837888505,1,1,3,0,4,0.1593,0.1281,0.0403,0.0,0.2772,76
35920000.0,0.0,0.0,0.0,449.0,11.2547837888505,1,1,3,0,4,0.1593,0.1281,0.0403,0.0,0.2772,76
16800000.0,0.0,0.0,0.0,210.0,11.2547837888505,1,1,3,0,4,0.1593,0.1281,0.0403,0.0,0.2772,76
377960000.0,0.0,0.0,0.0,1718.0,8.17997233732319,3,0,2,0,0,0.1593,0.1281,0.0403,0.0,0.2772,68
31500000.0,0.0,0.0,0.0,350.0,8.17997233732319,3,0,2,0,0,0.1593,0.1281,0.0403,0.0,0.2772,68
36225000.0,0.0,0.0,0.0,373.0,8.17997233732319,3,0,2,0,0,0.1593,0.1281,0.0403,0.0,0.2772,68
25670000.0,0.0,0.0,0.0,302.0,8.17997233732319,3,0,2,0,0,0.1593,0.1281,0.0403,0.0,0.2772,68
25670000.0,0.0,0.0,0.0,302.0,8.17997233732319,3,0,2,0,0,0.1593,0.1281,0.0403,0.0,0.2772,68
22650000.0,0.0,0.0,0.0,302.0,8.17997233732319,3,0,2,0,0,0.1593,0.1281,0.0403,0.0,0.2772,68
17900000.0,0.0,0.0,0.0,457.0,3.33459740098565,21,1,11,4,2,0.1593,0.1281,0.0403,0.0,0.2772,-1
22703000.0,0.0,0.0,0.0,311.0,8.17997233732319,3,0,2,0,0,0.1593,0.1281,0.0403,0.0,0.2772,68
21500000.0,0.0,0.0,0.0,334.0,8.17997233732319,3,0,2,0,0,0.1593,0.1281,0.0403,0.0,0.2772,68
33250000.0,0.0,0.0,0.0,350.0,8.17997233732319,3,0,2,0,0,0.1593,0.1281,0.0403,0.0,0.2772,68
25245000.0,0.0,0.0,0.0,297.0,8.17997233732319,3,0,2,0,0,0.1593,0.1281,0.0403,0.0,0.2772,68
33250000.0,0.0,0.0,0.0,350.0,8.17997233732319,3,0,2,0,0,0.1593,0.1281,0.0403,0.0,0.2772,68
13600000.0,0.0,0.0,0.0,284.0,8.17997233732319,3,0,2,0,0,0.1593,0.1281,0.0403,0.0,0.2772,68
49999999.99999999,0.0,0.0,0.0,700.0,6.231178122715,12,1,3,0,6,0.1593,0.1281,0.0403,0.0,0.2772,75
18900000.0,0.0,0.0,0.0,315.0,8.17997233732319,3,0,2,0,0,0.1593,0.1281,0.0403,0.0,0.2772,68
184940000.0,0.0,0.0,0.0,5284.0,4.22570476631098,15,0,7,0,0,0.1593,0.1281,0.0403,0.0,0.2772,77
80250000.0,0.0,0.0,0.0,642.0,8.17997233732319,3,0,2,0,0,0.1593,0.1281,0.0403,0.0,0.2772,68
30260000.0,0.0,0.0,0.0,356.0,8.17997233732319,3,0,2,0,0,0.1593,0.1281,0.0403,0.0,0.2772,68
25245000.0,0.0,0.0,0.0,297.0,8.17997233732319,3,0,2,0,0,0.1593,0.1281,0.0403,0.0,0.2772,68
33830000.0,0.0,0.0,0.0,398.0,8.17997233732319,3,0,2,0,0,0.1593,0.1281,0.0403,0.0,0.2772,68
35000000.0,0.0,0.0,0.0,517.0,8.17997233732319,3,0,2,0,0,0.1593,0.1281,0.0403,0.0,0.2772,68
49999999.99999999,0.0,0.0,0.0,700.0,6.231178122715,12,1,3,0,6,0.1593,0.1281,0.0403,0.0,0.2772,75
24320000.0,0.0,0.0,0.0,304.0,8.17997233732319,3,0,2,0,0,0.1593,0.1281,0.0403,0.0,0.2772,68
31025000.0,0.0,0.0,0.0,365.0,7.728979569479,3,0,3,0,2,0.1593,0.1281,0.0403,0.0,0.2772,68
49999999.99999999,0.0,0.0,0.0,625.0,11.2547837888505,1,1,3,0,4,0.1593,0.1281,0.0403,0.0,0.2772,76
25280000.0,0.0,0.0,0.0,316.0,11.2547837888505,1,1,3,0,4,0.1593,0.1281,0.0403,0.0,0.2772,76
51360000.0,0.0,0.0,0.0,642.0,11.2547837888505,1,1,3,0,4,0.1593,0.1281,0.0403,0.0,0.2772,76
35200000.0,0.0,0.0,0.0,440.0,11.2547837888505,1,1,3,0,4,0.1593,0.1281,0.0403,0.0,0.2772,76
27400000.0,0.0,0.0,0.0,334.0,8.17997233732319,3,0,2,0,0,0.1593,0.1281,0.0403,0.0,0.2772,68
35870000.0,0.0,0.0,0.0,422.0,8.17997233732319,3,0,2,0,0,0.1593,0.1281,0.0403,0.0,0.2772,68
22800000.0,0.0,0.0,0.0,304.0,8.17997233732319,3,0,2,0,0,0.1593,0.1281,0.0403,0.0,0.2772,68
28595000.0,0.0,0.0,0.0,301.0,8.17997233732319,3,0,2,0,0,0.1593,0.1281,0.0403,0.0,0.2772,68
32110000.0,0.0,0.0,0.0,338.0,6.231178122715,12,1,3,0,6,0.1593,0.1281,0.0403,0.0,0.2772,75
43985000.0,0.0,0.0,0.0,463.0,8.17997233732319,3,0,2,0,0,0.1593,0.1281,0.0403,0.0,0.2772,68
39700000.0,0.0,0.0,0.0,397.0,8.17997233732319,3,0,2,0,0,0.1593,0.1281,0.0403,0.0,0.2772,68
11200000.0,0.0,0.0,0.0,280.0,3.7456268019251,28,1,9,3,0,0.1593,0.1281,0.0403,0.0,0.2772,-1
22703000.0,0.0,0.0,0.0,347.0,8.17997233732319,3,0,2,0,0,0.1593,0.1281,0.0403,0.0,0.2772,68
24616000.0,0.0,0.0,0.0,362.0,6.231178122715,12,1,3,0,6,0.1593,0.1281,0.0403,0.0,0.2772,75
51510000.0,0.0,0.0,0.0,606.0,8.17997233732319,3,0,2,0,0,0.1593,0.1281,0.0403,0.0,0.2772,68
23500000.0,0.0,0.0,0.0,299.0,10.1844953687565,3,1,2,0,4,0.1593,0.1281,0.0403,0.0,0.2772,76
31000000.000000004,0.0,0.0,0.0,330.0,8.17997233732319,3,0,2,0,0,0.1593,0.1281,0.0403,0.0,0.2772,68
149820000.0,0.0,0.0,0.0,2497.0,1.93263753761573,14,0,14,1,0,0.1593,0.1281,0.0403,0.0,0.2772,-1
31025000.0,0.0,0.0,0.0,365.0,8.17997233732319,3,0,2,0,0,0.1593,0.1281,0.0403,0.0,0.2772,68
28140000.0,0.0,0.0,0.0,402.0,8.17997233732319,3,0,2,0,0,0.1593,0.1281,0.0403,0.0,0.2772,68
34000000.0,0.0,0.0,0.0,400.0,8.17997233732319,3,0,2,0,0,0.1593,0.1281,0.0403,0.0,0.2772,68
24000000.0,0.0,0.0,0.0,300.0,8.17997233732319,3,0,2,0,0,0.1593,0.1281,0.0403,0.0,0.2772,68
35700000.0,0.0,0.0,0.0,420.0,7.728979569479,3,0,3,0,2,0.1593,0.1281,0.0403,0.0,0.2772,68
24320000.0,0.0,0.0,0.0,304.0,8.17997233732319,3,0,2,0,0,0.1593,0.1281,0.0403,0.0,0.2772,68
15600000.0,0.0,0.0,0.0,195.0,8.17997233732319,3,0,2,0,0,0.1593,0.1281,0.0403,0.0,0.2772,68
18480000.0,0.0,0.0,0.0,231.0,8.17997233732319,3,0,2,0,0,0.1593,0.1281,0.0403,0.0,0.2772,68
35920000.0,0.0,0.0,0.0,449.0,8.17997233732319,3,0,2,0,0,0.1593,0.1281,0.0403,0.0,0.2772,68
30400000.0,0.0,0.0,0.0,380.0,8.17997233732319,3,0,2,0,0,0.1593,0.1281,0.0403,0.0,0.2772,68
16800000.0,0.0,0.0,0.0,210.0,8.17997233732319,3,0,2,0,0,0.1593,0.1281,0.0403,0.0,0.2772,68
49999999.99999999,0.0,0.0,0.0,625.0,8.17997233732319,3,0,2,0,0,0.1593,0.1281,0.0403,0.0,0.2772,68
18960000.0,0.0,0.0,0.0,237.0,8.17997233732319,3,0,2,0,0,0.1593,0.1281,0.0403,0.0,0.2772,68
27680000.0,0.0,0.0,0.0,346.0,8.17997233732319,3,0,2,0,0,0.1593,0.1281,0.0403,0.0,0.2772,68
28320000.0,0.0,0.0,0.0,354.0,8.17997233732319,3,0,2,0,0,0.1593,0.1281,0.0403,0.0,0.2772,68
35920000.0,0.0,0.0,0.0,449.0,8.17997233732319,3,0,2,0,0,0.1593,0.1281,0.0403,0.0,0.2772,68
31280000.0,0.0,0.0,0.0,391.0,8.17997233732319,3,0,2,0,0,0.1593,0.1281,0.0403,0.0,0.2772,68
44911000.0,0.0,0.0,0.0,463.0,8.17997233732319,3,0,2,0,0,0.1593,0.1281,0.0403,0.0,0.2772,68
31500000.0,0.0,0.0,0.0,350.0,8.17997233732319,3,0,2,0,0,0.1593,0.1281,0.0403,0.0,0.2772,68
25200000.0,0.0,0.0,0.0,315.0,8.17997233732319,3,0,2,0,0,0.1593,0.1281,0.0403,0.0,0.2772,68
75000000.0,0.0,0.0,0.0,4000.0,2.08563204474411,6,0,13,0,1,0.1593,0.1281,0.0403,0.0,0.2772,73
32960000.0,0.0,0.0,0.0,412.0,8.17997233732319,3,0,2,0,0,0.1593,0.1281,0.0403,0.0,0.2772,68
42560000.0,0.0,0.0,0.0,532.0,8.17997233732319,3,0,2,0,0,0.1593,0.1281,0.0403,0.0,0.2772,68
16800000.0,0.0,0.0,0.0,210.0,8.17997233732319,3,0,2,0,0,0.1593,0.1281,0.0403,0.0,0.2772,68
35200000.0,0.0,0.0,0.0,440.0,8.17997233732319,3,0,2,0,0,0.1593,0.1281,0.0403,0.0,0.2772,68
15680000.0,0.0,0.0,0.0,196.0,8.17997233732319,3,0,2,0,0,0.1593,0.1281,0.0403,0.0,0.2772,68
36640000.0,0.0,0.0,0.0,458.0,8.17997233732319,3,0,2,0,0,0.1593,0.1281,0.0403,0.0,0.2772,68
41039999.99999999,0.0,0.0,0.0,513.0,8.17997233732319,3,0,2,0,0,0.1593,0.1281,0.0403,0.0,0.2772,68
44559999.99999999,0.0,0.0,0.0,557.0,8.17997233732319,3,0,2,0,0,0.1593,0.1281,0.0403,0.0,0.2772,68
61440000.0,0.0,0.0,0.0,768.0,8.17997233732319,3,0,2,0,0,0.1593,0.1281,0.0403,0.0,0.2772,68
76959999.99999999,0.0,0.0,0.0,962.0,8.17997233732319,3,0,2,0,0,0.1593,0.1281,0.0403,0.0,0.2772,68
24320000.0,0.0,0.0,0.0,304.0,8.17997233732319,3,0,2,0,0,0.1593,0.1281,0.0403,0.0,0.2772,68
88500000.0,0.0,0.0,0.0,885.0,8.17997233732319,3,0,2,0,0,0.1593,0.1281,0.0403,0.0,0.2772,68
44720000.00000001,0.0,0.0,0.0,559.0,8.17997233732319,3,0,2,0,0,0.1593,0.1281,0.0403,0.0,0.2772,68
43200000.0,0.0,0.0,0.0,540.0,8.17997233732319,3,0,2,0,0,0.1593,0.1281,0.0403,0.0,0.2772,68
50560000.0,0.0,0.0,0.0,632.0,8.17997233732319,3,0,2,0,0,0.1593,0.1281,0.0403,0.0,0.2772,68
44559999.99999999,0.0,0.0,0.0,557.0,8.17997233732319,3,0,2,0,0,0.1593,0.1281,0.0403,0.0,0.2772,68
20960000.0,0.0,0.0,0.0,262.0,8.17997233732319,3,0,2,0,0,0.1593,0.1281,0.0403,0.0,0.2772,68
16800000.0,0.0,0.0,0.0,210.0,8.17997233732319,3,0,2,0,0,0.1593,0.1281,0.0403,0.0,0.2772,68
20080000.0,0.0,0.0,0.0,251.0,8.17997233732319,3,0,2,0,0,0.1593,0.1281,0.0403,0.0,0.2772,68
16800000.0,0.0,0.0,0.0,210.0,8.17997233732319,3,0,2,0,0,0.1593,0.1281,0.0403,0.0,0.2772,68
51360000.0,0.0,0.0,0.0,642.0,8.17997233732319,3,0,2,0,0,0.1593,0.1281,0.0403,0.0,0.2772,68
24320000.0,0.0,0.0,0.0,304.0,8.17997233732319,3,0,2,0,0,0.1593,0.1281,0.0403,0.0,0.2772,68
30400000.0,0.0,0.0,0.0,380.0,8.17997233732319,3,0,2,0,0,0.1593,0.1281,0.0403,0.0,0.2772,68
35200000.0,0.0,0.0,0.0,440.0,8.17997233732319,3,0,2,0,0,0.1593,0.1281,0.0403,0.0,0.2772,68
15680000.0,0.0,0.0,0.0,196.0,8.17997233732319,3,0,2,0,0,0.1593,0.1281,0.0403,0.0,0.2772,68
228055000.0,0.0,0.0,0.0,2683.0,0.857412969935431,10,0,10,8,0,0.1593,0.1281,0.0403,0.0,0.2772,70
28400000.0,0.0,0.0,0.0,334.0,8.17997233732319,3,0,2,0,0,0.1593,0.1281,0.0403,0.0,0.2772,68
26000000.0,0.0,0.0,0.0,305.0,8.17997233732319,3,0,2,0,0,0.1593,0.1281,0.0403,0.0,0.2772,68
235851500.0,0.0,0.0,0.0,1260.0,8.17997233732319,3,0,2,0,0,0.1593,0.1281,0.0403,0.0,0.2772,68
31920000.0,0.0,0.0,0.0,399.0,8.17997233732319,3,0,2,0,0,0.1593,0.1281,0.0403,0.0,0.2772,68
46600000.0,0.0,0.0,0.0,630.0,8.17997233732319,3,0,2,0,0,0.1593,0.1281,0.0403,0.0,0.2772,68
23925000.0,0.0,0.0,0.0,319.0,8.17997233732319,3,0,2,0,0,0.1593,0.1281,0.0403,0.0,0.2772,68
23100000.0,0.0,0.0,0.0,272.0,8.17997233732319,3,0,2,0,0,0.1593,0.1281,0.0403,0.0,0.2772,68
50560000.0,0.0,0.0,0.0,632.0,8.17997233732319,3,0,2,0,0,0.1593,0.1281,0.0403,0.0,0.2772,68
61440000.0,0.0,0.0,0.0,768.0,8.17997233732319,3,0,2,0,0,0.1593,0.1281,0.0403,0.0,0.2772,68
18480000.0,0.0,0.0,0.0,231.0,8.17997233732319,3,0,2,0,0,0.1593,0.1281,0.0403,0.0,0.2772,68
18160000.0,0.0,0.0,0.0,227.0,8.17997233732319,3,0,2,0,0,0.1593,0.1281,0.0403,0.0,0.2772,68
16800000.0,0.0,0.0,0.0,210.0,8.17997233732319,3,0,2,0,0,0.1593,0.1281,0.0403,0.0,0.2772,68
25280000.0,0.0,0.0,0.0,316.0,8.17997233732319,3,0,2,0,0,0.1593,0.1281,0.0403,0.0,0.2772,68
24320000.0,0.0,0.0,0.0,304.0,8.17997233732319,3,0,2,0,0,0.1593,0.1281,0.0403,0.0,0.2772,68
20960000.0,0.0,0.0,0.0,262.0,8.17997233732319,3,0,2,0,0,0.1593,0.1281,0.0403,0.0,0.2772,68
16800000.0,0.0,0.0,0.0,210.0,8.17997233732319,3,0,2,0,0,0.1593,0.1281,0.0403,0.0,0.2772,68
20080000.0,0.0,0.0,0.0,251.0,8.17997233732319,3,0,2,0,0,0.1593,0.1281,0.0403,0.0,0.2772,68
24320000.0,0.0,0.0,0.0,304.0,8.17997233732319,3,0,2,0,0,0.1593,0.1281,0.0403,0.0,0.2772,68
24320000.0,0.0,0.0,0.0,304.0,8.17997233732319,3,0,2,0,0,0.1593,0.1281,0.0403,0.0,0.2772,68
56560000.00000001,0.0,0.0,0.0,707.0,8.17997233732319,3,0,2,0,0,0.1593,0.1281,0.0403,0.0,0.2772,68
45519999.99999999,0.0,0.0,0.0,569.0,8.17997233732319,3,0,2,0,0,0.1593,0.1281,0.0403,0.0,0.2772,68
15600000.0,0.0,0.0,0.0,195.0,8.17997233732319,3,0,2,0,0,0.1593,0.1281,0.0403,0.0,0.2772,68
36400000.0,0.0,0.0,0.0,455.0,8.17997233732319,3,0,2,0,0,0.1593,0.1281,0.0403,0.0,0.2772,68
66319999.99999999,0.0,0.0,0.0,829.0,8.17997233732319,3,0,2,0,0,0.1593,0.1281,0.0403,0.0,0.2772,68
96960000.0,0.0,0.0,0.0,1212.0,8.17997233732319,3,0,2,0,0,0.1593,0.1281,0.0403,0.0,0.2772,68
25520000.0,0.0,0.0,0.0,319.0,8.17997233732319,3,0,2,0,0,0.1593,0.1281,0.0403,0.0,0.2772,68
24080000.0,0.0,0.0,0.0,344.0,8.17997233732319,3,0,2,0,0,0.1593,0.1281,0.0403,0.0,0.2772,68
30000000.0,0.0,0.0,0.0,397.0,8.17997233732319,3,0,2,0,0,0.1593,0.1281,0.0403,0.0,0.2772,68
28575000.0,0.0,0.0,0.0,381.0,8.17997233732319,3,0,2,0,0,0.1593,0.1281,0.0403,0.0,0.2772,68
19390000.0,0.0,0.0,0.0,277.0,8.17997233732319,3,0,2,0,0,0.1593,0.1281,0.0403,0.0,0.2772,68
36400000.0,0.0,0.0,0.0,455.0,8.17997233732319,3,0,2,0,0,0.1593,0.1281,0.0403,0.0,0.2772,68
66319999.99999999,0.0,0.0,0.0,829.0,8.17997233732319,3,0,2,0,0,0.1593,0.1281,0.0403,0.0,0.2772,68
76959999.99999999,0.0,0.0,0.0,962.0,8.17997233732319,3,0,2,0,0,0.1593,0.1281,0.0403,0.0,0.2772,68
49999999.99999999,0.0,0.0,0.0,625.0,8.17997233732319,3,0,2,0,0,0.1593,0.1281,0.0403,0.0,0.2772,68
18960000.0,0.0,0.0,0.0,237.0,8.17997233732319,3,0,2,0,0,0.1593,0.1281,0.0403,0.0,0.2772,68
16800000.0,0.0,0.0,0.0,210.0,8.17997233732319,3,0,2,0,0,0.1593,0.1281,0.0403,0.0,0.2772,68
51360000.0,0.0,0.0,0.0,642.0,8.17997233732319,3,0,2,0,0,0.1593,0.1281,0.0403,0.0,0.2772,68
16800000.0,0.0,0.0,0.0,210.0,8.17997233732319,3,0,2,0,0,0.1593,0.1281,0.0403,0.0,0.2772,68
36640000.0,0.0,0.0,0.0,458.0,8.17997233732319,3,0,2,0,0,0.1593,0.1281,0.0403,0.0,0.2772,68
41039999.99999999,0.0,0.0,0.0,513.0,8.17997233732319,3,0,2,0,0,0.1593,0.1281,0.0403,0.0,0.2772,68
18160000.0,0.0,0.0,0.0,227.0,8.17997233732319,3,0,2,0,0,0.1593,0.1281,0.0403,0.0,0.2772,68
31280000.0,0.0,0.0,0.0,391.0,8.17997233732319,3,0,2,0,0,0.1593,0.1281,0.0403,0.0,0.2772,68
16800000.0,0.0,0.0,0.0,210.0,8.17997233732319,3,0,2,0,0,0.1593,0.1281,0.0403,0.0,0.2772,68
25280000.0,0.0,0.0,0.0,316.0,8.17997233732319,3,0,2,0,0,0.1593,0.1281,0.0403,0.0,0.2772,68
16800000.0,0.0,0.0,0.0,210.0,8.17997233732319,3,0,2,0,0,0.1593,0.1281,0.0403,0.0,0.2772,68
37520000.0,0.0,0.0,0.0,469.0,8.17997233732319,3,0,2,0,0,0.1593,0.1281,0.0403,0.0,0.2772,68
33440000.0,0.0,0.0,0.0,418.0,8.17997233732319,3,0,2,0,0,0.1593,0.1281,0.0403,0.0,0.2772,68
30800000.0,0.0,0.0,0.0,385.0,8.17997233732319,3,0,2,0,0,0.1593,0.1281,0.0403,0.0,0.2772,68
27120000.0,0.0,0.0,0.0,339.0,8.17997233732319,3,0,2,0,0,0.1593,0.1281,0.0403,0.0,0.2772,68
25280000.0,0.0,0.0,0.0,316.0,8.17997233732319,3,0,2,0,0,0.1593,0.1281,0.0403,0.0,0.2772,68
37600000.0,0.0,0.0,0.0,470.0,8.17997233732319,3,0,2,0,0,0.1593,0.1281,0.0403,0.0,0.2772,68
45519999.99999999,0.0,0.0,0.0,569.0,8.17997233732319,3,0,2,0,0,0.1593,0.1281,0.0403,0.0,0.2772,68
42560000.0,0.0,0.0,0.0,532.0,8.17997233732319,3,0,2,0,0,0.1593,0.1281,0.0403,0.0,0.2772,68
35920000.0,0.0,0.0,0.0,449.0,8.17997233732319,3,0,2,0,0,0.1593,0.1281,0.0403,0.0,0.2772,68
29665000.0,0.0,0.0,0.0,349.0,8.17997233732319,3,0,2,0,0,0.1593,0.1281,0.0403,0.0,0.2772,68
30000000.0,0.0,0.0,0.0,300.0,8.17997233732319,3,0,2,0,0,0.1593,0.1281,0.0403,0.0,0.2772,68
29920000.0,0.0,0.0,0.0,374.0,8.17997233732319,3,0,2,0,0,0.1593,0.1281,0.0403,0.0,0.2772,68
27920000.0,0.0,0.0,0.0,349.0,8.17997233732319,3,0,2,0,0,0.1593,0.1281,0.0403,0.0,0.2772,68
28120000.000000004,0.0,0.0,0.0,296.0,8.17997233732319,3,0,2,0,0,0.1593,0.1281,0.0403,0.0,0.2772,68
20996000.0,0.0,0.0,0.0,362.0,8.17997233732319,3,0,2,0,0,0.1593,0.1281,0.0403,0.0,0.2772,68
19910000.0,0.0,0.0,0.0,362.0,8.17997233732319,3,0,2,0,0,0.1593,0.1281,0.0403,0.0,0.2772,68
28390000.0,0.0,0.0,0.0,334.0,8.45582089875414,3,0,3,0,0,0.1593,0.1281,0.0403,0.0,0.2772,68
25840000.0,0.0,0.0,0.0,304.0,8.45582089875414,3,0,3,0,0,0.1593,0.1281,0.0403,0.0,0.2772,68
18370000.0,0.0,0.0,0.0,334.0,8.17997233732319,3,0,2,0,0,0.1593,0.1281,0.0403,0.0,0.2772,68
20860000.0,0.0,0.0,0.0,298.0,8.17997233732319,3,0,2,0,0,0.1593,0.1281,0.0403,0.0,0.2772,68
41359999.99999999,0.0,0.0,0.0,752.0,2.08563204474411,6,0,13,0,1,0.1593,0.1281,0.0403,0.0,0.2772,73
18407000.0,0.0,0.0,0.0,466.0,3.59794852654164,0,0,17,4,1,0.1593,0.1281,0.0403,0.0,0.2772,74
72765000.0,0.0,0.0,0.0,539.0,8.17997233732319,3,0,2,0,0,0.1593,0.1281,0.0403,0.0,0.2772,68
124600000.0,0.0,0.0,0.0,4984.0,4.60459941732289,24,1,12,2,3,0.1593,0.1281,0.0403,0.0,0.2772,-1
132125000.0,0.0,0.0,0.0,5245.0,3.33459740098565,21,1,11,4,2,0.1593,0.1281,0.0403,0.0,0.2772,-1
22330000.0,0.0,0.0,0.0,406.0,8.17997233732319,3,0,2,0,0,0.1593,0.1281,0.0403,0.0,0.2772,68
394940000.0,0.0,0.0,0.0,1519.0,8.17997233732319,3,0,2,0,0,0.1593,0.1281,0.0403,0.0,0.2772,68
24000000.0,0.0,0.0,0.0,300.0,8.17997233732319,3,0,2,0,0,0.1593,0.1281,0.0403,0.0,0.2772,68
24000000.0,0.0,0.0,0.0,300.0,8.17997233732319,3,0,2,0,0,0.1593,0.1281,0.0403,0.0,0.2772,68
19910000.0,0.0,0.0,0.0,362.0,8.17997233732319,3,0,2,0,0,0.1593,0.1281,0.0403,0.0,0.2772,68
24320000.0,0.0,0.0,0.0,304.0,8.17997233732319,3,0,2,0,0,0.1593,0.1281,0.0403,0.0,0.2772,68
17325000.0,0.0,0.0,0.0,315.0,8.17997233732319,3,0,2,0,0,0.1593,0.1281,0.0403,0.0,0.2772,68
32775000.0,0.0,0.0,0.0,345.0,8.17997233732319,3,0,2,0,0,0.1593,0.1281,0.0403,0.0,0.2772,68
33250000.0,0.0,0.0,0.0,350.0,8.17997233732319,3,0,2,0,0,0.1593,0.1281,0.0403,0.0,0.2772,68
35700000.0,0.0,0.0,0.0,420.0,8.17997233732319,3,0,2,0,0,0.1593,0.1281,0.0403,0.0,0.2772,68
30150000.0,0.0,0.0,0.0,402.0,8.17997233732319,3,0,2,0,0,0.1593,0.1281,0.0403,0.0,0.2772,68
35000000.0,0.0,0.0,0.0,350.0,8.17997233732319,3,0,2,0,0,0.1593,0.1281,0.0403,0.0,0.2772,68
81725000.0,0.0,0.0,0.0,2335.0,2.29178686701429,4,0,13,0,1,0.1593,0.1281,0.0403,0.0,0.2772,73
7500000.0,0.0,0.0,0.0,100.0,0.857412969935431,10,0,10,8,0,0.1593,0.1281,0.0403,0.0,0.2772,70
88500000.0,0.0,0.0,0.0,885.0,8.17997233732319,3,0,2,0,0,0.1593,0.1281,0.0403,0.0,0.2772,68
27231000.0,0.0,0.0,0.0,313.0,8.17997233732319,3,0,2,0,0,0.1593,0.1281,0.0403,0.0,0.2772,68
27400000.0,0.0,0.0,0.0,334.0,8.17997233732319,3,0,2,0,0,0.1593,0.1281,0.0403,0.0,0.2772,68
15525000.0,0.0,0.0,0.0,345.0,2.08563204474411,6,0,13,0,1,0.1593,0.1281,0.0403,0.0,0.2772,73
35700000.0,0.0,0.0,0.0,420.0,8.17997233732319,3,0,2,0,0,0.1593,0.1281,0.0403,0.0,0.2772,68
24080000.0,0.0,0.0,0.0,344.0,8.17997233732319,3,0,2,0,0,0.1593,0.1281,0.0403,0.0,0.2772,68
26315000.0,0.0,0.0,0.0,277.0,8.17997233732319,3,0,2,0,0,0.1593,0.1281,0.0403,0.0,0.2772,68
31500000.0,0.0,0.0,0.0,350.0,8.17997233732319,3,0,2,0,0,0.1593,0.1281,0.0403,0.0,0.2772,68
27000000.000000004,0.0,0.0,0.0,300.0,8.17997233732319,3,0,2,0,0,0.1593,0.1281,0.0403,0.0,0.2772,68
10976000.0,0.0,0.0,0.0,343.0,3.59794852654164,0,0,17,4,1,0.1593,0.1281,0.0403,0.0,0.2772,74
31050000.0,0.0,0.0,0.0,414.0,8.45582089875414,3,0,3,0,0,0.1593,0.1281,0.0403,0.0,0.2772,68
66500000.0,0.0,0.0,0.0,700.0,8.45582089875414,3,0,3,0,0,0.1593,0.1281,0.0403,0.0,0.2772,68
17290000.0,0.0,0.0,0.0,266.0,8.17997233732319,3,0,2,0,0,0.1593,0.1281,0.0403,0.0,0.2772,68
51510000.0,0.0,0.0,0.0,606.0,8.17997233732319,3,0,2,0,0,0.1593,0.1281,0.0403,0.0,0.2772,68
51510000.0,0.0,0.0,0.0,606.0,8.17997233732319,3,0,2,0,0,0.1593,0.1281,0.0403,0.0,0.2772,68
233970000.0,0.0,0.0,0.0,4254.0,0.216167064459452,11,0,8,3,0,0.1593,0.1281,0.0403,0.0,0.2772,69
24320000.0,0.0,0.0,0.0,304.0,9.57833994587243,4,0,4,0,0,0.1593,0.1281,0.0403,0.0,0.2772,68
24320000.0,0.0,0.0,0.0,304.0,8.17997233732319,3,0,2,0,0,0.1593,0.1281,0.0403,0.0,0.2772,68
18720000.0,0.0,0.0,0.0,288.0,8.45880458848656,3,0,2,0,0,0.1593,0.1281,0.0403,0.0,0.2772,68
51510000.0,0.0,0.0,0.0,606.0,8.17997233732319,3,0,2,0,0,0.1593,0.1281,0.0403,0.0,0.2772,68
35000000.0,0.0,0.0,0.0,517.0,8.17997233732319,3,0,2,0,0,0.1593,0.1281,0.0403,0.0,0.2772,68
21000000.0,0.0,0.0,0.0,300.0,8.72882084350018,5,0,3,0,0,0.1593,0.1281,0.0403,0.0,0.2772,68
24080000.0,0.0,0.0,0.0,344.0,8.17997233732319,3,0,2,0,0,0.1593,0.1281,0.0403,0.0,0.2772,68
28000000.0,0.0,0.0,0.0,350.0,8.45880458848656,3,0,2,0,0,0.1593,0.1281,0.0403,0.0,0.2772,68
114632000.0,0.0,0.0,0.0,4984.0,4.60459941732289,24,1,12,2,3,0.1593,0.1281,0.0403,0.0,0.2772,-1
106960000.0,0.0,0.0,0.0,1337.0,0.381911477427143,11,0,8,3,0,0.1593,0.1281,0.0403,0.0,0.2772,69
87500000.0,0.0,0.0,0.0,875.0,8.45582089875414,3,0,3,0,0,0.1593,0.1281,0.0403,0.0,0.2772,68
29250000.0,0.0,0.0,0.0,325.0,8.17997233732319,3,0,2,0,0,0.1593,0.1281,0.0403,0.0,0.2772,68
49999999.99999999,0.0,0.0,0.0,719.0,2.08563204474411,6,0,13,0,1,0.1593,0.1281,0.0403,0.0,0.2772,73
65999999.99999999,0.0,0.0,0.0,732.0,8.17997233732319,3,0,2,0,0,0.1593,0.1281,0.0403,0.0,0.2772,68
130425000.0,0.0,0.0,0.0,1739.0,0.216167064459452,11,0,8,3,0,0.1593,0.1281,0.0403,0.0,0.2772,69
34000000.0,0.0,0.0,0.0,1000.0,1.13179688310046,9,0,11,5,0,0.1593,0.1281,0.0403,0.0,0.2772,-1
44100000.0,0.0,0.0,0.0,630.0,8.17997233732319,3,0,2,0,0,0.1593,0.1281,0.0403,0.0,0.2772,68
35435000.0,0.0,0.0,0.0,373.0,8.17997233732319,3,0,2,0,0,0.1593,0.1281,0.0403,0.0,0.2772,68
28595000.0,0.0,0.0,0.0,301.0,8.17997233732319,3,0,2,0,0,0.1593,0.1281,0.0403,0.0,0.2772,68
24320000.0,0.0,0.0,0.0,304.0,8.17997233732319,3,0,2,0,0,0.1593,0.1281,0.0403,0.0,0.2772,68
28000000.0,0.0,0.0,0.0,296.0,8.17997233732319,3,0,2,0,0,0.1593,0.1281,0.0403,0.0,0.2772,68
29920000.0,0.0,0.0,0.0,374.0,8.17997233732319,3,0,2,0,0,0.1593,0.1281,0.0403,0.0,0.2772,68
30000000.0,0.0,0.0,0.0,300.0,8.17997233732319,3,0,2,0,0,0.1593,0.1281,0.0403,0.0,0.2772,68
11168000.0,0.0,0.0,0.0,139.0,5.71267280725422,0,0,12,2,0,0.1593,0.1281,0.0403,0.0,0.2772,72
29400000.000000004,0.0,0.0,0.0,392.0,8.17997233732319,3,0,2,0,0,0.1593,0.1281,0.0403,0.0,0.2772,68
24080000.0,0.0,0.0,0.0,344.0,8.17997233732319,3,0,2,0,0,0.1593,0.1281,0.0403,0.0,0.2772,68
19910000.0,0.0,0.0,0.0,362.0,8.17997233732319,3,0,2,0,0,0.1593,0.1281,0.0403,0.0,0.2772,68
29250000.0,0.0,0.0,0.0,325.0,8.45582089875414,3,0,3,0,0,0.1593,0.1281,0.0403,0.0,0.2772,68
28595000.0,0.0,0.0,0.0,301.0,8.17997233732319,3,0,2,0,0,0.1593,0.1281,0.0403,0.0,0.2772,68
24960000.0,0.0,0.0,0.0,384.0,8.17997233732319,3,0,2,0,0,0.1593,0.1281,0.0403,0.0,0.2772,68
21720000.000000004,0.0,0.0,0.0,362.0,8.17997233732319,3,0,2,0,0,0.1593,0.1281,0.0403,0.0,0.2772,68
20865000.0,0.0,0.0,0.0,321.0,8.17997233732319,3,0,2,0,0,0.1593,0.1281,0.0403,0.0,0.2772,68
39700000.0,0.0,0.0,0.0,397.0,8.17997233732319,3,0,2,0,0,0.1593,0.1281,0.0403,0.0,0.2772,68
30200000.000000004,0.0,0.0,0.0,431.0,8.17997233732319,3,0,2,0,0,0.1593,0.1281,0.0403,0.0,0.2772,68
33250000.0,0.0,0.0,0.0,350.0,8.17997233732319,3,0,2,0,0,0.1593,0.1281,0.0403,0.0,0.2772,68
84690000.0,0.0,0.0,0.0,941.0,11.7892183070657,0,0,2,0,0,0.1593,0.1281,0.0403,0.0,0.2772,68
29775000.0,0.0,0.0,0.0,397.0,8.17997233732319,3,0,2,0,0,0.1593,0.1281,0.0403,0.0,0.2772,68
233300000.0,0.0,0.0,0.0,4667.0,2.1701569035164,9,1,7,2,2,0.1593,0.1281,0.0403,0.0,0.2772,-1
49590000.0,0.0,0.0,0.0,551.0,8.45880458848656,3,0,2,0,0,0.1593,0.1281,0.0403,0.0,0.2772,68
47390000.0,0.0,0.0,0.0,677.0,8.17997233732319,3,0,2,0,0,0.1593,0.1281,0.0403,0.0,0.2772,68
24010000.0,0.0,0.0,0.0,343.0,8.17997233732319,3,0,2,0,0,0.1593,0.1281,0.0403,0.0,0.2772,68
19910000.0,0.0,0.0,0.0,362.0,8.17997233732319,3,0,2,0,0,0.1593,0.1281,0.0403,0.0,0.2772,68
21500000.0,0.0,0.0,0.0,334.0,8.17997233732319,3,0,2,0,0,0.1593,0.1281,0.0403,0.0,0.2772,68
23380000.0,0.0,0.0,0.0,334.0,8.17997233732319,3,0,2,0,0,0.1593,0.1281,0.0403,0.0,0.2772,68
12282000.0,0.0,0.0,0.0,267.0,4.22570476631098,15,0,7,0,0,0.1593,0.1281,0.0403,0.0,0.2772,77
335942135.00000006,0.0,0.0,0.0,23782.0,0.449605876919182,9,0,6,2,0,0.1593,0.1281,0.0403,0.0,0.2772,-1
186660000.0,0.0,0.0,0.0,1037.0,6.231178122715,12,1,3,0,6,0.1593,0.1281,0.0403,0.0,0.2772,75
30000000.0,0.0,0.0,0.0,300.0,8.17997233732319,3,0,2,0,0,0.1593,0.1281,0.0403,0.0,0.2772,68
30300000.0,0.0,0.0,0.0,303.0,8.17997233732319,3,0,2,0,0,0.1593,0.1281,0.0403,0.0,0.2772,68
33250000.0,0.0,0.0,0.0,350.0,9.57833994587243,4,0,4,0,0,0.1593,0.1281,0.0403,0.0,0.2772,68
10296000.0,0.0,0.0,0.0,264.0,7.00455244741367,1,0,7,0,1,0.1593,0.1281,0.0403,0.0,0.2772,71
65880000.0,0.0,0.0,0.0,732.0,8.17997233732319,3,0,2,0,0,0.1593,0.1281,0.0403,0.0,0.2772,68
20860000.0,0.0,0.0,0.0,298.0,8.17997233732319,3,0,2,0,0,0.1593,0.1281,0.0403,0.0,0.2772,68
19910000.0,0.0,0.0,0.0,362.0,8.17997233732319,3,0,2,0,0,0.1593,0.1281,0.0403,0.0,0.2772,68
56523000.0,0.0,0.0,0.0,681.0,8.17997233732319,3,0,2,0,0,0.1593,0.1281,0.0403,0.0,0.2772,68
30300000.0,0.0,0.0,0.0,303.0,8.17997233732319,3,0,2,0,0,0.1593,0.1281,0.0403,0.0,0.2772,68
24320000.0,0.0,0.0,0.0,304.0,8.17997233732319,3,0,2,0,0,0.1593,0.1281,0.0403,0.0,0.2772,68
27566000.0,0.0,0.0,0.0,358.0,8.17997233732319,3,0,2,0,0,0.1593,0.1281,0.0403,0.0,0.2772,68
74195000.0,0.0,0.0,0.0,1349.0,2.08563204474411,6,0,13,0,1,0.1593,0.1281,0.0403,0.0,0.2772,73
27753000.0,0.0,0.0,0.0,841.0,4.18516398473014,15,0,7,0,0,0.1593,0.1281,0.0403,0.0,0.2772,77
81000000.0,0.0,0.0,0.0,900.0,11.2547837888505,1,1,3,0,4,0.1593,0.1281,0.0403,0.0,0.2772,76
23880000.0,0.0,0.0,0.0,597.0,1.86498042978491,4,0,5,1,2,0.1593,0.1281,0.0403,0.0,0.2772,-1
12499999.999999998,0.0,0.0,0.0,355.0,2.69047411870578,21,0,14,1,0,0.1593,0.1281,0.0403,0.0,0.2772,-1
65880000.0,0.0,0.0,0.0,732.0,8.17997233732319,3,0,2,0,0,0.1593,0.1281,0.0403,0.0,0.2772,68
31000000.000000004,0.0,0.0,0.0,330.0,8.17997233732319,3,0,2,0,0,0.1593,0.1281,0.0403,0.0,0.2772,68
24320000.0,0.0,0.0,0.0,380.0,8.17997233732319,3,0,2,0,0,0.1593,0.1281,0.0403,0.0,0.2772,68
19910000.0,0.0,0.0,0.0,362.0,8.17997233732319,3,0,2,0,0,0.1593,0.1281,0.0403,0.0,0.2772,68
60000000.0,0.0,0.0,0.0,300.0,8.17997233732319,3,0,2,0,0,0.1593,0.1281,0.0403,0.0,0.2772,68
12045000.0,0.0,0.0,0.0,365.0,7.00455244741367,1,0,7,0,1,0.1593,0.1281,0.0403,0.0,0.2772,71
37300000.0,0.0,0.0,0.0,373.0,8.17997233732319,3,0,2,0,0,0.1593,0.1281,0.0403,0.0,0.2772,68
124600000.0,0.0,0.0,0.0,4984.0,8.17997233732319,3,0,2,0,0,0.1593,0.1281,0.0403,0.0,0.2772,68
18865000.0,0.0,0.0,0.0,343.0,8.17997233732319,3,0,2,0,0,0.1593,0.1281,0.0403,0.0,0.2772,68
28575000.0,0.0,0.0,0.0,381.0,8.17997233732319,3,0,2,0,0,0.1593,0.1281,0.0403,0.0,0.2772,68
13632000.0,0.0,0.0,0.0,284.0,11.2547837888505,1,1,3,0,4,0.1593,0.1281,0.0403,0.0,0.2772,76
49590000.0,0.0,0.0,0.0,551.0,8.45582089875414,3,0,3,0,0,0.1593,0.1281,0.0403,0.0,0.2772,68
81000000.0,0.0,0.0,0.0,900.0,8.17997233732319,3,0,2,0,0,0.1593,0.1281,0.0403,0.0,0.2772,68
17290000.0,0.0,0.0,0.0,266.0,8.17997233732319,3,0,2,0,0,0.1593,0.1281,0.0403,0.0,0.2772,68
15840000.0,0.0,0.0,0.0,288.0,8.17997233732319,3,0,2,0,0,0.1593,0.1281,0.0403,0.0,0.2772,68
15840000.0,0.0,0.0,0.0,288.0,8.17997233732319,3,0,2,0,0,0.1593,0.1281,0.0403,0.0,0.2772,68
15840000.0,0.0,0.0,0.0,288.0,8.17997233732319,3,0,2,0,0,0.1593,0.1281,0.0403,0.0,0.2772,68
13632000.0,0.0,0.0,0.0,284.0,8.17997233732319,3,0,2,0,0,0.1593,0.1281,0.0403,0.0,0.2772,68
24080000.0,0.0,0.0,0.0,301.0,8.45880458848656,3,0,2,0,0,0.1593,0.1281,0.0403,0.0,0.2772,68
51510000.0,0.0,0.0,0.0,606.0,8.17997233732319,3,0,2,0,0,0.1593,0.1281,0.0403,0.0,0.2772,68
13632000.0,0.0,0.0,0.0,284.0,8.17997233732319,3,0,2,0,0,0.1593,0.1281,0.0403,0.0,0.2772,68
13632000.0,0.0,0.0,0.0,284.0,8.17997233732319,3,0,2,0,0,0.1593,0.1281,0.0403,0.0,0.2772,68
56560000.00000001,0.0,0.0,0.0,707.0,8.17997233732319,3,0,2,0,0,0.1593,0.1281,0.0403,0.0,0.2772,68
81000000.0,0.0,0.0,0.0,900.0,8.17997233732319,3,0,2,0,0,0.1593,0.1281,0.0403,0.0,0.2772,68
81000000.0,0.0,0.0,0.0,900.0,8.17997233732319,3,0,2,0,0,0.1593,0.1281,0.0403,0.0,0.2772,68
17650000.0,0.0,0.0,0.0,353.0,8.17997233732319,3,0,2,0,0,0.1593,0.1281,0.0403,0.0,0.2772,68
17650000.0,0.0,0.0,0.0,353.0,8.17997233732319,3,0,2,0,0,0.1593,0.1281,0.0403,0.0,0.2772,68
51510000.0,0.0,0.0,0.0,606.0,8.17997233732319,3,0,2,0,0,0.1593,0.1281,0.0403,0.0,0.2772,68
35435000.0,0.0,0.0,0.0,301.0,8.17997233732319,3,0,2,0,0,0.1593,0.1281,0.0403,0.0,0.2772,68
35700000.0,0.0,0.0,0.0,420.0,8.17997233732319,3,0,2,0,0,0.1593,0.1281,0.0403,0.0,0.2772,68
24000000.0,0.0,0.0,0.0,300.0,7.728979569479,3,0,3,0,2,0.1593,0.1281,0.0403,0.0,0.2772,68
49590000.0,0.0,0.0,0.0,551.0,8.45880458848656,3,0,2,0,0,0.1593,0.1281,0.0403,0.0,0.2772,68
22160000.0,0.0,0.0,0.0,277.0,8.17997233732319,3,0,2,0,0,0.1593,0.1281,0.0403,0.0,0.2772,68
49590000.0,0.0,0.0,0.0,551.0,8.17997233732319,3,0,2,0,0,0.1593,0.1281,0.0403,0.0,0.2772,68
45360000.00000001,0.0,0.0,0.0,756.0,4.22570476631098,15,0,7,0,0,0.1593,0.1281,0.0403,0.0,0.2772,77
73970000.0,0.0,0.0,0.0,569.0,8.17997233732319,3,0,2,0,0,0.1593,0.1281,0.0403,0.0,0.2772,68
32600000.000000004,0.0,0.0,0.0,326.0,8.17997233732319,3,0,2,0,0,0.1593,0.1281,0.0403,0.0,0.2772,68
32110000.0,0.0,0.0,0.0,338.0,8.17997233732319,3,0,2,0,0,0.1593,0.1281,0.0403,0.0,0.2772,68
32600000.000000004,0.0,0.0,0.0,326.0,8.17997233732319,3,0,2,0,0,0.1593,0.1281,0.0403,0.0,0.2772,68
49590000.0,0.0,0.0,0.0,551.0,9.57833994587243,4,0,4,0,0,0.1593,0.1281,0.0403,0.0,0.2772,68
27990000.0,0.0,0.0,0.0,311.0,9.57833994587243,4,0,4,0,0,0.1593,0.1281,0.0403,0.0,0.2772,68
38400000.0,0.0,0.0,0.0,512.0,8.17997233732319,3,0,2,0,0,0.1593,0.1281,0.0403,0.0,0.2772,68
27810000.0,0.0,0.0,0.0,309.0,9.57833994587243,4,0,4,0,0,0.1593,0.1281,0.0403,0.0,0.2772,68
35200000.0,0.0,0.0,0.0,352.0,9.57833994587243,4,0,4,0,0,0.1593,0.1281,0.0403,0.0,0.2772,68
39700000.0,0.0,0.0,0.0,397.0,9.57833994587243,4,0,4,0,0,0.1593,0.1281,0.0403,0.0,0.2772,68
25840000.0,0.0,0.0,0.0,304.0,9.57833994587243,4,0,4,0,0,0.1593,0.1281,0.0403,0.0,0.2772,68
28890000.0,0.0,0.0,0.0,321.0,8.17997233732319,3,0,2,0,0,0.1593,0.1281,0.0403,0.0,0.2772,68
25670000.0,0.0,0.0,0.0,302.0,9.57833994587243,4,0,4,0,0,0.1593,0.1281,0.0403,0.0,0.2772,68
31050000.0,0.0,0.0,0.0,414.0,9.57833994587243,4,0,4,0,0,0.1593,0.1281,0.0403,0.0,0.2772,68
28980000.0,0.0,0.0,0.0,322.0,9.57833994587243,4,0,4,0,0,0.1593,0.1281,0.0403,0.0,0.2772,68
14025000.0,0.0,0.0,0.0,255.0,8.17997233732319,3,0,2,0,0,0.1593,0.1281,0.0403,0.0,0.2772,68
21000000.0,0.0,0.0,0.0,329.0,8.45880458848656,3,0,2,0,0,0.1593,0.1281,0.0403,0.0,0.2772,68
41970000.0,0.0,0.0,0.0,319.0,8.17997233732319,3,0,2,0,0,0.1593,0.1281,0.0403,0.0,0.2772,68
22000000.0,0.0,0.0,0.0,320.0,8.17997233732319,3,0,2,0,0,0.1593,0.1281,0.0403,0.0,0.2772,68
96896000.0,0.0,0.0,0.0,757.0,8.17997233732319,3,0,2,0,0,0.1593,0.1281,0.0403,0.0,0.2772,68
9000000.0,0.0,0.0,0.0,300.0,3.59794852654164,0,0,17,4,1,0.1593,0.1281,0.0403,0.0,0.2772,74
35770000.0,0.0,0.0,0.0,490.0,8.17997233732319,3,0,2,0,0,0.1593,0.1281,0.0403,0.0,0.2772,68
41970000.0,0.0,0.0,0.0,319.0,8.17997233732319,3,0,2,0,0,0.1593,0.1281,0.0403,0.0,0.2772,68
153540000.0,0.0,0.0,0.0,1706.0,8.17997233732319,3,0,2,0,0,0.1593,0.1281,0.0403,0.0,0.2772,68
44740000.0,0.0,0.0,0.0,316.0,8.17997233732319,3,0,2,0,0,0.1593,0.1281,0.0403,0.0,0.2772,68
20000000.0,0.0,0.0,0.0,450.0,1.91273749969715,7,1,11,0,2,0.1593,0.1281,0.0403,0.0,0.2772,-1
22000000.0,0.0,0.0,0.0,315.0,8.17997233732319,3,0,2,0,0,0.1593,0.1281,0.0403,0.0,0.2772,68
22000000.0,0.0,0.0,0.0,320.0,8.17997233732319,3,0,2,0,0,0.1593,0.1281,0.0403,0.0,0.2772,68
20000000.0,0.0,0.0,0.0,412.0,1.91273749969715,7,1,11,0,2,0.1593,0.1281,0.0403,0.0,0.2772,-1
66160000.00000001,0.0,0.0,0.0,469.0,8.17997233732319,3,0,2,0,0,0.1593,0.1281,0.0403,0.0,0.2772,68
50830000.0,0.0,0.0,0.0,391.0,8.17997233732319,3,0,2,0,0,0.1593,0.1281,0.0403,0.0,0.2772,68
39520000.0,0.0,0.0,0.0,304.0,8.17997233732319,3,0,2,0,0,0.1593,0.1281,0.0403,0.0,0.2772,68
19500000.0,0.0,0.0,0.0,273.0,8.17997233732319,3,0,2,0,0,0.1593,0.1281,0.0403,0.0,0.2772,68
81250000.0,0.0,0.0,0.0,625.0,8.17997233732319,3,0,2,0,0,0.1593,0.1281,0.0403,0.0,0.2772,68
192000000.0,0.0,0.0,0.0,2400.0,7.83931926632118,4,0,5,0,2,0.2558,0.1939,0.1235,0.0954,0.2329,78
43599999.99999999,0.0,0.0,0.0,400.0,7.83931926632118,4,0,5,0,2,0.2558,0.1939,0.1235,0.0954,0.2329,78
51000000.0,0.0,0.0,0.0,693.0,7.83931926632118,4,0,5,0,2,0.2558,0.1939,0.1235,0.0954,0.2329,78
41999999.99999999,0.0,0.0,0.0,753.0,7.83931926632118,4,0,5,0,2,0.2558,0.1939,0.1235,0.0954,0.2329,78
26880000.0,0.0,0.0,0.0,448.0,7.83931926632118,4,0,5,0,2,0.2558,0.1939,0.1235,0.0954,0.2329,78
241775000.0,0.0,0.0,0.0,475.0,2.24023092088096,29,8,7,0,48,1.0473,0.2141,1.3742,0.0185,0.7263,79
30000000.0,0.0,0.0,0.0,234.0,2.2691232871012,4,0,16,0,5,1.0473,0.2141,1.3742,0.0185,0.7263,80
30000000.0,0.0,0.0,0.0,234.0,2.2691232871012,4,0,16,0,5,1.0473,0.2141,1.3742,0.0185,0.7263,80
161280000.0,0.0,0.0,0.0,448.0,2.24023092088096,29,8,7,0,48,1.0473,0.2141,1.3742,0.0185,0.7263,79
361000000.0,0.0,0.0,0.0,722.0,3.32274828600465,15,6,12,0,19,1.0473,0.2141,1.3742,0.0185,0.7263,81
30000000.0,0.0,0.0,0.0,234.0,2.2691232871012,4,0,16,0,5,1.0473,0.2141,1.3742,0.0185,0.7263,80
255000000.0,0.0,0.0,0.0,570.0,3.32274828600465,15,6,12,0,19,1.0473,0.2141,1.3742,0.0185,0.7263,81
118560000.0,0.0,0.0,0.0,312.0,3.97002691103628,8,3,14,0,15,1.0473,0.2141,1.3742,0.0185,0.7263,82
105060000.0,0.0,0.0,0.0,618.0,1.54070787187374,16,2,18,1,24,1.0473,0.2141,1.3742,0.0185,0.7263,83
504560000.0,0.0,0.0,0.0,900.0,0.891694090278903,20,2,21,2,13,1.0473,0.2141,1.3742,0.0185,0.7263,84
361000000.0,0.0,0.0,0.0,722.0,3.27706030645861,29,9,8,0,45,1.0473,0.2141,1.3742,0.0185,0.7263,85
330000000.0,0.0,0.0,0.0,1000.0,3.32274828600465,15,6,12,0,19,1.0473,0.2141,1.3742,0.0185,0.7263,81
2075010000.0,0.0,0.0,0.0,3374.0,4.08816765892531,6,0,0,0,4,1.0473,0.2141,1.3742,0.0185,0.7263,86
1500000000.0,0.0,0.0,0.0,2191.0,4.08816765892531,6,0,0,0,4,1.0473,0.2141,1.3742,0.0185,0.7263,86
2075010000.0,0.0,0.0,0.0,3374.0,4.08816765892531,6,0,0,0,4,1.0473,0.2141,1.3742,0.0185,0.7263,86
200000000.0,0.0,0.0,0.0,520.0,2.24023092088096,29,8,7,0,48,1.0473,0.2141,1.3742,0.0185,0.7263,79
35250000.0,0.0,0.0,0.0,494.0,1.54070787187374,16,2,18,1,24,1.0473,0.2141,1.3742,0.0185,0.7263,83
360000000.0,0.0,0.0,0.0,1020.0,2.42165355521861,27,4,13,1,43,1.0473,0.2141,1.3742,0.0185,0.7263,87
190960000.0,0.0,0.0,0.0,868.0,1.29813630709615,25,3,14,1,14,1.0473,0.2141,1.3742,0.0185,0.7263,88
320000000.0,0.0,0.0,0.0,812.0,3.32274828600465,15,6,12,0,19,1.0473,0.2141,1.3742,0.0185,0.7263,81
440000000.0,0.0,0.0,0.0,880.0,2.61411299657257,5,2,4,0,2,1.0473,0.2141,1.3742,0.0185,0.7263,89
136000000.0,0.0,0.0,0.0,544.0,3.97002691103628,8,3,14,0,15,1.0473,0.2141,1.3742,0.0185,0.7263,82
500000000.0,0.0,0.0,0.0,1300.0,3.41353760932766,27,7,4,0,42,1.0473,0.2141,1.3742,0.0185,0.7263,90
971091000.0,0.0,0.0,0.0,3462.0,4.08816765892531,6,0,0,0,4,1.0473,0.2141,1.3742,0.0185,0.7263,86
1009800000.0,0.0,0.0,0.0,3600.0,4.08816765892531,6,0,0,0,4,1.0473,0.2141,1.3742,0.0185,0.7263,86
78750000.0,0.0,0.0,0.0,315.0,2.42165355521861,27,4,13,1,43,1.0473,0.2141,1.3742,0.0185,0.7263,87
81500000.0,0.0,0.0,0.0,428.0,3.27706030645861,29,9,8,0,45,1.0473,0.2141,1.3742,0.0185,0.7263,85
4800000.0,0.0,0.0,0.0,79.0,6.5750481198903,15,2,25,1,1,1.0473,0.2141,1.3742,0.0185,0.7263,91
242926000.0,0.0,0.0,0.0,1162.0,4.08816765892531,6,0,0,0,4,1.0473,0.2141,1.3742,0.0185,0.7263,86
500900000.0,0.0,0.0,0.0,1580.0,1.56937611929952,3,0,19,0,8,1.0473,0.2141,1.3742,0.0185,0.7263,80
103180000.0,0.0,0.0,0.0,350.0,1.90326606202875,6,2,6,0,2,1.0473,0.2141,1.3742,0.0185,0.7263,89
57000000.0,0.0,0.0,0.0,270.0,0.891694090278903,20,2,21,2,13,1.0473,0.2141,1.3742,0.0185,0.7263,84
190960000.0,0.0,0.0,0.0,868.0,1.29813630709615,25,3,14,1,14,1.0473,0.2141,1.3742,0.0185,0.7263,88
250000000.0,0.0,0.0,0.0,660.0,7.10248129344981,17,8,11,0,72,1.0473,0.2141,1.3742,0.0185,0.7263,-1
115000000.0,0.0,0.0,0.0,350.0,1.90326606202875,6,2,6,0,2,1.0473,0.2141,1.3742,0.0185,0.7263,89
105000000.0,0.0,0.0,0.0,710.0,1.56937611929952,3,0,19,0,8,1.0473,0.2141,1.3742,0.0185,0.7263,80
4800000.0,0.0,0.0,0.0,79.0,6.5750481198903,15,2,25,1,1,1.0473,0.2141,1.3742,0.0185,0.7263,91
87720000.0,0.0,0.0,0.0,352.0,3.97002691103628,8,3,14,0,15,1.0473,0.2141,1.3742,0.0185,0.7263,82
69900000.0,0.0,0.0,0.0,222.0,4.82308338829801,5,2,21,0,4,1.0473,0.2141,1.3742,0.0185,0.7263,-1
52800000.0,0.0,0.0,0.0,528.0,2.2691232871012,4,0,16,0,5,1.0473,0.2141,1.3742,0.0185,0.7263,80
135000000.0,0.0,0.0,0.0,455.0,1.29813630709615,25,3,14,1,14,1.0473,0.2141,1.3742,0.0185,0.7263,88
278000000.0,0.0,0.0,0.0,570.0,3.32274828600465,15,6,12,0,19,1.0473,0.2141,1.3742,0.0185,0.7263,81
75000000.0,0.0,0.0,0.0,505.0,0.891694090278903,20,2,21,2,13,1.0473,0.2141,1.3742,0.0185,0.7263,84
52000000.0,0.0,0.0,0.0,242.0,1.55922466738988,40,4,15,1,40,1.0473,0.2141,1.3742,0.0185,0.7263,92
55000000.0,0.0,0.0,0.0,267.0,1.55922466738988,40,4,15,1,40,1.0473,0.2141,1.3742,0.0185,0.7263,92
30000000.0,0.0,0.0,0.0,134.5,1.55922466738988,40,4,15,1,40,1.0473,0.2141,1.3742,0.0185,0.7263,92
45000000.0,0.0,0.0,0.0,356.0,1.56937611929952,3,0,19,0,8,1.0473,0.2141,1.3742,0.0185,0.7263,80
115000000.0,0.0,0.0,0.0,350.0,1.90326606202875,6,2,6,0,2,1.0473,0.2141,1.3742,0.0185,0.7263,89
161280000.0,0.0,0.0,0.0,448.0,3.28337341710908,19,10,11,0,45,1.0473,0.2141,1.3742,0.0185,0.7263,93
118000000.0,0.0,0.0,0.0,914.7,2.90785711770434,4,0,16,2,1,1.0473,0.2141,1.3742,0.0185,0.7263,94
40000000.0,0.0,0.0,0.0,241.0,2.24023092088096,29,8,7,0,48,1.0473,0.2141,1.3742,0.0185,0.7263,79
67000000.0,0.0,0.0,0.0,329.0,3.97002691103628,8,3,14,0,15,1.0473,0.2141,1.3742,0.0185,0.7263,82
591000000.0,0.0,0.0,0.0,1516.0,3.41353760932766,27,7,4,0,42,1.0473,0.2141,1.3742,0.0185,0.7263,90
70000000.0,0.0,0.0,0.0,350.0,1.29813630709615,25,3,14,1,14,1.0473,0.2141,1.3742,0.0185,0.7263,88
109900000.0,0.0,0.0,0.0,350.0,1.90326606202875,6,2,6,0,2,1.0473,0.2141,1.3742,0.0185,0.7263,89
43500000.0,0.0,0.0,0.0,300.0,5.35473689858411,19,1,22,1,7,1.0473,0.2141,1.3742,0.0185,0.7263,95
190960000.0,0.0,0.0,0.0,868.0,1.29813630709615,25,3,14,1,14,1.0473,0.2141,1.3742,0.0185,0.7263,88
45000000.0,0.0,0.0,0.0,300.0,6.5750481198903,15,2,25,1,1,1.0473,0.2141,1.3742,0.0185,0.7263,91
63000000.0,0.0,0.0,0.0,428.0,0.891694090278903,20,2,21,2,13,1.0473,0.2141,1.3742,0.0185,0.7263,84
28800000.0,0.0,0.0,0.0,180.0,0.891694090278903,20,2,21,2,13,1.0473,0.2141,1.3742,0.0185,0.7263,84
190960000.0,0.0,0.0,868.0,868.0,1.29813630709615,25,3,14,1,14,1.0473,0.2141,1.3742,0.0185,0.7263,-1
33500000.0,0.0,0.0,0.0,255.0,1.54070787187374,16,2,18,1,24,1.0473,0.2141,1.3742,0.0185,0.7263,83
86500000.0,0.0,0.0,0.0,418.0,3.97002691103628,8,3,14,0,15,1.0473,0.2141,1.3742,0.0185,0.7263,82
891900000.0,0.0,0.0,0.0,1784.0,2.66827863582235,34,9,6,1,57,1.0473,0.2141,1.3742,0.0185,0.7263,-1
300000000.0,0.0,0.0,0.0,812.0,3.27706030645861,29,9,8,0,45,1.0473,0.2141,1.3742,0.0185,0.7263,85
35000000.0,0.0,0.0,0.0,177.0,3.97002691103628,8,3,14,0,15,1.0473,0.2141,1.3742,0.0185,0.7263,82
118000000.0,0.0,0.0,0.0,914.7,2.90785711770434,4,0,16,2,1,1.0473,0.2141,1.3742,0.0185,0.7263,94
29260000.0,0.0,0.0,0.0,266.0,6.5750481198903,15,2,25,1,1,1.0473,0.2141,1.3742,0.0185,0.7263,91
49999999.0,0.0,0.0,0.0,250.0,3.00150108604283,4,3,8,0,3,1.0473,0.2141,1.3742,0.0185,0.7263,96
70000000.0,0.0,0.0,0.0,347.0,5.69538512235101,19,4,29,1,7,1.0473,0.2141,1.3742,0.0185,0.7263,-1
45000000.0,0.0,0.0,0.0,270.0,1.29813630709615,25,3,14,1,14,1.0473,0.2141,1.3742,0.0185,0.7263,88
300000000.0,0.0,0.0,0.0,660.0,1.54070787187374,16,2,18,1,24,1.0473,0.2141,1.3742,0.0185,0.7263,83
57999999.0,0.0,0.0,0.0,115.0,3.28337341710908,19,10,11,0,45,1.0473,0.2141,1.3742,0.0185,0.7263,93
844800000.0,0.0,0.0,0.0,2620.0,1.81866514144521,3,0,17,0,6,1.0473,0.2141,1.3742,0.0185,0.7263,80
94830000.0,0.0,0.0,0.0,435.0,0.982768023612321,45,4,25,1,21,1.0473,0.2141,1.3742,0.0185,0.7263,97
82719999.99999999,0.0,0.0,0.0,352.0,3.97002691103628,8,3,14,0,15,1.0473,0.2141,1.3742,0.0185,0.7263,82
40000000.0,0.0,0.0,0.0,200.0,6.47012028641756,3,1,16,4,7,1.0473,0.2141,1.3742,0.0185,0.7263,98
212400000.0,0.0,0.0,0.0,531.0,3.97002691103628,8,3,14,0,15,1.0473,0.2141,1.3742,0.0185,0.7263,82
680000.0,0.0,0.0,0.0,12.5,3.97002691103628,8,3,14,0,15,1.0473,0.2141,1.3742,0.0185,0.7263,82
68662500.0,0.0,0.0,0.0,220.0,1.29813630709615,25,3,14,1,14,1.0473,0.2141,1.3742,0.0185,0.7263,88
180000000.0,0.0,0.0,0.0,265.0,2.88833113471223,34,7,5,0,47,1.0473,0.2141,1.3742,0.0185,0.7263,99
435600000.0,0.0,0.0,0.0,1320.0,2.61411299657257,5,2,4,0,2,1.0473,0.2141,1.3742,0.0185,0.7263,89
450000000.0,0.0,0.0,0.0,488.0,3.1981293564494,0,0,3,1,0,1.0473,0.2141,1.3742,0.0185,0.7263,100
891000000.0,0.0,0.0,0.0,2700.0,2.61411299657257,5,2,4,0,2,1.0473,0.2141,1.3742,0.0185,0.7263,89
235620000.0,0.0,0.0,0.0,714.0,3.1981293564494,0,0,3,1,0,1.0473,0.2141,1.3742,0.0185,0.7263,100
412500000.0,0.0,0.0,0.0,1250.0,3.1981293564494,0,0,3,1,0,1.0473,0.2141,1.3742,0.0185,0.7263,100
343200000.0,0.0,0.0,0.0,1040.0,3.1981293564494,0,0,3,1,0,1.0473,0.2141,1.3742,0.0185,0.7263,100
331319999.99999994,0.0,0.0,0.0,1004.0,3.1981293564494,0,0,3,1,0,1.0473,0.2141,1.3742,0.0185,0.7263,100
412170000.0,0.0,0.0,0.0,1249.0,3.1981293564494,0,0,3,1,0,1.0473,0.2141,1.3742,0.0185,0.7263,100
130000000.0,0.0,0.0,0.0,960.0,2.90785711770434,4,0,16,2,1,1.0473,0.2141,1.3742,0.0185,0.7263,94
586740000.0,0.0,0.0,0.0,1778.0,3.1981293564494,0,0,3,1,0,1.0473,0.2141,1.3742,0.0185,0.7263,100
9000000.0,0.0,0.0,0.0,130.0,1.55922466738988,40,4,15,1,40,1.0473,0.2141,1.3742,0.0185,0.7263,92
194040000.0,0.0,0.0,0.0,588.0,3.1981293564494,0,0,3,1,0,1.0473,0.2141,1.3742,0.0185,0.7263,100
398970000.0,0.0,0.0,0.0,1209.0,3.1981293564494,0,0,3,1,0,1.0473,0.2141,1.3742,0.0185,0.7263,100
624360000.0,0.0,0.0,0.0,1892.0,3.1981293564494,0,0,3,1,0,1.0473,0.2141,1.3742,0.0185,0.7263,100
839850000.0,0.0,0.0,0.0,2545.0,2.61411299657257,5,2,4,0,2,1.0473,0.2141,1.3742,0.0185,0.7263,89
491700000.0,0.0,0.0,0.0,1490.0,3.1981293564494,0,0,3,1,0,1.0473,0.2141,1.3742,0.0185,0.7263,100
1105170000.0,0.0,0.0,0.0,3349.0,4.08816765892531,6,0,0,0,4,1.0473,0.2141,1.3742,0.0185,0.7263,86
511500000.0,0.0,0.0,0.0,1550.0,2.61411299657257,5,2,4,0,2,1.0473,0.2141,1.3742,0.0185,0.7263,89
120000000.0,0.0,0.0,0.0,505.0,3.9701058277237,8,3,14,0,15,1.0473,0.2141,1.3742,0.0185,0.7263,82
86526000.0,0.0,0.0,0.0,418.0,3.27706030645861,29,9,8,0,45,1.0473,0.2141,1.3742,0.0185,0.7263,85
98000000.0,0.0,0.0,0.0,421.0,3.31910268584829,11,6,13,0,16,1.0473,0.2141,1.3742,0.0185,0.7263,81
45000000.0,0.0,0.0,0.0,272.0,2.59692881341465,31,7,9,1,49,1.0473,0.2141,1.3742,0.0185,0.7263,101
118000000.0,0.0,0.0,0.0,379.0,1.90326606202875,6,2,6,0,2,1.0473,0.2141,1.3742,0.0185,0.7263,89
60300000.0,0.0,0.0,0.0,201.0,0.891694090278903,20,2,21,2,13,1.0473,0.2141,1.3742,0.0185,0.7263,84
60300000.0,0.0,0.0,0.0,201.0,0.891694090278903,20,2,21,2,13,1.0473,0.2141,1.3742,0.0185,0.7263,84
129670000.0,0.0,0.0,0.0,379.0,1.90326606202875,6,2,6,0,2,1.0473,0.2141,1.3742,0.0185,0.7263,89
58694999.99999999,0.0,0.0,0.0,301.0,3.28373814655962,5,4,8,0,7,0.2002,0.13,0.102,0.0343,0.7127,102
105230000.0,0.0,0.0,0.0,619.0,1.54070787187374,16,2,18,1,24,1.0473,0.2141,1.3742,0.0185,0.7263,83
22500000.0,0.0,0.0,0.0,202.0,5.35473689858411,19,1,22,1,7,1.0473,0.2141,1.3742,0.0185,0.7263,95
35000000.0,0.0,0.0,0.0,343.0,1.56937611929952,3,0,19,0,8,1.0473,0.2141,1.3742,0.0185,0.7263,80
9000000.0,0.0,0.0,0.0,130.0,1.55922466738988,40,4,15,1,40,1.0473,0.2141,1.3742,0.0185,0.7263,92
76000000.00000001,0.0,0.0,0.0,315.0,3.97002691103628,8,3,14,0,15,1.0473,0.2141,1.3742,0.0185,0.7263,82
826880000.0,0.0,0.0,0.0,2176.0,2.2691232871012,4,0,16,0,5,1.0473,0.2141,1.3742,0.0185,0.7263,80
12000000000.0,0.0,0.0,0.0,48000.0,6.73847589464718,14,5,37,2,9,1.0473,0.2141,1.3742,0.0185,0.7263,-1
220800000.0,0.0,0.0,0.0,736.0,1.90326606202875,6,2,6,0,2,1.0473,0.2141,1.3742,0.0185,0.7263,89
55000000.0,0.0,0.0,0.0,204.0,4.58177327137671,11,1,16,1,6,1.0473,0.2141,1.3742,0.0185,0.7263,103
40000000.0,0.0,0.0,0.0,267.0,1.54070787187374,16,2,18,1,24,1.0473,0.2141,1.3742,0.0185,0.7263,83
60000000.0,0.0,0.0,0.0,351.0,0.891694090278903,20,2,21,2,13,1.0473,0.2141,1.3742,0.0185,0.7263,84
105000000.0,0.0,0.0,0.0,350.0,1.90326606202875,6,2,6,0,2,1.0473,0.2141,1.3742,0.0185,0.7263,89
250000000.0,0.0,0.0,0.0,570.0,3.32274828600465,15,6,12,0,19,1.0473,0.2141,1.3742,0.0185,0.7263,81
287945000.0,0.0,0.0,0.0,665.0,3.32274828600465,15,6,12,0,19,1.0473,0.2141,1.3742,0.0185,0.7263,81
45000000.0,0.0,0.0,0.0,300.0,5.35473689858411,19,1,22,1,7,1.0473,0.2141,1.3742,0.0185,0.7263,95
120000000.0,0.0,0.0,0.0,379.0,1.90326606202875,6,2,6,0,2,1.0473,0.2141,1.3742,0.0185,0.7263,89
1500000000.0,0.0,0.0,0.0,2329.0,4.08816765892531,6,0,0,0,4,1.0473,0.2141,1.3742,0.0185,0.7263,86
17500000.0,0.0,0.0,0.0,171.0,2.2691232871012,4,0,16,0,5,1.0473,0.2141,1.3742,0.0185,0.7263,80
697050000.0,0.0,0.0,0.0,1549.0,3.1981293564494,0,0,3,1,0,1.0473,0.2141,1.3742,0.0185,0.7263,100
129670000.0,0.0,0.0,0.0,400.0,1.90326606202875,6,2,6,0,2,1.0473,0.2141,1.3742,0.0185,0.7263,89
93928000.0,0.0,0.0,0.0,472.0,1.54070787187374,16,2,18,1,24,1.0473,0.2141,1.3742,0.0185,0.7263,83
259350000.0,0.0,0.0,0.0,570.0,3.32274828600465,15,6,12,0,19,1.0473,0.2141,1.3742,0.0185,0.7263,81
39000000.0,0.0,0.0,0.0,356.0,1.56937611929952,3,0,19,0,8,1.0473,0.2141,1.3742,0.0185,0.7263,80
1500000000.0,0.0,0.0,0.0,983.0,2.59692881341465,31,7,9,1,49,1.0473,0.2141,1.3742,0.0185,0.7263,101
108000000.0,0.0,0.0,0.0,360.0,2.28037737500924,15,2,12,1,15,1.0473,0.2141,1.3742,0.0185,0.7263,104
65000000.0,0.0,0.0,0.0,360.0,1.56937611929952,3,0,19,0,8,1.0473,0.2141,1.3742,0.0185,0.7263,80
115000000.0,0.0,0.0,0.0,379.0,1.90326606202875,6,2,6,0,2,1.0473,0.2141,1.3742,0.0185,0.7263,89
72000000.0,0.0,0.0,400.0,400.0,3.28373814655962,5,4,8,0,7,0.2002,0.13,0.102,0.0343,0.7127,-1
95000000.0,0.0,0.0,0.0,340.0,2.28037737500924,15,2,12,1,15,1.0473,0.2141,1.3742,0.0185,0.7263,104
31000000.000000004,0.0,0.0,0.0,236.0,0.891694090278903,20,2,21,2,13,1.0473,0.2141,1.3742,0.0185,0.7263,84
103180000.0,0.0,0.0,0.0,350.0,1.90326606202875,6,2,6,0,2,1.0473,0.2141,1.3742,0.0185,0.7263,89
110000000.0,0.0,0.0,0.0,350.0,1.90326606202875,6,2,6,0,2,1.0473,0.2141,1.3742,0.0185,0.7263,89
285000000.0,0.0,0.0,0.0,570.0,3.32274828600465,15,6,12,0,19,1.0473,0.2141,1.3742,0.0185,0.7263,81
110000000.0,0.0,0.0,0.0,379.0,1.90326606202875,6,2,6,0,2,1.0473,0.2141,1.3742,0.0185,0.7263,89
115000000.0,0.0,0.0,0.0,379.0,1.90326606202875,6,2,6,0,2,1.0473,0.2141,1.3742,0.0185,0.7263,89
1500000000.0,0.0,0.0,0.0,2340.0,4.08816765892531,6,0,0,0,4,1.0473,0.2141,1.3742,0.0185,0.7263,86
38940000.0,0.0,0.0,0.0,262.0,0.891694090278903,20,2,21,2,13,1.0473,0.2141,1.3742,0.0185,0.7263,84
40000000.0,0.0,0.0,0.0,528.0,2.2691232871012,4,0,16,0,5,1.0473,0.2141,1.3742,0.0185,0.7263,80
89000000.0,0.0,0.0,0.0,395.0,3.31910268584829,11,6,13,0,16,1.0473,0.2141,1.3742,0.0185,0.7263,81
76440000.0,0.0,0.0,0.0,726.0,2.28037737500924,15,2,12,1,15,1.0473,0.2141,1.3742,0.0185,0.7263,104
49999999.99999999,0.0,0.0,0.0,441.0,3.27706030645861,29,9,8,0,45,1.0473,0.2141,1.3742,0.0185,0.7263,85
40000000.0,0.0,0.0,0.0,241.0,6.73847589464718,14,5,37,2,9,1.0473,0.2141,1.3742,0.0185,0.7263,105
67000000.0,0.0,0.0,0.0,329.0,3.97002691103628,8,3,14,0,15,1.0473,0.2141,1.3742,0.0185,0.7263,82
47040000.0,0.0,0.0,0.0,392.0,6.5750481198903,15,2,25,1,1,1.0473,0.2141,1.3742,0.0185,0.7263,91
750000000.0,0.0,0.0,0.0,1600.0,1.54070787187374,16,2,18,1,24,1.0473,0.2141,1.3742,0.0185,0.7263,83
49720000.0,0.0,0.0,0.0,226.0,1.29813630709615,25,3,14,1,14,1.0473,0.2141,1.3742,0.0185,0.7263,88
75000000.0,0.0,0.0,0.0,403.0,2.90785711770434,4,0,16,2,1,1.0473,0.2141,1.3742,0.0185,0.7263,94
88000000.0,0.0,0.0,0.0,314.0,1.29813630709615,25,3,14,1,14,1.0473,0.2141,1.3742,0.0185,0.7263,88
123840000.0,0.0,0.0,0.0,1032.0,3.28337341710908,19,10,11,0,45,1.0473,0.2141,1.3742,0.0185,0.7263,93
540000000.0,0.0,0.0,0.0,1350.0,3.41353760932766,27,7,4,0,42,1.0473,0.2141,1.3742,0.0185,0.7263,90
440000000.0,0.0,0.0,0.0,880.0,2.61411299657257,5,2,4,0,2,1.0473,0.2141,1.3742,0.0185,0.7263,89
20000000.0,0.0,0.0,0.0,214.0,6.73847589464718,14,5,37,2,9,1.0473,0.2141,1.3742,0.0185,0.7263,105
361000000.0,0.0,0.0,0.0,722.0,3.32274828600465,15,6,12,0,19,1.0473,0.2141,1.3742,0.0185,0.7263,81
201240000.0,0.0,0.0,0.0,559.0,3.97002691103628,8,3,14,0,15,1.0473,0.2141,1.3742,0.0185,0.7263,82
18000000.0,0.0,0.0,0.0,134.0,0.982768023612321,45,4,25,1,21,1.0473,0.2141,1.3742,0.0185,0.7263,97
105000000.0,0.0,0.0,0.0,365.0,1.90326606202875,6,2,6,0,2,1.0473,0.2141,1.3742,0.0185,0.7263,89
38000000.00000001,0.0,0.0,0.0,295.0,1.29813630709615,25,3,14,1,14,1.0473,0.2141,1.3742,0.0185,0.7263,88
73500000.0,0.0,0.0,0.0,490.0,6.5750481198903,15,2,25,1,1,1.0473,0.2141,1.3742,0.0185,0.7263,91
28500000.0,0.0,0.0,0.0,188.0,0.982768023612321,45,4,25,1,21,1.0473,0.2141,1.3742,0.0185,0.7263,97
18600000.0,0.0,0.0,0.0,150.0,2.90785711770434,4,0,16,2,1,1.0473,0.2141,1.3742,0.0185,0.7263,94
1500000.0,0.0,0.0,0.0,12.5,3.97002691103628,8,3,14,0,15,1.0473,0.2141,1.3742,0.0185,0.7263,82
40000000.0,0.0,0.0,0.0,326.0,1.54070787187374,16,2,18,1,24,1.0473,0.2141,1.3742,0.0185,0.7263,83
501000000.0,0.0,0.0,0.0,1580.0,3.27706030645861,29,9,8,0,45,1.0473,0.2141,1.3742,0.0185,0.7263,85
110000000.0,0.0,0.0,0.0,350.0,1.90326606202875,6,2,6,0,2,1.0473,0.2141,1.3742,0.0185,0.7263,89
130000000.0,0.0,0.0,0.0,300.0,3.97002691103628,8,3,14,0,15,1.0473,0.2141,1.3742,0.0185,0.7263,82
110000000.0,0.0,0.0,0.0,314.0,3.28373814655962,5,4,8,0,7,0.2002,0.13,0.102,0.0343,0.7127,102
300000000.0,0.0,0.0,0.0,812.0,3.32274828600465,15,6,12,0,19,1.0473,0.2141,1.3742,0.0185,0.7263,81
76440000.0,0.0,0.0,0.0,726.0,2.66827863582235,34,9,6,1,57,1.0473,0.2141,1.3742,0.0185,0.7263,-1
19500000.0,0.0,0.0,0.0,200.0,5.35473689858411,19,1,22,1,7,1.0473,0.2141,1.3742,0.0185,0.7263,95
60000000.0,0.0,0.0,0.0,340.0,3.00150108604283,4,3,8,0,3,1.0473,0.2141,1.3742,0.0185,0.7263,96
27000000.000000004,0.0,0.0,0.0,205.0,6.5750481198903,15,2,25,1,1,1.0473,0.2141,1.3742,0.0185,0.7263,91
57999999.99999999,0.0,0.0,0.0,324.0,2.28037737500924,15,2,12,1,15,1.0473,0.2141,1.3742,0.0185,0.7263,104
60000000.0,0.0,0.0,0.0,528.0,2.2691232871012,4,0,16,0,5,1.0473,0.2141,1.3742,0.0185,0.7263,80
75480000.0,0.0,0.0,0.0,408.0,1.54070787187374,16,2,18,1,24,1.0473,0.2141,1.3742,0.0185,0.7263,83
32160000.0,0.0,0.0,0.0,201.0,0.891694090278903,20,2,21,2,13,1.0473,0.2141,1.3742,0.0185,0.7263,84
1400000.0,0.0,0.0,0.0,400.0,3.27706030645861,29,9,8,0,45,1.0473,0.2141,1.3742,0.0185,0.7263,85
53000000.0,0.0,0.0,0.0,378.0,6.73847589464718,14,5,37,2,9,1.0473,0.2141,1.3742,0.0185,0.7263,105
37000000.0,0.0,0.0,0.0,286.0,3.28373814655962,5,4,8,0,7,0.2002,0.13,0.102,0.0343,0.7127,102
70000000.0,0.0,0.0,0.0,329.0,3.31910268584829,11,6,13,0,16,1.0473,0.2141,1.3742,0.0185,0.7263,81
37655000.0,0.0,0.0,0.0,443.0,6.91624384926325,5,2,28,3,6,1.0473,0.2141,1.3742,0.0185,0.7263,-1
110700000.0,0.0,0.0,0.0,410.0,6.5750481198903,15,2,25,1,1,1.0473,0.2141,1.3742,0.0185,0.7263,91
130000000.0,0.0,0.0,0.0,379.0,1.90326606202875,6,2,6,0,2,1.0473,0.2141,1.3742,0.0185,0.7263,89
88000000.0,0.0,0.0,0.0,398.0,3.31910268584829,11,6,13,0,16,1.0473,0.2141,1.3742,0.0185,0.7263,81
288000000.0,0.0,0.0,0.0,720.0,1.69524983145894,39,4,16,1,42,1.0473,0.2141,1.3742,0.0185,0.7263,92
79000000.0,0.0,0.0,0.0,319.0,0.891694090278903,20,2,21,2,13,1.0473,0.2141,1.3742,0.0185,0.7263,84
19400000.0,0.0,0.0,0.0,169.0,5.35473689858411,19,1,22,1,7,1.0473,0.2141,1.3742,0.0185,0.7263,95
33700000.0,0.0,0.0,0.0,110.0,3.97002691103628,8,3,14,0,15,1.0473,0.2141,1.3742,0.0185,0.7263,82
55000000.0,0.0,0.0,0.0,341.0,2.56014619740315,6,0,24,2,1,1.0473,0.2141,1.3742,0.0185,0.7263,-1
109000000.0,0.0,0.0,0.0,436.0,1.54070787187374,16,2,18,1,24,1.0473,0.2141,1.3742,0.0185,0.7263,83
45000000.0,0.0,0.0,0.0,270.0,2.20527060073623,35,8,9,1,52,1.0473,0.2141,1.3742,0.0185,0.7263,106
90000000.0,0.0,0.0,0.0,82.0,5.91711800371476,17,2,23,1,12,1.0473,0.2141,1.3742,0.0185,0.7263,-1
83000000.0,0.0,0.0,0.0,435.93,3.00150108604283,4,3,8,0,3,1.0473,0.2141,1.3742,0.0185,0.7263,96
160000000.0,0.0,0.0,0.0,1151.0,1.96822857316398,34,5,12,0,46,1.0473,0.2141,1.3742,0.0185,0.7263,107
475000000.0,0.0,0.0,0.0,1200.0,2.20521630409971,35,8,9,1,52,1.0473,0.2141,1.3742,0.0185,0.7263,106
400000000.0,0.0,0.0,0.0,1000.0,2.59692881341465,31,7,9,1,49,1.0473,0.2141,1.3742,0.0185,0.7263,101
160000000.0,0.0,0.0,0.0,750.0,0.891800956558672,20,2,21,2,13,1.0473,0.2141,1.3742,0.0185,0.7263,84
949080000.0,0.0,0.0,0.0,2876.0,4.08816765892531,6,0,0,0,4,1.0473,0.2141,1.3742,0.0185,0.7263,86
130000000.0,0.0,0.0,0.0,667.0,3.32274828600465,15,6,12,0,19,1.0473,0.2141,1.3742,0.0185,0.7263,81
547800000.0,0.0,0.0,0.0,1660.0,2.61411299657257,5,2,4,0,2,1.0473,0.2141,1.3742,0.0185,0.7263,89
231000000.0,0.0,0.0,0.0,700.0,2.61411299657257,5,2,4,0,2,1.0473,0.2141,1.3742,0.0185,0.7263,89
100000000.0,0.0,0.0,0.0,641.0,1.93736481848878,20,2,17,1,24,1.0473,0.2141,1.3742,0.0185,0.7263,83
140000000.0,0.0,0.0,0.0,620.0,3.32274828600465,15,6,12,0,19,1.0473,0.2141,1.3742,0.0185,0.7263,81
105000000.0,0.0,0.0,0.0,532.0,3.32274828600465,15,6,12,0,19,1.0473,0.2141,1.3742,0.0185,0.7263,81
1650000000.0,0.0,0.0,0.0,5000.0,3.77114972596108,6,1,0,0,6,1.0473,0.2141,1.3742,0.0185,0.7263,108
858000000.0000001,0.0,0.0,0.0,2600.0,3.1981293564494,0,0,3,1,0,1.0473,0.2141,1.3742,0.0185,0.7263,100
726000000.0,0.0,0.0,0.0,2200.0,3.1981293564494,0,0,3,1,0,1.0473,0.2141,1.3742,0.0185,0.7263,100
260700000.0,0.0,0.0,0.0,790.0,3.1981293564494,0,0,3,1,0,1.0473,0.2141,1.3742,0.0185,0.7263,100
187000000.0,0.0,0.0,0.0,1425.0,2.24023092088096,29,8,7,0,48,1.0473,0.2141,1.3742,0.0185,0.7263,79
180000000.0,0.0,0.0,0.0,2000.0,5.35473689858411,19,1,22,1,7,1.0473,0.2141,1.3742,0.0185,0.7263,95
740850000.0,0.0,0.0,0.0,2245.0,2.61411299657257,5,2,4,0,2,1.0473,0.2141,1.3742,0.0185,0.7263,89
29260000.0,0.0,0.0,0.0,266.0,6.5750481198903,15,2,25,1,1,1.0473,0.2141,1.3742,0.0185,0.7263,91
250000000.0,0.0,0.0,0.0,660.0,1.54070787187374,16,2,18,1,24,1.0473,0.2141,1.3742,0.0185,0.7263,83
43500000.0,0.0,0.0,0.0,300.0,3.27706030645861,29,9,8,0,45,1.0473,0.2141,1.3742,0.0185,0.7263,85
170000000.0,0.0,0.0,0.0,1800.0,2.24023092088096,29,8,7,0,48,1.0473,0.2141,1.3742,0.0185,0.7263,79
76000000.00000001,0.0,0.0,0.0,315.0,3.31910268584829,11,6,13,0,16,1.0473,0.2141,1.3742,0.0185,0.7263,81
49999999.99999999,0.0,0.0,0.0,270.0,1.29813630709615,25,3,14,1,14,1.0473,0.2141,1.3742,0.0185,0.7263,88
60000000.0,0.0,0.0,0.0,528.0,2.2691232871012,4,0,16,0,5,1.0473,0.2141,1.3742,0.0185,0.7263,80
99990000.0,0.0,0.0,0.0,441.0,3.28337341710908,19,10,11,0,45,1.0473,0.2141,1.3742,0.0185,0.7263,93
220790000.0,0.0,0.0,0.0,736.0,1.90326606202875,6,2,6,0,2,1.0473,0.2141,1.3742,0.0185,0.7263,89
1023000000.0,0.0,0.0,0.0,3100.0,3.77114972596108,6,1,0,0,6,1.0473,0.2141,1.3742,0.0185,0.7263,108
749100000.0,0.0,0.0,0.0,2270.0,3.77114972596108,6,1,0,0,6,1.0473,0.2141,1.3742,0.0185,0.7263,108
433950000.0,0.0,0.0,0.0,1315.0,3.77114972596108,6,1,0,0,6,1.0473,0.2141,1.3742,0.0185,0.7263,108
542850000.0,0.0,0.0,0.0,1645.0,3.1981293564494,0,0,3,1,0,1.0473,0.2141,1.3742,0.0185,0.7263,100
42240000.0,0.0,0.0,0.0,528.0,2.2691232871012,4,0,16,0,5,1.0473,0.2141,1.3742,0.0185,0.7263,80
40320000.0,0.0,0.0,0.0,288.0,0.982768023612321,45,4,25,1,21,1.0473,0.2141,1.3742,0.0185,0.7263,97
187500000.0,0.0,0.0,0.0,514.0,2.24023092088096,29,8,7,0,48,1.0473,0.2141,1.3742,0.0185,0.7263,79
1188000000.0,0.0,0.0,0.0,3600.0,4.08816765892531,6,0,0,0,4,1.0473,0.2141,1.3742,0.0185,0.7263,86
2277000000.0,0.0,0.0,0.0,6900.0,4.08816765892531,6,0,0,0,4,1.0473,0.2141,1.3742,0.0185,0.7263,86
660000000.0,0.0,0.0,0.0,2000.0,4.08816765892531,6,0,0,0,4,1.0473,0.2141,1.3742,0.0185,0.7263,86
57990000.0,0.0,0.0,0.0,115.5,3.28337341710908,19,10,11,0,45,1.0473,0.2141,1.3742,0.0185,0.7263,93
22000000.0,0.0,0.0,0.0,200.0,5.35473689858411,19,1,22,1,7,1.0473,0.2141,1.3742,0.0185,0.7263,95
404590000.0,0.0,0.0,0.0,722.0,3.32274828600465,15,6,12,0,19,1.0473,0.2141,1.3742,0.0185,0.7263,81
35000000.0,0.0,0.0,0.0,208.0,0.982768023612321,45,4,25,1,21,1.0473,0.2141,1.3742,0.0185,0.7263,97
190960000.0,0.0,0.0,0.0,868.0,1.29813630709615,25,3,14,1,14,1.0473,0.2141,1.3742,0.0185,0.7263,88
60000000.0,0.0,0.0,0.0,340.0,3.28373814655962,5,4,8,0,7,0.2002,0.13,0.102,0.0343,0.7127,102
179900000.0,0.0,0.0,0.0,469.0,3.32274828600465,15,6,12,0,19,1.0473,0.2141,1.3742,0.0185,0.7263,81
45000000.0,0.0,0.0,0.0,270.0,1.29813630709615,25,3,14,1,14,1.0473,0.2141,1.3742,0.0185,0.7263,88
65000000.0,0.0,0.0,0.0,313.0,5.01926971326027,15,1,16,1,7,1.0473,0.2141,1.3742,0.0185,0.7263,103
1500000000.0,0.0,0.0,0.0,2329.0,4.08816765892531,6,0,0,0,4,1.0473,0.2141,1.3742,0.0185,0.7263,86
81990000.0,0.0,0.0,0.0,398.0,3.97002691103628,8,3,14,0,15,1.0473,0.2141,1.3742,0.0185,0.7263,82
105000000.0,0.0,0.0,0.0,350.0,1.90252721215677,7,2,6,0,2,1.0473,0.2141,1.3742,0.0185,0.7263,89
69900000.0,0.0,0.0,0.0,125.0,3.27706030645861,29,9,8,0,45,1.0473,0.2141,1.3742,0.0185,0.7263,85
34000000.0,0.0,0.0,0.0,188.0,1.55922466738988,40,4,15,1,40,1.0473,0.2141,1.3742,0.0185,0.7263,92
52800000.0,0.0,0.0,0.0,528.0,2.2691232871012,4,0,16,0,5,1.0473,0.2141,1.3742,0.0185,0.7263,80
971600000.0,0.0,0.0,0.0,1388.0,2.61411299657257,5,2,4,0,2,1.0473,0.2141,1.3742,0.0185,0.7263,89
42700000.0,0.0,0.0,0.0,228.0,3.27706030645861,29,9,8,0,45,1.0473,0.2141,1.3742,0.0185,0.7263,85
1484250000.0,0.0,0.0,0.0,3958.0,0.891694090278903,20,2,21,2,13,1.0473,0.2141,1.3742,0.0185,0.7263,84
52800000.0,0.0,0.0,0.0,528.0,2.90785711770434,4,0,16,2,1,1.0473,0.2141,1.3742,0.0185,0.7263,94
43500000.0,0.0,0.0,0.0,300.0,5.35473689858411,19,1,22,1,7,1.0473,0.2141,1.3742,0.0185,0.7263,95
12800000.0,0.0,0.0,0.0,64.0,3.27706030645861,29,9,8,0,45,1.0473,0.2141,1.3742,0.0185,0.7263,85
200240000.0,0.0,0.0,0.0,477.0,2.24023092088096,29,8,7,0,48,1.0473,0.2141,1.3742,0.0185,0.7263,79
1198000000.0,0.0,0.0,0.0,3993.0,3.27706030645861,29,9,8,0,45,1.0473,0.2141,1.3742,0.0185,0.7263,85
1277500000.0,0.0,0.0,0.0,3650.0,3.97507616257419,11,2,3,0,11,1.0473,0.2141,1.3742,0.0185,0.7263,-1
190960000.0,0.0,0.0,0.0,868.0,1.45034378343571,20,3,12,1,14,1.0473,0.2141,1.3742,0.0185,0.7263,-1
239910000.0,0.0,0.0,0.0,727.0,3.1981293564494,0,0,3,1,0,1.0473,0.2141,1.3742,0.0185,0.7263,100
170000000.0,0.0,0.0,0.0,750.0,2.42165355521861,27,4,13,1,43,1.0473,0.2141,1.3742,0.0185,0.7263,87
442400000.0,0.0,0.0,0.0,2212.0,3.31060013134128,29,10,8,0,48,1.0473,0.2141,1.3742,0.0185,0.7263,109
509850000.00000006,0.0,0.0,0.0,1545.0,3.1981293564494,0,0,3,1,0,1.0473,0.2141,1.3742,0.0185,0.7263,100
1462560000.0,0.0,0.0,0.0,4432.0,3.77114972596108,6,1,0,0,6,1.0473,0.2141,1.3742,0.0185,0.7263,108
150000000.0,0.0,0.0,0.0,1000.0,3.32274828600465,15,6,12,0,19,1.0473,0.2141,1.3742,0.0185,0.7263,81
300000000.0,0.0,0.0,0.0,951.0,5.24711520101892,9,2,21,0,5,1.0473,0.2141,1.3742,0.0185,0.7263,-1
160000000.0,0.0,0.0,0.0,750.0,0.891800956558672,20,2,21,2,13,1.0473,0.2141,1.3742,0.0185,0.7263,84
170000000.0,0.0,0.0,0.0,465.0,1.69603964374809,39,4,16,1,42,1.0473,0.2141,1.3742,0.0185,0.7263,92
180000000.0,0.0,0.0,0.0,265.0,2.88833113471223,34,7,5,0,47,1.0473,0.2141,1.3742,0.0185,0.7263,99
275000000.0,0.0,0.0,0.0,1900.0,2.31709010950915,19,2,12,1,28,1.0473,0.2141,1.3742,0.0185,0.7263,-1
1500000000.0,0.0,0.0,0.0,6111.0,1.90620428547567,21,3,16,1,26,1.0473,0.2141,1.3742,0.0185,0.7263,-1
570000000.0,0.0,0.0,0.0,2540.0,3.31060013134128,29,10,8,0,48,1.0473,0.2141,1.3742,0.0185,0.7263,109
330000000.0,0.0,0.0,0.0,1289.0,3.31060013134128,29,10,8,0,48,1.0473,0.2141,1.3742,0.0185,0.7263,109
656040000.0,0.0,0.0,0.0,1988.0,3.77114972596108,6,1,0,0,6,1.0473,0.2141,1.3742,0.0185,0.7263,108
190000000.0,0.0,0.0,0.0,1000.0,3.32274828600465,15,6,12,0,19,1.0473,0.2141,1.3742,0.0185,0.7263,81
194040000.0,0.0,0.0,0.0,588.0,2.61411299657257,5,2,4,0,2,1.0473,0.2141,1.3742,0.0185,0.7263,89
29000000.0,0.0,0.0,0.0,319.0,3.31903131754962,11,6,13,0,16,1.0473,0.2141,1.3742,0.0185,0.7263,81
813450000.0,0.0,0.0,0.0,2465.0,3.77114972596108,6,1,0,0,6,1.0473,0.2141,1.3742,0.0185,0.7263,108
495000000.0,0.0,0.0,0.0,1500.0,3.77114972596108,6,1,0,0,6,1.0473,0.2141,1.3742,0.0185,0.7263,108
559350000.0,0.0,0.0,0.0,1695.0,3.1981293564494,0,0,3,1,0,1.0473,0.2141,1.3742,0.0185,0.7263,100
544500000.0,0.0,0.0,0.0,1650.0,3.1981293564494,0,0,3,1,0,1.0473,0.2141,1.3742,0.0185,0.7263,100
521400000.0,0.0,0.0,0.0,1580.0,3.1981293564494,0,0,3,1,0,1.0473,0.2141,1.3742,0.0185,0.7263,100
623700000.0,0.0,0.0,0.0,1890.0,3.1981293564494,0,0,3,1,0,1.0473,0.2141,1.3742,0.0185,0.7263,100
277200000.0,0.0,0.0,0.0,1260.0,2.24023092088096,29,8,7,0,48,1.0473,0.2141,1.3742,0.0185,0.7263,79
70000000.0,0.0,0.0,0.0,660.0,2.31040902421715,27,9,10,1,56,1.0473,0.2141,1.3742,0.0185,0.7263,-1
197890000.0,0.0,0.0,0.0,514.0,2.24023092088096,29,8,7,0,48,1.0473,0.2141,1.3742,0.0185,0.7263,79
660000000.0,0.0,0.0,0.0,2000.0,3.98456948691134,4,0,0,0,2,1.0473,0.2141,1.3742,0.0185,0.7263,86
301000000.0,0.0,0.0,0.0,860.0,1.90392329930986,17,2,19,1,22,1.0473,0.2141,1.3742,0.0185,0.7263,83
12499999.999999998,0.0,0.0,0.0,115.0,3.27706030645861,29,9,8,0,45,1.0473,0.2141,1.3742,0.0185,0.7263,85
478500000.00000006,0.0,0.0,0.0,1450.0,3.77114972596108,6,1,0,0,6,1.0473,0.2141,1.3742,0.0185,0.7263,108
400620000.0,0.0,0.0,0.0,1214.0,3.77114972596108,6,1,0,0,6,1.0473,0.2141,1.3742,0.0185,0.7263,108
1326600000.0,0.0,0.0,0.0,4020.0,3.77114972596108,6,1,0,0,6,1.0473,0.2141,1.3742,0.0185,0.7263,108
537900000.0,0.0,0.0,0.0,1630.0,3.1981293564494,0,0,3,1,0,1.0473,0.2141,1.3742,0.0185,0.7263,100
569250000.0,0.0,0.0,0.0,1725.0,3.1981293564494,0,0,3,1,0,1.0473,0.2141,1.3742,0.0185,0.7263,100
660000000.0,0.0,0.0,0.0,2000.0,3.77114972596108,6,1,0,0,6,1.0473,0.2141,1.3742,0.0185,0.7263,108
1141800000.0,0.0,0.0,0.0,3460.0,3.77114972596108,6,1,0,0,6,1.0473,0.2141,1.3742,0.0185,0.7263,108
495000000.0,0.0,0.0,0.0,1500.0,3.1981293564494,0,0,3,1,0,1.0473,0.2141,1.3742,0.0185,0.7263,100
190960000.0,0.0,0.0,0.0,868.0,2.59692881341465,31,7,9,1,49,1.0473,0.2141,1.3742,0.0185,0.7263,101
173360000.0,0.0,0.0,0.0,868.0,3.27706030645861,29,9,8,0,45,1.0473,0.2141,1.3742,0.0185,0.7263,85
69990000.0,0.0,0.0,0.0,505.0,5.69538512235101,19,4,29,1,7,1.0473,0.2141,1.3742,0.0185,0.7263,-1
101100000.0,0.0,0.0,0.0,340.0,2.13235500907343,9,1,14,0,10,1.0473,0.2141,1.3742,0.0185,0.7263,-1
100000000.0,0.0,0.0,0.0,300.0,1.90326606202875,6,2,6,0,2,1.0473,0.2141,1.3742,0.0185,0.7263,89
71000000.0,0.0,0.0,0.0,348.0,1.54070787187374,16,2,18,1,24,1.0473,0.2141,1.3742,0.0185,0.7263,83
30000000.0,0.0,0.0,0.0,219.0,6.47012028641756,3,1,16,4,7,1.0473,0.2141,1.3742,0.0185,0.7263,98
160000000.0,0.0,0.0,0.0,660.0,1.90326606202875,6,2,6,0,2,1.0473,0.2141,1.3742,0.0185,0.7263,89
9000000.0,0.0,0.0,0.0,130.0,0.891694090278903,20,2,21,2,13,1.0473,0.2141,1.3742,0.0185,0.7263,84
277500000.0,0.0,0.0,0.0,660.0,1.54070787187374,16,2,18,1,24,1.0473,0.2141,1.3742,0.0185,0.7263,83
360000000.0,0.0,0.0,0.0,900.0,2.59692881341465,31,7,9,1,49,1.0473,0.2141,1.3742,0.0185,0.7263,101
170000000.0,0.0,0.0,0.0,555.0,3.9701058277237,8,3,14,0,15,1.0473,0.2141,1.3742,0.0185,0.7263,82
120000000.0,0.0,0.0,0.0,350.0,3.9701058277237,8,3,14,0,15,1.0473,0.2141,1.3742,0.0185,0.7263,82
5000000000.0,0.0,0.0,0.0,12880.0,3.28217662905164,19,10,11,0,45,1.0473,0.2141,1.3742,0.0185,0.7263,-1
280000000.0,0.0,0.0,0.0,1782.0,3.32286201231306,15,6,12,0,19,1.0473,0.2141,1.3742,0.0185,0.7263,81
270000000.0,0.0,0.0,0.0,1784.0,2.31709010950915,19,2,12,1,28,1.0473,0.2141,1.3742,0.0185,0.7263,-1
275000000.0,0.0,0.0,0.0,1208.0,3.31060013134128,29,10,8,0,48,1.0473,0.2141,1.3742,0.0185,0.7263,109
240000000.0,0.0,0.0,0.0,1165.0,3.31060013134128,29,10,8,0,48,1.0473,0.2141,1.3742,0.0185,0.7263,109
215000000.0,0.0,0.0,0.0,941.0,3.31060013134128,29,10,8,0,48,1.0473,0.2141,1.3742,0.0185,0.7263,109
677820000.0,0.0,0.0,0.0,2054.0,4.08816765892531,6,0,0,0,4,1.0473,0.2141,1.3742,0.0185,0.7263,86
105000000.0,0.0,0.0,0.0,532.0,3.32274828600465,15,6,12,0,19,1.0473,0.2141,1.3742,0.0185,0.7263,81
623700000.0,0.0,0.0,0.0,1890.0,2.61411299657257,5,2,4,0,2,1.0473,0.2141,1.3742,0.0185,0.7263,89
430000000.0,0.0,0.0,0.0,3038.0,2.88833113471223,34,7,5,0,47,1.0473,0.2141,1.3742,0.0185,0.7263,99
115000000.0,0.0,0.0,0.0,950.0,2.88833113471223,34,7,5,0,47,1.0473,0.2141,1.3742,0.0185,0.7263,99
125000000.0,0.0,0.0,0.0,667.0,3.32274828600465,15,6,12,0,19,1.0473,0.2141,1.3742,0.0185,0.7263,81
105000000.0,0.0,0.0,0.0,532.0,3.32274828600465,15,6,12,0,19,1.0473,0.2141,1.3742,0.0185,0.7263,81
190000000.0,0.0,0.0,0.0,1060.0,1.96822857316398,34,5,12,0,46,1.0473,0.2141,1.3742,0.0185,0.7263,107
1207800000.0,0.0,0.0,0.0,3660.0,3.77114972596108,6,1,0,0,6,1.0473,0.2141,1.3742,0.0185,0.7263,108
425000000.0,0.0,0.0,0.0,960.0,4.38924347262795,9,1,16,0,8,1.0473,0.2141,1.3742,0.0185,0.7263,-1
1000000000.0,0.0,0.0,0.0,2890.0,2.61411299657257,5,2,4,0,2,1.0473,0.2141,1.3742,0.0185,0.7263,89
900000000.0,0.0,0.0,0.0,2655.0,2.61411299657257,5,2,4,0,2,1.0473,0.2141,1.3742,0.0185,0.7263,89
340000000.0,0.0,0.0,0.0,762.0,1.97434955159822,7,2,7,0,2,1.0473,0.2141,1.3742,0.0185,0.7263,89
1155000000.0,0.0,0.0,0.0,3500.0,3.77114972596108,6,1,0,0,6,1.0473,0.2141,1.3742,0.0185,0.7263,108
71000000.0,0.0,0.0,0.0,320.0,3.27706030645861,29,9,8,0,45,1.0473,0.2141,1.3742,0.0185,0.7263,85
111340000.0,0.0,0.0,0.0,398.0,3.31910268584829,11,6,13,0,16,1.0473,0.2141,1.3742,0.0185,0.7263,81
1084860000.0,0.0,0.0,0.0,2208.0,3.27706030645861,29,9,8,0,45,1.0473,0.2141,1.3742,0.0185,0.7263,85
312000000.0,0.0,0.0,0.0,812.0,3.32274828600465,15,6,12,0,19,1.0473,0.2141,1.3742,0.0185,0.7263,81
90000000.0,0.0,0.0,0.0,400.0,3.00150108604283,4,3,8,0,3,1.0473,0.2141,1.3742,0.0185,0.7263,96
92400000.0,0.0,0.0,0.0,420.0,2.24023092088096,29,8,7,0,48,1.0473,0.2141,1.3742,0.0185,0.7263,79
2277000000.0,0.0,0.0,0.0,6900.0,4.08816765892531,6,0,0,0,4,1.0473,0.2141,1.3742,0.0185,0.7263,86
83200000.0,0.0,0.0,0.0,208.0,3.92217605765998,8,4,14,0,14,1.0473,0.2141,1.3742,0.0185,0.7263,-1
350000000.0,0.0,0.0,0.0,983.0,2.59692881341465,31,7,9,1,49,1.0473,0.2141,1.3742,0.0185,0.7263,101
255000000.0,0.0,0.0,0.0,688.0,3.1981293564494,0,0,3,1,0,1.0473,0.2141,1.3742,0.0185,0.7263,100
110000000.0,0.0,0.0,0.0,670.0,3.97002691103628,8,3,14,0,15,1.0473,0.2141,1.3742,0.0185,0.7263,82
110000000.0,0.0,0.0,0.0,721.0,5.35473689858411,19,1,22,1,7,1.0473,0.2141,1.3742,0.0185,0.7263,95
235950000.0,0.0,0.0,0.0,715.0,3.1981293564494,0,0,3,1,0,1.0473,0.2141,1.3742,0.0185,0.7263,100
110000000.0,0.0,0.0,0.0,940.0,2.90791219823273,4,0,16,2,1,1.0473,0.2141,1.3742,0.0185,0.7263,94
490710000.0,0.0,0.0,0.0,1487.0,3.1981293564494,0,0,3,1,0,1.0473,0.2141,1.3742,0.0185,0.7263,100
160000000.0,0.0,0.0,0.0,1151.0,1.96822857316398,34,5,12,0,46,1.0473,0.2141,1.3742,0.0185,0.7263,107
140000000.0,0.0,0.0,0.0,620.0,3.32274828600465,15,6,12,0,19,1.0473,0.2141,1.3742,0.0185,0.7263,81
160000000.0,0.0,0.0,0.0,1151.0,1.96822857316398,34,5,12,0,46,1.0473,0.2141,1.3742,0.0185,0.7263,107
105000000.0,0.0,0.0,0.0,803.0,1.88690076525047,8,2,6,0,2,1.0473,0.2141,1.3742,0.0185,0.7263,89
275000000.0,0.0,0.0,0.0,1165.0,3.31060013134128,29,10,8,0,48,1.0473,0.2141,1.3742,0.0185,0.7263,109
365000000.00000006,0.0,0.0,0.0,909.0,2.41433499632596,27,4,13,1,43,1.0473,0.2141,1.3742,0.0185,0.7263,87
110000000.0,0.0,0.0,0.0,560.0,1.96822857316398,34,5,12,0,46,1.0473,0.2141,1.3742,0.0185,0.7263,107
610000000.0,0.0,0.0,0.0,2425.0,2.59692881341465,31,7,9,1,49,1.0473,0.2141,1.3742,0.0185,0.7263,101
150000000.0,0.0,0.0,0.0,410.0,3.9701058277237,8,3,14,0,15,1.0473,0.2141,1.3742,0.0185,0.7263,82
100000000.0,0.0,0.0,0.0,651.0,2.44177985025372,27,4,13,1,43,1.0473,0.2141,1.3742,0.0185,0.7263,87
450000000.0,0.0,0.0,0.0,2100.0,3.31060013134128,29,10,8,0,48,1.0473,0.2141,1.3742,0.0185,0.7263,109
1155000000.0,0.0,0.0,0.0,3500.0,4.08816765892531,6,0,0,0,4,1.0473,0.2141,1.3742,0.0185,0.7263,86
2277000000.0,0.0,0.0,0.0,6900.0,3.77114972596108,6,1,0,0,6,1.0473,0.2141,1.3742,0.0185,0.7263,108
1155000000.0,0.0,0.0,0.0,3500.0,3.77114972596108,6,1,0,0,6,1.0473,0.2141,1.3742,0.0185,0.7263,108
210000000.0,0.0,0.0,0.0,1300.0,3.32274828600465,15,6,12,0,19,1.0473,0.2141,1.3742,0.0185,0.7263,81
140000000.0,0.0,0.0,0.0,620.0,3.32274828600465,15,6,12,0,19,1.0473,0.2141,1.3742,0.0185,0.7263,81
52800000.0,0.0,0.0,0.0,528.0,2.90785711770434,4,0,16,2,1,1.0473,0.2141,1.3742,0.0185,0.7263,94
825000000.0,0.0,0.0,0.0,2500.0,3.77114972596108,6,1,0,0,6,1.0473,0.2141,1.3742,0.0185,0.7263,108
957000000.0,0.0,0.0,0.0,2900.0,3.77114972596108,6,1,0,0,6,1.0473,0.2141,1.3742,0.0185,0.7263,108
546480000.0,0.0,0.0,0.0,1656.0,3.77114972596108,6,1,0,0,6,1.0473,0.2141,1.3742,0.0185,0.7263,108
567600000.0,0.0,0.0,0.0,1720.0,3.1981293564494,0,0,3,1,0,1.0473,0.2141,1.3742,0.0185,0.7263,100
396000000.0,0.0,0.0,0.0,1200.0,3.77114972596108,6,1,0,0,6,1.0473,0.2141,1.3742,0.0185,0.7263,108
1143450000.0,0.0,0.0,0.0,3465.0,3.77114972596108,6,1,0,0,6,1.0473,0.2141,1.3742,0.0185,0.7263,108
626340000.0000001,0.0,0.0,0.0,1898.0,3.1981293564494,0,0,3,1,0,1.0473,0.2141,1.3742,0.0185,0.7263,100
35000000.0,0.0,0.0,0.0,210.0,3.97002691103628,8,3,14,0,15,1.0473,0.2141,1.3742,0.0185,0.7263,82
1266560000.0,0.0,0.0,0.0,3958.0,2.90785711770434,4,0,16,2,1,1.0473,0.2141,1.3742,0.0185,0.7263,94
72000000.0,0.0,0.0,0.0,400.0,3.97002691103628,8,3,14,0,15,1.0473,0.2141,1.3742,0.0185,0.7263,82
23000000.000000004,0.0,0.0,0.0,192.0,1.55922466738988,40,4,15,1,40,1.0473,0.2141,1.3742,0.0185,0.7263,92
20000000.0,0.0,0.0,0.0,290.0,6.73847589464718,14,5,37,2,9,1.0473,0.2141,1.3742,0.0185,0.7263,105
288000000.0,0.0,0.0,0.0,720.0,1.69524983145894,39,4,16,1,42,1.0473,0.2141,1.3742,0.0185,0.7263,92
48000000.0,0.0,0.0,0.0,272.0,3.28373814655962,5,4,8,0,7,0.2002,0.13,0.102,0.0343,0.7127,102
47400000.0,0.0,0.0,0.0,300.0,5.35473689858411,19,1,22,1,7,1.0473,0.2141,1.3742,0.0185,0.7263,95
617480000.0,0.0,0.0,0.0,1436.0,2.94588035521448,13,5,1,0,24,1.0473,0.2141,1.3742,0.0185,0.7263,-1
275000000.0,0.0,0.0,0.0,1000.0,1.54070787187374,16,2,18,1,24,1.0473,0.2141,1.3742,0.0185,0.7263,83
45000000.0,0.0,0.0,0.0,270.0,1.29813630709615,25,3,14,1,14,1.0473,0.2141,1.3742,0.0185,0.7263,88
1320000000.0,0.0,0.0,0.0,4000.0,3.98456948691134,4,0,0,0,2,1.0473,0.2141,1.3742,0.0185,0.7263,86
100000000.0,0.0,0.0,0.0,589.0,2.24023092088096,29,8,7,0,48,1.0473,0.2141,1.3742,0.0185,0.7263,79
449900000.00000006,0.0,0.0,0.0,588.0,2.61411299657257,5,2,4,0,2,1.0473,0.2141,1.3742,0.0185,0.7263,89
88000000.0,0.0,0.0,0.0,398.0,3.31910268584829,11,6,13,0,16,1.0473,0.2141,1.3742,0.0185,0.7263,81
99500000.0,0.0,0.0,0.0,940.0,2.90791219823273,4,0,16,2,1,1.0473,0.2141,1.3742,0.0185,0.7263,94
420420000.0,0.0,0.0,0.0,1274.0,3.1981293564494,0,0,3,1,0,1.0473,0.2141,1.3742,0.0185,0.7263,100
110000000.0,0.0,0.0,0.0,654.0,1.69603964374809,39,4,16,1,42,1.0473,0.2141,1.3742,0.0185,0.7263,92
115000000.0,0.0,0.0,0.0,510.0,1.96822857316398,34,5,12,0,46,1.0473,0.2141,1.3742,0.0185,0.7263,107
135000000.0,0.0,0.0,0.0,670.0,1.96822857316398,34,5,12,0,46,1.0473,0.2141,1.3742,0.0185,0.7263,107
200000000.0,0.0,0.0,0.0,972.0,3.97002691103628,8,3,14,0,15,1.0473,0.2141,1.3742,0.0185,0.7263,82
135000000.0,0.0,0.0,0.0,668.0,1.96822857316398,34,5,12,0,46,1.0473,0.2141,1.3742,0.0185,0.7263,107
490000000.0,0.0,0.0,0.0,1788.0,2.42165355521861,27,4,13,1,43,1.0473,0.2141,1.3742,0.0185,0.7263,87
493350000.0,0.0,0.0,0.0,1495.0,3.1981293564494,0,0,3,1,0,1.0473,0.2141,1.3742,0.0185,0.7263,100
150000000.0,0.0,0.0,0.0,1000.0,4.50321920829188,7,3,19,0,8,1.0473,0.2141,1.3742,0.0185,0.7263,-1
115000000.0,0.0,0.0,0.0,510.0,1.96822857316398,34,5,12,0,46,1.0473,0.2141,1.3742,0.0185,0.7263,107
285000000.0,0.0,0.0,0.0,1411.0,3.31060013134128,29,10,8,0,48,1.0473,0.2141,1.3742,0.0185,0.7263,109
206910000.0,0.0,0.0,0.0,627.0,3.1981293564494,0,0,3,1,0,1.0473,0.2141,1.3742,0.0185,0.7263,100
949080000.0,0.0,0.0,0.0,2876.0,3.77114972596108,6,1,0,0,6,1.0473,0.2141,1.3742,0.0185,0.7263,108
858000000.0000001,0.0,0.0,0.0,2600.0,3.77114972596108,6,1,0,0,6,1.0473,0.2141,1.3742,0.0185,0.7263,108
490710000.0,0.0,0.0,0.0,1487.0,3.1981293564494,0,0,3,1,0,1.0473,0.2141,1.3742,0.0185,0.7263,100
591360000.0,0.0,0.0,0.0,1792.0,3.1981293564494,0,0,3,1,0,1.0473,0.2141,1.3742,0.0185,0.7263,100
201600000.0,0.0,0.0,0.0,640.0,2.24023092088096,29,8,7,0,48,1.0473,0.2141,1.3742,0.0185,0.7263,79
190960000.0,0.0,0.0,0.0,868.0,1.29813630709615,25,3,14,1,14,1.0473,0.2141,1.3742,0.0185,0.7263,88
58300000.0,0.0,0.0,0.0,528.0,2.2691232871012,4,0,16,0,5,1.0473,0.2141,1.3742,0.0185,0.7263,80
1750000000.0,0.0,0.0,0.0,2501.0,4.08816765892531,6,0,0,0,4,1.0473,0.2141,1.3742,0.0185,0.7263,86
24900000.0,0.0,0.0,0.0,187.0,1.29813630709615,25,3,14,1,14,1.0473,0.2141,1.3742,0.0185,0.7263,88
1599999999.9999995,0.0,0.0,0.0,2342.0,4.08816765892531,6,0,0,0,4,1.0473,0.2141,1.3742,0.0185,0.7263,86
8500000.0,0.0,0.0,0.0,102.0,6.5750481198903,15,2,25,1,1,1.0473,0.2141,1.3742,0.0185,0.7263,91
841500000.0,0.0,0.0,0.0,2550.0,3.77114972596108,6,1,0,0,6,1.0473,0.2141,1.3742,0.0185,0.7263,108
1138500000.0,0.0,0.0,0.0,3450.0,3.77114972596108,6,1,0,0,6,1.0473,0.2141,1.3742,0.0185,0.7263,108
429000000.00000006,0.0,0.0,0.0,1300.0,3.77114972596108,6,1,0,0,6,1.0473,0.2141,1.3742,0.0185,0.7263,108
578160000.0,0.0,0.0,0.0,1752.0,3.1981293564494,0,0,3,1,0,1.0473,0.2141,1.3742,0.0185,0.7263,100
726000000.0,0.0,0.0,0.0,2200.0,3.1981293564494,0,0,3,1,0,1.0473,0.2141,1.3742,0.0185,0.7263,100
511500000.0,0.0,0.0,0.0,1550.0,3.1981293564494,0,0,3,1,0,1.0473,0.2141,1.3742,0.0185,0.7263,100
528000000.0,0.0,0.0,0.0,1600.0,3.1981293564494,0,0,3,1,0,1.0473,0.2141,1.3742,0.0185,0.7263,100
250000000.0,0.0,0.0,0.0,761.0,5.3547593653469,19,1,22,1,7,1.0473,0.2141,1.3742,0.0185,0.7263,95
460000000.0,0.0,0.0,0.0,940.0,2.20521630409971,35,8,9,1,52,1.0473,0.2141,1.3742,0.0185,0.7263,106
120000000.0,0.0,0.0,0.0,350.0,3.9701058277237,8,3,14,0,15,1.0473,0.2141,1.3742,0.0185,0.7263,82
400000000.0,0.0,0.0,0.0,1550.0,2.42165355521861,27,4,13,1,43,1.0473,0.2141,1.3742,0.0185,0.7263,87
102000000.0,0.0,0.0,0.0,510.0,2.44177985025372,27,4,13,1,43,1.0473,0.2141,1.3742,0.0185,0.7263,87
580000000.0,0.0,0.0,0.0,3040.0,3.76000533078107,8,5,15,0,16,1.0473,0.2141,1.3742,0.0185,0.7263,-1
325500000.0,0.0,0.0,0.0,2547.0,3.32286201231306,15,6,12,0,19,1.0473,0.2141,1.3742,0.0185,0.7263,81
495000000.0,0.0,0.0,0.0,1800.0,2.44177985025372,27,4,13,1,43,1.0473,0.2141,1.3742,0.0185,0.7263,87
160000000.0,0.0,0.0,0.0,554.0,2.88833113471223,34,7,5,0,47,1.0473,0.2141,1.3742,0.0185,0.7263,99
749100000.0,0.0,0.0,0.0,2270.0,4.08816765892531,6,0,0,0,4,1.0473,0.2141,1.3742,0.0185,0.7263,86
714120000.0,0.0,0.0,0.0,2164.0,3.77114972596108,6,1,0,0,6,1.0473,0.2141,1.3742,0.0185,0.7263,108
207900000.0,0.0,0.0,0.0,630.0,2.61411299657257,5,2,4,0,2,1.0473,0.2141,1.3742,0.0185,0.7263,89
102000000.0,0.0,0.0,0.0,1134.0,1.93736481848878,20,2,17,1,24,1.0473,0.2141,1.3742,0.0185,0.7263,83
794850.0,0.0,0.0,0.0,12.0,0.421179545088278,43,3,25,5,8,1.0473,0.2141,1.3742,0.0185,0.7263,-1
1320000000.0,0.0,0.0,0.0,4000.0,3.77114972596108,6,1,0,0,6,1.0473,0.2141,1.3742,0.0185,0.7263,108
206910000.0,0.0,0.0,0.0,627.0,3.1981293564494,0,0,3,1,0,1.0473,0.2141,1.3742,0.0185,0.7263,100
1500000000.0,0.0,0.0,0.0,2329.0,4.08816765892531,6,0,0,0,4,1.0473,0.2141,1.3742,0.0185,0.7263,86
57500000.0,0.0,0.0,0.0,150.0,3.97002691103628,8,3,14,0,15,1.0473,0.2141,1.3742,0.0185,0.7263,82
49999999.99999999,0.0,0.0,0.0,204.0,4.58177327137671,11,1,16,1,6,1.0473,0.2141,1.3742,0.0185,0.7263,103
78750000.0,0.0,0.0,0.0,315.0,0.891694090278903,20,2,21,2,13,1.0473,0.2141,1.3742,0.0185,0.7263,84
110000000.0,0.0,0.0,0.0,350.0,1.90326606202875,6,2,6,0,2,1.0473,0.2141,1.3742,0.0185,0.7263,89
110000000.0,0.0,0.0,0.0,350.0,1.90326606202875,6,2,6,0,2,1.0473,0.2141,1.3742,0.0185,0.7263,89
103180000.0,0.0,0.0,0.0,350.0,1.90326606202875,6,2,6,0,2,1.0473,0.2141,1.3742,0.0185,0.7263,89
141180000.0,0.0,0.0,0.0,543.0,1.54070787187374,16,2,18,1,24,1.0473,0.2141,1.3742,0.0185,0.7263,83
450000000.0,0.0,0.0,0.0,459.0,4.08816765892531,6,0,0,0,4,1.0473,0.2141,1.3742,0.0185,0.7263,86
204750000.0,0.0,0.0,0.0,585.0,1.69524983145894,39,4,16,1,42,1.0473,0.2141,1.3742,0.0185,0.7263,92
2111850000.0,0.0,0.0,0.0,3610.0,4.08816765892531,6,0,0,0,4,1.0473,0.2141,1.3742,0.0185,0.7263,86
278000000.0,0.0,0.0,0.0,570.0,3.32274828600465,15,6,12,0,19,1.0473,0.2141,1.3742,0.0185,0.7263,81
49999999.99999999,0.0,0.0,0.0,259.0,2.2691232871012,4,0,16,0,5,1.0473,0.2141,1.3742,0.0185,0.7263,80
95000000.0,0.0,0.0,0.0,418.0,3.31910268584829,11,6,13,0,16,1.0473,0.2141,1.3742,0.0185,0.7263,81
83999999.99999999,0.0,0.0,0.0,318.0,1.54070787187374,16,2,18,1,24,1.0473,0.2141,1.3742,0.0185,0.7263,83
312000000.0,0.0,0.0,0.0,892.0,2.24023092088096,29,8,7,0,48,1.0473,0.2141,1.3742,0.0185,0.7263,79
18490000.0,0.0,0.0,0.0,293.0,6.1884056296837,10,3,14,3,15,1.0473,0.2141,1.3742,0.0185,0.7263,-1
212100000.0,0.0,0.0,0.0,606.0,0.891694090278903,20,2,21,2,13,1.0473,0.2141,1.3742,0.0185,0.7263,84
1750000000.0,0.0,0.0,0.0,5000.0,4.08816765892531,6,0,0,0,4,1.0473,0.2141,1.3742,0.0185,0.7263,86
40460000.0,0.0,0.0,0.0,289.0,0.891694090278903,20,2,21,2,13,1.0473,0.2141,1.3742,0.0185,0.7263,84
1063443500.0,0.0,0.0,0.0,3038.41,2.90785711770434,4,0,16,2,1,1.0473,0.2141,1.3742,0.0185,0.7263,94
30000000.0,0.0,0.0,0.0,266.0,6.5750481198903,15,2,25,1,1,1.0473,0.2141,1.3742,0.0185,0.7263,91
37655000.0,0.0,0.0,0.0,443.0,6.91624384926325,5,2,28,3,6,1.0473,0.2141,1.3742,0.0185,0.7263,-1
23000000.000000004,0.0,0.0,0.0,155.33,1.29813630709615,25,3,14,1,14,1.0473,0.2141,1.3742,0.0185,0.7263,88
40000000.0,0.0,0.0,0.0,236.0,0.891694090278903,20,2,21,2,13,1.0473,0.2141,1.3742,0.0185,0.7263,84
52500000.0,0.0,0.0,0.0,300.0,3.97002691103628,8,3,14,0,15,1.0473,0.2141,1.3742,0.0185,0.7263,82
63000000.0,0.0,0.0,0.0,300.0,3.27706030645861,29,9,8,0,45,1.0473,0.2141,1.3742,0.0185,0.7263,85
72000000.0,0.0,0.0,0.0,324.0,2.2691232871012,4,0,16,0,5,1.0473,0.2141,1.3742,0.0185,0.7263,80
67033000.00000001,0.0,0.0,0.0,329.0,3.97002691103628,8,3,14,0,15,1.0473,0.2141,1.3742,0.0185,0.7263,82
1973790000.0,0.0,0.0,0.0,3374.0,4.08816765892531,6,0,0,0,4,1.0473,0.2141,1.3742,0.0185,0.7263,86
300000000.0,0.0,0.0,0.0,812.0,3.32274828600465,15,6,12,0,19,1.0473,0.2141,1.3742,0.0185,0.7263,81
200000000.0,0.0,0.0,0.0,656.0,1.90326606202875,6,2,6,0,2,1.0473,0.2141,1.3742,0.0185,0.7263,89
280000000.0,0.0,0.0,0.0,570.0,3.32274828600465,15,6,12,0,19,1.0473,0.2141,1.3742,0.0185,0.7263,81
24240000.0,0.0,0.0,0.0,202.0,5.35473689858411,19,1,22,1,7,1.0473,0.2141,1.3742,0.0185,0.7263,95
110000000.0,0.0,0.0,0.0,350.0,1.90326606202875,6,2,6,0,2,1.0473,0.2141,1.3742,0.0185,0.7263,89
255000000.0,0.0,0.0,0.0,570.0,3.32274828600465,15,6,12,0,19,1.0473,0.2141,1.3742,0.0185,0.7263,81
320400000.0,0.0,0.0,0.0,534.0,3.28337341710908,19,10,11,0,45,1.0473,0.2141,1.3742,0.0185,0.7263,93
110000000.0,0.0,0.0,0.0,350.0,1.90326606202875,6,2,6,0,2,1.0473,0.2141,1.3742,0.0185,0.7263,89
499000000.0,0.0,0.0,0.0,739.0,3.32274828600465,15,6,12,0,19,1.0473,0.2141,1.3742,0.0185,0.7263,81
88000000.0,0.0,0.0,0.0,398.0,3.97002691103628,8,3,14,0,15,1.0473,0.2141,1.3742,0.0185,0.7263,82
92690000.0,0.0,0.0,0.0,403.0,3.97002691103628,8,3,14,0,15,1.0473,0.2141,1.3742,0.0185,0.7263,82
105000000.0,0.0,0.0,0.0,365.0,1.90326606202875,6,2,6,0,2,1.0473,0.2141,1.3742,0.0185,0.7263,89
65000000.0,0.0,0.0,0.0,360.0,3.27706030645861,29,9,8,0,45,1.0473,0.2141,1.3742,0.0185,0.7263,85
287945000.0,0.0,0.0,0.0,665.0,3.32274828600465,15,6,12,0,19,1.0473,0.2141,1.3742,0.0185,0.7263,81
153000000.0,0.0,0.0,0.0,340.0,1.90326606202875,6,2,6,0,2,1.0473,0.2141,1.3742,0.0185,0.7263,89
78000000.0,0.0,0.0,0.0,310.0,1.29813630709615,25,3,14,1,14,1.0473,0.2141,1.3742,0.0185,0.7263,88
81320000.0,0.0,0.0,0.0,428.0,1.54070787187374,16,2,18,1,24,1.0473,0.2141,1.3742,0.0185,0.7263,83
66639999.99999999,0.0,0.0,0.0,490.0,6.5750481198903,15,2,25,1,1,1.0473,0.2141,1.3742,0.0185,0.7263,91
67500000.0,0.0,0.0,0.0,300.0,3.00150108604283,4,3,8,0,3,1.0473,0.2141,1.3742,0.0185,0.7263,96
500000000.0,0.0,0.0,0.0,1300.0,3.41353760932766,27,7,4,0,42,1.0473,0.2141,1.3742,0.0185,0.7263,90
170000000.0,0.0,0.0,0.0,660.0,1.90326606202875,6,2,6,0,2,1.0473,0.2141,1.3742,0.0185,0.7263,89
20700000.0,0.0,0.0,0.0,115.0,3.27706030645861,29,9,8,0,45,1.0473,0.2141,1.3742,0.0185,0.7263,85
61600000.0,0.0,0.0,0.0,125.0,3.32274828600465,15,6,12,0,19,1.0473,0.2141,1.3742,0.0185,0.7263,81
288000000.0,0.0,0.0,0.0,720.0,1.69524983145894,39,4,16,1,42,1.0473,0.2141,1.3742,0.0185,0.7263,92
67033000.00000001,0.0,0.0,0.0,329.0,3.97002691103628,8,3,14,0,15,1.0473,0.2141,1.3742,0.0185,0.7263,82
190960000.0,0.0,0.0,0.0,868.0,1.29813630709615,25,3,14,1,14,1.0473,0.2141,1.3742,0.0185,0.7263,88
55000000.0,0.0,0.0,0.0,204.0,4.58177327137671,11,1,16,1,6,1.0473,0.2141,1.3742,0.0185,0.7263,103
800000000.0,0.0,0.0,0.0,1600.0,3.41353760932766,27,7,4,0,42,1.0473,0.2141,1.3742,0.0185,0.7263,90
40800000.0,0.0,0.0,0.0,204.0,4.58177327137671,11,1,16,1,6,1.0473,0.2141,1.3742,0.0185,0.7263,103
34272000.0,0.0,0.0,0.0,204.0,3.27706030645861,29,9,8,0,45,1.0473,0.2141,1.3742,0.0185,0.7263,85
399000000.0,0.0,0.0,0.0,1000.0,3.32274828600465,15,6,12,0,19,1.0473,0.2141,1.3742,0.0185,0.7263,81
190960000.0,0.0,0.0,0.0,868.0,1.29813630709615,25,3,14,1,14,1.0473,0.2141,1.3742,0.0185,0.7263,88
58200000.0,0.0,0.0,0.0,291.0,0.891694090278903,20,2,21,2,13,1.0473,0.2141,1.3742,0.0185,0.7263,84
34500000.0,0.0,0.0,0.0,267.0,4.82308338829801,5,2,21,0,4,1.0473,0.2141,1.3742,0.0185,0.7263,-1
131119000.0,0.0,0.0,0.0,335.0,1.29813630709615,25,3,14,1,14,1.0473,0.2141,1.3742,0.0185,0.7263,88
346500000.0,0.0,0.0,0.0,990.0,2.61411299657257,5,2,4,0,2,1.0473,0.2141,1.3742,0.0185,0.7263,89
173600000.0,0.0,0.0,0.0,868.0,1.29813630709615,25,3,14,1,14,1.0473,0.2141,1.3742,0.0185,0.7263,88
165000000.0,0.0,0.0,0.0,660.0,1.54070787187374,16,2,18,1,24,1.0473,0.2141,1.3742,0.0185,0.7263,83
110000000.0,0.0,0.0,0.0,441.0,2.20511016336687,16,2,12,1,19,1.0473,0.2141,1.3742,0.0185,0.7263,-1
52800000.0,0.0,0.0,0.0,528.0,2.90785711770434,4,0,16,2,1,1.0473,0.2141,1.3742,0.0185,0.7263,94
692000000.0,0.0,0.0,0.0,2176.0,2.90785711770434,4,0,16,2,1,1.0473,0.2141,1.3742,0.0185,0.7263,94
34000000.0,0.0,0.0,0.0,188.0,3.97002691103628,8,3,14,0,15,1.0473,0.2141,1.3742,0.0185,0.7263,82
257500000.0,0.0,0.0,0.0,570.0,3.32274828600465,15,6,12,0,19,1.0473,0.2141,1.3742,0.0185,0.7263,81
350000000.0,0.0,0.0,0.0,691.0,2.61411299657257,5,2,4,0,2,1.0473,0.2141,1.3742,0.0185,0.7263,89
37000000.0,0.0,0.0,0.0,202.0,0.891694090278903,20,2,21,2,13,1.0473,0.2141,1.3742,0.0185,0.7263,84
700000.0,0.0,0.0,0.0,1178.0,2.61411299657257,5,2,4,0,2,1.0473,0.2141,1.3742,0.0185,0.7263,89
38738499.99999999,0.0,0.0,0.0,722.0,3.32274828600465,15,6,12,0,19,1.0473,0.2141,1.3742,0.0185,0.7263,81
47450000.0,0.0,0.0,0.0,365.0,3.00150108604283,4,3,8,0,3,1.0473,0.2141,1.3742,0.0185,0.7263,96
85000000.0,0.0,0.0,0.0,425.0,1.56937611929952,3,0,19,0,8,1.0473,0.2141,1.3742,0.0185,0.7263,80
60000000.0,0.0,0.0,0.0,329.0,3.31910268584829,11,6,13,0,16,1.0473,0.2141,1.3742,0.0185,0.7263,81
218120000.0,0.0,0.0,0.0,1148.0,0.891694090278903,20,2,21,2,13,1.0473,0.2141,1.3742,0.0185,0.7263,84
140000000.0,0.0,0.0,0.0,455.0,1.29813630709615,25,3,14,1,14,1.0473,0.2141,1.3742,0.0185,0.7263,88
911523000.0,0.0,0.0,0.0,3038.41,1.81866514144521,3,0,17,0,6,1.0473,0.2141,1.3742,0.0185,0.7263,80
39060000.0,0.0,0.0,0.0,217.0,5.35473689858411,19,1,22,1,7,1.0473,0.2141,1.3742,0.0185,0.7263,95
55000000.0,0.0,0.0,0.0,225.0,6.47012028641756,3,1,16,4,7,1.0473,0.2141,1.3742,0.0185,0.7263,98
39000000.0,0.0,0.0,0.0,256.0,1.55922466738988,40,4,15,1,40,1.0473,0.2141,1.3742,0.0185,0.7263,92
110000000.0,0.0,0.0,0.0,441.0,2.28037737500924,15,2,12,1,15,1.0473,0.2141,1.3742,0.0185,0.7263,104
220800000.0,0.0,0.0,0.0,736.0,1.90326606202875,6,2,6,0,2,1.0473,0.2141,1.3742,0.0185,0.7263,89
472500000.0,0.0,0.0,0.0,1350.0,3.41353760932766,27,7,4,0,42,1.0473,0.2141,1.3742,0.0185,0.7263,90
210000000.0,0.0,0.0,0.0,300.0,3.97002691103628,8,3,14,0,15,1.0473,0.2141,1.3742,0.0185,0.7263,82
37260000.0,0.0,0.0,0.0,324.0,2.28037737500924,15,2,12,1,15,1.0473,0.2141,1.3742,0.0185,0.7263,104
1500000000.0,0.0,0.0,0.0,2329.0,4.08816765892531,6,0,0,0,4,1.0473,0.2141,1.3742,0.0185,0.7263,86
231000000.0,0.0,0.0,0.0,660.0,3.00150108604283,4,3,8,0,3,1.0473,0.2141,1.3742,0.0185,0.7263,96
86500000.0,0.0,0.0,0.0,418.0,3.97002691103628,8,3,14,0,15,1.0473,0.2141,1.3742,0.0185,0.7263,82
34000000.0,0.0,0.0,0.0,188.0,3.97002691103628,8,3,14,0,15,1.0473,0.2141,1.3742,0.0185,0.7263,82
192000000.0,0.0,0.0,0.0,640.0,1.90326606202875,6,2,6,0,2,1.0473,0.2141,1.3742,0.0185,0.7263,89
72000000.0,0.0,0.0,0.0,400.0,3.28373814655962,5,4,8,0,7,0.2002,0.13,0.102,0.0343,0.7127,102
49999999.99999999,0.0,0.0,0.0,528.0,2.2691232871012,4,0,16,0,5,1.0473,0.2141,1.3742,0.0185,0.7263,80
45000000.0,0.0,0.0,0.0,300.0,3.27706030645861,29,9,8,0,45,1.0473,0.2141,1.3742,0.0185,0.7263,85
165000000.0,0.0,0.0,0.0,510.0,3.27871140142156,12,6,13,0,18,1.0473,0.2141,1.3742,0.0185,0.7263,81
175000000.0,0.0,0.0,0.0,478.0,3.32274828600465,15,6,12,0,19,1.0473,0.2141,1.3742,0.0185,0.7263,81
36800000.0,0.0,0.0,0.0,260.0,0.891694090278903,20,2,21,2,13,1.0473,0.2141,1.3742,0.0185,0.7263,84
110000000.0,0.0,0.0,0.0,475.0,1.56937611929952,3,0,19,0,8,1.0473,0.2141,1.3742,0.0185,0.7263,80
1200000000.0,0.0,0.0,0.0,2875.0,4.08816765892531,6,0,0,0,4,1.0473,0.2141,1.3742,0.0185,0.7263,86
212100000.0,0.0,0.0,0.0,606.0,3.27706030645861,29,9,8,0,45,1.0473,0.2141,1.3742,0.0185,0.7263,85
533000000.0,0.0,0.0,0.0,601.0,2.61411299657257,5,2,4,0,2,1.0473,0.2141,1.3742,0.0185,0.7263,89
190960000.0,0.0,0.0,0.0,868.0,1.29813630709615,25,3,14,1,14,1.0473,0.2141,1.3742,0.0185,0.7263,88
180000000.0,0.0,0.0,0.0,4500.0,2.24023092088096,29,8,7,0,48,1.0473,0.2141,1.3742,0.0185,0.7263,79
255000000.0,0.0,0.0,0.0,1000.0,1.54070787187374,16,2,18,1,24,1.0473,0.2141,1.3742,0.0185,0.7263,83
65000000.0,0.0,0.0,0.0,225.0,6.47012028641756,3,1,16,4,7,1.0473,0.2141,1.3742,0.0185,0.7263,98
65000000.0,0.0,0.0,0.0,225.0,6.47012028641756,3,1,16,4,7,1.0473,0.2141,1.3742,0.0185,0.7263,98
18490000.0,0.0,0.0,0.0,293.0,6.1884056296837,10,3,14,3,15,1.0473,0.2141,1.3742,0.0185,0.7263,-1
190760000.0,0.0,0.0,0.0,868.0,1.29813630709615,25,3,14,1,14,1.0473,0.2141,1.3742,0.0185,0.7263,88
60000000.0,0.0,0.0,0.0,428.0,1.54070787187374,16,2,18,1,24,1.0473,0.2141,1.3742,0.0185,0.7263,83
5565000.0,0.0,0.0,0.0,371.0,2.20527060073623,35,8,9,1,52,1.0473,0.2141,1.3742,0.0185,0.7263,106
48000000.0,0.0,0.0,0.0,314.0,3.97002691103628,8,3,14,0,15,1.0473,0.2141,1.3742,0.0185,0.7263,82
1063443500.0,0.0,0.0,0.0,3038.41,1.81866514144521,3,0,17,0,6,1.0473,0.2141,1.3742,0.0185,0.7263,80
61530000.0,0.0,0.0,0.0,586.0,2.61411299657257,5,2,4,0,2,1.0473,0.2141,1.3742,0.0185,0.7263,89
400000000.0,0.0,0.0,0.0,1400.0,3.41353760932766,27,7,4,0,42,1.0473,0.2141,1.3742,0.0185,0.7263,90
95000000.0,0.0,0.0,0.0,421.0,3.97002691103628,8,3,14,0,15,1.0473,0.2141,1.3742,0.0185,0.7263,82
220800000.0,0.0,0.0,0.0,736.0,1.90326606202875,6,2,6,0,2,1.0473,0.2141,1.3742,0.0185,0.7263,89
768200000.0,0.0,0.0,0.0,1336.0,3.41353760932766,27,7,4,0,42,1.0473,0.2141,1.3742,0.0185,0.7263,90
49999999.99999999,0.0,0.0,0.0,204.0,4.58177327137671,11,1,16,1,6,1.0473,0.2141,1.3742,0.0185,0.7263,103
220800000.0,0.0,0.0,0.0,736.0,1.90326606202875,6,2,6,0,2,1.0473,0.2141,1.3742,0.0185,0.7263,89
80000000.0,0.0,0.0,0.0,428.0,0.891694090278903,20,2,21,2,13,1.0473,0.2141,1.3742,0.0185,0.7263,84
34000000.0,0.0,0.0,0.0,188.0,1.55922466738988,40,4,15,1,40,1.0473,0.2141,1.3742,0.0185,0.7263,92
110000000.0,0.0,0.0,0.0,505.0,1.69524983145894,39,4,16,1,42,1.0473,0.2141,1.3742,0.0185,0.7263,92
234000000.0,0.0,0.0,0.0,780.0,1.29813630709615,25,3,14,1,14,1.0473,0.2141,1.3742,0.0185,0.7263,88
387385000.0,0.0,0.0,0.0,722.0,3.32274828600465,15,6,12,0,19,1.0473,0.2141,1.3742,0.0185,0.7263,81
350000000.0,0.0,0.0,0.0,535.0,1.90326606202875,6,2,6,0,2,1.0473,0.2141,1.3742,0.0185,0.7263,89
96000000.0,0.0,0.0,0.0,223.0,2.28037737500924,15,2,12,1,15,1.0473,0.2141,1.3742,0.0185,0.7263,104
387385000.0,0.0,0.0,0.0,722.0,3.32274828600465,15,6,12,0,19,1.0473,0.2141,1.3742,0.0185,0.7263,81
37000000.0,0.0,0.0,0.0,317.0,1.56937611929952,3,0,19,0,8,1.0473,0.2141,1.3742,0.0185,0.7263,80
88000000.0,0.0,0.0,0.0,398.0,3.31910268584829,11,6,13,0,16,1.0473,0.2141,1.3742,0.0185,0.7263,81
283000000.0,0.0,0.0,0.0,570.0,3.32274828600465,15,6,12,0,19,1.0473,0.2141,1.3742,0.0185,0.7263,81
30000000.0,0.0,0.0,0.0,250.0,6.73847589464718,14,5,37,2,9,1.0473,0.2141,1.3742,0.0185,0.7263,105
1500000000.0,0.0,0.0,0.0,2432.0,4.08816765892531,6,0,0,0,4,1.0473,0.2141,1.3742,0.0185,0.7263,86
115000000.0,0.0,0.0,0.0,379.0,1.90326606202875,6,2,6,0,2,1.0473,0.2141,1.3742,0.0185,0.7263,89
110000000.0,0.0,0.0,0.0,350.0,1.90326606202875,6,2,6,0,2,1.0473,0.2141,1.3742,0.0185,0.7263,89
110000000.0,0.0,0.0,0.0,350.0,1.90326606202875,6,2,6,0,2,1.0473,0.2141,1.3742,0.0185,0.7263,89
34000000.0,0.0,0.0,0.0,188.0,3.97002691103628,8,3,14,0,15,1.0473,0.2141,1.3742,0.0185,0.7263,82
49999999.99999999,0.0,0.0,0.0,528.0,2.2691232871012,4,0,16,0,5,1.0473,0.2141,1.3742,0.0185,0.7263,80
124000000.0,0.0,0.0,0.0,379.0,1.90326606202875,6,2,6,0,2,1.0473,0.2141,1.3742,0.0185,0.7263,89
130000000.0,0.0,0.0,0.0,379.0,2.14104386234683,6,2,8,0,2,1.0473,0.2141,1.3742,0.0185,0.7263,89
500000000.0,0.0,0.0,0.0,1300.0,3.57550025166515,19,5,1,0,24,1.0473,0.2141,1.3742,0.0185,0.7263,-1
67500000.0,0.0,0.0,0.0,250.0,6.5750481198903,15,2,25,1,1,1.0473,0.2141,1.3742,0.0185,0.7263,91
75000000.0,0.0,0.0,0.0,225.0,2.2691232871012,4,0,16,0,5,1.0473,0.2141,1.3742,0.0185,0.7263,80
173600000.0,0.0,0.0,0.0,868.0,1.29813630709615,25,3,14,1,14,1.0473,0.2141,1.3742,0.0185,0.7263,88
53000000.0,0.0,0.0,0.0,300.0,1.29813630709615,25,3,14,1,14,1.0473,0.2141,1.3742,0.0185,0.7263,88
100500000.0,0.0,0.0,0.0,670.0,3.95371363554156,8,3,14,0,15,1.0473,0.2141,1.3742,0.0185,0.7263,82
55000000.0,0.0,0.0,0.0,270.0,0.982768023612321,45,4,25,1,21,1.0473,0.2141,1.3742,0.0185,0.7263,97
141000000.0,0.0,0.0,0.0,705.0,1.90326606202875,6,2,6,0,2,1.0473,0.2141,1.3742,0.0185,0.7263,89
35000000.0,0.0,0.0,0.0,208.0,0.982768023612321,45,4,25,1,21,1.0473,0.2141,1.3742,0.0185,0.7263,97
300000000.0,0.0,0.0,0.0,473.0,3.27910810035666,12,6,14,0,18,1.0473,0.2141,1.3742,0.0185,0.7263,81
950400000.0,0.0,0.0,0.0,1728.0,1.29813630709615,25,3,14,1,14,1.0473,0.2141,1.3742,0.0185,0.7263,88
260000000.0,0.0,0.0,0.0,1000.0,1.93736481848878,20,2,17,1,24,1.0473,0.2141,1.3742,0.0185,0.7263,83
1500000000.0,0.0,0.0,0.0,1061.0,2.20527060073623,35,8,9,1,52,1.0473,0.2141,1.3742,0.0185,0.7263,106
1500000000.0,0.0,0.0,0.0,2329.0,4.08816765892531,6,0,0,0,4,1.0473,0.2141,1.3742,0.0185,0.7263,86
30000000.0,0.0,0.0,0.0,201.0,0.982768023612321,45,4,25,1,21,1.0473,0.2141,1.3742,0.0185,0.7263,97
102200000.0,0.0,0.0,0.0,365.0,1.90326606202875,6,2,6,0,2,1.0473,0.2141,1.3742,0.0185,0.7263,89
500000000.0,0.0,0.0,0.0,1350.0,3.41353760932766,27,7,4,0,42,1.0473,0.2141,1.3742,0.0185,0.7263,90
98800000.0,0.0,0.0,0.0,760.0,1.90326606202875,6,2,6,0,2,1.0473,0.2141,1.3742,0.0185,0.7263,89
55000000.0,0.0,0.0,0.0,256.0,1.55922466738988,40,4,15,1,40,1.0473,0.2141,1.3742,0.0185,0.7263,92
34000000.0,0.0,0.0,0.0,188.0,1.55922466738988,40,4,15,1,40,1.0473,0.2141,1.3742,0.0185,0.7263,92
30000000.0,0.0,0.0,0.0,266.0,6.5750481198903,15,2,25,1,1,1.0473,0.2141,1.3742,0.0185,0.7263,91
47250000.0,0.0,0.0,0.0,340.0,3.28373814655962,5,4,8,0,7,0.2002,0.13,0.102,0.0343,0.7127,102
74900000.0,0.0,0.0,0.0,225.0,3.27706030645861,29,9,8,0,45,1.0473,0.2141,1.3742,0.0185,0.7263,85
130000000.0,0.0,0.0,0.0,379.0,1.90326606202875,6,2,6,0,2,1.0473,0.2141,1.3742,0.0185,0.7263,89
70000000.0,0.0,0.0,0.0,218.0,3.28337341710908,19,10,11,0,45,1.0473,0.2141,1.3742,0.0185,0.7263,93
80000000.0,0.0,0.0,0.0,222.0,3.97002691103628,8,3,14,0,15,1.0473,0.2141,1.3742,0.0185,0.7263,82
35000000.0,0.0,0.0,0.0,133.0,6.1884056296837,10,3,14,3,15,1.0473,0.2141,1.3742,0.0185,0.7263,-1
55424000.0,0.0,0.0,0.0,433.0,5.35473689858411,19,1,22,1,7,1.0473,0.2141,1.3742,0.0185,0.7263,95
51000000.0,0.0,0.0,0.0,456.0,1.29813630709615,25,3,14,1,14,1.0473,0.2141,1.3742,0.0185,0.7263,88
190000000.0,0.0,0.0,0.0,640.0,1.90326606202875,6,2,6,0,2,1.0473,0.2141,1.3742,0.0185,0.7263,89
55000000.0,0.0,0.0,0.0,272.0,2.97077090299026,11,4,10,0,11,0.2002,0.13,0.102,0.0343,0.7127,-1
1063443500.0,0.0,0.0,0.0,3038.41,1.81866514144521,3,0,17,0,6,1.0473,0.2141,1.3742,0.0185,0.7263,80
900000000.0,0.0,0.0,0.0,2600.0,3.27706030645861,29,9,8,0,45,1.0473,0.2141,1.3742,0.0185,0.7263,85
59000000.0,0.0,0.0,0.0,348.0,1.54070787187374,16,2,18,1,24,1.0473,0.2141,1.3742,0.0185,0.7263,83
542500000.0,0.0,0.0,0.0,1750.0,3.98060160606152,11,2,1,0,10,1.0473,0.2141,1.3742,0.0185,0.7263,-1
2111850000.0,0.0,0.0,0.0,3610.0,4.08816765892531,6,0,0,0,4,1.0473,0.2141,1.3742,0.0185,0.7263,86
95000000.0,0.0,0.0,0.0,223.0,2.66827863582235,34,9,6,1,57,1.0473,0.2141,1.3742,0.0185,0.7263,-1
113000000.0,0.0,0.0,0.0,710.0,2.2691232871012,4,0,16,0,5,1.0473,0.2141,1.3742,0.0185,0.7263,80
192000000.0,0.0,0.0,0.0,640.0,1.90326606202875,6,2,6,0,2,1.0473,0.2141,1.3742,0.0185,0.7263,89
1973790000.0,0.0,0.0,0.0,3374.0,4.08816765892531,6,0,0,0,4,1.0473,0.2141,1.3742,0.0185,0.7263,86
2071200000.0,0.0,0.0,0.0,5178.0,4.08816765892531,6,0,0,0,4,1.0473,0.2141,1.3742,0.0185,0.7263,86
190960000.0,0.0,0.0,0.0,868.0,1.29813630709615,25,3,14,1,14,1.0473,0.2141,1.3742,0.0185,0.7263,88
340000000.0,0.0,0.0,0.0,645.0,1.54070787187374,16,2,18,1,24,1.0473,0.2141,1.3742,0.0185,0.7263,83
64000000.0,0.0,0.0,0.0,344.0,5.35473689858411,19,1,22,1,7,1.0473,0.2141,1.3742,0.0185,0.7263,95
1602840000.0,0.0,0.0,0.0,4332.0,4.08816765892531,6,0,0,0,4,1.0473,0.2141,1.3742,0.0185,0.7263,86
192000000.0,0.0,0.0,0.0,640.0,1.90326606202875,6,2,6,0,2,1.0473,0.2141,1.3742,0.0185,0.7263,89
971600000.0,0.0,0.0,0.0,1388.0,2.61411299657257,5,2,4,0,2,1.0473,0.2141,1.3742,0.0185,0.7263,89
55000000.0,0.0,0.0,0.0,378.0,6.73847589464718,14,5,37,2,9,1.0473,0.2141,1.3742,0.0185,0.7263,105
1460000000.0000002,0.0,0.0,0.0,1825.0,3.98060160606152,11,2,1,0,10,1.0473,0.2141,1.3742,0.0185,0.7263,-1
1725145000.0,0.0,0.0,0.0,3557.0,4.08816765892531,6,0,0,0,4,1.0473,0.2141,1.3742,0.0185,0.7263,86
3000000000.0,0.0,0.0,0.0,3400.0,3.98060160606152,11,2,1,0,10,1.0473,0.2141,1.3742,0.0185,0.7263,-1
70000000.0,0.0,0.0,0.0,329.0,3.31910268584829,11,6,13,0,16,1.0473,0.2141,1.3742,0.0185,0.7263,81
212100000.0,0.0,0.0,0.0,606.0,1.54070787187374,16,2,18,1,24,1.0473,0.2141,1.3742,0.0185,0.7263,83
75000000.0,0.0,0.0,0.0,115.0,3.97002691103628,8,3,14,0,15,1.0473,0.2141,1.3742,0.0185,0.7263,82
78000000.0,0.0,0.0,0.0,435.0,3.97002691103628,8,3,14,0,15,1.0473,0.2141,1.3742,0.0185,0.7263,82
88000000.0,0.0,0.0,0.0,400.0,1.29813630709615,25,3,14,1,14,1.0473,0.2141,1.3742,0.0185,0.7263,88
65000000.0,0.0,0.0,0.0,337.0,1.54070787187374,16,2,18,1,24,1.0473,0.2141,1.3742,0.0185,0.7263,83
300440000.0,0.0,0.0,0.0,812.0,3.32274828600465,15,6,12,0,19,1.0473,0.2141,1.3742,0.0185,0.7263,81
35000000.0,0.0,0.0,0.0,264.0,0.982768023612321,45,4,25,1,21,1.0473,0.2141,1.3742,0.0185,0.7263,97
52440000.0,0.0,0.0,0.0,437.0,5.01926971326027,15,1,16,1,7,1.0473,0.2141,1.3742,0.0185,0.7263,103
85860000.0,0.0,0.0,0.0,477.0,4.82308338829801,5,2,21,0,4,1.0473,0.2141,1.3742,0.0185,0.7263,-1
83800000.0,0.0,0.0,0.0,350.0,1.90326606202875,6,2,6,0,2,1.0473,0.2141,1.3742,0.0185,0.7263,89
250000000.0,0.0,0.0,0.0,570.0,3.27871140142156,12,6,13,0,18,1.0473,0.2141,1.3742,0.0185,0.7263,81
49800000.0,0.0,0.0,0.0,213.0,3.27706030645861,29,9,8,0,45,1.0473,0.2141,1.3742,0.0185,0.7263,85
925000000.0,0.0,0.0,0.0,1682.0,3.41353760932766,27,7,4,0,42,1.0473,0.2141,1.3742,0.0185,0.7263,90
28000000.0,0.0,0.0,0.0,222.0,4.58177327137671,11,1,16,1,6,1.0473,0.2141,1.3742,0.0185,0.7263,103
828000000.0,0.0,0.0,0.0,1380.0,2.61411299657257,5,2,4,0,2,1.0473,0.2141,1.3742,0.0185,0.7263,89
560000000.0,0.0,0.0,0.0,1300.0,3.30511616279535,27,10,8,0,48,1.0473,0.2141,1.3742,0.0185,0.7263,109
190960000.0,0.0,0.0,0.0,868.0,1.45034378343571,20,3,12,1,14,1.0473,0.2141,1.3742,0.0185,0.7263,-1
550000000.0,0.0,0.0,0.0,1300.0,2.61411299657257,5,2,4,0,2,1.0473,0.2141,1.3742,0.0185,0.7263,89
1500000000.0,0.0,0.0,0.0,2329.0,4.08816765892531,6,0,0,0,4,1.0473,0.2141,1.3742,0.0185,0.7263,86
40000000.0,0.0,0.0,0.0,356.0,1.56937611929952,3,0,19,0,8,1.0473,0.2141,1.3742,0.0185,0.7263,80
230000000.0,0.0,0.0,0.0,1400.0,4.77005090351916,9,1,19,0,7,0.0841,1.1379,0.4071,0.2414,0.2642,-1
360000.0,0.0,0.0,1066.0,1066.0,7.0629243397588,11,4,9,1,24,0.0841,1.1379,0.4071,0.2414,0.2642,-1
360000.0,0.0,0.0,1270.0,1066.0,7.84013469716121,9,2,11,0,13,0.0841,1.1379,0.4071,0.2414,0.2642,-1
68467500.0,0.0,0.0,0.0,805.5,5.63457293396497,12,2,10,1,20,0.0841,1.1379,0.4071,0.2414,0.2642,110
65000000.0,0.0,0.0,0.0,522.0,4.39146317958788,5,0,23,0,7,0.0841,1.1379,0.4071,0.2414,0.2642,111
25000000.0,0.0,0.0,0.0,202.0,5.4752531996667,10,2,16,2,17,0.0841,1.1379,0.4071,0.2414,0.2642,112
800000000.0,0.0,0.0,0.0,1980.0,5.4752531996667,10,2,16,2,17,0.0841,1.1379,0.4071,0.2414,0.2642,112
499900000.0,0.0,0.0,0.0,1060.0,7.0629243397588,11,4,9,1,24,0.0841,1.1379,0.4071,0.2414,0.2642,113
90000000.0,0.0,0.0,0.0,678.0,4.39146317958788,5,0,23,0,7,0.0841,1.1379,0.4071,0.2414,0.2642,111
160270000.0,0.0,0.0,1094.0,1094.0,4.76650703934625,21,1,26,4,10,0.0841,1.1379,0.4071,0.2414,0.2642,-1
800000000.0,0.0,0.0,0.0,1980.0,5.19310262470845,8,1,19,2,12,0.0841,1.1379,0.4071,0.2414,0.2642,-1
85000805.0,0.0,0.0,0.0,805.0,5.63457293396497,12,2,10,1,20,0.0841,1.1379,0.4071,0.2414,0.2642,110
180000000.0,0.0,0.0,0.0,811.0,7.12441778217663,12,3,15,1,13,0.0841,1.1379,0.4071,0.2414,0.2642,-1
165700000.0,0.0,0.0,0.0,753.0,7.12441778217663,12,3,15,1,13,0.0841,1.1379,0.4071,0.2414,0.2642,-1
3150000.0,0.0,0.0,0.0,154.0,4.39146317958788,5,0,23,0,7,0.0841,1.1379,0.4071,0.2414,0.2642,111
25000000.0,0.0,0.0,0.0,252.0,4.75761812424521,10,3,19,0,9,0.0841,1.1379,0.4071,0.2414,0.2642,-1
49500000.0,0.0,0.0,0.0,450.0,4.43250525295726,16,1,23,0,15,0.0841,1.1379,0.4071,0.2414,0.2642,114
30000000.0,0.0,0.0,0.0,300.0,5.6424406496599,5,1,15,2,20,0.0841,1.1379,0.4071,0.2414,0.2642,-1
36000000.0,0.0,0.0,0.0,300.0,5.6424406496599,5,1,15,2,20,0.0841,1.1379,0.4071,0.2414,0.2642,-1
76870000.0,0.0,0.0,0.0,430.0,3.5819922616618,3,1,17,2,0,0.0841,1.1379,0.4071,0.2414,0.2642,-1
18900000.0,0.0,0.0,0.0,232.0,4.39146317958788,5,0,23,0,7,0.0841,1.1379,0.4071,0.2414,0.2642,111
65000000.0,0.0,0.0,0.0,351.0,5.4752531996667,10,2,16,2,17,0.0841,1.1379,0.4071,0.2414,0.2642,112
214900000.0,0.0,0.0,0.0,634.0,6.39031758893631,13,6,10,1,64,0.0841,1.1379,0.4071,0.2414,0.2642,-1
731050000.0000001,0.0,0.0,0.0,2089.0,7.0629243397588,11,4,9,1,24,0.0841,1.1379,0.4071,0.2414,0.2642,113
76125000.0,0.0,0.0,0.0,725.0,4.39146317958788,5,0,23,0,7,0.0841,1.1379,0.4071,0.2414,0.2642,111
3236000.0,0.0,0.0,0.0,100.0,4.39146317958788,5,0,23,0,7,0.0841,1.1379,0.4071,0.2414,0.2642,111
650000000.0,0.0,0.0,0.0,1868.0,6.63294689309311,12,8,10,1,64,0.0841,1.1379,0.4071,0.2414,0.2642,115
120000000.0,0.0,0.0,0.0,561.0,4.43250525295726,16,1,23,0,15,0.0841,1.1379,0.4071,0.2414,0.2642,114
45000000.0,0.0,0.0,0.0,333.0,5.6424406496599,5,1,15,2,20,0.0841,1.1379,0.4071,0.2414,0.2642,-1
37500000.0,0.0,0.0,0.0,304.0,4.39146317958788,5,0,23,0,7,0.0841,1.1379,0.4071,0.2414,0.2642,111
22000000.0,0.0,0.0,0.0,261.0,4.22250386369727,20,1,22,0,9,0.0841,1.1379,0.4071,0.2414,0.2642,-1
48000000.0,0.0,0.0,0.0,357.0,5.63457293396497,12,2,10,1,20,0.0841,1.1379,0.4071,0.2414,0.2642,110
68500000.0,0.0,0.0,0.0,805.0,5.63457293396497,12,2,10,1,20,0.0841,1.1379,0.4071,0.2414,0.2642,110
387900000.0,0.0,0.0,0.0,862.0,7.0629243397588,11,4,9,1,24,0.0841,1.1379,0.4071,0.2414,0.2642,113
65000000.0,0.0,0.0,0.0,334.0,4.39146317958788,5,0,23,0,7,0.0841,1.1379,0.4071,0.2414,0.2642,111
28500000.0,0.0,0.0,0.0,300.0,4.39146317958788,5,0,23,0,7,0.0841,1.1379,0.4071,0.2414,0.2642,111
9000000.0,0.0,0.0,0.0,75.0,5.69125923871978,10,0,19,2,20,0.0841,1.1379,0.4071,0.2414,0.2642,-1
65000000.0,0.0,0.0,0.0,522.0,4.39146317958788,5,0,23,0,7,0.0841,1.1379,0.4071,0.2414,0.2642,111
47000000.0,0.0,0.0,0.0,431.0,4.75761812424521,10,3,19,0,9,0.0841,1.1379,0.4071,0.2414,0.2642,-1
45000000.0,0.0,0.0,0.0,362.4,5.69125923871978,10,0,19,2,20,0.0841,1.1379,0.4071,0.2414,0.2642,-1
72000000.0,0.0,0.0,0.0,509.0,5.6424406496599,5,1,15,2,20,0.0841,1.1379,0.4071,0.2414,0.2642,-1
278610000.0,0.0,0.0,0.0,753.0,7.0629243397588,11,4,9,1,24,0.0841,1.1379,0.4071,0.2414,0.2642,113
45000000.0,0.0,0.0,0.0,370.0,6.39031758893631,13,6,10,1,64,0.0841,1.1379,0.4071,0.2414,0.2642,-1
43000000.0,0.0,0.0,0.0,338.0,4.39146317958788,5,0,23,0,7,0.0841,1.1379,0.4071,0.2414,0.2642,111
90000000.0,0.0,0.0,0.0,678.0,4.39146317958788,5,0,23,0,7,0.0841,1.1379,0.4071,0.2414,0.2642,111
27300000.0,0.0,0.0,0.0,221.45,6.63294689309311,12,8,10,1,64,0.0841,1.1379,0.4071,0.2414,0.2642,115
26000000.0,0.0,0.0,0.0,274.0,5.4752531996667,10,2,16,2,17,0.0841,1.1379,0.4071,0.2414,0.2642,112
25000000.0,0.0,0.0,0.0,202.0,5.4752531996667,10,2,16,2,17,0.0841,1.1379,0.4071,0.2414,0.2642,112
9500000.0,0.0,0.0,0.0,75.0,4.93258263102134,10,0,23,1,16,0.0841,1.1379,0.4071,0.2414,0.2642,116
160000000.0,0.0,0.0,0.0,866.0,6.63294689309311,12,8,10,1,64,0.0841,1.1379,0.4071,0.2414,0.2642,115
800000000.0,0.0,0.0,0.0,1980.0,5.7320850548095,12,2,10,1,23,0.0841,1.1379,0.4071,0.2414,0.2642,110
65000000.0,0.0,0.0,0.0,493.0,4.20673409261122,22,1,21,3,7,0.0841,1.1379,0.4071,0.2414,0.2642,-1
3000000000.0,0.0,0.0,0.0,7000.0,6.63294689309311,12,8,10,1,64,0.0841,1.1379,0.4071,0.2414,0.2642,115
100000000.0,0.0,0.0,0.0,435.0,5.3433379485337,12,0,21,0,19,0.0841,1.1379,0.4071,0.2414,0.2642,-1
210000000.0,0.0,0.0,0.0,1528.0,6.63294689309311,12,8,10,1,64,0.0841,1.1379,0.4071,0.2414,0.2642,115
752700000.0,0.0,0.0,0.0,1882.0,7.0629243397588,11,4,9,1,24,0.0841,1.1379,0.4071,0.2414,0.2642,113
72390000.0,0.0,0.0,0.0,805.5,4.93258263102134,10,0,23,1,16,0.0841,1.1379,0.4071,0.2414,0.2642,116
580000000.0,0.0,0.0,0.0,862.0,7.0629243397588,11,4,9,1,24,0.0841,1.1379,0.4071,0.2414,0.2642,113
360000000.0,0.0,0.0,0.0,1617.0,7.10114873517348,12,3,15,1,13,0.0841,1.1379,0.4071,0.2414,0.2642,-1
120000000.0,0.0,0.0,0.0,561.0,4.43250525295726,16,1,23,0,15,0.0841,1.1379,0.4071,0.2414,0.2642,114
149940000.0,0.0,0.0,0.0,833.0,4.76650703934625,21,1,26,4,10,0.0841,1.1379,0.4071,0.2414,0.2642,-1
65000000.0,0.0,0.0,0.0,351.0,4.39146317958788,5,0,23,0,7,0.0841,1.1379,0.4071,0.2414,0.2642,111
581000000.0,0.0,0.0,0.0,1162.0,6.63294689309311,12,8,10,1,64,0.0841,1.1379,0.4071,0.2414,0.2642,115
30200000.000000004,0.0,0.0,0.0,302.0,5.19310262470845,8,1,19,2,12,0.0841,1.1379,0.4071,0.2414,0.2642,-1
475000000.0,0.0,0.0,0.0,1357.0,7.0629243397588,11,4,9,1,24,0.0841,1.1379,0.4071,0.2414,0.2642,113
149940000.0,0.0,0.0,0.0,833.0,4.76650703934625,21,1,26,4,10,0.0841,1.1379,0.4071,0.2414,0.2642,-1
49170000.0,0.0,0.0,0.0,298.0,4.30047816709243,21,1,19,3,7,0.0841,1.1379,0.4071,0.2414,0.2642,-1
68500000.0,0.0,0.0,0.0,805.5,5.63457293396497,12,2,10,1,20,0.0841,1.1379,0.4071,0.2414,0.2642,110
580000000.0,0.0,0.0,0.0,862.0,7.0629243397588,11,4,9,1,24,0.0841,1.1379,0.4071,0.2414,0.2642,113
65000000.0,0.0,0.0,0.0,493.0,4.93258263102134,10,0,23,1,16,0.0841,1.1379,0.4071,0.2414,0.2642,116
75000000.0,0.0,0.0,0.0,493.0,4.43250525295726,16,1,23,0,15,0.0841,1.1379,0.4071,0.2414,0.2642,114
13000000.0,0.0,0.0,0.0,860.0,4.93258263102134,10,0,23,1,16,0.0841,1.1379,0.4071,0.2414,0.2642,116
140500000.0,0.0,0.0,0.0,852.0,4.78053650705379,20,1,25,4,8,0.0841,1.1379,0.4071,0.2414,0.2642,-1
68250000.0,0.0,0.0,0.0,346.0,5.19310262470845,8,1,19,2,12,0.0841,1.1379,0.4071,0.2414,0.2642,-1
72495000.0,0.0,0.0,0.0,805.5,6.231178122715,12,1,3,0,6,0.0841,1.1379,0.4071,0.2414,0.2642,-1
110000000.0,0.0,0.0,0.0,561.0,4.43250525295726,16,1,23,0,15,0.0841,1.1379,0.4071,0.2414,0.2642,114
62240000.0,0.0,0.0,0.0,389.0,6.39031758893631,13,6,10,1,64,0.0841,1.1379,0.4071,0.2414,0.2642,-1
65000000.0,0.0,0.0,0.0,493.0,4.39146317958788,5,0,23,0,7,0.0841,1.1379,0.4071,0.2414,0.2642,111
100000000.0,0.0,0.0,0.0,561.0,4.93258263102134,10,0,23,1,16,0.0841,1.1379,0.4071,0.2414,0.2642,116
426400000.0,0.0,0.0,0.0,1066.0,7.0629243397588,11,4,9,1,24,0.0841,1.1379,0.4071,0.2414,0.2642,113
49999999.99999999,0.0,0.0,0.0,358.0,6.63294689309311,12,8,10,1,64,0.0841,1.1379,0.4071,0.2414,0.2642,115
970000000.0,0.0,0.0,0.0,1980.0,4.93258263102134,10,0,23,1,16,0.0841,1.1379,0.4071,0.2414,0.2642,116
35000000.0,0.0,0.0,0.0,249.0,4.86197110233329,20,1,30,2,13,0.0841,1.1379,0.4071,0.2414,0.2642,-1
34000000.0,0.0,0.0,0.0,266.0,4.39146317958788,5,0,23,0,7,0.0841,1.1379,0.4071,0.2414,0.2642,111
33800000.0,0.0,0.0,0.0,362.0,4.39146317958788,5,0,23,0,7,0.0841,1.1379,0.4071,0.2414,0.2642,111
91000000.0,0.0,0.0,0.0,455.0,5.69125923871978,10,0,19,2,20,0.0841,1.1379,0.4071,0.2414,0.2642,-1
260000000.0,0.0,0.0,0.0,495.0,5.4752531996667,10,2,16,2,17,0.0841,1.1379,0.4071,0.2414,0.2642,112
28500000.0,0.0,0.0,0.0,300.0,4.39146317958788,5,0,23,0,7,0.0841,1.1379,0.4071,0.2414,0.2642,111
1543680000.0000002,0.0,0.0,0.0,8576.0,5.69125923871978,10,0,19,2,20,0.0841,1.1379,0.4071,0.2414,0.2642,-1
65000000.0,0.0,0.0,0.0,493.0,4.22250386369727,20,1,22,0,9,0.0841,1.1379,0.4071,0.2414,0.2642,-1
26000000.0,0.0,0.0,0.0,204.0,3.5819922616618,3,1,17,2,0,0.0841,1.1379,0.4071,0.2414,0.2642,-1
110000000.0,0.0,0.0,0.0,1000.0,2.71147038013795,3,0,28,2,1,0.46,0.3905,0.3591,0.359,0.6528,117
110000000.0,0.0,0.0,0.0,1000.0,2.71147038013795,3,0,28,2,1,0.46,0.3905,0.3591,0.359,0.6528,117
40000000.0,0.0,0.0,0.0,312.4,1.48085838609163,58,1,26,11,9,0.46,0.3905,0.3591,0.359,0.6528,118
118000000.0,0.0,0.0,0.0,914.7,2.71147038013795,3,0,28,2,1,0.46,0.3905,0.3591,0.359,0.6528,117
658785000.0,0.0,0.0,0.0,3561.0,1.04534542808435,23,1,14,8,8,0.46,0.3905,0.3591,0.359,0.6528,119
110000000.0,0.0,0.0,0.0,1000.0,2.71147038013795,3,0,28,2,1,0.46,0.3905,0.3591,0.359,0.6528,117
29000000.0,0.0,0.0,0.0,371.0,1.48085838609163,58,1,26,11,9,0.46,0.3905,0.3591,0.359,0.6528,118
16000000.0,0.0,0.0,0.0,270.0,2.71147038013795,3,0,28,2,1,0.46,0.3905,0.3591,0.359,0.6528,117
29000000.0,0.0,0.0,0.0,122.0,0.25149080030171,50,1,22,14,4,0.46,0.3905,0.3591,0.359,0.6528,120
10499999.999999998,0.0,0.0,0.0,142.0,2.71147038013795,3,0,28,2,1,0.46,0.3905,0.3591,0.359,0.6528,117
59400000.0,0.0,0.0,0.0,456.6,1.48085838609163,58,1,26,11,9,0.46,0.3905,0.3591,0.359,0.6528,118
49999999.99999999,0.0,0.0,0.0,627.5,0.25149080030171,50,1,22,14,4,0.46,0.3905,0.3591,0.359,0.6528,120
52000000.0,0.0,0.0,0.0,480.0,7.532880960218,9,3,11,0,17,0.46,0.3905,0.3591,0.359,0.6528,121
19300000.0,0.0,0.0,0.0,180.0,1.48085838609163,58,1,26,11,9,0.46,0.3905,0.3591,0.359,0.6528,118
270000000.0,0.0,0.0,0.0,961.3,1.48085838609163,58,1,26,11,9,0.46,0.3905,0.3591,0.359,0.6528,118
320100000.0,0.0,0.0,0.0,2135.0,1.83949370365703,31,0,20,0,3,0.46,0.3905,0.3591,0.359,0.6528,122
95580000.0,0.0,0.0,0.0,531.0,0.0118193352597599,26,1,12,7,27,0.46,0.3905,0.3591,0.359,0.6528,123
75000000.0,0.0,0.0,0.0,612.5,3.94362164227761,16,1,16,6,4,0.46,0.3905,0.3591,0.359,0.6528,124
118000000.0,0.0,0.0,0.0,914.7,2.71147038013795,3,0,28,2,1,0.46,0.3905,0.3591,0.359,0.6528,117
118000000.0,0.0,0.0,0.0,915.0,2.71147038013795,3,0,28,2,1,0.46,0.3905,0.3591,0.359,0.6528,117
455160000.0,0.0,0.0,0.0,1517.2,0.0118193352597599,26,1,12,7,27,0.46,0.3905,0.3591,0.359,0.6528,123
32000000.0,0.0,0.0,0.0,260.8,0.0118193352597599,26,1,12,7,27,0.46,0.3905,0.3591,0.359,0.6528,123
23100000.0,0.0,0.0,0.0,231.0,1.30388647083954,4,0,16,0,7,0.46,0.3905,0.3591,0.359,0.6528,125
118000000.0,0.0,0.0,0.0,914.7,2.71147038013795,3,0,28,2,1,0.46,0.3905,0.3591,0.359,0.6528,117
118000000.0,0.0,0.0,0.0,914.7,2.71147038013795,3,0,28,2,1,0.46,0.3905,0.3591,0.359,0.6528,117
280000.0,0.0,0.0,0.0,1030.0,0.0118193352597599,26,1,12,7,27,0.46,0.3905,0.3591,0.359,0.6528,123
118000000.0,0.0,0.0,0.0,914.7,2.71147038013795,3,0,28,2,1,0.46,0.3905,0.3591,0.359,0.6528,117
118000000.0,0.0,0.0,0.0,914.7,2.71147038013795,3,0,28,2,1,0.46,0.3905,0.3591,0.359,0.6528,117
118000000.0,0.0,0.0,0.0,914.7,2.71147038013795,3,0,28,2,1,0.46,0.3905,0.3591,0.359,0.6528,117
754715000.0,0.0,0.0,0.0,8879.0,1.48085838609163,58,1,26,11,9,0.46,0.3905,0.3591,0.359,0.6528,118
118000000.0,0.0,0.0,0.0,914.0,2.71147038013795,3,0,28,2,1,0.46,0.3905,0.3591,0.359,0.6528,117
118000000.0,0.0,0.0,0.0,914.7,2.71147038013795,3,0,28,2,1,0.46,0.3905,0.3591,0.359,0.6528,117
118000000.0,0.0,0.0,0.0,914.7,2.71147038013795,3,0,28,2,1,0.46,0.3905,0.3591,0.359,0.6528,117
30375000.0,0.0,0.0,0.0,202.5,0.0118193352597599,26,1,12,7,27,0.46,0.3905,0.3591,0.359,0.6528,123
6000000.0,0.0,0.0,0.0,50.0,1.48085838609163,58,1,26,11,9,0.46,0.3905,0.3591,0.359,0.6528,118
944968000.0,0.0,0.0,0.0,2937.4,0.0118193352597599,26,1,12,7,27,0.46,0.3905,0.3591,0.359,0.6528,123
11500000.0,0.0,0.0,0.0,100.0,2.1480503507855,18,1,15,3,2,0.46,0.3905,0.3591,0.359,0.6528,-1
265000000.0,0.0,0.0,0.0,918.0,0.0118193352597599,26,1,12,7,27,0.46,0.3905,0.3591,0.359,0.6528,123
534150000.0,0.0,0.0,0.0,3561.0,7.532880960218,9,3,11,0,17,0.46,0.3905,0.3591,0.359,0.6528,121
353220000.0,0.0,0.0,0.0,2523.0,7.532880960218,9,3,11,0,17,0.46,0.3905,0.3591,0.359,0.6528,121
534150000.0,0.0,0.0,0.0,3561.0,7.532880960218,9,3,11,0,17,0.46,0.3905,0.3591,0.359,0.6528,121
534150000.0,0.0,0.0,0.0,3561.0,7.532880960218,9,3,11,0,17,0.46,0.3905,0.3591,0.359,0.6528,121
48000000.0,0.0,0.0,0.0,295.0,0.210959556313026,54,4,38,3,11,0.46,0.3905,0.3591,0.359,0.6528,126
18500000.0,0.0,0.0,0.0,126.14,1.48085838609163,58,1,26,11,9,0.46,0.3905,0.3591,0.359,0.6528,118
105375000.0,0.0,0.0,0.0,843.0,0.0118193352597599,26,1,12,7,27,0.46,0.3905,0.3591,0.359,0.6528,123
118000000.0,0.0,0.0,0.0,914.7,2.71147038013795,3,0,28,2,1,0.46,0.3905,0.3591,0.359,0.6528,117
59358000.0,0.0,0.0,0.0,456.6,1.48085838609163,58,1,26,11,9,0.46,0.3905,0.3591,0.359,0.6528,118
11025000.0,0.0,0.0,0.0,128.0,3.94362164227761,16,1,16,6,4,0.46,0.3905,0.3591,0.359,0.6528,124
118000000.0,0.0,0.0,0.0,914.7,2.71147038013795,3,0,28,2,1,0.46,0.3905,0.3591,0.359,0.6528,117
118000000.0,0.0,0.0,0.0,914.7,2.71147038013795,3,0,28,2,1,0.46,0.3905,0.3591,0.359,0.6528,117
30000000.0,0.0,0.0,0.0,265.0,1.48085838609163,58,1,26,11,9,0.46,0.3905,0.3591,0.359,0.6528,118
111000000.0,0.0,0.0,0.0,843.0,0.0118193352597599,26,1,12,7,27,0.46,0.3905,0.3591,0.359,0.6528,123
432116000.0,0.0,0.0,0.0,1831.0,3.94362164227761,16,1,16,6,4,0.46,0.3905,0.3591,0.359,0.6528,124
63307000.0,0.0,0.0,0.0,436.6,1.46849453338305,21,0,25,4,9,0.46,0.3905,0.3591,0.359,0.6528,-1
700000.0,0.0,0.0,0.0,0.0,0.450409906581854,41,2,14,15,23,0.46,0.3905,0.3591,0.359,0.6528,127
35000000.0,0.0,0.0,0.0,165.6,0.0118193352597599,26,1,12,7,27,0.46,0.3905,0.3591,0.359,0.6528,123
336420000.00000006,0.0,0.0,0.0,2403.0,2.71147038013795,3,0,28,2,1,0.46,0.3905,0.3591,0.359,0.6528,117
100000000.0,0.0,0.0,0.0,1000.0,2.71147038013795,3,0,28,2,1,0.46,0.3905,0.3591,0.359,0.6528,117
1410000000.0,0.0,0.0,0.0,2808.0,0.722770186563335,40,6,23,3,15,0.46,0.3905,0.3591,0.359,0.6528,128
144000000.0,0.0,0.0,0.0,800.0,1.04534542808435,23,1,14,8,8,0.46,0.3905,0.3591,0.359,0.6528,119
70740000.0,0.0,0.0,0.0,707.4,2.1480503507855,18,1,15,3,2,0.46,0.3905,0.3591,0.359,0.6528,-1
23000000.000000004,0.0,0.0,0.0,280.0,1.30388647083954,4,0,16,0,7,0.46,0.3905,0.3591,0.359,0.6528,125
23000000.000000004,0.0,0.0,0.0,222.0,1.30388647083954,4,0,16,0,7,0.46,0.3905,0.3591,0.359,0.6528,125
147235000.0,0.0,0.0,0.0,267.7,0.722770186563335,40,6,23,3,15,0.46,0.3905,0.3591,0.359,0.6528,128
18800000.0,0.0,0.0,0.0,338.0,3.94362164227761,16,1,16,6,4,0.46,0.3905,0.3591,0.359,0.6528,124
250000000.0,0.0,0.0,0.0,300.0,1.48085838609163,58,1,26,11,9,0.46,0.3905,0.3591,0.359,0.6528,118
22630000.0,0.0,0.0,0.0,226.3,2.1480503507855,18,1,15,3,2,0.46,0.3905,0.3591,0.359,0.6528,-1
427000000.0,0.0,0.0,0.0,2135.3,1.83949370365703,31,0,20,0,3,0.46,0.3905,0.3591,0.359,0.6528,122
45000000.0,0.0,0.0,0.0,384.0,2.71147038013795,3,0,28,2,1,0.46,0.3905,0.3591,0.359,0.6528,117
14000000.0,0.0,0.0,0.0,145.0,0.0118193352597599,26,1,12,7,27,0.46,0.3905,0.3591,0.359,0.6528,123
136000000.0,0.0,0.0,0.0,800.0,1.04534542808435,23,1,14,8,8,0.46,0.3905,0.3591,0.359,0.6528,119
65000000.0,0.0,0.0,0.0,717.0,3.94362164227761,16,1,16,6,4,0.46,0.3905,0.3591,0.359,0.6528,124
69000000.0,0.0,0.0,0.0,460.0,0.0118193352597599,26,1,12,7,27,0.46,0.3905,0.3591,0.359,0.6528,123
1410000000.0,0.0,0.0,0.0,2808.0,0.722770186563335,40,6,23,3,15,0.46,0.3905,0.3591,0.359,0.6528,128
59358000.0,0.0,0.0,0.0,456.6,1.48085838609163,58,1,26,11,9,0.46,0.3905,0.3591,0.359,0.6528,118
95040000.0,0.0,0.0,0.0,432.0,0.25149080030171,50,1,22,14,4,0.46,0.3905,0.3591,0.359,0.6528,120
120000000.0,0.0,0.0,0.0,632.1,1.04534542808435,23,1,14,8,8,0.46,0.3905,0.3591,0.359,0.6528,119
55000000.0,0.0,0.0,0.0,320.0,1.04534542808435,23,1,14,8,8,0.46,0.3905,0.3591,0.359,0.6528,119
13500000.0,0.0,0.0,0.0,207.0,3.94362164227761,16,1,16,6,4,0.46,0.3905,0.3591,0.359,0.6528,124
17080146.0,0.0,0.0,0.0,162.0,1.48085838609163,58,1,26,11,9,0.46,0.3905,0.3591,0.359,0.6528,118
85000000.0,0.0,0.0,0.0,410.0,0.210959556313026,54,4,38,3,11,0.46,0.3905,0.3591,0.359,0.6528,126
99337000.0,0.0,0.0,0.0,431.9,1.83949370365703,31,0,20,0,3,0.46,0.3905,0.3591,0.359,0.6528,122
70000000.0,0.0,0.0,0.0,620.0,1.46849453338305,21,0,25,4,9,0.46,0.3905,0.3591,0.359,0.6528,-1
345000000.0,0.0,0.0,0.0,1146.2,1.83949370365703,31,0,20,0,3,0.46,0.3905,0.3591,0.359,0.6528,122
22000000.0,0.0,0.0,0.0,180.0,1.48085838609163,58,1,26,11,9,0.46,0.3905,0.3591,0.359,0.6528,118
700000000.0,0.0,0.0,0.0,3179.0,3.94362164227761,16,1,16,6,4,0.46,0.3905,0.3591,0.359,0.6528,124
24000000.0,0.0,0.0,0.0,201.8,1.48085838609163,58,1,26,11,9,0.46,0.3905,0.3591,0.359,0.6528,118
881100000.0,0.0,0.0,0.0,2937.0,0.0118193352597599,26,1,12,7,27,0.46,0.3905,0.3591,0.359,0.6528,123
138000000.0,0.0,0.0,0.0,1093.0,0.0118193352597599,26,1,12,7,27,0.46,0.3905,0.3591,0.359,0.6528,123
108870000.0,0.0,0.0,0.0,725.7999999999998,0.210959556313026,54,4,38,3,11,0.46,0.3905,0.3591,0.359,0.6528,126
72000000.0,0.0,0.0,0.0,340.0,0.25149080030171,50,1,22,14,4,0.46,0.3905,0.3591,0.359,0.6528,120
75000000.0,0.0,0.0,0.0,172.68,1.04534542808435,23,1,14,8,8,0.46,0.3905,0.3591,0.359,0.6528,119
1410000000.0,0.0,0.0,0.0,2808.0,0.722770186563335,40,6,23,3,15,0.46,0.3905,0.3591,0.359,0.6528,128
126000000.0,0.0,0.0,0.0,700.0,7.532880960218,9,3,11,0,17,0.46,0.3905,0.3591,0.359,0.6528,121
17000000.0,0.0,0.0,0.0,250.0,0.210959556313026,54,4,38,3,11,0.46,0.3905,0.3591,0.359,0.6528,126
36000000.0,0.0,0.0,0.0,301.0,1.22429885435815,35,5,36,5,7,0.46,0.3905,0.3591,0.359,0.6528,-1
636630000.0,0.0,0.0,0.0,2122.1,7.532880960218,9,3,11,0,17,0.46,0.3905,0.3591,0.359,0.6528,121
3200000.0,0.0,0.0,0.0,50.0,1.30388647083954,4,0,16,0,7,0.46,0.3905,0.3591,0.359,0.6528,125
3200000.0,0.0,0.0,0.0,53.0,1.30388647083954,4,0,16,0,7,0.46,0.3905,0.3591,0.359,0.6528,125
40000000.0,0.0,0.0,0.0,312.4,1.48085838609163,58,1,26,11,9,0.46,0.3905,0.3591,0.359,0.6528,118
135641000.0,0.0,0.0,0.0,1987.9,2.1480503507855,18,1,15,3,2,0.46,0.3905,0.3591,0.359,0.6528,-1
396000000.0,0.0,0.0,0.0,1980.0,1.83949370365703,31,0,20,0,3,0.46,0.3905,0.3591,0.359,0.6528,122
160000000.0,0.0,0.0,0.0,1122.0,0.316468875518794,52,4,36,3,15,0.46,0.3905,0.3591,0.359,0.6528,-1
455000000.0,0.0,0.0,0.0,6470.0,3.92643548104548,16,1,18,6,4,0.46,0.3905,0.3591,0.359,0.6528,124
61939500.0,0.0,0.0,0.0,589.9,0.450409906581854,41,2,14,15,23,0.46,0.3905,0.3591,0.359,0.6528,127
95760000.0,0.0,0.0,0.0,319.2,1.04534542808435,23,1,14,8,8,0.46,0.3905,0.3591,0.359,0.6528,119
59300000.0,0.0,0.0,0.0,456.6,1.48085838609163,58,1,26,11,9,0.46,0.3905,0.3591,0.359,0.6528,118
2000000000.0,0.0,0.0,0.0,8000.0,0.806933224034408,41,3,13,2,4,0.46,0.3905,0.3591,0.359,0.6528,-1
135000000.0,0.0,0.0,0.0,1400.0,0.0118193352597599,26,1,12,7,27,0.46,0.3905,0.3591,0.359,0.6528,123
640000000.0,0.0,0.0,0.0,2281.0,1.48085838609163,58,1,26,11,9,0.46,0.3905,0.3591,0.359,0.6528,118
1400000000.0,0.0,0.0,0.0,3838.0,0.899016721106436,30,1,9,10,17,0.46,0.3905,0.3591,0.359,0.6528,-1
712200000.0,0.0,0.0,0.0,3561.0,1.04534542808435,23,1,14,8,8,0.46,0.3905,0.3591,0.359,0.6528,119
1410000000.0,0.0,0.0,0.0,2808.0,0.722770186563335,40,6,23,3,15,0.46,0.3905,0.3591,0.359,0.6528,128
1410000000.0,0.0,0.0,0.0,2808.0,0.722770186563335,40,6,23,3,15,0.46,0.3905,0.3591,0.359,0.6528,128
100000000.0,0.0,0.0,0.0,350.0,3.94362164227761,16,1,16,6,4,0.46,0.3905,0.3591,0.359,0.6528,124
56500000.0,0.0,0.0,0.0,313.13,1.48085838609163,58,1,26,11,9,0.46,0.3905,0.3591,0.359,0.6528,118
250000000.0,0.0,0.0,0.0,1030.0,1.30388647083954,4,0,16,0,7,0.46,0.3905,0.3591,0.359,0.6528,125
126000000.0,0.0,0.0,0.0,700.0,7.532880960218,9,3,11,0,17,0.46,0.3905,0.3591,0.359,0.6528,121
126000000.0,0.0,0.0,0.0,700.0,7.532880960218,9,3,11,0,17,0.46,0.3905,0.3591,0.359,0.6528,121
126000000.0,0.0,0.0,0.0,700.0,1.83949370365703,31,0,20,0,3,0.46,0.3905,0.3591,0.359,0.6528,122
150540000.0,0.0,0.0,0.0,2316.0,2.71147038013795,3,0,28,2,1,0.46,0.3905,0.3591,0.359,0.6528,117
19000000.000000004,0.0,0.0,0.0,150.0,7.532880960218,9,3,11,0,17,0.46,0.3905,0.3591,0.359,0.6528,121
7500000.0,0.0,0.0,0.0,63.0,0.25149080030171,50,1,22,14,4,0.46,0.3905,0.3591,0.359,0.6528,120
108870000.0,0.0,0.0,0.0,725.7999999999998,0.210959556313026,54,4,38,3,11,0.46,0.3905,0.3591,0.359,0.6528,126
405000000.0,0.0,0.0,0.0,1440.0,0.0118193352597599,26,1,12,7,27,0.46,0.3905,0.3591,0.359,0.6528,123
126000000.0,0.0,0.0,0.0,700.0,7.532880960218,9,3,11,0,17,0.46,0.3905,0.3591,0.359,0.6528,121
70000000.0,0.0,0.0,0.0,577.0,1.93775793588487,30,0,23,5,6,0.46,0.3905,0.3591,0.359,0.6528,-1
636560000.0,0.0,0.0,0.0,1744.0,0.0118193352597599,26,1,12,7,27,0.46,0.3905,0.3591,0.359,0.6528,123
92750000.0,0.0,0.0,0.0,371.0,0.0118193352597599,26,1,12,7,27,0.46,0.3905,0.3591,0.359,0.6528,123
339539200.0,0.0,0.0,0.0,1061.06,0.450409906581854,41,2,14,15,23,0.46,0.3905,0.3591,0.359,0.6528,127
26000000.0,0.0,0.0,0.0,265.0,1.48085838609163,58,1,26,11,9,0.46,0.3905,0.3591,0.359,0.6528,118
61939500.0,0.0,0.0,0.0,589.9,0.450409906581854,41,2,14,15,23,0.46,0.3905,0.3591,0.359,0.6528,127
24150000.0,0.0,0.0,0.0,105.0,7.532880960218,9,3,11,0,17,0.46,0.3905,0.3591,0.359,0.6528,121
107000000.0,0.0,0.0,0.0,432.0,0.25149080030171,50,1,22,14,4,0.46,0.3905,0.3591,0.359,0.6528,120
23000000.000000004,0.0,0.0,0.0,231.0,2.71147038013795,3,0,28,2,1,0.46,0.3905,0.3591,0.359,0.6528,117
185000000.0,0.0,0.0,0.0,578.2,0.0118193352597599,26,1,12,7,27,0.46,0.3905,0.3591,0.359,0.6528,123
111000000.0,0.0,0.0,0.0,843.0,0.0118193352597599,26,1,12,7,27,0.46,0.3905,0.3591,0.359,0.6528,123
89131000.0,0.0,0.0,0.0,524.3,2.71147038013795,3,0,28,2,1,0.46,0.3905,0.3591,0.359,0.6528,117
240000000.0,0.0,0.0,0.0,800.0,0.0118193352597599,26,1,12,7,27,0.46,0.3905,0.3591,0.359,0.6528,123
480000000.0,0.0,0.0,0.0,1189.0,0.0118193352597599,26,1,12,7,27,0.46,0.3905,0.3591,0.359,0.6528,123
280000000.0,0.0,0.0,0.0,937.5,0.0118193352597599,26,1,12,7,27,0.46,0.3905,0.3591,0.359,0.6528,123
108720000.0,0.0,0.0,0.0,1208.0,0.210959556313026,54,4,38,3,11,0.46,0.3905,0.3591,0.359,0.6528,126
27300000.0,0.0,0.0,0.0,265.0,1.48085838609163,58,1,26,11,9,0.46,0.3905,0.3591,0.359,0.6528,118
944968000.0,0.0,0.0,0.0,2937.4,0.0118193352597599,26,1,12,7,27,0.46,0.3905,0.3591,0.359,0.6528,123
38250000.0,0.0,0.0,0.0,450.0,3.94362164227761,16,1,16,6,4,0.46,0.3905,0.3591,0.359,0.6528,124
8000000.0,0.0,0.0,0.0,89.0,7.532880960218,9,3,11,0,17,0.46,0.3905,0.3591,0.359,0.6528,121
460650000.0,0.0,0.0,0.0,3071.0,3.94362164227761,16,1,16,6,4,0.46,0.3905,0.3591,0.359,0.6528,124
14000000.0,0.0,0.0,0.0,229.0,1.48085838609163,58,1,26,11,9,0.46,0.3905,0.3591,0.359,0.6528,118
73500000.0,0.0,0.0,0.0,300.0,1.48085838609163,58,1,26,11,9,0.46,0.3905,0.3591,0.359,0.6528,118
1410000000.0,0.0,0.0,0.0,2808.0,0.722770186563335,40,6,23,3,15,0.46,0.3905,0.3591,0.359,0.6528,128
650000000.0,0.0,0.0,0.0,2140.0,0.0118193352597599,26,1,12,7,27,0.46,0.3905,0.3591,0.359,0.6528,123
242000000.0,0.0,0.0,0.0,1769.0,0.0118193352597599,26,1,12,7,27,0.46,0.3905,0.3591,0.359,0.6528,123
70000000.0,0.0,0.0,0.0,577.1,3.94362164227761,16,1,16,6,4,0.46,0.3905,0.3591,0.359,0.6528,124
11299999.999999998,0.0,0.0,0.0,174.0,0.25149080030171,50,1,22,14,4,0.46,0.3905,0.3591,0.359,0.6528,120
65000000.0,0.0,0.0,0.0,577.1,3.94362164227761,16,1,16,6,4,0.46,0.3905,0.3591,0.359,0.6528,124
550000000.0,0.0,0.0,0.0,3179.0,3.94362164227761,16,1,16,6,4,0.46,0.3905,0.3591,0.359,0.6528,124
400000000.0,0.0,0.0,0.0,918.8,0.0118193352597599,26,1,12,7,27,0.46,0.3905,0.3591,0.359,0.6528,123
1410000000.0,0.0,0.0,0.0,2808.0,0.210959556313026,54,4,38,3,11,0.46,0.3905,0.3591,0.359,0.6528,126
162000000.0,0.0,0.0,0.0,810.0,1.83949370365703,31,0,20,0,3,0.46,0.3905,0.3591,0.359,0.6528,122
53000000.0,0.0,0.0,0.0,216.0,0.25149080030171,50,1,22,14,4,0.46,0.3905,0.3591,0.359,0.6528,120
173100000.0,0.0,0.0,0.0,577.0,0.0118193352597599,26,1,12,7,27,0.46,0.3905,0.3591,0.359,0.6528,123
70000000.0,0.0,0.0,0.0,577.1,3.94362164227761,16,1,16,6,4,0.46,0.3905,0.3591,0.359,0.6528,124
100980000.0,0.0,0.0,0.0,748.0,0.745851633191693,33,1,9,3,16,0.46,0.3905,0.3591,0.359,0.6528,-1
25000000.0,0.0,0.0,0.0,295.9,0.210959556313026,54,4,38,3,11,0.46,0.3905,0.3591,0.359,0.6528,126
39000000.0,0.0,0.0,0.0,305.0,1.04534542808435,23,1,14,8,8,0.46,0.3905,0.3591,0.359,0.6528,119
95580000.0,0.0,0.0,0.0,531.0,2.71147038013795,3,0,28,2,1,0.46,0.3905,0.3591,0.359,0.6528,117
220000000.0,0.0,0.0,0.0,1084.0,0.412095738654931,26,1,9,3,28,0.46,0.3905,0.3591,0.359,0.6528,-1
28000000.0,0.0,0.0,0.0,185.0,0.0118193352597599,26,1,12,7,27,0.46,0.3905,0.3591,0.359,0.6528,123
150000000.0,0.0,0.0,0.0,1200.0,1.83949370365703,31,0,20,0,3,0.46,0.3905,0.3591,0.359,0.6528,122
1404000000.0,0.0,0.0,0.0,2808.0,0.722770186563335,40,6,23,3,15,0.46,0.3905,0.3591,0.359,0.6528,128
27000000.000000004,0.0,0.0,0.0,230.0,1.30388647083954,4,0,16,0,7,0.46,0.3905,0.3591,0.359,0.6528,125
110000000.0,0.0,0.0,0.0,740.0,0.210959556313026,54,4,38,3,11,0.46,0.3905,0.3591,0.359,0.6528,126
100000000.0,0.0,0.0,0.0,501.0,0.0118193352597599,26,1,12,7,27,0.46,0.3905,0.3591,0.359,0.6528,123
410000000.0,0.0,0.0,0.0,1191.0,0.0118193352597599,26,1,12,7,27,0.46,0.3905,0.3591,0.359,0.6528,123
101136000.0,0.0,0.0,0.0,241.0,0.742420373859293,34,4,11,2,15,0.46,0.3905,0.3591,0.359,0.6528,-1
48000000.0,0.0,0.0,0.0,203.0,1.30388647083954,4,0,16,0,7,0.46,0.3905,0.3591,0.359,0.6528,125
252768000.0,0.0,0.0,0.0,789.8999999999999,0.0118193352597599,26,1,12,7,27,0.46,0.3905,0.3591,0.359,0.6528,123
13965000.0,0.0,0.0,0.0,285.0,2.71147038013795,3,0,28,2,1,0.46,0.3905,0.3591,0.359,0.6528,117
45000000.0,0.0,0.0,0.0,180.0,1.48085838609163,58,1,26,11,9,0.46,0.3905,0.3591,0.359,0.6528,118
700000000.0,0.0,0.0,0.0,3179.0,3.94362164227761,16,1,16,6,4,0.46,0.3905,0.3591,0.359,0.6528,124
25500000.0,0.0,0.0,0.0,254.0,0.25149080030171,50,1,22,14,4,0.46,0.3905,0.3591,0.359,0.6528,120
59358000.0,0.0,0.0,0.0,456.6,1.48085838609163,58,1,26,11,9,0.46,0.3905,0.3591,0.359,0.6528,118
41999999.99999999,0.0,0.0,0.0,354.0,2.71147038013795,3,0,28,2,1,0.46,0.3905,0.3591,0.359,0.6528,117
28000000.0,0.0,0.0,0.0,265.0,1.48085838609163,58,1,26,11,9,0.46,0.3905,0.3591,0.359,0.6528,118
95040000.0,0.0,0.0,0.0,432.0,0.25149080030171,50,1,22,14,4,0.46,0.3905,0.3591,0.359,0.6528,120
636630000.0,0.0,0.0,0.0,2122.1,1.48085838609163,58,1,26,11,9,0.46,0.3905,0.3591,0.359,0.6528,118
30375000.0,0.0,0.0,0.0,202.5,0.0118193352597599,26,1,12,7,27,0.46,0.3905,0.3591,0.359,0.6528,123
73000000.0,0.0,0.0,0.0,600.0,0.450409906581854,41,2,14,15,23,0.46,0.3905,0.3591,0.359,0.6528,127
34000000.0,0.0,0.0,0.0,343.2,1.48085838609163,58,1,26,11,9,0.46,0.3905,0.3591,0.359,0.6528,118
1410000000.0,0.0,0.0,0.0,2808.0,0.722770186563335,40,6,23,3,15,0.46,0.3905,0.3591,0.359,0.6528,128
72000000.0,0.0,0.0,0.0,400.0,0.25149080030171,50,1,22,14,4,0.46,0.3905,0.3591,0.359,0.6528,120
500000000.0,0.0,0.0,0.0,3179.0,7.532880960218,9,3,11,0,17,0.46,0.3905,0.3591,0.359,0.6528,121
150000000.0,0.0,0.0,0.0,600.0,1.48085838609163,58,1,26,11,9,0.46,0.3905,0.3591,0.359,0.6528,118
861000000.0,0.0,0.0,0.0,4100.0,1.04534542808435,23,1,14,8,8,0.46,0.3905,0.3591,0.359,0.6528,119
27000000.000000004,0.0,0.0,0.0,152.0,0.0118193352597599,26,1,12,7,27,0.46,0.3905,0.3591,0.359,0.6528,123
530000000.0,0.0,0.0,0.0,3179.0,3.94362164227761,16,1,16,6,4,0.46,0.3905,0.3591,0.359,0.6528,124
461130000.0,0.0,0.0,0.0,2427.0,0.25149080030171,50,1,22,14,4,0.46,0.3905,0.3591,0.359,0.6528,120
173100000.0,0.0,0.0,0.0,577.0,0.0118193352597599,26,1,12,7,27,0.46,0.3905,0.3591,0.359,0.6528,123
98880000.0,0.0,0.0,0.0,687.1,3.94362164227761,16,1,16,6,4,0.46,0.3905,0.3591,0.359,0.6528,124
27500000.0,0.0,0.0,0.0,284.0,2.71147038013795,3,0,28,2,1,0.46,0.3905,0.3591,0.359,0.6528,117
18000000.0,0.0,0.0,0.0,261.0,0.272463372446014,50,1,20,13,3,0.46,0.3905,0.3591,0.359,0.6528,-1
12000000.0,0.0,0.0,0.0,150.0,1.48085838609163,58,1,26,11,9,0.46,0.3905,0.3591,0.359,0.6528,118
186200000.0,0.0,0.0,0.0,532.0,0.0118193352597599,26,1,12,7,27,0.46,0.3905,0.3591,0.359,0.6528,123
28000000.0,0.0,0.0,0.0,220.0,1.30388647083954,4,0,16,0,7,0.46,0.3905,0.3591,0.359,0.6528,125
64800000.0,0.0,0.0,0.0,405.0,0.611580383543444,29,0,22,9,12,0.46,0.3905,0.3591,0.359,0.6528,-1
79645000.0,0.0,0.0,0.0,524.3,2.71147038013795,3,0,28,2,1,0.46,0.3905,0.3591,0.359,0.6528,117
140800000.0,0.0,0.0,0.0,1600.0,3.94362164227761,16,1,16,6,4,0.46,0.3905,0.3591,0.359,0.6528,124
24000000.0,0.0,0.0,0.0,345.0,3.94362164227761,16,1,16,6,4,0.46,0.3905,0.3591,0.359,0.6528,124
422400000.0,0.0,0.0,0.0,1320.0,0.412095738654931,26,1,9,3,28,0.46,0.3905,0.3591,0.359,0.6528,-1
220549500.0,0.0,0.0,0.0,1423.0,3.94362164227761,16,1,16,6,4,0.46,0.3905,0.3591,0.359,0.6528,124
340000000.0,0.0,0.0,0.0,850.0,6.83282946009906,14,3,10,1,15,0.0141,0.2089,0.0335,0.0034,0.0981,129
357500000.0,0.0,0.0,0.0,715.0,6.83282946009906,14,3,10,1,15,0.0141,0.2089,0.0335,0.0034,0.0981,129
357000000.0,0.0,0.0,0.0,715.0,6.83282946009906,14,3,10,1,15,0.0141,0.2089,0.0335,0.0034,0.0981,129
337000000.0,0.0,0.0,0.0,842.0,6.83282946009906,14,3,10,1,15,0.0141,0.2089,0.0335,0.0034,0.0981,129
13671000.0,0.0,0.0,0.0,441.0,11.4421291736765,0,0,8,0,2,0.0942,0.22,0.0278,0.0071,0.3522,71
120000000.0,0.0,0.0,0.0,1000.0,7.44065969626064,0,0,3,0,0,0.0942,0.22,0.0278,0.0071,0.3522,-1
135000000.0,0.0,0.0,0.0,1000.0,7.97305438593835,5,0,10,2,0,0.0942,0.22,0.0278,0.0071,0.3522,130
19000000.000000004,0.0,0.0,0.0,405.0,9.09658498203312,2,1,26,2,3,0.0942,0.22,0.0278,0.0071,0.3522,131
5249999.999999999,0.0,0.0,0.0,150.0,9.17435008637456,7,0,13,5,4,0.0942,0.22,0.0278,0.0071,0.3522,132
18000000.0,0.0,0.0,0.0,445.0,9.56418860134111,1,0,11,1,0,0.0942,0.22,0.0278,0.0071,0.3522,-1
49999999.99999999,0.0,0.0,0.0,588.0,8.83535435401129,4,1,18,6,4,0.0942,0.22,0.0278,0.0071,0.3522,133
5249999.999999999,0.0,0.0,0.0,150.0,9.17435008637456,7,0,13,5,4,0.0942,0.22,0.0278,0.0071,0.3522,132
12000000.0,0.0,0.0,0.0,155.0,8.83535435401129,4,1,18,6,4,0.0942,0.22,0.0278,0.0071,0.3522,133
13671000.0,0.0,0.0,0.0,441.0,11.4421291736765,0,0,8,0,2,0.0942,0.22,0.0278,0.0071,0.3522,71
1.0,0.0,0.0,0.0,13359.0,11.3430031734497,0,1,25,0,2,0.0942,0.22,0.0278,0.0071,0.3522,-1
49999999.99999999,0.0,0.0,0.0,588.0,8.83535435401129,4,1,18,6,4,0.0942,0.22,0.0278,0.0071,0.3522,133
5249999.999999999,0.0,0.0,0.0,150.0,9.17435008637456,7,0,13,5,4,0.0942,0.22,0.0278,0.0071,0.3522,132
75990000.0,0.0,0.0,0.0,1519.8,10.529245823771,1,2,33,2,8,0.0942,0.22,0.0278,0.0071,0.3522,134
9302400.0,0.0,0.0,0.0,204.0,7.97305438593835,5,0,10,2,0,0.0942,0.22,0.0278,0.0071,0.3522,130
6000000.0,0.0,0.0,0.0,239.0,9.17435008637456,7,0,13,5,4,0.0942,0.22,0.0278,0.0071,0.3522,132
49999999.99999999,0.0,0.0,0.0,588.0,8.83535435401129,4,1,18,6,4,0.0942,0.22,0.0278,0.0071,0.3522,133
494290400.00000006,0.0,0.0,0.0,13359.2,11.4421291736765,0,0,8,0,2,0.0942,0.22,0.0278,0.0071,0.3522,71
38400000.0,0.0,0.0,0.0,480.0,7.18688019587344,13,2,6,6,5,0.0942,0.22,0.0278,0.0071,0.3522,135
9690000.0,0.0,0.0,0.0,204.0,9.17435008637456,7,0,13,5,4,0.0942,0.22,0.0278,0.0071,0.3522,132
9690000.0,0.0,0.0,0.0,204.0,7.97305438593835,5,0,10,2,0,0.0942,0.22,0.0278,0.0071,0.3522,130
2261000.0,0.0,0.0,0.0,133.0,9.91321645293529,2,0,15,3,5,0.0942,0.22,0.0278,0.0071,0.3522,-1
9384000.0,0.0,0.0,0.0,204.0,9.17435008637456,7,0,13,5,4,0.0942,0.22,0.0278,0.0071,0.3522,132
3310000.0,0.0,0.0,0.0,50.0,11.4421291736765,0,0,8,0,2,0.0942,0.22,0.0278,0.0071,0.3522,71
25008000.0,0.0,0.0,0.0,521.0,7.97305438593835,5,0,10,2,0,0.0942,0.22,0.0278,0.0071,0.3522,130
2490000.0,0.0,0.0,0.0,70.0,11.4421291736765,0,0,8,0,2,0.0942,0.22,0.0278,0.0071,0.3522,71
120000000.0,0.0,0.0,0.0,1600.0,7.97305438593835,5,0,10,2,0,0.0942,0.22,0.0278,0.0071,0.3522,130
452900000.00000006,0.0,0.0,0.0,9058.0,11.4421291736765,0,0,8,0,2,0.0942,0.22,0.0278,0.0071,0.3522,71
12000000.0,0.0,0.0,0.0,155.0,8.83535435401129,4,1,18,6,4,0.0942,0.22,0.0278,0.0071,0.3522,133
9792000.0,0.0,0.0,0.0,204.0,7.97305438593835,5,0,10,2,0,0.0942,0.22,0.0278,0.0071,0.3522,130
15000000.0,0.0,0.0,0.0,335.0,9.09658498203312,2,1,26,2,3,0.0942,0.22,0.0278,0.0071,0.3522,131
45000000.0,0.0,0.0,0.0,487.0,7.01073649756982,13,2,13,0,8,0.0942,0.22,0.0278,0.0071,0.3522,-1
100000000.0,0.0,0.0,0.0,1500.0,8.60238151182586,6,1,14,5,2,0.0942,0.22,0.0278,0.0071,0.3522,-1
49000000.0,0.0,0.0,0.0,700.0,7.18688019587344,13,2,6,6,5,0.0942,0.22,0.0278,0.0071,0.3522,135
108000000.0,0.0,0.0,0.0,1830.0,8.60238151182586,6,1,14,5,2,0.0942,0.22,0.0278,0.0071,0.3522,-1
25000000.0,0.0,0.0,0.0,700.0,9.87166378406684,2,0,10,1,5,0.0942,0.22,0.0278,0.0071,0.3522,-1
25000000.0,0.0,0.0,0.0,430.0,9.56418860134111,1,0,11,1,0,0.0942,0.22,0.0278,0.0071,0.3522,-1
22000000.0,0.0,0.0,0.0,292.0,9.56418860134111,1,0,11,1,0,0.0942,0.22,0.0278,0.0071,0.3522,-1
134490000.0,0.0,0.0,0.0,164.0,7.01073649756982,13,2,13,0,8,0.0942,0.22,0.0278,0.0071,0.3522,-1
30000000.0,0.0,0.0,0.0,370.0,9.09658498203312,2,1,26,2,3,0.0942,0.22,0.0278,0.0071,0.3522,131
18000000.0,0.0,0.0,0.0,290.0,7.18688019587344,13,2,6,6,5,0.0942,0.22,0.0278,0.0071,0.3522,135
6000000.0,0.0,0.0,0.0,450.0,7.89548280545321,0,0,7,0,1,0.0942,0.22,0.0278,0.0071,0.3522,71
7704000.0,0.0,0.0,0.0,294.0,8.6553666436619,6,0,10,3,2,0.0942,0.22,0.0278,0.0071,0.3522,-1
45645000.0,0.0,0.0,0.0,537.0,10.7947820570279,0,1,26,1,2,0.0942,0.22,0.0278,0.0071,0.3522,136
26945000.0,0.0,0.0,0.0,317.0,10.7947820570279,0,1,26,1,2,0.0942,0.22,0.0278,0.0071,0.3522,136
550000000.0,0.0,0.0,0.0,9058.3,11.4421291736765,0,0,8,0,2,0.0942,0.22,0.0278,0.0071,0.3522,71
15000000.0,0.0,0.0,0.0,335.0,9.09658498203312,2,1,26,2,3,0.0942,0.22,0.0278,0.0071,0.3522,131
25000000.0,0.0,0.0,0.0,430.0,7.27628115488767,11,2,6,6,4,0.0942,0.22,0.0278,0.0071,0.3522,135
40040000.0,0.0,0.0,0.0,1144.0,10.7947820570279,0,1,26,1,2,0.0942,0.22,0.0278,0.0071,0.3522,136
40040000.0,0.0,0.0,0.0,1144.0,10.7947820570279,0,1,26,1,2,0.0942,0.22,0.0278,0.0071,0.3522,136
3030000.0,0.0,0.0,0.0,66.0,9.17435008637456,7,0,13,5,4,0.0942,0.22,0.0278,0.0071,0.3522,132
9600000.0,0.0,0.0,0.0,240.0,8.83535435401129,4,1,18,6,4,0.0942,0.22,0.0278,0.0071,0.3522,133
15000000.0,0.0,0.0,0.0,390.67,7.18688019587344,13,2,6,6,5,0.0942,0.22,0.0278,0.0071,0.3522,135
9108600.0,0.0,0.0,0.0,204.0,7.71102369867782,2,0,4,1,0,0.0942,0.22,0.0278,0.0071,0.3522,-1
30000000.0,0.0,0.0,0.0,400.0,10.529245823771,1,2,33,2,8,0.0942,0.22,0.0278,0.0071,0.3522,134
130000000.0,0.0,0.0,0.0,1540.0,7.97305438593835,5,0,10,2,0,0.0942,0.22,0.0278,0.0071,0.3522,130
485940000.0,0.0,0.0,0.0,8099.0,10.529245823771,1,2,33,2,8,0.0942,0.22,0.0278,0.0071,0.3522,134
180000000.0,0.0,0.0,0.0,3000.0,10.529245823771,1,2,33,2,8,0.0942,0.22,0.0278,0.0071,0.3522,134
15000000.0,0.0,0.0,0.0,390.67,7.18688019587344,13,2,6,6,5,0.0942,0.22,0.0278,0.0071,0.3522,135
190000.0,0.0,0.0,0.0,5.0,7.38009386733326,9,1,9,0,4,0.0942,0.22,0.0278,0.0071,0.3522,-1
6960000.0,0.0,0.0,0.0,240.0,9.91321645293529,2,0,15,3,5,0.0942,0.22,0.0278,0.0071,0.3522,-1
13000000.0,0.0,0.0,0.0,451.0,8.83535435401129,4,1,18,6,4,0.0942,0.22,0.0278,0.0071,0.3522,133
13252500.0,0.0,0.0,0.0,465.0,11.4421291736765,0,0,8,0,2,0.0942,0.22,0.0278,0.0071,0.3522,71
48000000.0,0.0,0.0,0.0,700.0,8.83535435401129,4,1,18,6,4,0.0942,0.22,0.0278,0.0071,0.3522,133
7000000.0,0.0,0.0,0.0,300.0,9.17435008637456,7,0,13,5,4,0.0942,0.22,0.0278,0.0071,0.3522,132
6324000.0,0.0,0.0,0.0,204.0,9.17435008637456,7,0,13,5,4,0.0942,0.22,0.0278,0.0071,0.3522,132
12000000.0,0.0,0.0,0.0,240.0,7.17043061143303,10,2,9,0,7,0.0942,0.22,0.0278,0.0071,0.3522,-1
340000000.0,0.0,0.0,0.0,8500.0,11.4421291736765,0,0,8,0,2,0.0942,0.22,0.0278,0.0071,0.3522,71
600000000.0,0.0,0.0,0.0,9058.330000000002,11.4421291736765,0,0,8,0,2,0.0942,0.22,0.0278,0.0071,0.3522,71
9480000.0,0.0,0.0,0.0,275.0,9.17435008637456,7,0,13,5,4,0.0942,0.22,0.0278,0.0071,0.3522,132
12499999.999999998,0.0,0.0,0.0,442.0,11.4421291736765,0,0,8,0,2,0.0942,0.22,0.0278,0.0071,0.3522,71
108000000.0,0.0,0.0,0.0,1830.0,10.7947820570279,0,1,26,1,2,0.0942,0.22,0.0278,0.0071,0.3522,136
120000000.0,0.0,0.0,0.0,1200.0,7.01073649756982,13,2,13,0,8,0.0942,0.22,0.0278,0.0071,0.3522,-1
350000000.0,0.0,0.0,0.0,10000.0,8.60238151182586,6,1,14,5,2,0.0942,0.22,0.0278,0.0071,0.3522,-1
6425999.999999999,0.0,0.0,0.0,204.0,9.17435008637456,7,0,13,5,4,0.0942,0.22,0.0278,0.0071,0.3522,132
6500000.0,0.0,0.0,0.0,239.0,9.17435008637456,7,0,13,5,4,0.0942,0.22,0.0278,0.0071,0.3522,132
6630000.000000001,0.0,0.0,0.0,204.0,10.529245823771,1,2,33,2,8,0.0942,0.22,0.0278,0.0071,0.3522,134
9324000.0,0.0,0.0,0.0,252.0,10.7947820570279,0,1,26,1,2,0.0942,0.22,0.0278,0.0071,0.3522,136
5500000.0,0.0,0.0,0.0,150.0,9.17435008637456,7,0,13,5,4,0.0942,0.22,0.0278,0.0071,0.3522,132
7110000.000000001,0.0,0.0,0.0,237.0,10.529245823771,1,2,33,2,8,0.0942,0.22,0.0278,0.0071,0.3522,134
14000000.0,0.0,0.0,0.0,430.0,7.18688019587344,13,2,6,6,5,0.0942,0.22,0.0278,0.0071,0.3522,135
167040000.0,0.0,0.0,0.0,1392.0,9.09658498203312,2,1,26,2,3,0.0942,0.22,0.0278,0.0071,0.3522,131
6960000.0,0.0,0.0,0.0,240.0,10.7947820570279,0,1,26,1,2,0.0942,0.22,0.0278,0.0071,0.3522,136
7710000.000000002,0.0,0.0,0.0,257.0,10.529245823771,1,2,33,2,8,0.0942,0.22,0.0278,0.0071,0.3522,134
27000000.000000004,0.0,0.0,0.0,300.0,7.97305438593835,5,0,10,2,0,0.9248,0.5111,0.4807,0.188,1.2403,-1
14579999.999999998,0.0,0.0,0.0,324.0,5.27924508091193,20,1,8,0,1,0.7071,0.2952,0.3623,0.0081,0.3482,137
192000000.0,0.0,0.0,0.0,2400.0,5.27924508091193,20,1,8,0,1,0.7071,0.2952,0.3623,0.0081,0.3482,137
415626000.0,0.0,0.0,0.0,2614.0,0.401431620103655,21,0,3,0,6,0.7071,0.2952,0.3623,0.0081,0.3482,138
550000000.0,0.0,0.0,0.0,12832.8,4.77664210505966,7,1,7,0,6,0.7071,0.2952,0.3623,0.0081,0.3482,139
13000000.0,0.0,0.0,0.0,299.0,5.27924508091193,20,1,8,0,1,0.7071,0.2952,0.3623,0.0081,0.3482,137
200000000.0,0.0,0.0,0.0,864.0,0.401431620103655,21,0,3,0,6,0.7071,0.2952,0.3623,0.0081,0.3482,138
13760000.0,0.0,0.0,0.0,320.0,5.27924508091193,20,1,8,0,1,0.7071,0.2952,0.3623,0.0081,0.3482,137
15875999.999999998,0.0,0.0,0.0,378.0,5.27924508091193,20,1,8,0,1,0.7071,0.2952,0.3623,0.0081,0.3482,137
15875999.999999998,0.0,0.0,0.0,378.0,5.27924508091193,20,1,8,0,1,0.7071,0.2952,0.3623,0.0081,0.3482,137
21500000.0,0.0,0.0,0.0,429.0,5.27924508091193,20,1,8,0,1,0.7071,0.2952,0.3623,0.0081,0.3482,137
882480000.0,0.0,0.0,0.0,11031.0,4.32395671285689,5,0,11,1,3,0.0141,0.2089,0.0335,0.0034,0.0981,140
250000000.0,0.0,0.0,0.0,1000.0,0.401431620103655,21,0,3,0,6,0.7071,0.2952,0.3623,0.0081,0.3482,138
3120000000.0,0.0,0.0,0.0,24000.0,5.93604242475582,1,0,2,0,1,0.7071,0.2952,0.3623,0.0081,0.3482,141
80000000.0,0.0,0.0,0.0,800.0,5.27924508091193,20,1,8,0,1,0.7071,0.2952,0.3623,0.0081,0.3482,137
90000000.0,0.0,0.0,0.0,1284.0,3.37651810060664,0,0,4,1,0,0.7071,0.2952,0.3623,0.0081,0.3482,142
1610000000.0,0.0,0.0,0.0,23000.0,5.93604242475582,1,0,2,0,1,0.7071,0.2952,0.3623,0.0081,0.3482,141
23530000.0,0.0,0.0,0.0,362.0,5.27924508091193,20,1,8,0,1,0.7071,0.2952,0.3623,0.0081,0.3482,137
35000000.0,0.0,0.0,0.0,510.0,3.7581294105024,0,0,17,0,4,0.7071,0.2952,0.3623,0.0081,0.3482,143
10499999.999999998,0.0,0.0,0.0,181.0,5.19611088542115,15,0,8,0,0,0.0141,0.2089,0.0335,0.0034,0.0981,-1
107420000.0,0.0,0.0,0.0,1344.0,3.05178723456546,3,0,10,1,4,0.0141,0.2089,0.0335,0.0034,0.0981,140
10800000.0,0.0,0.0,0.0,240.0,5.27924508091193,20,1,8,0,1,0.7071,0.2952,0.3623,0.0081,0.3482,137
254311200.0,0.0,0.0,0.0,7524.0,3.05178723456546,3,0,10,1,4,0.0141,0.2089,0.0335,0.0034,0.0981,140
30750000.0,0.0,0.0,0.0,615.0,1.69505859390372,0,0,7,0,2,0.7071,0.2952,0.3623,0.0081,0.3482,144
19236000.0,0.0,0.0,0.0,458.0,5.27924508091193,20,1,8,0,1,0.7071,0.2952,0.3623,0.0081,0.3482,137
14355999.999999998,0.0,0.0,0.0,388.0,5.93604242475582,1,0,2,0,1,0.7071,0.2952,0.3623,0.0081,0.3482,141
43692000.0,0.0,0.0,0.0,1986.0,3.05178723456546,3,0,10,1,4,0.0141,0.2089,0.0335,0.0034,0.0981,140
10800000.0,0.0,0.0,0.0,240.0,5.27924508091193,20,1,8,0,1,0.7071,0.2952,0.3623,0.0081,0.3482,137
18200000.0,0.0,0.0,0.0,280.0,5.27924508091193,20,1,8,0,1,0.7071,0.2952,0.3623,0.0081,0.3482,137
199360000.0,0.0,0.0,0.0,712.0,0.597236997502969,9,0,2,0,4,0.7071,0.2952,0.3623,0.0081,0.3482,145
20160000.0,0.0,0.0,0.0,280.0,5.27924508091193,20,1,8,0,1,0.7071,0.2952,0.3623,0.0081,0.3482,137
1500000000.0,0.0,0.0,0.0,2525.0,0.401431620103655,21,0,3,0,6,0.7071,0.2952,0.3623,0.0081,0.3482,138
160000000.0,0.0,0.0,0.0,1103.0,0.401431620103655,21,0,3,0,6,0.7071,0.2952,0.3623,0.0081,0.3482,138
600000000.0,0.0,0.0,0.0,5259.0,0.401431620103655,21,0,3,0,6,0.7071,0.2952,0.3623,0.0081,0.3482,138
600000000.0,0.0,0.0,0.0,5259.0,0.401431620103655,21,0,3,0,6,0.7071,0.2952,0.3623,0.0081,0.3482,138
90000000.0,0.0,0.0,0.0,700.0,5.27924508091193,20,1,8,0,1,0.7071,0.2952,0.3623,0.0081,0.3482,137
600000000.0,0.0,0.0,0.0,5259.0,0.401431620103655,21,0,3,0,6,0.7071,0.2952,0.3623,0.0081,0.3482,138
630000000.0,0.0,0.0,0.0,1400.0,0.469641701905179,36,1,13,2,6,0.7071,0.2952,0.3623,0.0081,0.3482,146
15360000.0,0.0,0.0,0.0,480.0,3.7581294105024,0,0,17,0,4,0.7071,0.2952,0.3623,0.0081,0.3482,143
12700000.0,0.0,0.0,0.0,342.0,5.93604242475582,1,0,2,0,1,0.7071,0.2952,0.3623,0.0081,0.3482,141
11760000.0,0.0,0.0,0.0,280.0,5.27924508091193,20,1,8,0,1,0.7071,0.2952,0.3623,0.0081,0.3482,137
9300000.0,0.0,0.0,0.0,324.0,3.05178723456546,3,0,10,1,4,0.0141,0.2089,0.0335,0.0034,0.0981,140
15000000.0,0.0,0.0,0.0,320.0,5.27924508091193,20,1,8,0,1,0.7071,0.2952,0.3623,0.0081,0.3482,137
41565000.0,0.0,0.0,0.0,815.0,5.27924508091193,20,1,8,0,1,0.7071,0.2952,0.3623,0.0081,0.3482,137
660010000.0,0.0,0.0,0.0,10154.0,1.69505859390372,0,0,7,0,2,0.7071,0.2952,0.3623,0.0081,0.3482,144
60000000.0,0.0,0.0,0.0,1494.0,3.05178723456546,3,0,10,1,4,0.0141,0.2089,0.0335,0.0034,0.0981,140
77453999.99999999,0.0,0.0,0.0,1986.0,5.93604242475582,1,0,2,0,1,0.7071,0.2952,0.3623,0.0081,0.3482,141
11235000.0,0.0,0.0,0.0,321.0,1.69505859390372,0,0,7,0,2,0.7071,0.2952,0.3623,0.0081,0.3482,144
161950000.0,0.0,0.0,0.0,790.0,0.597236997502969,9,0,2,0,4,0.7071,0.2952,0.3623,0.0081,0.3482,145
24000000.0,0.0,0.0,0.0,400.0,3.37651810060664,0,0,4,1,0,0.7071,0.2952,0.3623,0.0081,0.3482,142
42500000.0,0.0,0.0,0.0,650.0,5.31246147129577,7,0,13,1,8,0.0141,0.2089,0.0335,0.0034,0.0981,147
161950000.0,0.0,0.0,0.0,790.0,0.597236997502969,9,0,2,0,4,0.7071,0.2952,0.3623,0.0081,0.3482,145
99000000.0,0.0,0.0,0.0,450.0,0.597236997502969,9,0,2,0,4,0.7071,0.2952,0.3623,0.0081,0.3482,145
19600000.0,0.0,0.0,0.0,694.0,5.31246147129577,7,0,13,1,8,0.0141,0.2089,0.0335,0.0034,0.0981,147
29120000.0,0.0,0.0,0.0,448.0,6.64122109353155,7,1,7,0,1,0.7071,0.2952,0.3623,0.0081,0.3482,-1
13500000.0,0.0,0.0,0.0,450.0,5.93604242475582,1,0,2,0,1,0.7071,0.2952,0.3623,0.0081,0.3482,141
18200000.0,0.0,0.0,0.0,280.0,5.27924508091193,20,1,8,0,1,0.7071,0.2952,0.3623,0.0081,0.3482,137
480000000.0,0.0,0.0,0.0,4791.0,4.32395671285689,5,0,11,1,3,0.0141,0.2089,0.0335,0.0034,0.0981,140
14355999.999999998,0.0,0.0,0.0,388.0,2.28955007045973,0,0,7,0,2,0.7071,0.2952,0.3623,0.0081,0.3482,144
20200000.0,0.0,0.0,0.0,500.0,3.7581294105024,0,0,17,0,4,0.7071,0.2952,0.3623,0.0081,0.3482,143
13135000.0,0.0,0.0,0.0,355.0,5.93604242475582,1,0,2,0,1,0.7071,0.2952,0.3623,0.0081,0.3482,141
206000000.0,0.0,0.0,0.0,590.0,0.597236997502969,9,0,2,0,4,0.7071,0.2952,0.3623,0.0081,0.3482,145
19839000.0,0.0,0.0,0.0,389.0,5.27924508091193,20,1,8,0,1,0.7071,0.2952,0.3623,0.0081,0.3482,137
1400000.0,0.0,0.0,0.0,12.5,0.751580261463144,7,1,10,1,4,0.7071,0.2952,0.3623,0.0081,0.3482,-1
600000000.0,0.0,0.0,0.0,5259.0,0.401431620103655,21,0,3,0,6,0.7071,0.2952,0.3623,0.0081,0.3482,138
200000000.0,0.0,0.0,0.0,7000.0,7.29751474007605,5,0,3,0,0,0.0141,0.2089,0.0335,0.0034,0.0981,-1
18200000.0,0.0,0.0,0.0,280.0,5.27924508091193,20,1,8,0,1,0.7071,0.2952,0.3623,0.0081,0.3482,137
14355999.999999998,0.0,0.0,0.0,388.0,5.93604242475582,1,0,2,0,1,0.7071,0.2952,0.3623,0.0081,0.3482,141
34362000.0,0.0,0.0,0.0,414.0,3.37651810060664,0,0,4,1,0,0.7071,0.2952,0.3623,0.0081,0.3482,142
2070000.0,0.0,0.0,0.0,60.0,3.7581294105024,0,0,17,0,4,0.7071,0.2952,0.3623,0.0081,0.3482,143
14355999.999999998,0.0,0.0,0.0,388.0,5.93604242475582,1,0,2,0,1,0.7071,0.2952,0.3623,0.0081,0.3482,141
49000000.0,0.0,0.0,0.0,1013.0,4.32395671285689,5,0,11,1,3,0.0141,0.2089,0.0335,0.0034,0.0981,140
167900000.0,0.0,0.0,0.0,1679.0,4.32395671285689,5,0,11,1,3,0.0141,0.2089,0.0335,0.0034,0.0981,140
61000000.0,0.0,0.0,0.0,613.0,5.31246147129577,7,0,13,1,8,0.0141,0.2089,0.0335,0.0034,0.0981,147
392100000.0,0.0,0.0,0.0,2614.0,0.401431620103655,21,0,3,0,6,0.7071,0.2952,0.3623,0.0081,0.3482,138
23290000.0,0.0,0.0,0.0,298.0,3.37651810060664,0,0,4,1,0,0.7071,0.2952,0.3623,0.0081,0.3482,142
150000000.0,0.0,0.0,0.0,417.0,0.469641701905179,36,1,13,2,6,0.7071,0.2952,0.3623,0.0081,0.3482,146
392100000.0,0.0,0.0,0.0,2674.0,0.401431620103655,21,0,3,0,6,0.7071,0.2952,0.3623,0.0081,0.3482,138
300000000.0,0.0,0.0,0.0,2000.0,0.401431620103655,21,0,3,0,6,0.7071,0.2952,0.3623,0.0081,0.3482,138
173000000.0,0.0,0.0,0.0,630.0,0.401431620103655,21,0,3,0,6,0.7071,0.2952,0.3623,0.0081,0.3482,138
151200000.0,0.0,0.0,0.0,630.0,0.597236997502969,9,0,2,0,4,0.7071,0.2952,0.3623,0.0081,0.3482,145
28000000.0,0.0,0.0,0.0,500.0,4.32395671285689,5,0,11,1,3,0.0141,0.2089,0.0335,0.0034,0.0981,140
116820000.0,0.0,0.0,0.0,2124.0,1.69505859390372,0,0,7,0,2,0.7071,0.2952,0.3623,0.0081,0.3482,144
22000000.0,0.0,0.0,0.0,555.0,5.27924508091193,20,1,8,0,1,0.7071,0.2952,0.3623,0.0081,0.3482,137
233800000.0,0.0,0.0,0.0,1169.0,0.597236997502969,9,0,2,0,4,0.7071,0.2952,0.3623,0.0081,0.3482,145
180000000.0,0.0,0.0,0.0,1014.0,0.401431620103655,21,0,3,0,6,0.7071,0.2952,0.3623,0.0081,0.3482,138
3460210000.0,0.0,0.0,0.0,26617.0,5.93604242475582,1,0,2,0,1,0.7071,0.2952,0.3623,0.0081,0.3482,141
168805000.0,0.0,0.0,0.0,689.0,0.597236997502969,9,0,2,0,4,0.7071,0.2952,0.3623,0.0081,0.3482,145
174980000.0,0.0,0.0,0.0,673.0,0.597236997502969,9,0,2,0,4,0.7071,0.2952,0.3623,0.0081,0.3482,145
11235000.0,0.0,0.0,0.0,321.0,1.69505859390372,0,0,7,0,2,0.7071,0.2952,0.3623,0.0081,0.3482,144
712320000.0,0.0,0.0,0.0,5936.0,1.69505859390372,0,0,7,0,2,0.7071,0.2952,0.3623,0.0081,0.3482,144
35000000.0,0.0,0.0,0.0,700.0,1.69505859390372,0,0,7,0,2,0.7071,0.2952,0.3623,0.0081,0.3482,144
22000000.0,0.0,0.0,0.0,480.0,1.69505859390372,0,0,7,0,2,0.7071,0.2952,0.3623,0.0081,0.3482,144
7980000.0,0.0,0.0,0.0,228.0,3.7581294105024,0,0,17,0,4,0.7071,0.2952,0.3623,0.0081,0.3482,143
1602480000.0,0.0,0.0,0.0,13354.0,3.05178723456546,3,0,10,1,4,0.0141,0.2089,0.0335,0.0034,0.0981,140
4900000.0,0.0,0.0,0.0,245.0,3.37651810060664,0,0,4,1,0,0.7071,0.2952,0.3623,0.0081,0.3482,142
161950000.0,0.0,0.0,0.0,790.0,0.597236997502969,9,0,2,0,4,0.7071,0.2952,0.3623,0.0081,0.3482,145
15360000.0,0.0,0.0,0.0,480.0,3.7581294105024,0,0,17,0,4,0.7071,0.2952,0.3623,0.0081,0.3482,143
776000000.0,0.0,0.0,0.0,3880.0,0.469641701905179,36,1,13,2,6,0.7071,0.2952,0.3623,0.0081,0.3482,146
660010000.0,0.0,0.0,0.0,10154.0,1.69505859390372,0,0,7,0,2,0.7071,0.2952,0.3623,0.0081,0.3482,144
20800000.0,0.0,0.0,0.0,416.0,5.27924508091193,20,1,8,0,1,0.7071,0.2952,0.3623,0.0081,0.3482,137
14000000.0,0.0,0.0,0.0,200.0,3.37651810060664,0,0,4,1,0,0.7071,0.2952,0.3623,0.0081,0.3482,142
85000000.0,0.0,0.0,0.0,500.0,1.69505859390372,0,0,7,0,2,0.7071,0.2952,0.3623,0.0081,0.3482,144
13000000.0,0.0,0.0,0.0,555.0,2.28955007045973,0,0,7,0,2,0.7071,0.2952,0.3623,0.0081,0.3482,144
16000000.0,0.0,0.0,0.0,621.0,3.05178723456546,3,0,10,1,4,0.0141,0.2089,0.0335,0.0034,0.0981,140
89880000.0,0.0,0.0,0.0,1248.0,3.37651810060664,0,0,4,1,0,0.7071,0.2952,0.3623,0.0081,0.3482,142
181080000.0,0.0,0.0,0.0,4527.0,5.27924508091193,20,1,8,0,1,0.7071,0.2952,0.3623,0.0081,0.3482,137
161950000.0,0.0,0.0,0.0,790.0,0.401431620103655,21,0,3,0,6,0.7071,0.2952,0.3623,0.0081,0.3482,138
30000000.0,0.0,0.0,0.0,347.0,5.27924508091193,20,1,8,0,1,0.7071,0.2952,0.3623,0.0081,0.3482,137
8000000.0,0.0,0.0,0.0,204.0,2.10429745837755,0,0,7,0,2,0.7071,0.2952,0.3623,0.0081,0.3482,144
49980000.0,0.0,0.0,0.0,1190.0,5.27924508091193,20,1,8,0,1,0.7071,0.2952,0.3623,0.0081,0.3482,137
174980000.0,0.0,0.0,0.0,673.0,0.597236997502969,9,0,2,0,4,0.7071,0.2952,0.3623,0.0081,0.3482,145
1199250000.0,0.0,0.0,0.0,9225.0,5.93604242475582,1,0,2,0,1,0.7071,0.2952,0.3623,0.0081,0.3482,141
27000000.000000004,0.0,0.0,0.0,347.0,5.27924508091193,20,1,8,0,1,0.7071,0.2952,0.3623,0.0081,0.3482,137
25200000.0,0.0,0.0,0.0,900.0,5.93604242475582,1,0,2,0,1,0.7071,0.2952,0.3623,0.0081,0.3482,141
76200000.0,0.0,0.0,0.0,381.0,0.597236997502969,9,0,2,0,4,0.7071,0.2952,0.3623,0.0081,0.3482,145
177750000.0,0.0,0.0,0.0,711.0,0.401431620103655,21,0,3,0,6,0.7071,0.2952,0.3623,0.0081,0.3482,138
13500000.0,0.0,0.0,0.0,422.0,3.7581294105024,0,0,17,0,4,0.7071,0.2952,0.3623,0.0081,0.3482,143
18603600.0,0.0,0.0,0.0,419.0,5.93604242475582,1,0,2,0,1,0.7071,0.2952,0.3623,0.0081,0.3482,141
18000000.0,0.0,0.0,0.0,683.0,3.05178723456546,3,0,10,1,4,0.0141,0.2089,0.0335,0.0034,0.0981,140
14469000.0,0.0,0.0,0.0,273.0,4.77664210505966,7,1,7,0,6,0.7071,0.2952,0.3623,0.0081,0.3482,139
22500000.0,0.0,0.0,0.0,384.0,5.27924508091193,20,1,8,0,1,0.7071,0.2952,0.3623,0.0081,0.3482,137
21000000.0,0.0,0.0,0.0,804.0,3.05178723456546,3,0,10,1,4,0.0141,0.2089,0.0335,0.0034,0.0981,140
13824000.0,0.0,0.0,288.0,288.0,5.27924508091193,20,1,8,0,1,0.7071,0.2952,0.3623,0.0081,0.3482,-1
164500000.0,0.0,0.0,0.0,700.0,0.597236997502969,9,0,2,0,4,0.7071,0.2952,0.3623,0.0081,0.3482,145
21856000.0,0.0,0.0,0.0,683.0,5.27924508091193,20,1,8,0,1,0.7071,0.2952,0.3623,0.0081,0.3482,137
407235000.0,0.0,0.0,0.0,4791.0,3.05178723456546,3,0,10,1,4,0.0141,0.2089,0.0335,0.0034,0.0981,140
165900000.0,0.0,0.0,0.0,790.0,0.597236997502969,9,0,2,0,4,0.7071,0.2952,0.3623,0.0081,0.3482,145
15500000.0,0.0,0.0,0.0,336.0,5.27924508091193,20,1,8,0,1,0.7071,0.2952,0.3623,0.0081,0.3482,137
8900000.0,0.0,0.0,0.0,181.0,5.27924508091193,20,1,8,0,1,0.7071,0.2952,0.3623,0.0081,0.3482,137
14355999.999999998,0.0,0.0,0.0,388.0,5.93604242475582,1,0,2,0,1,0.7071,0.2952,0.3623,0.0081,0.3482,141
140000000.0,0.0,0.0,0.0,5000.0,7.29751474007605,5,0,3,0,0,0.0141,0.2089,0.0335,0.0034,0.0981,-1
12499999.999999998,0.0,0.0,0.0,426.0,3.7581294105024,0,0,17,0,4,0.7071,0.2952,0.3623,0.0081,0.3482,143
359325000.0,0.0,0.0,0.0,4791.0,4.32395671285689,5,0,11,1,3,0.0141,0.2089,0.0335,0.0034,0.0981,140
63250000.0,0.0,0.0,0.0,1265.0,5.90049897126365,16,1,8,1,1,0.7071,0.2952,0.3623,0.0081,0.3482,-1
170810000.0,0.0,0.0,0.0,589.0,0.597236997502969,9,0,2,0,4,0.7071,0.2952,0.3623,0.0081,0.3482,145
16440000.0,0.0,0.0,0.0,548.0,3.7581294105024,0,0,17,0,4,0.7071,0.2952,0.3623,0.0081,0.3482,143
5400000.0,0.0,0.0,0.0,120.0,1.69505859390372,0,0,7,0,2,0.7071,0.2952,0.3623,0.0081,0.3482,144
23000000.000000004,0.0,0.0,0.0,495.0,1.69505859390372,0,0,7,0,2,0.7071,0.2952,0.3623,0.0081,0.3482,144
9000000.0,0.0,0.0,0.0,300.0,4.77664210505966,7,1,7,0,6,0.7071,0.2952,0.3623,0.0081,0.3482,139
19500000.0,0.0,0.0,0.0,280.0,5.27924508091193,20,1,8,0,1,0.7071,0.2952,0.3623,0.0081,0.3482,137
40000000.0,0.0,0.0,0.0,800.0,1.69505859390372,0,0,7,0,2,0.7071,0.2952,0.3623,0.0081,0.3482,144
9000000.0,0.0,0.0,0.0,304.0,2.8297909308139,0,0,8,0,1,0.7071,0.2952,0.3623,0.0081,0.3482,144
8500000.0,0.0,0.0,0.0,300.0,4.77664210505966,7,1,7,0,6,0.7071,0.2952,0.3623,0.0081,0.3482,139
146150000.0,0.0,0.0,0.0,790.0,0.597236997502969,9,0,2,0,4,0.7071,0.2952,0.3623,0.0081,0.3482,145
146150000.0,0.0,0.0,0.0,790.0,0.401431620103655,21,0,3,0,6,0.7071,0.2952,0.3623,0.0081,0.3482,138
146150000.0,0.0,0.0,0.0,790.0,0.597236997502969,9,0,2,0,4,0.7071,0.2952,0.3623,0.0081,0.3482,145
22000000.0,0.0,0.0,0.0,683.0,3.05178723456546,3,0,10,1,4,0.0141,0.2089,0.0335,0.0034,0.0981,140
21500000.0,0.0,0.0,0.0,468.0,3.05178723456546,3,0,10,1,4,0.0141,0.2089,0.0335,0.0034,0.0981,140
11200000.0,0.0,0.0,0.0,400.0,2.28955007045973,0,0,7,0,2,0.7071,0.2952,0.3623,0.0081,0.3482,144
1200000000.0,0.0,0.0,0.0,2800.0,0.597236997502969,9,0,2,0,4,0.7071,0.2952,0.3623,0.0081,0.3482,145
67500000.0,0.0,0.0,0.0,300.0,0.401431620103655,21,0,3,0,6,0.7071,0.2952,0.3623,0.0081,0.3482,138
1821424051.0,0.0,0.0,0.0,2877.85,0.469641701905179,36,1,13,2,6,0.7071,0.2952,0.3623,0.0081,0.3482,146
1400000000.0,0.0,0.0,0.0,2800.0,0.401431620103655,21,0,3,0,6,0.7071,0.2952,0.3623,0.0081,0.3482,138
373440000.0,0.0,0.0,0.0,3112.0,3.7581294105024,0,0,17,0,4,0.7071,0.2952,0.3623,0.0081,0.3482,143
200000000.0,0.0,0.0,0.0,2000.0,6.70794215621962,7,0,7,0,1,0.0141,0.2089,0.0335,0.0034,0.0981,-1
13000000.0,0.0,0.0,0.0,299.0,5.27924508091193,20,1,8,0,1,0.7071,0.2952,0.3623,0.0081,0.3482,137
14000000.0,0.0,0.0,0.0,555.0,3.05178723456546,3,0,10,1,4,0.0141,0.2089,0.0335,0.0034,0.0981,140
14000000.0,0.0,0.0,0.0,555.0,3.05178723456546,3,0,10,1,4,0.0141,0.2089,0.0335,0.0034,0.0981,140
180000000.0,0.0,0.0,0.0,3560.0,5.93604242475582,1,0,2,0,1,0.7071,0.2952,0.3623,0.0081,0.3482,141
300000000.0,0.0,0.0,0.0,5000.0,3.47500814575665,4,0,13,1,3,0.0141,0.2089,0.0335,0.0034,0.0981,140
154400000.0,0.0,0.0,0.0,1930.0,0.0853127289577387,26,0,4,1,4,0.7071,0.2952,0.3623,0.0081,0.3482,-1
6500000000.0,0.0,0.0,0.0,26000.0,0.47818087648663,31,1,11,2,5,0.7071,0.2952,0.3623,0.0081,0.3482,-1
24600000.000000004,0.0,0.0,0.0,615.0,1.69505859390372,0,0,7,0,2,0.7071,0.2952,0.3623,0.0081,0.3482,144
105750000.0,0.0,0.0,0.0,420.0,1.2031408004523,0,0,0,0,0,0.7071,0.2952,0.3623,0.0081,0.3482,-1
56500000.0,0.0,0.0,0.0,1152.0,0.873145299973938,6,1,5,0,4,0.7071,0.2952,0.3623,0.0081,0.3482,-1
113000000.0,0.0,0.0,0.0,1000.0,4.32395671285689,5,0,11,1,3,0.0141,0.2089,0.0335,0.0034,0.0981,140
45000000.0,0.0,0.0,0.0,940.0,3.37651810060664,0,0,4,1,0,0.7071,0.2952,0.3623,0.0081,0.3482,142
20000000.0,0.0,0.0,0.0,616.0,1.6217452510312,13,0,2,0,16,0.7071,0.2952,0.3623,0.0081,0.3482,-1
75000000.0,0.0,0.0,0.0,300.0,1.20328933464314,0,0,0,0,0,0.7071,0.2952,0.3623,0.0081,0.3482,-1
2340000.0,0.0,0.0,0.0,90.0,5.93604242475582,1,0,2,0,1,0.7071,0.2952,0.3623,0.0081,0.3482,141
680000000.0,0.0,0.0,0.0,17000.0,3.3478234146641,0,0,13,0,0,0.7071,0.2952,0.3623,0.0081,0.3482,-1
25000000000.0,0.0,0.0,0.0,100000.0,0.876519416070271,16,2,2,0,6,0.7071,0.2952,0.3623,0.0081,0.3482,-1
260000000.0,0.0,0.0,0.0,433.0,0.47818087648663,31,1,11,2,5,0.7071,0.2952,0.3623,0.0081,0.3482,-1
243120000.0,0.0,0.0,0.0,3039.0,0.447065805586273,23,0,3,1,8,0.7071,0.2952,0.3623,0.0081,0.3482,-1
155000000.0,0.0,0.0,0.0,3021.0,0.353341255088371,11,1,11,1,4,0.7071,0.2952,0.3623,0.0081,0.3482,-1
9200000.0,0.0,0.0,0.0,315.0,4.77664210505966,7,1,7,0,6,0.7071,0.2952,0.3623,0.0081,0.3482,139
11699999.999999998,0.0,0.0,0.0,260.0,1.69505859390372,0,0,7,0,2,0.7071,0.2952,0.3623,0.0081,0.3482,144
1383360.0,0.0,0.0,0.0,9.76,4.32395671285689,5,0,11,1,3,0.0141,0.2089,0.0335,0.0034,0.0981,140
35000000.0,0.0,0.0,0.0,700.0,1.69505859390372,0,0,7,0,2,0.7071,0.2952,0.3623,0.0081,0.3482,144
3108000.0,0.0,0.0,0.0,98.5,4.32395671285689,5,0,11,1,3,0.0141,0.2089,0.0335,0.0034,0.0981,140
7125000.0,0.0,0.0,0.0,184.0,5.72628905204354,0,0,3,0,3,0.7071,0.2952,0.3623,0.0081,0.3482,141
11890000.0,0.0,0.0,0.0,232.0,4.32395671285689,5,0,11,1,3,0.0141,0.2089,0.0335,0.0034,0.0981,140
30000000.0,0.0,0.0,0.0,351.0,0.469641701905179,36,1,13,2,6,0.7071,0.2952,0.3623,0.0081,0.3482,146
360000000.0,0.0,0.0,0.0,2000.0,2.28955007045973,0,0,7,0,2,0.7071,0.2952,0.3623,0.0081,0.3482,144
57000000.0,0.0,0.0,0.0,573.0,5.27924508091193,20,1,8,0,1,0.7071,0.2952,0.3623,0.0081,0.3482,137
50940000.0,0.0,0.0,0.0,849.0,5.66770912771705,4,0,18,1,7,0.0141,0.2089,0.0335,0.0034,0.0981,-1
290000000.0,0.0,0.0,0.0,2200.0,7.29751474007605,5,0,3,0,0,0.0141,0.2089,0.0335,0.0034,0.0981,-1
32500000000.0,0.0,0.0,0.0,130000.0,0.47818087648663,31,1,11,2,5,0.7071,0.2952,0.3623,0.0081,0.3482,-1
13915000.0,0.0,0.0,0.0,253.0,5.27924508091193,20,1,8,0,1,0.7071,0.2952,0.3623,0.0081,0.3482,137
25000000.0,0.0,0.0,0.0,518.0,5.27924508091193,20,1,8,0,1,0.7071,0.2952,0.3623,0.0081,0.3482,137
20000000.0,0.0,0.0,0.0,400.0,1.69505859390372,0,0,7,0,2,0.7071,0.2952,0.3623,0.0081,0.3482,144
151200000.0,0.0,0.0,0.0,630.0,0.597236997502969,9,0,2,0,4,0.7071,0.2952,0.3623,0.0081,0.3482,145
300000000.0,0.0,0.0,0.0,2000.0,0.401431620103655,21,0,3,0,6,0.7071,0.2952,0.3623,0.0081,0.3482,138
28000000.0,0.0,0.0,0.0,400.0,5.27924508091193,20,1,8,0,1,0.7071,0.2952,0.3623,0.0081,0.3482,137
1268630000.0,0.0,0.0,0.0,13354.0,3.05178723456546,3,0,10,1,4,0.0141,0.2089,0.0335,0.0034,0.0981,140
120000000.0,0.0,0.0,0.0,1389.0,3.47500814575665,4,0,13,1,3,0.0141,0.2089,0.0335,0.0034,0.0981,140
990000000.0,0.0,0.0,0.0,18000.0,7.29751474007605,5,0,3,0,0,0.0141,0.2089,0.0335,0.0034,0.0981,-1
123250000.0,0.0,0.0,0.0,14000.0,3.7581294105024,0,0,17,0,4,0.7071,0.2952,0.3623,0.0081,0.3482,143
1268630000.0,0.0,0.0,0.0,13354.0,3.05178723456546,3,0,10,1,4,0.0141,0.2089,0.0335,0.0034,0.0981,140
14000000.0,0.0,0.0,0.0,555.0,3.05178723456546,3,0,10,1,4,0.0141,0.2089,0.0335,0.0034,0.0981,140
300000000.0,0.0,0.0,0.0,2000.0,0.401431620103655,21,0,3,0,6,0.7071,0.2952,0.3623,0.0081,0.3482,138
14520000.0,0.0,0.0,0.0,242.0,5.27924508091193,20,1,8,0,1,0.7071,0.2952,0.3623,0.0081,0.3482,137
12208000.0,0.0,0.0,0.0,436.0,5.93604242475582,1,0,2,0,1,0.7071,0.2952,0.3623,0.0081,0.3482,141
107520000.0,0.0,0.0,0.0,1344.0,3.05178723456546,3,0,10,1,4,0.0141,0.2089,0.0335,0.0034,0.0981,140
44000000.0,0.0,0.0,0.0,293.0,3.05178723456546,3,0,10,1,4,0.0141,0.2089,0.0335,0.0034,0.0981,140
577665000.0,0.0,0.0,0.0,10503.0,1.69505859390372,0,0,7,0,2,0.7071,0.2952,0.3623,0.0081,0.3482,144
23712000.0,0.0,0.0,0.0,416.0,2.28955007045973,0,0,7,0,2,0.7071,0.2952,0.3623,0.0081,0.3482,144
30000000.0,0.0,0.0,0.0,560.0,5.90049897126365,16,1,8,1,1,0.7071,0.2952,0.3623,0.0081,0.3482,-1
4200000.0,0.0,0.0,0.0,128.0,4.32395671285689,5,0,11,1,3,0.0141,0.2089,0.0335,0.0034,0.0981,140
14360000.0,0.0,0.0,0.0,359.0,5.93604242475582,1,0,2,0,1,0.7071,0.2952,0.3623,0.0081,0.3482,141
11043000.0,0.0,0.0,0.0,409.0,5.93604242475582,1,0,2,0,1,0.7071,0.2952,0.3623,0.0081,0.3482,141
79000000.0,0.0,0.0,0.0,1000.0,3.05178723456546,3,0,10,1,4,0.0141,0.2089,0.0335,0.0034,0.0981,140
280000000.0,0.0,0.0,0.0,800.0,2.28955007045973,0,0,7,0,2,0.7071,0.2952,0.3623,0.0081,0.3482,144
15250000.0,0.0,0.0,0.0,305.0,5.27924508091193,20,1,8,0,1,0.7071,0.2952,0.3623,0.0081,0.3482,137
22000000.0,0.0,0.0,0.0,375.0,1.69505859390372,0,0,7,0,2,0.7071,0.2952,0.3623,0.0081,0.3482,144
167900000.0,0.0,0.0,0.0,1679.0,4.32395671285689,5,0,11,1,3,0.0141,0.2089,0.0335,0.0034,0.0981,140
173250000.0,0.0,0.0,0.0,630.0,0.597236997502969,9,0,2,0,4,0.7071,0.2952,0.3623,0.0081,0.3482,145
29000000.0,0.0,0.0,0.0,672.0,4.77664210505966,7,1,7,0,6,0.7071,0.2952,0.3623,0.0081,0.3482,139
167900000.0,0.0,0.0,0.0,1679.0,4.32395671285689,5,0,11,1,3,0.0141,0.2089,0.0335,0.0034,0.0981,140
62300000.0,0.0,0.0,0.0,890.0,3.37651810060664,0,0,4,1,0,0.7071,0.2952,0.3623,0.0081,0.3482,142
60000000.0,0.0,0.0,0.0,350.0,5.27924508091193,20,1,8,0,1,0.7071,0.2952,0.3623,0.0081,0.3482,137
20800000.0,0.0,0.0,0.0,416.0,5.27924508091193,20,1,8,0,1,0.7071,0.2952,0.3623,0.0081,0.3482,137
1615200000.0,0.0,0.0,0.0,4038.0,2.28955007045973,0,0,7,0,2,0.7071,0.2952,0.3623,0.0081,0.3482,144
168900000.0,0.0,0.0,0.0,2252.0,0.401431620103655,21,0,3,0,6,0.7071,0.2952,0.3623,0.0081,0.3482,138
113000000.0,0.0,0.0,0.0,1000.0,2.28955007045973,0,0,7,0,2,0.7071,0.2952,0.3623,0.0081,0.3482,144
22200000.000000004,0.0,0.0,0.0,683.0,3.05178723456546,3,0,10,1,4,0.0141,0.2089,0.0335,0.0034,0.0981,140
160000000.0,0.0,0.0,0.0,5029.0,3.7581294105024,0,0,17,0,4,0.7071,0.2952,0.3623,0.0081,0.3482,143
45000000.0,0.0,0.0,0.0,1000.0,0.873060163257433,6,1,5,0,4,0.7071,0.2952,0.3623,0.0081,0.3482,-1
129200000.0,0.0,0.0,0.0,680.0,2.28955007045973,0,0,7,0,2,0.7071,0.2952,0.3623,0.0081,0.3482,144
167900000.0,0.0,0.0,0.0,1679.0,5.27924508091193,20,1,8,0,1,0.7071,0.2952,0.3623,0.0081,0.3482,137
22000000.0,0.0,0.0,0.0,595.0,3.7581294105024,0,0,17,0,4,0.7071,0.2952,0.3623,0.0081,0.3482,143
18000000.0,0.0,0.0,0.0,683.0,3.05178723456546,3,0,10,1,4,0.0141,0.2089,0.0335,0.0034,0.0981,140
150100000.0,0.0,0.0,0.0,790.0,0.597236997502969,9,0,2,0,4,0.7071,0.2952,0.3623,0.0081,0.3482,145
167900000.0,0.0,0.0,0.0,1679.0,4.32395671285689,5,0,11,1,3,0.0141,0.2089,0.0335,0.0034,0.0981,140
49999999.99999999,0.0,0.0,0.0,350.0,4.32395671285689,5,0,11,1,3,0.0141,0.2089,0.0335,0.0034,0.0981,140
712320000.0,0.0,0.0,0.0,5936.0,1.69505859390372,0,0,7,0,2,0.7071,0.2952,0.3623,0.0081,0.3482,144
4450000.0,0.0,0.0,0.0,120.0,3.7581294105024,0,0,17,0,4,0.7071,0.2952,0.3623,0.0081,0.3482,143
40000000.0,0.0,0.0,0.0,1040.0,3.37651810060664,0,0,4,1,0,0.7071,0.2952,0.3623,0.0081,0.3482,142
44820000.0,0.0,0.0,0.0,498.0,0.469641701905179,36,1,13,2,6,0.7071,0.2952,0.3623,0.0081,0.3482,146
164830000.0,0.0,0.0,0.0,622.0,0.597236997502969,9,0,2,0,4,0.7071,0.2952,0.3623,0.0081,0.3482,145
19250000.0,0.0,0.0,0.0,350.0,4.77664210505966,7,1,7,0,6,0.7071,0.2952,0.3623,0.0081,0.3482,139
167900000.0,0.0,0.0,0.0,1679.0,4.32395671285689,5,0,11,1,3,0.0141,0.2089,0.0335,0.0034,0.0981,140
167900000.0,0.0,0.0,0.0,1679.0,4.32395671285689,5,0,11,1,3,0.0141,0.2089,0.0335,0.0034,0.0981,140
11500000.0,0.0,0.0,0.0,419.0,3.05178723456546,3,0,10,1,4,0.0141,0.2089,0.0335,0.0034,0.0981,140
21372000.0,0.0,0.0,0.0,548.0,3.7581294105024,0,0,17,0,4,0.7071,0.2952,0.3623,0.0081,0.3482,143
20000000.0,0.0,0.0,0.0,280.0,5.27924508091193,20,1,8,0,1,0.7071,0.2952,0.3623,0.0081,0.3482,137
21090000.0,0.0,0.0,0.0,555.0,5.27924508091193,20,1,8,0,1,0.7071,0.2952,0.3623,0.0081,0.3482,137
100000000.0,0.0,0.0,0.0,1000.0,2.28955007045973,0,0,7,0,2,0.7071,0.2952,0.3623,0.0081,0.3482,144
14355999.999999998,0.0,0.0,0.0,37000.0,5.93604242475582,1,0,2,0,1,0.7071,0.2952,0.3623,0.0081,0.3482,141
146150000.0,0.0,0.0,0.0,790.0,0.597236997502969,9,0,2,0,4,0.7071,0.2952,0.3623,0.0081,0.3482,145
13760000.0,0.0,0.0,0.0,320.0,5.27924508091193,20,1,8,0,1,0.7071,0.2952,0.3623,0.0081,0.3482,137
17000000.0,0.0,0.0,0.0,236.0,3.37651810060664,0,0,4,1,0,0.7071,0.2952,0.3623,0.0081,0.3482,142
5800000.0,0.0,0.0,0.0,145.0,1.69505859390372,0,0,7,0,2,0.7071,0.2952,0.3623,0.0081,0.3482,144
4950000000.0,0.0,0.0,0.0,33000.0,0.401431620103655,21,0,3,0,6,0.7071,0.2952,0.3623,0.0081,0.3482,138
13000000.0,0.0,0.0,0.0,255.0,3.05178723456546,3,0,10,1,4,0.0141,0.2089,0.0335,0.0034,0.0981,140
1294800000.0,0.0,0.0,0.0,16185.0,4.32395671285689,5,0,11,1,3,0.0141,0.2089,0.0335,0.0034,0.0981,140
141950000.0,0.0,0.0,0.0,1670.0,1.63035130890408,12,0,2,0,16,0.7071,0.2952,0.3623,0.0081,0.3482,-1
2265600000.0,0.0,0.0,0.0,4720.0,0.597236997502969,9,0,2,0,4,0.7071,0.2952,0.3623,0.0081,0.3482,145
9000000000.0,0.0,0.0,0.0,21018.0,0.401431620103655,21,0,3,0,6,0.7071,0.2952,0.3623,0.0081,0.3482,138
18000000.0,0.0,0.0,0.0,317.0,5.31246147129577,7,0,13,1,8,0.0141,0.2089,0.0335,0.0034,0.0981,147
10000000.0,0.0,0.0,0.0,240.0,3.7581294105024,0,0,17,0,4,0.7071,0.2952,0.3623,0.0081,0.3482,143
8400000.0,0.0,0.0,0.0,240.0,3.7581294105024,0,0,17,0,4,0.7071,0.2952,0.3623,0.0081,0.3482,143
4000000.0,0.0,0.0,0.0,36.6,2.28955007045973,0,0,7,0,2,0.7071,0.2952,0.3623,0.0081,0.3482,144
3300000000.0,0.0,0.0,0.0,6000.0,0.401431620103655,21,0,3,0,6,0.7071,0.2952,0.3623,0.0081,0.3482,138
2200000000.0,0.0,0.0,0.0,4000.0,0.401431620103655,21,0,3,0,6,0.7071,0.2952,0.3623,0.0081,0.3482,138
15705000.0,0.0,0.0,0.0,3449.0,1.69505859390372,0,0,7,0,2,0.7071,0.2952,0.3623,0.0081,0.3482,144
22000000.0,0.0,0.0,0.0,683.0,3.05178723456546,3,0,10,1,4,0.0141,0.2089,0.0335,0.0034,0.0981,140
11600000.0,0.0,0.0,0.0,290.0,1.69505859390372,0,0,7,0,2,0.7071,0.2952,0.3623,0.0081,0.3482,144
175000000.0,0.0,0.0,0.0,700.0,0.597236997502969,9,0,2,0,4,0.7071,0.2952,0.3623,0.0081,0.3482,145
80000000.0,0.0,0.0,0.0,1000.0,3.05178723456546,3,0,10,1,4,0.0141,0.2089,0.0335,0.0034,0.0981,140
33040000.0,0.0,0.0,0.0,560.0,5.27924508091193,20,1,8,0,1,0.7071,0.2952,0.3623,0.0081,0.3482,137
108000000.0,0.0,0.0,0.0,450.0,0.597236997502969,9,0,2,0,4,0.7071,0.2952,0.3623,0.0081,0.3482,145
1100000000.0,0.0,0.0,0.0,2000.0,0.401431620103655,21,0,3,0,6,0.7071,0.2952,0.3623,0.0081,0.3482,138
18000000.0,0.0,0.0,0.0,252.0,3.37651810060664,0,0,4,1,0,0.7071,0.2952,0.3623,0.0081,0.3482,142
23660000.0,0.0,0.0,0.0,364.0,5.31246147129577,7,0,13,1,8,0.0141,0.2089,0.0335,0.0034,0.0981,147
528000000.0,0.0,0.0,0.0,2400.0,0.597236997502969,9,0,2,0,4,0.7071,0.2952,0.3623,0.0081,0.3482,145
107100000.0,0.0,0.0,0.0,4284.0,2.28955007045973,0,0,7,0,2,0.7071,0.2952,0.3623,0.0081,0.3482,144
25850000.0,0.0,0.0,0.0,470.0,3.60710212191232,1,0,6,1,1,0.7071,0.2952,0.3623,0.0081,0.3482,142
161950000.0,0.0,0.0,0.0,790.0,0.597236997502969,9,0,2,0,4,0.7071,0.2952,0.3623,0.0081,0.3482,145
161950000.0,0.0,0.0,0.0,790.0,0.401431620103655,21,0,3,0,6,0.7071,0.2952,0.3623,0.0081,0.3482,138
113136000.0,0.0,0.0,0.0,2357.0,5.27924508091193,20,1,8,0,1,0.7071,0.2952,0.3623,0.0081,0.3482,137
4950000000.0,0.0,0.0,0.0,33000.0,0.401431620103655,21,0,3,0,6,0.7071,0.2952,0.3623,0.0081,0.3482,138
35000000.0,0.0,0.0,0.0,426.0,5.27924508091193,20,1,8,0,1,0.7071,0.2952,0.3623,0.0081,0.3482,137
15875999.999999998,0.0,0.0,0.0,378.0,5.27924508091193,20,1,8,0,1,0.7071,0.2952,0.3623,0.0081,0.3482,137
70000000.0,0.0,0.0,0.0,613.0,2.28955007045973,0,0,7,0,2,0.7071,0.2952,0.3623,0.0081,0.3482,144
129200000.0,0.0,0.0,0.0,680.0,0.597236997502969,9,0,2,0,4,0.7071,0.2952,0.3623,0.0081,0.3482,145
84240000.0,0.0,0.0,0.0,468.0,5.27924508091193,20,1,8,0,1,0.7071,0.2952,0.3623,0.0081,0.3482,137
37700000.0,0.0,0.0,0.0,580.0,5.27924508091193,20,1,8,0,1,0.7071,0.2952,0.3623,0.0081,0.3482,137
222880000.0,0.0,0.0,0.0,796.0,0.597236997502969,9,0,2,0,4,0.7071,0.2952,0.3623,0.0081,0.3482,145
37950000.0,0.0,0.0,0.0,329.0,5.31246147129577,7,0,13,1,8,0.0141,0.2089,0.0335,0.0034,0.0981,147
23360000.0,0.0,0.0,0.0,583.0,5.27924508091193,20,1,8,0,1,0.7071,0.2952,0.3623,0.0081,0.3482,137
380000.0,0.0,0.0,0.0,4.88,4.32395671285689,5,0,11,1,3,0.0141,0.2089,0.0335,0.0034,0.0981,140
15400000.0,0.0,0.0,0.0,280.0,5.27924508091193,20,1,8,0,1,0.7071,0.2952,0.3623,0.0081,0.3482,137
9600000.0,0.0,0.0,0.0,213.0,5.27924508091193,20,1,8,0,1,0.7071,0.2952,0.3623,0.0081,0.3482,137
4000000.0,0.0,0.0,0.0,30.0,5.27924508091193,20,1,8,0,1,0.7071,0.2952,0.3623,0.0081,0.3482,137
122800000.0,0.0,0.0,0.0,614.0,0.597236997502969,9,0,2,0,4,0.7071,0.2952,0.3623,0.0081,0.3482,145
25000000.0,0.0,0.0,0.0,469.0,5.27924508091193,20,1,8,0,1,0.7071,0.2952,0.3623,0.0081,0.3482,137
356000000.0,0.0,0.0,0.0,3560.0,2.28955007045973,0,0,7,0,2,0.7071,0.2952,0.3623,0.0081,0.3482,144
159899999.99999997,0.0,0.0,0.0,1066.0,3.05178723456546,3,0,10,1,4,0.0141,0.2089,0.0335,0.0034,0.0981,140
36000000.0,0.0,0.0,0.0,77.0,5.27924508091193,20,1,8,0,1,0.7071,0.2952,0.3623,0.0081,0.3482,137
180576000.0,0.0,0.0,0.0,7524.0,3.75699614905378,0,1,9,4,1,0.0141,0.2089,0.0335,0.0034,0.0981,-1
17010000.0,0.0,0.0,0.0,378.0,5.27924508091193,20,1,8,0,1,0.7071,0.2952,0.3623,0.0081,0.3482,137
19000000.000000004,0.0,0.0,0.0,683.0,3.05178723456546,3,0,10,1,4,0.0141,0.2089,0.0335,0.0034,0.0981,140
19920000.0,0.0,0.0,0.0,498.0,5.93604242475582,1,0,2,0,1,0.7071,0.2952,0.3623,0.0081,0.3482,141
158000000.0,0.0,0.0,0.0,790.0,0.597236997502969,9,0,2,0,4,0.7071,0.2952,0.3623,0.0081,0.3482,145
63000000.0,0.0,0.0,0.0,1000.0,4.32395671285689,5,0,11,1,3,0.0141,0.2089,0.0335,0.0034,0.0981,140
81150000.0,0.0,0.0,0.0,1082.0,3.37651810060664,0,0,4,1,0,0.7071,0.2952,0.3623,0.0081,0.3482,142
50850000.0,0.0,0.0,0.0,843.0,5.27924508091193,20,1,8,0,1,0.7071,0.2952,0.3623,0.0081,0.3482,137
14499999.999999998,0.0,0.0,0.0,280.0,5.27924508091193,20,1,8,0,1,0.7071,0.2952,0.3623,0.0081,0.3482,137
53550000.0,0.0,0.0,0.0,2142.0,2.28955007045973,0,0,7,0,2,0.7071,0.2952,0.3623,0.0081,0.3482,144
23600000.0,0.0,0.0,0.0,429.0,5.27924508091193,20,1,8,0,1,0.7071,0.2952,0.3623,0.0081,0.3482,137
373440000.0,0.0,0.0,0.0,3112.0,3.7581294105024,0,0,17,0,4,0.7071,0.2952,0.3623,0.0081,0.3482,143
151200000.0,0.0,0.0,0.0,630.0,0.401431620103655,21,0,3,0,6,0.7071,0.2952,0.3623,0.0081,0.3482,138
8436000.0,0.0,0.0,0.0,222.0,4.77664210505966,7,1,7,0,6,0.7071,0.2952,0.3623,0.0081,0.3482,139
1594936709.0,0.0,0.0,0.0,2800.0,0.401431620103655,21,0,3,0,6,0.7071,0.2952,0.3623,0.0081,0.3482,138
25200000.0,0.0,0.0,0.0,900.0,5.93604242475582,1,0,2,0,1,0.7071,0.2952,0.3623,0.0081,0.3482,141
8400000.0,0.0,0.0,0.0,240.0,3.7581294105024,0,0,17,0,4,0.7071,0.2952,0.3623,0.0081,0.3482,143
167400000.0,0.0,0.0,0.0,930.0,0.401431620103655,21,0,3,0,6,0.7071,0.2952,0.3623,0.0081,0.3482,138
89880000.0,0.0,0.0,0.0,1284.0,3.37651810060664,0,0,4,1,0,0.7071,0.2952,0.3623,0.0081,0.3482,142
22000000.0,0.0,0.0,0.0,362.0,2.28955007045973,0,0,7,0,2,0.7071,0.2952,0.3623,0.0081,0.3482,144
26000000.0,0.0,0.0,0.0,590.0,1.69505859390372,0,0,7,0,2,0.7071,0.2952,0.3623,0.0081,0.3482,144
65000000.0,0.0,0.0,0.0,1350.0,1.69505859390372,0,0,7,0,2,0.7071,0.2952,0.3623,0.0081,0.3482,144
89880000.0,0.0,0.0,0.0,1284.0,3.37651810060664,0,0,4,1,0,0.7071,0.2952,0.3623,0.0081,0.3482,142
558315000.0,0.0,0.0,0.0,5877.0,4.32395671285689,5,0,11,1,3,0.0141,0.2089,0.0335,0.0034,0.0981,140
378000000.0,0.0,0.0,0.0,9000.0,1.69505859390372,0,0,7,0,2,0.7071,0.2952,0.3623,0.0081,0.3482,144
712320000.0,0.0,0.0,0.0,5936.0,1.69505859390372,0,0,7,0,2,0.7071,0.2952,0.3623,0.0081,0.3482,144
38360000.0,0.0,0.0,0.0,1096.0,5.27924508091193,20,1,8,0,1,0.7071,0.2952,0.3623,0.0081,0.3482,137
13539999.999999998,0.0,0.0,0.0,639.0,5.93604242475582,1,0,2,0,1,0.7071,0.2952,0.3623,0.0081,0.3482,141
7125000.0,0.0,0.0,0.0,184.0,5.93604242475582,1,0,2,0,1,0.7071,0.2952,0.3623,0.0081,0.3482,141
125070000.0,0.0,0.0,0.0,1137.0,5.29015099732425,8,1,12,0,3,0.0141,0.2089,0.0335,0.0034,0.0981,-1
116820000.0,0.0,0.0,0.0,3894.0,3.7581294105024,0,0,17,0,4,0.7071,0.2952,0.3623,0.0081,0.3482,143
68000000.0,0.0,0.0,0.0,1046.0,2.28955007045973,0,0,7,0,2,0.7071,0.2952,0.3623,0.0081,0.3482,144
35000000.0,0.0,0.0,0.0,700.0,1.69505859390372,0,0,7,0,2,0.7071,0.2952,0.3623,0.0081,0.3482,144
27000000.000000004,0.0,0.0,0.0,415.0,4.77664210505966,7,1,7,0,6,0.7071,0.2952,0.3623,0.0081,0.3482,139
150870000.0,0.0,0.0,0.0,5029.0,3.7581294105024,0,0,17,0,4,0.7071,0.2952,0.3623,0.0081,0.3482,143
23600000.0,0.0,0.0,0.0,472.0,3.7581294105024,0,0,17,0,4,0.7071,0.2952,0.3623,0.0081,0.3482,143
45000000.0,0.0,0.0,0.0,1000.0,2.28955007045973,0,0,7,0,2,0.7071,0.2952,0.3623,0.0081,0.3482,144
900000.0,0.0,0.0,0.0,8.0,5.93604242475582,1,0,2,0,1,0.7071,0.2952,0.3623,0.0081,0.3482,141
11000000.0,0.0,0.0,0.0,280.0,5.27924508091193,20,1,8,0,1,0.7071,0.2952,0.3623,0.0081,0.3482,137
75000000.0,0.0,0.0,0.0,750.0,0.755473573853636,44,2,11,4,6,2.0,0.2022,2.0,0.1095,1.283,148
75000000.0,0.0,0.0,0.0,1400.0,11.1109219134793,0,0,16,0,0,2.0,0.2022,2.0,0.1095,1.283,149
265000000.0,0.0,0.0,0.0,918.0,11.1109219134793,0,0,16,0,0,2.0,0.2022,2.0,0.1095,1.283,149
11000000.0,0.0,0.0,0.0,40.0,2.84398458757585,12,1,1,1,8,2.0,0.2022,2.0,0.1095,1.283,-1
90000000.0,0.0,0.0,0.0,750.0,0.381684999506659,28,2,10,4,20,2.0,0.2022,2.0,0.1095,1.283,150
24000000.0,0.0,0.0,0.0,190.0,11.1109219134793,0,0,16,0,0,2.0,0.2022,2.0,0.1095,1.283,149
24000000.0,0.0,0.0,0.0,190.0,0.381684999506659,28,2,10,4,20,2.0,0.2022,2.0,0.1095,1.283,150
30000000.0,0.0,0.0,0.0,548.0,0.0384152290159574,54,1,24,4,2,2.0,0.2022,2.0,0.1095,1.283,-1
32000000.0,0.0,0.0,0.0,203.0,0.384480276576782,51,1,26,5,3,2.0,0.2022,2.0,0.1095,1.283,151
32000000.0,0.0,0.0,0.0,203.0,0.384480276576782,51,1,26,5,3,2.0,0.2022,2.0,0.1095,1.283,151
32000000.0,0.0,0.0,0.0,203.0,0.384480276576782,51,1,26,5,3,2.0,0.2022,2.0,0.1095,1.283,151
32000000.0,0.0,0.0,0.0,203.0,0.384480276576782,51,1,26,5,3,2.0,0.2022,2.0,0.1095,1.283,151
90000000.0,0.0,0.0,0.0,750.0,0.381684999506659,28,2,10,4,20,2.0,0.2022,2.0,0.1095,1.283,150
422400000.0,0.0,0.0,0.0,1320.0,0.126459381726008,54,1,23,4,2,2.0,0.2022,2.0,0.1095,1.283,-1
650000000.0,0.0,0.0,0.0,898.0,0.755473573853636,44,2,11,4,6,2.0,0.2022,2.0,0.1095,1.283,148
19000000.000000004,0.0,0.0,0.0,165.025,0.45175656259926,48,2,19,2,5,2.0,0.2022,2.0,0.1095,1.283,-1
36500000.0,0.0,0.0,0.0,243.0,2.28831356446788,13,1,0,1,4,2.0,0.2022,2.0,0.1095,1.283,-1
285600000.0,0.0,0.0,0.0,2040.0,0.167333345225531,33,1,21,3,5,2.0,0.2022,2.0,0.1095,1.283,152
100000000.0,0.0,0.0,0.0,750.0,0.578802121237024,25,1,18,2,4,2.0,0.2022,2.0,0.1095,1.283,153
74250000.0,0.0,0.0,0.0,1650.0,0.384480276576782,51,1,26,5,3,2.0,0.2022,2.0,0.1095,1.283,151
18000000000.0,0.0,0.0,0.0,45000.0,1.30128257323162,37,3,5,4,9,2.0,0.2022,2.0,0.1095,1.283,-1
90000000.0,0.0,0.0,0.0,750.0,0.126459381726008,54,1,23,4,2,2.0,0.2022,2.0,0.1095,1.283,-1
25000000.0,0.0,0.0,0.0,396.0,0.578802121237024,25,1,18,2,4,2.0,0.2022,2.0,0.1095,1.283,153
480000000.0,0.0,0.0,0.0,3200.0,1.22105812960494,22,2,1,0,22,2.0,0.2022,2.0,0.1095,1.283,154
1125000000.0,0.0,0.0,0.0,7500.0,1.22105812960494,22,2,1,0,22,2.0,0.2022,2.0,0.1095,1.283,154
120000000.0,0.0,0.0,0.0,1250.0,0.199562405674351,24,1,18,2,4,2.0,0.2022,2.0,0.1095,1.283,153
280720000.0,0.0,0.0,0.0,2552.0,0.578802121237024,25,1,18,2,4,2.0,0.2022,2.0,0.1095,1.283,153
54050000.0,0.0,0.0,0.0,235.0,0.755473573853636,44,2,11,4,6,2.0,0.2022,2.0,0.1095,1.283,148
32000000.0,0.0,0.0,0.0,203.0,0.384480276576782,51,1,26,5,3,2.0,0.2022,2.0,0.1095,1.283,151
280720000.0,0.0,0.0,0.0,2552.0,0.578802121237024,25,1,18,2,4,2.0,0.2022,2.0,0.1095,1.283,153
85000000.0,0.0,0.0,0.0,924.0,0.578802121237024,25,1,18,2,4,2.0,0.2022,2.0,0.1095,1.283,153
685000000.0,0.0,0.0,0.0,4554.0,1.22105812960494,22,2,1,0,22,2.0,0.2022,2.0,0.1095,1.283,154
90000000.0,0.0,0.0,0.0,750.0,0.381684999506659,28,2,10,4,20,2.0,0.2022,2.0,0.1095,1.283,150
880200000.0000001,0.0,0.0,0.0,5868.0,1.22105812960494,22,2,1,0,22,2.0,0.2022,2.0,0.1095,1.283,154
810000000.0,0.0,0.0,0.0,3521.0,1.22105812960494,22,2,1,0,22,2.0,0.2022,2.0,0.1095,1.283,154
4200000000.0,0.0,0.0,0.0,21000.0,1.22105812960494,22,2,1,0,22,2.0,0.2022,2.0,0.1095,1.283,154
990000000.0,0.0,0.0,0.0,900.0,11.1109219134793,0,0,16,0,0,2.0,0.2022,2.0,0.1095,1.283,149
410000000.0,0.0,0.0,0.0,4063.0,1.22105812960494,22,2,1,0,22,2.0,0.2022,2.0,0.1095,1.283,154
1130000000.0,0.0,0.0,0.0,3740.0,1.22105812960494,22,2,1,0,22,2.0,0.2022,2.0,0.1095,1.283,154
150000000.0,0.0,0.0,0.0,2244.0,0.167333345225531,33,1,21,3,5,2.0,0.2022,2.0,0.1095,1.283,152
275000000.0,0.0,0.0,0.0,1831.0,0.849027357349156,48,4,10,1,5,2.0,0.2022,2.0,0.1095,1.283,-1
3709000000.0,0.0,0.0,0.0,7418.0,1.22105812960494,22,2,1,0,22,2.0,0.2022,2.0,0.1095,1.283,154
293480000.0,0.0,0.0,0.0,2552.0,0.578802121237024,25,1,18,2,4,2.0,0.2022,2.0,0.1095,1.283,153
293480000.0,0.0,0.0,0.0,2552.0,0.578802121237024,25,1,18,2,4,2.0,0.2022,2.0,0.1095,1.283,153
293480000.0,0.0,0.0,0.0,2552.0,0.578802121237024,25,1,18,2,4,2.0,0.2022,2.0,0.1095,1.283,153
1080060000.0,0.0,0.0,0.0,4600.0,0.755473573853636,44,2,11,4,6,2.0,0.2022,2.0,0.1095,1.283,148
356400000.0,0.0,0.0,0.0,1320.0,0.167333345225531,33,1,21,3,5,2.0,0.2022,2.0,0.1095,1.283,152
90000000.0,0.0,0.0,0.0,750.0,0.487524306297299,48,3,17,4,7,2.0,0.2022,2.0,0.1095,1.283,-1
360000000.0,0.0,0.0,0.0,3000.0,11.1109219134793,0,0,16,0,0,2.0,0.2022,2.0,0.1095,1.283,149
38000000.00000001,0.0,0.0,0.0,591.0,0.167333345225531,33,1,21,3,5,2.0,0.2022,2.0,0.1095,1.283,152
2216700210.0,0.0,0.0,0.0,10000.0,1.30128257323162,37,3,5,4,9,2.0,0.2022,2.0,0.1095,1.283,-1
11550000000.0,0.0,0.0,0.0,21000.0,1.30128257323162,37,3,5,4,9,2.0,0.2022,2.0,0.1095,1.283,-1
651750000.0,0.0,0.0,0.0,1185.0,1.30128257323162,37,3,5,4,9,2.0,0.2022,2.0,0.1095,1.283,-1
630000000.0,0.0,0.0,0.0,1800.0,0.755473573853636,44,2,11,4,6,2.0,0.2022,2.0,0.1095,1.283,148
318000000.0,0.0,0.0,0.0,2800.0,11.1109219134793,0,0,16,0,0,2.0,0.2022,2.0,0.1095,1.283,149
700000000.0,0.0,0.0,0.0,1110.0,1.30128257323162,37,3,5,4,9,2.0,0.2022,2.0,0.1095,1.283,-1
264000000.0,0.0,0.0,0.0,1760.0,0.45175656259926,48,2,19,2,5,2.0,0.2022,2.0,0.1095,1.283,-1
48150000000.0,0.0,0.0,0.0,107000.0,11.1109219134793,0,0,16,0,0,2.0,0.2022,2.0,0.1095,1.283,-1
320000000.0,0.0,0.0,0.0,1960.0,0.280410198549775,47,1,18,5,6,2.0,0.2022,2.0,0.1095,1.283,-1
422400000.0,0.0,0.0,0.0,1320.0,0.381684999506659,28,2,10,4,20,2.0,0.2022,2.0,0.1095,1.283,150
925000000.0,0.0,0.0,0.0,4402.0,1.22105812960494,22,2,1,0,22,2.0,0.2022,2.0,0.1095,1.283,154
3453840000.0,0.0,0.0,0.0,7195.5,1.30128257323162,37,3,5,4,9,2.0,0.2022,2.0,0.1095,1.283,-1
422400000.0,0.0,0.0,0.0,1320.0,0.282011139240669,33,1,22,3,5,2.0,0.2022,2.0,0.1095,1.283,152
880400000.0,0.0,0.0,0.0,4402.0,0.578802121237024,25,1,18,2,4,2.0,0.2022,2.0,0.1095,1.283,153
85000000.0,0.0,0.0,0.0,924.0,0.578802121237024,25,1,18,2,4,2.0,0.2022,2.0,0.1095,1.283,153
5280000000.0,0.0,0.0,0.0,44000.0,9.92866376934322,18,1,7,2,4,0.4337,0.1972,0.3283,0.2529,0.4976,160
146400000.0,0.0,0.0,0.0,488.0,7.35246929490391,14,0,11,1,18,0.4337,0.1972,0.3283,0.2529,0.4976,-1
38500000.0,0.0,0.0,0.0,362.0,7.86738621998867,22,0,11,3,18,0.4337,0.1972,0.3283,0.2529,0.4976,155
251685000.0,0.0,0.0,0.0,2961.0,8.2313236961482,4,0,23,1,3,0.4337,0.1972,0.3283,0.2529,0.4976,156
245250000.0,0.0,0.0,0.0,1635.0,8.72794195978488,4,3,11,1,6,0.4337,0.1972,0.3283,0.2529,0.4976,-1
3480000.0,0.0,0.0,0.0,120.0,10.318844463984,0,1,8,2,2,0.4337,0.1972,0.3283,0.2529,0.4976,157
950625.0,0.0,0.0,0.0,12.5,9.33066880165283,0,0,7,0,1,0.4337,0.1972,0.3283,0.2529,0.4976,158
207000000.0,0.0,0.0,0.0,1151.0,7.86738621998867,22,0,11,3,18,0.4337,0.1972,0.3283,0.2529,0.4976,155
200000000.0,0.0,0.0,0.0,633.0,8.65135328882825,13,3,8,6,4,0.4337,0.1972,0.3283,0.2529,0.4976,159
200000000.0,0.0,0.0,0.0,633.0,8.65135328882825,13,3,8,6,4,0.4337,0.1972,0.3283,0.2529,0.4976,159
1000000000.0,0.0,0.0,0.0,10250.0,10.5280119560389,0,0,7,0,2,0.4337,0.1972,0.3283,0.2529,0.4976,158
165200001.0,0.0,0.0,590.0,591.0,6.9881157109387,19,1,10,1,37,0.4337,0.1972,0.3283,0.2529,0.4976,-1
3600000.0,0.0,0.0,0.0,120.0,10.5280119560389,0,0,7,0,2,0.4337,0.1972,0.3283,0.2529,0.4976,158
5589000.0,0.0,0.0,0.0,138.0,10.318844463984,0,1,8,2,2,0.4337,0.1972,0.3283,0.2529,0.4976,157
185000000.0,0.0,0.0,0.0,1151.0,7.86738621998867,22,0,11,3,18,0.4337,0.1972,0.3283,0.2529,0.4976,155
180000000.0,0.0,0.0,0.0,874.0,9.92866376934322,18,1,7,2,4,0.4337,0.1972,0.3283,0.2529,0.4976,160
31873500.0,0.0,0.0,0.0,787.0,10.318844463984,0,1,8,2,2,0.4337,0.1972,0.3283,0.2529,0.4976,157
65000000.0,0.0,0.0,0.0,468.0,8.92132045859767,16,1,17,5,8,0.4337,0.1972,0.3283,0.2529,0.4976,-1
3480000.0,0.0,0.0,0.0,120.0,10.318844463984,0,1,8,2,2,0.4337,0.1972,0.3283,0.2529,0.4976,157
30000000.0,0.0,0.0,0.0,475.0,8.71334749037322,16,0,21,4,9,0.4337,0.1972,0.3283,0.2529,0.4976,-1
5103000.0,0.0,0.0,0.0,126.0,10.318844463984,0,1,8,2,2,0.4337,0.1972,0.3283,0.2529,0.4976,157
7140000.0,0.0,0.0,0.0,170.0,10.318844463984,0,1,8,2,2,0.4337,0.1972,0.3283,0.2529,0.4976,157
16038000.0,0.0,0.0,0.0,396.0,10.318844463984,0,1,8,2,2,0.4337,0.1972,0.3283,0.2529,0.4976,157
1000000000.0,0.0,0.0,0.0,10250.0,8.2313236961482,4,0,23,1,3,0.4337,0.1972,0.3283,0.2529,0.4976,156
1000000000.0,0.0,0.0,0.0,10250.0,8.2313236961482,4,0,23,1,3,0.4337,0.1972,0.3283,0.2529,0.4976,156
5820000.0,0.0,0.0,0.0,194.0,10.318844463984,0,1,8,2,2,0.4337,0.1972,0.3283,0.2529,0.4976,157
3480000.0,0.0,0.0,0.0,120.0,10.318844463984,0,1,8,2,2,0.4337,0.1972,0.3283,0.2529,0.4976,157
200000000.0,0.0,0.0,0.0,2354.0,8.17478688001151,13,0,23,2,10,0.4337,0.1972,0.3283,0.2529,0.4976,-1
299030000.0,0.0,0.0,0.0,3518.0,10.5280119560389,0,0,7,0,2,0.4337,0.1972,0.3283,0.2529,0.4976,158
5500000.0,0.0,0.0,0.0,123.0,10.318844463984,0,1,8,2,2,0.4337,0.1972,0.3283,0.2529,0.4976,157
631720000.0,0.0,0.0,0.0,3716.0,9.24067969512296,15,1,0,7,3,0.4337,0.1972,0.3283,0.2529,0.4976,-1
75000000.0,0.0,0.0,0.0,402.0,6.9881157109387,19,1,10,1,37,0.4337,0.1972,0.3283,0.2529,0.4976,161
102750000.0,0.0,0.0,0.0,650.0,6.9881157109387,19,1,10,1,37,0.4337,0.1972,0.3283,0.2529,0.4976,161
236688000.0,0.0,0.0,0.0,2961.0,8.2313236961482,4,0,23,1,3,0.4337,0.1972,0.3283,0.2529,0.4976,156
8365000.0,0.0,0.0,0.0,119.5,11.6883876419701,4,0,13,2,3,0.4337,0.1972,0.3283,0.2529,0.4976,-1
3480000.0,0.0,0.0,0.0,120.0,10.318844463984,0,1,8,2,2,0.4337,0.1972,0.3283,0.2529,0.4976,157
350000000.0,0.0,0.0,0.0,1601.0,8.65135328882825,13,3,8,6,4,0.4337,0.1972,0.3283,0.2529,0.4976,159
107000000.0,0.0,0.0,0.0,535.0,6.9881157109387,19,1,10,1,37,0.4337,0.1972,0.3283,0.2529,0.4976,161
3500000.0,0.0,0.0,0.0,42.0,7.86738621998867,22,0,11,3,18,0.4337,0.1972,0.3283,0.2529,0.4976,155
10000000.0,0.0,0.0,0.0,135.0,7.86738621998867,22,0,11,3,18,0.4337,0.1972,0.3283,0.2529,0.4976,155
294280000.0,0.0,0.0,0.0,1051.0,8.65135328882825,13,3,8,6,4,0.4337,0.1972,0.3283,0.2529,0.4976,159
75000000.0,0.0,0.0,0.0,1875.0,10.5925321914152,16,0,11,5,3,0.4337,0.1972,0.3283,0.2529,0.4976,-1
200000000.0,0.0,0.0,0.0,633.0,8.65135328882825,13,3,8,6,4,0.4337,0.1972,0.3283,0.2529,0.4976,159
20000000.0,0.0,0.0,0.0,200.0,7.86738621998867,22,0,11,3,18,0.4337,0.1972,0.3283,0.2529,0.4976,155
300000000.0,0.0,0.0,0.0,3803.0,8.50384163096369,18,0,23,4,11,0.4337,0.1972,0.3283,0.2529,0.4976,-1
44000000.0,0.0,0.0,0.0,280.0,6.9881157109387,19,1,10,1,37,0.4337,0.1972,0.3283,0.2529,0.4976,161
148000000.0,0.0,0.0,0.0,414.0,8.65135328882825,13,3,8,6,4,0.4337,0.1972,0.3283,0.2529,0.4976,159
39130000.0,0.0,0.0,0.0,301.0,7.86738621998867,22,0,11,3,18,0.4337,0.1972,0.3283,0.2529,0.4976,155
200000000.0,0.0,0.0,0.0,725.0,8.52326622730568,12,3,11,0,2,0.4337,0.1972,0.3283,0.2529,0.4976,-1
5190960000.0,0.0,0.0,0.0,43258.0,9.92866376934322,18,1,7,2,4,0.4337,0.1972,0.3283,0.2529,0.4976,160
16000000.0,0.0,0.0,0.0,236.0,10.5925321914152,16,0,11,5,3,0.4337,0.1972,0.3283,0.2529,0.4976,-1
55000000.0,0.0,0.0,468.0,468.0,8.92132045859767,16,1,17,5,8,0.4337,0.1972,0.3283,0.2529,0.4976,-1
11000000.0,0.0,0.0,0.0,200.0,8.65135328882825,13,3,8,6,4,0.4337,0.1972,0.3283,0.2529,0.4976,159
7980000.0,0.0,0.0,0.0,190.0,10.318844463984,0,1,8,2,2,0.4337,0.1972,0.3283,0.2529,0.4976,157
12499999.999999998,0.0,0.0,0.0,147.0,7.86738621998867,22,0,11,3,18,0.4337,0.1972,0.3283,0.2529,0.4976,155
5300000.0,0.0,0.0,0.0,123.0,10.318844463984,0,1,8,2,2,0.4337,0.1972,0.3283,0.2529,0.4976,157
554800000.0,0.0,0.0,0.0,5548.0,9.63029571799163,0,1,5,2,4,0.4337,0.1972,0.3283,0.2529,0.4976,-1
38665000.0,0.0,0.0,0.0,1045.0,10.5925321914152,16,0,11,5,3,0.4337,0.1972,0.3283,0.2529,0.4976,-1
87600000.0,0.0,0.0,0.0,438.0,7.86738621998867,22,0,11,3,18,0.4337,0.1972,0.3283,0.2529,0.4976,155
200000000.0,0.0,0.0,0.0,888.0,8.3633635429957,12,3,5,6,20,0.4337,0.1972,0.3283,0.2529,0.4976,-1
200000000.0,0.0,0.0,0.0,633.0,8.96704163485403,15,1,3,6,3,0.4337,0.1972,0.3283,0.2529,0.4976,162
360000000.0,0.0,0.0,0.0,3000.0,10.318844463984,0,1,8,2,2,0.4337,0.1972,0.3283,0.2529,0.4976,157
6160000.0,0.0,0.0,0.0,154.0,10.318844463984,0,1,8,2,2,0.4337,0.1972,0.3283,0.2529,0.4976,157
1311750000.0,0.0,0.0,0.0,1749.0,7.34177037866543,22,11,10,0,62,0.4337,0.1972,0.3283,0.2529,0.4976,163
151100000.0,0.0,0.0,0.0,720.0,8.97405530394928,16,1,5,4,3,0.4337,0.1972,0.3283,0.2529,0.4976,164
708400000.0,0.0,0.0,0.0,1012.0,7.34177037866543,22,11,10,0,62,0.4337,0.1972,0.3283,0.2529,0.4976,163
4325800000.0,0.0,0.0,0.0,43258.0,11.6883876419701,4,0,13,2,3,0.4337,0.1972,0.3283,0.2529,0.4976,-1
120120000.0,0.0,0.0,0.0,961.0,8.93351541410385,15,0,14,4,3,0.4337,0.1972,0.3283,0.2529,0.4976,-1
535450000.00000006,0.0,0.0,0.0,5354.5,8.75603715311942,10,0,21,3,6,0.4337,0.1972,0.3283,0.2529,0.4976,-1
708400000.0,0.0,0.0,0.0,1000.0,7.34177037866543,22,11,10,0,62,0.4337,0.1972,0.3283,0.2529,0.4976,163
41999999.99999999,0.0,0.0,0.0,280.0,6.9881157109387,19,1,10,1,37,0.4337,0.1972,0.3283,0.2529,0.4976,161
69800000.0,0.0,0.0,0.0,675.0,7.62169027865081,20,2,13,0,39,0.4337,0.1972,0.3283,0.2529,0.4976,-1
206550000.0,0.0,0.0,0.0,1377.0,8.97405530394928,16,1,5,4,3,0.4337,0.1972,0.3283,0.2529,0.4976,164
60000000.0,0.0,0.0,0.0,492.0,11.6883876419701,4,0,13,2,3,0.4337,0.1972,0.3283,0.2529,0.4976,-1
1311750000.0,0.0,0.0,0.0,1749.0,7.49031821221385,22,11,11,0,65,0.4337,0.1972,0.3283,0.2529,0.4976,163
302940000.0,0.0,0.0,0.0,1377.0,8.65135328882825,13,3,8,6,4,0.4337,0.1972,0.3283,0.2529,0.4976,159
200000000.0,0.0,0.0,0.0,800.0,8.52326622730568,12,3,11,0,2,0.4337,0.1972,0.3283,0.2529,0.4976,-1
239420000.0,0.0,0.0,0.0,855.0,8.3562722265403,16,2,14,0,15,0.4337,0.1972,0.3283,0.2529,0.4976,-1
721500000.0,0.0,0.0,0.0,2886.0,7.86738621998867,22,0,11,3,18,0.4337,0.1972,0.3283,0.2529,0.4976,155
631720000.0,0.0,0.0,0.0,3716.0,9.24067969512296,15,1,0,7,3,0.4337,0.1972,0.3283,0.2529,0.4976,-1
120000000.0,0.0,0.0,0.0,400.0,8.96704163485403,15,1,3,6,3,0.4337,0.1972,0.3283,0.2529,0.4976,162
1269405000.0,0.0,0.0,0.0,9403.0,9.78035267453982,9,1,13,5,5,0.4337,0.1972,0.3283,0.2529,0.4976,165
990000.0,0.0,0.0,0.0,18.0,6.9881157109387,19,1,10,1,37,0.4337,0.1972,0.3283,0.2529,0.4976,161
130000000.0,0.0,0.0,0.0,1950.0,8.72794195978488,4,3,11,1,6,0.4337,0.1972,0.3283,0.2529,0.4976,-1
1000000000.0,0.0,0.0,0.0,10250.0,8.2313236961482,4,0,23,1,3,0.4337,0.1972,0.3283,0.2529,0.4976,156
294280000.0,0.0,0.0,0.0,1051.0,8.65135328882825,13,3,8,6,4,0.4337,0.1972,0.3283,0.2529,0.4976,159
296500000.0,0.0,0.0,0.0,2965.0,8.2313236961482,4,0,23,1,3,0.4337,0.1972,0.3283,0.2529,0.4976,156
750000000.0,0.0,0.0,0.0,1424.0,9.92866376934322,18,1,7,2,4,0.4337,0.1972,0.3283,0.2529,0.4976,160
384660000.0,0.0,0.0,0.0,6411.0,9.55997256254828,10,1,17,3,6,0.4337,0.1972,0.3283,0.2529,0.4976,-1
200000000.0,0.0,0.0,0.0,633.0,8.96704163485403,15,1,3,6,3,0.4337,0.1972,0.3283,0.2529,0.4976,162
111640000.0,0.0,0.0,0.0,2791.0,9.55997256254828,10,1,17,3,6,0.4337,0.1972,0.3283,0.2529,0.4976,-1
11095000.0,0.0,0.0,0.0,317.0,9.95924466628813,0,1,6,1,3,0.4337,0.1972,0.3283,0.2529,0.4976,-1
450000000.0,0.0,0.0,0.0,2820.0,7.86738621998867,22,0,11,3,18,0.4337,0.1972,0.3283,0.2529,0.4976,155
165200000.0,0.0,0.0,0.0,413.0,8.65135328882825,13,3,8,6,4,0.4337,0.1972,0.3283,0.2529,0.4976,159
1890000000.0,0.0,0.0,0.0,4200.0,9.92866376934322,18,1,7,2,4,0.4337,0.1972,0.3283,0.2529,0.4976,160
76000000.00000001,0.0,0.0,0.0,250.0,7.22107232498552,19,0,16,1,11,0.4337,0.1972,0.3283,0.2529,0.4976,-1
440000000.0,0.0,0.0,0.0,2000.0,8.97405530394928,16,1,5,4,3,0.4337,0.1972,0.3283,0.2529,0.4976,164
180000000.0,0.0,0.0,0.0,1500.0,6.9881157109387,19,1,10,1,37,0.4337,0.1972,0.3283,0.2529,0.4976,161
400000000.0,0.0,0.0,0.0,2000.0,8.65135328882825,13,3,8,6,4,0.4337,0.1972,0.3283,0.2529,0.4976,159
90000000.0,0.0,0.0,0.0,567.0,7.22107232498552,19,0,16,1,11,0.4337,0.1972,0.3283,0.2529,0.4976,-1
595040000.0,0.0,0.0,0.0,3719.0,9.24067969512296,15,1,0,7,3,0.4337,0.1972,0.3283,0.2529,0.4976,-1
257600000.0,0.0,0.0,0.0,920.0,8.97405530394928,16,1,5,4,3,0.4337,0.1972,0.3283,0.2529,0.4976,164
231200000.0,0.0,0.0,0.0,1156.0,8.65135328882825,13,3,8,6,4,0.4337,0.1972,0.3283,0.2529,0.4976,159
10000000.0,0.0,0.0,0.0,69.0,9.92866376934322,18,1,7,2,4,0.4337,0.1972,0.3283,0.2529,0.4976,160
45000000.0,0.0,0.0,0.0,280.0,6.9881157109387,19,1,10,1,37,0.4337,0.1972,0.3283,0.2529,0.4976,161
45000000.0,0.0,0.0,0.0,890.0,9.55997256254828,10,1,17,3,6,0.4337,0.1972,0.3283,0.2529,0.4976,-1
8249999.999999998,0.0,0.0,0.0,150.0,9.78035267453982,9,1,13,5,5,0.4337,0.1972,0.3283,0.2529,0.4976,165
200000000.0,0.0,0.0,0.0,724.0,8.67085724782919,12,2,8,6,1,0.4337,0.1972,0.3283,0.2529,0.4976,-1
68000000.0,0.0,0.0,0.0,432.0,7.86738621998867,22,0,11,3,18,0.4337,0.1972,0.3283,0.2529,0.4976,155
756000000.0,0.0,0.0,0.0,3600.0,8.65135328882825,13,3,8,6,4,0.4337,0.1972,0.3283,0.2529,0.4976,159
159375000.0,0.0,0.0,0.0,1875.0,9.55997256254828,10,1,17,3,6,0.4337,0.1972,0.3283,0.2529,0.4976,-1
65000000.0,0.0,0.0,0.0,500.0,8.50384163096369,18,0,23,4,11,0.4337,0.1972,0.3283,0.2529,0.4976,-1
289750000.0,0.0,0.0,0.0,1159.0,8.65135328882825,13,3,8,6,4,0.4337,0.1972,0.3283,0.2529,0.4976,159
9859999.999999998,0.0,0.0,0.0,170.0,9.78035267453982,9,1,13,5,5,0.4337,0.1972,0.3283,0.2529,0.4976,165
202560000.0,0.0,0.0,0.0,633.0,8.96704163485403,15,1,3,6,3,0.4337,0.1972,0.3283,0.2529,0.4976,162
125000000.0,0.0,0.0,0.0,400.0,8.96704163485403,15,1,3,6,3,0.4337,0.1972,0.3283,0.2529,0.4976,162
10395000.0,0.0,0.0,0.0,189.0,9.78035267453982,9,1,13,5,5,0.4337,0.1972,0.3283,0.2529,0.4976,165
125700000.0,0.0,0.0,0.0,449.0,8.65135328882825,13,3,8,6,4,0.4337,0.1972,0.3283,0.2529,0.4976,159
99000000.0,0.0,0.0,0.0,1240.0,9.22896114436898,15,1,16,5,13,0.4337,0.1972,0.3283,0.2529,0.4976,-1
436000000.0,0.0,0.0,0.0,2000.0,8.65135328882825,13,3,8,6,4,0.4337,0.1972,0.3283,0.2529,0.4976,159
126840000.0,0.0,0.0,0.0,453.0,8.97405530394928,16,1,5,4,3,0.4337,0.1972,0.3283,0.2529,0.4976,164
189700000.0,0.0,0.0,0.0,542.0,8.65135328882825,13,3,8,6,4,0.4337,0.1972,0.3283,0.2529,0.4976,159
15344000.0,0.0,0.0,0.0,167.0,10.318844463984,0,1,8,2,2,0.4337,0.1972,0.3283,0.2529,0.4976,157
918000000.0,0.0,0.0,0.0,10200.0,7.49031821221385,22,11,11,0,65,0.4337,0.1972,0.3283,0.2529,0.4976,163
613140000.0,0.0,0.0,0.0,3716.0,9.24067969512296,15,1,0,7,3,0.4337,0.1972,0.3283,0.2529,0.4976,-1
28000000.0,0.0,0.0,0.0,77.0,10.022048422864,9,0,14,4,4,0.4337,0.1972,0.3283,0.2529,0.4976,-1
130000000.0,0.0,0.0,0.0,1950.0,8.72794195978488,4,3,11,1,6,0.4337,0.1972,0.3283,0.2529,0.4976,-1
675000000.0,0.0,0.0,0.0,2700.0,8.65135328882825,13,3,8,6,4,0.4337,0.1972,0.3283,0.2529,0.4976,159
777000000.0,0.0,0.0,0.0,3700.0,7.86738621998867,22,0,11,3,18,0.4337,0.1972,0.3283,0.2529,0.4976,155
200000000.0,0.0,0.0,0.0,888.0,8.93351541410385,15,0,14,4,3,0.4337,0.1972,0.3283,0.2529,0.4976,-1
1311750000.0,0.0,0.0,0.0,1749.0,7.49031821221385,22,11,11,0,65,0.4337,0.1972,0.3283,0.2529,0.4976,163
218362500.0,0.0,0.0,0.0,2911.5,10.5925321914152,16,0,11,5,3,0.4337,0.1972,0.3283,0.2529,0.4976,-1
132000000.0,0.0,0.0,0.0,2199.0,8.72794195978488,4,3,11,1,6,0.4337,0.1972,0.3283,0.2529,0.4976,-1
72000000.0,0.0,0.0,0.0,1200.0,8.2313236961482,4,0,23,1,3,0.4337,0.1972,0.3283,0.2529,0.4976,156
5070000.000000001,0.0,0.0,0.0,120.0,11.6883876419701,4,0,13,2,3,0.4337,0.1972,0.3283,0.2529,0.4976,-1
1534000.0,0.0,0.0,0.0,64.0,8.65135328882825,13,3,8,6,4,0.4337,0.1972,0.3283,0.2529,0.4976,159
13200000.0,0.0,0.0,0.0,330.0,10.5280119560389,0,0,7,0,2,0.4337,0.1972,0.3283,0.2529,0.4976,158
49000000.0,0.0,0.0,0.0,460.0,9.78035267453982,9,1,13,5,5,0.4337,0.1972,0.3283,0.2529,0.4976,165
4325800000.0,0.0,0.0,0.0,43258.0,9.92866376934322,18,1,7,2,4,0.4337,0.1972,0.3283,0.2529,0.4976,160
570000000.0,0.0,0.0,0.0,6000.0,9.95924466628813,0,1,6,1,3,0.4337,0.1972,0.3283,0.2529,0.4976,-1
36000000.0,0.0,0.0,0.0,300.0,6.64522028833831,7,0,8,1,2,0.9248,0.5111,0.4807,0.188,1.2403,166
36000000.0,0.0,0.0,0.0,300.0,6.64522028833831,7,0,8,1,2,0.9248,0.5111,0.4807,0.188,1.2403,166
37200000.0,0.0,0.0,0.0,248.0,2.3234668760911,16,0,11,1,3,0.9248,0.5111,0.4807,0.188,1.2403,-1
35000000.0,0.0,0.0,0.0,475.0,3.64076377074438,18,0,12,12,4,0.9248,0.5111,0.4807,0.188,1.2403,167
67200000.0,0.0,0.0,0.0,448.0,2.54986964866086,2,0,10,1,6,0.9248,0.5111,0.4807,0.188,1.2403,166
160000000.0,0.0,0.0,0.0,486.0,8.73421801665623,8,3,6,0,2,0.9248,0.5111,0.4807,0.188,1.2403,168
15000000.0,0.0,0.0,0.0,140.0,1.25091495351108,26,0,16,4,5,0.9248,0.5111,0.4807,0.188,1.2403,169
217000000.0,0.0,0.0,0.0,477.0,2.7369117038673,25,2,12,2,9,0.9248,0.5111,0.4807,0.188,1.2403,170
27000000.000000004,0.0,0.0,0.0,300.0,6.64522028833831,7,0,8,1,2,0.9248,0.5111,0.4807,0.188,1.2403,166
57600000.0,0.0,0.0,0.0,411.0,6.64522028833831,7,0,8,1,2,0.9248,0.5111,0.4807,0.188,1.2403,166
37000000.0,0.0,0.0,0.0,429.5,6.25731194755292,11,1,22,0,5,0.9248,0.5111,0.4807,0.188,1.2403,171
49999999.99999999,0.0,0.0,0.0,256.0,7.42661736833815,11,1,5,4,5,0.9248,0.5111,0.4807,0.188,1.2403,172
80850000.0,0.0,0.0,0.0,367.5,3.64076377074438,18,0,12,12,4,0.9248,0.5111,0.4807,0.188,1.2403,167
23460000.0,0.0,0.0,0.0,204.0,3.56934464205663,1,0,11,1,3,0.9248,0.5111,0.4807,0.188,1.2403,166
80000000.0,0.0,0.0,0.0,450.0,4.61678986532562,42,1,22,2,5,0.9248,0.5111,0.4807,0.188,1.2403,173
18000000.0,0.0,0.0,0.0,281.0,7.80786558941098,3,0,8,1,0,0.9248,0.5111,0.4807,0.188,1.2403,166
28000000.0,0.0,0.0,0.0,307.0,5.8785414560789,28,5,20,2,13,0.9248,0.5111,0.4807,0.188,1.2403,174
30615000.0,0.0,0.0,0.0,408.2,6.25731194755292,11,1,22,0,5,0.9248,0.5111,0.4807,0.188,1.2403,171
110000000.0,0.0,0.0,0.0,498.0,7.85333136183725,9,0,1,0,3,0.9248,0.5111,0.4807,0.188,1.2403,175
15000000.0,0.0,0.0,0.0,390.0,7.0745065472197,14,0,9,6,4,0.9248,0.5111,0.4807,0.188,1.2403,176
45000000.0,0.0,0.0,0.0,485.0,6.25731194755292,11,1,22,0,5,0.9248,0.5111,0.4807,0.188,1.2403,171
58319999.99999999,0.0,0.0,0.0,324.0,2.88792906961565,20,1,8,3,5,0.9248,0.5111,0.4807,0.188,1.2403,177
109250000.0,0.0,0.0,0.0,437.0,1.44380328611826,35,1,19,2,1,0.9248,0.5111,0.4807,0.188,1.2403,178
25000000.0,0.0,0.0,0.0,240.0,1.25091495351108,26,0,16,4,5,0.9248,0.5111,0.4807,0.188,1.2403,169
70800000.0,0.0,0.0,0.0,472.0,5.17178320830773,27,3,11,1,7,0.9248,0.5111,0.4807,0.188,1.2403,-1
110000000.0,0.0,0.0,0.0,498.0,7.85333136183725,9,0,1,0,3,0.9248,0.5111,0.4807,0.188,1.2403,175
72000000.0,0.0,0.0,0.0,400.0,6.64522028833831,7,0,8,1,2,0.9248,0.5111,0.4807,0.188,1.2403,166
14499999.999999998,0.0,0.0,0.0,235.0,1.37401459894944,4,0,11,2,0,0.9248,0.5111,0.4807,0.188,1.2403,179
12000000.0,0.0,0.0,0.0,300.0,7.87812974351034,9,0,15,0,1,0.9248,0.5111,0.4807,0.188,1.2403,180
60320000.0,0.0,0.0,0.0,377.0,4.71590507124514,37,3,16,1,6,0.9248,0.5111,0.4807,0.188,1.2403,181
15000000.0,0.0,0.0,0.0,300.0,7.07554678230017,7,1,20,2,3,0.9248,0.5111,0.4807,0.188,1.2403,182
9000000.0,0.0,0.0,0.0,300.0,7.07554678230017,7,1,20,2,3,0.9248,0.5111,0.4807,0.188,1.2403,182
22500000.0,0.0,0.0,0.0,300.0,4.16338733396283,55,0,18,2,5,0.9248,0.5111,0.4807,0.188,1.2403,183
22000000.0,0.0,0.0,0.0,204.0,1.40510830399541,12,0,15,3,2,0.9248,0.5111,0.4807,0.188,1.2403,184
33600000.0,0.0,0.0,0.0,300.0,8.55222698270135,4,0,5,1,1,0.9248,0.5111,0.4807,0.188,1.2403,166
36000000.0,0.0,0.0,0.0,300.0,7.87812974351034,9,0,15,0,1,0.9248,0.5111,0.4807,0.188,1.2403,180
40000000.0,0.0,0.0,0.0,401.0,8.19644063486182,0,0,2,0,1,0.9248,0.5111,0.4807,0.188,1.2403,175
36000000.0,0.0,0.0,0.0,300.0,8.19644063486182,0,0,2,0,1,0.9248,0.5111,0.4807,0.188,1.2403,175
36000000.0,0.0,0.0,0.0,300.0,7.87812974351034,9,0,15,0,1,0.9248,0.5111,0.4807,0.188,1.2403,180
33000000.0,0.0,0.0,0.0,300.0,6.64522028833831,7,0,8,1,2,0.9248,0.5111,0.4807,0.188,1.2403,166
35000000.0,0.0,0.0,0.0,401.0,8.19644063486182,0,0,2,0,1,0.9248,0.5111,0.4807,0.188,1.2403,175
27000000.000000004,0.0,0.0,0.0,300.0,6.64522028833831,7,0,8,1,2,0.9248,0.5111,0.4807,0.188,1.2403,166
36000000.0,0.0,0.0,0.0,300.0,7.87812974351034,9,0,15,0,1,0.9248,0.5111,0.4807,0.188,1.2403,180
36000000.0,0.0,0.0,0.0,300.0,7.87812974351034,9,0,15,0,1,0.9248,0.5111,0.4807,0.188,1.2403,180
36000000.0,0.0,0.0,0.0,300.0,7.87812974351034,9,0,15,0,1,0.9248,0.5111,0.4807,0.188,1.2403,180
36000000.0,0.0,0.0,0.0,300.0,7.87812974351034,9,0,15,0,1,0.9248,0.5111,0.4807,0.188,1.2403,180
27000000.000000004,0.0,0.0,0.0,300.0,6.64522028833831,7,0,8,1,2,0.9248,0.5111,0.4807,0.188,1.2403,166
31500000.0,0.0,0.0,0.0,300.0,8.19644063486182,0,0,2,0,1,0.9248,0.5111,0.4807,0.188,1.2403,175
36000000.0,0.0,0.0,0.0,300.0,7.87812974351034,9,0,15,0,1,0.9248,0.5111,0.4807,0.188,1.2403,180
36000000.0,0.0,0.0,0.0,300.0,7.87812974351034,9,0,15,0,1,0.9248,0.5111,0.4807,0.188,1.2403,180
34500000.0,0.0,0.0,0.0,300.0,6.64522028833831,7,0,8,1,2,0.9248,0.5111,0.4807,0.188,1.2403,166
3500000.0,0.0,0.0,0.0,50.0,1.37401459894944,4,0,11,2,0,0.9248,0.5111,0.4807,0.188,1.2403,179
105000000.0,0.0,0.0,0.0,443.5,4.68081921879901,18,1,8,0,4,0.46,0.3905,0.3591,0.359,0.6528,185
12145000.0,0.0,0.0,0.0,347.0,8.55222698270135,4,0,5,1,1,0.9248,0.5111,0.4807,0.188,1.2403,166
28800000.0,0.0,0.0,0.0,240.0,1.25091495351108,26,0,16,4,5,0.9248,0.5111,0.4807,0.188,1.2403,169
53000000.0,0.0,0.0,0.0,480.0,4.85467323284474,29,3,14,2,7,0.9248,0.5111,0.4807,0.188,1.2403,-1
10499999.999999998,0.0,0.0,0.0,150.0,3.10306844952484,11,0,17,4,5,0.9248,0.5111,0.4807,0.188,1.2403,-1
36000000.0,0.0,0.0,0.0,300.0,8.55222698270135,4,0,5,1,1,0.9248,0.5111,0.4807,0.188,1.2403,166
34500000.0,0.0,0.0,0.0,300.0,8.55222698270135,4,0,5,1,1,0.9248,0.5111,0.4807,0.188,1.2403,166
37500000.0,0.0,0.0,0.0,300.0,6.64522028833831,7,0,8,1,2,0.9248,0.5111,0.4807,0.188,1.2403,166
36000000.0,0.0,0.0,0.0,300.0,8.19644063486182,0,0,2,0,1,0.9248,0.5111,0.4807,0.188,1.2403,175
34500000.0,0.0,0.0,0.0,300.0,8.19644063486182,0,0,2,0,1,0.9248,0.5111,0.4807,0.188,1.2403,175
39160000.0,0.0,0.0,0.0,356.0,8.19644063486182,0,0,2,0,1,0.9248,0.5111,0.4807,0.188,1.2403,175
34500000.0,0.0,0.0,0.0,300.0,8.19644063486182,0,0,2,0,1,0.9248,0.5111,0.4807,0.188,1.2403,175
36000000.0,0.0,0.0,0.0,300.0,6.64522028833831,7,0,8,1,2,0.9248,0.5111,0.4807,0.188,1.2403,166
28910000.0,0.0,0.0,0.0,413.0,8.19644063486182,0,0,2,0,1,0.9248,0.5111,0.4807,0.188,1.2403,175
34000000.0,0.0,0.0,0.0,300.0,8.19644063486182,0,0,2,0,1,0.9248,0.5111,0.4807,0.188,1.2403,175
33000000.0,0.0,0.0,0.0,300.0,8.19644063486182,0,0,2,0,1,0.9248,0.5111,0.4807,0.188,1.2403,175
36000000.0,0.0,0.0,0.0,300.0,8.55222698270135,4,0,5,1,1,0.9248,0.5111,0.4807,0.188,1.2403,166
33000000.0,0.0,0.0,0.0,300.0,8.19644063486182,0,0,2,0,1,0.9248,0.5111,0.4807,0.188,1.2403,175
33000000.0,0.0,0.0,0.0,300.0,8.19644063486182,0,0,2,0,1,0.9248,0.5111,0.4807,0.188,1.2403,175
37500000.0,0.0,0.0,0.0,300.0,8.55222698270135,4,0,5,1,1,0.9248,0.5111,0.4807,0.188,1.2403,166
30000000.0,0.0,0.0,0.0,300.0,8.19910087648343,0,0,2,0,1,0.9248,0.5111,0.4807,0.188,1.2403,175
33000000.0,0.0,0.0,0.0,300.0,8.19644063486182,0,0,2,0,1,0.9248,0.5111,0.4807,0.188,1.2403,175
33000000.0,0.0,0.0,0.0,300.0,8.19644063486182,0,0,2,0,1,0.9248,0.5111,0.4807,0.188,1.2403,175
31500000.0,0.0,0.0,0.0,300.0,8.19644063486182,0,0,2,0,1,0.9248,0.5111,0.4807,0.188,1.2403,175
33000000.0,0.0,0.0,0.0,300.0,8.19644063486182,0,0,2,0,1,0.9248,0.5111,0.4807,0.188,1.2403,175
33000000.0,0.0,0.0,0.0,300.0,6.64522028833831,7,0,8,1,2,0.9248,0.5111,0.4807,0.188,1.2403,166
33000000.0,0.0,0.0,0.0,300.0,6.64522028833831,7,0,8,1,2,0.9248,0.5111,0.4807,0.188,1.2403,166
33000000.0,0.0,0.0,0.0,300.0,8.19644063486182,0,0,2,0,1,0.9248,0.5111,0.4807,0.188,1.2403,175
33000000.0,0.0,0.0,0.0,300.0,8.19644063486182,0,0,2,0,1,0.9248,0.5111,0.4807,0.188,1.2403,175
30000000.0,0.0,0.0,0.0,300.0,8.19910087648343,0,0,2,0,1,0.9248,0.5111,0.4807,0.188,1.2403,175
34500000.0,0.0,0.0,0.0,300.0,6.64522028833831,7,0,8,1,2,0.9248,0.5111,0.4807,0.188,1.2403,166
33000000.0,0.0,0.0,0.0,300.0,6.64522028833831,7,0,8,1,2,0.9248,0.5111,0.4807,0.188,1.2403,166
36000000.0,0.0,0.0,0.0,300.0,7.87812974351034,9,0,15,0,1,0.9248,0.5111,0.4807,0.188,1.2403,180
34500000.0,0.0,0.0,0.0,300.0,8.19644063486182,0,0,2,0,1,0.9248,0.5111,0.4807,0.188,1.2403,175
33000000.0,0.0,0.0,0.0,300.0,6.64522028833831,7,0,8,1,2,0.9248,0.5111,0.4807,0.188,1.2403,166
34500000.0,0.0,0.0,0.0,300.0,8.19644063486182,0,0,2,0,1,0.9248,0.5111,0.4807,0.188,1.2403,175
33000000.0,0.0,0.0,0.0,300.0,6.64522028833831,7,0,8,1,2,0.9248,0.5111,0.4807,0.188,1.2403,166
33000000.0,0.0,0.0,0.0,300.0,8.19644063486182,0,0,2,0,1,0.9248,0.5111,0.4807,0.188,1.2403,175
33000000.0,0.0,0.0,0.0,300.0,8.19644063486182,0,0,2,0,1,0.9248,0.5111,0.4807,0.188,1.2403,175
32184000.000000004,0.0,0.0,0.0,447.0,8.19644063486182,0,0,2,0,1,0.9248,0.5111,0.4807,0.188,1.2403,175
33000000.0,0.0,0.0,0.0,300.0,8.19644063486182,0,0,2,0,1,0.9248,0.5111,0.4807,0.188,1.2403,175
27000000.000000004,0.0,0.0,0.0,300.0,6.25731194755292,11,1,22,0,5,0.9248,0.5111,0.4807,0.188,1.2403,171
35880000.0,0.0,0.0,0.0,312.0,8.19644063486182,0,0,2,0,1,0.9248,0.5111,0.4807,0.188,1.2403,175
37500000.0,0.0,0.0,0.0,300.0,6.64522028833831,7,0,8,1,2,0.9248,0.5111,0.4807,0.188,1.2403,166
34500000.0,0.0,0.0,0.0,300.0,8.19644063486182,0,0,2,0,1,0.9248,0.5111,0.4807,0.188,1.2403,175
33000000.0,0.0,0.0,0.0,300.0,6.64522028833831,7,0,8,1,2,0.9248,0.5111,0.4807,0.188,1.2403,166
33000000.0,0.0,0.0,0.0,300.0,8.55222698270135,4,0,5,1,1,0.9248,0.5111,0.4807,0.188,1.2403,166
33000000.0,0.0,0.0,0.0,300.0,6.64522028833831,7,0,8,1,2,0.9248,0.5111,0.4807,0.188,1.2403,166
33000000.0,0.0,0.0,0.0,300.0,6.64522028833831,7,0,8,1,2,0.9248,0.5111,0.4807,0.188,1.2403,166
33000000.0,0.0,0.0,0.0,300.0,8.19644063486182,0,0,2,0,1,0.9248,0.5111,0.4807,0.188,1.2403,175
33000000.0,0.0,0.0,0.0,300.0,6.25731194755292,11,1,22,0,5,0.9248,0.5111,0.4807,0.188,1.2403,171
33000000.0,0.0,0.0,0.0,300.0,8.19644063486182,0,0,2,0,1,0.9248,0.5111,0.4807,0.188,1.2403,175
33000000.0,0.0,0.0,0.0,300.0,6.64522028833831,7,0,8,1,2,0.9248,0.5111,0.4807,0.188,1.2403,166
36000000.0,0.0,0.0,0.0,300.0,8.19644063486182,0,0,2,0,1,0.9248,0.5111,0.4807,0.188,1.2403,175
33000000.0,0.0,0.0,0.0,300.0,8.19644063486182,0,0,2,0,1,0.9248,0.5111,0.4807,0.188,1.2403,175
69600000.0,0.0,0.0,0.0,322.0,6.64522028833831,7,0,8,1,2,0.9248,0.5111,0.4807,0.188,1.2403,166
33000000.0,0.0,0.0,0.0,300.0,8.55222698270135,4,0,5,1,1,0.9248,0.5111,0.4807,0.188,1.2403,166
27864000.000000004,0.0,0.0,0.0,387.0,8.19644063486182,0,0,2,0,1,0.9248,0.5111,0.4807,0.188,1.2403,175
32760000.000000004,0.0,0.0,0.0,468.0,8.19644063486182,0,0,2,0,1,0.9248,0.5111,0.4807,0.188,1.2403,175
27000000.000000004,0.0,0.0,0.0,300.0,6.64522028833831,7,0,8,1,2,0.9248,0.5111,0.4807,0.188,1.2403,166
38060000.0,0.0,0.0,0.0,346.0,8.19644063486182,0,0,2,0,1,0.9248,0.5111,0.4807,0.188,1.2403,175
36000000.0,0.0,0.0,0.0,300.0,8.55222698270135,4,0,5,1,1,0.9248,0.5111,0.4807,0.188,1.2403,166
28000000.0,0.0,0.0,0.0,300.0,1.38006743939094,10,0,16,3,1,0.9248,0.5111,0.4807,0.188,1.2403,184
81000000.0,0.0,0.0,0.0,450.0,2.54986964866086,2,0,10,1,6,0.9248,0.5111,0.4807,0.188,1.2403,166
38000000.00000001,0.0,0.0,0.0,409.0,3.64076377074438,18,0,12,12,4,0.9248,0.5111,0.4807,0.188,1.2403,167
81000000.0,0.0,0.0,0.0,450.0,6.64522028833831,7,0,8,1,2,0.9248,0.5111,0.4807,0.188,1.2403,166
44275000.0,0.0,0.0,0.0,385.0,6.64522028833831,7,0,8,1,2,0.9248,0.5111,0.4807,0.188,1.2403,166
90000000.0,0.0,0.0,0.0,298.0,1.44380328611826,35,1,19,2,1,0.9248,0.5111,0.4807,0.188,1.2403,178
54112500.0,0.0,0.0,0.0,432.9,3.64076377074438,18,0,12,12,4,0.9248,0.5111,0.4807,0.188,1.2403,167
65000000.0,0.0,0.0,0.0,480.0,4.71590507124514,37,3,16,1,6,0.9248,0.5111,0.4807,0.188,1.2403,181
11500000.0,0.0,0.0,300.0,300.0,9.41137902476187,1,0,6,2,0,0.9248,0.5111,0.4807,0.188,1.2403,-1
9720000.0,0.0,0.0,0.0,243.0,8.55222698270135,4,0,5,1,1,0.9248,0.5111,0.4807,0.188,1.2403,166
15000000.0,0.0,0.0,220.0,220.0,1.72686951265089,24,0,13,1,9,0.9248,0.5111,0.4807,0.188,1.2403,186
47040000.0,0.0,0.0,335.0,335.0,7.2048733549397,6,1,11,0,1,0.9248,0.5111,0.4807,0.188,1.2403,-1
31500000.0,0.0,0.0,0.0,300.0,6.64522028833831,7,0,8,1,2,0.9248,0.5111,0.4807,0.188,1.2403,166
33000000.0,0.0,0.0,0.0,300.0,6.64522028833831,7,0,8,1,2,0.9248,0.5111,0.4807,0.188,1.2403,166
30000000.0,0.0,0.0,0.0,284.2,1.25091495351108,26,0,16,4,5,0.9248,0.5111,0.4807,0.188,1.2403,169
22500000.0,0.0,0.0,0.0,300.0,4.16338733396283,55,0,18,2,5,0.9248,0.5111,0.4807,0.188,1.2403,183
27000000.000000004,0.0,0.0,0.0,300.0,6.64522028833831,7,0,8,1,2,0.9248,0.5111,0.4807,0.188,1.2403,166
33000000.0,0.0,0.0,0.0,300.0,6.64522028833831,7,0,8,1,2,0.9248,0.5111,0.4807,0.188,1.2403,166
31500000.0,0.0,0.0,0.0,300.0,6.64522028833831,7,0,8,1,2,0.9248,0.5111,0.4807,0.188,1.2403,166
27000000.000000004,0.0,0.0,0.0,300.0,6.64522028833831,7,0,8,1,2,0.9248,0.5111,0.4807,0.188,1.2403,166
30000000.0,0.0,0.0,0.0,284.0,1.25091495351108,26,0,16,4,5,0.9248,0.5111,0.4807,0.188,1.2403,169
31500000.0,0.0,0.0,0.0,300.0,6.64522028833831,7,0,8,1,2,0.9248,0.5111,0.4807,0.188,1.2403,166
25500000.0,0.0,0.0,0.0,300.0,6.64522028833831,7,0,8,1,2,0.9248,0.5111,0.4807,0.188,1.2403,166
27000000.000000004,0.0,0.0,0.0,300.0,6.64522028833831,7,0,8,1,2,0.9248,0.5111,0.4807,0.188,1.2403,166
22000000.0,0.0,0.0,0.0,204.0,5.73698470230425,28,0,21,2,9,0.9248,0.5111,0.4807,0.188,1.2403,-1
15000000.0,0.0,0.0,0.0,380.0,7.07554678230017,7,1,20,2,3,0.9248,0.5111,0.4807,0.188,1.2403,182
27000000.000000004,0.0,0.0,0.0,300.0,6.25731194755292,11,1,22,0,5,0.9248,0.5111,0.4807,0.188,1.2403,171
110000000.0,0.0,0.0,0.0,300.0,6.64522028833831,7,0,8,1,2,0.9248,0.5111,0.4807,0.188,1.2403,166
33000000.0,0.0,0.0,0.0,300.0,6.64522028833831,7,0,8,1,2,0.9248,0.5111,0.4807,0.188,1.2403,166
22500000.0,0.0,0.0,0.0,300.0,4.16338733396283,55,0,18,2,5,0.9248,0.5111,0.4807,0.188,1.2403,183
27000000.000000004,0.0,0.0,0.0,300.0,6.64522028833831,7,0,8,1,2,0.9248,0.5111,0.4807,0.188,1.2403,166
16000000.0,0.0,0.0,0.0,236.0,0.858887033250895,23,1,14,1,10,0.9248,0.5111,0.4807,0.188,1.2403,187
25935000.0,0.0,0.0,0.0,399.0,7.07554678230017,7,1,20,2,3,0.9248,0.5111,0.4807,0.188,1.2403,182
5333000.0,0.0,0.0,0.0,108.0,8.55222698270135,4,0,5,1,1,0.9248,0.5111,0.4807,0.188,1.2403,166
33600000.0,0.0,0.0,0.0,300.0,8.55222698270135,4,0,5,1,1,0.9248,0.5111,0.4807,0.188,1.2403,166
91400000.0,0.0,0.0,0.0,457.0,2.79734076225255,19,0,13,6,7,0.9248,0.5111,0.4807,0.188,1.2403,188
48000000.0,0.0,0.0,0.0,320.0,8.55222698270135,4,0,5,1,1,0.9248,0.5111,0.4807,0.188,1.2403,166
14499999.999999998,0.0,0.0,0.0,393.0,7.80786558941098,3,0,8,1,0,0.9248,0.5111,0.4807,0.188,1.2403,166
49999999.99999999,0.0,0.0,0.0,256.0,7.42661736833815,11,1,5,4,5,0.9248,0.5111,0.4807,0.188,1.2403,172
880000.0,0.0,0.0,0.0,19.52,5.26968245317765,12,0,10,2,6,0.9248,0.5111,0.4807,0.188,1.2403,189
112000000.0,0.0,0.0,0.0,477.1,4.24092275575491,47,0,17,1,5,0.9248,0.5111,0.4807,0.188,1.2403,-1
48000000.0,0.0,0.0,0.0,320.0,8.55222698270135,4,0,5,1,1,0.9248,0.5111,0.4807,0.188,1.2403,166
24000000.0,0.0,0.0,0.0,240.0,1.26756786845506,26,0,16,4,5,0.9248,0.5111,0.4807,0.188,1.2403,169
49060000.0,0.0,0.0,0.0,446.0,8.55222698270135,4,0,5,1,1,0.9248,0.5111,0.4807,0.188,1.2403,166
1900000.0,0.0,0.0,0.0,12.5,1.94417551008589,17,1,11,8,9,0.9248,0.5111,0.4807,0.188,1.2403,-1
33000000.0,0.0,0.0,0.0,300.0,8.19644063486182,0,0,2,0,1,0.9248,0.5111,0.4807,0.188,1.2403,175
68800000.0,0.0,0.0,0.0,430.0,1.95893669978476,24,1,14,3,3,0.9248,0.5111,0.4807,0.188,1.2403,190
34500000.0,0.0,0.0,0.0,300.0,8.19644063486182,0,0,2,0,1,0.9248,0.5111,0.4807,0.188,1.2403,175
23000000.000000004,0.0,0.0,0.0,489.0,7.07554678230017,7,1,20,2,3,0.9248,0.5111,0.4807,0.188,1.2403,182
45000000.0,0.0,0.0,0.0,409.0,3.64076377074438,18,0,12,12,4,0.9248,0.5111,0.4807,0.188,1.2403,167
150000000.0,0.0,0.0,0.0,400.0,7.85333136183725,9,0,1,0,3,0.9248,0.5111,0.4807,0.188,1.2403,175
34500000.0,0.0,0.0,0.0,300.0,6.64522028833831,7,0,8,1,2,0.9248,0.5111,0.4807,0.188,1.2403,166
56000000.0,0.0,0.0,0.0,406.0,1.88726202456506,26,0,8,0,2,0.9248,0.5111,0.4807,0.188,1.2403,-1
48000000.0,0.0,0.0,0.0,320.0,8.55222698270135,4,0,5,1,1,0.9248,0.5111,0.4807,0.188,1.2403,166
79900000.0,0.0,0.0,0.0,432.0,7.42661736833815,11,1,5,4,5,0.9248,0.5111,0.4807,0.188,1.2403,172
78650000.0,0.0,0.0,0.0,308.0,4.72859644494318,45,3,16,2,9,0.3825,0.001,0.0905,0.1966,1.1,191
9600000.0,0.0,0.0,0.0,240.0,10.8111931080421,0,0,5,0,0,0.5438,0.0007,0.3241,0.0006,0.6486,192
45240000.0,0.0,0.0,0.0,377.0,8.19644063486182,0,0,2,0,1,0.9248,0.5111,0.4807,0.188,1.2403,175
24000000.0,0.0,0.0,0.0,300.0,8.55222698270135,4,0,5,1,1,0.9248,0.5111,0.4807,0.188,1.2403,166
47990000.0,0.0,0.0,0.0,320.0,8.55222698270135,4,0,5,1,1,0.9248,0.5111,0.4807,0.188,1.2403,166
34500000.0,0.0,0.0,0.0,300.0,6.64522028833831,7,0,8,1,2,0.9248,0.5111,0.4807,0.188,1.2403,166
112000000.0,0.0,0.0,0.0,477.1,4.72859644494318,45,3,16,2,9,0.3825,0.001,0.0905,0.1966,1.1,191
51750000.0,0.0,0.0,0.0,417.0,2.54986964866086,2,0,10,1,6,0.9248,0.5111,0.4807,0.188,1.2403,166
10499999.999999998,0.0,0.0,0.0,300.0,7.07554678230017,7,1,20,2,3,0.9248,0.5111,0.4807,0.188,1.2403,182
28800000.0,0.0,0.0,0.0,240.0,1.25091495351108,26,0,16,4,5,0.9248,0.5111,0.4807,0.188,1.2403,169
34500000.0,0.0,0.0,0.0,300.0,6.64522028833831,7,0,8,1,2,0.9248,0.5111,0.4807,0.188,1.2403,166
28800000.0,0.0,0.0,0.0,240.0,1.36149198117981,29,0,15,6,8,0.9248,0.5111,0.4807,0.188,1.2403,-1
27000000.000000004,0.0,0.0,0.0,300.0,6.64522028833831,7,0,8,1,2,0.9248,0.5111,0.4807,0.188,1.2403,166
110000000.0,0.0,0.0,0.0,405.0,1.40510830399541,12,0,15,3,2,0.9248,0.5111,0.4807,0.188,1.2403,184
36850000.0,0.0,0.0,0.0,335.0,8.55222698270135,4,0,5,1,1,0.9248,0.5111,0.4807,0.188,1.2403,166
79000000.0,0.0,0.0,0.0,350.0,7.85333136183725,9,0,1,0,3,0.9248,0.5111,0.4807,0.188,1.2403,175
85000000.0,0.0,0.0,0.0,441.0,3.64076377074438,18,0,12,12,4,0.9248,0.5111,0.4807,0.188,1.2403,167
37000000.0,0.0,0.0,0.0,200.0,4.9142871455795,0,0,2,0,0,0.9248,0.5111,0.4807,0.188,1.2403,175
3500000.0,0.0,0.0,0.0,50.0,1.37401459894944,4,0,11,2,0,0.9248,0.5111,0.4807,0.188,1.2403,179
5000000.0,0.0,0.0,0.0,110.0,7.80786558941098,3,0,8,1,0,0.9248,0.5111,0.4807,0.188,1.2403,166
38000000.00000001,0.0,0.0,0.0,282.4,0.584458128922822,14,0,12,0,3,0.9248,0.5111,0.4807,0.188,1.2403,193
40000000.0,0.0,0.0,0.0,495.0,3.64076377074438,18,0,12,12,4,0.9248,0.5111,0.4807,0.188,1.2403,167
28000000.0,0.0,0.0,0.0,307.0,5.8785414560789,28,5,20,2,13,0.9248,0.5111,0.4807,0.188,1.2403,174
110000000.0,0.0,0.0,0.0,497.0,7.85333136183725,9,0,1,0,3,0.9248,0.5111,0.4807,0.188,1.2403,175
800000.0,0.0,0.0,0.0,12.5,8.30757435425557,8,2,7,0,3,0.9248,0.5111,0.4807,0.188,1.2403,-1
72160000.0,0.0,0.0,0.0,451.0,2.54986964866086,2,0,10,1,6,0.9248,0.5111,0.4807,0.188,1.2403,166
30000000.0,0.0,0.0,0.0,284.0,1.84222551281163,27,0,20,2,7,0.9248,0.5111,0.4807,0.188,1.2403,-1
98400.0,0.0,0.0,0.0,18.0,7.87812974351034,9,0,15,0,1,0.9248,0.5111,0.4807,0.188,1.2403,180
30000000.0,0.0,0.0,0.0,300.0,5.8785414560789,28,5,20,2,13,0.9248,0.5111,0.4807,0.188,1.2403,174
34000000.0,0.0,0.0,0.0,284.2,1.25091495351108,26,0,16,4,5,0.9248,0.5111,0.4807,0.188,1.2403,169
10000000.0,0.0,0.0,0.0,240.0,7.80786558941098,3,0,8,1,0,0.9248,0.5111,0.4807,0.188,1.2403,166
30000000.0,0.0,0.0,0.0,300.0,5.8785414560789,28,5,20,2,13,0.9248,0.5111,0.4807,0.188,1.2403,174
22500000.0,0.0,0.0,0.0,300.0,4.16338733396283,55,0,18,2,5,0.9248,0.5111,0.4807,0.188,1.2403,183
31500000.0,0.0,0.0,0.0,300.0,6.64522028833831,7,0,8,1,2,0.9248,0.5111,0.4807,0.188,1.2403,166
31500000.0,0.0,0.0,0.0,300.0,6.64522028833831,7,0,8,1,2,0.9248,0.5111,0.4807,0.188,1.2403,166
34000000.0,0.0,0.0,0.0,284.0,1.25091495351108,26,0,16,4,5,0.9248,0.5111,0.4807,0.188,1.2403,169
125000000.0,0.0,0.0,0.0,404.0,1.97255263335683,23,1,14,2,7,0.9248,0.5111,0.4807,0.188,1.2403,-1
26535000.0,0.0,0.0,0.0,177.0,6.86925042411864,16,0,16,7,9,0.9248,0.5111,0.4807,0.188,1.2403,-1
90000000.0,0.0,0.0,0.0,298.0,1.44380328611826,35,1,19,2,1,0.9248,0.5111,0.4807,0.188,1.2403,178
33000000.0,0.0,0.0,0.0,300.0,6.64522028833831,7,0,8,1,2,0.9248,0.5111,0.4807,0.188,1.2403,166
34000000.0,0.0,0.0,0.0,284.0,1.25091495351108,26,0,16,4,5,0.9248,0.5111,0.4807,0.188,1.2403,169
2703000.0000000005,0.0,0.0,0.0,78.0,3.56934464205663,1,0,11,1,3,0.9248,0.5111,0.4807,0.188,1.2403,166
5640000.0,0.0,0.0,0.0,53.57,7.80786558941098,3,0,8,1,0,0.9248,0.5111,0.4807,0.188,1.2403,166
6630000.000000001,0.0,0.0,0.0,84.51,7.80786558941098,3,0,8,1,0,0.9248,0.5111,0.4807,0.188,1.2403,166
14341000.0,0.0,0.0,0.0,85.5,4.57653220905789,26,0,20,1,4,0.9248,0.5111,0.4807,0.188,1.2403,194
34500000.0,0.0,0.0,0.0,300.0,6.64522028833831,7,0,8,1,2,0.9248,0.5111,0.4807,0.188,1.2403,166
27000000.000000004,0.0,0.0,0.0,300.0,6.64522028833831,7,0,8,1,2,0.9248,0.5111,0.4807,0.188,1.2403,166
11137000.0,0.0,0.0,0.0,259.0,7.80786558941098,3,0,8,1,0,0.9248,0.5111,0.4807,0.188,1.2403,166
28500000.0,0.0,0.0,0.0,300.0,6.64522028833831,7,0,8,1,2,0.9248,0.5111,0.4807,0.188,1.2403,166
68800000.0,0.0,0.0,0.0,430.0,1.95893669978476,24,1,14,3,3,0.9248,0.5111,0.4807,0.188,1.2403,190
10120000.0,0.0,0.0,0.0,80.0,1.37401459894944,4,0,11,2,0,0.9248,0.5111,0.4807,0.188,1.2403,179
109440000.0,0.0,0.0,0.0,288.0,3.7482436022507,27,0,8,4,6,0.9248,0.5111,0.4807,0.188,1.2403,-1
35000000.0,0.0,0.0,0.0,191.0,7.07554678230017,7,1,20,2,3,0.9248,0.5111,0.4807,0.188,1.2403,182
22500000.0,0.0,0.0,0.0,300.0,4.16338733396283,55,0,18,2,5,0.9248,0.5111,0.4807,0.188,1.2403,183
28500000.0,0.0,0.0,0.0,300.0,6.64522028833831,7,0,8,1,2,0.9248,0.5111,0.4807,0.188,1.2403,166
89600000.0,0.0,0.0,0.0,448.0,7.12599683234302,0,0,2,0,2,0.9248,0.5111,0.4807,0.188,1.2403,175
5304000.0,0.0,0.0,0.0,136.0,4.47899422617535,14,0,12,4,4,0.9248,0.5111,0.4807,0.188,1.2403,-1
6845000.0,0.0,0.0,0.0,82.0,7.80786558941098,3,0,8,1,0,0.9248,0.5111,0.4807,0.188,1.2403,166
49999999.99999999,0.0,0.0,0.0,284.0,7.42661736833815,11,1,5,4,5,0.9248,0.5111,0.4807,0.188,1.2403,172
53000000.0,0.0,0.0,0.0,338.0,3.34848873887278,45,1,16,3,8,0.9248,0.5111,0.4807,0.188,1.2403,195
31200000.0,0.0,0.0,0.0,300.0,4.24092275575491,47,0,17,1,5,0.9248,0.5111,0.4807,0.188,1.2403,-1
5220000.0,0.0,0.0,0.0,122.5,7.80786558941098,3,0,8,1,0,0.9248,0.5111,0.4807,0.188,1.2403,166
35000000.0,0.0,0.0,0.0,352.0,2.6021684232432,18,1,12,2,6,0.9248,0.5111,0.4807,0.188,1.2403,196
5430000.000000001,0.0,0.0,0.0,75.0,7.07554678230017,7,1,20,2,3,0.9248,0.5111,0.4807,0.188,1.2403,182
27950000.0,0.0,0.0,0.0,400.0,6.64522028833831,7,0,8,1,2,0.9248,0.5111,0.4807,0.188,1.2403,166
83999999.99999999,0.0,0.0,0.0,480.0,6.25731194755292,11,1,22,0,5,0.9248,0.5111,0.4807,0.188,1.2403,171
30000000.0,0.0,0.0,0.0,300.0,6.64522028833831,7,0,8,1,2,0.9248,0.5111,0.4807,0.188,1.2403,166
31500000.0,0.0,0.0,0.0,300.0,6.64522028833831,7,0,8,1,2,0.9248,0.5111,0.4807,0.188,1.2403,166
42800000.00000001,0.0,0.0,0.0,300.0,4.72859644494318,45,3,16,2,9,0.3825,0.001,0.0905,0.1966,1.1,191
109440000.0,0.0,0.0,0.0,288.0,3.7482436022507,27,0,8,4,6,0.9248,0.5111,0.4807,0.188,1.2403,-1
2208000.0,0.0,0.0,0.0,96.0,10.8111931080421,0,0,5,0,0,0.5438,0.0007,0.3241,0.0006,0.6486,192
39900000.0,0.0,0.0,0.0,420.0,4.68081921879901,18,1,8,0,4,0.46,0.3905,0.3591,0.359,0.6528,185
49300000.0,0.0,0.0,0.0,145.0,4.72859644494318,45,3,16,2,9,0.3825,0.001,0.0905,0.1966,1.1,191
89500000.0,0.0,0.0,0.0,423.0,1.44380328611826,35,1,19,2,1,0.9248,0.5111,0.4807,0.188,1.2403,178
167999999.99999997,0.0,0.0,0.0,486.0,8.73421801665623,8,3,6,0,2,0.9248,0.5111,0.4807,0.188,1.2403,168
24050000.0,0.0,0.0,0.0,370.0,8.55222698270135,4,0,5,1,1,0.9248,0.5111,0.4807,0.188,1.2403,166
13000000.0,0.0,0.0,0.0,388.0,3.29338847391733,5,0,11,1,4,0.9248,0.5111,0.4807,0.188,1.2403,166
30000000.0,0.0,0.0,0.0,300.0,3.8280010158566,43,0,19,3,4,0.9248,0.5111,0.4807,0.188,1.2403,-1
25000000.0,0.0,0.0,0.0,180.0,3.8280010158566,43,0,19,3,4,0.9248,0.5111,0.4807,0.188,1.2403,-1
17000000.0,0.0,0.0,0.0,202.0,1.4539543650566,26,0,13,4,7,0.9248,0.5111,0.4807,0.188,1.2403,169
11000000.0,0.0,0.0,0.0,150.0,3.10306844952484,11,0,17,4,5,0.9248,0.5111,0.4807,0.188,1.2403,-1
33600000.0,0.0,0.0,0.0,300.0,8.55222698270135,4,0,5,1,1,0.9248,0.5111,0.4807,0.188,1.2403,166
35640000.0,0.0,0.0,0.0,297.0,6.30631612141713,10,3,12,2,11,0.9248,0.5111,0.4807,0.188,1.2403,197
15640000.0,0.0,0.0,0.0,184.0,6.25731194755292,11,1,22,0,5,0.9248,0.5111,0.4807,0.188,1.2403,171
47340000.0,0.0,0.0,0.0,263.0,2.21512325315315,23,0,17,3,6,0.9248,0.5111,0.4807,0.188,1.2403,-1
55000000.0,0.0,0.0,0.0,323.0,2.49219091321627,20,1,11,2,5,0.9248,0.5111,0.4807,0.188,1.2403,196
66150000.0,0.0,0.0,0.0,367.5,3.34848873887278,45,1,16,3,8,0.9248,0.5111,0.4807,0.188,1.2403,195
29000000.0,0.0,0.0,0.0,300.0,5.8785414560789,28,5,20,2,13,0.9248,0.5111,0.4807,0.188,1.2403,174
32950000.0,0.0,0.0,0.0,263.0,5.8785414560789,28,5,20,2,13,0.9248,0.5111,0.4807,0.188,1.2403,174
10428000.0,0.0,0.0,0.0,316.0,7.80786558941098,3,0,8,1,0,0.9248,0.5111,0.4807,0.188,1.2403,166
4200000.0,0.0,0.0,0.0,120.0,5.13957722878977,0,0,7,0,0,0.9248,0.5111,0.4807,0.188,1.2403,198
79920000.0,0.0,0.0,0.0,432.0,6.25731194755292,11,1,22,0,5,0.9248,0.5111,0.4807,0.188,1.2403,171
23000000.000000004,0.0,0.0,0.0,432.0,6.80644121666006,0,1,15,0,6,0.9248,0.5111,0.4807,0.188,1.2403,199
34000000.0,0.0,0.0,0.0,400.0,6.64522028833831,7,0,8,1,2,0.9248,0.5111,0.4807,0.188,1.2403,166
3700000.0,0.0,0.0,0.0,148.0,10.8111931080421,0,0,5,0,0,0.5438,0.0007,0.3241,0.0006,0.6486,192
64000000.0,0.0,0.0,0.0,402.5,7.0745065472197,14,0,9,6,4,0.9248,0.5111,0.4807,0.188,1.2403,176
26000000.0,0.0,0.0,0.0,307.0,5.8785414560789,28,5,20,2,13,0.9248,0.5111,0.4807,0.188,1.2403,174
33600000.0,0.0,0.0,0.0,300.0,7.87812974351034,9,0,15,0,1,0.9248,0.5111,0.4807,0.188,1.2403,180
29150000.0,0.0,0.0,0.0,265.0,3.64076377074438,18,0,12,12,4,0.9248,0.5111,0.4807,0.188,1.2403,167
9000000.0,0.0,0.0,0.0,300.0,8.55222698270135,4,0,5,1,1,0.9248,0.5111,0.4807,0.188,1.2403,166
69000000.0,0.0,0.0,0.0,350.0,4.68081921879901,18,1,8,0,4,0.46,0.3905,0.3591,0.359,0.6528,185
35000000.0,0.0,0.0,0.0,279.0,5.8785414560789,28,5,20,2,13,0.9248,0.5111,0.4807,0.188,1.2403,174
60000000.0,0.0,0.0,0.0,337.5,3.34848873887278,45,1,16,3,8,0.9248,0.5111,0.4807,0.188,1.2403,195
69500000.0,0.0,0.0,0.0,425.0,4.68081921879901,18,1,8,0,4,0.46,0.3905,0.3591,0.359,0.6528,185
20000000.0,0.0,0.0,0.0,217.0,2.34637703285556,22,1,12,1,5,0.9248,0.5111,0.4807,0.188,1.2403,-1
40200000.0,0.0,0.0,0.0,402.0,5.8785414560789,28,5,20,2,13,0.9248,0.5111,0.4807,0.188,1.2403,174
82000000.0,0.0,0.0,0.0,430.0,4.68081921879901,18,1,8,0,4,0.46,0.3905,0.3591,0.359,0.6528,185
80000000.0,0.0,0.0,0.0,450.0,4.61678986532562,42,1,22,2,5,0.9248,0.5111,0.4807,0.188,1.2403,173
15000000.0,0.0,0.0,0.0,300.0,7.07554678230017,7,1,20,2,3,0.9248,0.5111,0.4807,0.188,1.2403,182
19000000.000000004,0.0,0.0,0.0,400.0,7.07554678230017,7,1,20,2,3,0.9248,0.5111,0.4807,0.188,1.2403,182
25330000.0,0.0,0.0,0.0,298.0,5.8785414560789,28,5,20,2,13,0.9248,0.5111,0.4807,0.188,1.2403,174
62000000.00000001,0.0,0.0,0.0,310.0,1.44380328611826,35,1,19,2,1,0.9248,0.5111,0.4807,0.188,1.2403,178
15000000.0,0.0,0.0,0.0,140.0,1.25091495351108,26,0,16,4,5,0.9248,0.5111,0.4807,0.188,1.2403,169
37200000.0,0.0,0.0,0.0,248.0,6.25731194755292,11,1,22,0,5,0.9248,0.5111,0.4807,0.188,1.2403,171
49999999.99999999,0.0,0.0,0.0,256.0,7.42661736833815,11,1,5,4,5,0.9248,0.5111,0.4807,0.188,1.2403,172
8888888.0,0.0,0.0,0.0,350.0,7.85333136183725,9,0,1,0,3,0.9248,0.5111,0.4807,0.188,1.2403,175
37000000.0,0.0,0.0,0.0,200.0,3.34269701345309,17,2,9,6,7,0.9248,0.5111,0.4807,0.188,1.2403,-1
17875000.0,0.0,0.0,0.0,275.0,4.9142871455795,0,0,2,0,0,0.9248,0.5111,0.4807,0.188,1.2403,175
28000000.0,0.0,0.0,0.0,300.0,4.61678986532562,42,1,22,2,5,0.9248,0.5111,0.4807,0.188,1.2403,173
36000000.0,0.0,0.0,0.0,300.0,6.30631612141713,10,3,12,2,11,0.9248,0.5111,0.4807,0.188,1.2403,197
73100000.0,0.0,0.0,0.0,430.0,1.95893669978476,24,1,14,3,3,0.9248,0.5111,0.4807,0.188,1.2403,190
84740000.0,0.0,0.0,0.0,446.0,4.68081921879901,18,1,8,0,4,0.46,0.3905,0.3591,0.359,0.6528,185
73100000.0,0.0,0.0,0.0,430.0,1.95893669978476,24,1,14,3,3,0.9248,0.5111,0.4807,0.188,1.2403,190
72900000.0,0.0,0.0,0.0,405.0,2.97523817431358,36,1,12,6,8,0.9248,0.5111,0.4807,0.188,1.2403,200
27000000.000000004,0.0,0.0,0.0,240.0,1.25091495351108,26,0,16,4,5,0.9248,0.5111,0.4807,0.188,1.2403,169
15000000.0,0.0,0.0,0.0,140.0,1.25091495351108,26,0,16,4,5,0.9248,0.5111,0.4807,0.188,1.2403,169
30450000.0,0.0,0.0,0.0,290.0,6.64522028833831,7,0,8,1,2,0.9248,0.5111,0.4807,0.188,1.2403,166
19500000.0,0.0,0.0,0.0,230.0,0.838688626856978,27,3,20,3,2,0.9248,0.5111,0.4807,0.188,1.2403,-1
33000000.0,0.0,0.0,0.0,432.0,3.15171432406046,14,0,11,3,1,0.9248,0.5111,0.4807,0.188,1.2403,-1
16825760.0,0.0,0.0,0.0,300.46,1.37401459894944,4,0,11,2,0,0.9248,0.5111,0.4807,0.188,1.2403,179
26675000.0,0.0,0.0,0.0,485.0,8.55222698270135,4,0,5,1,1,0.9248,0.5111,0.4807,0.188,1.2403,166
12000000.0,0.0,0.0,0.0,323.0,7.80786558941098,3,0,8,1,0,0.9248,0.5111,0.4807,0.188,1.2403,166
16000000.0,0.0,0.0,0.0,236.0,0.858887033250895,23,1,14,1,10,0.9248,0.5111,0.4807,0.188,1.2403,187
39150000.0,0.0,0.0,0.0,217.5,1.95893669978476,24,1,14,3,3,0.9248,0.5111,0.4807,0.188,1.2403,190
13945348.0,0.0,0.0,0.0,408.0,7.80786558941098,3,0,8,1,0,0.9248,0.5111,0.4807,0.188,1.2403,166
7000000.0,0.0,0.0,0.0,340.0,7.80786558941098,3,0,8,1,0,0.9248,0.5111,0.4807,0.188,1.2403,166
12000000.0,0.0,0.0,0.0,150.0,3.10306844952484,11,0,17,4,5,0.9248,0.5111,0.4807,0.188,1.2403,-1
32750000.0,0.0,0.0,0.0,302.5,1.88726202456506,26,0,8,0,2,0.9248,0.5111,0.4807,0.188,1.2403,-1
22000000.0,0.0,0.0,0.0,238.0,3.56934464205663,1,0,11,1,3,0.9248,0.5111,0.4807,0.188,1.2403,166
9600000.0,0.0,0.0,0.0,300.0,7.07554678230017,7,1,20,2,3,0.9248,0.5111,0.4807,0.188,1.2403,182
154800000.0,0.0,0.0,0.0,430.0,5.8785414560789,28,5,20,2,13,0.9248,0.5111,0.4807,0.188,1.2403,174
12700000.0,0.0,0.0,0.0,150.0,2.79734076225255,19,0,13,6,7,0.9248,0.5111,0.4807,0.188,1.2403,188
21500000.0,0.0,0.0,0.0,170.0,5.17178320830773,27,3,11,1,7,0.9248,0.5111,0.4807,0.188,1.2403,-1
15000000.0,0.0,0.0,0.0,140.0,1.36149198117981,29,0,15,6,8,0.9248,0.5111,0.4807,0.188,1.2403,-1
33600000.0,0.0,0.0,0.0,300.0,8.55222698270135,4,0,5,1,1,0.9248,0.5111,0.4807,0.188,1.2403,166
49999999.99999999,0.0,0.0,0.0,480.0,4.68081921879901,18,1,8,0,4,0.46,0.3905,0.3591,0.359,0.6528,185
8255000.0,0.0,0.0,0.0,101.0,6.80644121666006,0,1,15,0,6,0.9248,0.5111,0.4807,0.188,1.2403,199
11137000.0,0.0,0.0,0.0,259.0,2.54986964866086,2,0,10,1,6,0.9248,0.5111,0.4807,0.188,1.2403,166
112000000.0,0.0,0.0,0.0,477.1,4.72859644494318,45,3,16,2,9,0.3825,0.001,0.0905,0.1966,1.1,191
48000000.0,0.0,0.0,0.0,320.0,8.55222698270135,4,0,5,1,1,0.9248,0.5111,0.4807,0.188,1.2403,166
4800000.0,0.0,0.0,0.0,120.0,5.13957722878977,0,0,7,0,0,0.9248,0.5111,0.4807,0.188,1.2403,198
31600000.0,0.0,0.0,0.0,400.0,3.45102792447501,43,1,9,12,8,0.9248,0.5111,0.4807,0.188,1.2403,-1
65685000.0,0.0,0.0,0.0,453.0,6.64522028833831,7,0,8,1,2,0.9248,0.5111,0.4807,0.188,1.2403,166
91400000.0,0.0,0.0,0.0,457.0,0.25149080030171,50,1,22,14,4,0.9248,0.5111,0.4807,0.188,1.2403,201
16000000.0,0.0,0.0,0.0,180.0,6.64522028833831,7,0,8,1,2,0.9248,0.5111,0.4807,0.188,1.2403,166
100000000.0,0.0,0.0,0.0,405.0,2.97523817431358,36,1,12,6,8,0.9248,0.5111,0.4807,0.188,1.2403,200
28000000.0,0.0,0.0,0.0,500.0,6.25731194755292,11,1,22,0,5,0.9248,0.5111,0.4807,0.188,1.2403,171
35000000.0,0.0,0.0,0.0,337.0,7.0745065472197,14,0,9,6,4,0.9248,0.5111,0.4807,0.188,1.2403,176
55000000.0,0.0,0.0,0.0,322.6,1.695004190322,22,1,18,1,3,0.9248,0.5111,0.4807,0.188,1.2403,202
95220000.0,0.0,0.0,0.0,414.0,8.73421801665623,8,3,6,0,2,0.9248,0.5111,0.4807,0.188,1.2403,168
85000000.0,0.0,0.0,0.0,480.0,1.25091495351108,26,0,16,4,5,0.9248,0.5111,0.4807,0.188,1.2403,169
22500000.0,0.0,0.0,0.0,300.0,6.64522028833831,7,0,8,1,2,0.9248,0.5111,0.4807,0.188,1.2403,166
28000000.0,0.0,0.0,0.0,234.0,3.64076377074438,18,0,12,12,4,0.9248,0.5111,0.4807,0.188,1.2403,167
45000000.0,0.0,0.0,0.0,485.0,6.25731194755292,11,1,22,0,5,0.9248,0.5111,0.4807,0.188,1.2403,171
29000000.0,0.0,0.0,0.0,385.0,6.72859340564003,21,0,13,6,9,0.9248,0.5111,0.4807,0.188,1.2403,188
83999999.99999999,0.0,0.0,0.0,420.0,1.88726202456506,26,0,8,0,2,0.9248,0.5111,0.4807,0.188,1.2403,-1
37000000.0,0.0,0.0,200.0,200.0,2.49219091321627,20,1,11,2,5,0.9248,0.5111,0.4807,0.188,1.2403,196
16499999.999999998,0.0,0.0,0.0,300.0,7.07554678230017,7,1,20,2,3,0.9248,0.5111,0.4807,0.188,1.2403,182
12000000.0,0.0,0.0,0.0,300.0,7.07554678230017,7,1,20,2,3,0.9248,0.5111,0.4807,0.188,1.2403,182
60637500.0,0.0,0.0,0.0,367.0,3.64076377074438,18,0,12,12,4,0.9248,0.5111,0.4807,0.188,1.2403,167
22000000.0,0.0,0.0,0.0,400.0,7.87812974351034,9,0,15,0,1,0.9248,0.5111,0.4807,0.188,1.2403,180
15000000.0,0.0,0.0,0.0,140.0,1.36149198117981,29,0,15,6,8,0.9248,0.5111,0.4807,0.188,1.2403,-1
36575000.0,0.0,0.0,0.0,385.0,8.55222698270135,4,0,5,1,1,0.9248,0.5111,0.4807,0.188,1.2403,166
31100000.0,0.0,0.0,0.0,311.0,5.8785414560789,28,5,20,2,13,0.9248,0.5111,0.4807,0.188,1.2403,174
37500000.0,0.0,0.0,0.0,300.0,8.55222698270135,4,0,5,1,1,0.9248,0.5111,0.4807,0.188,1.2403,166
79900000.0,0.0,0.0,0.0,432.0,7.42661736833815,11,1,5,4,5,0.9248,0.5111,0.4807,0.188,1.2403,172
72000000.0,0.0,0.0,0.0,400.0,6.64522028833831,7,0,8,1,2,0.9248,0.5111,0.4807,0.188,1.2403,166
79900000.0,0.0,0.0,0.0,432.0,7.42661736833815,11,1,5,4,5,0.9248,0.5111,0.4807,0.188,1.2403,172
5000000.0,0.0,0.0,0.0,333.3,8.35037877648653,2,0,3,4,0,0.9248,0.5111,0.4807,0.188,1.2403,-1
11650000.0,0.0,0.0,0.0,259.0,7.80786558941098,3,0,8,1,0,0.9248,0.5111,0.4807,0.188,1.2403,166
39375000.0,0.0,0.0,0.0,315.0,3.64076377074438,18,0,12,12,4,0.9248,0.5111,0.4807,0.188,1.2403,167
31500000.0,0.0,0.0,0.0,300.0,6.64522028833831,7,0,8,1,2,0.9248,0.5111,0.4807,0.188,1.2403,166
59360000.0,0.0,0.0,0.0,212.0,5.8785414560789,28,5,20,2,13,0.9248,0.5111,0.4807,0.188,1.2403,174
49999999.99999999,0.0,0.0,0.0,455.0,3.64076377074438,18,0,12,12,4,0.9248,0.5111,0.4807,0.188,1.2403,167
138500000.0,0.0,0.0,0.0,399.0,6.15269296298798,15,1,6,3,9,0.9248,0.5111,0.4807,0.188,1.2403,-1
24910000.0,0.0,0.0,0.0,240.0,1.26756786845506,26,0,16,4,5,0.9248,0.5111,0.4807,0.188,1.2403,169
80000000.0,0.0,0.0,0.0,400.0,5.11632976941211,30,1,8,1,2,0.9248,0.5111,0.4807,0.188,1.2403,-1
35000000.0,0.0,0.0,0.0,487.0,2.54986964866086,2,0,10,1,6,0.9248,0.5111,0.4807,0.188,1.2403,166
22000000.0,0.0,0.0,0.0,200.0,7.07554678230017,7,1,20,2,3,0.9248,0.5111,0.4807,0.188,1.2403,182
13800000.0,0.0,0.0,0.0,230.0,8.55222698270135,4,0,5,1,1,0.9248,0.5111,0.4807,0.188,1.2403,166
17000000.0,0.0,0.0,0.0,250.0,1.695004190322,22,1,18,1,3,0.9248,0.5111,0.4807,0.188,1.2403,202
10000000.0,0.0,0.0,0.0,240.0,7.80786558941098,3,0,8,1,0,0.9248,0.5111,0.4807,0.188,1.2403,166
34500000.0,0.0,0.0,0.0,300.0,8.55222698270135,4,0,5,1,1,0.9248,0.5111,0.4807,0.188,1.2403,166
10499999.999999998,0.0,0.0,0.0,300.0,7.07554678230017,7,1,20,2,3,0.9248,0.5111,0.4807,0.188,1.2403,182
15000000.0,0.0,0.0,0.0,406.0,7.80786558941098,3,0,8,1,0,0.9248,0.5111,0.4807,0.188,1.2403,166
109440000.0,0.0,0.0,0.0,288.0,3.7482436022507,27,0,8,4,6,0.9248,0.5111,0.4807,0.188,1.2403,-1
110000000.0,0.0,0.0,0.0,477.1,4.71590507124514,37,3,16,1,6,0.9248,0.5111,0.4807,0.188,1.2403,181
27160000.000000004,0.0,0.0,0.0,302.0,6.25731194755292,11,1,22,0,5,0.9248,0.5111,0.4807,0.188,1.2403,171
22500000.0,0.0,0.0,0.0,300.0,4.16338733396283,55,0,18,2,5,0.9248,0.5111,0.4807,0.188,1.2403,183
22500000.0,0.0,0.0,0.0,300.0,4.16338733396283,55,0,18,2,5,0.9248,0.5111,0.4807,0.188,1.2403,183
102000000.0,0.0,0.0,0.0,433.0,5.8785414560789,28,5,20,2,13,0.9248,0.5111,0.4807,0.188,1.2403,174
65000000.0,0.0,0.0,0.0,405.0,2.97523817431358,36,1,12,6,8,0.9248,0.5111,0.4807,0.188,1.2403,200
22000000.0,0.0,0.0,0.0,300.0,4.16338733396283,55,0,18,2,5,0.9248,0.5111,0.4807,0.188,1.2403,183
53680000.00000001,0.0,0.0,0.0,488.0,5.8785414560789,28,5,20,2,13,0.9248,0.5111,0.4807,0.188,1.2403,174
33600000.0,0.0,0.0,0.0,300.0,8.55222698270135,4,0,5,1,1,0.9248,0.5111,0.4807,0.188,1.2403,166
12384000.0,0.0,0.0,0.0,344.0,10.8111931080421,0,0,5,0,0,0.5438,0.0007,0.3241,0.0006,0.6486,192
65000000.0,0.0,0.0,0.0,405.0,2.91737296281919,30,1,10,7,7,0.9248,0.5111,0.4807,0.188,1.2403,-1
33600000.0,0.0,0.0,0.0,300.0,8.55222698270135,4,0,5,1,1,0.9248,0.5111,0.4807,0.188,1.2403,166
10074000.0,0.0,0.0,0.0,438.0,7.80786558941098,3,0,8,1,0,0.9248,0.5111,0.4807,0.188,1.2403,166
60000000.0,0.0,0.0,0.0,322.6,1.695004190322,22,1,18,1,3,0.9248,0.5111,0.4807,0.188,1.2403,202
81000000.0,0.0,0.0,0.0,450.0,7.10596975941147,0,0,2,0,2,0.9248,0.5111,0.4807,0.188,1.2403,175
72160000.0,0.0,0.0,0.0,451.0,4.68081921879901,18,1,8,0,4,0.46,0.3905,0.3591,0.359,0.6528,185
34500000.0,0.0,0.0,0.0,300.0,8.55222698270135,4,0,5,1,1,0.9248,0.5111,0.4807,0.188,1.2403,166
26000000.0,0.0,0.0,0.0,400.0,1.38006743939094,10,0,16,3,1,0.9248,0.5111,0.4807,0.188,1.2403,184
106000000.0,0.0,0.0,0.0,400.0,7.85333136183725,9,0,1,0,3,0.9248,0.5111,0.4807,0.188,1.2403,175
1000000.0,0.0,0.0,0.0,5.55,4.9142871455795,0,0,2,0,0,0.9248,0.5111,0.4807,0.188,1.2403,175
11400000.0,0.0,0.0,0.0,380.0,7.68342846049969,2,0,9,1,1,0.9248,0.5111,0.4807,0.188,1.2403,166
24500000.0,0.0,0.0,0.0,350.0,8.55222698270135,4,0,5,1,1,0.9248,0.5111,0.4807,0.188,1.2403,166
39900000.0,0.0,0.0,0.0,420.0,4.68081921879901,18,1,8,0,4,0.46,0.3905,0.3591,0.359,0.6528,185
81000000.0,0.0,0.0,0.0,450.0,7.10596975941147,0,0,2,0,2,0.9248,0.5111,0.4807,0.188,1.2403,175
30000000.0,0.0,0.0,0.0,482.0,3.56934464205663,1,0,11,1,3,0.9248,0.5111,0.4807,0.188,1.2403,166
33600000.0,0.0,0.0,0.0,300.0,6.64522028833831,7,0,8,1,2,0.9248,0.5111,0.4807,0.188,1.2403,166
10339999.999999998,0.0,0.0,0.0,75.0,6.80644121666006,0,1,15,0,6,0.9248,0.5111,0.4807,0.188,1.2403,199
125000000.0,0.0,0.0,0.0,496.0,8.37145372324007,9,2,3,6,12,0.9248,0.5111,0.4807,0.188,1.2403,203
22000000.0,0.0,0.0,0.0,300.0,4.16338733396283,55,0,18,2,5,0.9248,0.5111,0.4807,0.188,1.2403,183
57000000.0,0.0,0.0,0.0,477.5,7.80786558941098,3,0,8,1,0,0.9248,0.5111,0.4807,0.188,1.2403,166
23771000.0,0.0,0.0,0.0,216.1,5.06773390401278,42,0,19,2,6,0.9248,0.5111,0.4807,0.188,1.2403,-1
21400000.000000004,0.0,0.0,0.0,412.0,6.83917303494965,8,2,24,0,6,0.9248,0.5111,0.4807,0.188,1.2403,-1
10339999.999999998,0.0,0.0,0.0,75.0,6.78426162865901,6,2,23,0,6,0.9248,0.5111,0.4807,0.188,1.2403,-1
112000000.0,0.0,0.0,0.0,477.0,5.8785414560789,28,5,20,2,13,0.9248,0.5111,0.4807,0.188,1.2403,174
112000000.0,0.0,0.0,0.0,477.1,4.72859644494318,45,3,16,2,9,0.3825,0.001,0.0905,0.1966,1.1,191
41000000.0,0.0,0.0,0.0,400.0,1.40510830399541,12,0,15,3,2,0.9248,0.5111,0.4807,0.188,1.2403,184
33600000.0,0.0,0.0,0.0,300.0,8.55222698270135,4,0,5,1,1,0.9248,0.5111,0.4807,0.188,1.2403,166
27360000.0,0.0,0.0,0.0,380.0,8.55222698270135,4,0,5,1,1,0.9248,0.5111,0.4807,0.188,1.2403,166
124790000.0,0.0,0.0,0.0,416.0,8.73421801665623,8,3,6,0,2,0.9248,0.5111,0.4807,0.188,1.2403,168
26945000.0,0.0,0.0,0.0,317.0,6.64522028833831,7,0,8,1,2,0.9248,0.5111,0.4807,0.188,1.2403,166
75000000.0,0.0,0.0,0.0,500.0,4.68081921879901,18,1,8,0,4,0.46,0.3905,0.3591,0.359,0.6528,185
34500000.0,0.0,0.0,0.0,300.0,8.55222698270135,4,0,5,1,1,0.9248,0.5111,0.4807,0.188,1.2403,166
41250000.0,0.0,0.0,0.0,412.5,4.57653220905789,26,0,20,1,4,0.9248,0.5111,0.4807,0.188,1.2403,194
87000000.0,0.0,0.0,0.0,229.0,3.64076377074438,18,0,12,12,4,0.9248,0.5111,0.4807,0.188,1.2403,167
53960000.0,0.0,0.0,0.0,284.0,7.42661736833815,11,1,5,4,5,0.9248,0.5111,0.4807,0.188,1.2403,172
109440000.0,0.0,0.0,0.0,288.0,3.7482436022507,27,0,8,4,6,0.9248,0.5111,0.4807,0.188,1.2403,-1
99000000.0,0.0,0.0,0.0,330.0,8.73421801665623,8,3,6,0,2,0.9248,0.5111,0.4807,0.188,1.2403,168
20000000.0,0.0,0.0,0.0,380.0,6.80644121666006,0,1,15,0,6,0.9248,0.5111,0.4807,0.188,1.2403,199
22000000.0,0.0,0.0,0.0,300.0,4.16338733396283,55,0,18,2,5,0.9248,0.5111,0.4807,0.188,1.2403,183
102000000.0,0.0,0.0,0.0,477.0,4.95820842835087,49,5,17,1,9,0.9248,0.5111,0.4807,0.188,1.2403,-1
34500000.0,0.0,0.0,0.0,300.0,8.55222698270135,4,0,5,1,1,0.9248,0.5111,0.4807,0.188,1.2403,166
33000000.0,0.0,0.0,0.0,300.0,8.55222698270135,4,0,5,1,1,0.9248,0.5111,0.4807,0.188,1.2403,166
89250000.0,0.0,0.0,0.0,426.0,1.44380328611826,35,1,19,2,1,0.9248,0.5111,0.4807,0.188,1.2403,178
150000000.0,0.0,0.0,0.0,400.0,6.25731194755292,11,1,22,0,5,0.9248,0.5111,0.4807,0.188,1.2403,171
22500000.0,0.0,0.0,0.0,300.0,4.16338733396283,55,0,18,2,5,0.9248,0.5111,0.4807,0.188,1.2403,183
68480000.0,0.0,0.0,0.0,428.0,7.46985599975909,0,0,2,0,2,0.9248,0.5111,0.4807,0.188,1.2403,175
53950000.0,0.0,0.0,0.0,284.0,3.49947838792745,3,0,11,1,5,0.9248,0.5111,0.4807,0.188,1.2403,166
102000000.0,0.0,0.0,0.0,433.5,4.72859644494318,45,3,16,2,9,0.3825,0.001,0.0905,0.1966,1.1,191
40000000.0,0.0,0.0,0.0,489.5,7.0745065472197,14,0,9,6,4,0.9248,0.5111,0.4807,0.188,1.2403,176
23000000.000000004,0.0,0.0,0.0,388.0,8.55222698270135,4,0,5,1,1,0.9248,0.5111,0.4807,0.188,1.2403,166
81000000.0,0.0,0.0,0.0,450.0,7.10596975941147,0,0,2,0,2,0.9248,0.5111,0.4807,0.188,1.2403,175
81000000.0,0.0,0.0,0.0,450.0,7.10596975941147,0,0,2,0,2,0.9248,0.5111,0.4807,0.188,1.2403,175
61900000.0,0.0,0.0,0.0,310.0,1.44380328611826,35,1,19,2,1,0.9248,0.5111,0.4807,0.188,1.2403,178
9600000.0,0.0,0.0,0.0,300.0,7.80786558941098,3,0,8,1,0,0.9248,0.5111,0.4807,0.188,1.2403,166
33600000.0,0.0,0.0,0.0,300.0,8.55222698270135,4,0,5,1,1,0.9248,0.5111,0.4807,0.188,1.2403,166
45000000.0,0.0,0.0,0.0,409.0,3.64076377074438,18,0,12,12,4,0.9248,0.5111,0.4807,0.188,1.2403,167
79900000.0,0.0,0.0,0.0,432.0,7.42661736833815,11,1,5,4,5,0.9248,0.5111,0.4807,0.188,1.2403,172
25500000.0,0.0,0.0,0.0,300.0,6.64522028833831,7,0,8,1,2,0.9248,0.5111,0.4807,0.188,1.2403,166
52800000.0,0.0,0.0,0.0,440.0,5.8785414560789,28,5,20,2,13,0.9248,0.5111,0.4807,0.188,1.2403,174
12384000.0,0.0,0.0,0.0,344.0,10.8111931080421,0,0,5,0,0,0.5438,0.0007,0.3241,0.0006,0.6486,192
297894.0,0.0,0.0,0.0,2.5,7.80786558941098,3,0,8,1,0,0.9248,0.5111,0.4807,0.188,1.2403,166
45000000.0,0.0,0.0,0.0,400.0,5.8785414560789,28,5,20,2,13,0.9248,0.5111,0.4807,0.188,1.2403,174
20000000.0,0.0,0.0,0.0,400.0,7.07554678230017,7,1,20,2,3,0.9248,0.5111,0.4807,0.188,1.2403,182
11600000.0,0.0,0.0,0.0,400.0,7.80786558941098,3,0,8,1,0,0.9248,0.5111,0.4807,0.188,1.2403,166
13500000.0,0.0,0.0,0.0,150.0,8.55222698270135,4,0,5,1,1,0.9248,0.5111,0.4807,0.188,1.2403,166
80850000.0,0.0,0.0,0.0,367.5,3.34848873887278,45,1,16,3,8,0.9248,0.5111,0.4807,0.188,1.2403,195
4032000.0,0.0,0.0,0.0,144.0,10.8111931080421,0,0,5,0,0,0.5438,0.0007,0.3241,0.0006,0.6486,192
3170200.0000000005,0.0,0.0,0.0,120.0,10.8111931080421,0,0,5,0,0,0.5438,0.0007,0.3241,0.0006,0.6486,192
95220000.0,0.0,0.0,0.0,414.0,8.73421801665623,8,3,6,0,2,0.9248,0.5111,0.4807,0.188,1.2403,168
11925000.0,0.0,0.0,0.0,300.0,7.07554678230017,7,1,20,2,3,0.9248,0.5111,0.4807,0.188,1.2403,182
12460000.0,0.0,0.0,0.0,356.0,6.95134214201639,4,0,11,0,0,0.9248,0.5111,0.4807,0.188,1.2403,198
2592000.0,0.0,0.0,0.0,117.0,10.8111931080421,0,0,5,0,0,0.5438,0.0007,0.3241,0.0006,0.6486,192
27500000.0,0.0,0.0,0.0,400.0,8.55222698270135,4,0,5,1,1,0.9248,0.5111,0.4807,0.188,1.2403,166
243974000.0,0.0,0.0,0.0,399.0,6.29713559486825,14,1,5,3,8,0.9248,0.5111,0.4807,0.188,1.2403,-1
90405000.0,0.0,0.0,0.0,441.0,2.97523817431358,36,1,12,6,8,0.9248,0.5111,0.4807,0.188,1.2403,200
80850000.0,0.0,0.0,0.0,367.5,3.34848873887278,45,1,16,3,8,0.9248,0.5111,0.4807,0.188,1.2403,195
39311999.99999999,0.0,0.0,0.0,36.804,2.54986964866086,2,0,10,1,6,0.9248,0.5111,0.4807,0.188,1.2403,166
13500000.0,0.0,0.0,0.0,150.0,3.75230575877454,2,0,11,1,4,0.9248,0.5111,0.4807,0.188,1.2403,166
55000000.0,0.0,0.0,0.0,318.0,3.42129749022756,31,0,12,18,7,0.9248,0.5111,0.4807,0.188,1.2403,-1
15000000.0,0.0,0.0,0.0,429.0,10.8111931080421,0,0,5,0,0,0.5438,0.0007,0.3241,0.0006,0.6486,192
82602500.0,0.0,0.0,0.0,446.5,4.68081921879901,18,1,8,0,4,0.46,0.3905,0.3591,0.359,0.6528,185
19136000.0,0.0,0.0,0.0,299.0,8.55222698270135,4,0,5,1,1,0.9248,0.5111,0.4807,0.188,1.2403,166
41580000.0,0.0,0.0,0.0,378.0,2.3234668760911,16,0,11,1,3,0.9248,0.5111,0.4807,0.188,1.2403,-1
22500000.0,0.0,0.0,0.0,250.0,4.9142871455795,0,0,2,0,0,0.9248,0.5111,0.4807,0.188,1.2403,175
31000000.000000004,0.0,0.0,0.0,367.0,3.75230575877454,2,0,11,1,4,0.9248,0.5111,0.4807,0.188,1.2403,166
14707000.0,0.0,0.0,0.0,382.0,6.64522028833831,7,0,8,1,2,0.9248,0.5111,0.4807,0.188,1.2403,166
49999999.99999999,0.0,0.0,0.0,256.0,7.42661736833815,11,1,5,4,5,0.9248,0.5111,0.4807,0.188,1.2403,172
2700000.0,0.0,0.0,0.0,108.0,10.8111931080421,0,0,5,0,0,0.5438,0.0007,0.3241,0.0006,0.6486,192
15000000.0,0.0,0.0,0.0,188.0,7.07554678230017,7,1,20,2,3,0.9248,0.5111,0.4807,0.188,1.2403,182
11137000.0,0.0,0.0,0.0,259.0,7.80786558941098,3,0,8,1,0,0.9248,0.5111,0.4807,0.188,1.2403,166
120000.0,0.0,0.0,0.0,3.0,10.1738538076507,0,0,10,0,0,0.9248,0.5111,0.4807,0.188,1.2403,198
21600000.0,0.0,0.0,0.0,480.0,10.8111931080421,0,0,5,0,0,0.5438,0.0007,0.3241,0.0006,0.6486,192
49999999.99999999,0.0,0.0,0.0,256.0,7.42661736833815,11,1,5,4,5,0.9248,0.5111,0.4807,0.188,1.2403,172
3000000.0,0.0,0.0,0.0,125.0,5.26968245317765,12,0,10,2,6,0.9248,0.5111,0.4807,0.188,1.2403,189
11100000.0,0.0,0.0,0.0,300.0,10.8111931080421,0,0,5,0,0,0.5438,0.0007,0.3241,0.0006,0.6486,192
20100000.0,0.0,0.0,0.0,300.0,8.55222698270135,4,0,5,1,1,0.9248,0.5111,0.4807,0.188,1.2403,166
70000000.0,0.0,0.0,0.0,351.0,4.68081921879901,18,1,8,0,4,0.46,0.3905,0.3591,0.359,0.6528,185
24000000.0,0.0,0.0,0.0,300.0,6.64522028833831,7,0,8,1,2,0.9248,0.5111,0.4807,0.188,1.2403,166
48000000.0,0.0,0.0,0.0,485.0,6.25731194755292,11,1,22,0,5,0.9248,0.5111,0.4807,0.188,1.2403,171
75000000.0,0.0,0.0,0.0,412.0,6.64522028833831,7,0,8,1,2,0.9248,0.5111,0.4807,0.188,1.2403,166
24000000.0,0.0,0.0,0.0,300.0,5.18457384350888,48,5,22,2,13,0.9248,0.5111,0.4807,0.188,1.2403,-1
35000000.0,0.0,0.0,0.0,300.0,7.31687807028027,8,1,18,2,6,0.9248,0.5111,0.4807,0.188,1.2403,182
3600000.0,0.0,0.0,0.0,138.0,6.86611328636998,5,0,7,0,1,0.9248,0.5111,0.4807,0.188,1.2403,198
90000000.0,0.0,0.0,0.0,300.0,8.73421801665623,8,3,6,0,2,0.9248,0.5111,0.4807,0.188,1.2403,168
41999999.99999999,0.0,0.0,0.0,400.0,4.9142871455795,0,0,2,0,0,0.9248,0.5111,0.4807,0.188,1.2403,175
33600000.0,0.0,0.0,0.0,300.0,8.55222698270135,4,0,5,1,1,0.9248,0.5111,0.4807,0.188,1.2403,166
90000000.0,0.0,0.0,0.0,423.0,1.44380328611826,35,1,19,2,1,0.9248,0.5111,0.4807,0.188,1.2403,178
39375000.0,0.0,0.0,0.0,315.0,3.64076377074438,18,0,12,12,4,0.9248,0.5111,0.4807,0.188,1.2403,167
2700000.0,0.0,0.0,0.0,108.0,10.8111931080421,0,0,5,0,0,0.5438,0.0007,0.3241,0.0006,0.6486,192
47000000.0,0.0,0.0,0.0,263.0,1.59951308145731,24,0,13,1,5,0.9248,0.5111,0.4807,0.188,1.2403,204
18000000.0,0.0,0.0,0.0,300.0,6.64522028833831,7,0,8,1,2,0.9248,0.5111,0.4807,0.188,1.2403,166
15000000.0,0.0,0.0,0.0,150.0,1.26756786845506,26,0,16,4,5,0.9248,0.5111,0.4807,0.188,1.2403,169
33600000.0,0.0,0.0,0.0,300.0,8.55222698270135,4,0,5,1,1,0.9248,0.5111,0.4807,0.188,1.2403,166
19000000.000000004,0.0,0.0,0.0,300.0,7.87812974351034,9,0,15,0,1,0.9248,0.5111,0.4807,0.188,1.2403,180
55000000.0,0.0,0.0,0.0,323.0,2.54986964866086,2,0,10,1,6,0.9248,0.5111,0.4807,0.188,1.2403,166
28000000.0,0.0,0.0,0.0,225.0,6.30631612141713,10,3,12,2,11,0.9248,0.5111,0.4807,0.188,1.2403,197
10499999.999999998,0.0,0.0,0.0,300.0,7.07554678230017,7,1,20,2,3,0.9248,0.5111,0.4807,0.188,1.2403,182
46000000.00000001,0.0,0.0,0.0,300.0,4.9142871455795,0,0,2,0,0,0.9248,0.5111,0.4807,0.188,1.2403,175
33000000.0,0.0,0.0,0.0,140.0,2.54986964866086,2,0,10,1,6,0.9248,0.5111,0.4807,0.188,1.2403,166
1700000.0,0.0,0.0,0.0,87.0,7.80786558941098,3,0,8,1,0,0.9248,0.5111,0.4807,0.188,1.2403,166
18320000.0,0.0,0.0,0.0,458.0,7.07554678230017,7,1,20,2,3,0.9248,0.5111,0.4807,0.188,1.2403,182
12000000.0,0.0,0.0,0.0,300.0,7.07554678230017,7,1,20,2,3,0.9248,0.5111,0.4807,0.188,1.2403,182
11000000.0,0.0,0.0,0.0,150.0,3.10306844952484,11,0,17,4,5,0.9248,0.5111,0.4807,0.188,1.2403,-1
20000000.0,0.0,0.0,0.0,383.0,4.9142871455795,0,0,2,0,0,0.9248,0.5111,0.4807,0.188,1.2403,175
42085000.0,0.0,0.0,0.0,443.0,6.64522028833831,7,0,8,1,2,0.9248,0.5111,0.4807,0.188,1.2403,166
35000000.0,0.0,0.0,0.0,420.0,1.37401459894944,4,0,11,2,0,0.9248,0.5111,0.4807,0.188,1.2403,179
11000000.0,0.0,0.0,0.0,338.0,8.55222698270135,4,0,5,1,1,0.9248,0.5111,0.4807,0.188,1.2403,166
10499999.999999998,0.0,0.0,0.0,300.0,7.07554678230017,7,1,20,2,3,0.9248,0.5111,0.4807,0.188,1.2403,182
32400000.0,0.0,0.0,0.0,270.0,2.54986964866086,2,0,10,1,6,0.9248,0.5111,0.4807,0.188,1.2403,166
28140000.0,0.0,0.0,0.0,234.5,4.00884190329365,18,0,14,10,3,0.9248,0.5111,0.4807,0.188,1.2403,-1
87020000.0,0.0,0.0,0.0,229.0,3.64076377074438,18,0,12,12,4,0.9248,0.5111,0.4807,0.188,1.2403,167
25000000.0,0.0,0.0,0.0,250.0,2.54986964866086,2,0,10,1,6,0.9248,0.5111,0.4807,0.188,1.2403,166
18000000.0,0.0,0.0,0.0,300.0,7.80786558941098,3,0,8,1,0,0.9248,0.5111,0.4807,0.188,1.2403,166
10499999.999999998,0.0,0.0,0.0,300.0,6.95134214201639,4,0,11,0,0,0.9248,0.5111,0.4807,0.188,1.2403,198
82602500.0,0.0,0.0,0.0,446.5,4.68081921879901,18,1,8,0,4,0.46,0.3905,0.3591,0.359,0.6528,185
33600000.0,0.0,0.0,0.0,300.0,8.55222698270135,4,0,5,1,1,0.9248,0.5111,0.4807,0.188,1.2403,166
12400000.0,0.0,0.0,0.0,400.0,7.07554678230017,7,1,20,2,3,0.9248,0.5111,0.4807,0.188,1.2403,182
77760000.0,0.0,0.0,0.0,324.0,4.68081921879901,18,1,8,0,4,0.46,0.3905,0.3591,0.359,0.6528,185
33600000.0,0.0,0.0,0.0,300.0,6.64522028833831,7,0,8,1,2,0.9248,0.5111,0.4807,0.188,1.2403,166
68000000.0,0.0,0.0,0.0,441.0,2.49219091321627,20,1,11,2,5,0.9248,0.5111,0.4807,0.188,1.2403,196
14000000.0,0.0,0.0,0.0,200.0,2.54986964866086,2,0,10,1,6,0.9248,0.5111,0.4807,0.188,1.2403,166
14195000.0,0.0,0.0,0.0,167.0,2.54986964866086,2,0,10,1,6,0.9248,0.5111,0.4807,0.188,1.2403,166
12600000.0,0.0,0.0,0.0,300.0,6.95134214201639,4,0,11,0,0,0.9248,0.5111,0.4807,0.188,1.2403,198
49999999.99999999,0.0,0.0,0.0,423.0,2.54986964866086,2,0,10,1,6,0.9248,0.5111,0.4807,0.188,1.2403,166
49999999.99999999,0.0,0.0,0.0,390.0,1.72686951265089,24,0,13,1,9,0.9248,0.5111,0.4807,0.188,1.2403,186
35000000.0,0.0,0.0,0.0,400.0,0.620224953610663,40,3,22,3,6,0.9248,0.5111,0.4807,0.188,1.2403,-1
16000000.0,0.0,0.0,0.0,250.0,5.8785414560789,28,5,20,2,13,0.9248,0.5111,0.4807,0.188,1.2403,174
20000000.0,0.0,0.0,0.0,400.0,7.07554678230017,7,1,20,2,3,0.9248,0.5111,0.4807,0.188,1.2403,182
65000000.0,0.0,0.0,0.0,453.0,6.64522028833831,7,0,8,1,2,0.9248,0.5111,0.4807,0.188,1.2403,166
49999999.99999999,0.0,0.0,0.0,300.0,2.97523817431358,36,1,12,6,8,0.9248,0.5111,0.4807,0.188,1.2403,200
38500000.0,0.0,0.0,0.0,350.0,5.8785414560789,28,5,20,2,13,0.9248,0.5111,0.4807,0.188,1.2403,174
56000000.0,0.0,0.0,0.0,405.0,3.56934464205663,1,0,11,1,3,0.9248,0.5111,0.4807,0.188,1.2403,166
75000000.0,0.0,0.0,0.0,394.0,4.68081921879901,18,1,8,0,4,0.46,0.3905,0.3591,0.359,0.6528,185
13500000.0,0.0,0.0,0.0,300.0,7.80786558941098,3,0,8,1,0,0.9248,0.5111,0.4807,0.188,1.2403,166
18680000.0,0.0,0.0,0.0,467.0,7.80786558941098,3,0,8,1,0,0.9248,0.5111,0.4807,0.188,1.2403,166
30450000.0,0.0,0.0,0.0,290.0,6.64522028833831,7,0,8,1,2,0.9248,0.5111,0.4807,0.188,1.2403,166
48500000.0,0.0,0.0,0.0,263.0,1.59951308145731,24,0,13,1,5,0.9248,0.5111,0.4807,0.188,1.2403,204
38000000.00000001,0.0,0.0,0.0,267.6,3.64076377074438,18,0,12,12,4,0.9248,0.5111,0.4807,0.188,1.2403,167
45125000.0,0.0,0.0,0.0,361.0,6.25731194755292,11,1,22,0,5,0.9248,0.5111,0.4807,0.188,1.2403,171
110000000.0,0.0,0.0,0.0,498.0,7.85333136183725,9,0,1,0,3,0.9248,0.5111,0.4807,0.188,1.2403,175
10470000.0,0.0,0.0,0.0,419.0,7.07554678230017,7,1,20,2,3,0.9248,0.5111,0.4807,0.188,1.2403,182
10000000.0,0.0,0.0,0.0,56.0,8.55222698270135,4,0,5,1,1,0.9248,0.5111,0.4807,0.188,1.2403,166
36575000.0,0.0,0.0,0.0,385.0,8.55222698270135,4,0,5,1,1,0.9248,0.5111,0.4807,0.188,1.2403,166
8400000.0,0.0,0.0,0.0,240.0,2.54986964866086,2,0,10,1,6,0.5438,0.0007,0.3241,0.0006,0.6486,-1
15000000.0,0.0,0.0,0.0,250.0,2.54986964866086,2,0,10,1,6,0.9248,0.5111,0.4807,0.188,1.2403,166
32000000.0,0.0,0.0,0.0,400.0,6.64522028833831,7,0,8,1,2,0.9248,0.5111,0.4807,0.188,1.2403,166
37000000.0,0.0,0.0,0.0,400.0,6.64522028833831,7,0,8,1,2,0.9248,0.5111,0.4807,0.188,1.2403,166
20000000.0,0.0,0.0,0.0,64.0,5.8785414560789,28,5,20,2,13,0.9248,0.5111,0.4807,0.188,1.2403,174
52020000.0,0.0,0.0,0.0,306.0,3.64076377074438,18,0,12,12,4,0.9248,0.5111,0.4807,0.188,1.2403,167
33320000.0,0.0,0.0,0.0,208.25,1.95893669978476,24,1,14,3,3,0.9248,0.5111,0.4807,0.188,1.2403,190
54337500.0,0.0,0.0,0.0,402.5,7.28629026730469,14,1,10,6,4,0.9248,0.5111,0.4807,0.188,1.2403,-1
39900000.0,0.0,0.0,0.0,420.0,4.68081921879901,18,1,8,0,4,0.46,0.3905,0.3591,0.359,0.6528,185
72160000.0,0.0,0.0,0.0,451.0,6.30631612141713,10,3,12,2,11,0.9248,0.5111,0.4807,0.188,1.2403,197
25000000.0,0.0,0.0,0.0,450.0,6.80644121666006,0,1,15,0,6,0.9248,0.5111,0.4807,0.188,1.2403,199
24000000.0,0.0,0.0,0.0,240.0,1.36149198117981,29,0,15,6,8,0.9248,0.5111,0.4807,0.188,1.2403,-1
24000000.0,0.0,0.0,0.0,400.0,6.80644121666006,0,1,15,0,6,0.9248,0.5111,0.4807,0.188,1.2403,199
30000000.0,0.0,0.0,0.0,344.0,1.72686951265089,24,0,13,1,9,0.9248,0.5111,0.4807,0.188,1.2403,186
39600000.00000001,0.0,0.0,0.0,330.0,1.25091495351108,26,0,16,4,5,0.9248,0.5111,0.4807,0.188,1.2403,169
8000000.0,0.0,0.0,0.0,228.0,5.13957722878977,0,0,7,0,0,0.9248,0.5111,0.4807,0.188,1.2403,198
18000000.0,0.0,0.0,0.0,400.0,3.83799978175733,2,0,11,1,4,0.9248,0.5111,0.4807,0.188,1.2403,166
12000000.0,0.0,0.0,0.0,346.0,1.44653141546966,19,0,11,1,11,0.9248,0.5111,0.4807,0.188,1.2403,-1
4350000.0,0.0,0.0,0.0,150.0,5.13957722878977,0,0,7,0,0,0.9248,0.5111,0.4807,0.188,1.2403,198
72600000.0,0.0,0.0,0.0,330.0,8.73421801665623,8,3,6,0,2,0.9248,0.5111,0.4807,0.188,1.2403,168
20880000.0,0.0,0.0,0.0,290.0,8.55222698270135,4,0,5,1,1,0.9248,0.5111,0.4807,0.188,1.2403,166
35765000.0,0.0,0.0,0.0,311.0,6.64522028833831,7,0,8,1,2,0.9248,0.5111,0.4807,0.188,1.2403,166
13120000.0,0.0,0.0,0.0,328.0,8.55222698270135,4,0,5,1,1,0.9248,0.5111,0.4807,0.188,1.2403,166
72160000.0,0.0,0.0,0.0,451.0,6.30631612141713,10,3,12,2,11,0.9248,0.5111,0.4807,0.188,1.2403,197
31590000.0,0.0,0.0,0.0,486.0,7.80786558941098,3,0,8,1,0,0.9248,0.5111,0.4807,0.188,1.2403,166
27000000.000000004,0.0,0.0,0.0,300.0,5.8785414560789,28,5,20,2,13,0.9248,0.5111,0.4807,0.188,1.2403,174
32400000.0,0.0,0.0,0.0,311.0,8.55222698270135,4,0,5,1,1,0.9248,0.5111,0.4807,0.188,1.2403,166
28000000.0,0.0,0.0,0.0,300.0,6.25731194755292,11,1,22,0,5,0.9248,0.5111,0.4807,0.188,1.2403,171
51599999.99999999,0.0,0.0,0.0,430.0,6.60270203880693,19,2,24,3,11,0.9248,0.5111,0.4807,0.188,1.2403,-1
65000000.0,0.0,0.0,0.0,480.0,4.68081921879901,18,1,8,0,4,0.46,0.3905,0.3591,0.359,0.6528,185
13500000.0,0.0,0.0,0.0,300.0,7.60993260451065,2,0,7,0,0,0.9248,0.5111,0.4807,0.188,1.2403,198
69500000.0,0.0,0.0,0.0,425.0,4.68081921879901,18,1,8,0,4,0.46,0.3905,0.3591,0.359,0.6528,185
23100000.0,0.0,0.0,0.0,330.0,8.55222698270135,4,0,5,1,1,0.9248,0.5111,0.4807,0.188,1.2403,166
17000000.0,0.0,0.0,0.0,240.0,3.56934464205663,1,0,11,1,3,0.9248,0.5111,0.4807,0.188,1.2403,166
24000000.0,0.0,0.0,0.0,400.0,6.80644121666006,0,1,15,0,6,0.9248,0.5111,0.4807,0.188,1.2403,199
12400000.0,0.0,0.0,0.0,300.0,6.64522028833831,7,0,8,1,2,0.9248,0.5111,0.4807,0.188,1.2403,166
112000000.0,0.0,0.0,0.0,477.1,4.72859644494318,45,3,16,2,9,0.3825,0.001,0.0905,0.1966,1.1,191
33000000.0,0.0,0.0,0.0,300.0,8.55222698270135,4,0,5,1,1,0.9248,0.5111,0.4807,0.188,1.2403,166
52900000.0,0.0,0.0,0.0,460.0,4.46675937793218,10,0,14,0,2,0.9248,0.5111,0.4807,0.188,1.2403,180
121500000.0,0.0,0.0,0.0,486.0,7.12599683234302,0,0,2,0,2,0.9248,0.5111,0.4807,0.188,1.2403,175
12000000.0,0.0,0.0,0.0,250.0,7.07554678230017,7,1,20,2,3,0.9248,0.5111,0.4807,0.188,1.2403,182
45000000.0,0.0,0.0,0.0,448.0,4.57653220905789,26,0,20,1,4,0.9248,0.5111,0.4807,0.188,1.2403,194
15000000.0,0.0,0.0,0.0,180.0,6.64522028833831,7,0,8,1,2,0.9248,0.5111,0.4807,0.188,1.2403,166
28500000.0,0.0,0.0,0.0,300.0,5.8785414560789,28,5,20,2,13,0.9248,0.5111,0.4807,0.188,1.2403,174
46000000.00000001,0.0,0.0,0.0,300.0,4.9142871455795,0,0,2,0,0,0.9248,0.5111,0.4807,0.188,1.2403,175
27000000.000000004,0.0,0.0,0.0,300.0,2.54986964866086,2,0,10,1,6,0.9248,0.5111,0.4807,0.188,1.2403,166
21455750.0,0.0,0.0,0.0,225.85,5.73698470230425,28,0,21,2,9,0.9248,0.5111,0.4807,0.188,1.2403,-1
46000000.00000001,0.0,0.0,0.0,433.0,3.64076377074438,18,0,12,12,4,0.9248,0.5111,0.4807,0.188,1.2403,167
33600000.0,0.0,0.0,0.0,300.0,8.55222698270135,4,0,5,1,1,0.9248,0.5111,0.4807,0.188,1.2403,166
31500000.0,0.0,0.0,0.0,300.0,6.64522028833831,7,0,8,1,2,0.9248,0.5111,0.4807,0.188,1.2403,166
10499999.999999998,0.0,0.0,0.0,300.0,7.80786558941098,3,0,8,1,0,0.9248,0.5111,0.4807,0.188,1.2403,166
8800000.0,0.0,0.0,0.0,300.0,10.8111931080421,0,0,5,0,0,0.5438,0.0007,0.3241,0.0006,0.6486,192
79900000.0,0.0,0.0,0.0,432.0,7.42661736833815,11,1,5,4,5,0.9248,0.5111,0.4807,0.188,1.2403,172
80640000.0,0.0,0.0,0.0,448.0,2.54986964866086,2,0,10,1,6,0.9248,0.5111,0.4807,0.188,1.2403,166
31500000.0,0.0,0.0,0.0,300.0,6.64522028833831,7,0,8,1,2,0.9248,0.5111,0.4807,0.188,1.2403,166
40000000.0,0.0,0.0,0.0,400.0,6.64522028833831,7,0,8,1,2,0.9248,0.5111,0.4807,0.188,1.2403,166
58100000.0,0.0,0.0,0.0,450.0,2.54986964866086,2,0,10,1,6,0.9248,0.5111,0.4807,0.188,1.2403,166
14000000.0,0.0,0.0,0.0,400.0,6.95134214201639,4,0,11,0,0,0.9248,0.5111,0.4807,0.188,1.2403,198
23760000.0,0.0,0.0,0.0,432.0,4.9142871455795,0,0,2,0,0,0.9248,0.5111,0.4807,0.188,1.2403,175
90000000.0,0.0,0.0,0.0,500.0,3.34848873887278,45,1,16,3,8,0.9248,0.5111,0.4807,0.188,1.2403,195
7500000.0,0.0,0.0,0.0,300.0,10.0293538595793,2,0,13,3,1,0.9248,0.5111,0.4807,0.188,1.2403,-1
14000000.0,0.0,0.0,0.0,398.0,7.87812974351034,9,0,15,0,1,0.9248,0.5111,0.4807,0.188,1.2403,180
32000000.0,0.0,0.0,0.0,400.0,3.42129749022756,31,0,12,18,7,0.9248,0.5111,0.4807,0.188,1.2403,-1
14000000.0,0.0,0.0,0.0,240.0,1.37401459894944,4,0,11,2,0,0.9248,0.5111,0.4807,0.188,1.2403,179
78400000.0,0.0,0.0,0.0,448.0,6.64522028833831,7,0,8,1,2,0.9248,0.5111,0.4807,0.188,1.2403,166
14707000.0,0.0,0.0,0.0,382.0,8.88960770693757,1,0,5,1,0,0.9248,0.5111,0.4807,0.188,1.2403,166
90000000.0,0.0,0.0,0.0,412.0,7.85333136183725,9,0,1,0,3,0.9248,0.5111,0.4807,0.188,1.2403,175
16499999.999999998,0.0,0.0,0.0,300.0,8.55222698270135,4,0,5,1,1,0.9248,0.5111,0.4807,0.188,1.2403,166
18000000.0,0.0,0.0,0.0,300.0,7.07554678230017,7,1,20,2,3,0.9248,0.5111,0.4807,0.188,1.2403,182
30450000.0,0.0,0.0,0.0,290.0,2.54986964866086,2,0,10,1,6,0.9248,0.5111,0.4807,0.188,1.2403,166
36000000.0,0.0,0.0,0.0,300.0,8.55222698270135,4,0,5,1,1,0.9248,0.5111,0.4807,0.188,1.2403,166
7878000.000000002,0.0,0.0,0.0,202.0,7.07554678230017,7,1,20,2,3,0.9248,0.5111,0.4807,0.188,1.2403,182
27000000.000000004,0.0,0.0,0.0,300.0,5.8785414560789,28,5,20,2,13,0.9248,0.5111,0.4807,0.188,1.2403,174
85600000.00000001,0.0,0.0,0.0,428.0,6.64522028833831,7,0,8,1,2,0.9248,0.5111,0.4807,0.188,1.2403,166
34500000.0,0.0,0.0,0.0,300.0,2.54986964866086,2,0,10,1,6,0.9248,0.5111,0.4807,0.188,1.2403,166
15385000.0,0.0,0.0,0.0,181.0,4.68081921879901,18,1,8,0,4,0.46,0.3905,0.3591,0.359,0.6528,185
115260000.0,0.0,0.0,0.0,452.0,2.54986964866086,2,0,10,1,6,0.9248,0.5111,0.4807,0.188,1.2403,166
110000000.0,0.0,0.0,0.0,498.0,7.85333136183725,9,0,1,0,3,0.9248,0.5111,0.4807,0.188,1.2403,175
15000000.0,0.0,0.0,0.0,200.0,4.9142871455795,0,0,2,0,0,0.9248,0.5111,0.4807,0.188,1.2403,175
33600000.0,0.0,0.0,0.0,300.0,8.55222698270135,4,0,5,1,1,0.9248,0.5111,0.4807,0.188,1.2403,166
23625000.0,0.0,0.0,0.0,315.0,8.55222698270135,4,0,5,1,1,0.9248,0.5111,0.4807,0.188,1.2403,166
40000000.0,0.0,0.0,0.0,296.0,5.84239104111134,30,5,20,2,13,0.9248,0.5111,0.4807,0.188,1.2403,174
18000000.0,0.0,0.0,0.0,221.0,6.64522028833831,7,0,8,1,2,0.9248,0.5111,0.4807,0.188,1.2403,166
8715000.0,0.0,0.0,0.0,249.0,5.66874045921952,0,0,11,0,0,0.9248,0.5111,0.4807,0.188,1.2403,198
45000000.0,0.0,0.0,0.0,499.0,3.75230575877454,2,0,11,1,4,0.9248,0.5111,0.4807,0.188,1.2403,166
33600000.0,0.0,0.0,0.0,300.0,8.19910087648343,0,0,2,0,1,0.9248,0.5111,0.4807,0.188,1.2403,175
9900000.0,0.0,0.0,0.0,300.0,7.80786558941098,3,0,8,1,0,0.9248,0.5111,0.4807,0.188,1.2403,166
94000000.0,0.0,0.0,0.0,423.0,1.44380328611826,35,1,19,2,1,0.9248,0.5111,0.4807,0.188,1.2403,178
82602500.0,0.0,0.0,0.0,446.0,4.68081921879901,18,1,8,0,4,0.46,0.3905,0.3591,0.359,0.6528,185
2900000.0,0.0,0.0,0.0,108.0,10.8111931080421,0,0,5,0,0,0.5438,0.0007,0.3241,0.0006,0.6486,192
72000000.0,0.0,0.0,0.0,400.0,6.64522028833831,7,0,8,1,2,0.9248,0.5111,0.4807,0.188,1.2403,166
6500000.0,0.0,0.0,0.0,186.0,7.07554678230017,7,1,20,2,3,0.9248,0.5111,0.4807,0.188,1.2403,182
75000000.0,0.0,0.0,0.0,300.0,8.73421801665623,8,3,6,0,2,0.9248,0.5111,0.4807,0.188,1.2403,168
79900000.0,0.0,0.0,0.0,432.0,7.42661736833815,11,1,5,4,5,0.9248,0.5111,0.4807,0.188,1.2403,172
13000000.0,0.0,0.0,0.0,429.0,10.8111931080421,0,0,5,0,0,0.5438,0.0007,0.3241,0.0006,0.6486,192
100000000.0,0.0,0.0,0.0,360.0,7.85333136183725,9,0,1,0,3,0.9248,0.5111,0.4807,0.188,1.2403,175
45000000.0,0.0,0.0,0.0,360.0,6.64522028833831,7,0,8,1,2,0.9248,0.5111,0.4807,0.188,1.2403,166
39870000.0,0.0,0.0,0.0,443.0,6.64522028833831,7,0,8,1,2,0.9248,0.5111,0.4807,0.188,1.2403,166
105250000.0,0.0,0.0,0.0,421.0,7.12599683234302,0,0,2,0,2,0.9248,0.5111,0.4807,0.188,1.2403,175
56625000.0,0.0,0.0,0.0,453.0,6.64522028833831,7,0,8,1,2,0.9248,0.5111,0.4807,0.188,1.2403,166
155000000.0,0.0,0.0,0.0,399.0,6.64522028833831,7,0,8,1,2,0.9248,0.5111,0.4807,0.188,1.2403,166
5000000.0,0.0,0.0,0.0,180.0,10.1738538076507,0,0,10,0,0,0.9248,0.5111,0.4807,0.188,1.2403,198
18810000.0,0.0,0.0,0.0,418.0,7.87812974351034,9,0,15,0,1,0.9248,0.5111,0.4807,0.188,1.2403,180
27000000.000000004,0.0,0.0,0.0,300.0,5.8785414560789,28,5,20,2,13,0.9248,0.5111,0.4807,0.188,1.2403,174
15215000.0,0.0,0.0,0.0,179.0,6.64522028833831,7,0,8,1,2,0.9248,0.5111,0.4807,0.188,1.2403,166
9000000.0,0.0,0.0,0.0,300.0,2.54986964866086,2,0,10,1,6,0.5438,0.0007,0.3241,0.0006,0.6486,-1
36696000.0,0.0,0.0,0.0,417.0,6.64522028833831,7,0,8,1,2,0.9248,0.5111,0.4807,0.188,1.2403,166
13000000.0,0.0,0.0,0.0,280.0,2.54986964866086,2,0,10,1,6,0.9248,0.5111,0.4807,0.188,1.2403,166
19800000.000000004,0.0,0.0,0.0,330.0,8.55222698270135,4,0,5,1,1,0.9248,0.5111,0.4807,0.188,1.2403,166
77760000.0,0.0,0.0,0.0,324.0,4.68081921879901,18,1,8,0,4,0.46,0.3905,0.3591,0.359,0.6528,185
70000000.0,0.0,0.0,0.0,500.0,2.54986964866086,2,0,10,1,6,0.9248,0.5111,0.4807,0.188,1.2403,166
17784000.0,0.0,0.0,0.0,468.0,2.54986964866086,2,0,10,1,6,0.9248,0.5111,0.4807,0.188,1.2403,166
34680000.0,0.0,0.0,0.0,408.0,6.25731194755292,11,1,22,0,5,0.9248,0.5111,0.4807,0.188,1.2403,171
20000000.0,0.0,0.0,0.0,400.0,7.87812974351034,9,0,15,0,1,0.9248,0.5111,0.4807,0.188,1.2403,180
33600000.0,0.0,0.0,0.0,300.0,8.55222698270135,4,0,5,1,1,0.9248,0.5111,0.4807,0.188,1.2403,166
125000000.0,0.0,0.0,0.0,450.0,7.85333136183725,9,0,1,0,3,0.9248,0.5111,0.4807,0.188,1.2403,175
15000000.0,0.0,0.0,0.0,300.0,7.80786558941098,3,0,8,1,0,0.9248,0.5111,0.4807,0.188,1.2403,166
16000000.0,0.0,0.0,0.0,296.0,8.55222698270135,4,0,5,1,1,0.9248,0.5111,0.4807,0.188,1.2403,166
18313800.0,0.0,0.0,0.0,262.0,3.45102792447501,43,1,9,12,8,0.9248,0.5111,0.4807,0.188,1.2403,-1
21600000.0,0.0,0.0,0.0,480.0,10.8111931080421,0,0,5,0,0,0.5438,0.0007,0.3241,0.0006,0.6486,192
18000000.0,0.0,0.0,0.0,300.0,8.55222698270135,4,0,5,1,1,0.9248,0.5111,0.4807,0.188,1.2403,166
32490000.0,0.0,0.0,0.0,361.0,2.34637703285556,22,1,12,1,5,0.9248,0.5111,0.4807,0.188,1.2403,-1
33000000.0,0.0,0.0,0.0,300.0,8.55222698270135,4,0,5,1,1,0.9248,0.5111,0.4807,0.188,1.2403,166
8300000.0,0.0,0.0,0.0,180.0,5.13957722878977,0,0,7,0,0,0.9248,0.5111,0.4807,0.188,1.2403,198
12400000.0,0.0,0.0,0.0,300.0,8.55222698270135,4,0,5,1,1,0.9248,0.5111,0.4807,0.188,1.2403,166
11500000.0,0.0,0.0,0.0,154.0,0.460717362062384,10,0,6,0,1,0.9248,0.5111,0.4807,0.188,1.2403,205
18810000.0,0.0,0.0,0.0,418.0,2.54986964866086,2,0,10,1,6,0.9248,0.5111,0.4807,0.188,1.2403,166
12000000.0,0.0,0.0,0.0,300.0,7.07554678230017,7,1,20,2,3,0.9248,0.5111,0.4807,0.188,1.2403,182
28800000.0,0.0,0.0,0.0,240.0,1.25091495351108,26,0,16,4,5,0.9248,0.5111,0.4807,0.188,1.2403,169
27000000.000000004,0.0,0.0,0.0,427.0,4.9142871455795,0,0,2,0,0,0.9248,0.5111,0.4807,0.188,1.2403,175
17500000.0,0.0,0.0,0.0,180.0,3.8280010158566,43,0,19,3,4,0.9248,0.5111,0.4807,0.188,1.2403,-1
15000000.0,0.0,0.0,0.0,226.28,5.84688197047182,22,0,23,1,5,0.9248,0.5111,0.4807,0.188,1.2403,-1
27000000.000000004,0.0,0.0,0.0,300.0,5.8785414560789,28,5,20,2,13,0.9248,0.5111,0.4807,0.188,1.2403,174
26000000.0,0.0,0.0,0.0,307.0,5.8785414560789,28,5,20,2,13,0.9248,0.5111,0.4807,0.188,1.2403,174
37920000.0,0.0,0.0,0.0,474.0,7.87812974351034,9,0,15,0,1,0.9248,0.5111,0.4807,0.188,1.2403,180
37920000.0,0.0,0.0,0.0,474.0,6.64522028833831,7,0,8,1,2,0.9248,0.5111,0.4807,0.188,1.2403,166
27000000.000000004,0.0,0.0,0.0,300.0,6.64522028833831,7,0,8,1,2,0.9248,0.5111,0.4807,0.188,1.2403,166
58319999.99999999,0.0,0.0,0.0,324.0,3.34269701345309,17,2,9,6,7,0.9248,0.5111,0.4807,0.188,1.2403,-1
25500000.0,0.0,0.0,0.0,300.0,2.54986964866086,2,0,10,1,6,0.9248,0.5111,0.4807,0.188,1.2403,166
6432000.0,0.0,0.0,0.0,268.0,8.55222698270135,4,0,5,1,1,0.9248,0.5111,0.4807,0.188,1.2403,166
150000000.0,0.0,0.0,0.0,400.0,7.85333136183725,9,0,1,0,3,0.9248,0.5111,0.4807,0.188,1.2403,175
18560000.0,0.0,0.0,0.0,464.0,7.87812974351034,9,0,15,0,1,0.9248,0.5111,0.4807,0.188,1.2403,180
46000000.00000001,0.0,0.0,0.0,485.0,6.25731194755292,11,1,22,0,5,0.9248,0.5111,0.4807,0.188,1.2403,171
9936000.0,0.0,0.0,0.0,432.0,7.07554678230017,7,1,20,2,3,0.9248,0.5111,0.4807,0.188,1.2403,182
22500000.0,0.0,0.0,0.0,300.0,6.25731194755292,11,1,22,0,5,0.9248,0.5111,0.4807,0.188,1.2403,171
2555000.0000000005,0.0,0.0,0.0,108.0,7.87812974351034,9,0,15,0,1,0.9248,0.5111,0.4807,0.188,1.2403,180
38595000.0,0.0,0.0,0.0,415.0,1.695004190322,22,1,18,1,3,0.9248,0.5111,0.4807,0.188,1.2403,202
14707000.0,0.0,0.0,0.0,382.0,8.55222698270135,4,0,5,1,1,0.9248,0.5111,0.4807,0.188,1.2403,166
12835999.999999998,0.0,0.0,0.0,223.0,8.55222698270135,4,0,5,1,1,0.9248,0.5111,0.4807,0.188,1.2403,166
2667000.0000000005,0.0,0.0,0.0,112.0,7.07554678230017,7,1,20,2,3,0.9248,0.5111,0.4807,0.188,1.2403,182
38595000.0,0.0,0.0,0.0,415.0,1.695004190322,22,1,18,1,3,0.9248,0.5111,0.4807,0.188,1.2403,202
12672000.0,0.0,0.0,0.0,384.0,5.34904824989771,10,0,9,2,6,0.9248,0.5111,0.4807,0.188,1.2403,189
4360000.0,0.0,0.0,0.0,400.0,4.9142871455795,0,0,2,0,0,0.9248,0.5111,0.4807,0.188,1.2403,175
32000000.0,0.0,0.0,0.0,400.0,3.87250327557096,3,0,9,1,5,0.9248,0.5111,0.4807,0.188,1.2403,166
7680000.0,0.0,0.0,0.0,128.0,0.25149080030171,50,1,22,14,4,0.9248,0.5111,0.4807,0.188,1.2403,201
9802000.0,0.0,0.0,0.0,338.0,8.55222698270135,4,0,5,1,1,0.9248,0.5111,0.4807,0.188,1.2403,166
15000000.0,0.0,0.0,0.0,140.0,1.25091495351108,26,0,16,4,5,0.9248,0.5111,0.4807,0.188,1.2403,169
15000000.0,0.0,0.0,0.0,400.0,7.80786558941098,3,0,8,1,0,0.9248,0.5111,0.4807,0.188,1.2403,166
27000000.000000004,0.0,0.0,0.0,427.0,4.9142871455795,0,0,2,0,0,0.9248,0.5111,0.4807,0.188,1.2403,175
7200000.0,0.0,0.0,0.0,120.0,7.07554678230017,7,1,20,2,3,0.9248,0.5111,0.4807,0.188,1.2403,182
25200000.0,0.0,0.0,0.0,315.0,8.55222698270135,4,0,5,1,1,0.9248,0.5111,0.4807,0.188,1.2403,166
12672000.0,0.0,0.0,0.0,384.0,5.34904824989771,10,0,9,2,6,0.9248,0.5111,0.4807,0.188,1.2403,189
5500000.0,0.0,0.0,0.0,214.0,10.8111931080421,0,0,5,0,0,0.5438,0.0007,0.3241,0.0006,0.6486,192
7800000.0,0.0,0.0,0.0,300.0,9.01377736297513,2,1,16,1,1,0.9248,0.5111,0.4807,0.188,1.2403,-1
32000000.0,0.0,0.0,0.0,400.0,0.858887033250895,23,1,14,1,10,0.9248,0.5111,0.4807,0.188,1.2403,187
9000000.0,0.0,0.0,0.0,300.0,8.55222698270135,4,0,5,1,1,0.9248,0.5111,0.4807,0.188,1.2403,166
25000000.0,0.0,0.0,0.0,488.0,7.80786558941098,3,0,8,1,0,0.9248,0.5111,0.4807,0.188,1.2403,166
8400000.0,0.0,0.0,0.0,300.0,7.80786558941098,3,0,8,1,0,0.9248,0.5111,0.4807,0.188,1.2403,166
20020000.0,0.0,0.0,0.0,364.0,7.80786558941098,3,0,8,1,0,0.9248,0.5111,0.4807,0.188,1.2403,166
31000000.000000004,0.0,0.0,0.0,400.0,0.858887033250895,23,1,14,1,10,0.9248,0.5111,0.4807,0.188,1.2403,187
22000000.0,0.0,0.0,0.0,255.0,2.54986964866086,2,0,10,1,6,0.9248,0.5111,0.4807,0.188,1.2403,166
62000000.00000001,0.0,0.0,0.0,453.0,6.64522028833831,7,0,8,1,2,0.9248,0.5111,0.4807,0.188,1.2403,166
25000000.0,0.0,0.0,0.0,255.8,2.063141251235,8,0,13,1,7,0.9248,0.5111,0.4807,0.188,1.2403,-1
35000000.0,0.0,0.0,0.0,400.0,1.72686951265089,24,0,13,1,9,0.9248,0.5111,0.4807,0.188,1.2403,186
4000000.0,0.0,0.0,0.0,39.04,4.18677662955387,0,0,9,0,1,0.9248,0.5111,0.4807,0.188,1.2403,198
34992000.0,0.0,0.0,0.0,486.0,7.80786558941098,3,0,8,1,0,0.9248,0.5111,0.4807,0.188,1.2403,166
19200000.0,0.0,0.0,0.0,256.0,8.55222698270135,4,0,5,1,1,0.9248,0.5111,0.4807,0.188,1.2403,166
13500000.0,0.0,0.0,0.0,300.0,7.80786558941098,3,0,8,1,0,0.9248,0.5111,0.4807,0.188,1.2403,166
8600000.0,0.0,0.0,0.0,300.0,7.60993260451065,2,0,7,0,0,0.9248,0.5111,0.4807,0.188,1.2403,198
14800000.0,0.0,0.0,0.0,400.0,7.87812974351034,9,0,15,0,1,0.9248,0.5111,0.4807,0.188,1.2403,180
316710000.0,0.0,0.0,0.0,1863.0,6.64522028833831,7,0,8,1,2,0.9248,0.5111,0.4807,0.188,1.2403,166
220710000.0,0.0,0.0,0.0,1051.0,2.49219091321627,20,1,11,2,5,0.9248,0.5111,0.4807,0.188,1.2403,196
365015000.0,0.0,0.0,0.0,10429.0,5.26968245317765,12,0,10,2,6,0.9248,0.5111,0.4807,0.188,1.2403,189
45000000.0,0.0,0.0,0.0,1264.0,1.75263524873732,6,0,9,1,0,0.9248,0.5111,0.4807,0.188,1.2403,166
527600000.0,0.0,0.0,0.0,1319.0,8.60377104071145,7,0,0,6,1,0.9248,0.5111,0.4807,0.188,1.2403,206
270961000.0,0.0,0.0,0.0,1130.0,8.60377104071145,7,0,0,6,1,0.9248,0.5111,0.4807,0.188,1.2403,206
9142784000.0,0.0,0.0,0.0,32652.8,4.72859644494318,45,3,16,2,9,0.3825,0.001,0.0905,0.1966,1.1,-1
170775000.0,0.0,0.0,0.0,1035.0,4.68081921879901,18,1,8,0,4,0.46,0.3905,0.3591,0.359,0.6528,185
125000000.0,0.0,0.0,0.0,2395.0,0.858887033250895,23,1,14,1,10,0.9248,0.5111,0.4807,0.188,1.2403,187
200000000.0,0.0,0.0,0.0,1051.0,1.59951308145731,24,0,13,1,5,0.9248,0.5111,0.4807,0.188,1.2403,204
290610000.0,0.0,0.0,0.0,1614.5,3.50583745435805,8,1,13,8,5,0.9248,0.5111,0.4807,0.188,1.2403,207
290610000.0,0.0,0.0,0.0,1614.5,3.50583745435805,8,1,13,8,5,0.9248,0.5111,0.4807,0.188,1.2403,207
290610000.0,0.0,0.0,0.0,1614.5,3.50583745435805,8,1,13,8,5,0.9248,0.5111,0.4807,0.188,1.2403,207
349960000.0,0.0,0.0,0.0,2692.0,6.37717802409813,19,1,13,0,8,0.9248,0.5111,0.4807,0.188,1.2403,208
130000000.0,0.0,0.0,0.0,2000.0,6.80644121666006,0,1,15,0,6,0.9248,0.5111,0.4807,0.188,1.2403,199
368000000.00000006,0.0,0.0,0.0,1600.0,4.46462121805544,31,1,6,3,3,0.9248,0.5111,0.4807,0.188,1.2403,209
60000000.0,0.0,0.0,0.0,3000.0,2.54986964866086,2,0,10,1,6,0.9248,0.5111,0.4807,0.188,1.2403,166
173535000.0,0.0,0.0,0.0,1509.0,7.80786558941098,3,0,8,1,0,0.9248,0.5111,0.4807,0.188,1.2403,166
173535000.0,0.0,0.0,0.0,1509.0,7.80786558941098,3,0,8,1,0,0.9248,0.5111,0.4807,0.188,1.2403,166
173535000.0,0.0,0.0,0.0,1509.0,7.68342846049969,2,0,9,1,1,0.9248,0.5111,0.4807,0.188,1.2403,166
359840000.0,0.0,0.0,0.0,5536.0,7.80786558941098,3,0,8,1,0,0.9248,0.5111,0.4807,0.188,1.2403,166
219780000.0,0.0,0.0,0.0,1221.0,5.8785414560789,28,5,20,2,13,0.9248,0.5111,0.4807,0.188,1.2403,174
216267200.0,0.0,0.0,0.0,1351.67,6.37717802409813,19,1,13,0,8,0.9248,0.5111,0.4807,0.188,1.2403,208
215000000.0,0.0,0.0,0.0,1075.5,7.08256451865368,14,0,14,7,6,0.9248,0.5111,0.4807,0.188,1.2403,210
500000000.0,0.0,0.0,0.0,1867.0,0.584458128922822,14,0,12,0,3,0.9248,0.5111,0.4807,0.188,1.2403,193
215000000.0,0.0,0.0,0.0,1075.5,7.08256451865368,14,0,14,7,6,0.9248,0.5111,0.4807,0.188,1.2403,210
115000000.0,0.0,0.0,0.0,1000.0,6.64522028833831,7,0,8,1,2,0.9248,0.5111,0.4807,0.188,1.2403,166
400000000.0,0.0,0.0,0.0,1600.0,4.68081921879901,18,1,8,0,4,0.46,0.3905,0.3591,0.359,0.6528,185
135000000.0,0.0,0.0,0.0,1000.0,6.25731194755292,11,1,22,0,5,0.9248,0.5111,0.4807,0.188,1.2403,171
100000000.0,0.0,0.0,0.0,1000.0,5.8785414560789,28,5,20,2,13,0.9248,0.5111,0.4807,0.188,1.2403,174
135000000.0,0.0,0.0,0.0,1000.0,6.64522028833831,7,0,8,1,2,0.9248,0.5111,0.4807,0.188,1.2403,166
136080000.0,0.0,0.0,0.0,1134.0,8.19644063486182,0,0,2,0,1,0.9248,0.5111,0.4807,0.188,1.2403,175
147882000.0,0.0,0.0,0.0,1509.0,7.80786558941098,3,0,8,1,0,0.9248,0.5111,0.4807,0.188,1.2403,166
331730000.0,0.0,0.0,0.0,4739.0,1.38006743939094,10,0,16,3,1,0.9248,0.5111,0.4807,0.188,1.2403,184
331730000.0,0.0,0.0,0.0,4739.0,1.38006743939094,10,0,16,3,1,0.9248,0.5111,0.4807,0.188,1.2403,184
288000000.0,0.0,0.0,0.0,1600.0,2.54986964866086,2,0,10,1,6,0.9248,0.5111,0.4807,0.188,1.2403,166
270960000.0,0.0,0.0,0.0,1129.0,8.60377104071145,7,0,0,6,1,0.9248,0.5111,0.4807,0.188,1.2403,206
390080000.0,0.0,0.0,0.0,1696.0,5.8785414560789,28,5,20,2,13,0.9248,0.5111,0.4807,0.188,1.2403,174
288000000.0,0.0,0.0,0.0,1600.0,2.54986964866086,2,0,10,1,6,0.9248,0.5111,0.4807,0.188,1.2403,166
135000000.0,0.0,0.0,0.0,1000.0,6.64522028833831,7,0,8,1,2,0.9248,0.5111,0.4807,0.188,1.2403,166
135000000.0,0.0,0.0,0.0,1000.0,6.64522028833831,7,0,8,1,2,0.9248,0.5111,0.4807,0.188,1.2403,166
135000000.0,0.0,0.0,0.0,1000.0,6.64522028833831,7,0,8,1,2,0.9248,0.5111,0.4807,0.188,1.2403,166
135000000.0,0.0,0.0,0.0,1000.0,6.64522028833831,7,0,8,1,2,0.9248,0.5111,0.4807,0.188,1.2403,166
443400000.0,0.0,0.0,0.0,3547.2,0.25149080030171,50,1,22,14,4,0.9248,0.5111,0.4807,0.188,1.2403,201
375000000.0,0.0,0.0,0.0,1500.0,4.68081921879901,18,1,8,0,4,0.46,0.3905,0.3591,0.359,0.6528,185
251900000.0,0.0,0.0,0.0,1260.0,4.68081921879901,18,1,8,0,4,0.46,0.3905,0.3591,0.359,0.6528,185
145320000.0,0.0,0.0,0.0,1211.0,6.37717802409813,19,1,13,0,8,0.9248,0.5111,0.4807,0.188,1.2403,208
200000000.0,0.0,0.0,0.0,1124.0,4.46462121805544,31,1,6,3,3,0.9248,0.5111,0.4807,0.188,1.2403,209
150000000.0,0.0,0.0,0.0,1922.5,7.80786558941098,3,0,8,1,0,0.9248,0.5111,0.4807,0.188,1.2403,166
239800000.0,0.0,0.0,0.0,1200.0,4.68081921879901,18,1,8,0,4,0.46,0.3905,0.3591,0.359,0.6528,185
290610000.0,0.0,0.0,0.0,1614.5,3.76718292367098,4,1,9,7,5,0.9248,0.5111,0.4807,0.188,1.2403,-1
100000000.0,0.0,0.0,0.0,1479.0,1.74104743107726,0,0,8,2,1,0.9248,0.5111,0.4807,0.188,1.2403,-1
25000000.0,0.0,0.0,0.0,1000.0,1.74104743107726,0,0,8,2,1,0.9248,0.5111,0.4807,0.188,1.2403,-1
1411000000.0,0.0,0.0,0.0,3530.0,2.0540784843766,32,0,17,2,7,0.9248,0.5111,0.4807,0.188,1.2403,-1
287900000.0,0.0,0.0,0.0,1200.0,4.68081921879901,18,1,8,0,4,0.46,0.3905,0.3591,0.359,0.6528,185
374000000.0,0.0,0.0,0.0,1700.0,4.68081921879901,18,1,8,0,4,0.46,0.3905,0.3591,0.359,0.6528,185
1785000000.0,0.0,0.0,0.0,17000.0,7.80786558941098,3,0,8,1,0,0.9248,0.5111,0.4807,0.188,1.2403,166
75000000.0,0.0,0.0,0.0,1000.0,1.38006743939094,10,0,16,3,1,0.9248,0.5111,0.4807,0.188,1.2403,184
139560000.0,0.0,0.0,0.0,1163.0,7.80786558941098,3,0,8,1,0,0.9248,0.5111,0.4807,0.188,1.2403,166
305100000.0,0.0,0.0,0.0,1695.0,5.41543702479793,19,2,11,0,5,0.9248,0.5111,0.4807,0.188,1.2403,211
77480000.0,0.0,0.0,0.0,1192.0,3.56934464205663,1,0,11,1,3,0.9248,0.5111,0.4807,0.188,1.2403,166
68000000.0,0.0,0.0,0.0,1057.0,2.31262974351955,21,1,11,2,6,0.9248,0.5111,0.4807,0.188,1.2403,196
706500000.0,0.0,0.0,0.0,1570.0,2.49219091321627,20,1,11,2,5,0.9248,0.5111,0.4807,0.188,1.2403,196
75081000.0,0.0,0.0,0.0,2589.0,2.54986964866086,2,0,10,1,6,0.9248,0.5111,0.4807,0.188,1.2403,166
238680000.0,0.0,0.0,0.0,1989.0,5.48235866926763,25,1,7,2,2,0.9248,0.5111,0.4807,0.188,1.2403,212
455000000.0,0.0,0.0,0.0,1300.0,3.64076377074438,18,0,12,12,4,0.9248,0.5111,0.4807,0.188,1.2403,167
360000000.0,0.0,0.0,0.0,1002.0,2.7369117038673,25,2,12,2,9,0.9248,0.5111,0.4807,0.188,1.2403,170
360000000.0,0.0,0.0,0.0,1002.0,2.97523817431358,36,1,12,6,8,0.9248,0.5111,0.4807,0.188,1.2403,200
590200000.0,0.0,0.0,0.0,3471.75,4.46462121805544,31,1,6,3,3,0.9248,0.5111,0.4807,0.188,1.2403,209
130000000.0,0.0,0.0,0.0,1000.0,6.64522028833831,7,0,8,1,2,0.9248,0.5111,0.4807,0.188,1.2403,166
142000000.0,0.0,0.0,1607.0,1607.0,2.49219091321627,20,1,11,2,5,0.9248,0.5111,0.4807,0.188,1.2403,-1
239400000.0,0.0,0.0,0.0,1260.0,4.68081921879901,18,1,8,0,4,0.46,0.3905,0.3591,0.359,0.6528,185
196000000.0,0.0,0.0,0.0,14000.0,7.07560078268887,7,1,20,2,3,0.9248,0.5111,0.4807,0.188,1.2403,182
105000000.0,0.0,0.0,0.0,1070.0,6.64522028833831,7,0,8,1,2,0.9248,0.5111,0.4807,0.188,1.2403,166
300750000.0,0.0,0.0,0.0,1203.0,6.64522028833831,7,0,8,1,2,0.9248,0.5111,0.4807,0.188,1.2403,166
215000000.0,0.0,0.0,0.0,1075.5,7.08256451865368,14,0,14,7,6,0.9248,0.5111,0.4807,0.188,1.2403,210
549738000.0,0.0,0.0,0.0,1570.0,1.95893669978476,24,1,14,3,3,0.9248,0.5111,0.4807,0.188,1.2403,190
190000000.0,0.0,0.0,0.0,1186.0,3.17565479169051,7,0,11,1,4,0.9248,0.5111,0.4807,0.188,1.2403,166
215000000.0,0.0,0.0,0.0,1075.5,7.08256451865368,14,0,14,7,6,0.9248,0.5111,0.4807,0.188,1.2403,210
235000000.0,0.0,0.0,0.0,4625.0,3.51525841212753,1,0,10,1,3,0.9248,0.5111,0.4807,0.188,1.2403,166
185000000.0,0.0,0.0,0.0,1000.0,8.60377104071145,7,0,0,6,1,0.9248,0.5111,0.4807,0.188,1.2403,206
216267200.0,0.0,0.0,0.0,1351.67,6.37717802409813,19,1,13,0,8,0.9248,0.5111,0.4807,0.188,1.2403,208
1520000000.0,0.0,0.0,0.0,3800.0,1.95893669978476,24,1,14,3,3,0.9248,0.5111,0.4807,0.188,1.2403,190
290610000.0,0.0,0.0,0.0,1614.5,3.50583745435805,8,1,13,8,5,0.9248,0.5111,0.4807,0.188,1.2403,207
173535000.0,0.0,0.0,0.0,1509.0,7.80786558941098,3,0,8,1,0,0.9248,0.5111,0.4807,0.188,1.2403,166
173535000.0,0.0,0.0,0.0,1509.0,7.80786558941098,3,0,8,1,0,0.9248,0.5111,0.4807,0.188,1.2403,166
173535000.0,0.0,0.0,0.0,1509.0,7.80786558941098,3,0,8,1,0,0.9248,0.5111,0.4807,0.188,1.2403,166
173535000.0,0.0,0.0,0.0,1509.0,7.80786558941098,3,0,8,1,0,0.9248,0.5111,0.4807,0.188,1.2403,166
185900000.0,0.0,0.0,0.0,1859.0,7.80786558941098,3,0,8,1,0,0.9248,0.5111,0.4807,0.188,1.2403,166
500000000.0,0.0,0.0,0.0,1867.0,0.460717362062384,10,0,6,0,1,0.9248,0.5111,0.4807,0.188,1.2403,205
216267200.0,0.0,0.0,0.0,1351.67,6.37717802409813,19,1,13,0,8,0.9248,0.5111,0.4807,0.188,1.2403,208
160920000.0,0.0,0.0,0.0,1341.0,6.37717802409813,19,1,13,0,8,0.9248,0.5111,0.4807,0.188,1.2403,208
432116000.0,0.0,0.0,0.0,1831.0,1.59951308145731,24,0,13,1,5,0.9248,0.5111,0.4807,0.188,1.2403,204
350000000.0,0.0,0.0,0.0,8336.0,7.80786558941098,3,0,8,1,0,0.9248,0.5111,0.4807,0.188,1.2403,166
90648000.0,0.0,0.0,0.0,1259.0,7.80786558941098,3,0,8,1,0,0.9248,0.5111,0.4807,0.188,1.2403,166
486800000.0,0.0,0.0,0.0,6085.0,2.81203897891832,18,1,12,0,2,0.9248,0.5111,0.4807,0.188,1.2403,213
717840000.0,0.0,0.0,0.0,8973.0,2.81203897891832,18,1,12,0,2,0.9248,0.5111,0.4807,0.188,1.2403,213
157500000.0,0.0,0.0,0.0,1000.0,7.07554678230017,7,1,20,2,3,0.9248,0.5111,0.4807,0.188,1.2403,182
215000000.0,0.0,0.0,0.0,1075.5,7.0745065472197,14,0,9,6,4,0.9248,0.5111,0.4807,0.188,1.2403,176
173535000.0,0.0,0.0,0.0,1509.0,7.80786558941098,3,0,8,1,0,0.9248,0.5111,0.4807,0.188,1.2403,166
124800000.0,0.0,0.0,0.0,1040.0,2.60594873270773,21,0,12,5,7,0.9248,0.5111,0.4807,0.188,1.2403,214
173535000.0,0.0,0.0,0.0,1509.0,7.68342846049969,2,0,9,1,1,0.9248,0.5111,0.4807,0.188,1.2403,166
1320000000.0,0.0,0.0,0.0,11000.0,7.80786558941098,3,0,8,1,0,0.9248,0.5111,0.4807,0.188,1.2403,166
64000000.0,0.0,0.0,0.0,1392.0,7.80786558941098,3,0,8,1,0,0.9248,0.5111,0.4807,0.188,1.2403,166
302000000.0,0.0,0.0,0.0,1208.0,7.12599683234302,0,0,2,0,2,0.9248,0.5111,0.4807,0.188,1.2403,175
97420000.0,0.0,0.0,0.0,1299.0,7.80786558941098,3,0,8,1,0,0.9248,0.5111,0.4807,0.188,1.2403,166
175500000.0,0.0,0.0,0.0,1350.0,6.37717802409813,19,1,13,0,8,0.9248,0.5111,0.4807,0.188,1.2403,208
432116000.0,0.0,0.0,0.0,1831.0,1.59951308145731,24,0,13,1,5,0.9248,0.5111,0.4807,0.188,1.2403,204
406260000.0,0.0,0.0,0.0,2257.0,6.25731194755292,11,1,22,0,5,0.9248,0.5111,0.4807,0.188,1.2403,171
602010000.0,0.0,0.0,0.0,6689.0,2.61248239996725,10,0,14,2,2,0.9248,0.5111,0.4807,0.188,1.2403,-1
300700000.0,0.0,0.0,0.0,1203.0,6.64522028833831,7,0,8,1,2,0.9248,0.5111,0.4807,0.188,1.2403,166
52000000.0,0.0,0.0,0.0,1300.0,4.47899422617535,14,0,12,4,4,0.9248,0.5111,0.4807,0.188,1.2403,-1
135000000.0,0.0,0.0,0.0,1000.0,6.64522028833831,7,0,8,1,2,0.9248,0.5111,0.4807,0.188,1.2403,166
960500000.0,0.0,0.0,0.0,17000.0,1.40510830399541,12,0,15,3,2,0.9248,0.5111,0.4807,0.188,1.2403,184
90480000.0,0.0,0.0,0.0,1392.0,7.80786558941098,3,0,8,1,0,0.9248,0.5111,0.4807,0.188,1.2403,166
103920000.0,0.0,0.0,0.0,1299.0,3.15171432406046,14,0,11,3,1,0.9248,0.5111,0.4807,0.188,1.2403,-1
1195104000.0,0.0,0.0,0.0,3734.7,6.25731194755292,11,1,22,0,5,0.9248,0.5111,0.4807,0.188,1.2403,171
1473800000.0,0.0,0.0,0.0,7369.0,8.73421801665623,8,3,6,0,2,0.9248,0.5111,0.4807,0.188,1.2403,168
150360000.0,0.0,0.0,0.0,1253.0,6.37717802409813,19,1,13,0,8,0.9248,0.5111,0.4807,0.188,1.2403,208
152280000.0,0.0,0.0,0.0,1269.0,6.37717802409813,19,1,13,0,8,0.9248,0.5111,0.4807,0.188,1.2403,208
290610000.0,0.0,0.0,0.0,1614.5,3.50583745435805,8,1,13,8,5,0.9248,0.5111,0.4807,0.188,1.2403,207
78000000.0,0.0,0.0,0.0,1040.0,6.30631612141713,10,3,12,2,11,0.9248,0.5111,0.4807,0.188,1.2403,197
60000000.0,0.0,0.0,0.0,4280.0,4.9142871455795,0,0,2,0,0,0.9248,0.5111,0.4807,0.188,1.2403,175
173535000.0,0.0,0.0,0.0,1509.0,7.80786558941098,3,0,8,1,0,0.9248,0.5111,0.4807,0.188,1.2403,166
400000000.0,0.0,0.0,0.0,1867.0,0.584458128922822,14,0,12,0,3,0.9248,0.5111,0.4807,0.188,1.2403,193
1483040000.0,0.0,0.0,0.0,18538.0,2.54986964866086,2,0,10,1,6,0.9248,0.5111,0.4807,0.188,1.2403,166
328230000.0,0.0,0.0,0.0,4000.0,2.54986964866086,2,0,10,1,6,0.9248,0.5111,0.4807,0.188,1.2403,166
278400000.0,0.0,0.0,0.0,3480.0,2.81203897891832,18,1,12,0,2,0.9248,0.5111,0.4807,0.188,1.2403,213
162495000.0,0.0,0.0,0.0,1083.3,7.0745065472197,14,0,9,6,4,0.9248,0.5111,0.4807,0.188,1.2403,176
135000000.0,0.0,0.0,0.0,1479.0,0.715818411487241,10,0,6,1,1,0.9248,0.5111,0.4807,0.188,1.2403,205
374000000.0,0.0,0.0,0.0,1700.0,4.68081921879901,18,1,8,0,4,0.46,0.3905,0.3591,0.359,0.6528,185
236790000.0,0.0,0.0,0.0,5262.0,7.80786558941098,3,0,8,1,0,0.9248,0.5111,0.4807,0.188,1.2403,166
168795000.0,0.0,0.0,0.0,1023.0,4.46462121805544,31,1,6,3,3,0.9248,0.5111,0.4807,0.188,1.2403,209
381500000.0,0.0,0.0,0.0,1526.0,1.38006743939094,10,0,16,3,1,0.9248,0.5111,0.4807,0.188,1.2403,184
990000000.0,0.0,0.0,0.0,4500.0,4.68081921879901,18,1,8,0,4,0.46,0.3905,0.3591,0.359,0.6528,185
175700000.0,0.0,0.0,0.0,1255.0,1.98580053813342,28,1,10,4,5,0.9248,0.5111,0.4807,0.188,1.2403,215
111360000.0,0.0,0.0,0.0,1392.0,7.07554678230017,7,1,20,2,3,0.9248,0.5111,0.4807,0.188,1.2403,182
375000000.0,0.0,0.0,0.0,1500.0,4.68081921879901,18,1,8,0,4,0.46,0.3905,0.3591,0.359,0.6528,185
717840000.0,0.0,0.0,0.0,8973.0,2.54986964866086,2,0,10,1,6,0.9248,0.5111,0.4807,0.188,1.2403,166
35000000.0,0.0,0.0,0.0,1092.0,5.13957722878977,0,0,7,0,0,0.9248,0.5111,0.4807,0.188,1.2403,198
33750000000.0,0.0,0.0,0.0,300000.0,6.64522028833831,7,0,8,1,2,0.9248,0.5111,0.4807,0.188,1.2403,-1
500000000.0,0.0,0.0,0.0,2000.0,8.60377104071145,7,0,0,6,1,0.9248,0.5111,0.4807,0.188,1.2403,206
165000000.0,0.0,0.0,0.0,1000.0,2.5872358945063,6,0,9,1,10,0.9248,0.5111,0.4807,0.188,1.2403,166
144150000.0,0.0,0.0,0.0,1922.0,7.87812974351034,9,0,15,0,1,0.9248,0.5111,0.4807,0.188,1.2403,180
198528000.0,0.0,0.0,0.0,2878.0,5.26968245317765,12,0,10,2,6,0.9248,0.5111,0.4807,0.188,1.2403,189
810000000.0,0.0,0.0,0.0,3000.0,2.7369117038673,25,2,12,2,9,0.9248,0.5111,0.4807,0.188,1.2403,170
90648000.0,0.0,0.0,0.0,1259.0,7.07554678230017,7,1,20,2,3,0.9248,0.5111,0.4807,0.188,1.2403,182
450750000.0,0.0,0.0,0.0,1803.0,8.99449340921259,12,0,10,5,4,0.9248,0.5111,0.4807,0.188,1.2403,-1
150120000.0,0.0,0.0,0.0,1251.0,1.72686951265089,24,0,13,1,9,0.9248,0.5111,0.4807,0.188,1.2403,186
270960000.0,0.0,0.0,0.0,1129.0,8.60377104071145,7,0,0,6,1,0.9248,0.5111,0.4807,0.188,1.2403,206
450000000.0,0.0,0.0,0.0,1800.0,4.68081921879901,18,1,8,0,4,0.46,0.3905,0.3591,0.359,0.6528,185
162495000.0,0.0,0.0,0.0,1083.0,7.0745065472197,14,0,9,6,4,0.9248,0.5111,0.4807,0.188,1.2403,176
135000000.0,0.0,0.0,0.0,1000.0,6.64522028833831,7,0,8,1,2,0.9248,0.5111,0.4807,0.188,1.2403,166
30000000.0,0.0,0.0,0.0,1264.0,4.99225858488311,36,5,14,2,7,0.9248,0.5111,0.4807,0.188,1.2403,-1
488000000.0,0.0,0.0,0.0,4262.0,5.26968245317765,12,0,10,2,6,0.9248,0.5111,0.4807,0.188,1.2403,189
400000000.0,0.0,0.0,0.0,1600.0,4.46462121805544,31,1,6,3,3,0.9248,0.5111,0.4807,0.188,1.2403,209
100000000.0,0.0,0.0,0.0,1200.0,5.48235866926763,25,1,7,2,2,0.9248,0.5111,0.4807,0.188,1.2403,212
561200000.0,0.0,0.0,0.0,1403.0,5.41543702479793,19,2,11,0,5,0.9248,0.5111,0.4807,0.188,1.2403,211
215000000.0,0.0,0.0,0.0,1075.5,7.0745065472197,14,0,9,6,4,0.9248,0.5111,0.4807,0.188,1.2403,176
202200000.0,0.0,0.0,0.0,1011.0,2.60594873270773,21,0,12,5,7,0.9248,0.5111,0.4807,0.188,1.2403,214
105000000.0,0.0,0.0,0.0,1000.0,5.8785414560789,28,5,20,2,13,0.9248,0.5111,0.4807,0.188,1.2403,174
350000000.0,0.0,0.0,0.0,8336.0,5.26968245317765,12,0,10,2,6,0.9248,0.5111,0.4807,0.188,1.2403,189
140080000.0,0.0,0.0,0.0,1648.0,0.460717362062384,10,0,6,0,1,0.9248,0.5111,0.4807,0.188,1.2403,205
470000000.0,0.0,0.0,0.0,2500.0,4.68081921879901,18,1,8,0,4,0.46,0.3905,0.3591,0.359,0.6528,185
150000000.0,0.0,0.0,0.0,1253.0,6.37717802409813,19,1,13,0,8,0.9248,0.5111,0.4807,0.188,1.2403,208
186750000.0,0.0,0.0,0.0,1245.0,5.48235866926763,25,1,7,2,2,0.9248,0.5111,0.4807,0.188,1.2403,212
400000000.0,0.0,0.0,0.0,1013.0,2.49219091321627,20,1,11,2,5,0.9248,0.5111,0.4807,0.188,1.2403,196
90480000.0,0.0,0.0,0.0,1392.0,7.07554678230017,7,1,20,2,3,0.9248,0.5111,0.4807,0.188,1.2403,182
120000000.0,0.0,0.0,0.0,1086.0,6.25731194755292,11,1,22,0,5,0.9248,0.5111,0.4807,0.188,1.2403,171
340000000.0,0.0,0.0,0.0,1700.0,4.68081921879901,18,1,8,0,4,0.46,0.3905,0.3591,0.359,0.6528,185
385000000.0,0.0,0.0,0.0,6366.0,7.80786558941098,3,0,8,1,0,0.9248,0.5111,0.4807,0.188,1.2403,166
80000000.0,0.0,0.0,0.0,1011.0,7.07554678230017,7,1,20,2,3,0.9248,0.5111,0.4807,0.188,1.2403,182
170775000.0,0.0,0.0,0.0,1035.0,4.68081921879901,18,1,8,0,4,0.46,0.3905,0.3591,0.359,0.6528,185
105000000.0,0.0,0.0,0.0,1000.0,6.25731194755292,11,1,22,0,5,0.9248,0.5111,0.4807,0.188,1.2403,171
90000000.0,0.0,0.0,0.0,2086.0,0.460717362062384,10,0,6,0,1,0.9248,0.5111,0.4807,0.188,1.2403,205
400000000.0,0.0,0.0,0.0,2000.0,4.68081921879901,18,1,8,0,4,0.46,0.3905,0.3591,0.359,0.6528,185
162495000.0,0.0,0.0,0.0,1083.3,7.0745065472197,14,0,9,6,4,0.9248,0.5111,0.4807,0.188,1.2403,176
170000000.0,0.0,0.0,0.0,1085.0,5.8785414560789,28,5,20,2,13,0.9248,0.5111,0.4807,0.188,1.2403,174
185850000.0,0.0,0.0,0.0,1200.0,3.2392658836567,11,1,15,7,5,0.9248,0.5111,0.4807,0.188,1.2403,216
185850000.0,0.0,0.0,0.0,1200.0,3.2392658836567,11,1,15,7,5,0.9248,0.5111,0.4807,0.188,1.2403,216
250000000.0,0.0,0.0,0.0,1000.0,2.7369117038673,25,2,12,2,9,0.9248,0.5111,0.4807,0.188,1.2403,170
162495000.0,0.0,0.0,0.0,1083.3,7.0745065472197,14,0,9,6,4,0.9248,0.5111,0.4807,0.188,1.2403,176
328230000.0,0.0,0.0,0.0,4689.0,2.54986964866086,2,0,10,1,6,0.9248,0.5111,0.4807,0.188,1.2403,166
1412000000.0,0.0,0.0,0.0,3530.0,1.59951308145731,24,0,13,1,5,0.9248,0.5111,0.4807,0.188,1.2403,204
75000000.0,0.0,0.0,0.0,1000.0,1.40510830399541,12,0,15,3,2,0.9248,0.5111,0.4807,0.188,1.2403,184
161824000.0,0.0,0.0,0.0,1244.0,7.0745065472197,14,0,9,6,4,0.9248,0.5111,0.4807,0.188,1.2403,176
173420000.0,0.0,0.0,0.0,1334.0,6.37717802409813,19,1,13,0,8,0.9248,0.5111,0.4807,0.188,1.2403,208
216267200.0,0.0,0.0,0.0,1351.67,6.37717802409813,19,1,13,0,8,0.9248,0.5111,0.4807,0.188,1.2403,208
100000000.0,0.0,0.0,0.0,1032.0,8.87632182230587,12,0,13,5,5,0.9248,0.5111,0.4807,0.188,1.2403,-1
242250000.0,0.0,0.0,0.0,3000.0,3.56934464205663,1,0,11,1,3,0.9248,0.5111,0.4807,0.188,1.2403,166
300000000.0,0.0,0.0,0.0,1200.0,4.68081921879901,18,1,8,0,4,0.46,0.3905,0.3591,0.359,0.6528,185
350000000.0,0.0,0.0,0.0,2000.0,7.80786558941098,3,0,8,1,0,0.9248,0.5111,0.4807,0.188,1.2403,166
200000000.0,0.0,0.0,0.0,2878.5,7.80786558941098,3,0,8,1,0,0.9248,0.5111,0.4807,0.188,1.2403,166
75000000.0,0.0,0.0,0.0,1000.0,1.38006743939094,10,0,16,3,1,0.9248,0.5111,0.4807,0.188,1.2403,184
136500000.0,0.0,0.0,0.0,1050.0,3.64076377074438,18,0,12,12,4,0.9248,0.5111,0.4807,0.188,1.2403,167
136500000.0,0.0,0.0,0.0,1050.0,2.85220868063772,35,1,14,5,7,0.9248,0.5111,0.4807,0.188,1.2403,-1
293380000.0,0.0,0.0,0.0,1276.0,7.12599683234302,0,0,2,0,2,0.9248,0.5111,0.4807,0.188,1.2403,175
245870000.0,0.0,0.0,0.0,1069.0,6.64522028833831,7,0,8,1,2,0.9248,0.5111,0.4807,0.188,1.2403,166
173535000.0,0.0,0.0,0.0,1509.0,7.80786558941098,3,0,8,1,0,0.9248,0.5111,0.4807,0.188,1.2403,166
382104000.0,0.0,0.0,0.0,3184.2,2.54986964866086,2,0,10,1,6,0.9248,0.5111,0.4807,0.188,1.2403,166
238680000.0,0.0,0.0,0.0,1989.0,5.48235866926763,25,1,7,2,2,0.9248,0.5111,0.4807,0.188,1.2403,212
290610000.0,0.0,0.0,0.0,1614.5,3.50583745435805,8,1,13,8,5,0.9248,0.5111,0.4807,0.188,1.2403,207
125300000.0,0.0,0.0,0.0,8800.0,6.33277188247407,21,1,13,0,8,0.9248,0.5111,0.4807,0.188,1.2403,208
881953894.0,0.0,0.0,0.0,3064.0,6.25731194755292,11,1,22,0,5,0.9248,0.5111,0.4807,0.188,1.2403,171
118900000.0,0.0,0.0,0.0,1400.0,6.37717802409813,19,1,13,0,8,0.9248,0.5111,0.4807,0.188,1.2403,208
198900000.0,0.0,0.0,0.0,1989.0,5.90000154645274,18,3,11,2,7,0.9248,0.5111,0.4807,0.188,1.2403,-1
99900000.0,0.0,0.0,0.0,1000.0,2.54986964866086,2,0,10,1,6,0.9248,0.5111,0.4807,0.188,1.2403,166
115500000.0,0.0,0.0,0.0,1050.0,6.64522028833831,7,0,8,1,2,0.9248,0.5111,0.4807,0.188,1.2403,166
1132000000.0,0.0,0.0,0.0,2264.0,7.87812974351034,9,0,15,0,1,0.9248,0.5111,0.4807,0.188,1.2403,180
145320000.0,0.0,0.0,0.0,1211.0,6.37717802409813,19,1,13,0,8,0.9248,0.5111,0.4807,0.188,1.2403,208
149040000.0,0.0,0.0,0.0,1242.0,6.37717802409813,19,1,13,0,8,0.9248,0.5111,0.4807,0.188,1.2403,208
145320000.0,0.0,0.0,0.0,1211.0,6.37717802409813,19,1,13,0,8,0.9248,0.5111,0.4807,0.188,1.2403,208
230650000.0,0.0,0.0,0.0,1846.0,1.40510830399541,12,0,15,3,2,0.9248,0.5111,0.4807,0.188,1.2403,184
173535000.0,0.0,0.0,0.0,1509.0,7.80786558941098,3,0,8,1,0,0.9248,0.5111,0.4807,0.188,1.2403,166
225000000.0,0.0,0.0,0.0,3072.0,1.37401459894944,4,0,11,2,0,0.9248,0.5111,0.4807,0.188,1.2403,179
180000000.0,0.0,0.0,0.0,1000.0,4.72859644494318,45,3,16,2,9,0.3825,0.001,0.0905,0.1966,1.1,191
3977272727.0,0.0,0.0,0.0,20746.0,0.584458128922822,14,0,12,0,3,0.9248,0.5111,0.4807,0.188,1.2403,193
257600000.0,0.0,0.0,0.0,1120.0,1.59951308145731,24,0,13,1,5,0.9248,0.5111,0.4807,0.188,1.2403,204
180800000.0,0.0,0.0,0.0,1808.0,6.37717802409813,19,1,13,0,8,0.9248,0.5111,0.4807,0.188,1.2403,208
1035000000.0,0.0,0.0,0.0,12914.0,7.87812974351034,9,0,15,0,1,0.9248,0.5111,0.4807,0.188,1.2403,180
1770000000.0,0.0,0.0,0.0,5925.0,2.54986964866086,2,0,10,1,6,0.9248,0.5111,0.4807,0.188,1.2403,166
145320000.0,0.0,0.0,0.0,1211.0,6.37717802409813,19,1,13,0,8,0.9248,0.5111,0.4807,0.188,1.2403,208
149040000.0,0.0,0.0,0.0,1242.0,6.37717802409813,19,1,13,0,8,0.9248,0.5111,0.4807,0.188,1.2403,208
699634999.9999999,0.0,0.0,0.0,8231.0,6.25731194755292,11,1,22,0,5,0.9248,0.5111,0.4807,0.188,1.2403,171
300000000.0,0.0,0.0,0.0,1422.0,8.60377104071145,7,0,0,6,1,0.9248,0.5111,0.4807,0.188,1.2403,206
173535000.0,0.0,0.0,0.0,1509.0,7.80786558941098,3,0,8,1,0,0.9248,0.5111,0.4807,0.188,1.2403,166
215000000.0,0.0,0.0,0.0,1075.5,7.08256451865368,14,0,14,7,6,0.9248,0.5111,0.4807,0.188,1.2403,210
340000000.0,0.0,0.0,0.0,17000.0,7.8099095493597,3,0,8,1,0,0.9248,0.5111,0.4807,0.188,1.2403,166
600000000.0,0.0,0.0,0.0,10000.0,8.19644063486182,0,0,2,0,1,0.9248,0.5111,0.4807,0.188,1.2403,175
136000000.0,0.0,0.0,0.0,1700.0,6.64522028833831,7,0,8,1,2,0.9248,0.5111,0.4807,0.188,1.2403,166
145320000.0,0.0,0.0,0.0,1211.0,6.37717802409813,19,1,13,0,8,0.9248,0.5111,0.4807,0.188,1.2403,208
149040000.0,0.0,0.0,0.0,1242.0,6.37717802409813,19,1,13,0,8,0.9248,0.5111,0.4807,0.188,1.2403,208
263560000.0,0.0,0.0,0.0,1198.0,4.68081921879901,18,1,8,0,4,0.46,0.3905,0.3591,0.359,0.6528,185
338675000.0,0.0,0.0,0.0,1354.7,8.60377104071145,7,0,0,6,1,0.9248,0.5111,0.4807,0.188,1.2403,206
245640000.0,0.0,0.0,0.0,2047.0,6.64522028833831,7,0,8,1,2,0.9248,0.5111,0.4807,0.188,1.2403,166
215000000.0,0.0,0.0,0.0,1075.5,7.08256451865368,14,0,14,7,6,0.9248,0.5111,0.4807,0.188,1.2403,210
484245000.0,0.0,0.0,0.0,5697.0,6.64522028833831,7,0,8,1,2,0.9248,0.5111,0.4807,0.188,1.2403,166
300000000.0,0.0,0.0,0.0,1200.0,4.68081921879901,18,1,8,0,4,0.46,0.3905,0.3591,0.359,0.6528,185
689900000.0,0.0,0.0,0.0,1720.0,2.54986964866086,2,0,10,1,6,0.9248,0.5111,0.4807,0.188,1.2403,166
218800000.0,0.0,0.0,0.0,1094.0,4.68081921879901,18,1,8,0,4,0.46,0.3905,0.3591,0.359,0.6528,185
149040000.0,0.0,0.0,0.0,1242.0,6.37717802409813,19,1,13,0,8,0.9248,0.5111,0.4807,0.188,1.2403,208
150480000.0,0.0,0.0,0.0,1254.0,6.37717802409813,19,1,13,0,8,0.9248,0.5111,0.4807,0.188,1.2403,208
173420000.0,0.0,0.0,0.0,1334.0,6.37717802409813,19,1,13,0,8,0.9248,0.5111,0.4807,0.188,1.2403,208
173420000.0,0.0,0.0,0.0,1334.0,6.37717802409813,19,1,13,0,8,0.9248,0.5111,0.4807,0.188,1.2403,208
150480000.0,0.0,0.0,0.0,1254.0,6.37717802409813,19,1,13,0,8,0.9248,0.5111,0.4807,0.188,1.2403,208
150480000.0,0.0,0.0,0.0,1254.0,6.37717802409813,19,1,13,0,8,0.9248,0.5111,0.4807,0.188,1.2403,208
3000000000.0,0.0,0.0,0.0,29000.0,7.70166037084466,5,1,10,2,5,0.9248,0.5111,0.4807,0.188,1.2403,-1
775000000.0,0.0,0.0,0.0,150000.0,10.8112580512021,0,0,5,0,0,0.5438,0.0007,0.3241,0.0006,0.6486,192
228646000.0,0.0,0.0,0.0,1094.0,5.17178320830773,27,3,11,1,7,0.9248,0.5111,0.4807,0.188,1.2403,-1
149040000.0,0.0,0.0,0.0,1242.0,6.37717802409813,19,1,13,0,8,0.9248,0.5111,0.4807,0.188,1.2403,208
145320000.0,0.0,0.0,0.0,1211.0,6.37717802409813,19,1,13,0,8,0.9248,0.5111,0.4807,0.188,1.2403,208
380000000.0,0.0,0.0,0.0,1382.4,2.7369117038673,25,2,12,2,9,0.9248,0.5111,0.4807,0.188,1.2403,170
215000000.0,0.0,0.0,0.0,1075.5,7.08256451865368,14,0,14,7,6,0.9248,0.5111,0.4807,0.188,1.2403,210
288000000.0,0.0,0.0,0.0,3071.0,1.59951308145731,24,0,13,1,5,0.9248,0.5111,0.4807,0.188,1.2403,204
300000000.0,0.0,0.0,0.0,1200.0,4.68081921879901,18,1,8,0,4,0.46,0.3905,0.3591,0.359,0.6528,185
720000000.0,0.0,0.0,0.0,3963.0,5.4788521390392,21,2,7,2,7,0.9248,0.5111,0.4807,0.188,1.2403,-1
293480000.0,0.0,0.0,0.0,1276.0,2.54986964866086,2,0,10,1,6,0.9248,0.5111,0.4807,0.188,1.2403,166
3400000000.0,0.0,0.0,0.0,27000.0,0.584458128922822,14,0,12,0,3,0.9248,0.5111,0.4807,0.188,1.2403,193
1400000000.0,0.0,0.0,0.0,7369.0,8.73421801665623,8,3,6,0,2,0.9248,0.5111,0.4807,0.188,1.2403,168
156000000.0,0.0,0.0,0.0,1300.0,6.64522028833831,7,0,8,1,2,0.9248,0.5111,0.4807,0.188,1.2403,166
304920000.0,0.0,0.0,0.0,1694.0,5.8785414560789,28,5,20,2,13,0.9248,0.5111,0.4807,0.188,1.2403,174
216267200.0,0.0,0.0,0.0,1351.67,6.37717802409813,19,1,13,0,8,0.9248,0.5111,0.4807,0.188,1.2403,208
216267000.0,0.0,0.0,0.0,1351.67,6.35256571102352,17,1,16,0,9,0.9248,0.5111,0.4807,0.188,1.2403,208
145320000.0,0.0,0.0,0.0,1211.0,6.37717802409813,19,1,13,0,8,0.9248,0.5111,0.4807,0.188,1.2403,208
471580000.0,0.0,0.0,0.0,1867.0,0.584458128922822,14,0,12,0,3,0.9248,0.5111,0.4807,0.188,1.2403,193
136500000.0,0.0,0.0,0.0,1050.0,4.12031187046627,46,0,18,2,5,0.9248,0.5111,0.4807,0.188,1.2403,-1
350000000.0,0.0,0.0,0.0,1002.0,3.64076377074438,18,0,12,12,4,0.9248,0.5111,0.4807,0.188,1.2403,167
350000000.0,0.0,0.0,0.0,1002.0,3.64076377074438,18,0,12,12,4,0.9248,0.5111,0.4807,0.188,1.2403,167
75000000.0,0.0,0.0,0.0,1000.0,1.38006743939094,10,0,16,3,1,0.9248,0.5111,0.4807,0.188,1.2403,184
299600000.0,0.0,0.0,0.0,1498.0,2.49219091321627,20,1,11,2,5,0.9248,0.5111,0.4807,0.188,1.2403,196
816000000.0,0.0,0.0,0.0,2720.0,8.60377104071145,7,0,0,6,1,0.9248,0.5111,0.4807,0.188,1.2403,206
4000000000.0,0.0,0.0,0.0,24000.0,3.17565479169051,7,0,11,1,4,0.9248,0.5111,0.4807,0.188,1.2403,166
1779900000.0,0.0,0.0,0.0,5933.0,2.49219091321627,20,1,11,2,5,0.9248,0.5111,0.4807,0.188,1.2403,196
198800000.0,0.0,0.0,0.0,1989.0,5.48235866926763,25,1,7,2,2,0.9248,0.5111,0.4807,0.188,1.2403,212
130000000.0,0.0,0.0,0.0,1000.0,6.25731194755292,11,1,22,0,5,0.9248,0.5111,0.4807,0.188,1.2403,171
176959999.99999997,0.0,0.0,0.0,1264.0,2.54986964866086,2,0,10,1,6,0.9248,0.5111,0.4807,0.188,1.2403,166
238680000.0,0.0,0.0,0.0,1989.0,5.48235866926763,25,1,7,2,2,0.9248,0.5111,0.4807,0.188,1.2403,212
173187000.0,0.0,0.0,0.0,1431.3,6.25731194755292,11,1,22,0,5,0.9248,0.5111,0.4807,0.188,1.2403,171
149040000.0,0.0,0.0,0.0,1242.0,6.37717802409813,19,1,13,0,8,0.9248,0.5111,0.4807,0.188,1.2403,208
173420000.0,0.0,0.0,0.0,1334.0,6.37717802409813,19,1,13,0,8,0.9248,0.5111,0.4807,0.188,1.2403,208
56990000.0,0.0,0.0,0.0,1039.0,2.54986964866086,2,0,10,1,6,0.9248,0.5111,0.4807,0.188,1.2403,166
149040000.0,0.0,0.0,0.0,1242.0,6.37717802409813,19,1,13,0,8,0.9248,0.5111,0.4807,0.188,1.2403,208
160500000.0,0.0,0.0,0.0,1070.0,8.60377104071145,7,0,0,6,1,0.9248,0.5111,0.4807,0.188,1.2403,206
120000000.0,0.0,0.0,0.0,1142.0,8.78014823658509,6,0,0,0,1,0.9248,0.5111,0.4807,0.188,1.2403,175
280000000.0,0.0,0.0,0.0,1216.0,8.37145372324007,9,2,3,6,12,0.9248,0.5111,0.4807,0.188,1.2403,203
295000000.0,0.0,0.0,0.0,1200.0,8.37145372324007,9,2,3,6,12,0.9248,0.5111,0.4807,0.188,1.2403,203
140000000.0,0.0,0.0,0.0,1607.0,1.98580053813342,28,1,10,4,5,0.9248,0.5111,0.4807,0.188,1.2403,215
859800000.0,0.0,0.0,0.0,3439.2,2.49219091321627,20,1,11,2,5,0.9248,0.5111,0.4807,0.188,1.2403,196
125160000.0,0.0,0.0,0.0,2395.0,0.858887033250895,23,1,14,1,10,0.9248,0.5111,0.4807,0.188,1.2403,187
229800000.0,0.0,0.0,0.0,1915.0,3.56934464205663,1,0,11,1,3,0.9248,0.5111,0.4807,0.188,1.2403,166
163800000.0,0.0,0.0,0.0,1023.0,4.68081921879901,18,1,8,0,4,0.46,0.3905,0.3591,0.359,0.6528,185
198000000.0,0.0,0.0,0.0,1365.0,6.64522028833831,7,0,8,1,2,0.9248,0.5111,0.4807,0.188,1.2403,166
264000000.0,0.0,0.0,0.0,1200.0,4.46462121805544,31,1,6,3,3,0.9248,0.5111,0.4807,0.188,1.2403,209
297000000.0,0.0,0.0,0.0,1500.0,2.88792906961565,20,1,8,3,5,0.9248,0.5111,0.4807,0.188,1.2403,177
297000000.0,0.0,0.0,0.0,1500.0,2.88792906961565,20,1,8,3,5,0.9248,0.5111,0.4807,0.188,1.2403,177
286136000.0,0.0,0.0,0.0,1419.9,2.7369117038673,25,2,12,2,9,0.9248,0.5111,0.4807,0.188,1.2403,170
286136000.0,0.0,0.0,0.0,1419.9,2.7369117038673,25,2,12,2,9,0.9248,0.5111,0.4807,0.188,1.2403,170
297000000.0,0.0,0.0,0.0,1500.0,2.88792906961565,20,1,8,3,5,0.9248,0.5111,0.4807,0.188,1.2403,177
297000000.0,0.0,0.0,0.0,1500.0,2.43319623105238,20,1,8,4,7,0.9248,0.5111,0.4807,0.188,1.2403,217
297000000.0,0.0,0.0,0.0,1500.0,2.88792906961565,20,1,8,3,5,0.9248,0.5111,0.4807,0.188,1.2403,177
3734280000.0,0.0,0.0,0.0,20746.0,3.56934464205663,1,0,11,1,3,0.9248,0.5111,0.4807,0.188,1.2403,166
837354000.0,0.0,0.0,0.0,2046.0,5.8785414560789,28,5,20,2,13,0.9248,0.5111,0.4807,0.188,1.2403,174
64310000.0,0.0,0.0,0.0,1090.0,6.80644121666006,0,1,15,0,6,0.9248,0.5111,0.4807,0.188,1.2403,199
328332000.0,0.0,0.0,0.0,1500.0,2.88792906961565,20,1,8,3,5,0.9248,0.5111,0.4807,0.188,1.2403,177
270960000.0,0.0,0.0,0.0,1129.9,8.60377104071145,7,0,0,6,1,0.9248,0.5111,0.4807,0.188,1.2403,206
400000000.0,0.0,0.0,0.0,1600.0,4.68081921879901,18,1,8,0,4,0.46,0.3905,0.3591,0.359,0.6528,185
139000000.0,0.0,0.0,0.0,1163.0,7.80786558941098,3,0,8,1,0,0.9248,0.5111,0.4807,0.188,1.2403,166
330000.0,0.0,0.0,0.0,1186.0,6.64522028833831,7,0,8,1,2,0.9248,0.5111,0.4807,0.188,1.2403,166
278400000.0,0.0,0.0,0.0,3480.0,2.54986964866086,2,0,10,1,6,0.9248,0.5111,0.4807,0.188,1.2403,166
61400000.0,0.0,0.0,0.0,1616.0,3.75230575877454,2,0,11,1,4,0.9248,0.5111,0.4807,0.188,1.2403,166
130000000.0,0.0,0.0,0.0,1000.0,5.8785414560789,28,5,20,2,13,0.9248,0.5111,0.4807,0.188,1.2403,174
297000000.0,0.0,0.0,0.0,1500.0,2.43319623105238,20,1,8,4,7,0.9248,0.5111,0.4807,0.188,1.2403,217
297000000.0,0.0,0.0,0.0,1500.0,2.43319623105238,20,1,8,4,7,0.9248,0.5111,0.4807,0.188,1.2403,217
297000000.0,0.0,0.0,0.0,1500.0,2.88792906961565,20,1,8,3,5,0.9248,0.5111,0.4807,0.188,1.2403,177
297000000.0,0.0,0.0,0.0,1500.0,2.43319623105238,20,1,8,4,7,0.9248,0.5111,0.4807,0.188,1.2403,217
297000000.0,0.0,0.0,0.0,1500.0,2.88792906961565,20,1,8,3,5,0.9248,0.5111,0.4807,0.188,1.2403,177
297000000.0,0.0,0.0,0.0,1500.0,2.88792906961565,20,1,8,3,5,0.9248,0.5111,0.4807,0.188,1.2403,177
297000000.0,0.0,0.0,0.0,1500.0,2.88792906961565,20,1,8,3,5,0.9248,0.5111,0.4807,0.188,1.2403,177
297000000.0,0.0,0.0,0.0,1500.0,2.88792906961565,20,1,8,3,5,0.9248,0.5111,0.4807,0.188,1.2403,177
297000000.0,0.0,0.0,0.0,1500.0,2.43319623105238,20,1,8,4,7,0.9248,0.5111,0.4807,0.188,1.2403,217
297000000.0,0.0,0.0,0.0,1500.0,2.43319623105238,20,1,8,4,7,0.9248,0.5111,0.4807,0.188,1.2403,217
286136000.0,0.0,0.0,0.0,1419.9,2.7369117038673,25,2,12,2,9,0.9248,0.5111,0.4807,0.188,1.2403,170
325000000.0,0.0,0.0,0.0,1643.0,7.80786558941098,3,0,8,1,0,0.9248,0.5111,0.4807,0.188,1.2403,166
297000000.0,0.0,0.0,0.0,1500.0,2.88792906961565,20,1,8,3,5,0.9248,0.5111,0.4807,0.188,1.2403,177
264000000.0,0.0,0.0,0.0,1200.0,4.46462121805544,31,1,6,3,3,0.9248,0.5111,0.4807,0.188,1.2403,209
297000000.0,0.0,0.0,0.0,1500.0,2.88792906961565,20,1,8,3,5,0.9248,0.5111,0.4807,0.188,1.2403,177
7392480000.0,0.0,0.0,0.0,61604.0,2.49219091321627,20,1,11,2,5,0.9248,0.5111,0.4807,0.188,1.2403,-1
280000000.0,0.0,0.0,0.0,1276.0,2.60594873270773,21,0,12,5,7,0.9248,0.5111,0.4807,0.188,1.2403,214
264000000.0,0.0,0.0,0.0,1200.0,4.68081921879901,18,1,8,0,4,0.46,0.3905,0.3591,0.359,0.6528,185
264000000.0,0.0,0.0,0.0,1200.0,4.46462121805544,31,1,6,3,3,0.9248,0.5111,0.4807,0.188,1.2403,209
264000000.0,0.0,0.0,0.0,1200.0,4.68081921879901,18,1,8,0,4,0.46,0.3905,0.3591,0.359,0.6528,185
297000000.0,0.0,0.0,0.0,1500.0,2.88792906961565,20,1,8,3,5,0.9248,0.5111,0.4807,0.188,1.2403,177
328332000.0,0.0,0.0,0.0,1500.0,2.43319623105238,20,1,8,4,7,0.9248,0.5111,0.4807,0.188,1.2403,217
286136000.0,0.0,0.0,0.0,1419.9,2.7369117038673,25,2,12,2,9,0.9248,0.5111,0.4807,0.188,1.2403,170
297000000.0,0.0,0.0,0.0,1500.0,2.43319623105238,20,1,8,4,7,0.9248,0.5111,0.4807,0.188,1.2403,217
297000000.0,0.0,0.0,0.0,1500.0,2.43319623105238,20,1,8,4,7,0.9248,0.5111,0.4807,0.188,1.2403,217
297000000.0,0.0,0.0,0.0,1500.0,2.43319623105238,20,1,8,4,7,0.9248,0.5111,0.4807,0.188,1.2403,217
297000000.0,0.0,0.0,0.0,1500.0,2.88792906961565,20,1,8,3,5,0.9248,0.5111,0.4807,0.188,1.2403,177
1779900000.0,0.0,0.0,0.0,5933.0,6.25731194755292,11,1,22,0,5,0.9248,0.5111,0.4807,0.188,1.2403,171
50400000.0,0.0,0.0,0.0,1800.0,7.07554678230017,7,1,20,2,3,0.9248,0.5111,0.4807,0.188,1.2403,182
125000000.0,0.0,0.0,0.0,2395.0,0.858887033250895,23,1,14,1,10,0.9248,0.5111,0.4807,0.188,1.2403,187
35000000.0,0.0,0.0,0.0,1092.0,5.13957722878977,0,0,7,0,0,0.9248,0.5111,0.4807,0.188,1.2403,198
176959999.99999997,0.0,0.0,0.0,1264.0,6.37717802409813,19,1,13,0,8,0.9248,0.5111,0.4807,0.188,1.2403,208
385250000.0,0.0,0.0,0.0,3082.0,6.64522028833831,7,0,8,1,2,0.9248,0.5111,0.4807,0.188,1.2403,166
500000000.0,0.0,0.0,0.0,1584.0,2.49219091321627,20,1,11,2,5,0.9248,0.5111,0.4807,0.188,1.2403,196
678888000.0,0.0,0.0,0.0,3592.0,6.64522028833831,7,0,8,1,2,0.9248,0.5111,0.4807,0.188,1.2403,166
380000800.0,0.0,0.0,0.0,1385.6,2.21512325315315,23,0,17,3,6,0.9248,0.5111,0.4807,0.188,1.2403,-1
175500000.0,0.0,0.0,0.0,1350.0,6.35256571102352,17,1,16,0,9,0.9248,0.5111,0.4807,0.188,1.2403,208
400000000.0,0.0,0.0,0.0,1600.0,4.68081921879901,18,1,8,0,4,0.46,0.3905,0.3591,0.359,0.6528,185
184650000.0,0.0,0.0,0.0,1231.0,7.80786558941098,3,0,8,1,0,0.9248,0.5111,0.4807,0.188,1.2403,166
526720000.00000006,0.0,0.0,0.0,8230.0,7.80786558941098,3,0,8,1,0,0.9248,0.5111,0.4807,0.188,1.2403,166
526720000.00000006,0.0,0.0,0.0,8230.0,7.80786558941098,3,0,8,1,0,0.9248,0.5111,0.4807,0.188,1.2403,166
5852380000.0,0.0,0.0,0.0,61604.0,7.80786558941098,3,0,8,1,0,0.9248,0.5111,0.4807,0.188,1.2403,166
1200000000.0,0.0,0.0,0.0,10000.0,8.55222698270135,4,0,5,1,1,0.9248,0.5111,0.4807,0.188,1.2403,166
136000000.0,0.0,0.0,0.0,1039.9,6.25731194755292,11,1,22,0,5,0.9248,0.5111,0.4807,0.188,1.2403,171
264000000.0,0.0,0.0,0.0,1200.0,4.68081921879901,18,1,8,0,4,0.46,0.3905,0.3591,0.359,0.6528,185
297000000.0,0.0,0.0,0.0,1500.0,2.43319623105238,20,1,8,4,7,0.9248,0.5111,0.4807,0.188,1.2403,217
328332000.0,0.0,0.0,0.0,1500.0,2.88792906961565,20,1,8,3,5,0.9248,0.5111,0.4807,0.188,1.2403,177
286136000.0,0.0,0.0,0.0,1419.9,2.7369117038673,25,2,12,2,9,0.9248,0.5111,0.4807,0.188,1.2403,170
392000000.0,0.0,0.0,0.0,1400.0,3.64076377074438,18,0,12,12,4,0.9248,0.5111,0.4807,0.188,1.2403,167
297000000.0,0.0,0.0,0.0,1500.0,2.88792906961565,20,1,8,3,5,0.9248,0.5111,0.4807,0.188,1.2403,177
700000000.0,0.0,0.0,0.0,1450.0,2.54986964866086,2,0,10,1,6,0.9248,0.5111,0.4807,0.188,1.2403,166
264000000.0,0.0,0.0,0.0,1200.0,4.68081921879901,18,1,8,0,4,0.46,0.3905,0.3591,0.359,0.6528,185
264000000.0,0.0,0.0,0.0,1200.0,4.68081921879901,18,1,8,0,4,0.46,0.3905,0.3591,0.359,0.6528,185
264000000.0,0.0,0.0,0.0,1200.0,4.46462121805544,31,1,6,3,3,0.9248,0.5111,0.4807,0.188,1.2403,209
585000000.0,0.0,0.0,0.0,1450.0,6.25731194755292,11,1,22,0,5,0.9248,0.5111,0.4807,0.188,1.2403,171
355425000.0,0.0,0.0,0.0,4739.0,1.97779678215156,27,2,9,10,6,0.9248,0.5111,0.4807,0.188,1.2403,-1
650000000.0,0.0,0.0,0.0,1867.0,0.584458128922822,14,0,12,0,3,0.9248,0.5111,0.4807,0.188,1.2403,193
340000000.0,0.0,0.0,0.0,1700.0,4.68081921879901,18,1,8,0,4,0.46,0.3905,0.3591,0.359,0.6528,185
297000000.0,0.0,0.0,0.0,1500.0,2.88792906961565,20,1,8,3,5,0.9248,0.5111,0.4807,0.188,1.2403,177
297000000.0,0.0,0.0,0.0,1500.0,2.88792906961565,20,1,8,3,5,0.9248,0.5111,0.4807,0.188,1.2403,177
297000000.0,0.0,0.0,0.0,1500.0,2.88792906961565,20,1,8,3,5,0.9248,0.5111,0.4807,0.188,1.2403,177
286136000.0,0.0,0.0,0.0,1522.0,2.7369117038673,25,2,12,2,9,0.9248,0.5111,0.4807,0.188,1.2403,170
286136000.0,0.0,0.0,0.0,1419.9,2.7369117038673,25,2,12,2,9,0.9248,0.5111,0.4807,0.188,1.2403,170
264000000.0,0.0,0.0,0.0,1200.0,4.46462121805544,31,1,6,3,3,0.9248,0.5111,0.4807,0.188,1.2403,209
348120000.0,0.0,0.0,0.0,2901.0,5.8785414560789,28,5,20,2,13,0.9248,0.5111,0.4807,0.188,1.2403,174
350000000.0,0.0,0.0,0.0,2000.0,4.68081921879901,18,1,8,0,4,0.46,0.3905,0.3591,0.359,0.6528,185
800000000.0,0.0,0.0,0.0,4552.0,1.21916441282272,25,0,14,1,10,0.9248,0.5111,0.4807,0.188,1.2403,186
40000000.0,0.0,0.0,0.0,4874.0,3.56934464205663,1,0,11,1,3,0.9248,0.5111,0.4807,0.188,1.2403,166
305000000.0,0.0,0.0,0.0,1526.0,6.64522028833831,7,0,8,1,2,0.9248,0.5111,0.4807,0.188,1.2403,166
201390000.0,0.0,0.0,0.0,2877.0,5.26968245317765,12,0,10,2,6,0.9248,0.5111,0.4807,0.188,1.2403,189
6423200000.0,0.0,0.0,0.0,80290.0,6.25731194755292,11,1,22,0,5,0.9248,0.5111,0.4807,0.188,1.2403,-1
300000000.0,0.0,0.0,0.0,1200.0,5.8785414560789,28,5,20,2,13,0.9248,0.5111,0.4807,0.188,1.2403,174
116000000.0,0.0,0.0,0.0,1050.0,6.64522028833831,7,0,8,1,2,0.9248,0.5111,0.4807,0.188,1.2403,166
443400000.0,0.0,0.0,0.0,3547.2,2.54986964866086,2,0,10,1,6,0.9248,0.5111,0.4807,0.188,1.2403,166
245870000.0,0.0,0.0,0.0,1069.0,6.64522028833831,7,0,8,1,2,0.9248,0.5111,0.4807,0.188,1.2403,166
950000000.0,0.0,0.0,0.0,22324.0,7.80786558941098,3,0,8,1,0,0.9248,0.5111,0.4807,0.188,1.2403,166
1704545455.0,0.0,0.0,0.0,7369.0,6.25731194755292,11,1,22,0,5,0.9248,0.5111,0.4807,0.188,1.2403,171
170380000.0,0.0,0.0,0.0,1254.0,6.37717802409813,19,1,13,0,8,0.9248,0.5111,0.4807,0.188,1.2403,208
322070000.0,0.0,0.0,0.0,1498.0,4.68081921879901,18,1,8,0,4,0.46,0.3905,0.3591,0.359,0.6528,185
455000000.0,0.0,0.0,0.0,3500.0,0.25149080030171,50,1,22,14,4,0.9248,0.5111,0.4807,0.188,1.2403,201
134100000.0,0.0,0.0,0.0,1341.0,6.35256571102352,17,1,16,0,9,0.9248,0.5111,0.4807,0.188,1.2403,208
284400000.0,0.0,0.0,0.0,1580.0,3.64076377074438,18,0,12,12,4,0.9248,0.5111,0.4807,0.188,1.2403,167
215000000.0,0.0,0.0,0.0,1075.5,7.0745065472197,14,0,9,6,4,0.9248,0.5111,0.4807,0.188,1.2403,176
154989999.99999997,0.0,0.0,0.0,1409.0,6.37717802409813,19,1,13,0,8,0.9248,0.5111,0.4807,0.188,1.2403,208
150360000.0,0.0,0.0,0.0,1253.0,6.37717802409813,19,1,13,0,8,0.9248,0.5111,0.4807,0.188,1.2403,208
139900000.0,0.0,0.0,0.0,1235.0,7.0745065472197,14,0,9,6,4,0.9248,0.5111,0.4807,0.188,1.2403,176
165000000.0,0.0,0.0,0.0,2347.0,0.460717362062384,10,0,6,0,1,0.9248,0.5111,0.4807,0.188,1.2403,205
187000000.0,0.0,0.0,0.0,2878.0,7.80786558941098,3,0,8,1,0,0.9248,0.5111,0.4807,0.188,1.2403,166
450000000.0,0.0,0.0,0.0,1500.0,3.64076377074438,18,0,12,12,4,0.9248,0.5111,0.4807,0.188,1.2403,167
550000000.0,0.0,0.0,0.0,2500.0,4.68081921879901,18,1,8,0,4,0.46,0.3905,0.3591,0.359,0.6528,185
238680000.0,0.0,0.0,0.0,1989.0,5.48235866926763,25,1,7,2,2,0.9248,0.5111,0.4807,0.188,1.2403,212
105500000.0,0.0,0.0,0.0,1000.0,6.54373189264494,17,2,21,2,10,0.9248,0.5111,0.4807,0.188,1.2403,-1
198900000.0,0.0,0.0,0.0,1989.0,2.54986964866086,2,0,10,1,6,0.9248,0.5111,0.4807,0.188,1.2403,166
461110000.0,0.0,0.0,0.0,3547.0,0.25149080030171,50,1,22,14,4,0.9248,0.5111,0.4807,0.188,1.2403,201
195000000.0,0.0,0.0,0.0,1300.0,6.64522028833831,7,0,8,1,2,0.9248,0.5111,0.4807,0.188,1.2403,166
125160000.0,0.0,0.0,0.0,2395.0,0.858887033250895,23,1,14,1,10,0.9248,0.5111,0.4807,0.188,1.2403,187
160000000.0,0.0,0.0,0.0,1080.0,3.50583745435805,8,1,13,8,5,0.9248,0.5111,0.4807,0.188,1.2403,207
6423200000.0,0.0,0.0,0.0,80290.0,6.25731194755292,11,1,22,0,5,0.9248,0.5111,0.4807,0.188,1.2403,-1
950000000.0,0.0,0.0,0.0,10000.0,8.55222698270135,4,0,5,1,1,0.9248,0.5111,0.4807,0.188,1.2403,166
555187000.0,0.0,0.0,0.0,6689.0,2.61248239996725,10,0,14,2,2,0.9248,0.5111,0.4807,0.188,1.2403,-1
127062000.0,0.0,0.0,0.0,1629.0,6.64522028833831,7,0,8,1,2,0.9248,0.5111,0.4807,0.188,1.2403,166
700000000.0,0.0,0.0,0.0,10000.0,8.55222698270135,4,0,5,1,1,0.9248,0.5111,0.4807,0.188,1.2403,166
1035183000.0,0.0,0.0,0.0,22262.0,7.80786558941098,3,0,8,1,0,0.9248,0.5111,0.4807,0.188,1.2403,166
108000000.0,0.0,0.0,0.0,1200.0,3.2392658836567,11,1,15,7,5,0.9248,0.5111,0.4807,0.188,1.2403,216
150360000.0,0.0,0.0,0.0,1253.0,6.35256571102352,17,1,16,0,9,0.9248,0.5111,0.4807,0.188,1.2403,208
335999999.99999994,0.0,0.0,0.0,1680.0,1.84222551281163,27,0,20,2,7,0.9248,0.5111,0.4807,0.188,1.2403,-1
160920000.0,0.0,0.0,0.0,1341.0,6.37717802409813,19,1,13,0,8,0.9248,0.5111,0.4807,0.188,1.2403,208
216160000.0,0.0,0.0,0.0,1351.0,6.37717802409813,19,1,13,0,8,0.9248,0.5111,0.4807,0.188,1.2403,208
567000000.0,0.0,0.0,0.0,1260.0,5.84239104111134,30,5,20,2,13,0.9248,0.5111,0.4807,0.188,1.2403,174
534350000.0,0.0,0.0,0.0,10687.0,7.80786558941098,3,0,8,1,0,0.9248,0.5111,0.4807,0.188,1.2403,166
1419186000.0,0.0,0.0,0.0,3734.7,6.25731194755292,11,1,22,0,5,0.9248,0.5111,0.4807,0.188,1.2403,171
1419186000.0,0.0,0.0,0.0,3734.7,6.25731194755292,11,1,22,0,5,0.9248,0.5111,0.4807,0.188,1.2403,171
350000000.0,0.0,0.0,0.0,8336.0,7.80786558941098,3,0,8,1,0,0.9248,0.5111,0.4807,0.188,1.2403,166
1270716000.0,0.0,0.0,0.0,3734.7,6.25731194755292,11,1,22,0,5,0.9248,0.5111,0.4807,0.188,1.2403,171
198900000.0,0.0,0.0,0.0,1989.0,5.48235866926763,25,1,7,2,2,0.9248,0.5111,0.4807,0.188,1.2403,212
288000000.0,0.0,0.0,0.0,1692.0,7.87812974351034,9,0,15,0,1,0.9248,0.5111,0.4807,0.188,1.2403,180
630000000.0,0.0,0.0,0.0,3500.0,8.78529520480911,6,0,0,0,1,0.9248,0.5111,0.4807,0.188,1.2403,175
359625000.0,0.0,0.0,0.0,1027.0,2.49219091321627,20,1,11,2,5,0.9248,0.5111,0.4807,0.188,1.2403,196
388000000.0,0.0,0.0,0.0,1628.0,6.84557088132841,19,0,9,7,6,0.9248,0.5111,0.4807,0.188,1.2403,-1
119000000.0,0.0,0.0,0.0,1400.0,3.56934464205663,1,0,11,1,3,0.9248,0.5111,0.4807,0.188,1.2403,166
957570000.0,0.0,0.0,0.0,3246.0,8.60377104071145,7,0,0,6,1,0.9248,0.5111,0.4807,0.188,1.2403,206
484245000.0,0.0,0.0,0.0,5697.0,6.64522028833831,7,0,8,1,2,0.9248,0.5111,0.4807,0.188,1.2403,166
63200000.0,0.0,0.0,0.0,1264.0,2.54986964866086,2,0,10,1,6,0.9248,0.5111,0.4807,0.188,1.2403,166
80000000.0,0.0,0.0,0.0,1000.0,6.64522028833831,7,0,8,1,2,0.9248,0.5111,0.4807,0.188,1.2403,166
150000000.0,0.0,0.0,0.0,1000.0,7.87812974351034,9,0,15,0,1,0.9248,0.5111,0.4807,0.188,1.2403,180
145320000.0,0.0,0.0,0.0,1211.0,6.37717802409813,19,1,13,0,8,0.9248,0.5111,0.4807,0.188,1.2403,208
1200420000.0,0.0,0.0,0.0,3159.0,8.60377104071145,7,0,0,6,1,0.9248,0.5111,0.4807,0.188,1.2403,206
400000000.0,0.0,0.0,0.0,1422.0,8.60377104071145,7,0,0,6,1,0.9248,0.5111,0.4807,0.188,1.2403,206
113100000.0,0.0,0.0,0.0,1450.0,7.80786558941098,3,0,8,1,0,0.9248,0.5111,0.4807,0.188,1.2403,166
174000000.0,0.0,0.0,0.0,1450.0,6.37717802409813,19,1,13,0,8,0.9248,0.5111,0.4807,0.188,1.2403,208
191100000.0,0.0,0.0,0.0,1365.0,6.37717802409813,19,1,13,0,8,0.9248,0.5111,0.4807,0.188,1.2403,208
173040000.0,0.0,0.0,0.0,1236.0,6.37717802409813,19,1,13,0,8,0.9248,0.5111,0.4807,0.188,1.2403,208
850000000.0,0.0,0.0,0.0,10000.0,6.64522028833831,7,0,8,1,2,0.9248,0.5111,0.4807,0.188,1.2403,166
850000000.0,0.0,0.0,0.0,10000.0,6.64522028833831,7,0,8,1,2,0.9248,0.5111,0.4807,0.188,1.2403,166
400000000.0,0.0,0.0,0.0,1002.0,3.64076377074438,18,0,12,12,4,0.9248,0.5111,0.4807,0.188,1.2403,167
216160000.0,0.0,0.0,0.0,1351.0,6.37717802409813,19,1,13,0,8,0.9248,0.5111,0.4807,0.188,1.2403,208
400000000.0,0.0,0.0,0.0,1600.0,4.46462121805544,31,1,6,3,3,0.9248,0.5111,0.4807,0.188,1.2403,209
220000000.0,0.0,0.0,0.0,3072.0,1.75263524873732,6,0,9,1,0,0.9248,0.5111,0.4807,0.188,1.2403,166
202230000.0,0.0,0.0,0.0,1124.0,4.68081921879901,18,1,8,0,4,0.46,0.3905,0.3591,0.359,0.6528,185
500000000.0,0.0,0.0,0.0,1867.0,0.460717362062384,10,0,6,0,1,0.9248,0.5111,0.4807,0.188,1.2403,205
85000000.0,0.0,0.0,0.0,1100.0,7.80786558941098,3,0,8,1,0,0.9248,0.5111,0.4807,0.188,1.2403,166
1000000000.0,0.0,0.0,0.0,10000.0,8.55222698270135,4,0,5,1,1,0.9248,0.5111,0.4807,0.188,1.2403,166
105000000.0,0.0,0.0,0.0,1000.0,6.64522028833831,7,0,8,1,2,0.9248,0.5111,0.4807,0.188,1.2403,166
123456789.0,0.0,0.0,0.0,1083.3,7.0745065472197,14,0,9,6,4,0.9248,0.5111,0.4807,0.188,1.2403,176
229800000.0,0.0,0.0,0.0,1915.0,3.56934464205663,1,0,11,1,3,0.9248,0.5111,0.4807,0.188,1.2403,166
369600000.0,0.0,0.0,0.0,1680.0,3.64076377074438,18,0,12,12,4,0.9248,0.5111,0.4807,0.188,1.2403,167
152280000.0,0.0,0.0,0.0,1269.0,6.35256571102352,17,1,16,0,9,0.9248,0.5111,0.4807,0.188,1.2403,208
468780000.0,0.0,0.0,0.0,1803.0,4.68081921879901,18,1,8,0,4,0.46,0.3905,0.3591,0.359,0.6528,185
360000000.0,0.0,0.0,0.0,2400.0,3.49057038638512,7,1,11,6,3,0.9248,0.5111,0.4807,0.188,1.2403,-1
304400000.0,0.0,0.0,0.0,1522.0,4.68081921879901,18,1,8,0,4,0.46,0.3905,0.3591,0.359,0.6528,185
97425000.0,0.0,0.0,0.0,1299.0,3.15171432406046,14,0,11,3,1,0.9248,0.5111,0.4807,0.188,1.2403,-1
100000000.0,0.0,0.0,0.0,1080.0,6.25731194755292,11,1,22,0,5,0.9248,0.5111,0.4807,0.188,1.2403,171
165000000.0,0.0,0.0,0.0,2347.0,0.460717362062384,10,0,6,0,1,0.9248,0.5111,0.4807,0.188,1.2403,205
200000000.0,0.0,0.0,0.0,1085.0,5.8785414560789,28,5,20,2,13,0.9248,0.5111,0.4807,0.188,1.2403,174
173290000.0,0.0,0.0,0.0,1333.0,6.37717802409813,19,1,13,0,8,0.9248,0.5111,0.4807,0.188,1.2403,208
30000000000.0,0.0,0.0,0.0,300000.0,3.47781436379672,19,0,5,11,13,0.9248,0.5111,0.4807,0.188,1.2403,-1
486000000.0,0.0,0.0,0.0,6085.0,2.81203897891832,18,1,12,0,2,0.9248,0.5111,0.4807,0.188,1.2403,213
278400000.0,0.0,0.0,0.0,3480.0,2.81203897891832,18,1,12,0,2,0.9248,0.5111,0.4807,0.188,1.2403,213
1419186000.0,0.0,0.0,0.0,3734.7,6.25731194755292,11,1,22,0,5,0.9248,0.5111,0.4807,0.188,1.2403,171
304920000.0,0.0,0.0,0.0,1694.0,5.41543702479793,19,2,11,0,5,0.9248,0.5111,0.4807,0.188,1.2403,211
437500000.0,0.0,0.0,0.0,1250.0,8.60377104071145,7,0,0,6,1,0.9248,0.5111,0.4807,0.188,1.2403,206
100000000.0,0.0,0.0,0.0,1400.0,1.74104743107726,0,0,8,2,1,0.9248,0.5111,0.4807,0.188,1.2403,-1
116000000.0,0.0,0.0,0.0,1050.0,6.64522028833831,7,0,8,1,2,0.9248,0.5111,0.4807,0.188,1.2403,166
600000000.0,0.0,0.0,0.0,10000.0,8.55222698270135,4,0,5,1,1,0.9248,0.5111,0.4807,0.188,1.2403,166
328230000.0,0.0,0.0,0.0,4689.0,6.86611328636998,5,0,7,0,1,0.9248,0.5111,0.4807,0.188,1.2403,198
382104000.0,0.0,0.0,0.0,3184.2,6.86611328636998,5,0,7,0,1,0.9248,0.5111,0.4807,0.188,1.2403,198
350000000.0,0.0,0.0,0.0,1367.0,3.45102792447501,43,1,9,12,8,0.9248,0.5111,0.4807,0.188,1.2403,-1
91000000.0,0.0,0.0,0.0,1060.0,6.64522028833831,7,0,8,1,2,0.9248,0.5111,0.4807,0.188,1.2403,166
1779900000.0,0.0,0.0,0.0,5933.0,1.94417551008589,17,1,11,8,9,0.9248,0.5111,0.4807,0.188,1.2403,-1
205400000.0,0.0,0.0,0.0,1580.0,6.37717802409813,19,1,13,0,8,0.9248,0.5111,0.4807,0.188,1.2403,208
212128000.0,0.0,0.0,0.0,1325.8,2.53252048936927,22,0,14,6,8,0.9248,0.5111,0.4807,0.188,1.2403,188
214245000.0,0.0,0.0,0.0,1863.0,6.64522028833831,7,0,8,1,2,0.9248,0.5111,0.4807,0.188,1.2403,166
174000000.0,0.0,0.0,0.0,1039.9,6.25731194755292,11,1,22,0,5,0.9248,0.5111,0.4807,0.188,1.2403,171
1059000000.0,0.0,0.0,0.0,3530.0,2.54986964866086,2,0,10,1,6,0.9248,0.5111,0.4807,0.188,1.2403,166
480000000.0,0.0,0.0,0.0,8000.0,5.13957722878977,0,0,7,0,0,0.9248,0.5111,0.4807,0.188,1.2403,198
215812500.0,0.0,0.0,0.0,2877.5,5.26968245317765,12,0,10,2,6,0.9248,0.5111,0.4807,0.188,1.2403,189
170340000.00000003,0.0,0.0,0.0,2004.0,6.64522028833831,7,0,8,1,2,0.9248,0.5111,0.4807,0.188,1.2403,166
320000000.0,0.0,0.0,0.0,1422.0,8.60377104071145,7,0,0,6,1,0.9248,0.5111,0.4807,0.188,1.2403,206
224000000.0,0.0,0.0,0.0,1120.0,4.68081921879901,18,1,8,0,4,0.46,0.3905,0.3591,0.359,0.6528,185
167520000.0,0.0,0.0,0.0,1396.0,6.37717802409813,19,1,13,0,8,0.9248,0.5111,0.4807,0.188,1.2403,208
161200000.0,0.0,0.0,0.0,1612.0,7.07554678230017,7,1,20,2,3,0.9248,0.5111,0.4807,0.188,1.2403,182
427480000.0,0.0,0.0,0.0,10687.0,7.80786558941098,3,0,8,1,0,0.9248,0.5111,0.4807,0.188,1.2403,166
278835000.0,0.0,0.0,0.0,1858.9,7.20311574569526,14,0,12,7,5,0.9248,0.5111,0.4807,0.188,1.2403,210
156000000.0,0.0,0.0,0.0,1300.0,6.64522028833831,7,0,8,1,2,0.9248,0.5111,0.4807,0.188,1.2403,166
1483040000.0,0.0,0.0,0.0,18538.0,2.81203897891832,18,1,12,0,2,0.9248,0.5111,0.4807,0.188,1.2403,213
48000000.0,0.0,0.0,0.0,1063.0,2.54986964866086,2,0,10,1,6,0.5438,0.0007,0.3241,0.0006,0.6486,-1
172524000.0,0.0,0.0,0.0,1437.7,2.54986964866086,2,0,10,1,6,0.9248,0.5111,0.4807,0.188,1.2403,166
328230000.0,0.0,0.0,0.0,4689.0,1.40510830399541,12,0,15,3,2,0.9248,0.5111,0.4807,0.188,1.2403,184
150360000.0,0.0,0.0,0.0,1253.0,6.35256571102352,17,1,16,0,9,0.9248,0.5111,0.4807,0.188,1.2403,208
400000000.0,0.0,0.0,0.0,1600.0,4.68081921879901,18,1,8,0,4,0.46,0.3905,0.3591,0.359,0.6528,185
90480000.0,0.0,0.0,0.0,1392.0,7.07554678230017,7,1,20,2,3,0.9248,0.5111,0.4807,0.188,1.2403,182
373440000.0,0.0,0.0,0.0,1167.0,8.60377104071145,7,0,0,6,1,0.9248,0.5111,0.4807,0.188,1.2403,206
264000000.0,0.0,0.0,0.0,1200.0,4.68081921879901,18,1,8,0,4,0.46,0.3905,0.3591,0.359,0.6528,185
185850000.0,0.0,0.0,0.0,1200.0,3.2392658836567,11,1,15,7,5,0.9248,0.5111,0.4807,0.188,1.2403,216
400000000.0,0.0,0.0,0.0,1600.0,2.7369117038673,25,2,12,2,9,0.9248,0.5111,0.4807,0.188,1.2403,170
185850000.0,0.0,0.0,0.0,1200.0,3.2392658836567,11,1,15,7,5,0.9248,0.5111,0.4807,0.188,1.2403,216
278835000.0,0.0,0.0,0.0,1859.0,7.0745065472197,14,0,9,6,4,0.9248,0.5111,0.4807,0.188,1.2403,176
312400000.0,0.0,0.0,0.0,1420.0,0.584458128922822,14,0,12,0,3,0.9248,0.5111,0.4807,0.188,1.2403,193
500000000.0,0.0,0.0,0.0,1584.0,2.49219091321627,20,1,11,2,5,0.9248,0.5111,0.4807,0.188,1.2403,196
90480000.0,0.0,0.0,0.0,1392.0,7.80786558941098,3,0,8,1,0,0.9248,0.5111,0.4807,0.188,1.2403,166
700000000.0,0.0,0.0,0.0,3000.0,2.7369117038673,25,2,12,2,9,0.9248,0.5111,0.4807,0.188,1.2403,170
228646000.0,0.0,0.0,0.0,1094.0,5.17178320830773,27,3,11,1,7,0.9248,0.5111,0.4807,0.188,1.2403,-1
126500000.0,0.0,0.0,0.0,1100.0,5.8785414560789,28,5,20,2,13,0.9248,0.5111,0.4807,0.188,1.2403,174
260000000.0,0.0,0.0,0.0,3891.0,7.80786558941098,3,0,8,1,0,0.9248,0.5111,0.4807,0.188,1.2403,166
587785000.0,0.0,0.0,0.0,10687.0,7.80786558941098,3,0,8,1,0,0.9248,0.5111,0.4807,0.188,1.2403,166
110000000.0,0.0,0.0,0.0,2000.0,7.80786558941098,3,0,8,1,0,0.9248,0.5111,0.4807,0.188,1.2403,166
264000000.0,0.0,0.0,0.0,1200.0,4.68081921879901,18,1,8,0,4,0.46,0.3905,0.3591,0.359,0.6528,185
500000000.0,0.0,0.0,0.0,1584.0,2.49219091321627,20,1,11,2,5,0.9248,0.5111,0.4807,0.188,1.2403,196
700000000.0,0.0,0.0,0.0,10000.0,7.81684607375386,3,1,4,0,1,0.9248,0.5111,0.4807,0.188,1.2403,-1
304920000.0,0.0,0.0,0.0,1695.0,5.41543702479793,19,2,11,0,5,0.9248,0.5111,0.4807,0.188,1.2403,211
135000000.0,0.0,0.0,0.0,1075.0,3.2392658836567,11,1,15,7,5,0.9248,0.5111,0.4807,0.188,1.2403,216
285029000.0,0.0,0.0,0.0,4831.0,0.584458128922822,14,0,12,0,3,0.9248,0.5111,0.4807,0.188,1.2403,193
847850000.0,0.0,0.0,0.0,33914.0,6.64522028833831,7,0,8,1,2,0.9248,0.5111,0.4807,0.188,1.2403,166
140000000.0,0.0,0.0,0.0,1400.0,8.74134226080431,5,1,13,1,4,0.9248,0.5111,0.4807,0.188,1.2403,-1
188625000.0,0.0,0.0,0.0,1509.0,7.07554678230017,7,1,20,2,3,0.9248,0.5111,0.4807,0.188,1.2403,182
77425000.0,0.0,0.0,0.0,4075.0,7.80786558941098,3,0,8,1,0,0.9248,0.5111,0.4807,0.188,1.2403,166
149040000.0,0.0,0.0,0.0,1242.0,6.37717802409813,19,1,13,0,8,0.9248,0.5111,0.4807,0.188,1.2403,208
145320000.0,0.0,0.0,0.0,1211.0,6.3468304603679,18,1,16,0,8,0.9248,0.5111,0.4807,0.188,1.2403,208
145320000.0,0.0,0.0,0.0,1211.0,6.37717802409813,19,1,13,0,8,0.9248,0.5111,0.4807,0.188,1.2403,208
1779900000.0,0.0,0.0,0.0,5933.0,6.25731194755292,11,1,22,0,5,0.9248,0.5111,0.4807,0.188,1.2403,171
201015000.0,0.0,0.0,0.0,1489.0,6.3468304603679,18,1,16,0,8,0.9248,0.5111,0.4807,0.188,1.2403,208
201015000.0,0.0,0.0,0.0,1489.0,6.37717802409813,19,1,13,0,8,0.9248,0.5111,0.4807,0.188,1.2403,208
170380000.0,0.0,0.0,0.0,1217.0,6.37717802409813,19,1,13,0,8,0.9248,0.5111,0.4807,0.188,1.2403,208
150480000.0,0.0,0.0,0.0,1254.0,6.37717802409813,19,1,13,0,8,0.9248,0.5111,0.4807,0.188,1.2403,208
173420000.0,0.0,0.0,0.0,1334.0,6.3468304603679,18,1,16,0,8,0.9248,0.5111,0.4807,0.188,1.2403,208
173420000.0,0.0,0.0,0.0,1334.0,6.37717802409813,19,1,13,0,8,0.9248,0.5111,0.4807,0.188,1.2403,208
150480000.0,0.0,0.0,0.0,1254.0,6.3468304603679,18,1,16,0,8,0.9248,0.5111,0.4807,0.188,1.2403,208
149040000.0,0.0,0.0,0.0,1242.0,6.3468304603679,18,1,16,0,8,0.9248,0.5111,0.4807,0.188,1.2403,208
170380000.0,0.0,0.0,0.0,1217.0,6.3468304603679,18,1,16,0,8,0.9248,0.5111,0.4807,0.188,1.2403,208
216267200.0,0.0,0.0,0.0,1351.67,6.25731194755292,11,1,22,0,5,0.9248,0.5111,0.4807,0.188,1.2403,171
310000000.0,0.0,0.0,0.0,1498.0,4.68081921879901,18,1,8,0,4,0.46,0.3905,0.3591,0.359,0.6528,185
400000000.0,0.0,0.0,0.0,1867.0,0.584458128922822,14,0,12,0,3,0.9248,0.5111,0.4807,0.188,1.2403,193
216267200.0,0.0,0.0,0.0,1351.0,6.37717802409813,19,1,13,0,8,0.9248,0.5111,0.4807,0.188,1.2403,208
218790000.0,0.0,0.0,0.0,1989.0,5.48235866926763,25,1,7,2,2,0.9248,0.5111,0.4807,0.188,1.2403,212
110000000.0,0.0,0.0,0.0,1271.0,3.50583745435805,8,1,13,8,5,0.9248,0.5111,0.4807,0.188,1.2403,207
362475000.0,0.0,0.0,0.0,2685.0,3.56934464205663,1,0,11,1,3,0.9248,0.5111,0.4807,0.188,1.2403,166
120000000.0,0.0,0.0,0.0,1000.0,6.64522028833831,7,0,8,1,2,0.9248,0.5111,0.4807,0.188,1.2403,166
138180000.0,0.0,0.0,0.0,4606.0,5.26968245317765,12,0,10,2,6,0.9248,0.5111,0.4807,0.188,1.2403,189
500000000.0,0.0,0.0,0.0,2000.0,2.7369117038673,25,2,12,2,9,0.9248,0.5111,0.4807,0.188,1.2403,170
80000000.0,0.0,0.0,0.0,1000.0,6.64522028833831,7,0,8,1,2,0.9248,0.5111,0.4807,0.188,1.2403,166
1500000000.0,0.0,0.0,0.0,15000.0,7.07554678230017,7,1,20,2,3,0.9248,0.5111,0.4807,0.188,1.2403,182
100000000.0,0.0,0.0,0.0,1000.0,5.84239104111134,30,5,20,2,13,0.9248,0.5111,0.4807,0.188,1.2403,174
27600000.0,0.0,0.0,0.0,1840.0,6.86611328636998,5,0,7,0,1,0.9248,0.5111,0.4807,0.188,1.2403,198
641898000.0,0.0,0.0,0.0,3566.1,8.60377104071145,7,0,0,6,1,0.9248,0.5111,0.4807,0.188,1.2403,206
176352000.0,0.0,0.0,0.0,801.6,2.54986964866086,2,0,10,1,6,0.9248,0.5111,0.4807,0.188,1.2403,166
87000000.0,0.0,0.0,0.0,620.0,4.68081921879901,18,1,8,0,4,0.46,0.3905,0.3591,0.359,0.6528,185
114000000.0,0.0,0.0,0.0,600.0,3.45102792447501,43,1,9,12,8,0.9248,0.5111,0.4807,0.188,1.2403,-1
197064000.0,0.0,0.0,0.0,714.0,1.95893669978476,24,1,14,3,3,0.9248,0.5111,0.4807,0.188,1.2403,190
29026500.0,0.0,0.0,0.0,523.0,8.55222698270135,4,0,5,1,1,0.9248,0.5111,0.4807,0.188,1.2403,166
126500000.0,0.0,0.0,506.0,506.0,7.12599683234302,0,0,2,0,2,0.9248,0.5111,0.4807,0.188,1.2403,-1
120000000.0,0.0,0.0,0.0,956.0,7.87812974351034,9,0,15,0,1,0.9248,0.5111,0.4807,0.188,1.2403,180
72000000.0,0.0,0.0,0.0,600.0,5.8785414560789,28,5,20,2,13,0.9248,0.5111,0.4807,0.188,1.2403,174
90000000.0,0.0,0.0,0.0,553.0,6.64522028833831,7,0,8,1,2,0.9248,0.5111,0.4807,0.188,1.2403,166
167999999.99999997,0.0,0.0,0.0,840.0,2.49219091321627,20,1,11,2,5,0.9248,0.5111,0.4807,0.188,1.2403,196
67000000.0,0.0,0.0,0.0,636.0,5.84239104111134,30,5,20,2,13,0.9248,0.5111,0.4807,0.188,1.2403,174
167999999.99999997,0.0,0.0,0.0,840.0,3.64076377074438,18,0,12,12,4,0.9248,0.5111,0.4807,0.188,1.2403,167
189000000.0,0.0,0.0,0.0,540.0,6.64522028833831,7,0,8,1,2,0.9248,0.5111,0.4807,0.188,1.2403,166
153510000.0,0.0,0.0,0.0,903.0,3.64076377074438,18,0,12,12,4,0.9248,0.5111,0.4807,0.188,1.2403,167
90000000.0,0.0,0.0,0.0,900.0,5.8785414560789,28,5,20,2,13,0.9248,0.5111,0.4807,0.188,1.2403,174
56300000.0,0.0,0.0,0.0,563.0,4.46675937793218,10,0,14,0,2,0.9248,0.5111,0.4807,0.188,1.2403,180
185130000.0,0.0,0.0,0.0,561.0,6.64522028833831,7,0,8,1,2,0.9248,0.5111,0.4807,0.188,1.2403,166
60000000.0,0.0,0.0,0.0,591.6,2.60594873270773,21,0,12,5,7,0.9248,0.5111,0.4807,0.188,1.2403,214
103500000.0,0.0,0.0,0.0,617.0,7.42661736833815,11,1,5,4,5,0.9248,0.5111,0.4807,0.188,1.2403,172
90000000.0,0.0,0.0,0.0,600.0,6.80644121666006,0,1,15,0,6,0.9248,0.5111,0.4807,0.188,1.2403,199
174250000.0,0.0,0.0,697.0,697.0,6.64522028833831,7,0,8,1,2,0.9248,0.5111,0.4807,0.188,1.2403,-1
120412500.0,0.0,0.0,0.0,617.5,2.88792906961565,20,1,8,3,5,0.9248,0.5111,0.4807,0.188,1.2403,177
72000000.0,0.0,0.0,0.0,600.0,5.8785414560789,28,5,20,2,13,0.9248,0.5111,0.4807,0.188,1.2403,174
97020000.0,0.0,0.0,0.0,693.0,6.64522028833831,7,0,8,1,2,0.9248,0.5111,0.4807,0.188,1.2403,166
70000000.0,0.0,0.0,0.0,600.0,6.64522028833831,7,0,8,1,2,0.9248,0.5111,0.4807,0.188,1.2403,166
70000000.0,0.0,0.0,0.0,600.0,6.64522028833831,7,0,8,1,2,0.9248,0.5111,0.4807,0.188,1.2403,166
45000000.0,0.0,0.0,0.0,981.0,3.56934464205663,1,0,11,1,3,0.9248,0.5111,0.4807,0.188,1.2403,166
55000000.0,0.0,0.0,0.0,643.0,4.86386211348641,0,0,2,0,0,0.9248,0.5111,0.4807,0.188,1.2403,175
35770000.0,0.0,0.0,0.0,511.0,8.19644063486182,0,0,2,0,1,0.9248,0.5111,0.4807,0.188,1.2403,175
89160000.0,0.0,0.0,0.0,743.0,8.19644063486182,0,0,2,0,1,0.9248,0.5111,0.4807,0.188,1.2403,175
71280000.0,0.0,0.0,0.0,648.0,4.46675937793218,10,0,14,0,2,0.9248,0.5111,0.4807,0.188,1.2403,180
49999999.99999999,0.0,0.0,0.0,680.0,6.80644121666006,0,1,15,0,6,0.9248,0.5111,0.4807,0.188,1.2403,199
152045000.0,0.0,0.0,646.0,646.0,7.12599683234302,0,0,2,0,2,0.9248,0.5111,0.4807,0.188,1.2403,-1
96250000.0,0.0,0.0,0.0,550.0,4.46462121805544,31,1,6,3,3,0.9248,0.5111,0.4807,0.188,1.2403,209
30000000.0,0.0,0.0,0.0,660.0,7.07554678230017,7,1,20,2,3,0.9248,0.5111,0.4807,0.188,1.2403,182
100000000.0,0.0,0.0,0.0,700.0,0.908985640131905,36,1,17,1,7,0.9248,0.5111,0.4807,0.188,1.2403,-1
30000000.0,0.0,0.0,0.0,660.0,7.07554678230017,7,1,20,2,3,0.9248,0.5111,0.4807,0.188,1.2403,182
30000000.0,0.0,0.0,0.0,660.0,7.07554678230017,7,1,20,2,3,0.9248,0.5111,0.4807,0.188,1.2403,182
189000000.0,0.0,0.0,0.0,540.0,6.64522028833831,7,0,8,1,2,0.9248,0.5111,0.4807,0.188,1.2403,166
118920000.0,0.0,0.0,0.0,991.0,6.64522028833831,7,0,8,1,2,0.9248,0.5111,0.4807,0.188,1.2403,166
72000000.0,0.0,0.0,0.0,600.0,5.8785414560789,28,5,20,2,13,0.9248,0.5111,0.4807,0.188,1.2403,174
104000000.0,0.0,0.0,0.0,800.0,5.84239104111134,30,5,20,2,13,0.9248,0.5111,0.4807,0.188,1.2403,174
214000000.0,0.0,0.0,0.0,910.6,4.72859644494318,45,3,16,2,9,0.3825,0.001,0.0905,0.1966,1.1,191
214000000.0,0.0,0.0,0.0,910.0,4.72859644494318,45,3,16,2,9,0.3825,0.001,0.0905,0.1966,1.1,191
167999999.99999997,0.0,0.0,0.0,840.0,3.2392658836567,11,1,15,7,5,0.9248,0.5111,0.4807,0.188,1.2403,216
77330000.0,0.0,0.0,0.0,814.0,1.72686951265089,24,0,13,1,9,0.9248,0.5111,0.4807,0.188,1.2403,186
180000000.0,0.0,0.0,0.0,714.0,1.98580053813342,28,1,10,4,5,0.9248,0.5111,0.4807,0.188,1.2403,215
72000000.0,0.0,0.0,0.0,750.0,5.8785414560789,28,5,20,2,13,0.9248,0.5111,0.4807,0.188,1.2403,174
120750000.0,0.0,0.0,0.0,805.0,7.0745065472197,14,0,9,6,4,0.9248,0.5111,0.4807,0.188,1.2403,176
193900000.0,0.0,0.0,0.0,554.0,6.64522028833831,7,0,8,1,2,0.9248,0.5111,0.4807,0.188,1.2403,166
33000000.0,0.0,0.0,0.0,538.0,6.64522028833831,7,0,8,1,2,0.9248,0.5111,0.4807,0.188,1.2403,166
45600000.0,0.0,0.0,0.0,760.0,6.80644121666006,0,1,15,0,6,0.9248,0.5111,0.4807,0.188,1.2403,199
194600000.0,0.0,0.0,0.0,556.0,6.64522028833831,7,0,8,1,2,0.9248,0.5111,0.4807,0.188,1.2403,166
85000000.0,0.0,0.0,0.0,630.0,5.8785414560789,28,5,20,2,13,0.9248,0.5111,0.4807,0.188,1.2403,174
98400000.0,0.0,0.0,0.0,615.0,4.72859644494318,45,3,16,2,9,0.3825,0.001,0.0905,0.1966,1.1,191
75000000.0,0.0,0.0,0.0,625.0,2.54986964866086,2,0,10,1,6,0.9248,0.5111,0.4807,0.188,1.2403,166
91520000.0,0.0,0.0,0.0,582.0,2.54986964866086,2,0,10,1,6,0.9248,0.5111,0.4807,0.188,1.2403,166
98400000.0,0.0,0.0,0.0,615.0,4.72859644494318,45,3,16,2,9,0.3825,0.001,0.0905,0.1966,1.1,191
30000000.0,0.0,0.0,0.0,660.0,7.07554678230017,7,1,20,2,3,0.9248,0.5111,0.4807,0.188,1.2403,182
115000000.0,0.0,0.0,0.0,805.0,8.78014823658509,6,0,0,0,1,0.9248,0.5111,0.4807,0.188,1.2403,175
59220000.0,0.0,0.0,0.0,987.0,1.72686951265089,24,0,13,1,9,0.9248,0.5111,0.4807,0.188,1.2403,186
70740000.0,0.0,0.0,0.0,655.0,9.15820148451747,1,0,6,2,0,0.9248,0.5111,0.4807,0.188,1.2403,-1
120000000.0,0.0,0.0,0.0,790.0,6.64522028833831,7,0,8,1,2,0.9248,0.5111,0.4807,0.188,1.2403,166
100000000.0,0.0,0.0,0.0,855.0,8.78014823658509,6,0,0,0,1,0.9248,0.5111,0.4807,0.188,1.2403,175
185130000.0,0.0,0.0,0.0,561.0,6.64522028833831,7,0,8,1,2,0.9248,0.5111,0.4807,0.188,1.2403,166
73000000.0,0.0,0.0,0.0,560.0,0.25149080030171,50,1,22,14,4,0.9248,0.5111,0.4807,0.188,1.2403,201
100000000.0,0.0,0.0,0.0,573.0,7.42661736833815,11,1,5,4,5,0.9248,0.5111,0.4807,0.188,1.2403,172
27000000.000000004,0.0,0.0,0.0,600.0,7.80786558941098,3,0,8,1,0,0.9248,0.5111,0.4807,0.188,1.2403,166
218000000.0,0.0,0.0,0.0,875.0,8.60377104071145,7,0,0,6,1,0.9248,0.5111,0.4807,0.188,1.2403,206
54925000.0,0.0,0.0,0.0,845.0,2.54986964866086,2,0,10,1,6,0.9248,0.5111,0.4807,0.188,1.2403,166
72000000.0,0.0,0.0,0.0,900.0,8.19644063486182,0,0,2,0,1,0.9248,0.5111,0.4807,0.188,1.2403,175
250000000.0,0.0,0.0,0.0,999.0,5.8785414560789,28,5,20,2,13,0.9248,0.5111,0.4807,0.188,1.2403,174
214000000.0,0.0,0.0,0.0,910.0,2.54986964866086,2,0,10,1,6,0.9248,0.5111,0.4807,0.188,1.2403,166
195000000.0,0.0,0.0,0.0,650.0,2.88792906961565,20,1,8,3,5,0.9248,0.5111,0.4807,0.188,1.2403,177
54000000.00000001,0.0,0.0,0.0,540.0,6.64522028833831,7,0,8,1,2,0.9248,0.5111,0.4807,0.188,1.2403,166
38640000.00000001,0.0,0.0,0.0,644.0,6.80644121666006,0,1,15,0,6,0.9248,0.5111,0.4807,0.188,1.2403,199
22260000.0,0.0,0.0,0.0,636.0,2.54986964866086,2,0,10,1,6,0.9248,0.5111,0.4807,0.188,1.2403,166
87344000.0,0.0,0.0,0.0,612.0,6.25731194755292,11,1,22,0,5,0.9248,0.5111,0.4807,0.188,1.2403,171
90000000.0,0.0,0.0,0.0,553.0,6.64522028833831,7,0,8,1,2,0.9248,0.5111,0.4807,0.188,1.2403,166
193900000.0,0.0,0.0,0.0,554.0,6.64522028833831,7,0,8,1,2,0.9248,0.5111,0.4807,0.188,1.2403,166
82829999.99999999,0.0,0.0,0.0,502.0,5.8785414560789,28,5,20,2,13,0.9248,0.5111,0.4807,0.188,1.2403,174
191100000.0,0.0,0.0,0.0,629.0,8.73421801665623,8,3,6,0,2,0.9248,0.5111,0.4807,0.188,1.2403,168
145000000.0,0.0,0.0,0.0,843.0,5.8785414560789,28,5,20,2,13,0.9248,0.5111,0.4807,0.188,1.2403,174
200000000.0,0.0,0.0,0.0,722.0,5.8785414560789,28,5,20,2,13,0.9248,0.5111,0.4807,0.188,1.2403,174
120000000.0,0.0,0.0,0.0,805.0,7.0745065472197,14,0,9,6,4,0.9248,0.5111,0.4807,0.188,1.2403,176
110000000.0,0.0,0.0,0.0,812.0,5.84239104111134,30,5,20,2,13,0.9248,0.5111,0.4807,0.188,1.2403,174
102000000.0,0.0,0.0,0.0,805.0,7.0745065472197,14,0,9,6,4,0.9248,0.5111,0.4807,0.188,1.2403,176
155000000.0,0.0,0.0,0.0,799.0,2.88792906961565,20,1,8,3,5,0.9248,0.5111,0.4807,0.188,1.2403,177
117000000.0,0.0,0.0,0.0,585.0,1.95893669978476,24,1,14,3,3,0.9248,0.5111,0.4807,0.188,1.2403,190
60000000.0,0.0,0.0,0.0,540.0,3.32142102823986,38,0,12,6,6,0.9248,0.5111,0.4807,0.188,1.2403,-1
124380000.0,0.0,0.0,0.0,691.0,5.8785414560789,28,5,20,2,13,0.9248,0.5111,0.4807,0.188,1.2403,174
85000000.0,0.0,0.0,0.0,600.0,7.0745065472197,14,0,9,6,4,0.9248,0.5111,0.4807,0.188,1.2403,176
193900000.0,0.0,0.0,0.0,554.0,6.64522028833831,7,0,8,1,2,0.9248,0.5111,0.4807,0.188,1.2403,166
28000000.0,0.0,0.0,0.0,700.0,3.56934464205663,1,0,11,1,3,0.9248,0.5111,0.4807,0.188,1.2403,166
240000000.0,0.0,0.0,0.0,600.0,7.85333136183725,9,0,1,0,3,0.9248,0.5111,0.4807,0.188,1.2403,175
127800000.0,0.0,0.0,0.0,710.0,2.7369117038673,25,2,12,2,9,0.9248,0.5111,0.4807,0.188,1.2403,170
193800000.0,0.0,0.0,0.0,970.0,4.68081921879901,18,1,8,0,4,0.46,0.3905,0.3591,0.359,0.6528,185
285000000.0,0.0,0.0,0.0,805.0,8.60377104071145,7,0,0,6,1,0.9248,0.5111,0.4807,0.188,1.2403,206
306800000.0,0.0,0.0,0.0,767.0,8.60377104071145,7,0,0,6,1,0.9248,0.5111,0.4807,0.188,1.2403,206
61530000.0,0.0,0.0,0.0,586.0,1.695004190322,22,1,18,1,3,0.9248,0.5111,0.4807,0.188,1.2403,202
102000000.0,0.0,0.0,0.0,582.39,0.25149080030171,50,1,22,14,4,0.9248,0.5111,0.4807,0.188,1.2403,201
100000000.0,0.0,0.0,0.0,835.0,3.64076377074438,18,0,12,12,4,0.9248,0.5111,0.4807,0.188,1.2403,167
71280000.0,0.0,0.0,0.0,648.0,4.37501421425024,14,0,11,0,3,0.9248,0.5111,0.4807,0.188,1.2403,193
189000000.0,0.0,0.0,0.0,540.0,6.64522028833831,7,0,8,1,2,0.9248,0.5111,0.4807,0.188,1.2403,166
59000000.0,0.0,0.0,0.0,514.0,1.74104743107726,0,0,8,2,1,0.9248,0.5111,0.4807,0.188,1.2403,-1
71280000.0,0.0,0.0,0.0,648.0,4.46675937793218,10,0,14,0,2,0.9248,0.5111,0.4807,0.188,1.2403,180
716399999.9999999,0.0,0.0,0.0,597.0,6.30631612141713,10,3,12,2,11,0.9248,0.5111,0.4807,0.188,1.2403,197
130000000.0,0.0,0.0,0.0,812.0,5.8785414560789,28,5,20,2,13,0.9248,0.5111,0.4807,0.188,1.2403,174
56300000.0,0.0,0.0,0.0,563.0,4.57653220905789,26,0,20,1,4,0.9248,0.5111,0.4807,0.188,1.2403,194
120700000.0,0.0,0.0,0.0,710.0,2.7369117038673,25,2,12,2,9,0.9248,0.5111,0.4807,0.188,1.2403,170
110880000.0,0.0,0.0,0.0,924.0,6.25731194755292,11,1,22,0,5,0.9248,0.5111,0.4807,0.188,1.2403,171
34000000.0,0.0,0.0,0.0,523.0,8.55222698270135,4,0,5,1,1,0.9248,0.5111,0.4807,0.188,1.2403,166
26273000.0,0.0,0.0,0.0,559.0,7.07554678230017,7,1,20,2,3,0.9248,0.5111,0.4807,0.188,1.2403,182
35500000.0,0.0,0.0,0.0,644.0,6.80644121666006,0,1,15,0,6,0.9248,0.5111,0.4807,0.188,1.2403,199
89388000.0,0.0,0.0,0.0,688.0,4.57653220905789,26,0,20,1,4,0.9248,0.5111,0.4807,0.188,1.2403,194
65000000.0,0.0,0.0,0.0,520.0,2.53252048936927,22,0,14,6,8,0.9248,0.5111,0.4807,0.188,1.2403,188
71625000.0,0.0,0.0,0.0,955.0,7.87812974351034,9,0,15,0,1,0.9248,0.5111,0.4807,0.188,1.2403,180
170000000.0,0.0,0.0,0.0,700.0,4.72859644494318,45,3,16,2,9,0.3825,0.001,0.0905,0.1966,1.1,191
38000000.00000001,0.0,0.0,0.0,700.0,7.87812974351034,9,0,15,0,1,0.9248,0.5111,0.4807,0.188,1.2403,180
51680000.0,0.0,0.0,0.0,545.0,5.8785414560789,28,5,20,2,13,0.9248,0.5111,0.4807,0.188,1.2403,174
155800000.0,0.0,0.0,0.0,779.0,3.64076377074438,18,0,12,12,4,0.9248,0.5111,0.4807,0.188,1.2403,167
135000000.0,0.0,0.0,0.0,547.0,7.12599683234302,0,0,2,0,2,0.9248,0.5111,0.4807,0.188,1.2403,175
55000000.0,0.0,0.0,0.0,865.0,0.715818411487241,10,0,6,1,1,0.9248,0.5111,0.4807,0.188,1.2403,205
60000000.0,0.0,0.0,0.0,600.0,5.8785414560789,28,5,20,2,13,0.9248,0.5111,0.4807,0.188,1.2403,174
59000000.0,0.0,0.0,0.0,514.0,8.10370404549961,13,0,12,6,2,0.9248,0.5111,0.4807,0.188,1.2403,176
130342500.0,0.0,0.0,0.0,965.0,6.64522028833831,7,0,8,1,2,0.9248,0.5111,0.4807,0.188,1.2403,166
114000000.0,0.0,0.0,0.0,722.0,2.79734076225255,19,0,13,6,7,0.9248,0.5111,0.4807,0.188,1.2403,188
61600000.0,0.0,0.0,0.0,560.0,6.64522028833831,7,0,8,1,2,0.9248,0.5111,0.4807,0.188,1.2403,166
85000000.0,0.0,0.0,0.0,600.0,7.0745065472197,14,0,9,6,4,0.9248,0.5111,0.4807,0.188,1.2403,176
76080000.0,0.0,0.0,0.0,951.0,6.64522028833831,7,0,8,1,2,0.9248,0.5111,0.4807,0.188,1.2403,166
91200000.0,0.0,0.0,0.0,570.0,1.59951308145731,24,0,13,1,5,0.9248,0.5111,0.4807,0.188,1.2403,204
140000000.0,0.0,0.0,0.0,922.0,5.48235866926763,25,1,7,2,2,0.9248,0.5111,0.4807,0.188,1.2403,212
153000000.0,0.0,0.0,0.0,900.0,6.64522028833831,7,0,8,1,2,0.9248,0.5111,0.4807,0.188,1.2403,166
110880000.0,0.0,0.0,0.0,924.0,6.25731194755292,11,1,22,0,5,0.9248,0.5111,0.4807,0.188,1.2403,171
60000000.0,0.0,0.0,0.0,600.0,5.8785414560789,28,5,20,2,13,0.9248,0.5111,0.4807,0.188,1.2403,174
230000000.0,0.0,0.0,0.0,900.0,4.68081921879901,18,1,8,0,4,0.46,0.3905,0.3591,0.359,0.6528,185
200000000.0,0.0,0.0,0.0,709.0,1.95893669978476,24,1,14,3,3,0.9248,0.5111,0.4807,0.188,1.2403,190
45000000.0,0.0,0.0,0.0,750.0,1.37401459894944,4,0,11,2,0,0.9248,0.5111,0.4807,0.188,1.2403,179
128000000.0,0.0,0.0,0.0,690.0,3.34848873887278,45,1,16,3,8,0.9248,0.5111,0.4807,0.188,1.2403,195
109200000.0,0.0,0.0,0.0,910.0,2.88792906961565,20,1,8,3,5,0.9248,0.5111,0.4807,0.188,1.2403,177
109200000.0,0.0,0.0,0.0,910.0,2.88792906961565,20,1,8,3,5,0.9248,0.5111,0.4807,0.188,1.2403,177
14000000.0,0.0,0.0,0.0,686.0,3.49057038638512,7,1,11,6,3,0.9248,0.5111,0.4807,0.188,1.2403,-1
109200000.0,0.0,0.0,0.0,910.0,1.36993503405731,25,0,13,4,4,0.9248,0.5111,0.4807,0.188,1.2403,169
103000000.0,0.0,0.0,0.0,700.0,5.8785414560789,28,5,20,2,13,0.9248,0.5111,0.4807,0.188,1.2403,174
41535000.0,0.0,0.0,0.0,639.0,7.07554678230017,7,1,20,2,3,0.9248,0.5111,0.4807,0.188,1.2403,182
33000000.0,0.0,0.0,0.0,649.0,3.56934464205663,1,0,11,1,3,0.9248,0.5111,0.4807,0.188,1.2403,166
116340000.0,0.0,0.0,0.0,775.0,7.0745065472197,14,0,9,6,4,0.9248,0.5111,0.4807,0.188,1.2403,176
54925000.0,0.0,0.0,0.0,845.0,2.54986964866086,2,0,10,1,6,0.9248,0.5111,0.4807,0.188,1.2403,166
61199999.99999999,0.0,0.0,0.0,654.0,6.64522028833831,7,0,8,1,2,0.9248,0.5111,0.4807,0.188,1.2403,166
101902500.0,0.0,0.0,0.0,582.3,6.25731194755292,11,1,22,0,5,0.9248,0.5111,0.4807,0.188,1.2403,171
135000000.0,0.0,0.0,0.0,690.0,3.34848873887278,45,1,16,3,8,0.9248,0.5111,0.4807,0.188,1.2403,195
185000000.0,0.0,0.0,0.0,918.0,4.3853984264654,3,1,7,5,5,0.9248,0.5111,0.4807,0.188,1.2403,-1
83000000.0,0.0,0.0,0.0,693.0,2.54986964866086,2,0,10,1,6,0.9248,0.5111,0.4807,0.188,1.2403,166
92560000.0,0.0,0.0,0.0,712.0,2.54986964866086,2,0,10,1,6,0.9248,0.5111,0.4807,0.188,1.2403,166
125000000.0,0.0,0.0,0.0,805.0,7.28629026730469,14,1,10,6,4,0.9248,0.5111,0.4807,0.188,1.2403,-1
100000000.0,0.0,0.0,0.0,700.0,5.8785414560789,28,5,20,2,13,0.9248,0.5111,0.4807,0.188,1.2403,174
96450000.0,0.0,0.0,0.0,643.0,6.25731194755292,11,1,22,0,5,0.9248,0.5111,0.4807,0.188,1.2403,171
72000000.0,0.0,0.0,0.0,600.0,5.8785414560789,28,5,20,2,13,0.9248,0.5111,0.4807,0.188,1.2403,174
107250000.0,0.0,0.0,0.0,975.0,5.8785414560789,28,5,20,2,13,0.9248,0.5111,0.4807,0.188,1.2403,174
120000000.0,0.0,0.0,0.0,600.0,5.41543702479793,19,2,11,0,5,0.9248,0.5111,0.4807,0.188,1.2403,211
175000000.0,0.0,0.0,0.0,749.0,8.37145372324007,9,2,3,6,12,0.9248,0.5111,0.4807,0.188,1.2403,203
95990000.0,0.0,0.0,0.0,600.0,3.32142102823986,38,0,12,6,6,0.9248,0.5111,0.4807,0.188,1.2403,-1
64155000.0,0.0,0.0,0.0,987.0,2.6021684232432,18,1,12,2,6,0.9248,0.5111,0.4807,0.188,1.2403,196
72000000.0,0.0,0.0,0.0,600.0,3.64076377074438,18,0,12,12,4,0.9248,0.5111,0.4807,0.188,1.2403,167
72000000.0,0.0,0.0,0.0,600.0,4.61678986532562,42,1,22,2,5,0.9248,0.5111,0.4807,0.188,1.2403,173
54925000.0,0.0,0.0,0.0,845.0,7.80786558941098,3,0,8,1,0,0.9248,0.5111,0.4807,0.188,1.2403,166
107250000.0,0.0,0.0,0.0,975.0,5.8785414560789,28,5,20,2,13,0.9248,0.5111,0.4807,0.188,1.2403,174
216990000.0,0.0,0.0,0.0,910.0,4.71590507124514,37,3,16,1,6,0.9248,0.5111,0.4807,0.188,1.2403,181
49999999.99999999,0.0,0.0,0.0,578.0,3.56934464205663,1,0,11,1,3,0.9248,0.5111,0.4807,0.188,1.2403,166
184800000.0,0.0,0.0,0.0,840.0,3.2392658836567,11,1,15,7,5,0.9248,0.5111,0.4807,0.188,1.2403,216
322144000.0,0.0,0.0,0.0,767.0,8.60377104071145,7,0,0,6,1,0.9248,0.5111,0.4807,0.188,1.2403,206
30000000.0,0.0,0.0,0.0,660.0,7.07554678230017,7,1,20,2,3,0.9248,0.5111,0.4807,0.188,1.2403,182
110880000.0,0.0,0.0,0.0,924.0,6.25731194755292,11,1,22,0,5,0.9248,0.5111,0.4807,0.188,1.2403,171
209900000.0,0.0,0.0,0.0,939.0,8.78014823658509,6,0,0,0,1,0.9248,0.5111,0.4807,0.188,1.2403,175
23800000.000000004,0.0,0.0,0.0,501.0,1.37401459894944,4,0,11,2,0,0.9248,0.5111,0.4807,0.188,1.2403,179
166500000.00000003,0.0,0.0,0.0,900.0,2.49219091321627,20,1,11,2,5,0.9248,0.5111,0.4807,0.188,1.2403,196
65000000.0,0.0,0.0,0.0,708.0,2.54986964866086,2,0,10,1,6,0.9248,0.5111,0.4807,0.188,1.2403,166
62159999.99999999,0.0,0.0,0.0,777.0,6.64522028833831,7,0,8,1,2,0.9248,0.5111,0.4807,0.188,1.2403,166
4900000.0,0.0,0.0,0.0,513.0,6.86611328636998,5,0,7,0,1,0.9248,0.5111,0.4807,0.188,1.2403,198
72000000.0,0.0,0.0,0.0,600.0,4.61678986532562,42,1,22,2,5,0.9248,0.5111,0.4807,0.188,1.2403,173
64030000.0,0.0,0.0,0.0,674.0,6.54373189264494,17,2,21,2,10,0.9248,0.5111,0.4807,0.188,1.2403,-1
265650000.0,0.0,0.0,0.0,805.0,8.60377104071145,7,0,0,6,1,0.9248,0.5111,0.4807,0.188,1.2403,206
200000000.0,0.0,0.0,0.0,798.0,8.37145372324007,9,2,3,6,12,0.9248,0.5111,0.4807,0.188,1.2403,203
184800000.0,0.0,0.0,0.0,840.0,3.2392658836567,11,1,15,7,5,0.9248,0.5111,0.4807,0.188,1.2403,216
110000000.0,0.0,0.0,0.0,520.0,7.85333136183725,9,0,1,0,3,0.9248,0.5111,0.4807,0.188,1.2403,175
68512500.0,0.0,0.0,0.0,761.25,5.58195900534389,20,2,19,0,5,0.9248,0.5111,0.4807,0.188,1.2403,-1
72000000.0,0.0,0.0,0.0,600.0,4.61678986532562,42,1,22,2,5,0.9248,0.5111,0.4807,0.188,1.2403,173
82000000.0,0.0,0.0,0.0,599.8,3.44416892571958,7,1,14,8,5,0.9248,0.5111,0.4807,0.188,1.2403,207
72000000.0,0.0,0.0,0.0,750.0,3.64076377074438,18,0,12,12,4,0.9248,0.5111,0.4807,0.188,1.2403,167
250000000.0,0.0,0.0,0.0,999.0,5.8785414560789,28,5,20,2,13,0.9248,0.5111,0.4807,0.188,1.2403,174
250000000.0,0.0,0.0,0.0,999.0,5.8785414560789,28,5,20,2,13,0.9248,0.5111,0.4807,0.188,1.2403,174
250000000.0,0.0,0.0,0.0,999.0,5.8785414560789,28,5,20,2,13,0.9248,0.5111,0.4807,0.188,1.2403,174
60000000.0,0.0,0.0,0.0,600.0,6.80644121666006,0,1,15,0,6,0.9248,0.5111,0.4807,0.188,1.2403,199
243576000.0,0.0,0.0,0.0,612.0,6.64522028833831,7,0,8,1,2,0.9248,0.5111,0.4807,0.188,1.2403,166
185130000.0,0.0,0.0,0.0,561.0,6.14896305821809,20,1,7,3,12,0.9248,0.5111,0.4807,0.188,1.2403,-1
67000000.0,0.0,0.0,0.0,777.0,6.64522028833831,7,0,8,1,2,0.9248,0.5111,0.4807,0.188,1.2403,166
67000000.0,0.0,0.0,0.0,777.0,6.64522028833831,7,0,8,1,2,0.9248,0.5111,0.4807,0.188,1.2403,166
77050000.0,0.0,0.0,0.0,670.0,6.64522028833831,7,0,8,1,2,0.9248,0.5111,0.4807,0.188,1.2403,166
75500000.0,0.0,0.0,0.0,687.0,2.54986964866086,2,0,10,1,6,0.9248,0.5111,0.4807,0.188,1.2403,166
36000000.0,0.0,0.0,0.0,990.0,0.715818411487241,10,0,6,1,1,0.9248,0.5111,0.4807,0.188,1.2403,205
12615000.0,0.0,0.0,0.0,841.02,1.59951308145731,24,0,13,1,5,0.9248,0.5111,0.4807,0.188,1.2403,204
45000000.0,0.0,0.0,0.0,510.0,2.54986964866086,2,0,10,1,6,0.9248,0.5111,0.4807,0.188,1.2403,166
131900000.0,0.0,0.0,0.0,658.0,7.85333136183725,9,0,1,0,3,0.9248,0.5111,0.4807,0.188,1.2403,175
145540000.0,0.0,0.0,0.0,760.0,3.96482392900397,28,0,9,1,8,0.9248,0.5111,0.4807,0.188,1.2403,-1
73800000.0,0.0,0.0,0.0,820.0,4.71590507124514,37,3,16,1,6,0.9248,0.5111,0.4807,0.188,1.2403,181
101918250.0,0.0,0.0,0.0,582.39,0.25149080030171,50,1,22,14,4,0.9248,0.5111,0.4807,0.188,1.2403,201
65400000.0,0.0,0.0,0.0,654.0,6.64522028833831,7,0,8,1,2,0.9248,0.5111,0.4807,0.188,1.2403,166
130312000.0,0.0,0.0,0.0,716.0,2.55880525226944,2,0,10,1,8,0.9248,0.5111,0.4807,0.188,1.2403,166
108306000.0,0.0,0.0,0.0,601.0,3.59824525423933,46,0,19,3,6,0.9248,0.5111,0.4807,0.188,1.2403,-1
33500000.0,0.0,0.0,0.0,593.0,6.80644121666006,0,1,15,0,6,0.9248,0.5111,0.4807,0.188,1.2403,199
245000000.0,0.0,0.0,0.0,875.0,8.34272660461922,4,0,0,0,1,0.9248,0.5111,0.4807,0.188,1.2403,175
72000000.0,0.0,0.0,0.0,750.0,3.64076377074438,18,0,12,12,4,0.9248,0.5111,0.4807,0.188,1.2403,167
78750000.0,0.0,0.0,0.0,553.0,6.64522028833831,7,0,8,1,2,0.9248,0.5111,0.4807,0.188,1.2403,166
84900000.0,0.0,0.0,0.0,812.0,7.03901785550465,14,0,10,6,4,0.9248,0.5111,0.4807,0.188,1.2403,176
36087000.0,0.0,0.0,0.0,523.0,8.88960770693757,1,0,5,1,0,0.9248,0.5111,0.4807,0.188,1.2403,166
105000000.0,0.0,0.0,0.0,899.0,8.78014823658509,6,0,0,0,1,0.9248,0.5111,0.4807,0.188,1.2403,175
38400000.0,0.0,0.0,0.0,603.0,6.80644121666006,0,1,15,0,6,0.9248,0.5111,0.4807,0.188,1.2403,199
8158000.000000002,0.0,0.0,0.0,509.0,7.58095523549122,9,0,17,7,1,0.9248,0.5111,0.4807,0.188,1.2403,-1
31380000.0,0.0,0.0,0.0,523.0,2.54986964866086,2,0,10,1,6,0.9248,0.5111,0.4807,0.188,1.2403,166
107250000.0,0.0,0.0,0.0,975.0,5.8785414560789,28,5,20,2,13,0.9248,0.5111,0.4807,0.188,1.2403,174
90720000.0,0.0,0.0,0.0,672.0,5.41543702479793,19,2,11,0,5,0.9248,0.5111,0.4807,0.188,1.2403,211
67000000.0,0.0,0.0,0.0,777.0,6.64522028833831,7,0,8,1,2,0.9248,0.5111,0.4807,0.188,1.2403,166
136000000.0,0.0,0.0,0.0,601.0,4.68081921879901,18,1,8,0,4,0.46,0.3905,0.3591,0.359,0.6528,185
201150000.0,0.0,0.0,0.0,805.0,8.60377104071145,7,0,0,6,1,0.9248,0.5111,0.4807,0.188,1.2403,206
184800000.0,0.0,0.0,0.0,840.0,3.2392658836567,11,1,15,7,5,0.9248,0.5111,0.4807,0.188,1.2403,216
129600000.0,0.0,0.0,0.0,960.0,4.3853984264654,3,1,7,5,5,0.9248,0.5111,0.4807,0.188,1.2403,-1
115200000.0,0.0,0.0,0.0,960.0,4.68081921879901,18,1,8,0,4,0.46,0.3905,0.3591,0.359,0.6528,185
132600000.0,0.0,0.0,0.0,680.0,6.64522028833831,7,0,8,1,2,0.9248,0.5111,0.4807,0.188,1.2403,166
144980000.0,0.0,0.0,0.0,849.0,8.60377104071145,7,0,0,6,1,0.9248,0.5111,0.4807,0.188,1.2403,206
90000000.0,0.0,0.0,0.0,553.0,2.54986964866086,2,0,10,1,6,0.9248,0.5111,0.4807,0.188,1.2403,166
36000000.0,0.0,0.0,0.0,990.0,0.715818411487241,10,0,6,1,1,0.9248,0.5111,0.4807,0.188,1.2403,205
80000000.0,0.0,0.0,0.0,958.0,3.75230575877454,2,0,11,1,4,0.9248,0.5111,0.4807,0.188,1.2403,166
15000000.0,0.0,0.0,0.0,540.0,7.87812974351034,9,0,15,0,1,0.9248,0.5111,0.4807,0.188,1.2403,180
90000000.0,0.0,0.0,0.0,600.0,6.25731194755292,11,1,22,0,5,0.9248,0.5111,0.4807,0.188,1.2403,171
95000000.0,0.0,0.0,0.0,550.0,6.64522028833831,7,0,8,1,2,0.9248,0.5111,0.4807,0.188,1.2403,166
250000000.0,0.0,0.0,0.0,874.0,8.60377104071145,7,0,0,6,1,0.9248,0.5111,0.4807,0.188,1.2403,206
148800000.0,0.0,0.0,0.0,992.0,4.68081921879901,18,1,8,0,4,0.46,0.3905,0.3591,0.359,0.6528,185
60000000.0,0.0,0.0,0.0,600.0,4.57653220905789,26,0,20,1,4,0.9248,0.5111,0.4807,0.188,1.2403,194
40352000.0,0.0,0.0,0.0,504.4,2.54986964866086,2,0,10,1,6,0.9248,0.5111,0.4807,0.188,1.2403,166
145575000.0,0.0,0.0,0.0,647.0,7.12599683234302,0,0,2,0,2,0.9248,0.5111,0.4807,0.188,1.2403,175
355740000.0,0.0,0.0,0.0,847.0,8.60377104071145,7,0,0,6,1,0.9248,0.5111,0.4807,0.188,1.2403,206
86850000.0,0.0,0.0,0.0,965.0,6.25731194755292,11,1,22,0,5,0.9248,0.5111,0.4807,0.188,1.2403,171
44800000.0,0.0,0.0,0.0,560.0,6.64522028833831,7,0,8,1,2,0.9248,0.5111,0.4807,0.188,1.2403,166
46240000.0,0.0,0.0,0.0,544.0,2.54986964866086,2,0,10,1,6,0.9248,0.5111,0.4807,0.188,1.2403,166
100800000.0,0.0,0.0,0.0,840.0,3.50583745435805,8,1,13,8,5,0.9248,0.5111,0.4807,0.188,1.2403,207
240000000.0,0.0,0.0,0.0,600.0,7.85333136183725,9,0,1,0,3,0.9248,0.5111,0.4807,0.188,1.2403,175
97200000.0,0.0,0.0,0.0,540.0,3.34848873887278,45,1,16,3,8,0.9248,0.5111,0.4807,0.188,1.2403,195
129280000.0,0.0,0.0,0.0,808.0,7.0745065472197,14,0,9,6,4,0.9248,0.5111,0.4807,0.188,1.2403,176
80100000.0,0.0,0.0,0.0,890.0,6.25731194755292,11,1,22,0,5,0.9248,0.5111,0.4807,0.188,1.2403,171
117000000.0,0.0,0.0,0.0,900.0,6.25731194755292,11,1,22,0,5,0.9248,0.5111,0.4807,0.188,1.2403,171
185130000.0,0.0,0.0,0.0,561.0,6.64522028833831,7,0,8,1,2,0.9248,0.5111,0.4807,0.188,1.2403,166
338800000.0,0.0,0.0,0.0,847.0,8.60377104071145,7,0,0,6,1,0.9248,0.5111,0.4807,0.188,1.2403,206
53000000.0,0.0,0.0,0.0,510.0,3.64076377074438,18,0,12,12,4,0.9248,0.5111,0.4807,0.188,1.2403,167
91000000.0,0.0,0.0,0.0,747.0,6.32691711432616,7,0,11,2,5,0.9248,0.5111,0.4807,0.188,1.2403,189
98600000.0,0.0,0.0,0.0,788.7999999999998,5.8785414560789,28,5,20,2,13,0.9248,0.5111,0.4807,0.188,1.2403,174
72800000.0,0.0,0.0,0.0,560.0,0.25149080030171,50,1,22,14,4,0.9248,0.5111,0.4807,0.188,1.2403,201
105000000.0,0.0,0.0,0.0,805.0,7.0745065472197,14,0,9,6,4,0.9248,0.5111,0.4807,0.188,1.2403,176
250000000.0,0.0,0.0,0.0,874.0,8.60377104071145,7,0,0,6,1,0.9248,0.5111,0.4807,0.188,1.2403,206
155800000.0,0.0,0.0,0.0,779.0,2.88792906961565,20,1,8,3,5,0.9248,0.5111,0.4807,0.188,1.2403,177
38400000.0,0.0,0.0,0.0,603.0,6.36796159340164,7,2,19,0,6,0.9248,0.5111,0.4807,0.188,1.2403,-1
40950000.0,0.0,0.0,0.0,630.0,10.8111931080421,0,0,5,0,0,0.5438,0.0007,0.3241,0.0006,0.6486,192
72220000.0,0.0,0.0,0.0,564.0,1.21406477549314,24,0,12,0,1,0.9248,0.5111,0.4807,0.188,1.2403,-1
82845000.0,0.0,0.0,0.0,789.0,8.84485907940786,10,1,15,1,6,0.9248,0.5111,0.4807,0.188,1.2403,-1
42450000.0,0.0,0.0,0.0,566.0,3.75230575877454,2,0,11,1,4,0.9248,0.5111,0.4807,0.188,1.2403,166
185640000.0,0.0,0.0,0.0,714.0,1.95893669978476,24,1,14,3,3,0.9248,0.5111,0.4807,0.188,1.2403,190
194600000.0,0.0,0.0,0.0,554.0,6.64522028833831,7,0,8,1,2,0.9248,0.5111,0.4807,0.188,1.2403,166
115000000.0,0.0,0.0,0.0,783.0,2.54986964866086,2,0,10,1,6,0.9248,0.5111,0.4807,0.188,1.2403,166
49999999.99999999,0.0,0.0,0.0,792.0,2.54986964866086,2,0,10,1,6,0.9248,0.5111,0.4807,0.188,1.2403,166
114000000.0,0.0,0.0,0.0,600.0,5.8785414560789,28,5,20,2,13,0.9248,0.5111,0.4807,0.188,1.2403,174
185130000.0,0.0,0.0,0.0,561.0,6.64522028833831,7,0,8,1,2,0.9248,0.5111,0.4807,0.188,1.2403,166
342800000.0,0.0,0.0,0.0,857.0,8.60377104071145,7,0,0,6,1,0.9248,0.5111,0.4807,0.188,1.2403,206
51030000.0,0.0,0.0,0.0,567.0,5.8785414560789,28,5,20,2,13,0.9248,0.5111,0.4807,0.188,1.2403,174
86850000.0,0.0,0.0,0.0,965.0,6.25731194755292,11,1,22,0,5,0.9248,0.5111,0.4807,0.188,1.2403,171
185130000.0,0.0,0.0,0.0,561.0,6.64522028833831,7,0,8,1,2,0.9248,0.5111,0.4807,0.188,1.2403,166
300000000.0,0.0,0.0,0.0,600.0,8.60377104071145,7,0,0,6,1,0.9248,0.5111,0.4807,0.188,1.2403,206
196350000.0,0.0,0.0,0.0,714.0,1.95893669978476,24,1,14,3,3,0.9248,0.5111,0.4807,0.188,1.2403,190
96500000.0,0.0,0.0,0.0,665.0,1.95893669978476,24,1,14,3,3,0.9248,0.5111,0.4807,0.188,1.2403,190
45000000.0,0.0,0.0,0.0,510.0,2.54986964866086,2,0,10,1,6,0.9248,0.5111,0.4807,0.188,1.2403,166
200000000.0,0.0,0.0,0.0,800.0,1.95893669978476,24,1,14,3,3,0.9248,0.5111,0.4807,0.188,1.2403,190
228480000.0,0.0,0.0,0.0,714.0,2.54986964866086,2,0,10,1,6,0.9248,0.5111,0.4807,0.188,1.2403,166
211050000.0,0.0,0.0,0.0,603.0,2.54986964866086,2,0,10,1,6,0.9248,0.5111,0.4807,0.188,1.2403,166
147472000.0,0.0,0.0,0.0,709.0,5.8785414560789,28,5,20,2,13,0.9248,0.5111,0.4807,0.188,1.2403,174
110880000.0,0.0,0.0,0.0,924.0,6.25731194755292,11,1,22,0,5,0.9248,0.5111,0.4807,0.188,1.2403,171
200000000.0,0.0,0.0,0.0,650.0,8.60377104071145,7,0,0,6,1,0.9248,0.5111,0.4807,0.188,1.2403,206
125000000.0,0.0,0.0,0.0,974.0,6.54373189264494,17,2,21,2,10,0.9248,0.5111,0.4807,0.188,1.2403,-1
90000000.0,0.0,0.0,0.0,553.0,6.25731194755292,11,1,22,0,5,0.9248,0.5111,0.4807,0.188,1.2403,171
190400000.0,0.0,0.0,0.0,605.0,8.60377104071145,7,0,0,6,1,0.9248,0.5111,0.4807,0.188,1.2403,206
360000000.0,0.0,0.0,0.0,600.0,8.28964297071011,9,2,3,6,12,0.9248,0.5111,0.4807,0.188,1.2403,203
93000000.0,0.0,0.0,0.0,600.0,4.68081921879901,18,1,8,0,4,0.46,0.3905,0.3591,0.359,0.6528,185
160000000.0,0.0,0.0,0.0,700.0,7.85333136183725,9,0,1,0,3,0.9248,0.5111,0.4807,0.188,1.2403,175
155000000.0,0.0,0.0,0.0,706.0,1.98580053813342,28,1,10,4,5,0.9248,0.5111,0.4807,0.188,1.2403,215
93000000.0,0.0,0.0,0.0,600.0,3.64076377074438,18,0,12,12,4,0.9248,0.5111,0.4807,0.188,1.2403,167
120000000.0,0.0,0.0,0.0,600.0,4.68081921879901,18,1,8,0,4,0.46,0.3905,0.3591,0.359,0.6528,185
104940000.0,0.0,0.0,0.0,583.0,6.64522028833831,7,0,8,1,2,0.9248,0.5111,0.4807,0.188,1.2403,166
80000000.0,0.0,0.0,0.0,640.0,6.64522028833831,7,0,8,1,2,0.9248,0.5111,0.4807,0.188,1.2403,166
164600000.0,0.0,0.0,0.0,823.0,8.78014823658509,6,0,0,0,1,0.9248,0.5111,0.4807,0.188,1.2403,175
120000000.0,0.0,0.0,0.0,600.0,2.54986964866086,2,0,10,1,6,0.9248,0.5111,0.4807,0.188,1.2403,166
185640000.0,0.0,0.0,0.0,714.0,1.95893669978476,24,1,14,3,3,0.9248,0.5111,0.4807,0.188,1.2403,190
120000000.0,0.0,0.0,0.0,600.0,2.54986964866086,2,0,10,1,6,0.9248,0.5111,0.4807,0.188,1.2403,166
218000000.0,0.0,0.0,0.0,875.0,8.30757435425557,8,2,7,0,3,0.9248,0.5111,0.4807,0.188,1.2403,-1
167999999.99999997,0.0,0.0,0.0,840.0,1.89212007231863,25,0,12,1,5,0.9248,0.5111,0.4807,0.188,1.2403,204
56000000.0,0.0,0.0,0.0,800.0,7.07554678230017,7,1,20,2,3,0.9248,0.5111,0.4807,0.188,1.2403,182
48600000.0,0.0,0.0,0.0,540.0,6.64522028833831,7,0,8,1,2,0.9248,0.5111,0.4807,0.188,1.2403,166
174960000.0,0.0,0.0,0.0,874.7999999999998,8.60377104071145,7,0,0,6,1,0.9248,0.5111,0.4807,0.188,1.2403,206
306800000.0,0.0,0.0,0.0,767.0,8.60377104071145,7,0,0,6,1,0.9248,0.5111,0.4807,0.188,1.2403,206
38000008.0,0.0,0.0,0.0,700.0,6.64522028833831,7,0,8,1,2,0.9248,0.5111,0.4807,0.188,1.2403,166
193900000.0,0.0,0.0,0.0,554.0,6.64522028833831,7,0,8,1,2,0.9248,0.5111,0.4807,0.188,1.2403,166
80000000.0,0.0,0.0,0.0,635.0,7.87812974351034,9,0,15,0,1,0.9248,0.5111,0.4807,0.188,1.2403,180
64836000.0,0.0,0.0,0.0,648.36,4.46675937793218,10,0,14,0,2,0.9248,0.5111,0.4807,0.188,1.2403,180
227200000.0,0.0,0.0,0.0,710.0,2.54986964866086,2,0,10,1,6,0.9248,0.5111,0.4807,0.188,1.2403,166
191450000.0,0.0,0.0,0.0,547.0,2.54986964866086,2,0,10,1,6,0.9248,0.5111,0.4807,0.188,1.2403,166
5000000.0,0.0,0.0,0.0,513.0,2.54986964866086,2,0,10,1,6,0.9248,0.5111,0.4807,0.188,1.2403,166
148995000.0,0.0,0.0,0.0,903.0,3.64076377074438,18,0,12,12,4,0.9248,0.5111,0.4807,0.188,1.2403,167
120000000.0,0.0,0.0,0.0,907.0,2.54986964866086,2,0,10,1,6,0.9248,0.5111,0.4807,0.188,1.2403,166
100400000.0,0.0,0.0,0.0,502.0,5.8785414560789,28,5,20,2,13,0.9248,0.5111,0.4807,0.188,1.2403,174
91200000.0,0.0,0.0,0.0,570.0,2.21512325315315,23,0,17,3,6,0.9248,0.5111,0.4807,0.188,1.2403,-1
16499999.999999998,0.0,0.0,0.0,676.0,5.26968245317765,12,0,10,2,6,0.9248,0.5111,0.4807,0.188,1.2403,189
127650000.0,0.0,0.0,0.0,690.0,2.43319623105238,20,1,8,4,7,0.9248,0.5111,0.4807,0.188,1.2403,217
86000000.0,0.0,0.0,0.0,528.0,1.16115878790176,14,0,8,0,0,0.9248,0.5111,0.4807,0.188,1.2403,-1
86000000.0,0.0,0.0,0.0,528.0,1.16115878790176,14,0,8,0,0,0.9248,0.5111,0.4807,0.188,1.2403,-1
107250000.0,0.0,0.0,0.0,975.0,5.8785414560789,28,5,20,2,13,0.9248,0.5111,0.4807,0.188,1.2403,174
272100000.0,0.0,0.0,0.0,907.0,8.60377104071145,7,0,0,6,1,0.9248,0.5111,0.4807,0.188,1.2403,206
107250000.0,0.0,0.0,0.0,975.0,5.8785414560789,28,5,20,2,13,0.9248,0.5111,0.4807,0.188,1.2403,174
200000000.0,0.0,0.0,0.0,650.0,8.73421801665623,8,3,6,0,2,0.9248,0.5111,0.4807,0.188,1.2403,168
96000000.0,0.0,0.0,0.0,531.0,4.68081921879901,18,1,8,0,4,0.46,0.3905,0.3591,0.359,0.6528,185
105000000.0,0.0,0.0,0.0,617.0,7.42661736833815,11,1,5,4,5,0.9248,0.5111,0.4807,0.188,1.2403,172
100800000.0,0.0,0.0,0.0,840.0,3.50583745435805,8,1,13,8,5,0.9248,0.5111,0.4807,0.188,1.2403,207
124740000.0,0.0,0.0,0.0,630.0,4.68081921879901,18,1,8,0,4,0.46,0.3905,0.3591,0.359,0.6528,185
111860000.0,0.0,0.0,0.0,658.0,7.85333136183725,9,0,1,0,3,0.9248,0.5111,0.4807,0.188,1.2403,175
48600000.0,0.0,0.0,0.0,540.0,7.75843394908395,1,1,3,0,0,0.9248,0.5111,0.4807,0.188,1.2403,-1
70000000.0,0.0,0.0,0.0,600.0,8.4383361929706,4,1,10,1,0,0.9248,0.5111,0.4807,0.188,1.2403,-1
120000000.0,0.0,0.0,0.0,960.0,4.68081921879901,18,1,8,0,4,0.46,0.3905,0.3591,0.359,0.6528,185
185640000.0,0.0,0.0,0.0,751.0,1.44380328611826,35,1,19,2,1,0.9248,0.5111,0.4807,0.188,1.2403,178
208120000.0,0.0,0.0,0.0,946.0,8.60377104071145,7,0,0,6,1,0.9248,0.5111,0.4807,0.188,1.2403,206
40110000.0,0.0,0.0,0.0,573.0,4.9142871455795,0,0,2,0,0,0.9248,0.5111,0.4807,0.188,1.2403,175
96450000.0,0.0,0.0,0.0,643.0,6.25731194755292,11,1,22,0,5,0.9248,0.5111,0.4807,0.188,1.2403,171
41999999.99999999,0.0,0.0,0.0,600.0,7.80786558941098,3,0,8,1,0,0.9248,0.5111,0.4807,0.188,1.2403,166
53000000.0,0.0,0.0,0.0,960.0,10.8111931080421,0,0,5,0,0,0.5438,0.0007,0.3241,0.0006,0.6486,192
185130000.0,0.0,0.0,0.0,561.0,6.64522028833831,7,0,8,1,2,0.9248,0.5111,0.4807,0.188,1.2403,166
117000000.0,0.0,0.0,0.0,585.0,1.98580053813342,28,1,10,4,5,0.9248,0.5111,0.4807,0.188,1.2403,215
33000000.0,0.0,0.0,0.0,600.0,7.80786558941098,3,0,8,1,0,0.9248,0.5111,0.4807,0.188,1.2403,166
97760000.0,0.0,0.0,0.0,520.0,4.68081921879901,18,1,8,0,4,0.46,0.3905,0.3591,0.359,0.6528,185
97760000.0,0.0,0.0,0.0,520.0,7.80786558941098,3,0,8,1,0,0.9248,0.5111,0.4807,0.188,1.2403,166
194600000.0,0.0,0.0,0.0,556.0,6.64522028833831,7,0,8,1,2,0.9248,0.5111,0.4807,0.188,1.2403,166
85000000.0,0.0,0.0,0.0,956.0,6.64522028833831,7,0,8,1,2,0.9248,0.5111,0.4807,0.188,1.2403,166
17540000.0,0.0,0.0,0.0,877.0,7.80786558941098,3,0,8,1,0,0.9248,0.5111,0.4807,0.188,1.2403,166
196350000.0,0.0,0.0,0.0,714.0,1.44380328611826,35,1,19,2,1,0.9248,0.5111,0.4807,0.188,1.2403,178
11088000.0,0.0,0.0,0.0,924.0,6.25731194755292,11,1,22,0,5,0.9248,0.5111,0.4807,0.188,1.2403,171
15120000.0,0.0,0.0,0.0,540.0,7.07554678230017,7,1,20,2,3,0.9248,0.5111,0.4807,0.188,1.2403,182
204050000.0,0.0,0.0,0.0,583.0,2.54986964866086,2,0,10,1,6,0.9248,0.5111,0.4807,0.188,1.2403,166
54000000.00000001,0.0,0.0,0.0,600.0,6.25731194755292,11,1,22,0,5,0.9248,0.5111,0.4807,0.188,1.2403,171
165000000.0,0.0,0.0,0.0,784.0,4.68081921879901,18,1,8,0,4,0.46,0.3905,0.3591,0.359,0.6528,185
220000000.0,0.0,0.0,0.0,800.0,1.59951308145731,24,0,13,1,5,0.9248,0.5111,0.4807,0.188,1.2403,204
508800000.00000006,0.0,0.0,0.0,848.0,8.60377104071145,7,0,0,6,1,0.9248,0.5111,0.4807,0.188,1.2403,206
7000000.0,0.0,0.0,0.0,503.0,6.98383650023576,3,0,12,1,0,0.9248,0.5111,0.4807,0.188,1.2403,166
337500000.0,0.0,0.0,0.0,750.0,2.7369117038673,25,2,12,2,9,0.9248,0.5111,0.4807,0.188,1.2403,170
37716000.0,0.0,0.0,0.0,898.0,7.07554678230017,7,1,20,2,3,0.9248,0.5111,0.4807,0.188,1.2403,182
111074000.0,0.0,0.0,0.0,703.0,1.95893669978476,24,1,14,3,3,0.9248,0.5111,0.4807,0.188,1.2403,190
47000000.0,0.0,0.0,0.0,525.0,4.57653220905789,26,0,20,1,4,0.9248,0.5111,0.4807,0.188,1.2403,194
55080000.0,0.0,0.0,0.0,612.0,6.64522028833831,7,0,8,1,2,0.9248,0.5111,0.4807,0.188,1.2403,166
45000000.0,0.0,0.0,0.0,549.0,7.07554678230017,7,1,20,2,3,0.9248,0.5111,0.4807,0.188,1.2403,182
65000000.0,0.0,0.0,0.0,535.1,3.49057038638512,7,1,11,6,3,0.9248,0.5111,0.4807,0.188,1.2403,-1
29000000.0,0.0,0.0,0.0,631.0,6.80644121666006,0,1,15,0,6,0.9248,0.5111,0.4807,0.188,1.2403,199
18000000.0,0.0,0.0,0.0,600.0,6.95134214201639,4,0,11,0,0,0.9248,0.5111,0.4807,0.188,1.2403,198
65000000.0,0.0,0.0,0.0,594.0,4.68081921879901,18,1,8,0,4,0.46,0.3905,0.3591,0.359,0.6528,185
99000000.0,0.0,0.0,0.0,550.0,6.64522028833831,7,0,8,1,2,0.9248,0.5111,0.4807,0.188,1.2403,166
196350000.0,0.0,0.0,0.0,714.0,1.14810733707467,33,1,20,0,1,0.9248,0.5111,0.4807,0.188,1.2403,-1
243576000.0,0.0,0.0,0.0,612.0,2.54986964866086,2,0,10,1,6,0.9248,0.5111,0.4807,0.188,1.2403,166
235000000.0,0.0,0.0,0.0,650.0,8.73421801665623,8,3,6,0,2,0.9248,0.5111,0.4807,0.188,1.2403,168
189000000.0,0.0,0.0,0.0,756.0,6.64522028833831,7,0,8,1,2,0.9248,0.5111,0.4807,0.188,1.2403,166
54925000.0,0.0,0.0,0.0,845.0,6.86611328636998,5,0,7,0,1,0.9248,0.5111,0.4807,0.188,1.2403,198
90000000.0,0.0,0.0,0.0,553.0,6.25731194755292,11,1,22,0,5,0.9248,0.5111,0.4807,0.188,1.2403,171
87300000.0,0.0,0.0,0.0,873.0,5.95813901296613,16,1,19,0,7,0.9248,0.5111,0.4807,0.188,1.2403,-1
108000000.0,0.0,0.0,0.0,746.0,7.87812974351034,9,0,15,0,1,0.9248,0.5111,0.4807,0.188,1.2403,180
289920000.0,0.0,0.0,0.0,906.0,8.60377104071145,7,0,0,6,1,0.9248,0.5111,0.4807,0.188,1.2403,206
15000000.0,0.0,0.0,0.0,887.0,7.80786558941098,3,0,8,1,0,0.9248,0.5111,0.4807,0.188,1.2403,166
115200000.0,0.0,0.0,0.0,960.0,4.68081921879901,18,1,8,0,4,0.46,0.3905,0.3591,0.359,0.6528,185
52800000.0,0.0,0.0,0.0,525.0,4.57653220905789,26,0,20,1,4,0.9248,0.5111,0.4807,0.188,1.2403,194
507000000.0,0.0,0.0,0.0,845.0,8.60377104071145,7,0,0,6,1,0.9248,0.5111,0.4807,0.188,1.2403,206
49999999.99999999,0.0,0.0,0.0,587.0,2.54986964866086,2,0,10,1,6,0.9248,0.5111,0.4807,0.188,1.2403,166
140000000.0,0.0,0.0,0.0,547.0,2.54986964866086,2,0,10,1,6,0.9248,0.5111,0.4807,0.188,1.2403,166
49999999.99999999,0.0,0.0,0.0,573.0,7.42661736833815,11,1,5,4,5,0.9248,0.5111,0.4807,0.188,1.2403,172
56300000.0,0.0,0.0,0.0,563.0,4.57653220905789,26,0,20,1,4,0.9248,0.5111,0.4807,0.188,1.2403,194
85750000.0,0.0,0.0,0.0,686.0,6.64522028833831,7,0,8,1,2,0.9248,0.5111,0.4807,0.188,1.2403,166
28000000.0,0.0,0.0,0.0,700.0,6.80644121666006,0,1,15,0,6,0.9248,0.5111,0.4807,0.188,1.2403,199
322140000.0,0.0,0.0,0.0,767.0,8.60377104071145,7,0,0,6,1,0.9248,0.5111,0.4807,0.188,1.2403,206
43200000.0,0.0,0.0,0.0,540.0,6.64522028833831,7,0,8,1,2,0.9248,0.5111,0.4807,0.188,1.2403,166
5000000.0,0.0,0.0,0.0,513.0,6.98383650023576,3,0,12,1,0,0.9248,0.5111,0.4807,0.188,1.2403,166
72050000.0,0.0,0.0,0.0,655.0,8.55222698270135,4,0,5,1,1,0.9248,0.5111,0.4807,0.188,1.2403,166
135000000.0,0.0,0.0,0.0,547.0,6.64522028833831,7,0,8,1,2,0.9248,0.5111,0.4807,0.188,1.2403,166
44800000.0,0.0,0.0,0.0,560.0,2.54986964866086,2,0,10,1,6,0.9248,0.5111,0.4807,0.188,1.2403,166
153000000.0,0.0,0.0,0.0,900.0,7.12599683234302,0,0,2,0,2,0.9248,0.5111,0.4807,0.188,1.2403,175
125000000.0,0.0,0.0,0.0,920.0,7.611745771225,0,0,3,0,0,0.9248,0.5111,0.4807,0.188,1.2403,175
115000000.0,0.0,0.0,0.0,783.0,4.38020564209064,28,0,20,1,4,0.9248,0.5111,0.4807,0.188,1.2403,194
23800000.000000004,0.0,0.0,0.0,501.0,2.54986964866086,2,0,10,1,6,0.9248,0.5111,0.4807,0.188,1.2403,166
165000000.0,0.0,0.0,0.0,792.0,2.3234668760911,16,0,11,1,3,0.9248,0.5111,0.4807,0.188,1.2403,-1
165000000.0,0.0,0.0,0.0,792.0,2.3234668760911,16,0,11,1,3,0.9248,0.5111,0.4807,0.188,1.2403,-1
56700000.0,0.0,0.0,0.0,630.0,6.64522028833831,7,0,8,1,2,0.9248,0.5111,0.4807,0.188,1.2403,166
81360000.0,0.0,0.0,0.0,678.0,5.8785414560789,28,5,20,2,13,0.9248,0.5111,0.4807,0.188,1.2403,174
55385000.00000001,0.0,0.0,0.0,583.0,3.75230575877454,2,0,11,1,4,0.9248,0.5111,0.4807,0.188,1.2403,166
72800000.0,0.0,0.0,0.0,560.0,0.25149080030171,50,1,22,14,4,0.9248,0.5111,0.4807,0.188,1.2403,201
165000000.0,0.0,0.0,0.0,792.0,1.59951308145731,24,0,13,1,5,0.9248,0.5111,0.4807,0.188,1.2403,204
79560000.0,0.0,0.0,0.0,612.0,7.80786558941098,3,0,8,1,0,0.9248,0.5111,0.4807,0.188,1.2403,166
185639286.0,0.0,0.0,0.0,714.0,1.95893669978476,24,1,14,3,3,0.9248,0.5111,0.4807,0.188,1.2403,190
109200000.0,0.0,0.0,0.0,910.0,2.88792906961565,20,1,8,3,5,0.9248,0.5111,0.4807,0.188,1.2403,177
109200000.0,0.0,0.0,0.0,910.0,2.88792906961565,20,1,8,3,5,0.9248,0.5111,0.4807,0.188,1.2403,177
184926000.0,0.0,0.0,0.0,714.0,1.95893669978476,24,1,14,3,3,0.9248,0.5111,0.4807,0.188,1.2403,190
109200000.0,0.0,0.0,0.0,910.0,2.88792906961565,20,1,8,3,5,0.9248,0.5111,0.4807,0.188,1.2403,177
109200000.0,0.0,0.0,0.0,910.0,2.88792906961565,20,1,8,3,5,0.9248,0.5111,0.4807,0.188,1.2403,177
79560000.0,0.0,0.0,0.0,612.0,7.80786558941098,3,0,8,1,0,0.9248,0.5111,0.4807,0.188,1.2403,166
160000000.0,0.0,0.0,0.0,800.0,2.60594873270773,21,0,12,5,7,0.9248,0.5111,0.4807,0.188,1.2403,214
69300000.0,0.0,0.0,0.0,693.0,5.8785414560789,28,5,20,2,13,0.9248,0.5111,0.4807,0.188,1.2403,174
109200000.0,0.0,0.0,0.0,910.0,1.36993503405731,25,0,13,4,4,0.9248,0.5111,0.4807,0.188,1.2403,169
185560032.0,0.0,0.0,0.0,714.0,1.95893669978476,24,1,14,3,3,0.9248,0.5111,0.4807,0.188,1.2403,190
33000000.0,0.0,0.0,0.0,516.0,7.07554678230017,7,1,20,2,3,0.9248,0.5111,0.4807,0.188,1.2403,182
103020000.0,0.0,0.0,0.0,606.0,2.88792906961565,20,1,8,3,5,0.9248,0.5111,0.4807,0.188,1.2403,177
166968000.0,0.0,0.0,0.0,927.6,1.59951308145731,24,0,13,1,5,0.9248,0.5111,0.4807,0.188,1.2403,204
97020000.0,0.0,0.0,0.0,539.0,8.55222698270135,4,0,5,1,1,0.9248,0.5111,0.4807,0.188,1.2403,166
95000000.0,0.0,0.0,0.0,943.0,6.25731194755292,11,1,22,0,5,0.9248,0.5111,0.4807,0.188,1.2403,171
102600000.0,0.0,0.0,0.0,570.0,1.59951308145731,24,0,13,1,5,0.9248,0.5111,0.4807,0.188,1.2403,204
110880000.0,0.0,0.0,0.0,924.0,6.25731194755292,11,1,22,0,5,0.9248,0.5111,0.4807,0.188,1.2403,171
110160000.0,0.0,0.0,0.0,612.0,7.80786558941098,3,0,8,1,0,0.9248,0.5111,0.4807,0.188,1.2403,166
51030000.0,0.0,0.0,0.0,567.0,7.80786558941098,3,0,8,1,0,0.9248,0.5111,0.4807,0.188,1.2403,166
40320000.0,0.0,0.0,0.0,576.0,4.9142871455795,0,0,2,0,0,0.9248,0.5111,0.4807,0.188,1.2403,175
48000000.0,0.0,0.0,0.0,506.0,3.42129749022756,31,0,12,18,7,0.9248,0.5111,0.4807,0.188,1.2403,-1
83160000.0,0.0,0.0,0.0,693.0,5.8785414560789,28,5,20,2,13,0.9248,0.5111,0.4807,0.188,1.2403,174
184926000.0,0.0,0.0,0.0,714.0,1.95893669978476,24,1,14,3,3,0.9248,0.5111,0.4807,0.188,1.2403,190
109200000.0,0.0,0.0,0.0,910.0,2.88792906961565,20,1,8,3,5,0.9248,0.5111,0.4807,0.188,1.2403,177
100750000.0,0.0,0.0,0.0,806.0,3.64076377074438,18,0,12,12,4,0.9248,0.5111,0.4807,0.188,1.2403,167
33540000.0,0.0,0.0,0.0,516.0,7.07554678230017,7,1,20,2,3,0.9248,0.5111,0.4807,0.188,1.2403,182
76500000.0,0.0,0.0,0.0,510.0,6.25731194755292,11,1,22,0,5,0.9248,0.5111,0.4807,0.188,1.2403,171
19038000.0,0.0,0.0,0.0,501.0,7.87812974351034,9,0,15,0,1,0.9248,0.5111,0.4807,0.188,1.2403,180
150000000.0,0.0,0.0,0.0,800.0,3.64076377074438,18,0,12,12,4,0.9248,0.5111,0.4807,0.188,1.2403,167
15600000.0,0.0,0.0,0.0,600.0,7.07554678230017,7,1,20,2,3,0.9248,0.5111,0.4807,0.188,1.2403,182
57750000.0,0.0,0.0,0.0,770.0,7.80786558941098,3,0,8,1,0,0.9248,0.5111,0.4807,0.188,1.2403,166
68512500.0,0.0,0.0,0.0,761.25,6.25731194755292,11,1,22,0,5,0.9248,0.5111,0.4807,0.188,1.2403,171
138750000.0,0.0,0.0,0.0,925.0,6.54373189264494,17,2,21,2,10,0.9248,0.5111,0.4807,0.188,1.2403,-1
79321000.0,0.0,0.0,0.0,700.0,3.56934464205663,1,0,11,1,3,0.9248,0.5111,0.4807,0.188,1.2403,166
103020000.0,0.0,0.0,0.0,606.0,3.64076377074438,18,0,12,12,4,0.9248,0.5111,0.4807,0.188,1.2403,167
105000000.0,0.0,0.0,0.0,600.0,7.42661736833815,11,1,5,4,5,0.9248,0.5111,0.4807,0.188,1.2403,172
224812500.0,0.0,0.0,0.0,899.25,2.49219091321627,20,1,11,2,5,0.9248,0.5111,0.4807,0.188,1.2403,196
47000000.0,0.0,0.0,0.0,503.0,3.56934464205663,1,0,11,1,3,0.9248,0.5111,0.4807,0.188,1.2403,166
35400000.0,0.0,0.0,0.0,600.0,1.37401459894944,4,0,11,2,0,0.9248,0.5111,0.4807,0.188,1.2403,179
95000000.0,0.0,0.0,0.0,746.0,7.87812974351034,9,0,15,0,1,0.9248,0.5111,0.4807,0.188,1.2403,180
71625000.0,0.0,0.0,0.0,955.0,7.80786558941098,3,0,8,1,0,0.9248,0.5111,0.4807,0.188,1.2403,166
25000000.0,0.0,0.0,0.0,600.0,7.0745065472197,14,0,9,6,4,0.9248,0.5111,0.4807,0.188,1.2403,176
54054000.0,0.0,0.0,0.0,693.0,1.80558642878543,13,0,10,2,1,0.9248,0.5111,0.4807,0.188,1.2403,-1
35560000.0,0.0,0.0,0.0,635.0,7.07554678230017,7,1,20,2,3,0.9248,0.5111,0.4807,0.188,1.2403,182
92000000.0,0.0,0.0,0.0,570.0,1.46060925029084,24,0,14,0,4,0.9248,0.5111,0.4807,0.188,1.2403,-1
8000000.0,0.0,0.0,0.0,395.0,7.07554678230017,7,1,20,2,3,0.5493,0.0163,0.3716,0.0542,1.1259,-1
1950000.0,0.0,0.0,0.0,130.0,10.0322356532356,9,0,14,4,4,1.9085,0.0006,0.6745,0.0233,1.1655,-1
5184000.0,0.0,0.0,0.0,288.0,6.33504572329202,30,0,15,7,8,1.9085,0.0006,0.6745,0.0233,1.1655,-1
5184000.0,0.0,0.0,0.0,288.0,3.25543632721634,4,0,12,1,4,1.9085,0.0006,0.6745,0.0233,1.1655,-1
150000000.0,0.0,0.0,0.0,5018.0,10.1405791156104,0,1,8,2,1,0.0141,0.2089,0.0335,0.0034,0.0981,-1
58680000.0,0.0,0.0,0.0,1956.0,6.231178122715,12,1,3,0,6,0.5493,0.0163,0.3716,0.0542,1.1259,-1
112422400.0,0.0,0.0,0.0,17566.0,6.231178122715,12,1,3,0,6,0.8516,0.0007,0.3635,0.0274,0.9585,-1
15000000.0,0.0,0.0,0.0,760.0,10.1405791156104,0,1,8,2,1,0.0141,0.2089,0.0335,0.0034,0.0981,-1
23000000.000000004,0.0,0.0,0.0,290.0,5.13766500979738,16,2,31,5,10,0.0141,0.2089,0.0335,0.0034,0.0981,-1
26100000.0,0.0,0.0,0.0,290.0,4.80254812182999,15,2,26,6,7,0.0141,0.2089,0.0335,0.0034,0.0981,218
99110000.0,0.0,0.0,0.0,583.0,5.73595276269957,10,0,18,2,20,0.0141,0.2089,0.0335,0.0034,0.0981,219
29000000.0,0.0,0.0,0.0,374.0,4.78133896706734,2,2,29,3,5,0.0141,0.2089,0.0335,0.0034,0.0981,-1
23000000.000000004,0.0,0.0,0.0,290.0,4.80254812182999,15,2,26,6,7,0.0141,0.2089,0.0335,0.0034,0.0981,218
32000000.0,0.0,0.0,0.0,290.0,4.80254812182999,15,2,26,6,7,0.0141,0.2089,0.0335,0.0034,0.0981,218
193875000.0,0.0,0.0,0.0,1551.0,4.46170293396828,3,1,16,2,2,0.0141,0.2089,0.0335,0.0034,0.0981,-1
220000000.0,0.0,0.0,0.0,1417.0,5.29880954056858,13,1,29,2,7,0.0141,0.2089,0.0335,0.0034,0.0981,220
150000000.0,0.0,0.0,0.0,750.0,6.83282946009906,14,3,10,1,15,0.0141,0.2089,0.0335,0.0034,0.0981,129
150000000.0,0.0,0.0,0.0,1062.0,4.68250337736357,3,1,25,2,5,0.0141,0.2089,0.0335,0.0034,0.0981,221
190000000.0,0.0,0.0,0.0,1589.0,5.13766500979738,16,2,31,5,10,0.0141,0.2089,0.0335,0.0034,0.0981,-1
250000000.0,0.0,0.0,0.0,998.0,5.1667479285098,10,2,21,1,5,0.0141,0.2089,0.0335,0.0034,0.0981,-1
98700000.0,0.0,0.0,0.0,705.0,5.96588055466562,12,1,24,1,9,0.0141,0.2089,0.0335,0.0034,0.0981,222
23000000.000000004,0.0,0.0,0.0,290.0,4.80254812182999,15,2,26,6,7,0.0141,0.2089,0.0335,0.0034,0.0981,218
144000000.0,0.0,0.0,0.0,1062.0,4.68250337736357,3,1,25,2,5,0.0141,0.2089,0.0335,0.0034,0.0981,221
23000000.000000004,0.0,0.0,0.0,290.0,4.80254812182999,15,2,26,6,7,0.0141,0.2089,0.0335,0.0034,0.0981,218
23000000.000000004,0.0,0.0,0.0,290.0,4.80254812182999,15,2,26,6,7,0.0141,0.2089,0.0335,0.0034,0.0981,218
23000000.000000004,0.0,0.0,0.0,290.0,4.80254812182999,15,2,26,6,7,0.0141,0.2089,0.0335,0.0034,0.0981,218
56000000.0,0.0,0.0,0.0,410.0,5.37873491305231,10,1,26,1,13,0.0141,0.2089,0.0335,0.0034,0.0981,222
23000000.000000004,0.0,0.0,0.0,290.0,4.80254812182999,15,2,26,6,7,0.0141,0.2089,0.0335,0.0034,0.0981,218
140420000.0,0.0,0.0,0.0,1003.0,4.68250337736357,3,1,25,2,5,0.0141,0.2089,0.0335,0.0034,0.0981,221
23000000.000000004,0.0,0.0,0.0,290.0,4.80254812182999,15,2,26,6,7,0.0141,0.2089,0.0335,0.0034,0.0981,218
220000000.0,0.0,0.0,0.0,168.0,5.29880954056858,13,1,29,2,7,0.0141,0.2089,0.0335,0.0034,0.0981,220
52000000.0,0.0,0.0,0.0,410.0,5.43405046476298,9,1,25,1,10,0.0141,0.2089,0.0335,0.0034,0.0981,222
137880000.0,0.0,0.0,0.0,766.0,6.83282946009906,14,3,10,1,15,0.0141,0.2089,0.0335,0.0034,0.0981,129
297400000.0,0.0,0.0,0.0,850.0,6.83282946009906,14,3,10,1,15,0.0141,0.2089,0.0335,0.0034,0.0981,129
5665000.0,0.0,0.0,0.0,30.0,5.96588055466562,12,1,24,1,9,0.0141,0.2089,0.0335,0.0034,0.0981,222
123000000.0,0.0,0.0,0.0,820.0,6.83282946009906,14,3,10,1,15,0.0141,0.2089,0.0335,0.0034,0.0981,129
194000000.0,0.0,0.0,0.0,1551.0,4.46170293396828,3,1,16,2,2,0.0141,0.2089,0.0335,0.0034,0.0981,-1
340000000.0,0.0,0.0,0.0,850.0,6.83282946009906,14,3,10,1,15,0.0141,0.2089,0.0335,0.0034,0.0981,129
250000000.0,0.0,0.0,0.0,998.0,5.1667479285098,10,2,21,1,5,0.0141,0.2089,0.0335,0.0034,0.0981,-1
150000000.0,0.0,0.0,0.0,1062.0,4.68250337736357,3,1,25,2,5,0.0141,0.2089,0.0335,0.0034,0.0981,221
88000000.0,0.0,0.0,0.0,609.0,5.73595276269957,10,0,18,2,20,0.0141,0.2089,0.0335,0.0034,0.0981,219
190680000.0,0.0,0.0,0.0,1589.0,6.83282946009906,14,3,10,1,15,0.0141,0.2089,0.0335,0.0034,0.0981,129
206570000.0,0.0,0.0,0.0,1589.0,4.78133896706734,2,2,29,3,5,0.0141,0.2089,0.0335,0.0034,0.0981,-1
47000000.0,0.0,0.0,0.0,505.0,5.73595276269957,10,0,18,2,20,0.0141,0.2089,0.0335,0.0034,0.0981,219
40000000.0,0.0,0.0,0.0,212.0,5.73595276269957,10,0,18,2,20,0.0141,0.2089,0.0335,0.0034,0.0981,219
424000000.0,0.0,0.0,0.0,1066.0,6.83282946009906,14,3,10,1,15,0.0141,0.2089,0.0335,0.0034,0.0981,129
357500000.0,0.0,0.0,0.0,715.0,6.83282946009906,14,3,10,1,15,0.0141,0.2089,0.0335,0.0034,0.0981,129
278610000.0,0.0,0.0,0.0,753.0,6.83282946009906,14,3,10,1,15,0.0141,0.2089,0.0335,0.0034,0.0981,129
455000000.0,0.0,0.0,0.0,987.0,6.83282946009906,14,3,10,1,15,0.0141,0.2089,0.0335,0.0034,0.0981,129
68000000.0,0.0,0.0,0.0,501.0,4.68250337736357,3,1,25,2,5,0.0141,0.2089,0.0335,0.0034,0.0981,221
193875000.0,0.0,0.0,0.0,1551.0,4.46170293396828,3,1,16,2,2,0.0141,0.2089,0.0335,0.0034,0.0981,-1
95175000.0,0.0,0.0,0.0,705.0,5.96588055466562,12,1,24,1,9,0.0141,0.2089,0.0335,0.0034,0.0981,222
58500000.0,0.0,0.0,0.0,410.0,5.37873491305231,10,1,26,1,13,0.0141,0.2089,0.0335,0.0034,0.0981,222
51000000.0,0.0,0.0,0.0,340.0,5.31477668549438,16,1,25,1,21,0.0141,0.2089,0.0335,0.0034,0.0981,-1
80000000.0,0.0,0.0,0.0,398.0,5.73595276269957,10,0,18,2,20,0.0141,0.2089,0.0335,0.0034,0.0981,219
94860000.0,0.0,0.0,0.0,558.0,5.13766500979738,16,2,31,5,10,0.0141,0.2089,0.0335,0.0034,0.0981,-1
500000000.0,0.0,0.0,0.0,1229.0,6.83282946009906,14,3,10,1,15,0.0141,0.2089,0.0335,0.0034,0.0981,129
75000000.0,0.0,0.0,0.0,398.0,5.73595276269957,10,0,18,2,20,0.0141,0.2089,0.0335,0.0034,0.0981,219
222460000.0,0.0,0.0,0.0,1589.0,5.29275751680374,4,1,27,2,10,0.0141,0.2089,0.0335,0.0034,0.0981,-1
255000000.0,0.0,0.0,0.0,1000.0,6.83282946009906,14,3,10,1,15,0.0141,0.2089,0.0335,0.0034,0.0981,129
58500000.0,0.0,0.0,0.0,390.0,5.37873491305231,10,1,26,1,13,0.0141,0.2089,0.0335,0.0034,0.0981,222
143900000.0,0.0,0.0,0.0,1062.0,4.68250337736357,3,1,25,2,5,0.0141,0.2089,0.0335,0.0034,0.0981,221
250000000.0,0.0,0.0,0.0,998.0,5.1667479285098,10,2,21,1,5,0.0141,0.2089,0.0335,0.0034,0.0981,-1
138060000.0,0.0,0.0,0.0,1062.0,4.68250337736357,3,1,25,2,5,0.0141,0.2089,0.0335,0.0034,0.0981,221
112500000.0,0.0,0.0,0.0,450.0,6.83282946009906,14,3,10,1,15,0.0141,0.2089,0.0335,0.0034,0.0981,129
110000000.0,0.0,0.0,0.0,558.0,5.52430653873282,17,1,30,1,19,0.0141,0.2089,0.0335,0.0034,0.0981,-1
345000000.0,0.0,0.0,0.0,1564.0,6.50432624999195,17,3,8,1,19,0.0141,0.2089,0.0335,0.0034,0.0981,-1
90270000.0,0.0,0.0,0.0,1062.0,4.52121797354861,4,1,24,2,3,0.0141,0.2089,0.0335,0.0034,0.0981,221
159300000.0,0.0,0.0,0.0,1062.0,4.68250337736357,3,1,25,2,5,0.0141,0.2089,0.0335,0.0034,0.0981,221
88450000.0,0.0,0.0,0.0,610.0,5.73595276269957,10,0,18,2,20,0.0141,0.2089,0.0335,0.0034,0.0981,219
67990000.0,0.0,0.0,0.0,501.0,4.68250337736357,3,1,25,2,5,0.0141,0.2089,0.0335,0.0034,0.0981,221
537700000.0,0.0,0.0,0.0,1415.0,6.83282946009906,14,3,10,1,15,0.0141,0.2089,0.0335,0.0034,0.0981,129
24700000.0,0.0,0.0,0.0,123.0,5.29880954056858,13,1,29,2,7,0.0141,0.2089,0.0335,0.0034,0.0981,220
63000000.0,0.0,0.0,0.0,499.0,4.68250337736357,3,1,25,2,5,0.0141,0.2089,0.0335,0.0034,0.0981,221
109990000.0,0.0,0.0,0.0,558.0,5.52430653873282,17,1,30,1,19,0.0141,0.2089,0.0335,0.0034,0.0981,-1
58500000.0,0.0,0.0,0.0,410.0,6.83282946009906,14,3,10,1,15,0.0141,0.2089,0.0335,0.0034,0.0981,129
2700000000.0,0.0,0.0,0.0,3000.0,6.50432624999195,17,3,8,1,19,0.0141,0.2089,0.0335,0.0034,0.0981,-1
120000000.0,0.0,0.0,0.0,975.0,5.85103409636823,11,1,26,2,10,0.0141,0.2089,0.0335,0.0034,0.0981,-1
770000000.0,0.0,0.0,0.0,2175.0,6.50432624999195,17,3,8,1,19,0.0141,0.2089,0.0335,0.0034,0.0981,-1
390000000.0,0.0,0.0,0.0,973.0,7.26419844362578,10,3,14,0,11,0.0141,0.2089,0.0335,0.0034,0.0981,-1
193875000.0,0.0,0.0,0.0,1551.0,4.46170293396828,3,1,16,2,2,0.0141,0.2089,0.0335,0.0034,0.0981,-1
22500000.0,0.0,0.0,0.0,144.0,5.80827278485862,9,0,16,1,20,0.0141,0.2089,0.0335,0.0034,0.0981,-1
419900000.0,0.0,0.0,0.0,1000.0,6.83282946009906,14,3,10,1,15,0.0141,0.2089,0.0335,0.0034,0.0981,129
537700000.0,0.0,0.0,0.0,1415.0,6.83282946009906,14,3,10,1,15,0.0141,0.2089,0.0335,0.0034,0.0981,129
750000000.0,0.0,0.0,0.0,2000.0,6.50432624999195,17,3,8,1,19,0.0141,0.2089,0.0335,0.0034,0.0981,-1
206570000.0,0.0,0.0,0.0,1589.0,5.13766500979738,16,2,31,5,10,0.0141,0.2089,0.0335,0.0034,0.0981,-1
158000000.0,0.0,0.0,0.0,563.0,6.83282946009906,14,3,10,1,15,0.0141,0.2089,0.0335,0.0034,0.0981,129
22500000.0,0.0,0.0,0.0,225.0,5.29275751680374,4,1,27,2,10,0.0141,0.2089,0.0335,0.0034,0.0981,-1
24760000.000000004,0.0,0.0,0.0,123.8,4.42197068586315,11,1,24,7,4,0.0141,0.2089,0.0335,0.0034,0.0981,-1
20000000.0,0.0,0.0,0.0,20000.0,5.96588055466562,12,1,24,1,9,0.0141,0.2089,0.0335,0.0034,0.0981,222
357500000.0,0.0,0.0,0.0,715.0,6.83282946009906,14,3,10,1,15,0.0141,0.2089,0.0335,0.0034,0.0981,129
63000000.0,0.0,0.0,0.0,630.0,4.68250337736357,3,1,25,2,5,0.0141,0.2089,0.0335,0.0034,0.0981,221
63000000.0,0.0,0.0,0.0,630.0,4.68250337736357,3,1,25,2,5,0.0141,0.2089,0.0335,0.0034,0.0981,221
89930000.0,0.0,0.0,0.0,782.0,6.83282946009906,14,3,10,1,15,0.0141,0.2089,0.0335,0.0034,0.0981,129
80000000.0,0.0,0.0,0.0,464.0,5.78138885367263,13,1,26,1,15,0.0141,0.2089,0.0335,0.0034,0.0981,222
58500000.0,0.0,0.0,0.0,410.0,5.37873491305231,10,1,26,1,13,0.0141,0.2089,0.0335,0.0034,0.0981,222
275110000.0,0.0,0.0,0.0,917.0,6.83282946009906,14,3,10,1,15,0.0141,0.2089,0.0335,0.0034,0.0981,129
138000000.0,0.0,0.0,0.0,920.0,4.80254812182999,15,2,26,6,7,0.0141,0.2089,0.0335,0.0034,0.0981,218
466560000.0,0.0,0.0,0.0,972.0,6.83282946009906,14,3,10,1,15,0.0141,0.2089,0.0335,0.0034,0.0981,129
111680000.0,0.0,0.0,0.0,698.0,5.96588055466562,12,1,24,1,9,0.0141,0.2089,0.0335,0.0034,0.0981,222
74046000.0,0.0,0.0,0.0,492.0,5.29880954056858,13,1,29,2,7,0.0141,0.2089,0.0335,0.0034,0.0981,220
262800000.0,0.0,0.0,0.0,876.0,6.83282946009906,14,3,10,1,15,0.0141,0.2089,0.0335,0.0034,0.0981,129
21500000.0,0.0,0.0,0.0,288.0,6.48109473556662,16,3,13,1,12,0.0141,0.2089,0.0335,0.0034,0.0981,-1
137550000.0,0.0,0.0,0.0,917.0,4.80254812182999,15,2,26,6,7,0.0141,0.2089,0.0335,0.0034,0.0981,218
357500000.0,0.0,0.0,0.0,715.0,6.83282946009906,14,3,10,1,15,0.0141,0.2089,0.0335,0.0034,0.0981,129
98850000.0,0.0,0.0,0.0,659.0,5.29880954056858,13,1,29,2,7,0.0141,0.2089,0.0335,0.0034,0.0981,220
100485000.0,0.0,0.0,0.0,609.0,5.73595276269957,10,0,18,2,20,0.0141,0.2089,0.0335,0.0034,0.0981,219
47115000.0,0.0,0.0,0.0,349.0,6.0642302936934,22,3,11,2,12,0.0141,0.2089,0.0335,0.0034,0.0981,-1
75000000.0,0.0,0.0,0.0,360.0,5.96588055466562,12,1,24,1,9,0.0141,0.2089,0.0335,0.0034,0.0981,222
262800000.0,0.0,0.0,0.0,876.0,6.83282946009906,14,3,10,1,15,0.0141,0.2089,0.0335,0.0034,0.0981,129
86900000.0,0.0,0.0,0.0,395.0,5.73595276269957,10,0,18,2,20,0.0141,0.2089,0.0335,0.0034,0.0981,219
76000000.00000001,0.0,0.0,0.0,561.0,4.68250337736357,3,1,25,2,5,0.0141,0.2089,0.0335,0.0034,0.0981,221
303380000.0,0.0,0.0,0.0,2167.0,5.57923475794753,17,2,20,0,7,0.0141,0.2089,0.0335,0.0034,0.0981,-1
270000000.0,0.0,0.0,0.0,1800.0,5.57923475794753,17,2,20,0,7,0.0141,0.2089,0.0335,0.0034,0.0981,-1
56856000.0,0.0,0.0,0.0,412.0,6.83282946009906,14,3,10,1,15,0.0141,0.2089,0.0335,0.0034,0.0981,129
305100000.0,0.0,0.0,0.0,1695.0,4.28780090369823,6,1,21,4,3,0.0141,0.2089,0.0335,0.0034,0.0981,-1
495000000.0,0.0,0.0,0.0,1415.0,6.83282946009906,14,3,10,1,15,0.0141,0.2089,0.0335,0.0034,0.0981,129
19000000.000000004,0.0,0.0,0.0,200.0,4.51032539959383,3,0,6,1,0,0.1081,0.3501,0.5038,0.0238,0.3209,223
233280000.0,0.0,0.0,0.0,4860.0,9.33137032355731,0,0,9,0,1,0.1081,0.3501,0.5038,0.0238,0.3209,223
45390000.0,0.0,0.0,0.0,1513.0,8.57661679581266,0,0,5,0,0,0.1081,0.3501,0.5038,0.0238,0.3209,223
448000000.0,0.0,0.0,0.0,14000.0,8.68909570796529,1,0,7,0,1,0.1081,0.3501,0.5038,0.0238,0.3209,223
49500000.0,0.0,0.0,0.0,450.0,4.51032539959383,3,0,6,1,0,0.1081,0.3501,0.5038,0.0238,0.3209,223
79000000.0,0.0,0.0,0.0,187.0,5.35616253356714,18,2,4,0,10,0.1081,0.3501,0.5038,0.0238,0.3209,224
1293120000.0,0.0,0.0,0.0,14368.0,7.00225821828519,2,0,12,2,7,0.1081,0.3501,0.5038,0.0238,0.3209,225
213318000.0,0.0,0.0,0.0,10158.0,6.97968730728669,0,0,6,1,0,0.1081,0.3501,0.5038,0.0238,0.3209,223
67500000.0,0.0,0.0,0.0,250.0,5.35616253356714,18,2,4,0,10,0.1081,0.3501,0.5038,0.0238,0.3209,224
1041900000.0,0.0,0.0,0.0,1812.0,5.35616253356714,18,2,4,0,10,0.1081,0.3501,0.5038,0.0238,0.3209,224
1041900000.0,0.0,0.0,0.0,1812.0,5.35616253356714,18,2,4,0,10,0.1081,0.3501,0.5038,0.0238,0.3209,224
137500000.0,0.0,0.0,0.0,2750.0,8.25733943393093,1,0,11,1,3,0.1081,0.3501,0.5038,0.0238,0.3209,-1
90000000.0,0.0,0.0,0.0,800.0,5.35616253356714,18,2,4,0,10,0.1081,0.3501,0.5038,0.0238,0.3209,224
4200000.0,0.0,0.0,0.0,240.0,7.98346806641389,0,0,6,0,0,0.1081,0.3501,0.5038,0.0238,0.3209,223
72000000.0,0.0,0.0,0.0,1633.0,7.68262941216369,1,0,13,2,4,0.1081,0.3501,0.5038,0.0238,0.3209,225
1143450000.0,0.0,0.0,0.0,2079.0,4.51032539959383,3,0,6,1,0,0.1081,0.3501,0.5038,0.0238,0.3209,223
1143000000.0,0.0,0.0,0.0,2079.0,4.51032539959383,3,0,6,1,0,0.1081,0.3501,0.5038,0.0238,0.3209,223
37000000.0,0.0,0.0,0.0,253.0,5.91840794458101,7,1,5,0,13,0.1081,0.3501,0.5038,0.0238,0.3209,226
179725000.0,0.0,0.0,0.0,395.0,5.35616253356714,18,2,4,0,10,0.1081,0.3501,0.5038,0.0238,0.3209,224
1462499.9999999995,0.0,0.0,0.0,12.5,5.35616253356714,18,2,4,0,10,0.1081,0.3501,0.5038,0.0238,0.3209,224
1462499.9999999995,0.0,0.0,0.0,12.5,5.35616253356714,18,2,4,0,10,0.1081,0.3501,0.5038,0.0238,0.3209,224
1462499.9999999995,0.0,0.0,0.0,12.5,5.35616253356714,18,2,4,0,10,0.1081,0.3501,0.5038,0.0238,0.3209,224
1462499.9999999995,0.0,0.0,0.0,12.5,5.35616253356714,18,2,4,0,10,0.1081,0.3501,0.5038,0.0238,0.3209,224
1462499.9999999995,0.0,0.0,0.0,12.5,5.35616253356714,18,2,4,0,10,0.1081,0.3501,0.5038,0.0238,0.3209,224
1462499.9999999995,0.0,0.0,0.0,12.5,5.35616253356714,18,2,4,0,10,0.1081,0.3501,0.5038,0.0238,0.3209,224
1462499.9999999995,0.0,0.0,0.0,12.5,5.35616253356714,18,2,4,0,10,0.1081,0.3501,0.5038,0.0238,0.3209,224
1462499.9999999995,0.0,0.0,0.0,12.5,5.35616253356714,18,2,4,0,10,0.1081,0.3501,0.5038,0.0238,0.3209,224
1462499.9999999995,0.0,0.0,0.0,12.5,5.35616253356714,18,2,4,0,10,0.1081,0.3501,0.5038,0.0238,0.3209,224
1462499.9999999995,0.0,0.0,0.0,12.5,5.35616253356714,18,2,4,0,10,0.1081,0.3501,0.5038,0.0238,0.3209,224
1462499.9999999995,0.0,0.0,0.0,12.5,5.35616253356714,18,2,4,0,10,0.1081,0.3501,0.5038,0.0238,0.3209,224
1462499.9999999995,0.0,0.0,0.0,12.5,5.35616253356714,18,2,4,0,10,0.1081,0.3501,0.5038,0.0238,0.3209,224
1462499.9999999995,0.0,0.0,0.0,12.5,5.35616253356714,18,2,4,0,10,0.1081,0.3501,0.5038,0.0238,0.3209,224
1462499.9999999995,0.0,0.0,0.0,12.5,5.35616253356714,18,2,4,0,10,0.1081,0.3501,0.5038,0.0238,0.3209,224
1462499.9999999995,0.0,0.0,0.0,12.5,5.35616253356714,18,2,4,0,10,0.1081,0.3501,0.5038,0.0238,0.3209,224
1462499.9999999995,0.0,0.0,0.0,12.5,5.35616253356714,18,2,4,0,10,0.1081,0.3501,0.5038,0.0238,0.3209,224
1462499.9999999995,0.0,0.0,0.0,12.5,5.35616253356714,18,2,4,0,10,0.1081,0.3501,0.5038,0.0238,0.3209,224
1462499.9999999995,0.0,0.0,0.0,12.5,5.35616253356714,18,2,4,0,10,0.1081,0.3501,0.5038,0.0238,0.3209,224
1462499.9999999995,0.0,0.0,0.0,12.5,5.35616253356714,18,2,4,0,10,0.1081,0.3501,0.5038,0.0238,0.3209,224
1462499.9999999995,0.0,0.0,0.0,12.5,5.35616253356714,18,2,4,0,10,0.1081,0.3501,0.5038,0.0238,0.3209,224
1462499.9999999995,0.0,0.0,0.0,12.5,5.35616253356714,18,2,4,0,10,0.1081,0.3501,0.5038,0.0238,0.3209,224
1462499.9999999995,0.0,0.0,0.0,12.5,5.35616253356714,18,2,4,0,10,0.1081,0.3501,0.5038,0.0238,0.3209,224
1462499.9999999995,0.0,0.0,0.0,12.5,5.35616253356714,18,2,4,0,10,0.1081,0.3501,0.5038,0.0238,0.3209,224
1462499.9999999995,0.0,0.0,0.0,12.5,5.35616253356714,18,2,4,0,10,0.1081,0.3501,0.5038,0.0238,0.3209,224
1462499.9999999995,0.0,0.0,0.0,12.5,5.35616253356714,18,2,4,0,10,0.1081,0.3501,0.5038,0.0238,0.3209,224
1462499.9999999995,0.0,0.0,0.0,12.5,5.35616253356714,18,2,4,0,10,0.1081,0.3501,0.5038,0.0238,0.3209,224
1462499.9999999995,0.0,0.0,0.0,12.5,5.35616253356714,18,2,4,0,10,0.1081,0.3501,0.5038,0.0238,0.3209,224
1462499.9999999995,0.0,0.0,0.0,12.5,5.35616253356714,18,2,4,0,10,0.1081,0.3501,0.5038,0.0238,0.3209,224
1462499.9999999995,0.0,0.0,0.0,12.5,5.35616253356714,18,2,4,0,10,0.1081,0.3501,0.5038,0.0238,0.3209,224
1462499.9999999995,0.0,0.0,0.0,12.5,5.35616253356714,18,2,4,0,10,0.1081,0.3501,0.5038,0.0238,0.3209,224
1462499.9999999995,0.0,0.0,0.0,12.5,5.35616253356714,18,2,4,0,10,0.1081,0.3501,0.5038,0.0238,0.3209,224
1462499.9999999995,0.0,0.0,0.0,12.5,5.35616253356714,18,2,4,0,10,0.1081,0.3501,0.5038,0.0238,0.3209,224
1462499.9999999995,0.0,0.0,0.0,12.5,5.35616253356714,18,2,4,0,10,0.1081,0.3501,0.5038,0.0238,0.3209,224
81000000.0,0.0,0.0,0.0,188.0,5.8905506976801,7,1,4,0,13,0.1081,0.3501,0.5038,0.0238,0.3209,226
114000000.0,0.0,0.0,0.0,300.0,5.8905506976801,7,1,4,0,13,0.1081,0.3501,0.5038,0.0238,0.3209,226
114000000.0,0.0,0.0,0.0,300.0,5.8905506976801,7,1,4,0,13,0.1081,0.3501,0.5038,0.0238,0.3209,226
9869999999.999998,0.0,0.0,0.0,32.9,9.28546714726104,0,0,3,0,0,0.1081,0.3501,0.5038,0.0238,0.3209,-1
1462499.9999999995,0.0,0.0,0.0,12.5,5.35616253356714,18,2,4,0,10,0.1081,0.3501,0.5038,0.0238,0.3209,224
1462499.9999999995,0.0,0.0,0.0,12.5,5.35616253356714,18,2,4,0,10,0.1081,0.3501,0.5038,0.0238,0.3209,224
1462499.9999999995,0.0,0.0,0.0,12.5,5.35616253356714,18,2,4,0,10,0.1081,0.3501,0.5038,0.0238,0.3209,224
1462499.9999999995,0.0,0.0,0.0,12.5,5.35616253356714,18,2,4,0,10,0.1081,0.3501,0.5038,0.0238,0.3209,224
1462499.9999999995,0.0,0.0,0.0,12.5,5.35616253356714,18,2,4,0,10,0.1081,0.3501,0.5038,0.0238,0.3209,224
1462499.9999999995,0.0,0.0,0.0,12.5,5.35616253356714,18,2,4,0,10,0.1081,0.3501,0.5038,0.0238,0.3209,224
1462499.9999999995,0.0,0.0,0.0,12.5,5.35616253356714,18,2,4,0,10,0.1081,0.3501,0.5038,0.0238,0.3209,224
1462499.9999999995,0.0,0.0,0.0,12.5,5.35616253356714,18,2,4,0,10,0.1081,0.3501,0.5038,0.0238,0.3209,224
1462499.9999999995,0.0,0.0,0.0,12.5,5.35616253356714,18,2,4,0,10,0.1081,0.3501,0.5038,0.0238,0.3209,224
1462499.9999999995,0.0,0.0,0.0,12.5,5.35616253356714,18,2,4,0,10,0.1081,0.3501,0.5038,0.0238,0.3209,224
1462499.9999999995,0.0,0.0,0.0,12.5,5.35616253356714,18,2,4,0,10,0.1081,0.3501,0.5038,0.0238,0.3209,224
1462499.9999999995,0.0,0.0,0.0,12.5,5.35616253356714,18,2,4,0,10,0.1081,0.3501,0.5038,0.0238,0.3209,224
1462499.9999999995,0.0,0.0,0.0,12.5,5.35616253356714,18,2,4,0,10,0.1081,0.3501,0.5038,0.0238,0.3209,224
1462499.9999999995,0.0,0.0,0.0,12.5,5.35616253356714,18,2,4,0,10,0.1081,0.3501,0.5038,0.0238,0.3209,224
1462499.9999999995,0.0,0.0,0.0,12.5,5.35616253356714,18,2,4,0,10,0.1081,0.3501,0.5038,0.0238,0.3209,224
1462499.9999999995,0.0,0.0,0.0,12.5,5.35616253356714,18,2,4,0,10,0.1081,0.3501,0.5038,0.0238,0.3209,224
1462499.9999999995,0.0,0.0,0.0,12.5,5.35616253356714,18,2,4,0,10,0.1081,0.3501,0.5038,0.0238,0.3209,224
1462499.9999999995,0.0,0.0,0.0,12.5,5.35616253356714,18,2,4,0,10,0.1081,0.3501,0.5038,0.0238,0.3209,224
1462499.9999999995,0.0,0.0,0.0,12.5,5.35616253356714,18,2,4,0,10,0.1081,0.3501,0.5038,0.0238,0.3209,224
1462499.9999999995,0.0,0.0,0.0,12.5,5.35616253356714,18,2,4,0,10,0.1081,0.3501,0.5038,0.0238,0.3209,224
1462499.9999999995,0.0,0.0,0.0,12.5,5.35616253356714,18,2,4,0,10,0.1081,0.3501,0.5038,0.0238,0.3209,224
1462499.9999999995,0.0,0.0,0.0,12.5,5.35616253356714,18,2,4,0,10,0.1081,0.3501,0.5038,0.0238,0.3209,224
1462499.9999999995,0.0,0.0,0.0,12.5,5.35616253356714,18,2,4,0,10,0.1081,0.3501,0.5038,0.0238,0.3209,224
1462499.9999999995,0.0,0.0,0.0,12.5,5.35616253356714,18,2,4,0,10,0.1081,0.3501,0.5038,0.0238,0.3209,224
1462499.9999999995,0.0,0.0,0.0,12.5,5.35616253356714,18,2,4,0,10,0.1081,0.3501,0.5038,0.0238,0.3209,224
1462499.9999999995,0.0,0.0,0.0,12.5,5.35616253356714,18,2,4,0,10,0.1081,0.3501,0.5038,0.0238,0.3209,224
1462499.9999999995,0.0,0.0,0.0,12.5,5.35616253356714,18,2,4,0,10,0.1081,0.3501,0.5038,0.0238,0.3209,224
1462499.9999999995,0.0,0.0,0.0,12.5,5.35616253356714,18,2,4,0,10,0.1081,0.3501,0.5038,0.0238,0.3209,224
1462499.9999999995,0.0,0.0,0.0,12.5,5.35616253356714,18,2,4,0,10,0.1081,0.3501,0.5038,0.0238,0.3209,224
1462499.9999999995,0.0,0.0,0.0,12.5,5.35616253356714,18,2,4,0,10,0.1081,0.3501,0.5038,0.0238,0.3209,224
1462499.9999999995,0.0,0.0,0.0,12.5,5.35616253356714,18,2,4,0,10,0.1081,0.3501,0.5038,0.0238,0.3209,224
1462499.9999999995,0.0,0.0,0.0,12.5,5.35616253356714,18,2,4,0,10,0.1081,0.3501,0.5038,0.0238,0.3209,224
1462499.9999999995,0.0,0.0,0.0,12.5,5.35616253356714,18,2,4,0,10,0.1081,0.3501,0.5038,0.0238,0.3209,224
1462499.9999999995,0.0,0.0,0.0,12.5,5.35616253356714,18,2,4,0,10,0.1081,0.3501,0.5038,0.0238,0.3209,224
1462499.9999999995,0.0,0.0,0.0,12.5,5.35616253356714,18,2,4,0,10,0.1081,0.3501,0.5038,0.0238,0.3209,224
1462499.9999999995,0.0,0.0,0.0,12.5,5.35616253356714,18,2,4,0,10,0.1081,0.3501,0.5038,0.0238,0.3209,224
1462499.9999999995,0.0,0.0,0.0,12.5,5.35616253356714,18,2,4,0,10,0.1081,0.3501,0.5038,0.0238,0.3209,224
1462499.9999999995,0.0,0.0,0.0,12.5,5.35616253356714,18,2,4,0,10,0.1081,0.3501,0.5038,0.0238,0.3209,224
1462499.9999999995,0.0,0.0,0.0,12.5,5.35616253356714,18,2,4,0,10,0.1081,0.3501,0.5038,0.0238,0.3209,224
1462499.9999999995,0.0,0.0,0.0,12.5,5.35616253356714,18,2,4,0,10,0.1081,0.3501,0.5038,0.0238,0.3209,224
1462499.9999999995,0.0,0.0,0.0,12.5,5.35616253356714,18,2,4,0,10,0.1081,0.3501,0.5038,0.0238,0.3209,224
1462499.9999999995,0.0,0.0,0.0,12.5,5.35616253356714,18,2,4,0,10,0.1081,0.3501,0.5038,0.0238,0.3209,224
1462499.9999999995,0.0,0.0,0.0,12.5,5.35616253356714,18,2,4,0,10,0.1081,0.3501,0.5038,0.0238,0.3209,224
1462499.9999999995,0.0,0.0,0.0,12.5,5.35616253356714,18,2,4,0,10,0.1081,0.3501,0.5038,0.0238,0.3209,224
1462499.9999999995,0.0,0.0,0.0,12.5,5.35616253356714,18,2,4,0,10,0.1081,0.3501,0.5038,0.0238,0.3209,224
1462499.9999999995,0.0,0.0,0.0,12.5,5.35616253356714,18,2,4,0,10,0.1081,0.3501,0.5038,0.0238,0.3209,224
1462499.9999999995,0.0,0.0,0.0,12.5,5.35616253356714,18,2,4,0,10,0.1081,0.3501,0.5038,0.0238,0.3209,224
1462499.9999999995,0.0,0.0,0.0,12.5,5.35616253356714,18,2,4,0,10,0.1081,0.3501,0.5038,0.0238,0.3209,224
89900000.0,0.0,0.0,0.0,216.0,5.8905506976801,7,1,4,0,13,0.1081,0.3501,0.5038,0.0238,0.3209,226
35000000.0,0.0,0.0,0.0,221.0,7.00225821828519,2,0,12,2,7,0.1081,0.3501,0.5038,0.0238,0.3209,225
79200000.00000001,0.0,0.0,0.0,198.0,5.8905506976801,7,1,4,0,13,0.1081,0.3501,0.5038,0.0238,0.3209,226
47700000.0,0.0,0.0,0.0,251.0,5.8905506976801,7,1,4,0,13,0.1081,0.3501,0.5038,0.0238,0.3209,226
47700000.0,0.0,0.0,0.0,251.0,5.91840794458101,7,1,5,0,13,0.1081,0.3501,0.5038,0.0238,0.3209,226
127920000.0,0.0,0.0,0.0,312.0,5.8905506976801,7,1,4,0,13,0.1081,0.3501,0.5038,0.0238,0.3209,226
189000000.0,0.0,0.0,0.0,198.0,7.28246902815564,0,0,22,2,0,0.1081,0.3501,0.5038,0.0238,0.3209,227
115000000.0,0.0,0.0,0.0,312.0,5.8905506976801,7,1,4,0,13,0.1081,0.3501,0.5038,0.0238,0.3209,226
1462499.9999999995,0.0,0.0,0.0,12.5,5.35616253356714,18,2,4,0,10,0.1081,0.3501,0.5038,0.0238,0.3209,224
1462499.9999999995,0.0,0.0,0.0,12.5,5.35616253356714,18,2,4,0,10,0.1081,0.3501,0.5038,0.0238,0.3209,224
1462499.9999999995,0.0,0.0,0.0,12.5,5.35616253356714,18,2,4,0,10,0.1081,0.3501,0.5038,0.0238,0.3209,224
1462499.9999999995,0.0,0.0,0.0,12.5,5.35616253356714,18,2,4,0,10,0.1081,0.3501,0.5038,0.0238,0.3209,224
1462499.9999999995,0.0,0.0,0.0,12.5,5.35616253356714,18,2,4,0,10,0.1081,0.3501,0.5038,0.0238,0.3209,224
1462499.9999999995,0.0,0.0,0.0,12.5,5.35616253356714,18,2,4,0,10,0.1081,0.3501,0.5038,0.0238,0.3209,224
1462499.9999999995,0.0,0.0,0.0,12.5,5.35616253356714,18,2,4,0,10,0.1081,0.3501,0.5038,0.0238,0.3209,224
1462499.9999999995,0.0,0.0,0.0,12.5,5.35616253356714,18,2,4,0,10,0.1081,0.3501,0.5038,0.0238,0.3209,224
1462499.9999999995,0.0,0.0,0.0,12.5,5.35616253356714,18,2,4,0,10,0.1081,0.3501,0.5038,0.0238,0.3209,224
1462499.9999999995,0.0,0.0,0.0,12.5,5.35616253356714,18,2,4,0,10,0.1081,0.3501,0.5038,0.0238,0.3209,224
1462499.9999999995,0.0,0.0,0.0,12.5,5.35616253356714,18,2,4,0,10,0.1081,0.3501,0.5038,0.0238,0.3209,224
1462499.9999999995,0.0,0.0,0.0,12.5,5.35616253356714,18,2,4,0,10,0.1081,0.3501,0.5038,0.0238,0.3209,224
1462499.9999999995,0.0,0.0,0.0,12.5,5.35616253356714,18,2,4,0,10,0.1081,0.3501,0.5038,0.0238,0.3209,224
1462499.9999999995,0.0,0.0,0.0,12.5,5.35616253356714,18,2,4,0,10,0.1081,0.3501,0.5038,0.0238,0.3209,224
1462499.9999999995,0.0,0.0,0.0,12.5,5.35616253356714,18,2,4,0,10,0.1081,0.3501,0.5038,0.0238,0.3209,224
1462499.9999999995,0.0,0.0,0.0,12.5,5.35616253356714,18,2,4,0,10,0.1081,0.3501,0.5038,0.0238,0.3209,224
1462499.9999999995,0.0,0.0,0.0,12.5,5.35616253356714,18,2,4,0,10,0.1081,0.3501,0.5038,0.0238,0.3209,224
1462499.9999999995,0.0,0.0,0.0,12.5,5.35616253356714,18,2,4,0,10,0.1081,0.3501,0.5038,0.0238,0.3209,224
1462499.9999999995,0.0,0.0,0.0,12.5,5.35616253356714,18,2,4,0,10,0.1081,0.3501,0.5038,0.0238,0.3209,224
1462499.9999999995,0.0,0.0,0.0,12.5,5.35616253356714,18,2,4,0,10,0.1081,0.3501,0.5038,0.0238,0.3209,224
1462499.9999999995,0.0,0.0,0.0,12.5,5.35616253356714,18,2,4,0,10,0.1081,0.3501,0.5038,0.0238,0.3209,224
1462499.9999999995,0.0,0.0,0.0,12.5,5.35616253356714,18,2,4,0,10,0.1081,0.3501,0.5038,0.0238,0.3209,224
1462499.9999999995,0.0,0.0,0.0,12.5,5.35616253356714,18,2,4,0,10,0.1081,0.3501,0.5038,0.0238,0.3209,224
1462499.9999999995,0.0,0.0,0.0,12.5,5.35616253356714,18,2,4,0,10,0.1081,0.3501,0.5038,0.0238,0.3209,224
1462499.9999999995,0.0,0.0,0.0,12.5,5.35616253356714,18,2,4,0,10,0.1081,0.3501,0.5038,0.0238,0.3209,224
1462499.9999999995,0.0,0.0,0.0,12.5,5.35616253356714,18,2,4,0,10,0.1081,0.3501,0.5038,0.0238,0.3209,224
1462499.9999999995,0.0,0.0,0.0,12.5,5.35616253356714,18,2,4,0,10,0.1081,0.3501,0.5038,0.0238,0.3209,224
1462499.9999999995,0.0,0.0,0.0,12.5,5.35616253356714,18,2,4,0,10,0.1081,0.3501,0.5038,0.0238,0.3209,224
1462499.9999999995,0.0,0.0,0.0,12.5,5.35616253356714,18,2,4,0,10,0.1081,0.3501,0.5038,0.0238,0.3209,224
1462499.9999999995,0.0,0.0,0.0,12.5,5.35616253356714,18,2,4,0,10,0.1081,0.3501,0.5038,0.0238,0.3209,224
1462499.9999999995,0.0,0.0,0.0,12.5,5.35616253356714,18,2,4,0,10,0.1081,0.3501,0.5038,0.0238,0.3209,224
1462499.9999999995,0.0,0.0,0.0,12.5,5.35616253356714,18,2,4,0,10,0.1081,0.3501,0.5038,0.0238,0.3209,224
1462499.9999999995,0.0,0.0,0.0,12.5,5.35616253356714,18,2,4,0,10,0.1081,0.3501,0.5038,0.0238,0.3209,224
1462499.9999999995,0.0,0.0,0.0,12.5,5.35616253356714,18,2,4,0,10,0.1081,0.3501,0.5038,0.0238,0.3209,224
1462499.9999999995,0.0,0.0,0.0,12.5,5.35616253356714,18,2,4,0,10,0.1081,0.3501,0.5038,0.0238,0.3209,224
1462499.9999999995,0.0,0.0,0.0,12.5,5.35616253356714,18,2,4,0,10,0.1081,0.3501,0.5038,0.0238,0.3209,224
2270250000.0,0.0,0.0,25225.0,25225.0,7.28246902815564,0,0,22,2,0,0.1081,0.3501,0.5038,0.0238,0.3209,-1
118560000.0,0.0,0.0,0.0,312.0,5.8905506976801,7,1,4,0,13,0.1081,0.3501,0.5038,0.0238,0.3209,226
34000000.0,0.0,0.0,0.0,180.0,5.8905506976801,7,1,4,0,13,0.1081,0.3501,0.5038,0.0238,0.3209,226
37000000.0,0.0,0.0,0.0,253.0,5.8905506976801,7,1,4,0,13,0.1081,0.3501,0.5038,0.0238,0.3209,226
107640000.0,0.0,0.0,0.0,312.0,5.8905506976801,7,1,4,0,13,0.1081,0.3501,0.5038,0.0238,0.3209,226
1462499.9999999995,0.0,0.0,0.0,12.5,5.35616253356714,18,2,4,0,10,0.1081,0.3501,0.5038,0.0238,0.3209,224
1462499.9999999995,0.0,0.0,0.0,12.5,5.35616253356714,18,2,4,0,10,0.1081,0.3501,0.5038,0.0238,0.3209,224
1462499.9999999995,0.0,0.0,0.0,12.5,5.35616253356714,18,2,4,0,10,0.1081,0.3501,0.5038,0.0238,0.3209,224
1462499.9999999995,0.0,0.0,0.0,12.5,5.35616253356714,18,2,4,0,10,0.1081,0.3501,0.5038,0.0238,0.3209,224
1462499.9999999995,0.0,0.0,0.0,12.5,5.35616253356714,18,2,4,0,10,0.1081,0.3501,0.5038,0.0238,0.3209,224
1462499.9999999995,0.0,0.0,0.0,12.5,5.35616253356714,18,2,4,0,10,0.1081,0.3501,0.5038,0.0238,0.3209,224
1462499.9999999995,0.0,0.0,0.0,12.5,5.35616253356714,18,2,4,0,10,0.1081,0.3501,0.5038,0.0238,0.3209,224
1462499.9999999995,0.0,0.0,0.0,12.5,5.35616253356714,18,2,4,0,10,0.1081,0.3501,0.5038,0.0238,0.3209,224
1462499.9999999995,0.0,0.0,0.0,12.5,5.35616253356714,18,2,4,0,10,0.1081,0.3501,0.5038,0.0238,0.3209,224
1462499.9999999995,0.0,0.0,0.0,12.5,5.35616253356714,18,2,4,0,10,0.1081,0.3501,0.5038,0.0238,0.3209,224
1462499.9999999995,0.0,0.0,0.0,12.5,5.35616253356714,18,2,4,0,10,0.1081,0.3501,0.5038,0.0238,0.3209,224
1462499.9999999995,0.0,0.0,0.0,12.5,5.35616253356714,18,2,4,0,10,0.1081,0.3501,0.5038,0.0238,0.3209,224
1462499.9999999995,0.0,0.0,0.0,12.5,5.35616253356714,18,2,4,0,10,0.1081,0.3501,0.5038,0.0238,0.3209,224
1462499.9999999995,0.0,0.0,0.0,12.5,5.35616253356714,18,2,4,0,10,0.1081,0.3501,0.5038,0.0238,0.3209,224
1462499.9999999995,0.0,0.0,0.0,12.5,5.35616253356714,18,2,4,0,10,0.1081,0.3501,0.5038,0.0238,0.3209,224
1462499.9999999995,0.0,0.0,0.0,12.5,5.35616253356714,18,2,4,0,10,0.1081,0.3501,0.5038,0.0238,0.3209,224
1462499.9999999995,0.0,0.0,0.0,12.5,5.35616253356714,18,2,4,0,10,0.1081,0.3501,0.5038,0.0238,0.3209,224
1462499.9999999995,0.0,0.0,0.0,12.5,5.35616253356714,18,2,4,0,10,0.1081,0.3501,0.5038,0.0238,0.3209,224
1462499.9999999995,0.0,0.0,0.0,12.5,5.35616253356714,18,2,4,0,10,0.1081,0.3501,0.5038,0.0238,0.3209,224
1462499.9999999995,0.0,0.0,0.0,12.5,5.35616253356714,18,2,4,0,10,0.1081,0.3501,0.5038,0.0238,0.3209,224
1462499.9999999995,0.0,0.0,0.0,12.5,5.35616253356714,18,2,4,0,10,0.1081,0.3501,0.5038,0.0238,0.3209,224
1462499.9999999995,0.0,0.0,0.0,12.5,5.35616253356714,18,2,4,0,10,0.1081,0.3501,0.5038,0.0238,0.3209,224
1462499.9999999995,0.0,0.0,0.0,12.5,5.35616253356714,18,2,4,0,10,0.1081,0.3501,0.5038,0.0238,0.3209,224
1462499.9999999995,0.0,0.0,0.0,12.5,5.35616253356714,18,2,4,0,10,0.1081,0.3501,0.5038,0.0238,0.3209,224
1462499.9999999995,0.0,0.0,0.0,12.5,5.35616253356714,18,2,4,0,10,0.1081,0.3501,0.5038,0.0238,0.3209,224
1462499.9999999995,0.0,0.0,0.0,12.5,5.35616253356714,18,2,4,0,10,0.1081,0.3501,0.5038,0.0238,0.3209,224
1462499.9999999995,0.0,0.0,0.0,12.5,5.35616253356714,18,2,4,0,10,0.1081,0.3501,0.5038,0.0238,0.3209,224
1462499.9999999995,0.0,0.0,0.0,12.5,5.35616253356714,18,2,4,0,10,0.1081,0.3501,0.5038,0.0238,0.3209,224
1462499.9999999995,0.0,0.0,0.0,12.5,5.35616253356714,18,2,4,0,10,0.1081,0.3501,0.5038,0.0238,0.3209,224
1462499.9999999995,0.0,0.0,0.0,12.5,5.35616253356714,18,2,4,0,10,0.1081,0.3501,0.5038,0.0238,0.3209,224
1462499.9999999995,0.0,0.0,0.0,12.5,5.35616253356714,18,2,4,0,10,0.1081,0.3501,0.5038,0.0238,0.3209,224
1462499.9999999995,0.0,0.0,0.0,12.5,5.35616253356714,18,2,4,0,10,0.1081,0.3501,0.5038,0.0238,0.3209,224
1462499.9999999995,0.0,0.0,0.0,12.5,5.35616253356714,18,2,4,0,10,0.1081,0.3501,0.5038,0.0238,0.3209,224
1462499.9999999995,0.0,0.0,0.0,12.5,5.35616253356714,18,2,4,0,10,0.1081,0.3501,0.5038,0.0238,0.3209,224
1462499.9999999995,0.0,0.0,0.0,12.5,5.35616253356714,18,2,4,0,10,0.1081,0.3501,0.5038,0.0238,0.3209,224
1462499.9999999995,0.0,0.0,0.0,12.5,5.35616253356714,18,2,4,0,10,0.1081,0.3501,0.5038,0.0238,0.3209,224
1462499.9999999995,0.0,0.0,0.0,12.5,5.35616253356714,18,2,4,0,10,0.1081,0.3501,0.5038,0.0238,0.3209,224
1462499.9999999995,0.0,0.0,0.0,12.5,5.35616253356714,18,2,4,0,10,0.1081,0.3501,0.5038,0.0238,0.3209,224
1462499.9999999995,0.0,0.0,0.0,12.5,5.35616253356714,18,2,4,0,10,0.1081,0.3501,0.5038,0.0238,0.3209,224
1462499.9999999995,0.0,0.0,0.0,12.5,5.35616253356714,18,2,4,0,10,0.1081,0.3501,0.5038,0.0238,0.3209,224
1462499.9999999995,0.0,0.0,0.0,12.5,5.35616253356714,18,2,4,0,10,0.1081,0.3501,0.5038,0.0238,0.3209,224
1462499.9999999995,0.0,0.0,0.0,12.5,5.35616253356714,18,2,4,0,10,0.1081,0.3501,0.5038,0.0238,0.3209,224
1462499.9999999995,0.0,0.0,0.0,12.5,5.35616253356714,18,2,4,0,10,0.1081,0.3501,0.5038,0.0238,0.3209,224
1462499.9999999995,0.0,0.0,0.0,12.5,5.35616253356714,18,2,4,0,10,0.1081,0.3501,0.5038,0.0238,0.3209,224
24750000.0,0.0,0.0,0.0,165.0,7.57761395938277,1,0,9,2,3,0.1081,0.3501,0.5038,0.0238,0.3209,228
67000000.0,0.0,0.0,0.0,458.0,7.28246902815564,0,0,22,2,0,0.1081,0.3501,0.5038,0.0238,0.3209,227
1462499.9999999995,0.0,0.0,0.0,12.5,5.35616253356714,18,2,4,0,10,0.1081,0.3501,0.5038,0.0238,0.3209,224
1462499.9999999995,0.0,0.0,0.0,12.5,5.35616253356714,18,2,4,0,10,0.1081,0.3501,0.5038,0.0238,0.3209,224
1462499.9999999995,0.0,0.0,0.0,12.5,5.35616253356714,18,2,4,0,10,0.1081,0.3501,0.5038,0.0238,0.3209,224
1462499.9999999995,0.0,0.0,0.0,12.5,5.35616253356714,18,2,4,0,10,0.1081,0.3501,0.5038,0.0238,0.3209,224
1462499.9999999995,0.0,0.0,0.0,12.5,5.35616253356714,18,2,4,0,10,0.1081,0.3501,0.5038,0.0238,0.3209,224
1462499.9999999995,0.0,0.0,0.0,12.5,5.35616253356714,18,2,4,0,10,0.1081,0.3501,0.5038,0.0238,0.3209,224
1462499.9999999995,0.0,0.0,0.0,12.5,5.35616253356714,18,2,4,0,10,0.1081,0.3501,0.5038,0.0238,0.3209,224
1462499.9999999995,0.0,0.0,0.0,12.5,5.35616253356714,18,2,4,0,10,0.1081,0.3501,0.5038,0.0238,0.3209,224
1462499.9999999995,0.0,0.0,0.0,12.5,5.35616253356714,18,2,4,0,10,0.1081,0.3501,0.5038,0.0238,0.3209,224
1462499.9999999995,0.0,0.0,0.0,12.5,5.35616253356714,18,2,4,0,10,0.1081,0.3501,0.5038,0.0238,0.3209,224
1462499.9999999995,0.0,0.0,0.0,12.5,5.35616253356714,18,2,4,0,10,0.1081,0.3501,0.5038,0.0238,0.3209,224
1462499.9999999995,0.0,0.0,0.0,12.5,5.35616253356714,18,2,4,0,10,0.1081,0.3501,0.5038,0.0238,0.3209,224
1462499.9999999995,0.0,0.0,0.0,12.5,5.35616253356714,18,2,4,0,10,0.1081,0.3501,0.5038,0.0238,0.3209,224
1462499.9999999995,0.0,0.0,0.0,12.5,5.35616253356714,18,2,4,0,10,0.1081,0.3501,0.5038,0.0238,0.3209,224
1462499.9999999995,0.0,0.0,0.0,12.5,5.35616253356714,18,2,4,0,10,0.1081,0.3501,0.5038,0.0238,0.3209,224
78349999.99999999,0.0,0.0,0.0,188.0,5.8905506976801,7,1,4,0,13,0.1081,0.3501,0.5038,0.0238,0.3209,226
1462499.9999999995,0.0,0.0,0.0,12.5,5.35616253356714,18,2,4,0,10,0.1081,0.3501,0.5038,0.0238,0.3209,224
1462499.9999999995,0.0,0.0,0.0,12.5,5.35616253356714,18,2,4,0,10,0.1081,0.3501,0.5038,0.0238,0.3209,224
1462499.9999999995,0.0,0.0,0.0,12.5,5.35616253356714,18,2,4,0,10,0.1081,0.3501,0.5038,0.0238,0.3209,224
1462499.9999999995,0.0,0.0,0.0,12.5,5.35616253356714,18,2,4,0,10,0.1081,0.3501,0.5038,0.0238,0.3209,224
1462499.9999999995,0.0,0.0,0.0,12.5,5.35616253356714,18,2,4,0,10,0.1081,0.3501,0.5038,0.0238,0.3209,224
1462499.9999999995,0.0,0.0,0.0,12.5,5.35616253356714,18,2,4,0,10,0.1081,0.3501,0.5038,0.0238,0.3209,224
1462499.9999999995,0.0,0.0,0.0,12.5,5.35616253356714,18,2,4,0,10,0.1081,0.3501,0.5038,0.0238,0.3209,224
1462499.9999999995,0.0,0.0,0.0,12.5,5.35616253356714,18,2,4,0,10,0.1081,0.3501,0.5038,0.0238,0.3209,224
1462499.9999999995,0.0,0.0,0.0,12.5,5.35616253356714,18,2,4,0,10,0.1081,0.3501,0.5038,0.0238,0.3209,224
1462499.9999999995,0.0,0.0,0.0,12.5,5.35616253356714,18,2,4,0,10,0.1081,0.3501,0.5038,0.0238,0.3209,224
1462499.9999999995,0.0,0.0,0.0,12.5,5.35616253356714,18,2,4,0,10,0.1081,0.3501,0.5038,0.0238,0.3209,224
1462499.9999999995,0.0,0.0,0.0,12.5,5.35616253356714,18,2,4,0,10,0.1081,0.3501,0.5038,0.0238,0.3209,224
1462499.9999999995,0.0,0.0,0.0,12.5,5.35616253356714,18,2,4,0,10,0.1081,0.3501,0.5038,0.0238,0.3209,224
1462499.9999999995,0.0,0.0,0.0,12.5,5.35616253356714,18,2,4,0,10,0.1081,0.3501,0.5038,0.0238,0.3209,224
1462499.9999999995,0.0,0.0,0.0,12.5,5.35616253356714,18,2,4,0,10,0.1081,0.3501,0.5038,0.0238,0.3209,224
1462499.9999999995,0.0,0.0,0.0,12.5,5.35616253356714,18,2,4,0,10,0.1081,0.3501,0.5038,0.0238,0.3209,224
1462499.9999999995,0.0,0.0,0.0,12.5,5.35616253356714,18,2,4,0,10,0.1081,0.3501,0.5038,0.0238,0.3209,224
1462499.9999999995,0.0,0.0,0.0,12.5,5.35616253356714,18,2,4,0,10,0.1081,0.3501,0.5038,0.0238,0.3209,224
1462499.9999999995,0.0,0.0,0.0,12.5,5.35616253356714,18,2,4,0,10,0.1081,0.3501,0.5038,0.0238,0.3209,224
1462499.9999999995,0.0,0.0,0.0,12.5,5.35616253356714,18,2,4,0,10,0.1081,0.3501,0.5038,0.0238,0.3209,224
1462499.9999999995,0.0,0.0,0.0,12.5,5.35616253356714,18,2,4,0,10,0.1081,0.3501,0.5038,0.0238,0.3209,224
1462499.9999999995,0.0,0.0,0.0,12.5,5.35616253356714,18,2,4,0,10,0.1081,0.3501,0.5038,0.0238,0.3209,224
1462499.9999999995,0.0,0.0,0.0,12.5,5.35616253356714,18,2,4,0,10,0.1081,0.3501,0.5038,0.0238,0.3209,224
1462499.9999999995,0.0,0.0,0.0,12.5,5.35616253356714,18,2,4,0,10,0.1081,0.3501,0.5038,0.0238,0.3209,224
1462499.9999999995,0.0,0.0,0.0,12.5,5.35616253356714,18,2,4,0,10,0.1081,0.3501,0.5038,0.0238,0.3209,224
1462499.9999999995,0.0,0.0,0.0,12.5,5.35616253356714,18,2,4,0,10,0.1081,0.3501,0.5038,0.0238,0.3209,224
1462499.9999999995,0.0,0.0,0.0,12.5,5.35616253356714,18,2,4,0,10,0.1081,0.3501,0.5038,0.0238,0.3209,224
34000000.0,0.0,0.0,0.0,180.0,5.91840794458101,7,1,5,0,13,0.1081,0.3501,0.5038,0.0238,0.3209,226
48000000.0,0.0,0.0,0.0,251.0,5.91840794458101,7,1,5,0,13,0.1081,0.3501,0.5038,0.0238,0.3209,226
6800000000.0,0.0,0.0,0.0,18000.0,5.35619532432503,18,2,4,0,10,0.1081,0.3501,0.5038,0.0238,0.3209,224
2900000.0,0.0,0.0,0.0,19.52,4.51032539959383,3,0,6,1,0,0.1081,0.3501,0.5038,0.0238,0.3209,223
1143000000.0,0.0,0.0,0.0,2079.0,4.51032539959383,3,0,6,1,0,0.1081,0.3501,0.5038,0.0238,0.3209,223
1143000000.0,0.0,0.0,0.0,2079.0,4.51032539959383,3,0,6,1,0,0.1081,0.3501,0.5038,0.0238,0.3209,223
23711000.0,0.0,0.0,0.0,200.0,5.35616253356714,18,2,4,0,10,0.1081,0.3501,0.5038,0.0238,0.3209,224
1143450000.0,0.0,0.0,0.0,2079.0,4.51032539959383,3,0,6,1,0,0.1081,0.3501,0.5038,0.0238,0.3209,223
49999999.99999999,0.0,0.0,0.0,450.0,5.35616253356714,18,2,4,0,10,0.1081,0.3501,0.5038,0.0238,0.3209,224
1456020000.0,0.0,0.0,0.0,24267.0,7.28246902815564,0,0,22,2,0,0.1081,0.3501,0.5038,0.0238,0.3209,227
240000000.0,0.0,0.0,0.0,800.0,4.51032539959383,3,0,6,1,0,0.1081,0.3501,0.5038,0.0238,0.3209,223
19500000.0,0.0,0.0,0.0,200.0,4.51032539959383,3,0,6,1,0,0.1081,0.3501,0.5038,0.0238,0.3209,223
86480000.0,0.0,0.0,0.0,188.0,5.35616253356714,18,2,4,0,10,0.1081,0.3501,0.5038,0.0238,0.3209,224
296450000.0,0.0,0.0,0.0,539.0,5.8905506976801,7,1,4,0,13,0.1081,0.3501,0.5038,0.0238,0.3209,226
54600000.0,0.0,0.0,470.0,470.0,4.51032539959383,3,0,6,1,0,0.1081,0.3501,0.5038,0.0238,0.3209,-1
28000000.0,0.0,0.0,0.0,171.0,7.00225821828519,2,0,12,2,7,0.1081,0.3501,0.5038,0.0238,0.3209,225
1500000.0,0.0,0.0,0.0,120.0,7.98346806641389,0,0,6,0,0,0.1081,0.3501,0.5038,0.0238,0.3209,223
73100000.0,0.0,0.0,0.0,215.0,5.8905506976801,7,1,4,0,13,0.1081,0.3501,0.5038,0.0238,0.3209,226
57999999.99999999,0.0,0.0,0.0,400.0,4.51032539959383,3,0,6,1,0,0.1081,0.3501,0.5038,0.0238,0.3209,223
1200000.0,0.0,0.0,0.0,120.0,8.57661679581266,0,0,5,0,0,0.1081,0.3501,0.5038,0.0238,0.3209,223
108117000.0,0.0,0.0,0.0,293.0,4.45727089017675,12,0,7,1,4,0.1081,0.3501,0.5038,0.0238,0.3209,-1
49999999.99999999,0.0,0.0,0.0,400.0,5.63916417531465,7,1,12,0,7,0.1081,0.3501,0.5038,0.0238,0.3209,-1
655150000.0,0.0,0.0,0.0,26206.0,8.57661679581266,0,0,5,0,0,0.1081,0.3501,0.5038,0.0238,0.3209,223
7000000.0,0.0,0.0,0.0,371.0,8.57661679581266,0,0,5,0,0,0.1081,0.3501,0.5038,0.0238,0.3209,223
78078000.0,0.0,0.0,0.0,185.9,5.83432122425965,10,2,8,0,10,0.1081,0.3501,0.5038,0.0238,0.3209,-1
35175000.0,0.0,0.0,0.0,400.0,4.51032539959383,3,0,6,1,0,0.1081,0.3501,0.5038,0.0238,0.3209,223
40000000.0,0.0,0.0,0.0,400.0,4.51032539959383,3,0,6,1,0,0.1081,0.3501,0.5038,0.0238,0.3209,223
44745000.0,0.0,0.0,0.0,471.0,4.51032539959383,3,0,6,1,0,0.1081,0.3501,0.5038,0.0238,0.3209,223
73100000.0,0.0,0.0,0.0,215.0,5.8905506976801,7,1,4,0,13,0.1081,0.3501,0.5038,0.0238,0.3209,226
80600000.0,0.0,0.0,0.0,188.0,5.83432122425965,10,2,8,0,10,0.1081,0.3501,0.5038,0.0238,0.3209,-1
94000000.0,0.0,0.0,0.0,188.0,5.35616253356714,18,2,4,0,10,0.1081,0.3501,0.5038,0.0238,0.3209,224
13950000.0,0.0,0.0,0.0,563.0,8.25733943393093,1,0,11,1,3,0.1081,0.3501,0.5038,0.0238,0.3209,-1
258720000.0,0.0,0.0,0.0,539.0,5.35616253356714,18,2,4,0,10,0.1081,0.3501,0.5038,0.0238,0.3209,224
1000000000.0,0.0,0.0,0.0,2000.0,5.35616253356714,18,2,4,0,10,0.1081,0.3501,0.5038,0.0238,0.3209,224
23000000.000000004,0.0,0.0,0.0,136.0,7.57761395938277,1,0,9,2,3,0.1081,0.3501,0.5038,0.0238,0.3209,228
80000000.0,0.0,0.0,0.0,188.0,5.35616253356714,18,2,4,0,10,0.1081,0.3501,0.5038,0.0238,0.3209,224
67000000.0,0.0,0.0,0.0,187.0,5.8905506976801,7,1,4,0,13,0.1081,0.3501,0.5038,0.0238,0.3209,226
884000000.0,0.0,0.0,0.0,2210.0,4.51032539959383,3,0,6,1,0,0.1081,0.3501,0.5038,0.0238,0.3209,223
8000000.0,0.0,0.0,0.0,120.0,5.35616253356714,18,2,4,0,10,0.1081,0.3501,0.5038,0.0238,0.3209,224
62000000.00000001,0.0,0.0,0.0,400.0,4.51032539959383,3,0,6,1,0,0.1081,0.3501,0.5038,0.0238,0.3209,223
19800000.000000004,0.0,0.0,0.0,132.0,7.57761395938277,1,0,9,2,3,0.1081,0.3501,0.5038,0.0238,0.3209,228
80000000.0,0.0,0.0,0.0,188.0,5.8905506976801,7,1,4,0,13,0.1081,0.3501,0.5038,0.0238,0.3209,226
55000000.0,0.0,0.0,0.0,400.0,4.51032539959383,3,0,6,1,0,0.1081,0.3501,0.5038,0.0238,0.3209,223
78960000.0,0.0,0.0,0.0,188.0,5.8905506976801,7,1,4,0,13,0.1081,0.3501,0.5038,0.0238,0.3209,226
81600000.0,0.0,0.0,0.0,204.0,5.8905506976801,7,1,4,0,13,0.1081,0.3501,0.5038,0.0238,0.3209,226
90000000.0,0.0,0.0,0.0,216.0,5.8905506976801,7,1,4,0,13,0.1081,0.3501,0.5038,0.0238,0.3209,226
90000000.0,0.0,0.0,0.0,216.0,5.8905506976801,7,1,4,0,13,0.1081,0.3501,0.5038,0.0238,0.3209,226
78000000.0,0.0,0.0,0.0,188.0,5.8905506976801,7,1,4,0,13,0.1081,0.3501,0.5038,0.0238,0.3209,226
36000000.0,0.0,0.0,0.0,400.0,4.51032539959383,3,0,6,1,0,0.1081,0.3501,0.5038,0.0238,0.3209,223
66900000.0,0.0,0.0,0.0,197.0,5.8905506976801,7,1,4,0,13,0.1081,0.3501,0.5038,0.0238,0.3209,226
68500000.0,0.0,0.0,0.0,800.0,7.00225821828519,2,0,12,2,7,0.1081,0.3501,0.5038,0.0238,0.3209,225
40000000.0,0.0,0.0,0.0,433.0,4.51032539959383,3,0,6,1,0,0.1081,0.3501,0.5038,0.0238,0.3209,223
17640000.0,0.0,0.0,0.0,112.0,7.57761395938277,1,0,9,2,3,0.1081,0.3501,0.5038,0.0238,0.3209,228
21300000.0,0.0,0.0,0.0,142.0,7.57761395938277,1,0,9,2,3,0.1081,0.3501,0.5038,0.0238,0.3209,228
135000000.0,0.0,0.0,0.0,300.0,5.35616253356714,18,2,4,0,10,0.1081,0.3501,0.5038,0.0238,0.3209,224
100000000.0,0.0,0.0,0.0,5000.0,5.89239031113789,4,0,18,0,0,0.1081,0.3501,0.5038,0.0238,0.3209,229
700000000.0,0.0,0.0,0.0,4321.0,5.35619532432503,18,2,4,0,10,0.1081,0.3501,0.5038,0.0238,0.3209,224
5100000000.0,0.0,0.0,0.0,17000.0,3.84557488253041,8,0,7,1,2,0.1081,0.3501,0.5038,0.0238,0.3209,-1
730000000.0000001,0.0,0.0,0.0,1850.0,5.35619532432503,18,2,4,0,10,0.1081,0.3501,0.5038,0.0238,0.3209,224
2500000000.0,0.0,0.0,0.0,3450.0,5.35619532432503,18,2,4,0,10,0.1081,0.3501,0.5038,0.0238,0.3209,224
1200000000.0,0.0,0.0,0.0,1008.0,5.35619532432503,18,2,4,0,10,0.1081,0.3501,0.5038,0.0238,0.3209,224
2500000000.0,0.0,0.0,0.0,3500.0,5.35619532432503,18,2,4,0,10,0.1081,0.3501,0.5038,0.0238,0.3209,224
2000000000.0,0.0,0.0,0.0,3420.0,5.35619532432503,18,2,4,0,10,0.1081,0.3501,0.5038,0.0238,0.3209,224
3500000000.0,0.0,0.0,0.0,4669.0,5.35619532432503,18,2,4,0,10,0.1081,0.3501,0.5038,0.0238,0.3209,224
1824000000.0,0.0,0.0,0.0,2432.0,4.51032539959383,3,0,6,1,0,0.1081,0.3501,0.5038,0.0238,0.3209,223
54900000.0,0.0,0.0,0.0,460.0,4.51032539959383,3,0,6,1,0,0.1081,0.3501,0.5038,0.0238,0.3209,223
912000000.0,0.0,0.0,0.0,24267.0,8.34397315479679,0,0,16,0,2,0.1081,0.3501,0.5038,0.0238,0.3209,-1
213360000.0,0.0,0.0,0.0,6096.0,8.68909570796529,1,0,7,0,1,0.1081,0.3501,0.5038,0.0238,0.3209,223
9600000000.0,0.0,0.0,0.0,185.0,5.35616253356714,18,2,4,0,10,0.1081,0.3501,0.5038,0.0238,0.3209,224
8600000000.0,0.0,0.0,0.0,150.0,5.35616253356714,18,2,4,0,10,0.1081,0.3501,0.5038,0.0238,0.3209,224
79900000.0,0.0,0.0,0.0,188.0,7.28246902815564,0,0,22,2,0,0.1081,0.3501,0.5038,0.0238,0.3209,227
65000000.0,0.0,0.0,0.0,421.0,4.51032539959383,3,0,6,1,0,0.1081,0.3501,0.5038,0.0238,0.3209,223
21300000.0,0.0,0.0,0.0,142.0,7.57761395938277,1,0,9,2,3,0.1081,0.3501,0.5038,0.0238,0.3209,228
85650000.0,0.0,0.0,0.0,2885.0,9.33137032355731,0,0,9,0,1,0.1081,0.3501,0.5038,0.0238,0.3209,223
19000000.000000004,0.0,0.0,0.0,200.0,4.51032539959383,3,0,6,1,0,0.1081,0.3501,0.5038,0.0238,0.3209,223
89900000.0,0.0,0.0,0.0,216.0,5.8905506976801,7,1,4,0,13,0.1081,0.3501,0.5038,0.0238,0.3209,226
830000000.0,0.0,0.0,0.0,2071.0,5.35616253356714,18,2,4,0,10,0.1081,0.3501,0.5038,0.0238,0.3209,224
1041900000.0,0.0,0.0,0.0,1812.0,5.35616253356714,18,2,4,0,10,0.1081,0.3501,0.5038,0.0238,0.3209,224
9200000000.0,0.0,0.0,0.0,179.0,5.35616253356714,18,2,4,0,10,0.1081,0.3501,0.5038,0.0238,0.3209,224
7150000000.0,0.0,0.0,0.0,115.0,5.35616253356714,18,2,4,0,10,0.1081,0.3501,0.5038,0.0238,0.3209,224
350000000.0,0.0,0.0,0.0,1812.0,5.35619532432503,18,2,4,0,10,0.1081,0.3501,0.5038,0.0238,0.3209,224
1400000000.0,0.0,0.0,0.0,10400.0,5.35619532432503,18,2,4,0,10,0.1081,0.3501,0.5038,0.0238,0.3209,224
630000000.0,0.0,0.0,0.0,1050.0,5.35619532432503,18,2,4,0,10,0.1081,0.3501,0.5038,0.0238,0.3209,224
2600000000.0,0.0,0.0,0.0,3417.0,5.35619532432503,18,2,4,0,10,0.1081,0.3501,0.5038,0.0238,0.3209,224
3500000000.0,0.0,0.0,0.0,7034.0,5.35619532432503,18,2,4,0,10,0.1081,0.3501,0.5038,0.0238,0.3209,224
2975000000.0,0.0,0.0,0.0,7304.0,5.35616253356714,18,2,4,0,10,0.1081,0.3501,0.5038,0.0238,0.3209,224
16745000.0,0.0,0.0,0.0,197.0,7.65546228597667,1,0,9,2,3,0.1081,0.3501,0.5038,0.0238,0.3209,228
300000000.0,0.0,0.0,0.0,5000.0,5.35619532432503,18,2,4,0,10,0.1081,0.3501,0.5038,0.0238,0.3209,224
3847100000.0,0.0,0.0,0.0,2263.0,5.35616253356714,18,2,4,0,10,0.1081,0.3501,0.5038,0.0238,0.3209,224
65000000.0,0.0,0.0,0.0,421.0,4.51032539959383,3,0,6,1,0,0.1081,0.3501,0.5038,0.0238,0.3209,223
2500000000.0,0.0,0.0,0.0,3400.0,5.35616253356714,18,2,4,0,10,0.1081,0.3501,0.5038,0.0238,0.3209,224
1900000.0,0.0,0.0,0.0,12.2,5.35616253356714,18,2,4,0,10,0.1081,0.3501,0.5038,0.0238,0.3209,224
48000000.0,0.0,0.0,0.0,546.0,4.51032539959383,3,0,6,1,0,0.1081,0.3501,0.5038,0.0238,0.3209,223
40000000.0,0.0,0.0,0.0,400.0,4.51032539959383,3,0,6,1,0,0.1081,0.3501,0.5038,0.0238,0.3209,223
135000000.0,0.0,0.0,0.0,300.0,5.8905506976801,7,1,4,0,13,0.1081,0.3501,0.5038,0.0238,0.3209,226
239789700.0,0.0,0.0,0.0,7993.0,8.57661679581266,0,0,5,0,0,0.1081,0.3501,0.5038,0.0238,0.3209,223
4985941558.0,0.0,0.0,0.0,2265.0,5.35616253356714,18,2,4,0,10,0.1081,0.3501,0.5038,0.0238,0.3209,224
135000000.0,0.0,0.0,0.0,300.0,5.35616253356714,18,2,4,0,10,0.1081,0.3501,0.5038,0.0238,0.3209,224
800275000.0000001,0.0,0.0,0.0,22865.0,9.33137032355731,0,0,9,0,1,0.1081,0.3501,0.5038,0.0238,0.3209,223
720000000.0,0.0,0.0,0.0,1800.0,5.57313309149211,24,0,15,1,6,0.1081,0.3501,0.5038,0.0238,0.3209,-1
140000000.0,0.0,0.0,0.0,1400.0,5.89239031113789,4,0,18,0,0,0.1081,0.3501,0.5038,0.0238,0.3209,229
2000000000.0,0.0,0.0,0.0,100000.0,5.89239031113789,4,0,18,0,0,0.1081,0.3501,0.5038,0.0238,0.3209,229
884000000.0,0.0,0.0,0.0,2210.0,4.51032539959383,3,0,6,1,0,0.1081,0.3501,0.5038,0.0238,0.3209,223
300000000.0,0.0,0.0,0.0,1589.0,5.35619532432503,18,2,4,0,10,0.1081,0.3501,0.5038,0.0238,0.3209,224
2000000000.0,0.0,0.0,0.0,3500.0,5.35619532432503,18,2,4,0,10,0.1081,0.3501,0.5038,0.0238,0.3209,224
3600000000.0,0.0,0.0,0.0,12000.0,5.35619532432503,18,2,4,0,10,0.1081,0.3501,0.5038,0.0238,0.3209,224
420000000.0,0.0,0.0,0.0,2071.0,5.35619532432503,18,2,4,0,10,0.1081,0.3501,0.5038,0.0238,0.3209,224
240000000.0,0.0,0.0,0.0,944.0,5.35619532432503,18,2,4,0,10,0.1081,0.3501,0.5038,0.0238,0.3209,224
250000000.0,0.0,0.0,0.0,988.0,5.35619532432503,18,2,4,0,10,0.1081,0.3501,0.5038,0.0238,0.3209,224
2000000000.0,0.0,0.0,0.0,3417.0,5.35616253356714,18,2,4,0,10,0.1081,0.3501,0.5038,0.0238,0.3209,224
94000000.0,0.0,0.0,0.0,188.0,5.35616253356714,18,2,4,0,10,0.1081,0.3501,0.5038,0.0238,0.3209,224
137900000.0,0.0,0.0,0.0,300.0,5.35616253356714,18,2,4,0,10,0.1081,0.3501,0.5038,0.0238,0.3209,224
30000000.0,0.0,0.0,0.0,400.0,4.51032539959383,3,0,6,1,0,0.1081,0.3501,0.5038,0.0238,0.3209,223
30000000.0,0.0,0.0,0.0,400.0,5.35616253356714,18,2,4,0,10,0.1081,0.3501,0.5038,0.0238,0.3209,224
134960000.0,0.0,0.0,0.0,3374.0,9.33137032355731,0,0,9,0,1,0.1081,0.3501,0.5038,0.0238,0.3209,223
94000000.0,0.0,0.0,0.0,188.0,5.8905506976801,7,1,4,0,13,0.1081,0.3501,0.5038,0.0238,0.3209,226
1042189590.0,0.0,0.0,0.0,2210.0,5.48539967239371,23,0,10,1,6,0.1081,0.3501,0.5038,0.0238,0.3209,-1
17640000.0,0.0,0.0,0.0,112.0,7.57761395938277,1,0,9,2,3,0.1081,0.3501,0.5038,0.0238,0.3209,228
1911000000.0,0.0,0.0,0.0,1200.0,5.35616253356714,18,2,4,0,10,0.1081,0.3501,0.5038,0.0238,0.3209,224
830000000.0,0.0,0.0,0.0,2071.0,5.35616253356714,18,2,4,0,10,0.1081,0.3501,0.5038,0.0238,0.3209,224
543600000.0,0.0,0.0,0.0,1812.0,7.98346806641389,0,0,6,0,0,0.1081,0.3501,0.5038,0.0238,0.3209,223
2500000000.0,0.0,0.0,0.0,3400.0,5.35616253356714,18,2,4,0,10,0.1081,0.3501,0.5038,0.0238,0.3209,224
270750000.0,0.0,0.0,0.0,1083.0,5.35619532432503,18,2,4,0,10,0.1081,0.3501,0.5038,0.0238,0.3209,224
340000000.0,0.0,0.0,0.0,12000.0,5.89239031113789,4,0,18,0,0,0.1081,0.3501,0.5038,0.0238,0.3209,229
240000000.0,0.0,0.0,0.0,941.0,5.35619532432503,18,2,4,0,10,0.1081,0.3501,0.5038,0.0238,0.3209,224
950000000.0,0.0,0.0,0.0,1188.0,5.35619532432503,18,2,4,0,10,0.1081,0.3501,0.5038,0.0238,0.3209,224
855000000.0,0.0,0.0,0.0,2432.0,5.89239031113789,4,0,18,0,0,0.1081,0.3501,0.5038,0.0238,0.3209,229
100825000.0,0.0,0.0,0.0,545.0,4.45727089017675,12,0,7,1,4,0.1081,0.3501,0.5038,0.0238,0.3209,-1
1250000000.0,0.0,0.0,0.0,1667.0,5.35619532432503,18,2,4,0,10,0.1081,0.3501,0.5038,0.0238,0.3209,224
720000000.0,0.0,0.0,0.0,4000.0,5.35619532432503,18,2,4,0,10,0.1081,0.3501,0.5038,0.0238,0.3209,224
965000000.0,0.0,0.0,0.0,3458.0,5.35619532432503,18,2,4,0,10,0.1081,0.3501,0.5038,0.0238,0.3209,224
210000000.0,0.0,0.0,0.0,14000.0,5.89239031113789,4,0,18,0,0,0.1081,0.3501,0.5038,0.0238,0.3209,229
1200000000.0,0.0,0.0,0.0,1153.0,5.35619532432503,18,2,4,0,10,0.1081,0.3501,0.5038,0.0238,0.3209,224
1300000000.0,0.0,0.0,0.0,1650.0,5.35619532432503,18,2,4,0,10,0.1081,0.3501,0.5038,0.0238,0.3209,224
710000000000.0,0.0,0.0,0.0,200.0,5.35616253356714,18,2,4,0,10,0.1081,0.3501,0.5038,0.0238,0.3209,-1
8800000000.0,0.0,0.0,0.0,160.0,5.35616253356714,18,2,4,0,10,0.1081,0.3501,0.5038,0.0238,0.3209,224
7280000.0,0.0,0.0,0.0,125.0,5.35616253356714,18,2,4,0,10,0.1081,0.3501,0.5038,0.0238,0.3209,224
849345000.0,0.0,0.0,0.0,24267.0,9.33137032355731,0,0,9,0,1,0.1081,0.3501,0.5038,0.0238,0.3209,223
9500000000.0,0.0,0.0,0.0,183.0,5.35616253356714,18,2,4,0,10,0.1081,0.3501,0.5038,0.0238,0.3209,224
8000000000.0,0.0,0.0,0.0,143.0,5.35616253356714,18,2,4,0,10,0.1081,0.3501,0.5038,0.0238,0.3209,224
7200000000.0,0.0,0.0,0.0,118.0,5.35616253356714,18,2,4,0,10,0.1081,0.3501,0.5038,0.0238,0.3209,224
975000000.0,0.0,0.0,0.0,5440.0,5.35619532432503,18,2,4,0,10,0.1081,0.3501,0.5038,0.0238,0.3209,224
1500000000.0,0.0,0.0,0.0,8689.0,5.35619532432503,18,2,4,0,10,0.1081,0.3501,0.5038,0.0238,0.3209,224
275000000.0,0.0,0.0,0.0,600.0,5.35619532432503,18,2,4,0,10,0.1081,0.3501,0.5038,0.0238,0.3209,224
200000000.0,0.0,0.0,0.0,24585.0,5.89239031113789,4,0,18,0,0,0.1081,0.3501,0.5038,0.0238,0.3209,229
250000000.0,0.0,0.0,0.0,960.0,5.35619532432503,18,2,4,0,10,0.1081,0.3501,0.5038,0.0238,0.3209,224
950000000.0,0.0,0.0,0.0,1188.0,5.35619532432503,18,2,4,0,10,0.1081,0.3501,0.5038,0.0238,0.3209,224
850000000.0,0.0,0.0,0.0,2432.0,5.35619532432503,18,2,4,0,10,0.1081,0.3501,0.5038,0.0238,0.3209,224
19000000000.0,0.0,0.0,0.0,139000.0,5.35619532432503,18,2,4,0,10,0.1081,0.3501,0.5038,0.0238,0.3209,-1
2700000000.0,0.0,0.0,0.0,3417.0,5.35619532432503,18,2,4,0,10,0.1081,0.3501,0.5038,0.0238,0.3209,224
670000000.0,0.0,0.0,0.0,2300.0,5.35619532432503,18,2,4,0,10,0.1081,0.3501,0.5038,0.0238,0.3209,224
82500000.0,0.0,0.0,0.0,800.0,4.51032539959383,3,0,6,1,0,0.1081,0.3501,0.5038,0.0238,0.3209,223
275900000.0,0.0,0.0,0.0,600.0,5.35616253356714,18,2,4,0,10,0.1081,0.3501,0.5038,0.0238,0.3209,224
40000000.0,0.0,0.0,0.0,400.0,4.51032539959383,3,0,6,1,0,0.1081,0.3501,0.5038,0.0238,0.3209,223
1150000000.0,0.0,0.0,0.0,3015.0,5.35616253356714,18,2,4,0,10,0.1081,0.3501,0.5038,0.0238,0.3209,224
780000000.0,0.0,0.0,0.0,2432.0,5.57313309149211,24,0,15,1,6,0.1081,0.3501,0.5038,0.0238,0.3209,-1
19000000.000000004,0.0,0.0,0.0,112.0,7.57761395938277,1,0,9,2,3,0.1081,0.3501,0.5038,0.0238,0.3209,228
15200000000.0,0.0,0.0,0.0,19000.0,5.35616253356714,18,2,4,0,10,0.1081,0.3501,0.5038,0.0238,0.3209,-1
1800000000.0,0.0,0.0,0.0,180000.0,7.28246902815564,0,0,22,2,0,0.1081,0.3501,0.5038,0.0238,0.3209,227
28000000.0,0.0,0.0,0.0,272.0,5.8905506976801,7,1,4,0,13,0.1081,0.3501,0.5038,0.0238,0.3209,226
78000000.0,0.0,0.0,0.0,400.0,4.51032539959383,3,0,6,1,0,0.1081,0.3501,0.5038,0.0238,0.3209,223
40000000.0,0.0,0.0,0.0,400.0,4.51032539959383,3,0,6,1,0,0.1081,0.3501,0.5038,0.0238,0.3209,223
2100000.0,0.0,0.0,0.0,4.0,4.51032539959383,3,0,6,1,0,0.1081,0.3501,0.5038,0.0238,0.3209,223
40000000.0,0.0,0.0,0.0,400.0,4.51032539959383,3,0,6,1,0,0.1081,0.3501,0.5038,0.0238,0.3209,223
17000000.0,0.0,0.0,0.0,200.0,4.51032539959383,3,0,6,1,0,0.1081,0.3501,0.5038,0.0238,0.3209,223
1800000.0,0.0,0.0,0.0,12.5,5.35616253356714,18,2,4,0,10,0.1081,0.3501,0.5038,0.0238,0.3209,224
42390000.0,0.0,0.0,0.0,471.0,4.51032539959383,3,0,6,1,0,0.1081,0.3501,0.5038,0.0238,0.3209,223
150000000.0,0.0,0.0,0.0,300.0,5.35616253356714,18,2,4,0,10,0.1081,0.3501,0.5038,0.0238,0.3209,224
58940000.0,0.0,0.0,0.0,4210.0,9.28546714726104,0,0,3,0,0,0.1081,0.3501,0.5038,0.0238,0.3209,223
43599999.99999999,0.0,0.0,0.0,400.0,4.51032539959383,3,0,6,1,0,0.1081,0.3501,0.5038,0.0238,0.3209,223
62280000.0,0.0,0.0,0.0,2076.0,9.28546714726104,0,0,3,0,0,0.1081,0.3501,0.5038,0.0238,0.3209,223
4200000000.0,0.0,0.0,0.0,2800.0,5.35616253356714,18,2,4,0,10,0.1081,0.3501,0.5038,0.0238,0.3209,224
35000000.0,0.0,0.0,0.0,400.0,4.51032539959383,3,0,6,1,0,0.1081,0.3501,0.5038,0.0238,0.3209,223
35000000.0,0.0,0.0,0.0,400.0,4.51032539959383,3,0,6,1,0,0.1081,0.3501,0.5038,0.0238,0.3209,223
78396000.0,0.0,0.0,0.0,188.0,5.8905506976801,7,1,4,0,13,0.1081,0.3501,0.5038,0.0238,0.3209,226
68500000.0,0.0,0.0,0.0,800.0,4.51032539959383,3,0,6,1,0,0.1081,0.3501,0.5038,0.0238,0.3209,223
345600000.0,0.0,0.0,0.0,11520.0,5.35616253356714,18,2,4,0,10,0.1081,0.3501,0.5038,0.0238,0.3209,224
301640000.0,0.0,0.0,0.0,15082.0,9.28546714726104,0,0,3,0,0,0.1081,0.3501,0.5038,0.0238,0.3209,223
1200000000.0,0.0,0.0,0.0,995.0,5.35616253356714,18,2,4,0,10,0.1081,0.3501,0.5038,0.0238,0.3209,224
14986000.0,0.0,0.0,0.0,127.0,7.57761395938277,1,0,9,2,3,0.1081,0.3501,0.5038,0.0238,0.3209,228
44745000.0,0.0,0.0,0.0,471.0,4.51032539959383,3,0,6,1,0,0.1081,0.3501,0.5038,0.0238,0.3209,223
24750000.0,0.0,0.0,0.0,165.0,7.57761395938277,1,0,9,2,3,0.1081,0.3501,0.5038,0.0238,0.3209,228
55000000.0,0.0,0.0,0.0,389.0,4.51032539959383,3,0,6,1,0,0.1081,0.3501,0.5038,0.0238,0.3209,223
35000000.0,0.0,0.0,0.0,250.0,4.51032539959383,3,0,6,1,0,0.1081,0.3501,0.5038,0.0238,0.3209,223
123900000.0,0.0,0.0,0.0,354.0,4.45727089017675,12,0,7,1,4,0.1081,0.3501,0.5038,0.0238,0.3209,-1
354600000.0,0.0,0.0,0.0,11520.0,7.06470902272436,0,0,19,2,2,0.1081,0.3501,0.5038,0.0238,0.3209,-1
1041900000.0,0.0,0.0,0.0,1812.0,5.35616253356714,18,2,4,0,10,0.1081,0.3501,0.5038,0.0238,0.3209,224
39000000.0,0.0,0.0,0.0,400.0,4.51032539959383,3,0,6,1,0,0.1081,0.3501,0.5038,0.0238,0.3209,223
40000000.0,0.0,0.0,0.0,400.0,4.51032539959383,3,0,6,1,0,0.1081,0.3501,0.5038,0.0238,0.3209,223
1850000.0,0.0,0.0,0.0,12.5,5.01691235551211,18,1,4,0,7,0.1081,0.3501,0.5038,0.0238,0.3209,-1
22300000.0,0.0,0.0,0.0,149.0,7.00225821828519,2,0,12,2,7,0.1081,0.3501,0.5038,0.0238,0.3209,225
49500000.0,0.0,0.0,0.0,450.0,4.51032539959383,3,0,6,1,0,0.1081,0.3501,0.5038,0.0238,0.3209,223
240000000.0,0.0,0.0,0.0,1200.0,4.51032539959383,3,0,6,1,0,0.1081,0.3501,0.5038,0.0238,0.3209,223
33000000.0,0.0,0.0,0.0,400.0,5.35616253356714,18,2,4,0,10,0.1081,0.3501,0.5038,0.0238,0.3209,224
37000000.0,0.0,0.0,0.0,400.0,4.51032539959383,3,0,6,1,0,0.1081,0.3501,0.5038,0.0238,0.3209,223
40000000.0,0.0,0.0,0.0,38.0,5.52119205541791,6,0,15,0,1,0.1081,0.3501,0.5038,0.0238,0.3209,-1
24000000.0,0.0,0.0,0.0,171.0,7.57761395938277,1,0,9,2,3,0.1081,0.3501,0.5038,0.0238,0.3209,228
22000000.0,0.0,0.0,0.0,30.0,5.70434734051095,4,1,13,1,6,0.1081,0.3501,0.5038,0.0238,0.3209,-1
149220000.0,0.0,0.0,0.0,7461.0,9.28546714726104,0,0,3,0,0,0.1081,0.3501,0.5038,0.0238,0.3209,223
110700000.0,0.0,0.0,0.0,410.0,5.35616253356714,18,2,4,0,10,0.1081,0.3501,0.5038,0.0238,0.3209,224
1500000.0,0.0,0.0,0.0,88.0,8.57661679581266,0,0,5,0,0,0.1081,0.3501,0.5038,0.0238,0.3209,223
9600000000.0,0.0,0.0,0.0,64000.0,7.00225821828519,2,0,12,2,7,0.1081,0.3501,0.5038,0.0238,0.3209,-1
2209800000.0,0.0,0.0,0.0,29464.0,7.00225821828519,2,0,12,2,7,0.1081,0.3501,0.5038,0.0238,0.3209,225
30000000.0,0.0,0.0,0.0,400.0,4.51032539959383,3,0,6,1,0,0.1081,0.3501,0.5038,0.0238,0.3209,223
1251740160.0,0.0,0.0,0.0,14368.0,7.00225821828519,2,0,12,2,7,0.1081,0.3501,0.5038,0.0238,0.3209,225
1824000000.0,0.0,0.0,0.0,2432.0,5.63916417531465,7,1,12,0,7,0.1081,0.3501,0.5038,0.0238,0.3209,-1
3839175000.0,0.0,0.0,0.0,2265.0,5.35616253356714,18,2,4,0,10,0.1081,0.3501,0.5038,0.0238,0.3209,224
21630000000.0,0.0,0.0,0.0,30900.0,5.35616253356714,18,2,4,0,10,0.1081,0.3501,0.5038,0.0238,0.3209,-1
5002500.0,0.0,0.0,0.0,43.5,7.68262941216369,1,0,13,2,4,0.1081,0.3501,0.5038,0.0238,0.3209,225
39000000.0,0.0,0.0,0.0,400.0,4.51032539959383,3,0,6,1,0,0.1081,0.3501,0.5038,0.0238,0.3209,223
35000000.0,0.0,0.0,0.0,400.0,4.51032539959383,3,0,6,1,0,0.1081,0.3501,0.5038,0.0238,0.3209,223
135000000.0,0.0,0.0,0.0,313.0,5.8905506976801,7,1,4,0,13,0.1081,0.3501,0.5038,0.0238,0.3209,226
1507499999.9999995,0.0,0.0,0.0,3015.0,5.35616253356714,18,2,4,0,10,0.1081,0.3501,0.5038,0.0238,0.3209,224
4450000.0,0.0,0.0,0.0,253.0,7.98346806641389,0,0,6,0,0,0.1081,0.3501,0.5038,0.0238,0.3209,223
137500000.0,0.0,0.0,0.0,2750.0,5.35616253356714,18,2,4,0,10,0.1081,0.3501,0.5038,0.0238,0.3209,224
884000000.0,0.0,0.0,0.0,2210.0,4.51032539959383,3,0,6,1,0,0.1081,0.3501,0.5038,0.0238,0.3209,223
2000000000.0,0.0,0.0,0.0,1812.0,5.35616253356714,18,2,4,0,10,0.1081,0.3501,0.5038,0.0238,0.3209,224
187160000.0,0.0,0.0,0.0,9358.0,2.15213931712189,4,0,11,3,1,0.2002,0.13,0.102,0.0343,0.7127,230
222500000.0,0.0,0.0,0.0,8900.0,6.29437428965787,0,0,6,0,3,0.2002,0.13,0.102,0.0343,0.7127,231
95000000.0,0.0,0.0,0.0,1860.0,4.07601310477779,12,2,11,3,5,0.2002,0.13,0.102,0.0343,0.7127,232
891270000.0,0.0,0.0,0.0,19806.0,5.80696567946768,2,0,6,1,0,0.2002,0.13,0.102,0.0343,0.7127,233
149940000.0,0.0,0.0,0.0,4998.0,7.86635401006515,0,0,4,0,0,0.2002,0.13,0.102,0.0343,0.7127,231
220000000.0,0.0,0.0,0.0,11000.0,6.46235041322883,0,0,6,0,3,0.2002,0.13,0.102,0.0343,0.7127,231
7000000.0,0.0,0.0,0.0,200.0,9.79983120811843,0,0,7,0,0,0.2002,0.13,0.102,0.0343,0.7127,231
7000000.0,0.0,0.0,0.0,500.0,2.15213931712189,4,0,11,3,1,0.2002,0.13,0.102,0.0343,0.7127,230
80000000.0,0.0,0.0,0.0,3000.0,6.29437428965787,0,0,6,0,3,0.2002,0.13,0.102,0.0343,0.7127,231
135855000.0,0.0,0.0,0.0,3019.0,6.3293436997379,2,0,5,1,0,0.2002,0.13,0.102,0.0343,0.7127,233
5635000.0,0.0,0.0,0.0,161.0,4.07601310477779,12,2,11,3,5,0.2002,0.13,0.102,0.0343,0.7127,232
2230000.0,0.0,0.0,0.0,137.0,4.93788674517302,0,0,6,0,0,0.2002,0.13,0.102,0.0343,0.7127,231
375047700.0,0.0,0.0,0.0,9925.0,7.16383976545261,0,0,2,0,1,0.2002,0.13,0.102,0.0343,0.7127,231
7049999.999999999,0.0,0.0,0.0,300.0,3.42269933998943,0,2,10,2,1,0.2002,0.13,0.102,0.0343,0.7127,234
200116000.0,0.0,0.0,0.0,14294.4,9.79983120811843,0,0,7,0,0,0.2002,0.13,0.102,0.0343,0.7127,231
105000000.0,0.0,0.0,0.0,3000.0,4.23756159144357,0,0,7,0,0,0.2002,0.13,0.102,0.0343,0.7127,231
200130000.0,0.0,0.0,0.0,14295.0,8.67613332158947,0,0,4,0,0,0.2002,0.13,0.102,0.0343,0.7127,231
4700000.0,0.0,0.0,0.0,200.0,3.42269933998943,0,2,10,2,1,0.2002,0.13,0.102,0.0343,0.7127,234
56000000.0,0.0,0.0,0.0,750.0,5.09809787389862,0,0,9,0,0,0.2002,0.13,0.102,0.0343,0.7127,231
235000000.0,0.0,0.0,0.0,9408.0,6.29437428965787,0,0,6,0,3,0.2002,0.13,0.102,0.0343,0.7127,231
220000000.0,0.0,0.0,0.0,11000.0,6.29437428965787,0,0,6,0,3,0.2002,0.13,0.102,0.0343,0.7127,231
28000000.0,0.0,0.0,0.0,1147.0,7.0230613400931,6,0,9,2,3,0.2002,0.13,0.102,0.0343,0.7127,-1
150467000.0,0.0,0.0,0.0,2830.0,2.15213931712189,4,0,11,3,1,0.2002,0.13,0.102,0.0343,0.7127,230
792240000.0,0.0,0.0,0.0,19806.0,6.3293436997379,2,0,5,1,0,0.2002,0.13,0.102,0.0343,0.7127,233
891270000.0,0.0,0.0,0.0,19806.0,6.3293436997379,2,0,5,1,0,0.2002,0.13,0.102,0.0343,0.7127,233
891270000.0,0.0,0.0,0.0,19806.0,5.80696567946768,2,0,6,1,0,0.2002,0.13,0.102,0.0343,0.7127,233
3242831250.0,0.0,0.0,0.0,129713.25,6.3293436997379,2,0,5,1,0,0.2002,0.13,0.102,0.0343,0.7127,233
394720000.0,0.0,0.0,0.0,13611.0,5.09809787389862,0,0,9,0,0,0.2002,0.13,0.102,0.0343,0.7127,231
891270000.0,0.0,0.0,0.0,19806.0,6.3293436997379,2,0,5,1,0,0.2002,0.13,0.102,0.0343,0.7127,233
20000000.0,0.0,0.0,0.0,567.0,4.07601310477779,12,2,11,3,5,0.2002,0.13,0.102,0.0343,0.7127,232
51120000.00000001,0.0,0.0,0.0,2556.0,4.07601310477779,12,2,11,3,5,0.2002,0.13,0.102,0.0343,0.7127,232
141575000.0,0.0,0.0,0.0,4045.0,6.3293436997379,2,0,5,1,0,0.2002,0.13,0.102,0.0343,0.7127,233
127675000.0,0.0,0.0,0.0,5107.0,6.3293436997379,2,0,5,1,0,0.2002,0.13,0.102,0.0343,0.7127,233
476385000.0,0.0,0.0,0.0,13611.0,5.09809787389862,0,0,9,0,0,0.2002,0.13,0.102,0.0343,0.7127,231
6420000.0,0.0,0.0,0.0,120.0,6.90152396502274,1,0,3,0,0,0.2002,0.13,0.102,0.0343,0.7127,231
65000000.0,0.0,0.0,0.0,900.0,7.0230613400931,6,0,9,2,3,0.2002,0.13,0.102,0.0343,0.7127,-1
6700000.0,0.0,0.0,0.0,400.0,4.23756159144357,0,0,7,0,0,0.2002,0.13,0.102,0.0343,0.7127,231
149940000.0,0.0,0.0,0.0,4998.0,6.3293436997379,2,0,5,1,0,0.2002,0.13,0.102,0.0343,0.7127,233
891270000.0,0.0,0.0,0.0,19806.0,5.80696567946768,2,0,6,1,0,0.2002,0.13,0.102,0.0343,0.7127,233
158250000.0,0.0,0.0,0.0,5275.0,5.2702469644287,0,0,9,0,1,0.2002,0.13,0.102,0.0343,0.7127,231
90000000.0,0.0,0.0,0.0,3000.0,6.29437428965787,0,0,6,0,3,0.2002,0.13,0.102,0.0343,0.7127,231
4000000.0,0.0,0.0,0.0,1000.0,7.16383976545261,0,0,2,0,1,0.2002,0.13,0.102,0.0343,0.7127,231
6102000.000000001,0.0,0.0,0.0,226.0,3.42269933998943,0,2,10,2,1,0.2002,0.13,0.102,0.0343,0.7127,234
3051000.0000000005,0.0,0.0,0.0,113.0,3.42269933998943,0,2,10,2,1,0.2002,0.13,0.102,0.0343,0.7127,234
891270000.0,0.0,0.0,0.0,19806.0,5.80696567946768,2,0,6,1,0,0.2002,0.13,0.102,0.0343,0.7127,233
37000000.0,0.0,0.0,0.0,923.0,2.54986964866086,2,0,10,1,6,0.2002,0.13,0.102,0.0343,0.7127,-1
90000000.0,0.0,0.0,0.0,4676.0,5.57740531261647,3,0,9,3,0,0.2002,0.13,0.102,0.0343,0.7127,230
98474400.0,0.0,0.0,0.0,3647.2,6.3293436997379,2,0,5,1,0,0.2002,0.13,0.102,0.0343,0.7127,233
210000000.0,0.0,0.0,0.0,6000.0,6.90152396502274,1,0,3,0,0,0.2002,0.13,0.102,0.0343,0.7127,231
11699999.999999998,0.0,0.0,0.0,18000.0,5.09809787389862,0,0,9,0,0,0.2002,0.13,0.102,0.0343,0.7127,231
9153000.0,0.0,0.0,0.0,339.0,3.42269933998943,0,2,10,2,1,0.2002,0.13,0.102,0.0343,0.7127,234
149940000.0,0.0,0.0,0.0,4998.0,7.86635401006515,0,0,4,0,0,0.2002,0.13,0.102,0.0343,0.7127,231
380999400.0,0.0,0.0,0.0,9925.0,7.16383976545261,0,0,2,0,1,0.2002,0.13,0.102,0.0343,0.7127,231
891270000.0,0.0,0.0,0.0,19806.0,5.80696567946768,2,0,6,1,0,0.2002,0.13,0.102,0.0343,0.7127,233
47450000.0,0.0,0.0,0.0,1898.0,5.09809787389862,0,0,9,0,0,0.2002,0.13,0.102,0.0343,0.7127,231
167999999.99999997,0.0,0.0,0.0,14000.0,8.67613332158947,0,0,4,0,0,0.2002,0.13,0.102,0.0343,0.7127,231
27500000.0,0.0,0.0,0.0,720.0,2.15213931712189,4,0,11,3,1,0.2002,0.13,0.102,0.0343,0.7127,230
752360000.0,0.0,0.0,0.0,18809.0,5.09809787389862,0,0,9,0,0,0.2002,0.13,0.102,0.0343,0.7127,231
56000000.0,0.0,0.0,0.0,1898.0,2.15213931712189,4,0,11,3,1,0.2002,0.13,0.102,0.0343,0.7127,230
136045000.0,0.0,0.0,0.0,2093.0,4.07601310477779,12,2,11,3,5,0.2002,0.13,0.102,0.0343,0.7127,232
80799999.99999999,0.0,0.0,0.0,3232.0,2.15213931712189,4,0,11,3,1,0.2002,0.13,0.102,0.0343,0.7127,230
65000000.0,0.0,0.0,0.0,900.0,7.0230613400931,6,0,9,2,3,0.2002,0.13,0.102,0.0343,0.7127,-1
13550000.0,0.0,0.0,0.0,1355.0,5.09768006078648,0,0,12,0,0,0.2002,0.13,0.102,0.0343,0.7127,231
1519000.0,0.0,0.0,0.0,62.0,4.23756159144357,0,0,7,0,0,0.2002,0.13,0.102,0.0343,0.7127,231
65000000.0,0.0,0.0,0.0,900.0,7.0230613400931,6,0,9,2,3,0.2002,0.13,0.102,0.0343,0.7127,-1
