Latitude,Longitude,Price,LRTHubDist,PC1,PC2,PC3,PC4,DBSCAN_Cluster
120.9949718,14.6614257,-0.0674742229629973,-1.5000935193562686,0.4589556719120802,2.023038164003613,3.308989737484202,-0.2088439325108222,0
120.9949718,14.6614257,1.566206896163726,-1.5000935193562686,1.335309911383992,2.0795981570763,4.123073598738047,2.748740230820588,-1
120.9723,14.65205,-0.0157754533703795,-1.4036836214277115,1.2825850488591022,2.2709145255554004,2.795439249705977,3.4716008966151097,0
120.9712342,14.6480796,-0.2225705317408508,-1.3523710658255543,0.2775655014150139,2.3744429694432654,2.043264494758608,-0.3738400195538154,0
121.0271,14.55973,2.000476560741716,-0.5502394182501328,2.751546949389056,-0.599280760687645,-0.6413523236101021,2.4322820856681524,0
121.018458,14.57608,-0.5768689205991079,-0.7092888939684789,1.951251892392504,1.966997014410883,1.3105674659599684,-1.797191442478917,0
121.011528,14.543799,0.5012122425557987,-1.3910842018845122,2.5990960186535013,0.7687495881660795,0.6425389375670818,1.105524290933065,0
121.018458,14.57608,-0.6160255893680645,-0.7092888939684789,1.8505200446942756,1.945480313393924,1.1606559604334448,-2.106562030792253,0
121.0218,14.55659,-0.0157754533703795,-0.810762071023991,1.8077319021123717,-1.3009374664245927,-1.8918786838235508,-0.3346281851946317,0
121.0206028,14.5596699,-0.4086861022742751,-0.8409822022527302,1.886331809441638,-0.7872526782512972,-1.3656136206884473,-0.5316709473137372,0
121.018458,14.57608,-0.6402411999874614,-0.7092888939684789,1.8484400486525605,1.945431250893076,1.1590433547074568,-2.113755266650539,0
121.0183,14.56166,-0.3880065944372279,-0.9152198264694916,3.011631560589461,0.0597573461811047,0.8326865259185329,2.3014315926783024,0
121.0271,14.55973,0.1755099941223064,-0.5502394182501328,1.9630772082014445,-0.6705158303596076,-1.4501379611236178,-0.1872557748403289,0
121.036339,14.562949,1.9903642814094,-0.1065688279484765,1.97029987349699,1.401714968625145,0.0465508172050432,-0.6904761297198496,0
121.009139,14.563865,0.4391737190446573,-1.288343308178401,2.584728508956186,0.9321445183201132,0.9927044886135428,0.2824895240830384,0
121.012006,14.5531,-0.2225705317408508,-1.280500541769874,2.611750161990484,-0.4697347994320349,-0.2809149849875841,0.9901213940774308,0
121.0218,14.55659,0.3263153050239726,-0.810762071023991,1.8448598314569875,-1.3000617007844455,-1.863093671614668,-0.2062289251242264,0
121.0218,14.55659,1.0698987080745948,-0.810762071023991,2.227012053641133,-1.1941479859226072,-1.2032512179628068,0.917980292444474,0
121.0607,14.53821,1.2249950168524484,0.7995033748431178,2.613647964839307,1.6621941323742997,2.5526769194233982,-0.457121808932003,0
121.0206028,14.5596699,1.7419827127786267,-0.8409822022527302,2.0943314136131552,-0.7823464281664394,-1.2043530480896614,0.1876526385148638,0
121.003404,14.55953,-0.3776668405187043,-1.5632323126244678,2.6331402821249585,0.9350004133446674,1.4529189051596072,-0.3178299555968194,0
121.018458,14.57608,-0.623670265748217,-0.7092888939684789,1.8484400486525605,1.945431250893076,1.1590433547074568,-2.113755266650539,0
121.018458,14.57608,-0.6775197041558878,-0.7092888939684789,1.8477467166386552,1.9454148967261264,1.158505819465461,-2.116153011936634,0
121.017778,14.534456,1.0180965409427918,-1.134782224004543,1.3633965171893108,1.789883595636561,-0.5963220872153061,-1.287010979207862,0
121.0183,14.56166,-0.7891890464759422,-0.9152198264694916,1.937572194202822,-0.164959208693153,-0.7480951031697303,-1.0068381525980326,0
121.009139,14.563865,1.7419827127786267,-1.288343308178401,2.884697601712782,0.9174875008631264,1.1437285667233106,1.364140063768236,0
121.0271,14.55973,2.714953556511695,-0.5502394182501328,2.133057951390478,-0.6665063610194271,-1.31835313351968,0.4005874482252343,0
121.018458,14.57608,3.0861507221866904,-0.7092888939684789,2.220759340119576,1.9542134385449716,1.4476997796592834,-0.826166048017343,0
121.017742,14.554848,1.1628060085627767,-1.0068685658700558,2.0471387131123264,-1.107930286075651,-1.4558235461563105,0.0273721928197627,0
121.0218,14.55659,-0.48106437970394,-0.810762071023991,1.7702919733614983,-1.3018205914398673,-1.9209055868913325,-0.4641064306437798,0
121.01686778862,14.559410705798,-0.5011235023058758,-1.009248675767196,2.0252053620231965,-0.6720356084821064,-0.9280502104476168,-0.8636827827216056,0
121.0218,14.55659,1.3261768915294991,-0.810762071023991,1.9439716428447151,-1.297723872619011,-1.7862530087713462,0.136528763523102,0
121.018458,14.57608,-0.6154811806447463,-0.7092888939684789,1.8505200446942756,1.945480313393924,1.1606559604334448,-2.106562030792253,0
121.018458,14.57608,-0.6444002522638944,-0.7092888939684789,1.8477467166386552,1.9454148967261264,1.158505819465461,-2.116153011936634,0
121.018458,14.57608,-0.6553630886457366,-0.7092888939684789,1.8477467166386552,1.9454148967261264,1.158505819465461,-2.116153011936634,0
121.018458,14.57608,-0.6413305654410553,-0.7092888939684789,1.8477467166386552,1.9454148967261264,1.158505819465461,-2.116153011936634,0
121.0218,14.55659,0.087622085814856,-0.810762071023991,1.9271750011339963,-1.261035039875754,-1.6601340690776565,0.0028985866967307,0
121.0275016,14.5570169,-0.1191729925556152,-0.55291332865216,2.053282938684025,-0.7762901302453418,-1.502269901288171,0.5559101425646126,0
121.0512952,14.5631645,1.7419827127786267,0.5652799249573129,3.281096274796289,1.1414648084888437,1.8832202033407877,1.94580224477556,0
121.026342,14.563933,-0.7917739849555732,-0.5335622400177995,1.72062086441883,0.5605006926175559,-0.8008824039733615,-1.0925233311375204,0
121.026342,14.563933,-0.2432500395778981,-0.5335622400177995,1.769017968467157,0.5516731794988302,-0.8007640456914507,-0.904844847570938,0
121.0275016,14.5570169,1.7419827127786267,-0.55291332865216,2.361601005261039,-0.7552602405509681,-1.2116162416137026,1.5941405512788562,0
121.036339,14.562949,1.1068633283333165,-0.1065688279484765,1.8365145280938704,1.3985592685705646,-0.0571719830904959,-1.1531450601248054,0
121.018458,14.57608,-0.6656025173795542,-0.7092888939684789,1.8484400486525605,1.945431250893076,1.1590433547074568,-2.113755266650539,0
121.0218,14.55659,-0.4086861022742751,-0.810762071023991,1.7723719694032136,-1.3017715289390186,-1.9192929811653443,-0.4569131947854939,0
121.0183,14.56166,-0.3880065944372279,-0.9152198264694916,1.99484141855138,-0.1636083545031222,-0.7036946921808646,-0.8087843919665578,0
121.04641,14.560995,0.3357761798594216,0.3270840861435982,2.3922647106986763,1.2533873918476788,1.0318483952506452,-0.8149581699826436,0
121.018458,14.57608,-0.646500442400317,-0.7092888939684789,1.852253374729038,1.945521198811298,1.1619997985384345,-2.1005676675770144,0
121.017742,14.554848,-0.2608276212393881,-1.0068685658700558,1.9388229192400088,-1.1104852158073406,-1.539799989337128,-0.3472155645004812,0
121.04641,14.560995,0.397814703370563,0.3270840861435982,2.776654922722651,1.2957510785328228,1.454791216070992,0.4465500654995544,0
121.0183,14.56166,-0.4086861022742751,-0.9152198264694916,1.994869151831936,-0.1636077003364442,-0.7036731907711846,-0.808688482155114,0
121.018458,14.57608,-0.6587013520241749,-0.7092888939684789,1.8484400486525605,1.945431250893076,1.1590433547074568,-2.113755266650539,0
121.02243169657,14.556035106709,-0.1191729925556152,-0.786762608144533,1.7789007144107285,-1.2205968459871703,-1.868407686766659,-0.4018372546630523,0
121.0206028,14.5596699,-0.4397053640298457,-0.8409822022527302,1.8577318638680544,-0.787927287637965,-1.3877869494207804,-0.6305779403651699,0
121.018458,14.57608,-0.4397053640298457,-0.7092888939684789,1.8657733490001869,1.9458401050668144,1.1724817357573556,-2.053811634498155,0
121.018458,14.57608,-0.4458447273357701,-0.7092888939684789,1.8751333311879048,1.9460608863206323,1.179738461524301,-2.021442073135868,0
121.0271,14.55973,0.6046097817410344,-0.5502394182501328,2.2854560767760725,-0.6230352521533719,-1.050585730186503,0.8463963666261987,0
121.025,14.55792,1.0181999384819769,-0.6584373463299487,1.9068353465408256,-1.1617336196586394,-2.1269034650549994,0.48202394867447,0
121.012006,14.5531,0.2944171641853274,-1.280500541769874,2.625113040695344,-0.4552634857491221,-0.2174417837858835,1.0074980414620265,0
121.0183,14.56166,-0.4293656101113222,-0.9152198264694916,1.99484141855138,-0.1636083545031222,-0.7036946921808646,-0.8087843919665578,0
121.0271,14.55973,2.258970408704805,-0.5502394182501328,2.751546949389056,-0.599280760687645,-0.6413523236101021,2.4322820856681524,0
121.011528,14.543799,-0.2225705317408508,-1.3910842018845122,2.17607504210878,0.7029445356680656,0.105113915721058,-0.2436863693435152,0
121.018458,14.57608,-0.4924954946485637,-0.7092888939684789,1.872013337125332,1.94598729256936,1.177319552935319,-2.032231926923297,0
121.0218,14.55659,-0.0778139768815209,-0.810762071023991,1.8077319021123717,-1.3009374664245927,-1.8918786838235508,-0.3346281851946317,0
121.0218,14.55659,1.6694459579406526,-0.810762071023991,2.1752602693633034,-1.2922682860663186,-1.6069366273939163,0.9363926135116454,0
121.009139,14.563865,2.258970408704805,-1.288343308178401,3.524030905719181,1.0033485226362615,1.904964298809972,3.430961470684438,0
121.0218,14.55659,-0.0674742229629973,-0.810762071023991,1.989918644041724,-1.253573600092074,-1.5890472437818628,0.2077002220395098,0
121.0218,14.55659,-0.2723254275967863,-0.810762071023991,1.7983719199246533,-1.3011582476784114,-1.8991354095904964,-0.3669977465569187,0
121.040676,14.564421,-0.3776668405187043,0.1019028830670234,2.09746499867976,1.66192397777449,0.604887163853976,-1.2252709824581096,0
121.019175,14.550759,2.000476560741716,-0.992061164436938,2.6616786436326727,-0.6890628229784034,-1.042112882550973,2.80313071277712,0
121.0184,14.55697,-0.7405922030588815,-0.962938705708207,1.8775825135529185,-1.1611507620020167,-1.5302172216414602,-0.7599561446696367,0
121.0288346,14.5664774,-0.7447281046262909,-0.3855436358151838,1.7517427684725675,0.9140899258389584,-0.4152458254190317,-1.4718519423414542,0
121.01727,14.55845,-0.7912569972596469,-1.0019788247787649,1.902975534822213,-1.10125459299845,-1.4233777730307884,-0.8204678130274267,0
121.018458,14.57608,-0.6589081471025453,-0.7092888939684789,1.8477467166386552,1.9454148967261264,1.158505819465461,-2.116153011936634,0
121.0183,14.56166,-0.7752303786859355,-0.9152198264694916,1.937776727146924,-0.1649543842139029,-0.7479365302733414,-1.0061308177386343,0
121.018458,14.57608,-0.630548270054819,-0.7092888939684789,1.8505200446942756,1.945480313393924,1.1606559604334448,-2.106562030792253,0
121.040676,14.564421,2.258970408704805,0.1019028830670234,2.2177290595854866,1.7245753024877093,0.922548387291874,-0.9312053058090592,0
121.018458,14.57608,-0.3913153156911554,-0.7092888939684789,1.8924666315355312,1.9464697404943705,1.1931768425741998,-1.9614984409834848,0
121.0206028,14.5596699,-0.1191729925556152,-0.8409822022527302,1.891531799545926,-0.7871300219991757,-1.3615821063734777,-0.5136878576680222,0
121.0218,14.55659,-0.5293045016108117,-0.810762071023991,1.7662359810801538,-1.301916263316522,-1.9240501680570088,-0.4781332405674375,0
121.0097488,14.55760207,-0.8119365050966941,-1.345051533699348,2.051055982730021,-0.0293533542322882,-0.4539196840494419,-1.009697098904636,0
121.0607,14.53821,0.0359233162222382,0.7995033748431178,2.4737733001843414,1.6722533842352851,2.494353888437272,-0.9680609237893988,0
121.0218,14.55659,-0.5291442354250746,-0.810762071023991,1.764051985236353,-1.301967778942413,-1.925743404069296,-0.4856861382186379,0
121.003404,14.55953,1.0181999384819769,-1.5632323126244678,3.0926583774409937,0.9918966402943704,1.981984384947257,1.1774994095510325,0
121.0218,14.55659,-0.4947128548763911,-0.810762071023991,1.7702919733614983,-1.3018205914398673,-1.9209055868913325,-0.4641064306437798,0
121.009139,14.563865,-0.6516706295521963,-1.288343308178401,2.0131415844551475,0.8317315519361279,0.2233982577529543,-1.5171475231497578,0
121.017742,14.554848,0.7306513820078366,-1.0068685658700558,2.142818531031224,-1.1056734110366164,-1.381643682760869,0.358261042300919,0
121.0218,14.55659,-0.5017438875409871,-0.810762071023991,1.7702919733614983,-1.3018205914398673,-1.9209055868913325,-0.4641064306437798,0
121.040676,14.564421,1.2249950168524484,0.1019028830670234,2.7335173056471898,1.7461125531107982,1.357594592889814,0.8334529135836013,0
121.018458,14.57608,-0.6620100732781024,-0.7092888939684789,1.8477467166386552,1.9454148967261264,1.158505819465461,-2.116153011936634,0
121.026342,14.563933,-0.7452450923222171,-0.5335622400177995,1.7023887619308808,0.5501015440549808,-0.8524211824472617,-1.1352681695646998,0
121.012006,14.5531,-0.8109025297048418,-1.280500541769874,2.0924281143841856,-0.5196676305364877,-0.8249270391441605,-0.7290855402645326,0
121.04641,14.560995,0.397814703370563,0.3270840861435982,3.0808666469239534,1.348983972085832,1.863448801651548,1.404784486562051,0
121.018458,14.57608,-0.4342090044809222,-0.7092888939684789,1.8657733490001869,1.9458401050668144,1.1724817357573556,-2.053811634498155,0
121.0137,14.55211,-0.5844619188891756,-1.222887247582695,2.179585594015613,-0.5393352590402407,-0.7160256635955732,-0.6084952380643732,0
121.018458,14.57608,-0.5991037490064274,-0.7092888939684789,2.2710259111276927,1.955399115648812,1.48667108470399,-0.652329514775431,0
121.012006,14.5531,-0.7292184737485056,-1.280500541769874,2.1218947249751507,-0.5189725784411328,-0.8020817913593326,-0.6271813656054809,0
121.017742,14.554848,-0.4612141201311585,-1.0068685658700558,1.883859023837685,-1.1117816923922643,-1.5824130956463571,-0.5372968220556891,0
121.011528,14.543799,0.5529110121484165,-1.3910842018845122,2.620589311084558,0.7692565673415148,0.6592025300689563,1.1798543948020204,0
121.0206028,14.5596699,-0.6878594580744113,-0.8409822022527302,1.8367585704474263,-0.7884220011881884,-1.404047390491158,-0.7031097352695538,0
121.018458,14.57608,-0.6878594580744113,-0.7092888939684789,1.8487867146595127,1.9454394279765503,1.1593121223284548,-2.112556394007491,0
121.012006,14.5531,0.4495134729631809,-1.280500541769874,2.633438833563565,-0.4670300110952231,-0.2558711326722521,1.0606596109928683,0
121.0218,14.55659,3.1275097378607843,-0.810762071023991,2.1488512529536594,-1.292891216285426,-1.627411344761542,0.8450624955642738,0
121.0263428,14.5639339,2.600182288016083,-0.533514071377033,2.4933625479415933,0.6738331111279854,0.1550485624883715,1.3861139872676425,0
121.011528,14.543799,0.7080073209262701,-1.3910842018845122,3.091330530024719,0.7875380577432622,1.0510953210487208,2.7931943585906915,0
121.0218,14.55659,-0.5358133767025223,-0.810762071023991,1.7723719694032136,-1.3017715289390186,-1.9192929811653443,-0.4569131947854939,0
121.009139,14.563865,2.258970408704805,-1.288343308178401,2.884697601712782,0.9174875008631264,1.1437285667233106,1.364140063768236,0
121.0206028,14.5596699,-0.4397053640298457,-0.8409822022527302,1.8731585011774416,-0.7875634074233382,-1.3758267902863703,-0.5772281077495485,0
121.03996,14.557414,0.7080073209262701,-0.0003037259209357,2.244083975425271,1.574435695655052,0.8693838025548942,-0.3662199983989824,0
121.0218,14.55659,-0.3106083664801197,-0.810762071023991,1.772718635410166,-1.3017633518555438,-1.9190242135443465,-0.4557143221424461,0
121.018458,14.57608,-0.5991037445603332,-0.7092888939684789,1.8553733687916107,1.9455947925625712,1.1644187071274164,-2.0897778137895853,0
121.057875,14.561901,1.7419827127786267,0.8439454321614175,3.154193470220538,1.4136327209931732,2.0097115332348854,1.2684841263385167,0
121.011528,14.543799,0.6046097817410344,-1.3910842018845122,3.091330530024719,0.7875380577432622,1.0510953210487208,2.7931943585906915,0
121.0198512,14.55727467,-0.2225705317408508,-0.8953865540331007,1.9102748938036755,-1.4099075286610387,-1.7771388847304443,-0.286610903146131,0
121.049993,14.559824,-0.5535460546727902,0.4713652304784677,2.6367101610232786,0.8009560050756069,1.2902463509119388,-1.1024715643655418,0
121.011528,14.543799,0.7080073209262701,-1.3910842018845122,2.647899094973891,0.6901479955782273,0.3811471043186641,1.4367565500397572,0
121.0218,14.55659,0.1893352790867642,-0.810762071023991,1.8101585641610392,-1.3008802268402695,-1.889997310476565,-0.326236076693298,0
121.011528,14.543799,-0.48106437970394,-1.3910842018845122,2.057586343542813,0.696560775931543,-0.0002147886731463,-0.6461444509078988,0
121.0218,14.55659,-0.5191146741241067,-0.810762071023991,2.173464539447289,-1.292310643358718,-1.608328843670686,0.9301824532206584,0
121.012006,14.5531,0.5669730774776086,-1.280500541769874,2.6149451392749627,-0.4574971427559643,-0.2328055959668775,0.9763958816155778,0
121.0293973,14.5681196,0.1910196250000917,-0.3483625460602135,2.280221768596974,0.9979277679557534,0.1693664841794532,0.2702629115211352,0
121.0288346,14.5664774,-0.7550678585448145,-0.3855436358151838,1.7485153079478395,0.9140137971918084,-0.417748051970523,-1.483013446648228,0
121.012006,14.5531,-0.6103113036854846,-1.280500541769874,2.1354146992462995,-0.518653672185617,-0.7915998541404115,-0.5804253325266217,0
121.040676,14.564421,-0.3280360217097912,0.1019028830670234,2.09746499867976,1.66192397777449,0.604887163853976,-1.2252709824581096,0
121.003404,14.55953,0.2416844192008572,-1.5632323126244678,2.639291795260846,0.9269708571361316,1.4270172069152527,-0.2799043862266804,0
121.0218,14.55659,-0.5191146741241067,-0.810762071023991,1.7702919733614983,-1.3018205914398673,-1.9209055868913325,-0.4641064306437798,0
121.003404,14.55953,1.328392556037684,-1.5632323126244678,3.306486036620266,0.9885663226369574,2.1163444133255847,1.934036094051223,0
121.012006,14.5531,-0.3259680709260866,-1.280500541769874,2.611507495785617,-0.4697405233904672,-0.2811031223222827,0.9892821832272972,0
121.0183,14.56166,-0.7869453198756227,-0.9152198264694916,1.938289792837214,-0.1649422821303603,-0.7475387541942644,-1.004356486226924,0
121.0183,14.56166,-0.8038301380245716,-0.9152198264694916,1.9315055390811529,-0.1651023076539614,-0.7527985365371949,-1.0278184238513668,0
121.0183,14.56166,-0.7382760981811323,-0.9152198264694916,1.9589753534720715,-0.1644543555594212,-0.7315013902493152,-0.9328197556162694,0
121.0183,14.56166,-0.7513765663959016,-0.9152198264694916,1.954472162041758,-0.1645605758737583,-0.7349926816460789,-0.9483931112494588,0
121.018458,14.57608,-0.6309908115225317,-0.7092888939684789,1.8477467166386552,1.9454148967261264,1.158505819465461,-2.116153011936634,0
121.026342,14.563933,-0.48106437970394,-0.5335622400177995,1.735994564644859,0.5508942305270242,-0.8263668492677179,-1.0190494555476588,0
121.0130061,14.56015921,-0.8006289502113967,-1.1662359287313508,2.017981169659472,0.2720937031801842,-0.1744589916888284,-1.357757781454048,0
121.0130061,14.56015921,-0.7382264673623233,-1.1662359287313508,2.04413365322397,0.2727105823575204,-0.1541831623607411,-1.267314829262532,0
121.0211003,14.56165661,-0.4086861022742751,-0.7941908370919708,1.742919865998973,-0.1249648344533268,-1.0584116463850817,-0.8671435253671982,0
121.012006,14.5531,-0.8043512616220652,-1.280500541769874,2.095260375660988,-0.5196008237644988,-0.822731207680607,-0.7192907507708332,0
121.012006,14.5531,-0.784316954429534,-1.280500541769874,2.1079899514362848,-0.5193005612593056,-0.8128620606375614,-0.6752681473181228,0
121.011528,14.543799,0.6046097817410344,-1.3910842018845122,2.4243488136712084,0.726146987109459,0.3626809549757728,0.5795827097655621,0
121.026342,14.563933,-0.1915512699852802,-0.5335622400177995,1.7689278353053492,0.5516710534571267,-0.8008339252729101,-0.9051565544581304,0
121.0607,14.53821,-0.5038118383246919,0.7995033748431178,2.3793467077216968,1.659259448882214,2.3807497938661357,-1.2726840682676548,0
121.0183,14.56166,-0.7375316358989985,-0.9152198264694916,1.9592873528783288,-0.1644469961842939,-0.731259499390417,-0.9317407702375264,0
121.0183,14.56166,-0.7039791344333896,-0.9152198264694916,1.9748422566102888,-0.1640800904487812,-0.7191998962362378,-0.8779473547439778,0
121.0183,14.56166,-0.7929216976405292,-0.9152198264694916,1.9360745970527875,-0.164994533693764,-0.7492561792924415,-1.0120172824159983,0
121.0183,14.56166,-0.8055258576672095,-0.9152198264694916,1.9307948737669005,-0.1651190706750846,-0.7533495101602407,-1.0302761127696145,0
121.0218,14.55659,0.5148607177282498,-0.810762071023991,1.8954384018713613,-1.2988686643054776,-1.8238804757110632,-0.0313134065035716,0
121.021325,14.57178,-0.2742693013334687,-0.6696261041187922,1.853445338797087,1.7282237269001364,-0.0357879566526961,-0.002963396886366,0
121.0130061,14.56015921,-0.738284369984267,-1.1662359287313508,2.044109386603484,0.2727100099616771,-0.1542019760942109,-1.2673987503475452,0
121.0130061,14.56015921,-0.8041858255593688,-1.1662359287313508,2.016490505829576,0.2720585417212428,-0.1756146924591198,-1.3629129338191532,0
121.018458,14.57608,0.087622085814856,-0.7092888939684789,1.9233199061543065,1.9471975009236249,1.2170971608430197,-1.8547987757522424,0
121.0171814,14.55962613,3.5965333833097155,-0.9927832124095012,2.5036523383214706,-0.7917276161389022,-0.6282500407589667,0.7936084633151859,0
121.011528,14.543799,0.8114048601115057,-1.3910842018845122,2.3670256222532435,0.7407454097742919,0.3780844040245339,0.3488509313180842,0
121.011528,14.543799,-0.0985968822577533,-1.3910842018845122,2.284761356614117,0.7158760625430822,0.2282773260429009,0.1110633573886922,0
121.012006,14.5531,-0.6154811806447463,-1.280500541769874,2.1354146992462995,-0.518653672185617,-0.7915998541404115,-0.5804253325266217,0
121.01559,14.567447,1.2249950168524484,-0.9750571822098674,2.878416264955985,1.2281557449535463,1.1283672303786052,2.324357552374225,0
121.012006,14.5531,-0.7611683133567434,-1.280500541769874,2.097427038204441,-0.5195497169927815,-0.8210514100493698,-0.7117977967517852,0
121.008422,14.568496,2.258970408704805,-1.2762009065567883,3.358183563254699,2.078998828703341,2.139447953717618,3.151666185349786,0
121.011528,14.543799,0.3874749494520395,-1.3910842018845122,2.609495998862077,0.7689949006703224,0.6506019661970213,1.141490470224495,0
121.0183,14.56166,-0.7973884713333315,-0.9152198264694916,1.933966867730516,-0.1650442503612905,-0.7508902864281092,-1.0193064280857282,0
121.0183,14.56166,-0.7888581743505495,-0.9152198264694916,1.937776727146924,-0.1649543842139029,-0.7479365302733414,-1.0061308177386343,0
121.0183,14.56166,-0.8072319170637658,-0.9152198264694916,1.929893542148824,-0.165140331092119,-0.7540483059748354,-1.0333931816415385,0
121.0130061,14.56015921,-0.8055258576672095,-1.1662359287313508,2.0159289068983126,0.2720452948460136,-0.1760500960051364,-1.3648551075008903,0
121.021325,14.57178,0.6046097817410344,-0.6696261041187922,2.0134164666279197,1.739573602742304,0.1166631969843727,0.5348302355968229,0
121.0183,14.56166,-0.8050502289869574,-0.9152198264694916,1.9307948737669005,-0.1651190706750846,-0.7533495101602407,-1.0302761127696145,0
121.0183,14.56166,-0.8041816896578015,-0.9152198264694916,1.9313564726981636,-0.1651058237998555,-0.752914106614224,-1.0283339390878772,0
121.04641,14.560995,0.397814703370563,0.3270840861435982,3.1280132238694973,1.3500960554383996,1.9000011981072724,1.5678311660165338,0
121.0206028,14.5596699,-0.5948016728076992,-0.8409822022527302,2.0656552961507724,-0.7451402784602845,-1.0844518940894807,0.0113151840468794,0
121.0130061,14.56015921,-0.7888664461536843,-1.1662359287313508,2.0229107602783363,0.2722099813071953,-0.1706371161182372,-1.3407098124699104,0
121.0130061,14.56015921,-0.7391446375102882,-1.1662359287313508,2.0437488539562527,0.2727015057948633,-0.1544814944200488,-1.2686455778963148,0
121.008422,14.568496,-0.6258209345632699,-1.2762009065567883,2.039637294864299,1.9332526650938373,0.6870476996577479,-1.1747213911529215,0
121.040676,14.564421,-0.6915093912076501,0.1019028830670234,2.0017678474605147,1.6596666938812816,0.5306938620774847,-1.5562197755714184,0
121.0183,14.56166,-0.8006248143098293,-0.9152198264694916,1.9328471365280595,-0.165070662340914,-0.7517584058439326,-1.0231787867227722,0
121.0183,14.56166,-0.7893544825386386,-0.9152198264694916,1.937572194202822,-0.164959208693153,-0.7480951031697303,-1.0068381525980326,0
121.026342,14.563933,0.375894425063293,-0.5335622400177995,1.994137412627074,0.6205860661016129,-0.3875958563046237,-0.2558752312680532,0
121.036339,14.562949,-0.2846090552519922,-0.1065688279484765,1.7491546943418332,1.3964986435349245,-0.1249014235819859,-1.4552609661728175,0
121.0130061,14.56015921,-0.7929279014928804,-1.1662359287313508,2.0212086301842,0.2721698318273343,-0.1719567651373373,-1.3465962771472744,0
121.0218,14.55659,-0.4603848718668928,-0.810762071023991,1.7702919733614983,-1.3018205914398673,-1.9209055868913325,-0.4641064306437798,0
121.018458,14.57608,-0.141920451176367,-0.7092888939684789,1.9208932441056383,1.9471402613393007,1.215215787496034,-1.863190884253576,0
121.0275016,14.5570169,0.4495134729631809,-0.55291332865216,2.786655589016457,-0.736660723599307,-0.8499074661376543,3.04663974597102,0
121.026342,14.563933,-0.4914041336224636,-0.5335622400177995,1.7034079599913212,0.5501255846803965,-0.8516310056415277,-1.1317434839941396,0
121.0384225,14.56524261,-0.1346826234334005,0.0118379303480992,1.9640864305828052,1.5142895774842993,0.4271773110625079,-1.6994259802845837,0
121.0182454,14.5616124,2.004612462309125,-0.9183195932618652,2.4455072275896668,-0.1529781459859303,-0.3542967848834951,0.7497500439954108,0
121.0008956,14.5553572,-0.8031890732816231,-1.7625181807720074,2.828716795889747,-0.0291917134746133,2.24995531796796,-1.4149449785024877,0
121.0183,14.56166,-0.4086861022742751,-0.9152198264694916,1.99484141855138,-0.1636083545031222,-0.7036946921808646,-0.8087843919665578,0
121.019175,14.550759,1.7419827127786267,-0.992061164436938,2.895359903980606,-0.6325090400724336,-0.6694352686577517,3.5072965633130035,0
121.019175,14.550759,0.780385598355935,-0.992061164436938,1.80260343680904,-0.761963319241671,-1.9056384214331463,-0.06058153894088,0
121.0183,14.56166,1.8605776222733084,-0.9152198264694916,2.4186787453116105,-0.1536109704760422,-0.3750967110725284,0.6569692901499515,0
121.0218,14.55659,0.1124374952193126,-0.810762071023991,1.880878429579355,-1.2992121018114178,-1.835168715792978,-0.0816660575115737,0
121.019175,14.550759,-0.4397053640298457,-0.992061164436938,1.6895903185425158,-0.7646290484544436,-1.9932566658784867,-0.4514140205744198,0
121.0244452,14.554729,-0.2045793599226198,-0.7175591005153144,1.7474276773519164,-0.750837675961731,-2.0784110639054934,0.1035271408273682,0
121.026342,14.563933,-0.4707246257854164,-0.5335622400177995,1.7034079599913212,0.5501255846803965,-0.8516310056415277,-1.1317434839941396,0
121.018458,14.57608,-0.7695435140307475,-0.7092888939684789,1.829827550739279,1.944992223281316,1.1446132211360756,-2.178122738855768,0
121.036339,14.562949,1.1068633283333165,-0.1065688279484765,1.836861194100823,1.3985674456540391,-0.0569032154694979,-1.1519461874817578,0
121.0275016,14.5570169,-0.3259680709260866,-0.55291332865216,1.982397713763292,-0.7705850264476262,-1.52954806159086,0.2957409967225523,0
121.0218,14.55659,-0.2639295474149451,-0.810762071023991,1.7983719199246533,-1.3011582476784114,-1.8991354095904964,-0.3669977465569187,0
121.018458,14.57608,-0.6547722455351359,-0.7092888939684789,1.8484400486525605,1.945431250893076,1.1590433547074568,-2.113755266650539,0
121.0218,14.55659,-0.2018910239038036,-0.810762071023991,1.810505230167992,-1.3008720497567947,-1.889728542855567,-0.3250372040502504,0
121.009139,14.563865,-0.5844619188891756,-1.288343308178401,2.244464972207161,0.8750705142483548,0.5448751275016174,-0.7943304953319908,0
121.0218,14.55659,-0.4397053640298457,-0.810762071023991,1.7702919733614983,-1.3018205914398673,-1.9209055868913325,-0.4641064306437798,0
121.0137,14.55211,0.2427183945927095,-1.222887247582695,2.5852674615113487,-0.4619762853664697,-0.1471592510091282,0.6563831639621256,0
121.017742,14.554848,-0.0778139768815209,-1.0068685658700558,1.9212989525885584,-1.11089856737699,-1.553386192578576,-0.4078185766065408,0
121.003404,14.55953,-0.718878719829982,-1.5632323126244678,2.19326756198646,0.876573758566952,0.9316036285967896,-1.74115843328902,0
121.011528,14.543799,0.8114048601115057,-1.3910842018845122,2.967255318037086,0.7774336508162779,0.927970151066933,2.3787270378496888,0
121.018458,14.57608,-0.2742693013334687,-0.7092888939684789,1.8987066196606768,1.9466169279969163,1.1980146597521637,-1.9399187334086263,0
121.011528,14.543799,-0.0597194075241047,-1.3910842018845122,2.51935267182704,0.787803715828501,0.6592619853706072,0.7871034873611296,0
121.0218,14.55659,-0.5017438875409871,-0.810762071023991,1.8069484369366589,-1.3009559466332457,-1.8924860986470065,-0.3373376373679194,0
121.017742,14.554848,-0.3776668405187043,-1.0068685658700558,1.882819025816828,-1.1118062236426889,-1.5832193985093514,-0.5408934399848321,0
121.018458,14.57608,-0.5628518331994614,-0.7092888939684789,1.8650800169862816,1.9458237508998648,1.1719442005153595,-2.0562093797842502,0
121.0275016,14.5570169,1.710963451023056,-0.55291332865216,2.034254011007234,-0.7591933757127307,-1.4511926194677909,0.4543620119394402,0
121.009139,14.563865,1.2030747385451783,-1.288343308178401,2.580230536991223,0.9617463201584197,1.1006798606612636,0.206419016423672,0
121.026342,14.563933,-0.1915512699852802,-0.5335622400177995,1.769017968467157,0.5516731794988302,-0.8007640456914507,-0.904844847570938,0
121.012006,14.5531,-0.0674742229629973,-1.280500541769874,2.5490815023046625,-0.465032176290917,-0.306311329851653,0.7608043924853696,0
121.0275016,14.5570169,1.617905665756344,-0.55291332865216,2.7319562862271947,-0.652216753755778,-0.570644796551042,2.682832338883669,0
121.009139,14.563865,-0.5120836414595107,-1.288343308178401,2.055434837303356,0.8327291561200489,0.2561879075147074,-1.370885060697942,0
121.0218,14.55659,-0.289778932211254,-0.810762071023991,1.801491913987226,-1.3010846539271386,-1.8967165010015143,-0.3562078927694896,0
121.0271,14.55973,0.397814703370563,-0.5502394182501328,2.3871350909798803,-0.6006986820849493,-0.8969476083765631,1.1574179650906846,0
121.018458,14.57608,-0.5991037445603332,-0.7092888939684789,2.2710259111276927,1.955399115648812,1.48667108470399,-0.652329514775431,0
121.0286021,14.56650591,-0.7911535997204617,-0.3949078272696752,1.747090510659265,0.9139801893787268,-0.4188526868928246,-1.4879408132111538,0
121.0130061,14.56015921,-0.7703810340981478,-1.1662359287313508,2.023864091797456,0.2722324682867509,-0.1698980051604928,-1.3374129127015293,0
121.01559,14.567447,-0.4086861022742751,-0.9750571822098674,2.0417168410235584,1.1803070142075445,0.3742022366306367,-0.5119281875560369,0
121.0275016,14.5570169,0.5012122425557987,-0.55291332865216,2.198914582534946,-0.7909987526604443,-1.4574372365096062,1.0965059937356785,0
121.011528,14.543799,-0.0364549612074266,-1.3910842018845122,2.348811874685816,0.7449015708730576,0.3811690575210629,0.2765211817991959,0
121.057875,14.561901,3.2722662927201145,0.8439454321614175,2.206855392537877,1.3278836779210157,1.0373605880829195,-1.8785353142643515,0
121.012006,14.5531,0.397814703370563,-1.280500541769874,2.625113040695344,-0.4552634857491221,-0.2174417837858835,1.0074980414620265,0
121.018458,14.57608,-0.3392649944653078,-0.7092888939684789,1.8924666315355312,1.9464697404943705,1.1931768425741998,-1.9614984409834848,0
121.0275016,14.5570169,-0.7405922030588815,-0.55291332865216,1.7098312364113075,-0.835831918554967,-1.9615478788713416,-0.5270617799469156,0
121.03155,14.5677,0.6563085513336522,-0.2491954418587226,1.8193315233821203,1.353927178585778,-0.0433841741893109,-1.3990358671554624,0
121.01725,14.57622,-0.5844619188891756,-0.7539013068572281,2.014910482024259,1.9165071292555655,1.466086541552628,-2.199058079913404,0
121.0034046,14.5595308,0.9148023992967412,-1.5631870495405584,3.104736585801274,0.9628724031930284,1.8813820572717024,1.2789723114684517,0
121.0263428,14.5639339,0.397814703370563,-0.533514071377033,2.384142452223408,0.6654747766089474,0.0486769543339544,1.0201770158119778,0
121.009139,14.563865,2.258970408704805,-1.288343308178401,2.8219756875819124,0.960470187414282,1.261920614826166,1.0566595713992364,0
121.017742,14.554848,3.0861507221866904,-1.0068685658700558,3.5059889515259206,-0.9044434112353592,0.3095768025294966,4.728095166483642,0
121.0275016,14.5570169,-0.4397053640298457,-0.55291332865216,2.232468657222203,-0.7836276845378649,-1.4067366563123265,1.199143121228959,0
121.00944,14.56351,1.7419827127786267,-1.2750105488453665,2.6049921209575726,0.8328278086639642,0.7620685538993722,0.7402155427247468,0
121.02362,14.56146,2.775958104630983,-0.6866149325139876,2.4758888635842204,-0.179307409624144,-0.0173175943611048,1.5204789087987116,0
121.018458,14.57608,-0.553442657133605,-0.7092888939684789,1.866813347021044,1.945864636317238,1.1732880386203497,-2.050215016569012,0
121.0167486,14.5498937,2.0521753303343337,-1.1072674307617891,3.188489853832101,-0.3740359002968463,-0.0585802111420808,3.6946910061825946,0
121.0167486,14.5498937,2.258970408704805,-1.1072674307617891,3.1528064629948105,-0.3750769743450068,-0.0869933544599777,3.571693525893184,0
121.019175,14.550759,1.948777791149098,-0.992061164436938,2.722026900504342,-0.6365975818098151,-0.80381907915674,2.907860241789169,0
121.019175,14.550759,1.948777791149098,-0.992061164436938,2.895359903980606,-0.6325090400724336,-0.6694352686577517,3.5072965633130035,0
121.04641,14.560995,1.7419827127786267,0.3270840861435982,3.4047963012165523,1.3464562798375794,2.076437460690285,2.5457414164088354,0
121.0275016,14.5570169,1.2249950168524484,-0.55291332865216,2.2717768336813564,-0.822576866242376,-1.525875565233622,1.4163107744333547,0
121.0607,14.53821,0.397814703370563,0.7995033748431178,2.7426175014142267,1.6807880242354292,2.711015616143112,-0.0427864560131257,0
121.0218,14.55659,-0.0836042390758941,-0.810762071023991,1.8077319021123717,-1.3009374664245927,-1.8918786838235508,-0.3346281851946317,0
121.026342,14.563933,2.786297858549507,-0.5335622400177995,1.9637541312126705,0.5562665743699435,-0.6497865222720474,-0.2313901290653408,0
121.017742,14.554848,2.569163026260512,-1.0068685658700558,2.605961331189259,-0.945810638996421,-0.4637632287938888,1.656556273024873,0
121.009139,14.563865,0.5529110121484165,-1.288343308178401,2.936107086704551,1.0399243153978992,1.6384132869960526,1.2949946110493726,0
121.040676,14.564421,-0.3673270866001807,0.1019028830670234,2.005095841127259,1.6597451938826393,0.5332740312390652,-1.5447105981981608,0
121.018458,14.57608,-0.3891439673682655,-0.7092888939684789,1.8924666315355312,1.9464697404943705,1.1931768425741998,-1.9614984409834848,0
121.04641,14.560995,0.3357761798594216,0.3270840861435982,2.3719289078579147,1.2489200778339942,1.0011207708886571,-0.8771624896755409,0
121.0218,14.55659,0.8895733997355438,-0.810762071023991,1.9297583365596616,-1.298059133041476,-1.7972724812322634,0.0873749851581475,0
121.018458,14.57608,2.8396509887690886,-0.7092888939684789,2.324065810191429,1.9566502094204508,1.5277925307166802,-0.4689020003891375,0
121.018458,14.57608,-0.675451753372183,-0.7092888939684789,1.8484400486525605,1.945431250893076,1.1590433547074568,-2.113755266650539,0
121.04641,14.560995,0.513619947258027,0.3270840861435982,2.352364773719557,1.2259284516122364,0.901420789017869,-0.8989269191023013,0
121.040676,14.564421,-0.3983463483557515,0.1019028830670234,2.54714666584776,1.7788214489174008,1.3523188586078545,0.1133455432160138,0
121.0206028,14.5596699,-0.2225705317408508,-0.8409822022527302,1.9123317599630776,-0.78663939699069,-1.3454560491135992,-0.441755499085162,0
121.0218,14.55659,-0.3430121212853808,-0.810762071023991,1.7702919733614983,-1.3018205914398673,-1.9209055868913325,-0.4641064306437798,0
121.012006,14.5531,-0.170871762148233,-1.280500541769874,2.611750161990484,-0.4697347994320349,-0.2809149849875841,0.9901213940774308,0
121.017742,14.554848,-0.4621426300330419,-1.0068685658700558,1.8904456779697836,-1.111626327806244,-1.5773065108473958,-0.5145182418377834,0
121.0218,14.55659,-0.4561455727602982,-0.810762071023991,1.7775719595075017,-1.301648872686897,-1.915261466850375,-0.4389301051397787,0
121.021325,14.57178,0.7080073209262701,-0.6696261041187922,2.0134164666279197,1.739573602742304,0.1166631969843727,0.5348302355968229,0
121.011528,14.543799,0.4897236178998801,-1.3910842018845122,2.6259604693926226,0.7500432194175737,0.5908038382127078,1.2378252372057692,0
121.0286021,14.56650591,-0.7033690889521966,-0.3949078272696752,1.7595670202494862,0.9142744826129836,-0.4091797402131074,-1.4447933867878682,0
121.04641,14.560995,0.087622085814856,0.3270840861435982,2.589182593123812,1.2817586915100747,1.27353786920303,-0.1822893589824659,0
121.0275016,14.5570169,1.814360990208292,-0.55291332865216,2.1596542740087714,-0.7554379336938268,-1.3509784272461014,0.886408300944703,0
121.0177415,14.5548479,1.4317900952229197,-1.006891563144969,3.098985687112814,-0.973459515081688,-0.228895086763517,3.4415890101451727,0
121.0270887,14.55973,-0.7374902768833245,-0.5507463163884654,1.8790387911081925,-0.6613327256579729,-1.4734003413412986,-0.5006292174484119,0
121.0154,14.55677,0.1910196250000917,-1.099882192904449,3.1150617095915814,-0.4709511376162273,0.3195188962799091,2.5782800357948448,0
121.026342,14.563933,2.600182288016083,-0.5335622400177995,2.4933625479415933,0.6738331111279854,0.1550485624883715,1.3861139872676425,0
121.021325,14.57178,0.0359233162222382,-0.6696261041187922,1.963661921129172,1.731022873895371,0.0504102251797658,0.3777917016582945,0
121.0275016,14.5570169,-0.4014482745313085,-0.55291332865216,1.9142727742467405,-0.7855505283934694,-1.6324856032035195,0.0873565257513467,0
121.009139,14.563865,-0.3776668405187043,-1.288343308178401,2.3410876270322394,0.8394670729032537,0.4776524272170401,-0.3830140028266635,0
121.0008956,14.5553572,-0.6674487838392458,-1.7625181807720074,2.8568348757136666,-0.0285284702339752,2.2717550597071057,-1.3177044184248912,0
121.0218,14.55659,2.714953556511695,-0.810762071023991,2.130477954585176,-1.2933246017095883,-1.641656028674435,0.7815222454827473,0
121.003404,14.55953,-0.0364549612074266,-1.5632323126244678,2.7745309832883387,0.9441175812101636,1.5842321485426365,0.1593623971336691,0
121.017742,14.554848,-0.4981249736695038,-1.0068685658700558,1.886285685886353,-1.111724452807941,-1.5805317222993716,-0.5289047135543554,0
121.057819,14.54414,-0.48106437970394,0.6801834717477776,2.292108509228271,1.058923017854856,1.3792787667062985,-0.8057299259999434,0
121.0183097,14.5726809,-0.675451753372183,-0.7843403952212594,1.4420340991091578,1.9074895163851664,-0.3407948248067365,-1.5158973722091698,0
121.009139,14.563865,-0.672349827196626,-1.288343308178401,2.020088771234476,0.8318954206889622,0.2287843608777537,-1.4931221153830825,0
121.021325,14.57178,-0.0297237814064678,-0.6696261041187922,1.9411286306772573,1.7304913634695114,0.0329403298148973,0.299864979860196,0
121.017742,14.554848,3.292945800557161,-1.0068685658700558,3.739025365784557,-0.8668461167302463,0.6106877028430949,5.468614468620998,0
121.0173038,14.5604947,0.397814703370563,-0.9758323707402654,2.9099218009098533,-0.5389865220720363,0.090957979110425,1.8967781527808103,0
121.003404,14.55953,0.1393208554074739,-1.5632323126244678,2.639291795260846,0.9269708571361316,1.4270172069152527,-0.2799043862266804,0
121.0275016,14.5570169,1.1215974776672126,-0.55291332865216,2.467730123496832,-0.759137109582958,-1.1532733921936928,1.974162696989288,0
121.0275016,14.5570169,-0.3776668405187043,-0.55291332865216,1.95697796021234,-0.7761691689647319,-1.5679575920433448,0.2179855971064308,0
121.0218,14.55659,-0.170871762148233,-0.810762071023991,2.2135428785802644,-1.2514889095384858,-1.4276421495408531,0.9875566352741788,0
121.04641,14.560995,-0.3983463483557515,0.3270840861435982,2.437106446764389,1.2891375549628494,1.196778263599711,-0.7305510656555997,0
121.011528,14.543799,-0.3776668405187043,-1.3910842018845122,2.141740585667079,0.7320419427778023,0.1907053507180583,-0.4233463262494794,0
121.017742,14.554848,-0.5191146741241067,-1.0068685658700558,1.883859023837685,-1.1117816923922643,-1.5824130956463571,-0.5372968220556891,0
121.057819,14.54414,-0.2742693013334687,0.6801834717477776,2.24009445947592,1.0178197470505876,1.1893384033855057,-0.9043812931535946,0
121.019175,14.550759,3.292945800557161,-0.992061164436938,1.9988163967441712,-0.7573350899949551,-1.7535159479482916,0.6179803770241001,0
121.003404,14.55953,-0.5327631492965579,-1.5632323126244678,2.434893768832372,0.8822731857488619,1.118934660432379,-0.9055442010847954,0
121.0539224,14.54884675,-0.2225705317408508,0.5358380193035018,2.264205631458978,0.2056628126599713,0.8582838340235156,-1.4125236105159806,0
121.009139,14.563865,2.0521753303343337,-1.288343308178401,2.884697601712782,0.9174875008631264,1.1437285667233106,1.364140063768236,0
121.018458,14.57608,-0.6795876549395925,-0.7092888939684789,1.8477467166386552,1.9454148967261264,1.158505819465461,-2.116153011936634,0
121.0182454,14.5616124,-0.574122164970652,-0.9183195932618652,2.0559605099417424,-0.1422285032012467,-0.581502382027688,-0.6380308927386489,0
121.026342,14.563933,1.0181999384819769,-0.5335622400177995,2.388322747834977,0.6713554548351323,0.0736119733259846,1.0228555764241989,0
121.01728,14.559818,3.292945800557161,-0.9860239211548968,2.979028164352956,-0.5292652128199559,0.2802858158905359,2.3120370616310697,0
121.009139,14.563865,2.155572869519569,-1.288343308178401,3.2546148642586683,0.9706751875907862,1.597342605831641,2.5528526299227265,0
121.0177415,14.5548479,3.80993349648334,-1.006891563144969,3.17752943126412,-0.9018231866220188,0.0938242427728908,3.571066490332739,0
121.0263428,14.5639339,2.000476560741716,-0.533514071377033,2.934590038103664,0.7027832047663816,0.5666996367695923,2.874236716887282,0
121.0155081,14.5560877,1.3800913256303018,-1.098874559430571,2.915522401654884,-0.6119065745025764,0.116333036148932,1.9890381832095625,0
121.018598,14.555018,3.80993349648334,-0.967495843375026,3.283834627089916,-0.8988290673584701,0.1802203112731181,3.911383486046784,0
121.0218688,14.5572392,0.5148607177282498,-0.8042832855852933,1.8857537603040748,-1.24509798487782,-1.791897602336662,-0.0634565383726324,0
121.0130061,14.56015921,-0.792580485761218,-1.1662359287313508,2.016639572212565,0.2720620578671369,-0.1754991223820906,-1.3623974185826426,0
121.019175,14.550759,1.7419827127786267,-0.992061164436938,2.94065856367263,-0.6334343637233139,-0.6417962614790694,3.668014026354181,0
121.01558916999,14.555952722459,-0.5012661909099514,-1.095816063714466,2.094192568884628,-0.7734123507085975,-0.9834998833500948,-0.6133168286505009,0
121.018458,14.57608,-0.33539792649978,-0.7092888939684789,1.8924666315355312,1.9464697404943705,1.1931768425741998,-1.9614984409834848,0
121.011528,14.543799,0.6046097817410344,-1.3910842018845122,2.499591284182026,0.7426760489600918,0.4763731651151281,0.8097386926292818,0
121.0271,14.55973,-0.4566459444716773,-0.5502394182501328,1.8419919441219108,-0.6626053424902923,-1.503618633498293,-0.6279357863655163,0
121.026342,14.563933,1.0667967818990378,-0.5335622400177995,2.261493788500632,0.6113406249230062,-0.2386659703184002,0.700400564977316,0
121.0275016,14.5570169,-0.1892506747384086,-0.55291332865216,1.750737825231706,-0.8348670227049448,-1.9298332995935803,-0.3855948080672907,0
121.003404,14.55953,0.1910196250000917,-1.5632323126244678,2.722967358055321,0.996335651361328,1.7447383428843668,-0.127805865702469,0
121.009139,14.563865,2.775958104630983,-1.288343308178401,2.279381077794689,0.8380115520447459,0.4298117906794002,-0.5964133332891485,0
121.018458,14.57608,-0.6671799502373642,-0.7092888939684789,1.8477467166386552,1.9454148967261264,1.158505819465461,-2.116153011936634,0
121.0084227,14.5684965,0.397814703370563,-1.2761626309904706,2.819293447173313,2.037975378211901,1.6154242680518065,1.3456984477419696,0
121.008422,14.568496,0.5012122425557987,-1.2762009065567883,2.6422762265927293,2.0058864717686324,1.373454135418093,0.7903809455869222,0
121.0034046,14.5595308,1.4317900952229197,-1.5631870495405584,3.0253732780879647,0.960801016627048,1.8191041937080603,1.0049168781550335,0
121.0218,14.55659,-0.48106437970394,-0.810762071023991,1.766478647285021,-1.3019105393580896,-1.9238620307223104,-0.4772940297173042,0
121.026342,14.563933,-0.7788492925574187,-0.5335622400177995,1.682954665581122,0.5496431367553856,-0.8674882952804083,-1.202476969933952,0
121.003404,14.55953,0.397814703370563,-1.5632323126244678,2.6863034814594933,0.9203038656781376,1.4342902446588703,-0.1014846488659129,0
121.0130061,14.56015921,-0.7723352475887488,-1.1662359287313508,2.023229693004733,0.2722175042239921,-0.1703898499069191,-1.3396068496383065,0
121.0275016,14.5570169,0.1393208554074739,-0.55291332865216,2.3820325439677585,-0.7575696520130708,-1.2062488165672969,1.6704847917985948,0
121.009139,14.563865,-0.6878594580744113,-1.288343308178401,2.09420484909702,0.8549775152313591,0.3662896384097516,-1.280264224236571,0
121.04641,14.560995,0.1393208554074739,0.3270840861435982,2.824539795264399,1.299472540989194,1.5016409340060817,0.6068701376047045,0
121.0275016,14.5570169,0.5529110121484165,-0.55291332865216,2.630138078603712,-0.7686648510180838,-1.077480465842698,2.563028533644782,0
121.0008956,14.5553572,-0.6658357822279561,-1.7625181807720074,2.735180591316328,-0.0553238501492687,2.087668831861016,-1.6896835090335047,0
121.0167486,14.5498937,2.000476560741716,-1.1072674307617891,3.1691229732003987,-0.374891485871953,-0.0750913546281781,3.6285269420609216,0
121.017742,14.554848,2.775958104630983,-1.0068685658700558,3.2098752440774216,-0.8811220332485487,0.1937088403832353,3.6423135601876906,0
121.019175,14.550759,-0.8036647019618752,-0.992061164436938,1.654230385833358,-0.7654631109688694,-2.0206709632202804,-0.573699030165282,0
121.019175,14.550759,-0.2225705317408508,-0.992061164436938,1.8303367173652425,-0.7613091525636899,-1.8841370117533085,0.0353282725029333,0
121.014157,14.571537,0.6407989204558668,-0.979823837570232,2.530405355916177,2.065893680597842,1.178102574484143,0.916407387243262,0
121.0218,14.55659,-0.0209453303296413,-0.810762071023991,2.0273585727925973,-1.2526904750767998,-1.5600203407140814,0.337178467488658,0
121.04641,14.560995,1.0181999384819769,0.3270840861435982,3.106640300431937,1.3872750894472643,2.024816393793305,1.4171564389970484,0
121.026342,14.563933,-0.8008570451828394,-0.5335622400177995,1.6849583951013078,0.5496904002978696,-0.8659348184310399,-1.1955474860571365,0
121.019175,14.550759,0.5148607177282498,-0.992061164436938,1.8081500929202807,-0.7618324859060748,-1.901338139497179,-0.0413995766521173,0
121.03996,14.557414,0.087622085814856,-0.0003037259209357,2.2665418335393666,1.5875264847811867,0.9339237047753992,-0.3141411085320766,0
121.018458,14.57608,-0.5353480877761887,-0.7092888939684789,1.8616133569167563,1.9457419800651168,1.16925652430538,-2.068198106214727,0
121.021325,14.57178,1.7419827127786267,-0.6696261041187922,1.521059384342012,1.678114521224085,-0.4520754631660865,-1.0663492663381404,0
121.0271,14.55973,2.4699013886426857,-0.5502394182501328,2.4635176249769133,-0.5522416290240797,-0.6626801147263611,1.3265338538373688,0
121.0218,14.55659,-0.4057288189162842,-0.810762071023991,1.7702919733614983,-1.3018205914398673,-1.9209055868913325,-0.4641064306437798,0
121.0218,14.55659,-0.48106437970394,-0.810762071023991,1.8691019236437283,-1.2727727125634551,-1.7440574067337948,-0.1768157341505168,0
121.0218,14.55659,0.9148023992967412,-0.810762071023991,2.2905056095477847,-1.2080027177341146,-1.211626614768288,1.168832572633316,0
121.025,14.55792,0.3693803800946232,-0.6584373463299487,1.80595553851764,-1.1641131509497955,-2.2051148427654104,0.1331520095475985,0
121.0218,14.55659,-0.3052885723948179,-0.810762071023991,1.8070385700984664,-1.3009538205915423,-1.892416219065547,-0.337025930480727,0
121.0218,14.55659,-0.4293656142472237,-0.810762071023991,1.8091185661401816,-1.3009047580906938,-1.8908036133395592,-0.329832694622441,0
121.0218,14.55659,1.664167792738602,-0.810762071023991,2.1752602693633034,-1.2922682860663186,-1.6069366273939163,0.9363926135116454,0
121.0183,14.56166,0.1703401171630446,-0.9152198264694916,2.142753403737815,-0.160119438296945,-0.5890196113296579,-0.2972614013574091,0
121.009139,14.563865,-0.0571344690444736,-1.288343308178401,3.0337436811742298,0.9152210935327868,1.237588836212386,1.891363211383084,0
121.026342,14.563933,-0.3119060055968944,-0.5335622400177995,1.7810611455486878,0.5519572513787435,-0.7914270585379809,-0.8631960119514621,0
121.011528,14.543799,0.5012122425557987,-1.3910842018845122,2.3550156122807024,0.7245115704145064,0.3089274307761775,0.3398081811560292,0
121.026342,14.563933,0.1703401171630446,-0.5335622400177995,1.8971942578777847,0.5546965743427891,-0.7013899055036589,-0.4615736765304931,0
121.0275016,14.5570169,1.638585173593391,-0.55291332865216,2.63295053461365,-0.7063913671162151,-0.8419017580408504,2.446038433609743,0
121.0206028,14.5596699,-0.5327631492965579,-0.8409822022527302,1.8741984991982996,-0.7875388761729138,-1.3750204874233765,-0.5736314898204055,0
121.017742,14.554848,-0.48106437970394,-1.0068685658700558,1.919912288560748,-1.110931275710889,-1.5544612630625678,-0.4126140671787315,0
121.017742,14.554848,1.0181999384819769,-1.0068685658700558,2.0793786517589115,-1.107169817312498,-1.430828157403499,0.1388673486231958,0
121.018458,14.57608,-0.7447281046262909,-0.7092888939684789,1.8467067186177972,1.945390365475702,1.1576995166024668,-2.1197496298657774,0
121.0218,14.55659,-0.3259680709260866,-0.810762071023991,1.8087719001332287,-1.3009129351741684,-1.8910723809605567,-0.3310315672654887,0
121.011528,14.543799,-0.4293656101113222,-1.3910842018845122,2.0705652757244133,0.7164063437299064,0.0831586654511004,-0.6410614451746197,0
121.019175,14.550759,-0.3983463483557515,-0.992061164436938,1.685083660452133,-0.7647353505396155,-1.9967506449514605,-0.4669993649340396,0
121.0218,14.55659,-0.5120836414595107,-0.810762071023991,1.7702919733614983,-1.3018205914398673,-1.9209055868913325,-0.4641064306437798,0
121.018458,14.57608,1.7419827127786267,-0.7092888939684789,2.324065810191429,1.9566502094204508,1.5277925307166802,-0.4689020003891375,0
121.0271,14.55973,2.06768504393015,-0.5502394182501328,2.079324720312836,-0.6677738089580154,-1.3600121147743662,0.2147621885528458,0
121.036339,14.562949,1.7213032049415795,-0.1065688279484765,1.8798477789629364,1.39958140400491,-0.0235760304657488,-1.003285979743847,0
121.017742,14.554848,-0.6568401963188406,-1.0068685658700558,1.8741523756430143,-1.1120106507295575,-1.5899385890343007,-0.5708652560610238,0
121.026342,14.563933,-0.8015967511781705,-0.5335622400177995,1.6836479975950271,0.5496594909223351,-0.8669507600384123,-1.2000792246478564,0
121.040676,14.564421,-0.3280360217097912,0.1019028830670234,2.097499665280455,1.6619247954828371,0.6049140406160759,-1.2251510951938047,0
121.003404,14.55953,1.328392556037684,-1.5632323126244678,3.525095917158453,1.0365899482840664,2.4466663752169557,2.602732530749868,0
121.009139,14.563865,-0.7550678585448145,-1.288343308178401,1.9950109522915305,0.8313038904703978,0.2093417111747601,-1.579848562381151,0
121.0218,14.55659,-0.4951264450331321,-0.810762071023991,1.7730653014171187,-1.301755174772069,-1.9187554459233485,-0.4545154494993985,0
121.0218,14.55659,-0.4893361828387588,-0.810762071023991,1.7723719694032136,-1.3017715289390186,-1.9192929811653443,-0.4569131947854939,0
121.0218,14.55659,-0.1398525003926623,-0.810762071023991,1.801398314165349,-1.3010868617396767,-1.896789068259184,-0.3565315883831125,0
121.0275016,14.5570169,0.6563085513336522,-0.55291332865216,1.7621778034611395,-0.8345971789502777,-1.920963968100648,-0.3460320108467176,0
121.0271,14.55973,-0.6177559265068215,-0.5502394182501328,1.7773786282571835,-0.6748960486645339,-1.5941087126636038,-0.8294558835416735,0
121.036339,14.562949,-0.3983463483557515,-0.1065688279484765,1.7373680501054474,1.3962206226967824,-0.1340395226959172,-1.4960226360364386,0
121.009139,14.563865,0.6046097817410344,-1.288343308178401,2.62214232547756,0.939207865460395,1.0449013559315898,0.3992870545388398,0
121.0275016,14.5570169,-0.5844619188891756,-0.55291332865216,1.7055949778063475,-0.8359318425150286,-1.9648322191999368,-0.5417120036449581,0
121.021325,14.57178,-0.4603848718668928,-0.6696261041187922,1.525901817124297,1.7006592041730355,-0.3641631443652648,-1.0952937232686566,0
121.0218,14.55659,-0.4293656101113222,-0.810762071023991,1.7702919733614983,-1.3018205914398673,-1.9209055868913325,-0.4641064306437798,0
121.036339,14.562949,-0.1398525003926623,-0.1065688279484765,1.7491546943418332,1.3964986435349245,-0.1249014235819859,-1.4552609661728175,0
121.040676,14.564421,0.1703401171630446,0.1019028830670234,2.867858302989112,1.851963024221016,1.847004881830276,1.0888801675331732,0
121.04641,14.560995,0.513619947258027,0.3270840861435982,2.791966206335679,1.3670921845016446,1.7329753087164008,0.3549143129854564,0
121.018458,14.57608,-0.6516703193595789,-0.7092888939684789,1.8477467166386552,1.9454148967261264,1.158505819465461,-2.116153011936634,0
121.0207038,14.55871244,1.7419827127786267,-0.8459537611788962,2.084930805066945,-1.189315333208877,-1.5058297015092188,0.3117762851157852,0
121.011528,14.543799,0.7597060905188878,-1.3910842018845122,2.343256505522535,0.7627149005617044,0.4441884332705753,0.2207562803638861,0
121.012006,14.5531,0.0359233162222382,-1.280500541769874,2.4179387549339486,-0.4463929191817208,-0.3264455765354063,0.2630048299643869,0
121.003404,14.55953,0.7597060905188878,-1.5632323126244678,2.550113033908848,0.9583634822450092,1.4835535358074687,-0.6565425830920953,0
121.017742,14.554848,-0.7933249480433517,-1.0068685658700558,1.8588990713371032,-1.1123704424024472,-1.6017643643582118,-0.6236156523551213,0
121.003404,14.55953,0.7080073209262701,-1.5632323126244678,2.775445938427991,0.9636785865036052,1.6582524894561534,0.1227246348888893,0
121.009139,14.563865,0.6046097817410344,-1.288343308178401,2.1750346097019784,0.8355502499188422,0.3489127367590093,-0.9572739988464966,0
121.018458,14.57608,-0.5844619188891756,-0.7092888939684789,1.8578000308402784,1.9456520321468944,1.166300080474402,-2.0813857052882514,0
121.018458,14.57608,-0.553442657133605,-0.7092888939684789,1.87582666320181,1.946077240487582,1.180275996766297,-2.0190443278497727,0
121.0218,14.55659,0.8114048601115057,-0.810762071023991,2.2875176557346717,-1.2896203828955208,-1.5199042963623517,1.3246115527833415,0
121.0145993,14.56317048,-0.4335015116787315,-1.041597504948403,2.024718899074317,0.4834710079599512,-0.1078233703187544,-1.1294558376182045,0
121.018458,14.57608,-0.4318471510517679,-0.7092888939684789,1.8695866750766643,1.9459300529850363,1.1754381795883333,-2.0406240354246306,0
121.036339,14.562949,0.6976675670077465,-0.1065688279484765,1.8575073854916573,1.430158015737823,0.0758027413968134,-1.1439038058101316,0
121.021325,14.57178,0.1496606093259974,-0.6696261041187922,1.6046305251451096,1.7245479370015908,-0.2204634790020851,-0.8679055033410237,0
121.026342,14.563933,-0.2639295474149451,-0.5335622400177995,1.7626878471802037,0.551523865954581,-0.8056717424508737,-0.9267362620329884,0
121.019175,14.550759,-0.527593272337296,-0.992061164436938,1.7832728067075965,-0.7422817168556806,-1.8450701209963951,-0.1684528948445284,0
121.036339,14.562949,-0.4228515651426523,-0.1065688279484765,1.7373680501054474,1.3962206226967824,-0.1340395226959172,-1.4960226360364386,0
121.0271,14.55973,1.0698987080745948,-0.5502394182501328,2.0127648469779507,-0.6693438089851699,-1.411615498005978,-0.0154213589123066,0
121.0218,14.55659,-0.5017438875409871,-0.810762071023991,1.772718635410166,-1.3017633518555438,-1.9190242135443465,-0.4557143221424461,0
121.040676,14.564421,-0.3776668405187043,0.1019028830670234,2.0905386118608487,1.6617605996466642,0.5995171867864365,-1.249224457866202,0
121.0275016,14.5570169,0.6046097817410344,-0.55291332865216,2.31797476501936,-0.7716416911561772,-1.3030408333075587,1.4745411847659688,0
121.0218,14.55659,3.9846289535703097,-0.810762071023991,2.173464539447289,-1.292310643358718,-1.608328843670686,0.9301824532206584,0
121.0275016,14.5570169,-0.1910973547882569,-0.55291332865216,1.7974718696289764,-0.8337646700817121,-1.8936007366068432,-0.2239747870580345,0
121.0206028,14.5596699,-0.5948016728076992,-0.8409822022527302,1.8724651691635368,-0.7875797615902878,-1.3763643255283664,-0.5796258530356438,0
121.011528,14.543799,-0.574122164970652,-1.3910842018845122,1.9542204150618816,0.6737856515452265,-0.156656905298287,-0.9621876086986269,0
121.0278726,14.5671852,-0.7374902768833245,-0.4230395317982396,1.7568630253952564,0.9142107013618804,-0.4112761276568917,-1.45414459340364,0
121.0271,14.55973,2.258970408704805,-0.5502394182501328,2.7512765499036327,-0.5992871388127553,-0.6415619623544806,2.431346965006575,0
121.0168,14.55924,3.4938472191940746,-1.014289480093016,2.426297932067272,-0.6625747229018056,-0.617086072952958,0.5234128652845467,0
121.009139,14.563865,3.292945800557161,-1.288343308178401,3.325801791604054,0.9623852359396914,1.615129747517959,2.819345001043263,0
121.0275016,14.5570169,1.0698987080745948,-0.55291332865216,2.332305562873851,-0.7752912968223855,-1.306891695569749,1.5322241293778385,0
121.0137,14.55211,-0.6413305654410553,-1.222887247582695,2.187212246168569,-0.539155363203796,-0.7101127759336178,-0.5821200399173245,0
121.0206028,14.5596699,-0.0157754533703795,-0.8409822022527302,1.9858249534370136,-0.7849058552940402,-1.288477313462028,-0.1875944987590563,0
121.0218,14.55659,3.887629447314778,-0.810762071023991,2.173464539447289,-1.292310643358718,-1.608328843670686,0.9301824532206584,0
121.0218,14.55659,4.078767098364953,-0.810762071023991,2.173464539447289,-1.292310643358718,-1.608328843670686,0.9301824532206584,0
121.0218,14.55659,-0.4293656101113222,-0.810762071023991,1.8070385700984664,-1.3009538205915423,-1.892416219065547,-0.337025930480727,0
121.0218,14.55659,-0.4500451179483692,-0.810762071023991,1.7702919733614983,-1.3018205914398673,-1.9209055868913325,-0.4641064306437798,0
121.018458,14.57608,-0.6632508437483252,-0.7092888939684789,1.8477467166386552,1.9454148967261264,1.158505819465461,-2.116153011936634,0
121.0050022,14.56644808,2.258970408704805,-1.4553717251156304,2.6949456591639187,1.648818421201471,1.1160350362001503,1.150225490952114,0
121.0275016,14.5570169,1.0123093806745942,-0.55291332865216,2.0098255988478173,-0.8287557158284113,-1.728964442688323,0.5104066391672452,0
121.0183,14.56166,-0.5844619188891756,-0.9152198264694916,1.985134770356709,-0.1638373128404155,-0.7112201855688078,-0.8423528259718925,0
121.021325,14.57178,0.087622085814856,-0.6696261041187922,1.6046305251451096,1.7245479370015908,-0.2204634790020851,-0.8679055033410237,0
121.009856,14.570873,1.4834888648155375,-1.1706148418840634,3.04958824017288,2.140728255792325,1.8680713286468733,2.41080516906386,0
121.036339,14.562949,-0.3978293606598253,-0.1065688279484765,1.7415280421888777,1.3963187476984795,-0.1308143112439414,-1.4816361643198663,0
121.0218,14.55659,0.0669425779778089,-0.810762071023991,2.315047820229616,-1.203834947619253,-1.1791339356645354,1.2463961679317814,0
121.017742,14.554848,-0.527593272337296,-1.0068685658700558,1.8814323617890176,-1.1118389319765876,-1.5842944689933434,-0.5456889305570228,0
121.0183,14.56166,-0.170871762148233,-0.9152198264694916,2.0069747287947184,-0.1633221565815054,-0.6942878254459354,-0.7668238494598895,0
121.036339,14.562949,-0.4412563271176243,-0.1065688279484765,1.7373680501054474,1.3962206226967824,-0.1340395226959172,-1.4960226360364386,0
121.0275016,14.5570169,-0.553442657133605,-0.55291332865216,1.752471155266469,-0.8348261372875712,-1.9284894614885908,-0.3796004448520523,0
121.0218,14.55659,-0.6177559265068215,-0.810762071023991,1.897830238638489,-1.274687039571904,-1.7315094804283315,-0.0721849521421321,0
121.0134492,14.54985328,-0.6103113036854846,-1.256821383557737,1.980886776193272,0.1284891424593175,-0.8788134070825989,-0.6806031029279864,0
121.0218,14.55659,1.8453802519638625,-0.810762071023991,2.632141342424462,-1.216293600850162,-1.0081007713089194,2.3836127222688788,0
121.012006,14.5531,0.5012122425557987,-1.280500541769874,2.633438833563565,-0.4670300110952231,-0.2558711326722521,1.0606596109928683,0
121.0206028,14.5596699,-0.3259680709260866,-0.8409822022527302,1.8644641177230723,-0.7877684886768852,-1.3825674822209997,-0.6072958336371841,0
121.0275016,14.5570169,0.6976675670077465,-0.55291332865216,1.945063686105757,-0.7991797338003048,-1.6624747646072833,0.2230827677712173,0
121.021325,14.57178,0.7080073209262701,-0.6696261041187922,1.8371563929963384,1.718867322464701,-0.082079863682341,-0.0410189415363329,0
121.011528,14.543799,0.1910196250000917,-1.3910842018845122,2.4029004848224504,0.7282330328708777,0.3557771487112673,0.5001282532611788,0
121.0218,14.55659,-0.4293656101113222,-0.810762071023991,1.776531961486644,-1.3016734039373214,-1.9160677697133688,-0.4425267230689217,0
121.021325,14.57178,0.397814703370563,-0.6696261041187922,1.7235949717635652,1.7506817239816452,-0.0407068764844558,-0.5040102331375751,0
121.0218,14.55659,-0.437637413246141,-0.810762071023991,1.7716786373893083,-1.3017878831059682,-1.9198305164073408,-0.4593109400715892,0
121.017742,14.554848,-0.7602377355040763,-1.0068685658700558,1.868983585479352,-1.1121325710441663,-1.5939459142633805,-0.5887404471688645,0
121.0218,14.55659,-0.3724969635594425,-0.810762071023991,1.777918625514454,-1.3016406956034223,-1.9149926992293769,-0.4377312324967311,0
121.026342,14.563933,-0.3833537051738923,-0.5335622400177995,1.7138079401998971,0.5503708971846395,-0.8435679770115884,-1.0957773047027095,0
121.0218,14.55659,-0.4412563271176243,-0.810762071023991,1.771331971382356,-1.301796060189443,-1.9200992840283384,-0.4605098127146369,0
120.975007,14.601192,-0.8415082013036715,-1.6347798283111286,-1.7456628435301895,-2.0540386971148803,3.3000281225459718,-0.4857687542090396,1
120.9932061,14.5667099,-0.718878719829982,-1.766365616031252,-2.3805990398825947,-1.150751559149368,2.70947970149298,-0.5148708556415894,1
120.975007,14.601192,-0.7860871203003852,-1.6347798283111286,-1.724585550307476,-2.053541530439615,3.3163691939026485,-0.4128772975117413,1
121.01435,14.58272,-0.6589172460859937,-0.7489841751967746,-1.944040851654927,0.1680176381858656,4.4548700606057015,-1.4897499159275411,1
120.9953498,14.56242085,-0.7804002556451972,-1.891874792036066,-2.270832670515802,-0.9958763100242848,3.405510274591762,-0.8397632198211,1
120.975007,14.601192,1.334596408388798,-1.6347798283111286,-0.922062828479344,-1.8731124795606569,4.544496909206483,2.0335061933532965,1
120.975007,14.601192,-0.5844619188891756,-1.6347798283111286,-1.6728629820701588,-2.0523215095851803,3.3564693229555465,-0.2340054991690292,1
120.968989,14.598201,2.258970408704805,-1.376503781460032,-1.686560872739804,-0.94119876350413,3.040765396834795,2.6364790246352103,1
121.0560385,14.5962746,1.5351876344081554,1.2496343764800142,-1.7198019456495055,-0.392230614181235,2.8756301663688157,2.5841852447931988,1
121.0032543,14.5894572,-0.553442657133605,-1.031104133725733,-1.9323167230122489,-0.2961757112450616,4.106830788905745,0.0417131476909529,1
120.9895887,14.551476,2.775958104630983,-1.5718375913783735,-1.837154284722116,-1.1802501468182875,3.7144594233295503,0.970636789567806,1
121.0560385,14.5962746,-0.6258209345632699,1.2496343764800142,-2.346516053059318,-0.431338000703117,2.2984786073136227,0.4663735622474078,1
120.975007,14.601192,-0.6568401963188406,-1.6347798283111286,-1.6014555933392982,-2.038674255039884,3.456715224671449,-0.0114263607989076,1
120.9932061,14.5667099,0.9665011688893592,-1.766365616031252,-0.948711432556821,-0.933882133600801,4.50657300925993,4.06405157327713,1
120.975007,14.601192,-0.6227190083877129,-1.6347798283111286,-1.6472096975556718,-2.051716405408048,3.3763581269093965,-0.1452889235835019,1
120.975007,14.601192,-0.3259680709260866,-1.6347798283111286,-1.596194692650592,-2.021203939114299,3.5258761616065826,-0.0285670044662452,1
121.0560385,14.5962746,0.087622085814856,1.2496343764800142,-2.1726724762490246,-0.4316238168714542,2.416800694000291,1.076510726550201,1
120.994802,14.597008,-0.8406810209901896,-1.31892918060264,-1.7715211169519354,-0.6080901152340061,4.741021847708174,-1.3998906501498574,1
120.975007,14.601192,-0.613053923412373,-1.6347798283111286,-1.6645429979032982,-2.052125259581786,3.362919745859498,-0.2052325557358853,1
120.975007,14.601192,-0.402552043262111,-1.6347798283111286,-1.590356472415457,-2.0503753637181865,3.4204360167530647,0.0513261898763157,1
120.975007,14.601192,-0.613053923412373,-1.6347798283111286,-1.6468630315487194,-2.051708228324573,3.3766268945303946,-0.1440900509404542,1
120.975007,14.601192,-0.6652619258854781,-1.6347798283111286,-1.6829162962717823,-2.052558645005948,3.348675061946605,-0.2687728058174117,1
120.975,14.590833,0.1898822520690541,-1.6250037094292569,-1.017269902149927,-0.9214821790842244,4.313756293182773,3.997112757530625,1
121.0560385,14.5962746,0.4598532268817044,1.2496343764800142,-1.9512240274713997,-0.3275069294474841,2.9595313994432435,1.6408977782071543,1
121.0560385,14.5962746,0.1910196250000917,1.2496343764800142,-1.8121383768430548,-0.4261103438950745,2.6850990768906065,2.3294354318442005,1
120.975007,14.601192,-0.4489646136638836,-1.6347798283111286,-1.606649774742226,-2.0507596866415003,3.40780393856616,-0.0050208243469246,1
120.975007,14.601192,-0.4958683223767861,-1.6347798283111286,-1.6232897430759474,-2.051152186648289,3.394903092758257,-0.0625667112132127,1
120.975007,14.601192,0.4495134729631809,-1.6347798283111286,-1.1734989956090571,-1.9923121438821183,3.9245810075346816,1.3946956834051163,1
120.975007,14.601192,1.0181999384819769,-1.6347798283111286,-1.0805500503878256,-1.9895016002775292,3.998962666177895,1.7148813336861526,1
120.99267,14.56787,-0.7133918053360705,-1.816129665029751,-2.2259152507472817,-1.1799537016250197,3.0073847892242203,-0.6409353387680752,1
120.975007,14.601192,-0.3777702380578896,-1.6347798283111286,-1.5191840668234715,-2.028758376995543,3.5504225879151825,0.2568469957526069,1
120.975007,14.601192,0.3461159337779452,-1.6347798283111286,-1.1734989956090571,-1.9923121438821183,3.9245810075346816,1.3946956834051163,1
120.975007,14.601192,-0.7153580336207247,-1.6347798283111286,-1.7292828747016828,-2.053652329920698,3.3127273926381258,-0.4291220218250373,1
121.0560385,14.5962746,-0.229208653756543,1.2496343764800142,-2.1987107480434687,-0.3818741409940249,2.585576210957849,0.8838712075445954,1
120.975007,14.601192,-0.405584176098718,-1.6347798283111286,-1.6510230236321497,-2.05180635332627,3.373401683078419,-0.1584765226570262,1
120.975007,14.601192,3.389157210769023,-1.6347798283111286,-0.6901026358452027,-1.903729171214786,4.588933053928065,2.909204271789779,1
121.0560385,14.5962746,4.083626782706658,1.2496343764800142,-1.9689517809790944,-0.4674923988099675,2.4221373240116137,1.863889620337184,1
120.975007,14.601192,1.0181999384819769,-1.6347798283111286,-1.0947851123763588,-1.9926287200871085,3.977453329124504,1.6713383099011243,1
120.975007,14.601192,0.0328213900466811,-1.6347798283111286,-1.7075295827654118,-2.0531392179326566,3.329592560855749,-0.3538927634737961,1
121.0560385,14.5962746,2.258970408704805,1.2496343764800142,-1.9313827971093047,-0.3992151566869145,2.7041123663879967,1.8565380793360555,1
121.0034823,14.5723066,-0.5844619188891756,-1.3886487269660317,-2.262184958575248,0.2992502536521974,3.046601773851456,-0.0295571254783941,1
120.975,14.590833,-0.0674742229629973,-1.6250037094292569,-1.8965395943744343,-1.0185854613961234,3.3455536381805624,1.1118929907852892,1
120.975007,14.601192,1.7419827127786267,-1.6347798283111286,-1.2036158750592163,-2.041253009393741,3.720273174738408,1.3887885104602944,1
120.975007,14.601192,-0.7602377355040763,-1.6347798283111286,-1.7226095540678468,-2.0534949210638085,3.3179011693423366,-0.4060437234463696,1
120.975007,14.601192,2.0521753303343337,-1.6347798283111286,-0.7981332941156124,-1.9818431049942975,4.221658669066774,2.689530528047512,1
121.0034823,14.5723066,-0.4293656101113222,-1.3886487269660317,-2.0433531375496248,0.3185681247106021,3.269373544018658,0.6983913374405545,1
120.994802,14.597008,-0.3673270866001807,-1.31892918060264,-1.403387956724471,-0.5455735635110789,5.2284120342644655,-0.2364367206728744,1
121.0034823,14.5723066,-0.6361606884817935,-1.3886487269660317,-2.1173917027125086,0.2976810591212003,3.140157145308978,0.4813339426418893,1
120.975007,14.601192,2.258970408704805,-1.6347798283111286,-0.8575306728739326,-1.979256520179809,4.190569740599227,2.475994139839445,1
121.00078,14.5663,-0.5844619188891756,-1.637018650686966,-2.144542233495941,-0.1471074851792968,2.700226585287514,0.8017865367673317,1
120.975007,14.601192,0.9148023992967412,-1.6347798283111286,-1.5107843207193932,-2.002441220256824,3.654932183926932,0.2326911382439228,1
121.0560385,14.5962746,-0.5844619188891756,1.2496343764800142,-2.466497289819812,-0.4576951533838558,2.117185623577894,0.0993680760593144,1
121.0560385,14.5962746,-0.7767813417737139,1.2496343764800142,-2.655697140752053,-0.4836912011734731,1.8897086668146224,-0.5110770855402464,1
120.975007,14.601192,-0.7137088428707202,-1.6347798283111286,-1.703612256886848,-2.053046816889392,3.332629634973026,-0.3403455026073574,1
120.994802,14.597008,-0.0157754533703795,-1.31892918060264,-1.3594339018286383,-0.5379571828842565,5.287175643091685,-0.0978334138881641,1
120.9951035796,14.57542573946,0.8114048601115057,-1.651399213849914,-0.6760928535326725,-0.4868571387896871,6.401154019827354,2.2655482576112123,1
120.997102,14.529416,-0.170871762148233,-1.7419920927003931,0.1790847102949647,1.917367238735332,-0.095267065729334,0.8817350888254921,0
120.997102,14.529416,-0.5017438875409871,-1.7419920927003931,0.0339897520075716,1.921521281119708,-0.1793314185704844,0.3645207954267325,0
121.00197,14.501556,-0.7753027569633651,-1.57112468994081,-0.8844602438688275,3.032194082181877,-1.3549047670248235,-0.67329639496513,0
120.997102,14.529416,1.8453802519638625,-1.7419920927003931,1.3580260027204591,2.124619538729605,1.4920216285206338,4.593331499997294,-1
120.997102,14.529416,2.775958104630983,-1.7419920927003931,0.7499493131285397,1.9822731938044016,0.5403224712285095,2.7511674651762905,0
120.989915,14.516398,1.3800913256303018,-1.7708823905820965,-0.2389392897885136,2.677379526084185,-1.2798113583736273,1.9400228533970425,0
121.00197,14.501556,0.6046097817410344,-1.57112468994081,-0.4909943259777075,3.0414750719257326,-1.04985351719212,0.6874240548939735,0
121.006287,14.5091526,-0.1191729925556152,-1.2503749385394074,0.0098754212267942,2.889457881333434,-0.5224943624062472,2.586410183288002,-1
121.00197,14.501556,-0.7755509110574097,-1.57112468994081,-0.8803695849867876,3.032290571766879,-1.3517333090970474,-0.6591496977771674,0
121.059675,14.583771,1.855720005882386,1.168689720153917,-0.8308738992307939,-2.772707212758028,-0.0501524849663725,1.80454924081649,1
121.059675,14.583771,-0.6775197041558878,1.168689720153917,-1.424955435345342,-2.786720280708729,-0.5107395570706049,-0.2499588075742988,1
121.059675,14.583771,1.4384333871155712,1.168689720153917,-1.1635865994034833,-2.780555168622932,-0.3081022092191805,0.6539312216514908,1
121.0791283,14.58824009,-0.3001186861297776,2.078579519799055,-1.5521985777496683,-0.0909903375394761,1.7377693932938925,-0.9357558956885716,1
121.059675,14.583771,-0.6361606884817935,1.168689720153917,-1.417543716116697,-2.7865454546640387,-0.5049933053336683,-0.2243269104659397,1
121.0599336955,14.5881146029,-0.5451915335066232,1.2482156993671,-1.496476732440802,-2.068531694915525,0.9449249843871802,-1.0570825059455409,1
121.0599336955,14.5881146029,-0.5785992784173728,1.2482156993671,-1.4992500604964225,-2.068597111583323,0.9427748434191964,-1.0666734870899222,1
121.0599336955,14.5881146029,-0.4522474855330148,1.2482156993671,-1.4878100822669889,-2.068327267828656,0.9516441749121296,-1.0271106898693487,1
121.0599336955,14.5881146029,-0.4773834273089456,1.2482156993671,-1.4891967462947988,-2.068359976162555,0.9505691044281376,-1.0319061804415397,1
121.0599336955,14.5881146029,-0.4819949575566071,1.2482156993671,-1.4891967462947988,-2.068359976162555,0.9505691044281376,-1.0319061804415397,1
121.0599336955,14.5881146029,-0.4934410651444127,1.2482156993671,-1.4902367443156566,-2.068384507412979,0.9497628015651438,-1.0355027983706826,1
121.0599336955,14.5881146029,-0.4578309526490176,1.2482156993671,-1.4881567482739413,-2.0683354449121305,0.9513754072911316,-1.0283095625123966,1
121.0599336955,14.5881146029,-0.542937467152385,1.2482156993671,-1.4954367344199444,-2.0685071636651005,0.9457312872501742,-1.0534858880163978,1
121.0599336955,14.5881146029,-0.5410246126774582,1.2482156993671,-1.4954367344199444,-2.0685071636651005,0.9457312872501742,-1.0534858880163978,1
121.0599336955,14.5881146029,-0.5456464826790381,1.2482156993671,-1.496476732440802,-2.068531694915525,0.9449249843871802,-1.0570825059455409,1
121.0599336955,14.5881146029,-0.495105765525295,1.2482156993671,-1.4902367443156566,-2.068384507412979,0.9497628015651438,-1.0355027983706826,1
121.0599336955,14.5881146029,-0.4757807654515745,1.2482156993671,-1.4891967462947988,-2.068359976162555,0.9505691044281376,-1.0319061804415397,1
121.0599336955,14.5881146029,-0.4978458003137037,1.2482156993671,-1.4902367443156566,-2.068384507412979,0.9497628015651438,-1.0355027983706826,1
121.0599336955,14.5881146029,-0.4536019932963414,1.2482156993671,-1.488503414280894,-2.0683436219956053,0.9511066396701336,-1.0295084351554442,1
121.0599336955,14.5881146029,-0.5377158914235306,1.2482156993671,-1.4954367344199444,-2.0685071636651005,0.9457312872501742,-1.0534858880163978,1
121.0599336955,14.5881146029,-0.5353170685144332,1.2482156993671,-1.4954367344199444,-2.0685071636651005,0.9457312872501742,-1.0534858880163978,1
121.0599336955,14.5881146029,-0.5338488234580028,1.2482156993671,-1.4954367344199444,-2.0685071636651005,0.9457312872501742,-1.0534858880163978,1
121.0599336955,14.5881146029,-0.5372402627432785,1.2482156993671,-1.4954367344199444,-2.0685071636651005,0.9457312872501742,-1.0534858880163978,1
121.0599336955,14.5881146029,-0.5357409984250926,1.2482156993671,-1.4954367344199444,-2.0685071636651005,0.9457312872501742,-1.0534858880163978,1
121.0599336955,14.5881146029,-0.463507477550287,1.2482156993671,-1.4878100822669889,-2.068327267828656,0.9516441749121296,-1.0271106898693487,1
121.0599336955,14.5881146029,-0.5252461481977913,1.2482156993671,-1.494743402406039,-2.068490809498151,0.94626882249217,-1.0510881427303025,1
121.0599336955,14.5881146029,-0.5405489839972061,1.2482156993671,-1.4954367344199444,-2.0685071636651005,0.9457312872501742,-1.0534858880163978,1
121.0599336955,14.5881146029,-0.5367542943091079,1.2482156993671,-1.4954367344199444,-2.0685071636651005,0.9457312872501742,-1.0534858880163978,1
121.0599336955,14.5881146029,-0.5299507362307194,1.2482156993671,-1.4954367344199444,-2.0685071636651005,0.9457312872501742,-1.0534858880163978,1
121.0599336955,14.5881146029,-0.524749840009702,1.2482156993671,-1.494743402406039,-2.068490809498151,0.94626882249217,-1.0510881427303025,1
121.0599336955,14.5881146029,-0.5424204794564589,1.2482156993671,-1.4954367344199444,-2.0685071636651005,0.9457312872501742,-1.0534858880163978,1
121.0599336955,14.5881146029,-0.5781650087527949,1.2482156993671,-1.4992500604964225,-2.068597111583323,0.9427748434191964,-1.0666734870899222,1
121.0599336955,14.5881146029,-0.5691073843201682,1.2482156993671,-1.4985567284825172,-2.068580757416373,0.9433123786611924,-1.064275741803827,1
121.0599336955,14.5881146029,-0.4939683925942574,1.2482156993671,-1.4902367443156566,-2.068384507412979,0.9497628015651438,-1.0355027983706826,1
121.0599336955,14.5881146029,-0.4779727932823014,1.2482156993671,-1.4891967462947988,-2.068359976162555,0.9505691044281376,-1.0319061804415397,1
121.0599336955,14.5881146029,-0.5404869454736949,1.2482156993671,-1.4954367344199444,-2.0685071636651005,0.9457312872501742,-1.0534858880163978,1
121.0599336955,14.5881146029,-0.4570244518433727,1.2482156993671,-1.4878100822669889,-2.068327267828656,0.9516441749121296,-1.0271106898693487,1
121.0599336955,14.5881146029,-0.5415002413577102,1.2482156993671,-1.4954367344199444,-2.0685071636651005,0.9457312872501742,-1.0534858880163978,1
121.0599336955,14.5881146029,-0.5960114240161665,1.2482156993671,-1.50167672254509,-2.068654351167646,0.9408934700722106,-1.0750655955912558,1
121.0599336955,14.5881146029,-0.5319256292291574,1.2482156993671,-1.4954367344199444,-2.0685071636651005,0.9457312872501742,-1.0534858880163978,1
121.0599336955,14.5881146029,-0.4714484085597131,1.2482156993671,-1.489890078308704,-2.0683763303295044,0.9500315691861416,-1.0343039257276347,1
121.0599336955,14.5881146029,-0.6002197038610055,1.2482156993671,-1.50167672254509,-2.068654351167646,0.9408934700722106,-1.0750655955912558,1
121.0599336955,14.5881146029,-0.576903558774735,1.2482156993671,-1.4992500604964225,-2.068597111583323,0.9427748434191964,-1.0666734870899222,1
121.0599336955,14.5881146029,-0.540962574153947,1.2482156993671,-1.4954367344199444,-2.0685071636651005,0.9457312872501742,-1.0534858880163978,1
121.0599336955,14.5881146029,-0.4624838419123531,1.2482156993671,-1.4881567482739413,-2.0683354449121305,0.9513754072911316,-1.0283095625123966,1
121.0599336955,14.5881146029,-0.4605813271913448,1.2482156993671,-1.4878100822669889,-2.068327267828656,0.9516441749121296,-1.0271106898693487,1
121.0599336955,14.5881146029,-0.5656332270035442,1.2482156993671,-1.4985567284825172,-2.068580757416373,0.9433123786611924,-1.064275741803827,1
121.0599336955,14.5881146029,-0.5802639787982551,1.2482156993671,-1.4992500604964225,-2.068597111583323,0.9427748434191964,-1.0666734870899222,1
121.0599336955,14.5881146029,-0.5314396607949868,1.2482156993671,-1.4954367344199444,-2.0685071636651005,0.9457312872501742,-1.0534858880163978,1
121.0599336955,14.5881146029,-0.4923243717212122,1.2482156993671,-1.4902367443156566,-2.068384507412979,0.9497628015651438,-1.0355027983706826,1
121.0599336955,14.5881146029,-0.4636315545973092,1.2482156993671,-1.4881567482739413,-2.0683354449121305,0.9513754072911316,-1.0283095625123966,1
121.059675,14.583771,-0.6826895811151495,1.168689720153917,-1.4314103563947982,-2.786872538003029,-0.5157440101735872,-0.2722818161878464,1
121.0599305,14.58812746,-0.5948016831474532,1.2482991160450672,-1.4878100822669889,-2.068327267828656,0.9516441749121296,-1.0271106898693487,1
121.059675,14.583771,-0.7612717108959286,1.168689720153917,-1.3086557915786845,-2.760449968654492,-0.3323008854698746,0.1043146511446282,1
121.059675,14.583771,-0.4881703946095925,1.168689720153917,-1.4203586440931515,-2.7866118525818537,-0.5071756984161718,-0.2340617563274868,1
121.059675,14.583771,0.1708033381385944,1.168689720153917,-1.3279236199993292,-2.784431515044143,-0.4355114999532713,0.0856056452147434,1
121.059675,14.583771,0.2130433008465469,1.168689720153917,-1.3281038863229446,-2.7844357671275497,-0.4356512591161902,0.0849822314403586,1
121.059675,14.583771,-0.5637824110521286,1.168689720153917,-1.434571950378205,-2.786947113004319,-0.5181951708770888,-0.2832155346924411,1
121.061458,14.582707,-0.7137088428707202,1.2316069758960102,-1.4004347765170642,-2.861864491794645,-0.4898913559890167,-0.3473341842976832,1
121.059675,14.583771,0.2130433008465469,1.168689720153917,-1.3279236199993292,-2.784431515044143,-0.4355114999532713,0.0856056452147434,1
121.06934,14.565391,-0.5198384568984034,1.3913136758230529,-0.9850362718384874,-0.4630077397447941,2.64588067634793,-0.0877773279002874,1
121.061458,14.582707,-0.7271505229648009,1.2316069758960102,-1.3831014761694378,-2.861455637620907,-0.4764529749391178,-0.2873905521452999,1
121.059675,14.583771,-0.1863234904040746,1.168689720153917,-1.2733306572244452,-2.783143787938537,-0.39318597499851,0.2744041090418902,1
121.061458,14.582707,-0.7343883507077673,1.2316069758960102,-1.3899654631070977,-2.861617543873708,-0.4817745738348779,-0.3111282304776437,1
121.059675,14.583771,-0.6775197041558878,1.168689720153917,-1.432103688408703,-2.7868888921699786,-0.5162815454155832,-0.2746795614739417,1
121.059675,14.583771,-0.5856365149343199,1.168689720153917,-1.4387319424616356,-2.787045238006016,-0.5214203823290645,-0.2976020064090132,1
121.059675,14.583771,-0.4321945667834302,1.168689720153917,-1.4203586440931515,-2.7866118525818537,-0.5071756984161718,-0.2340617563274868,1
121.059675,14.583771,0.3397631889704043,1.168689720153917,-1.3279236199993292,-2.784431515044143,-0.4355114999532713,0.0856056452147434,1
121.059675,14.583771,-0.4293656101113222,1.168689720153917,-1.3967437556995452,-2.7860548296555527,-0.4888672480737895,-0.1523945518830796,1
121.061458,14.582707,-0.6775197041558878,1.2316069758960102,-1.3643815117940012,-2.86101407511327,-0.4619395234052271,-0.2226514294207258,1
121.081755,14.590053,2.258970408704805,2.2643652958313765,-0.1489334666557514,0.0303077765879699,3.2444281840393945,3.808120855221513,-1
121.061458,14.582707,-0.4465140919851935,1.2316069758960102,-1.073000203890229,-2.8031670656885184,-0.0447818286662586,0.6811961830322806,1
121.059675,14.583771,-0.7300689185083041,1.168689720153917,-1.2710653055510133,-2.754066334095229,-0.2825329319759599,0.2231162246101112,1
121.061458,14.582707,-0.6566019683885579,1.2316069758960102,-1.404941434607447,-2.8619707938798173,-0.4933853350619904,-0.3629195286573029,1
121.059675,14.583771,-0.5719714961555992,1.168689720153917,-1.4435436666381365,-2.787158735924646,-0.5251508769085164,-0.3142423586945148,1
121.059675,14.583771,-0.5725401826211179,1.168689720153917,-1.434571950378205,-2.786947113004319,-0.5181951708770888,-0.2832155346924411,1
121.06018421657,14.576422517926,2.775958104630983,1.1033257590970766,-0.3251264175254068,-2.3730890154118573,0.946616197343775,2.968384279102093,1
121.0618,14.58301,-0.66097609788625,1.2506363743173587,-1.3914394115848978,-2.794142409558912,-0.4402598596620349,-0.299302164558039,1
121.0791283,14.58824009,-0.553442657133605,2.078579519799055,-1.597916890746568,-0.0920687313081279,1.7023243194366793,-1.0938632198536982,1
121.059675,14.583771,-0.5503407309580479,1.168689720153917,-1.4342252843712526,-2.786938935920844,-0.5179264032560907,-0.2820166620493935,1
121.0791283,14.58824009,0.1919233194925707,2.078579519799055,-1.4916152263746447,-0.0895613104314266,1.784739222739499,-0.726240912589561,1
121.059675,14.583771,-0.5528636309141677,1.168689720153917,-1.4411170045894688,-2.7871014963403224,-0.5232695035615306,-0.3058502501931812,1
121.06934,14.565391,-0.3466475787631337,1.3913136758230529,-0.8248084051653009,-0.4568357366928595,2.779081025131259,0.4614638824968053,1
121.059675,14.583771,-0.5473008433060019,1.168689720153917,-1.4342252843712526,-2.786938935920844,-0.5179264032560907,-0.2820166620493935,1
121.060157,14.569208,0.6046097817410344,1.018899712166391,-0.952937918863664,-0.8012606486706396,1.6170010182869208,0.9233844092077506,1
121.059675,14.583771,-0.6671799502373642,1.168689720153917,-1.4342252843712526,-2.786938935920844,-0.5179264032560907,-0.2820166620493935,1
121.059675,14.583771,-0.6234135249021333,1.168689720153917,-1.4387319424616356,-2.787045238006016,-0.5214203823290645,-0.2976020064090132,1
121.059675,14.583771,1.0596906516017317,1.168689720153917,-1.0434910946149187,-2.7777223815947694,-0.2149930422768515,1.0692566713824945,1
121.059675,14.583771,-0.613816480263864,1.168689720153917,-1.4387319424616356,-2.787045238006016,-0.5214203823290645,-0.2976020064090132,1
121.059675,14.583771,-0.7602377355040763,1.168689720153917,-1.4503036537737108,-2.787318189052404,-0.5303918455179769,-0.3376203752339443,1
121.061458,14.582707,-0.6671799502373642,1.2316069758960102,-1.384141474190295,-2.8614801688713314,-0.4772592778021117,-0.2909871700744428,1
121.059675,14.583771,-0.718878719829982,1.168689720153917,-1.4279436963252727,-2.7867907671682817,-0.5130563339636075,-0.2602930897573696,1
121.059675,14.583771,-0.6671799502373642,1.168689720153917,-1.4277703633217966,-2.786786678626544,-0.5129219501531085,-0.2596936534358458,1
121.085049,14.576282,-0.1837964545463875,2.201548310499216,-0.1749531565740417,0.087964174535129,4.902049065775675,1.3594654147481906,1
121.059675,14.583771,-0.6878594580744113,1.168689720153917,-1.408530399935931,-2.786332850493695,-0.4980053471877207,-0.1931562217467002,1
121.059675,14.583771,1.0595589541560713,1.168689720153917,-1.0434182947534587,-2.77772066440724,-0.2149366010764419,1.0695084346375343,1
121.089097,14.588464,2.258970408704805,2.5455459653359758,-0.6398732162392636,0.0333847351457371,4.316929950136849,0.1524623456375693,1
121.061458,14.582707,-0.6484649956448365,1.2316069758960102,-1.362301515752286,-2.860965012612421,-0.4603269176792394,-0.2154581935624398,1
121.061458,14.582707,-0.4123122539735012,1.2316069758960102,-1.29019498630616,-2.8592641792496707,-0.40442325251166,0.0339073161914751,1
121.059675,14.583771,-0.4881703962639531,1.168689720153917,-1.4206637101792696,-2.786619048415312,-0.5074122139226499,-0.2351167642533687,1
121.059675,14.583771,-0.5493067555661956,1.168689720153917,-1.4342252843712526,-2.786938935920844,-0.5179264032560907,-0.2820166620493935,1
121.0615314,14.58236214,-0.6981992119929349,1.2302405452004477,-1.3865281783629793,-2.875047248756093,-0.4822758225677875,-0.3148153074599075,1
121.0608823,14.58157362,-0.7319843579217107,1.191547248844295,-1.3681441650994524,-2.8336493001921337,-0.4537631655122832,-0.2764839434389586,1
121.059675,14.583771,-0.6826895811151495,1.168689720153917,-1.4435436666381365,-2.787158735924646,-0.5251508769085164,-0.3142423586945148,1
121.059675,14.583771,0.2365657240234921,1.168689720153917,-1.2014425273626994,-2.781448106138376,-0.3374516334321595,0.5230143290306851,1
121.061458,14.582707,0.2944171641853274,1.2316069758960102,-1.1032900086577044,-2.8548555046942523,-0.2595171896506009,0.6802795016906256,1
121.061458,14.582707,-0.2535897934964216,1.2316069758960102,-1.2867941927779558,-2.8591839620607837,-0.4017866421496698,0.0456682568197727,1
121.061458,14.582707,-0.7995288003944658,1.2316069758960102,-1.41083475672564,-2.862109804298888,-0.4979543846189559,-0.3833003635891133,1
121.059675,14.583771,-0.6258209345632699,1.168689720153917,-1.399170417748213,-2.786112069239876,-0.4907486214207753,-0.1607866603844132,1
121.061458,14.582707,-0.7447281046262909,1.2316069758960102,-1.3932033236120345,-2.861693917833362,-0.4842848634149989,-0.3223257009637089,1
121.081755,14.590053,2.258970408704805,2.2643652958313765,-0.2648689793608859,0.0275731145615049,3.154544228549041,3.4071818772070808,1
121.0775612,14.5739038,-0.6671799502373642,1.842871410176626,-1.2372596762079902,-0.0515116756591368,3.1300857208865063,-1.7101893502343124,1
121.081755,14.590053,-0.6278888853469746,2.2643652958313765,-1.593841659380047,-0.1377590266658849,1.6214975421440452,-0.9158674832355596,1
121.059675,14.583771,-0.6514376335373964,1.168689720153917,-1.4347972832827245,-2.786952428108578,-0.5183698698307374,-0.2839948019104222,1
121.060157,14.569208,-0.1468835330572583,1.018899712166391,-1.104106053598446,-0.8076177164527503,1.4893284709393284,0.4062866914188935,1
121.059675,14.583771,-0.6568401963188406,1.168689720153917,-1.425517034276605,-2.786733527583958,-0.5111749606166217,-0.251900981256036,1
121.085818,14.56362,-0.6051414267262228,2.1082065798564518,-1.0153778841068797,-0.0221067305982843,3.194088915790602,-1.1121406544904997,1
121.059675,14.583771,-0.6453231166601383,1.168689720153917,-1.4336879520604762,-2.7869262614414585,-0.517509813443544,-0.2801584094526696,1
121.059675,14.583771,1.948777791149098,1.168689720153917,-1.0670713164078298,-2.7782785868127227,-0.2332746158571337,0.987709354202392,1
121.059675,14.583771,-0.6285609693516787,1.168689720153917,-1.4192770461514597,-2.7865863400814126,-0.506337143438658,-0.230321273681178,1
121.059675,14.583771,-0.5844619188891756,1.168689720153917,-1.3279201533392595,-2.784431433273308,-0.4355088122770613,0.0856176339411738,1
121.059675,14.583771,-0.691776156858748,1.168689720153917,-1.4234647715154465,-2.786685119249788,-0.5095838563003136,-0.2448036552091939,1
121.061458,14.582707,-0.4688221110644081,1.2316069758960102,-1.3588625889633168,-2.860883895944352,-0.4576607428789393,-0.2035653769434069,1
121.059675,14.583771,-0.647452733736213,1.168689720153917,-1.409955197224506,-2.786366458306776,-0.4991099821100225,-0.1980835883096262,1
121.059675,14.583771,-0.6669018108569559,1.168689720153917,-1.4158831859433945,-2.7865062864341947,-0.5037059084290879,-0.2185843105057414,1
121.0575704,14.5782251,0.197740465047132,1.005391492644922,-0.9862602705165318,-2.9926996933644845,0.2065088896141756,0.4103872919176333,1
121.059675,14.583771,0.1981157981143744,1.168689720153917,-1.1522298210157182,-2.7802872873682984,-0.2992973819552869,0.6932062894377324,1
121.059675,14.583771,-0.6878594580744113,1.168689720153917,-1.4317570224017506,-2.786880715086504,-0.5160127777945852,-0.2734806888308941,1
121.061458,14.582707,3.3486150356544924,1.2316069758960102,-0.7189171401289493,-2.8457889998499395,0.0384842854833255,2.0095535221225886,1
121.081755,14.590053,1.1422769855042598,2.2643652958313765,-0.9499976984529998,-0.0181419298231083,2.5124823390883164,1.0980084614601795,1
121.059675,14.583771,-0.7783529843693295,1.168689720153917,-1.4498529879646729,-2.7873075588438865,-0.5300424476106796,-0.3360618407979823,1
121.059675,14.583771,-0.6981992119929349,1.168689720153917,-1.4504769867771872,-2.787322277594141,-0.5305262293284759,-0.3382198115554682,1
121.059675,14.583771,-0.7137047069691528,1.168689720153917,-1.430148492129491,-2.786842773419181,-0.5147656960331547,-0.2679179197671528,1
121.059675,14.583771,-0.7614175014261798,1.168689720153917,-1.4446911311211494,-2.7871858020709475,-0.5260404977340197,-0.3182106271430027,1
121.0791283,14.58824009,-0.4716552036380835,2.078579519799055,-1.5871702445310396,-0.0918152417204102,1.7106561156876166,-1.0566981679192209,1
121.061458,14.582707,1.0595589541560713,1.2316069758960102,-0.9954560805350507,-2.8523119411085927,-0.1759143334629704,1.0532008260370331,1
121.059675,14.583771,-0.5327631492965579,1.168689720153917,-1.4342252843712526,-2.786938935920844,-0.5179264032560907,-0.2820166620493935,1
121.0775612,14.5739038,-0.6361606884817935,1.842871410176626,-1.2511263164860913,-0.0518387589981274,3.119335016046587,-1.7581442559562193,1
121.0775612,14.5739038,-0.553442657133605,1.842871410176626,-1.2480063224235185,-0.0517651652468546,3.121753924635569,-1.74735440216879,1
121.081755,14.590053,-0.5705652896226799,2.2643652958313765,-1.629201592089205,-0.1385930891803105,1.5940832448022515,-1.0381524928264223,1
121.060157,14.569208,0.2944171641853274,1.018899712166391,-1.3476439657063557,-0.8743730895845448,1.0716055042955182,-0.311659234488138,1
121.061458,14.582707,-0.7085389659114585,1.2316069758960102,-1.3834481421763902,-2.861463814704382,-0.4767217425601159,-0.2885894247883476,1
121.059675,14.583771,-0.4762046953622339,1.168689720153917,-1.4203586440931515,-2.7866118525818537,-0.5071756984161718,-0.2340617563274868,1
121.078654,14.559501,-0.3259680709260866,1.7496195516158588,-0.7775354928100447,-0.2646723047675134,3.687384239367921,-1.3066444075875363,1
121.078654,14.559501,-0.0157754533703795,1.7496195516158588,-0.7775354928100447,-0.2646723047675134,3.687384239367921,-1.3066444075875363,1
121.077937,14.571885,0.1910196250000917,1.83770625147981,0.245535405668636,-0.2177649219758105,5.205917974858735,2.155192203308366,-1
121.059675,14.583771,-0.646500442400317,1.168689720153917,-1.4383436765338486,-2.7870360796725246,-0.5211193625935467,-0.2962592690487998,1
121.059675,14.583771,-0.8415599000732641,1.168689720153917,-1.4061037378872636,-2.786275610909372,-0.4961239738407349,-0.1847641132453666,1
121.0791283,14.58824009,-0.574122164970652,2.078579519799055,-1.5982704900736595,-0.0920770719332723,1.7020501764632614,-1.0950860699496068,1
121.059675,14.583771,-0.553442657133605,1.168689720153917,-1.4342252843712526,-2.786938935920844,-0.5179264032560907,-0.2820166620493935,1
121.061458,14.582707,-0.7439629628363201,1.2316069758960102,-1.4021681065518268,-2.861905377212019,-0.4912351940940066,-0.3533285475129216,1
121.061458,14.582707,-0.7457207210024692,1.2316069758960102,-1.4025147725587792,-2.861913554295494,-0.4915039617150046,-0.3545274201559694,1
121.061458,14.582707,-0.7170175641246478,1.2316069758960102,-1.3955814524197288,-2.8617500126259987,-0.4861286092950451,-0.3305499672950159,1
121.059675,14.583771,-0.5705652896226799,1.168689720153917,-1.4342252843712526,-2.786938935920844,-0.5179264032560907,-0.2820166620493935,1
121.073997,14.560507,-0.3259680709260866,1.5513241454306963,-0.5142562036787972,-0.3894379155871068,4.364898783547496,-0.9402683508152436,1
121.0622454,14.58396157,-0.1191729925556152,1.2831782878822855,-1.2467160843732823,-2.713876822894612,0.5341799099222142,-0.6354410523338515,1
121.059675,14.583771,-0.7468994529491809,1.168689720153917,-1.437882610744602,-2.787025204151503,-0.5207619016576194,-0.2946647684335464,1
121.061458,14.582707,-0.6361606884817935,1.2316069758960102,-1.3511388703284146,-2.860701710524534,-0.4516726002831045,-0.1768544944563049,1
121.059675,14.583771,0.2013231897799004,1.168689720153917,-1.1512522228761122,-2.7802642279928995,-0.2985394572640725,0.6965871102911267,1
121.061458,14.582707,-0.6332355720982432,1.2316069758960102,-1.357794857661903,-2.8608587105272494,-0.4568329386062656,-0.1998728492028201,1
121.059675,14.583771,-0.6051414267262228,1.168689720153917,-1.410957061984599,-2.7863900900780183,-0.4998867205347067,-0.201548330248034,1
121.075788,14.563799,1.8453802519638625,1.6608835975392229,0.1746044719498262,-0.2864855511283636,4.736303365816589,1.489663840981497,1
121.0775612,14.5739038,-0.2432500395778981,1.842871410176626,-0.8390274839600738,-0.0056313773473685,3.575729267849457,-0.4073097674991303,1
121.0584206,14.5884448,-0.7085389659114585,1.1897711772955213,-1.5340889685455947,-1.8698375453697775,-0.0170209690061456,-0.5765533085441257,1
121.059675,14.583771,-0.48106437970394,1.168689720153917,-1.1832178258715482,-2.7391480325118653,-0.1662271922729161,0.5007508048923408,1
121.059675,14.583771,0.3439871852411996,1.168689720153917,-1.3279236199993292,-2.784431515044143,-0.4355114999532713,0.0856056452147434,1
121.059675,14.583771,-0.6919953596418208,1.168689720153917,-1.4106103959776464,-2.7863819129945435,-0.4996179529137087,-0.2003494576049863,1
121.080087,14.555413,-0.2742693013334687,1.767700706785792,-0.8603097181032003,0.0461815512996152,3.437752310942701,-1.1713253360027829,1
121.064324,14.575822,-0.5220925232526415,1.2872494561930197,-1.418436611919018,-1.0518394496420826,0.6456106081036381,-0.6261398289777589,1
121.064324,14.575822,-0.4271735822805952,1.2872494561930197,-1.4101166277521573,-1.0516431996386884,0.6520610310075895,-0.5973668855446149,1
121.060157,14.569208,1.5351876344081554,1.018899712166391,-0.9525912797833324,-0.7536002046394435,1.7960587947140934,0.8275151794045045,1
121.078654,14.559501,-0.4293656101113222,1.7496195516158588,-0.5340324059836749,-0.1737925464864681,4.195596827947477,-0.6379621358203988,1
121.059675,14.583771,-0.8015967511781705,1.168689720153917,-1.4629569630274784,-2.7876166525992327,-0.5402018636844031,-0.3813792267051842,1
121.061458,14.582707,-0.6309908115225317,1.2316069758960102,-1.3567548596410457,-2.860834179276825,-0.4560266357432717,-0.1962762312736771,1
121.0615314,14.58236214,-0.6878594580744113,1.2302405452004477,-1.3858348463490742,-2.8750308945891434,-0.4817382873257915,-0.3124175621738122,1
121.059675,14.583771,-0.7095729413033108,1.168689720153917,-1.4210103761862225,-2.7866272254987865,-0.5076809815436479,-0.2363156368964164,1
121.059675,14.583771,-0.3776668405187043,1.168689720153917,-1.3114639179892231,-2.784043267120761,-0.4227504133082872,0.1425281183066467,1
121.077937,14.571885,-0.7654076124633381,1.83770625147981,-0.8465407721404641,-0.3679388693894553,3.892442835047383,-1.368094459932948,1
121.061458,14.582707,-0.6361606884817935,1.2316069758960102,-1.362994847766191,-2.860981366779371,-0.4608644529212352,-0.2178559388485351,1
121.061458,14.582707,-0.7731314086404751,1.2316069758960102,-1.4078880956665434,-2.8620402990893528,-0.4956698598404733,-0.3731099461232081,1
121.085818,14.56362,0.1910196250000917,2.1082065798564518,-0.2276483750992209,0.1623597823472323,4.42720512892164,1.2741484407020147,1
121.089097,14.588464,-0.5774515657324167,2.5455459653359758,-1.2971562411674142,-0.116103734453456,3.3046393431489025,-1.8476873478152012,1
121.061458,14.582707,-0.3776668405187043,1.2316069758960102,-1.307181620646834,-2.859664856339934,-0.417592865940561,-0.0248374433178606,1
121.059675,14.583771,1.7927727524186072,1.168689720153917,-1.0945029975379834,-2.778925639428081,-0.2545421977067036,0.8928425619580299,1
121.059675,14.583771,0.064357639498178,1.168689720153917,-1.1313015941759943,-2.7797936368389267,-0.2830718806756389,0.7655822308985201,1
121.061458,14.582707,-0.666662962541438,1.2316069758960102,-1.3678481718635265,-2.8610958459480176,-0.464627199615207,-0.2346401558512025,1
121.059675,14.583771,-0.7178447444381296,1.168689720153917,-1.4314103563947982,-2.786872538003029,-0.5157440101735872,-0.2722818161878464,1
121.089097,14.588464,-0.5948016728076992,2.5455459653359758,-1.199107794360208,-0.0894664002305875,3.4719202801821805,-1.5581564459171036,1
121.061458,14.582707,-0.6532006029395203,1.2316069758960102,-1.3824081441555327,-2.861439283453957,-0.475915439697122,-0.2849928068592046,1
121.0775612,14.5739038,-0.6083467504409651,1.842871410176626,-1.205019737561405,-0.050751206895984,3.155081109639318,-1.5986941944308792,1
121.059675,14.583771,-0.6361606884817935,1.168689720153917,-1.410957061984599,-2.7863900900780183,-0.4998867205347067,-0.201548330248034,1
121.089097,14.588464,-0.7705774894225998,2.5455459653359758,-1.2058975107003216,-0.0997950301137639,3.4285046287888483,-1.5609240175377943,1
121.0615314,14.58236214,-0.4459092163809598,1.2302405452004477,-1.3574082337789668,-2.874360373744213,-0.4596993424039574,-0.2141100054439034,1
121.059675,14.583771,-0.452113068732074,1.168689720153917,-1.3967437556995452,-2.7860548296555527,-0.4888672480737895,-0.1523945518830796,1
121.059675,14.583771,-0.6103113036854846,1.168689720153917,-1.4251703682696526,-2.7867253505004834,-0.5109061929956237,-0.2507021086129884,1
121.0615314,14.58236214,0.1000297905170843,1.2302405452004477,-1.265888407943499,-2.8722016237068755,-0.3887446904604916,0.102392372320681,1
121.059675,14.583771,3.346712520933484,1.168689720153917,-0.7671982870737536,-2.7712052460653838,-0.000785248341464,2.024758167891485,1
121.059675,14.583771,0.3640450670726651,1.168689720153917,-1.3778643249609106,-2.7856095056895174,-0.4742301634342397,-0.0871039477427036,1
121.059675,14.583771,-0.7378831875322284,1.168689720153917,-1.4519295173463185,-2.7873565395739006,-0.5316523656604576,-0.343243087929838,1
121.059675,14.583771,-0.70173540783307,1.168689720153917,-1.4083917335331502,-2.786329579660305,-0.4978978401393216,-0.1926766726894812,1
121.059675,14.583771,-0.553442657133605,1.168689720153917,-1.4192770461514597,-2.7865863400814126,-0.506337143438658,-0.230321273681178,1
121.0747037,14.56209137,-0.7654076124633381,1.5964435580788834,-0.9096925680796796,-0.4238966434390995,3.8411942975459534,-2.0315339380164787,1
121.0615314,14.58236214,-0.3693950373838855,1.2302405452004477,-1.3445815915217232,-2.8740578216556467,-0.4497549404270323,-0.1697517176511396,1
121.0615314,14.58236214,-0.7378831875322284,1.2302405452004477,-1.4063540073005942,-2.875514896160015,-0.4976466428126617,-0.3833788339158037,1
121.0622454,14.58396157,-0.1191729925556152,1.2831782878822855,-1.218313738423662,-2.7132068744455244,0.5562000411105785,-0.5372174166889561,1
121.0615314,14.58236214,1.2870335403635895,1.2302405452004477,-1.066902119952748,-2.8675079777923616,-0.234472076007653,0.7905452694300428,1
121.059675,14.583771,-0.7085389659114585,1.168689720153917,-1.4244770362557475,-2.786708996333534,-0.5103686577536278,-0.248304363326893,1
121.059675,14.583771,1.7927727524186072,1.168689720153917,-1.096374993975527,-2.7789697956788446,-0.2559935428600927,0.8863686496855727,1
121.059675,14.583771,-0.6258209345632699,1.168689720153917,-1.399863749762118,-2.7861284234068258,-0.4912861566627714,-0.1631844056705086,1
121.061458,14.582707,-0.6433571572090859,1.2316069758960102,-1.3511388703284146,-2.860701710524534,-0.4516726002831045,-0.1768544944563049,1
121.060157,14.569208,0.055568848667433,1.018899712166391,-0.9815037787066884,-0.8007381628140106,1.5993425434957194,0.8221584408108529,1
121.0775612,14.5739038,-0.5438122103338922,1.842871410176626,-1.2189799776613832,-0.0510804980475127,3.1442578375417294,-1.6469727957664089,1
121.061458,14.582707,-0.6981992119929349,1.2316069758960102,-1.3834481421763902,-2.861463814704382,-0.4767217425601159,-0.2885894247883476,1
121.06934,14.565391,-0.3259680709260866,1.3913136758230529,-0.8248084051653009,-0.4568357366928595,2.779081025131259,0.4614638824968053,1
121.059675,14.583771,-0.4676226996098593,1.168689720153917,-1.4275970303183203,-2.786782590084807,-0.5127875663426095,-0.259094217114322,1
121.059675,14.583771,-0.6552892332310621,1.168689720153917,-1.4275970303183203,-2.786782590084807,-0.5127875663426095,-0.259094217114322,1
121.059675,14.583771,-0.6361606884817935,1.168689720153917,-1.4402295396116704,-2.787080563006627,-0.5225814584517757,-0.302781136226979,1
121.061458,14.582707,-0.6051414267262228,1.2316069758960102,-1.3857777377431113,-2.8615187647053326,-0.4785278609732223,-0.2966458489496278,1
121.059675,14.583771,-0.5637824110521286,1.168689720153917,-1.4342252843712526,-2.786938935920844,-0.5179264032560907,-0.2820166620493935,1
121.061458,14.582707,-0.6568401963188406,1.2316069758960102,-1.385874804225058,-2.8615210542887053,-0.4786031159071017,-0.2969815332896812,1
121.061458,14.582707,-0.7809172433411234,1.2316069758960102,-1.400296110114283,-2.8618612209612557,-0.4897838489406175,-0.3468546352404642,1
121.061458,14.582707,-0.6930293350336731,1.2316069758960102,-1.3921147923502035,-2.861668241791251,-0.4834409330850652,-0.3185612408645393,1
121.059675,14.583771,-0.599971549766961,1.168689720153917,-1.417543716116697,-2.7865454546640387,-0.5049933053336683,-0.2243269104659397,1
121.059675,14.583771,-0.5482727801743432,1.168689720153917,-1.4342252843712526,-2.786938935920844,-0.5179264032560907,-0.2820166620493935,1
121.061458,14.582707,-0.7633396616796333,1.2316069758960102,-1.3948881204058237,-2.861733658459049,-0.485591074053049,-0.3281522220089206,1
121.059675,14.583771,-0.6795876549395925,1.168689720153917,-1.4314103563947982,-2.786872538003029,-0.5157440101735872,-0.2722818161878464,1
121.0613293,14.58528897,-0.1925852453771325,1.2627232613663897,-1.075417667636977,-2.6215532331211726,1.4701855534583126,-0.5636586840000223,1
121.0791283,14.58824009,-0.5327631492965579,2.078579519799055,-1.5843553165545852,-0.0917488438025951,1.71283850877012,-1.0469633220576735,1
121.059675,14.583771,-0.6981992119929349,1.168689720153917,-1.4310636903878455,-2.7868643609195543,-0.5154752425525894,-0.2710829435447988,1
121.059675,14.583771,-0.6837235565070019,1.168689720153917,-1.4314103563947982,-2.786872538003029,-0.5157440101735872,-0.2722818161878464,1
121.075788,14.563799,-0.553442657133605,1.6608835975392229,-0.8408106773164071,-0.390588458884258,3.648334779394173,-1.8586701101791565,1
121.081755,14.590053,-0.553442657133605,2.2643652958313765,-1.6375215762560658,-0.138789339183705,1.5876328218983,-1.0669254362595662,1
121.061458,14.582707,2.4657654870752763,1.2316069758960102,-0.3794729711395904,-2.7576307507031546,0.6023775123693679,3.020181729151733,1
121.059675,14.583771,-0.7000603676982691,1.168689720153917,-1.4390370085477535,-2.7870524338394738,-0.5216568978355428,-0.298657014334895,1
121.081755,14.590053,-0.6878594580744113,2.2643652958313765,-1.6052816376094805,-0.138028870420552,1.6126282106511118,-0.9554302804561328,1
121.059675,14.583771,-0.6103113036854846,1.168689720153917,-1.417543716116697,-2.7865454546640387,-0.5049933053336683,-0.2243269104659397,1
121.0775612,14.5739038,-0.7209466706136868,1.842871410176626,-1.236566344194085,-0.0514953214921875,3.130623256128502,-1.7077916049482171,1
121.059675,14.583771,-0.6531178849081721,1.168689720153917,-1.3946637596578302,-2.7860057671547045,-0.4872546423478018,-0.1452013160247937,1
121.0775612,14.5739038,-0.5544766325254573,1.842871410176626,-1.1697134814865862,-0.0345660062941691,3.2400552784292223,-1.507867771351136,1
121.061458,14.582707,-0.7374902768833245,1.2316069758960102,-1.3993947784962066,-2.8618399605442213,-0.4890850531260228,-0.3437375663685402,1
121.061458,14.582707,-0.7266335352688746,1.2316069758960102,-1.3789414840860073,-2.86135751261921,-0.4732277634871421,-0.2730040804287277,1
121.059675,14.583771,-0.718878719829982,1.168689720153917,-1.4310636903878455,-2.7868643609195543,-0.5154752425525894,-0.2710829435447988,1
121.06934,14.565391,0.0628066764103995,1.3913136758230529,-0.9303689438333262,-0.4340041782183773,2.7922457604142523,0.0448245332034311,1
121.089097,14.588464,-0.6361606884817935,2.5455459653359758,-1.1228412728306518,-0.0876674418661397,3.5310491568017355,-1.2944044644466166,1
121.06934,14.565391,-0.2432500395778981,1.3913136758230529,-0.9431012754733308,-0.4857450288930785,2.5893720932631505,0.1055771121593785,1
121.059675,14.583771,-0.646500442400317,1.168689720153917,-1.4277426300412404,-2.7867860244598663,-0.5129004487434287,-0.259597743624402,1
121.0615314,14.58236214,-0.6826895811151495,1.2302405452004477,-1.3858348463490742,-2.8750308945891434,-0.4817382873257915,-0.3124175621738122,1
121.059675,14.583771,-0.5482727801743432,1.168689720153917,-1.376290461289346,-2.785572381730542,-0.4730099584349091,-0.0816610659432671,1
121.061458,14.582707,-0.7013011381684919,1.2316069758960102,-1.389920396526194,-2.861616480852856,-0.4817396340441481,-0.3109723770340475,1
121.0775612,14.5739038,-0.2432500395778981,1.842871410176626,-0.842077854386188,-0.006301474449421,3.571120124195159,-0.4166404154530648,1
121.081755,14.590053,-0.6336791475413478,2.2643652958313765,-1.600428313512145,-0.1379143912519053,1.6163909573450836,-0.9386460634534654,1
121.077937,14.571885,-0.553442657133605,1.83770625147981,-0.9851999140447752,-0.3861631719662295,3.728836071910292,-1.817157734529893,1
121.0575704,14.5782251,-0.666662962541438,1.005391492644922,-1.2497264358004532,-2.9989142768053045,0.0022454976557134,-0.5007559167985947,1
121.059675,14.583771,-0.7201194903002048,1.168689720153917,-1.4366138131591557,-2.7869952760259853,-0.5197782121647668,-0.2902768945599919,1
121.06934,14.565391,-0.0674742229629973,1.3913136758230529,-0.9431012754733308,-0.4857450288930785,2.5893720932631505,0.1055771121593785,1
121.059675,14.583771,1.2870335403635895,1.168689720153917,-1.112477629998472,-2.779349621206247,-0.2684777988554487,0.8306810154160084,1
121.059675,14.583771,0.8631036297041235,1.168689720153917,-1.0434182947534587,-2.77772066440724,-0.2149366010764419,1.0695084346375343,1
121.059675,14.583771,-0.6390558195789801,1.168689720153917,-1.4192770461514597,-2.7865863400814126,-0.506337143438658,-0.230321273681178,1
121.081755,14.590053,-0.6981992119929349,2.2643652958313765,-1.6382149082699706,-0.1388056933506544,1.5870952866563042,-1.0693231815456616,1
121.061458,14.582707,-0.7240485967892438,1.2316069758960102,-1.3857777377431113,-2.8615187647053326,-0.4785278609732223,-0.2966458489496278,1
121.0775612,14.5739038,-0.7178447444381296,1.842871410176626,-1.236566344194085,-0.0514953214921875,3.130623256128502,-1.7077916049482171,1
121.061458,14.582707,-0.6361606884817935,1.2316069758960102,-1.334914901203036,-2.860319023017915,-0.4390942756203991,-0.120747254761674,1
121.061458,14.582707,-0.7498979815855528,1.2316069758960102,-1.399741444503159,-2.861848137627696,-0.4893538207470208,-0.344936439011588,1
121.059675,14.583771,-0.6775197041558878,1.168689720153917,-1.4201541111490494,-2.786607028102604,-0.507017125519783,-0.2333544214680885,1
121.0306,14.61633,0.6976675670077465,0.0416470656545972,-1.6279951811214175,-0.0644841544210607,3.0252052020709854,3.443112826532524,1
121.0306,14.61633,-0.3966423569099789,0.0416470656545972,-2.234034941094772,-0.1014290711355784,2.470366111982757,1.3933875007644172,1
121.065172,14.531149,-0.7395582276670292,1.024889754096309,-2.059483289997854,2.5859659369151475,1.052390746520298,-0.9007511638434283,1
121.050318,14.540867,-0.6392626146573506,0.3276879121212617,-2.411109834883839,1.9136462373723724,-0.9586262629429706,0.1414303973783887,1
121.050318,14.540867,-0.5017438875409871,0.3276879121212617,-2.3901226748229334,1.9141412780059344,-0.9423550711677532,0.2140101471884945,1
121.050318,14.540867,3.943316322032294,0.3276879121212617,-1.9342568756803584,1.924894142775248,-0.5889256495554137,1.790527672796178,1
121.050318,14.540867,-0.170871762148233,0.3276879121212617,-2.363082726280636,1.9147790905169664,-0.9213911967299108,0.3075222133462125,1
121.050318,14.540867,-0.3001186861297776,0.3276879121212617,-2.3811093586421674,1.9143538821762784,-0.9353671130218056,0.2451808359077338,1
121.050318,14.540867,0.2944171641853274,0.3276879121212617,-2.330842787634051,1.915539559280119,-0.8963958079770991,0.4190173691496457,1
121.050318,14.540867,-0.7571358093285192,0.3276879121212617,-2.419242619406946,1.9134544029940543,-0.9649315513315831,0.1133048451724903,1
121.050318,14.540867,-0.6878594580744113,0.3276879121212617,-2.411269301247037,1.913642475913974,-0.9587498960486296,0.1408789159625867,1
121.050318,14.540867,-0.6878594580744113,0.3276879121212617,-2.411109834883839,1.9136462373723724,-0.9586262629429706,0.1414303973783887,1
121.050318,14.540867,-0.1191729925556152,0.3276879121212617,-1.979340882688268,1.9597194479720144,-0.4892261249141907,1.5615083509068872,1
121.050318,14.540867,-0.4293656101113222,0.3276879121212617,-2.3807800259355627,1.9143616504055796,-0.9351117837818576,0.2463197649186291,1
121.050318,14.540867,-0.3936004013071492,0.3276879121212617,-2.3901226748229334,1.9141412780059344,-0.9423550711677532,0.2140101471884945,1
121.050318,14.540867,-0.553442657133605,0.3276879121212617,-2.399829323017604,1.9139123196686407,-0.9498805645556964,0.1804417131831597,1
121.050318,14.540867,-0.434535487070584,0.3276879121212617,-2.3808840257376485,1.914359197280537,-0.935192414068157,0.2459601031257147,1
121.050318,14.540867,-0.6620100732781024,0.3276879121212617,-2.411109834883839,1.9136462373723724,-0.9586262629429706,0.1414303973783887,1
121.050318,14.540867,-0.4758945027446782,0.3276879121212617,-2.377989364579595,1.9144274759275512,-0.932948204432824,0.2559706896951629,1
121.050318,14.540867,2.982753183001454,0.3276879121212617,-2.0791632665865154,1.921476121882797,-0.701270515132568,1.2893989080022528,1
121.050318,14.540867,-0.2831097909338063,0.3276879121212617,-2.379376028607405,1.914394767593652,-0.9340232749168158,0.2511751991229722,1
121.0533077,14.55311383,2.848336382060648,0.5547501238958457,-1.1056714583338527,0.7814709629491507,0.7258086184049051,0.9360884622503988,1
121.050318,14.540867,2.6374054021227678,0.3276879121212617,-2.0791632665865154,1.921476121882797,-0.701270515132568,1.2893989080022528,1
121.0521,14.52655,-0.0674742229629973,0.4751611671711532,-1.5344928030871992,2.5156661623389303,1.1693040579115577,1.1140264125898869,1
121.050318,14.540867,-0.434535487070584,0.3276879121212617,-2.377989364579595,1.9144274759275512,-0.932948204432824,0.2559706896951629,1
121.050318,14.540867,-0.5400009770395243,0.3276879121212617,-2.401205587065206,1.9138798566472464,-0.9509475720110584,0.1756821887902604,1
121.050318,14.540867,-0.5451708539987861,0.3276879121212617,-2.4019093190593197,1.9138632571677925,-0.9514931702816842,0.1732484773248738,1
121.050318,14.540867,-0.4293656101113222,0.3276879121212617,-2.3811093586421674,1.9143538821762784,-0.9353671130218056,0.2451808359077338,1
121.050318,14.540867,0.3516994008939479,0.3276879121212617,-2.2570029281531623,1.9172812780602435,-0.8391483047045301,0.674377242118799,1
121.050318,14.540867,-0.1450223773519241,0.3276879121212617,-2.353722744092918,1.9149998717707848,-0.9141344709629656,0.3398917747084995,1
121.050318,14.540867,-0.6568401963188406,0.3276879121212617,-2.411109834883839,1.9136462373723724,-0.9586262629429706,0.1414303973783887,1
121.050318,14.540867,2.272794659693871,0.3276879121212617,-2.13462982769892,1.920167788526835,-0.7442733344922442,1.0975792851146258,1
121.050318,14.540867,3.0344519525940723,0.3276879121212617,-2.0791632665865154,1.921476121882797,-0.701270515132568,1.2893989080022528,1
121.050318,14.540867,-0.2742693013334687,0.3276879121212617,-2.377989364579595,1.9144274759275512,-0.932948204432824,0.2559706896951629,1
121.050318,14.540867,-0.5793913035675317,0.3276879121212617,-2.4034901160510227,1.913825969667148,-0.952718750633435,0.1677816180725764,1
121.050318,14.540867,1.4317900952229197,0.3276879121212617,-2.2570029281531623,1.9172812780602435,-0.8391483047045301,0.674377242118799,1
121.050318,14.540867,-0.6930293350336731,0.3276879121212617,-2.411109834883839,1.9136462373723724,-0.9586262629429706,0.1414303973783887,1
121.050318,14.540867,-0.434535487070584,0.3276879121212617,-2.3807800259355627,1.9143616504055796,-0.9351117837818576,0.2463197649186291,1
121.050318,14.540867,-0.6258209345632699,0.3276879121212617,-2.41022930322618,1.9136670071643984,-0.9579435931856356,0.1444755338917297,1
121.050318,14.540867,-0.4293656101113222,0.3276879121212617,-2.3939360008994117,1.914051330087712,-0.9453115149987308,0.2008225481149701,1
121.050318,14.540867,-0.6620100732781024,0.3276879121212617,-2.41022930322618,1.9136670071643984,-0.9579435931856356,0.1444755338917297,1
121.050318,14.540867,-0.4249712146959497,0.3276879121212617,-2.375562702530927,1.9144847155118745,-0.931066831085838,0.2643627981964965,1
121.050318,14.540867,-0.5400009770395243,0.3276879121212617,-2.4012159870454144,1.913879611334742,-0.9509556350396884,0.1756462226109691,1
121.050318,14.540867,-0.5172535184187725,0.3276879121212617,-2.4001759890245564,1.9139041425851664,-0.9501493321766944,0.1792428405401121,1
121.050318,14.540867,-0.48106437970394,0.3276879121212617,-2.391162672843791,1.9141167467555105,-0.943161374030747,0.2104135292593515,1
121.050318,14.540867,-0.437637413246141,0.3276879121212617,-2.3876960127742657,1.9141985175902576,-0.9404736978207672,0.2224022556898281,1
121.050318,14.540867,0.397814703370563,0.3276879121212617,-1.7140471306055864,2.0098411521395163,-0.1189701424125662,2.3896205846944767,1
121.0507,14.54807,0.8631036297041235,0.3845087398114647,-1.8991721751846105,1.1661884082871177,-0.31481921546524,0.4813115990589382,1
121.050318,14.540867,3.0990754145848447,0.3276879121212617,-2.0791632665865154,1.921476121882797,-0.701270515132568,1.2893989080022528,1
121.050318,14.540867,-0.4679980326771017,0.3276879121212617,-2.3908160068368383,1.914124923838985,-0.942892606409749,0.2116124019023991,1
121.05001,14.5478028,-0.4914041336224636,0.3512265015904586,-2.231481304266895,1.1679176417693498,-0.8202030532795624,0.1626391328028862,1
121.050318,14.540867,-0.4397053640298457,0.3276879121212617,-2.399829323017604,1.9139123196686407,-0.9498805645556964,0.1804417131831597,1
121.050318,14.540867,-0.5120836414595107,0.3276879121212617,-2.399829323017604,1.9139123196686407,-0.9498805645556964,0.1804417131831597,1
121.050318,14.540867,-0.5017438875409871,0.3276879121212617,-2.399829323017604,1.9139123196686407,-0.9498805645556964,0.1804417131831597,1
121.050318,14.540867,-0.48106437970394,0.3276879121212617,-2.396709328955031,1.913985913419914,-0.9474616559667146,0.1912315669705888,1
121.050318,14.540867,-0.2225705317408508,0.3276879121212617,-2.353722744092918,1.9149998717707848,-0.9141344709629656,0.3398917747084995,1
121.050318,14.540867,-0.574122164970652,0.3276879121212617,-2.4012159870454144,1.913879611334742,-0.9509556350396884,0.1756462226109691,1
121.050318,14.540867,-0.3776668405187043,0.3276879121212617,-2.388736010795123,1.9141739863398333,-0.9412800006837612,0.2188056377606851,1
121.050318,14.540867,-0.4096787186504532,0.3276879121212617,-2.380762692635215,1.9143620592597528,-0.9350983454008076,0.2463797085507814,1
121.050318,14.540867,-0.0931168126809358,0.3276879121212617,-2.342976097877389,1.9152533613585023,-0.9058026747120282,0.3770568266429773,1
121.050318,14.540867,-0.4707246257854164,0.3276879121212617,-2.2677843996502305,1.9411521736217765,-0.7569904790197219,0.5879485360444271,1
121.050318,14.540867,-0.6775197041558878,0.3276879121212617,-2.41577595933742,1.913536173828802,-0.9622438751216034,0.125293571602967,1
121.050318,14.540867,-0.4914041336224636,0.3276879121212617,-2.393242668885506,1.9140676842546616,-0.9447739797567348,0.2032202934010653,1
121.050318,14.540867,2.848336382060648,0.3276879121212617,-2.0791632665865154,1.921476121882797,-0.701270515132568,1.2893989080022528,1
121.0532849,14.55602279,-0.4500451179483692,0.584319682518812,-1.325473177539262,1.0446231026230577,0.8784930489371366,-0.3184388652690815,1
121.050318,14.540867,-0.0157754533703795,0.3276879121212617,-2.24974036811124,1.9533413228617,-0.6988648692926126,0.626387689329706,1
121.050318,14.540867,-0.4552149949076311,0.3276879121212617,-2.399829323017604,1.9139123196686407,-0.9498805645556964,0.1804417131831597,1
121.050318,14.540867,-0.2558438598506597,0.3276879121212617,-2.3696693804127342,1.914623725930945,-0.9264977815288724,0.2847436331283069,1
121.050318,14.540867,-0.6546274889802766,0.3276879121212617,-2.4102119699258324,1.913667416018572,-0.9579301548045858,0.1445354775238821,1
121.050318,14.540867,-0.4603848718668928,0.3276879121212617,-2.3808840257376485,1.914359197280537,-0.935192414068157,0.2459601031257147,1
121.050318,14.540867,-0.170871762148233,0.3276879121212617,-2.380762692635215,1.9143620592597528,-0.9350983454008076,0.2463797085507814,1
121.050318,14.540867,-0.6496023685758742,0.3276879121212617,-2.41022930322618,1.9136670071643984,-0.9579435931856356,0.1444755338917297,1
121.050318,14.540867,-0.6575536393392187,0.3276879121212617,-2.4102154365859016,1.9136673342477373,-0.9579328424807958,0.1445234887974517,1
121.050318,14.540867,-0.2432500395778981,0.3276879121212617,-2.38561601673255,1.9142475800911063,-0.9388610920947794,0.2295954915481141,1
121.050318,14.540867,-0.5327631492965579,0.3276879121212617,-2.3897760088159807,1.9141494550894091,-0.942086303546755,0.2152090198315421,1
121.05346634086,14.555986509393,-0.6546274889802766,0.5922449496788963,-1.3400438069078382,1.0127835955614697,0.8419243932009383,-0.3645364311077366,1
121.050318,14.540867,-0.5792920419299139,0.3276879121212617,-2.4017567860162603,1.9138668550845213,-0.9513749125284452,0.1737759812878148,1
121.050318,14.540867,-0.6366776761777196,0.3276879121212617,-2.411269301247037,1.913642475913974,-0.9587498960486296,0.1408789159625867,1
121.050318,14.540867,-0.6568401963188406,0.3276879121212617,-2.3482283124406766,1.927491149356396,-0.8634942605264669,0.3337123070105678,1
121.050318,14.540867,-0.5844619188891756,0.3276879121212617,-2.368704814729695,1.927207535881645,-0.8786214718102421,0.2624924191262574,1
121.05332932888,14.556081225238,-0.4096704468473185,0.5867445274901064,-1.3107123960595848,1.0134754585942696,0.8646648216135772,-0.2630998167794734,1
121.050318,14.540867,-0.5472388047824909,0.3276879121212617,-2.3980959929828414,1.913953205086015,-0.9485367264507064,0.186436076398398,1
121.0504184,14.54727293,-0.8155192298294626,0.3651049247107816,-1.6511624086283625,1.181606079506103,-0.3702860557289495,2.169551937264683,1
121.0538,14.55289,0.5177558488254365,0.5736041690294555,-1.3889579267696592,0.890999797435652,0.5406663314774623,0.1243508194736761,1
121.050318,14.540867,3.884379724696709,0.3276879121212617,-1.941536861826361,1.9247224240222776,-0.5945697695963712,1.7653513472921771,1
121.050318,14.540867,-0.4926449040926864,0.3276879121212617,-2.3908160068368383,1.914124923838985,-0.942892606409749,0.2116124019023991,1
121.050318,14.540867,-0.48106437970394,0.3276879121212617,-2.388528011190952,1.9141788925899184,-0.9411187401111624,0.2195249613465137,1
121.050318,14.540867,-0.2371495847659691,0.3276879121212617,-2.3672427183640665,1.9146809655152688,-0.9246164081818866,0.2931357416296405,1
121.050318,14.540867,0.2096518615612712,0.3276879121212617,-2.341970766457227,1.9152770749005792,-0.905023248611134,0.3805335573078155,1
121.0538,14.55289,0.5213747626969196,0.5736041690294555,-1.3886112607627066,0.8910079745191268,0.5409350990984603,0.1255496921167237,1
121.050318,14.540867,-0.3259680709260866,0.3276879121212617,-2.380762692635215,1.9143620592597528,-0.9350983454008076,0.2463797085507814,1
121.0533724,14.55624159,-0.672349827196626,0.5898558349169895,-1.3473131359772714,1.0441079463641474,0.8615606888142641,-0.3939678417810846,1
121.050318,14.540867,-0.2742693013334687,0.3276879121212617,-2.3811093586421674,1.9143538821762784,-0.9353671130218056,0.2451808359077338,1
121.050318,14.540867,-0.646500442400317,0.3276879121212617,-2.41022930322618,1.9136670071643984,-0.9579435931856356,0.1444755338917297,1
121.050318,14.540867,-0.5580955463969406,0.3276879121212617,-2.399829323017604,1.9139123196686407,-0.9498805645556964,0.1804417131831597,1
121.050318,14.540867,-0.5051560063341,0.3276879121212617,-2.3908160068368383,1.914124923838985,-0.942892606409749,0.2116124019023991,1
121.050318,14.540867,0.0437815292003161,0.3276879121212617,-2.3398561038148165,1.9153269551097751,-0.9033837661230464,0.3878466804304064,1
121.050318,14.540867,-0.3978293606598253,0.3276879121212617,-2.2650574873522493,1.9416152591900944,-0.7533801813415272,0.5965667132998123,1
121.050318,14.540867,0.2944171641853274,0.3276879121212617,-2.326336129543668,1.915645861365291,-0.8929018289041254,0.4346027135092655,1
121.050318,14.540867,-0.4164409177131677,0.3276879121212617,-2.375562702530927,1.9144847155118745,-0.931066831085838,0.2643627981964965,1
121.050318,14.540867,-0.48106437970394,0.3276879121212617,-2.3980959929828414,1.913953205086015,-0.9485367264507064,0.186436076398398,1
121.050318,14.540867,-0.3259680709260866,0.3276879121212617,-2.37766349853306,1.9144351623860172,-0.9326955628690858,0.2570976299796277,1
121.050318,14.540867,-0.4086861022742751,0.3276879121212617,-2.3811093586421674,1.9143538821762784,-0.9353671130218056,0.2451808359077338,1
121.050318,14.540867,-0.3828367174779661,0.3276879121212617,-2.377989364579595,1.9144274759275512,-0.932948204432824,0.2559706896951629,1
121.050318,14.540867,-0.7002671627766396,0.3276879121212617,-2.404335981107987,1.9138060175834688,-0.95337454362867,0.16485636882354,1
121.050318,14.540867,-0.2088134891522553,0.3276879121212617,-2.3672427183640665,1.9146809655152688,-0.9246164081818866,0.2931357416296405,1
121.050318,14.540867,-0.2664627871249834,0.3276879121212617,-2.3672427183640665,1.9146809655152688,-0.9246164081818866,0.2931357416296405,1
121.052946,14.554188,-0.6019361030114805,0.5530157184314043,-1.355596140969661,0.7591503978278096,0.6210337773435952,-0.2587275092555647,1
121.050318,14.540867,-0.5379330262558196,0.3276879121212617,-2.399829323017604,1.9139123196686407,-0.9498805645556964,0.1804417131831597,1
121.050318,14.540867,-0.2422160641860456,0.3276879121212617,-2.370199779403372,1.914611214993229,-0.9269089959889992,0.2829093579844439,1
121.052946,14.554188,-0.6981992119929349,0.5530157184314043,-1.3564489393467642,0.7591302822024617,0.6203726089959403,-0.261676735957462,1
121.050318,14.540867,-0.4500451179483692,0.3276879121212617,-2.399829323017604,1.9139123196686407,-0.9498805645556964,0.1804417131831597,1
121.050318,14.540867,-0.3363078248446101,0.3276879121212617,-2.3634293922875886,1.9147709134334916,-0.9216599643509088,0.3063233407031648,1
121.050318,14.540867,-0.4624528226505976,0.3276879121212617,-2.3772960325656896,1.9144438300945008,-0.932410669190828,0.2583684349812583,1
121.050318,14.540867,0.397814703370563,0.3276879121212617,-1.714938062243455,2.009820137034986,-0.1196608751985311,2.386539482001844,1
121.050318,14.540867,-0.6594251347984715,0.3276879121212617,-2.4110959682435613,1.9136465644557117,-0.9586155122381308,0.1414783522841105,1
121.050318,14.540867,1.979797052904669,0.3276879121212617,-2.1172965273512934,1.920576642700573,-0.7308349534423454,1.1575229172670092,1
121.049326,14.55348201,-0.409554641603431,0.385350384682416,-1.3700732676282723,0.7670216121024263,0.5653147976802341,-0.1435420667156466,1
121.050318,14.540867,-0.6516703193595789,0.3276879121212617,-2.411109834883839,1.9136462373723724,-0.9586262629429706,0.1414303973783887,1
121.0538,14.55289,0.5648017291547186,0.5736041690294555,-1.3844512686792765,0.891106099520824,0.544160310550436,0.1399361638332958,1
121.050318,14.540867,-0.672349827196626,0.3276879121212617,-2.41022930322618,1.9136670071643984,-0.9579435931856356,0.1444755338917297,1
121.050318,14.540867,1.5201949912262962,0.3276879121212617,-2.233776305687343,1.9178291426530527,-0.8211408740976656,0.7547017092029928,1
121.050318,14.540867,-0.2831097909338063,0.3276879121212617,-2.379133362402538,1.9144004915520845,-0.9338351375821172,0.2520144099731055,1
121.050318,14.540867,-0.4397984218151125,0.3276879121212617,-2.3901226748229334,1.9141412780059344,-0.9423550711677532,0.2140101471884945,1
121.050318,14.540867,-0.672349827196626,0.3276879121212617,-2.411269301247037,1.913642475913974,-0.9587498960486296,0.1408789159625867,1
121.0540029,14.5530623,-0.5007099121491347,0.5846743522198927,-1.4687470891225756,0.826126111416814,0.4282620705772615,-0.1429996053528988,1
121.050318,14.540867,-0.1315806972578435,0.3276879121212617,-2.3696693804127342,1.914623725930945,-0.9264977815288724,0.2847436331283069,1
121.050318,14.540867,-0.466588724218007,0.3276879121212617,-2.396709328955031,1.913985913419914,-0.9474616559667146,0.1912315669705888,1
121.050318,14.540867,-0.6981992119929349,0.3276879121212617,-2.411269301247037,1.913642475913974,-0.9587498960486296,0.1408789159625867,1
121.050318,14.540867,-0.6077263652058537,0.3276879121212617,-2.41022930322618,1.9136670071643984,-0.9579435931856356,0.1444755338917297,1
121.050318,14.540867,-0.0157754533703795,0.3276879121212617,-2.1540605501923418,1.9555981979007344,-0.624685005897171,0.9572765388108624,1
121.050318,14.540867,0.4924234517250537,0.3276879121212617,-2.3048428371126115,1.9161528405407264,-0.8762382364022508,0.5089328173782208,1
121.050318,14.540867,-0.6022979943986289,0.3276879121212617,-2.399829323017604,1.9139123196686407,-0.9498805645556964,0.1804417131831597,1
121.050318,14.540867,-0.6131834598494642,0.3276879121212617,-2.402766558400301,1.9182294379900364,-0.935700214090362,0.1613487619028668,1
121.0529512,14.55420523,-0.2432500395778981,0.5534775370924294,-1.322822336672369,0.7599234592995138,0.646443068232744,-0.1453860895818381,1
121.050318,14.540867,-0.6506363439677265,0.3276879121212617,-2.400522655031509,1.913895965501692,-0.9504180997976924,0.1780439678970644,1
121.050318,14.540867,-0.4397053640298457,0.3276879121212617,-2.3980959929828414,1.913953205086015,-0.9485367264507064,0.186436076398398,1
121.050318,14.540867,-0.5948016728076992,0.3276879121212617,-2.400522655031509,1.913895965501692,-0.9504180997976924,0.1780439678970644,1
121.050318,14.540867,-0.5431029032150814,0.3276879121212617,-2.400522655031509,1.913895965501692,-0.9504180997976924,0.1780439678970644,1
121.050318,14.540867,-0.6516703193595789,0.3276879121212617,-2.41022930322618,1.9136670071643984,-0.9579435931856356,0.1444755338917297,1
121.050318,14.540867,-0.5896317958484375,0.3276879121212617,-2.400522655031509,1.913895965501692,-0.9504180997976924,0.1780439678970644,1
121.050318,14.540867,-0.5017438875409871,0.3276879121212617,-2.396709328955031,1.913985913419914,-0.9474616559667146,0.1912315669705888,1
121.050318,14.540867,-0.1915512699852802,0.3276879121212617,-2.380762692635215,1.9143620592597528,-0.9350983454008076,0.2463797085507814,1
121.050318,14.540867,-0.3776668405187043,0.3276879121212617,-2.3901226748229334,1.9141412780059344,-0.9423550711677532,0.2140101471884945,1
121.050318,14.540867,0.1910196250000917,0.3276879121212617,-2.331536119647956,1.9155232051131692,-0.896933343219095,0.4166196238635504,1
121.050318,14.540867,0.1651702402037828,0.3276879121212617,-2.3339627816966235,1.9154659655288464,-0.8988147165660808,0.4082275153622167,1
121.050318,14.540867,-0.4190258561927986,0.3276879121212617,-2.399829323017604,1.9139123196686407,-0.9498805645556964,0.1804417131831597,1
121.0532849,14.55602279,-0.6620100732781024,0.584319682518812,-1.3473131359772714,1.0441079463641474,0.8615606888142641,-0.3939678417810846,1
121.048559,14.497994,0.087622085814856,0.5362676096345306,-1.6561792689534425,2.7329648437305414,1.4133235461558762,-0.0838028202119932,1
121.050318,14.540867,-0.2949488091705158,0.3276879121212617,-2.2159730659885875,1.949950799419818,-0.6883948231340217,0.7516939038967432,1
121.050318,14.540867,-0.48106437970394,0.3276879121212617,-2.2609671189052776,1.9423098875425715,-0.7479647348242349,0.6094939791828898,1
121.050318,14.540867,-0.2458349780575289,0.3276879121212617,-2.375562702530927,1.9144847155118745,-0.931066831085838,0.2643627981964965,1
121.050318,14.540867,-0.0250812318970507,0.3276879121212617,-2.350602750030345,1.9150734655220576,-0.9117155623739838,0.3506816284959286,1
121.050318,14.540867,0.1590284263761798,0.3276879121212617,-2.324394799904734,1.9156916530327497,-0.8913967302265366,0.4413164003103323,1
121.050318,14.540867,-0.6103113036854846,0.3276879121212617,-2.418895953399993,1.913462580077529,-0.9646627837105852,0.114503717815538,1
121.052946,14.554188,-0.6475344177921694,0.5530157184314043,-1.3561022733398118,0.7591384592859365,0.6206413766169383,-0.2604778633144143,1
121.050318,14.540867,-0.6589081471025453,0.3276879121212617,-2.41022930322618,1.9136670071643984,-0.9579435931856356,0.1444755338917297,1
121.050318,14.540867,-0.6309908115225317,0.3276879121212617,-2.4102119699258324,1.913667416018572,-0.9579301548045858,0.1445354775238821,1
121.050318,14.540867,0.087622085814856,0.3276879121212617,-2.384312552546409,1.914278325924972,-0.937850525839827,0.2341032526859734,1
121.050318,14.540867,-0.4552149949076311,0.3276879121212617,-2.3901226748229334,1.9141412780059344,-0.9423550711677532,0.2140101471884945,1
121.050318,14.540867,-0.1191729925556152,0.3276879121212617,-2.347829421974725,1.915138882189856,-0.909565421406,0.3602726096403099,1
121.052946,14.554188,-0.6594251347984715,0.5530157184314043,-1.356275606343288,0.7591343707441991,0.6205069928064393,-0.2610772996359382,1
121.0473438,14.55117414,-0.5844619188891756,0.2681291104009132,-2.049839251492769,1.3251078361541146,-0.3352218715222302,-0.0467126368720599,1
121.050318,14.540867,-0.2742693013334687,0.3276879121212617,-2.375562702530927,1.9144847155118745,-0.931066831085838,0.2643627981964965,1
121.050318,14.540867,-0.4293656101113222,0.3276879121212617,-2.389082676802076,1.914165809256359,-0.9415487683047592,0.2176067651176375,1
121.050318,14.540867,-0.4138559792335368,0.3276879121212617,-2.3939360008994117,1.914051330087712,-0.9453115149987308,0.2008225481149701,1
121.050318,14.540867,-0.4655547488261546,0.3276879121212617,-2.396709328955031,1.913985913419914,-0.9474616559667146,0.1912315669705888,1
121.050318,14.540867,0.7659202826239205,0.3276879121212617,-2.273642896486884,1.916888778053455,-0.8520491505124329,0.616831355252511,1
121.050318,14.540867,-0.4707246257854164,0.3276879121212617,-2.280055504991146,1.939068288564345,-0.7732368185715983,0.5491667383951944,1
121.050318,14.540867,-0.718878719829982,0.3276879121212617,-2.417654889095103,1.9134918540363688,-0.9637005956274124,0.1187956818776486,1
121.050318,14.540867,-0.6072093775099275,0.3276879121212617,-2.400522655031509,1.913895965501692,-0.9504180997976924,0.1780439678970644,1
121.050318,14.540867,-0.3776668405187043,0.3276879121212617,-2.389082676802076,1.914165809256359,-0.9415487683047592,0.2176067651176375,1
121.050318,14.540867,-0.2535897934964216,0.3276879121212617,-2.375562702530927,1.9144847155118745,-0.931066831085838,0.2643627981964965,1
121.050318,14.540867,-0.553442657133605,0.3276879121212617,-2.400522655031509,1.913895965501692,-0.9504180997976924,0.1780439678970644,1
121.050318,14.540867,-0.3776668405187043,0.3276879121212617,-2.3811093586421674,1.9143538821762784,-0.9353671130218056,0.2451808359077338,1
121.050318,14.540867,-0.3259680709260866,0.3276879121212617,-2.4147359613165627,1.9135607050792265,-0.9614375722586094,0.1288901895321099,1
121.050318,14.540867,0.1910196250000917,0.3276879121212617,-2.342629431870437,1.915261538441977,-0.9055339070910304,0.3782556992860249,1
121.050318,14.540867,1.3486212431592606,0.3276879121212617,-2.174149752491508,1.919235601010712,-0.7749128432860136,0.9609078038071918,1
121.050318,14.540867,-0.4086861022742751,0.3276879121212617,-2.399829323017604,1.9139123196686407,-0.9498805645556964,0.1804417131831597,1
121.050318,14.540867,0.397814703370563,0.3276879121212617,-2.330842787634051,1.915539559280119,-0.8963958079770991,0.4190173691496457,1
121.050318,14.540867,-0.2846090552519922,0.3276879121212617,-2.3790293626004524,1.914402944677127,-0.9337545072958178,0.2523740717660199,1
121.050318,14.540867,-0.5069137645002489,0.3276879121212617,-2.399829323017604,1.9139123196686407,-0.9498805645556964,0.1804417131831597,1
121.050318,14.540867,-0.646500442400317,0.3276879121212617,-2.4102119699258324,1.913667416018572,-0.9579301548045858,0.1445354775238821,1
121.050318,14.540867,-0.6103113036854846,0.3276879121212617,-2.408495973191417,1.913707892581772,-0.956599755080646,0.150469897106968,1
121.050318,14.540867,-0.1008757640213959,0.3276879121212617,-2.371056044440544,1.9145910175970464,-0.9275728520128644,0.2799481425561162,1
121.050318,14.540867,-0.48106437970394,0.3276879121212617,-2.389082676802076,1.914165809256359,-0.9415487683047592,0.2176067651176375,1
121.050318,14.540867,-0.6361606884817935,0.3276879121212617,-2.4102119699258324,1.913667416018572,-0.9579301548045858,0.1445354775238821,1
121.04975,14.54811,-0.3363078248446101,0.3422947361901314,-2.0730885430654635,1.1470156833674006,-0.5639173958141297,0.2146529510705996,1
121.050318,14.540867,-0.362157209640919,0.3276879121212617,-2.3939360008994117,1.914051330087712,-0.9453115149987308,0.2008225481149701,1
121.050318,14.540867,0.5012122425557987,0.3276879121212617,-1.7058431858328231,2.0110315743942104,-0.1088693277330874,2.41596151840513,1
121.0529512,14.55420523,-0.6568401963188406,0.5534775370924294,-1.3564489393467642,0.7591302822024617,0.6203726089959403,-0.261676735957462,1
121.050318,14.540867,-0.6516703193595789,0.3276879121212617,-2.4102119699258324,1.913667416018572,-0.9579301548045858,0.1445354775238821,1
121.0513149,14.54789509,-0.5327631492965579,0.4105692783599993,-2.0688241969716734,1.1389035722136174,-0.516116310265369,0.0641487204664972,1
121.050318,14.540867,-0.2540033836531625,0.3276879121212617,-2.3696693804127342,1.914623725930945,-0.9264977815288724,0.2847436331283069,1
121.050318,14.540867,-0.2742693013334687,0.3276879121212617,-2.378336030586547,1.9144192988440765,-0.9332169720538218,0.2547718170521151,1
121.0538,14.55289,-0.4781692486067534,0.5736041690294555,-1.4756244285077913,0.8889555265669613,0.4734744262279682,-0.1753673412882409,1
121.050318,14.540867,-0.6748055187522753,0.3276879121212617,-2.4102119699258324,1.913667416018572,-0.9579301548045858,0.144535477523882,1
