Latitude,Longitude,Price,LRTHubDist,PC1,PC2,PC3,PC4,Cluster
121.019175,14.550759,-1.3640395625608637,-1.2843153265312606,3.147165732275263,0.1037389496307428,-1.6636957403357826,-0.5544076481708863,0
121.019175,14.550759,-1.109787147392013,-1.2843153265312606,3.1970479705323838,-0.8214143846563207,-2.023680393937078,-0.7104731644733989,0
121.040676,14.564421,-1.2892561186597986,0.4183936887057636,2.0911321945552084,-2.625940822094448,2.5702085321661685,-1.4028459998655451,2
121.009139,14.563865,-1.1098172297939697,-1.7454660182321355,2.676779821074109,-2.0937634455990217,1.5533305633919847,0.596020209900146,2
121.01355107696,14.549552831274,-1.241757589254138,-1.6921433337876413,2.8421809220924508,-1.581506288849054,-0.1628472370710744,-0.5581944755323963,2
121.0078779949,14.5588872173,-0.9717988177746694,-1.9276629108044696,2.958740486919734,-1.7795094651245826,0.4821921762673015,0.7692638784394301,2
121.0078779949,14.5588872173,-1.0990069163421998,-1.9276629108044696,2.9586350813868,-1.8634593774689536,0.4604658363511326,0.7754818873639022,2
121.019175,14.550759,-0.7553374640443171,-1.2843153265312606,3.197090387245838,-0.7876317237531533,-2.0149374000070304,-0.7129753813444137,0
121.0206028,14.5596699,-1.241757589254138,-1.0491672780093344,3.4437501254744807,-1.124595257661563,-1.509478366409466,0.9855644182714646,0
121.019175,14.550759,-1.4923707374681188,-1.2843153265312606,3.1970479705323838,-0.8214143846563207,-2.023680393937078,-0.7104731644733989,0
121.019175,14.550759,-1.4951407083278665,-1.2843153265312606,3.1970373663540195,-0.8298600498821125,-2.02586614241959,-0.7098476102556451,0
121.0154346949,14.5458624161,-1.034171423703473,-1.5899114384479032,2.37914950869957,-1.4517633768702534,-0.2854253889615721,-1.0404475020732344,2
121.0154346949,14.5458624161,-1.0640779051811111,-1.5899114384479032,2.3791367836855337,-1.4618981751412037,-0.2880482871405865,-1.03969683701193,2
121.0138899955,14.5490001011,-0.919635141139216,-1.6723328442000864,2.7415295511292763,-1.5855558869221733,-0.1046947541206546,-0.6575490624919418,2
121.0174046955,14.5517863319,-0.5722135636213908,-1.394448169255734,3.4561660879921274,-1.0296583842199551,-1.554082657076998,1.0998882178117435,0
121.0095956373,14.5585916389,-0.930105664185256,-1.822360863046024,3.102230842057588,-1.7212230311845,0.2675789003604809,0.886793709760709,2
121.017742,14.554848,-0.626035911773352,-1.3073624238923938,3.668998153887863,-0.8970296027186853,-1.9478051119098745,1.1137438743434611,0
121.017742,14.554848,-1.0570410860099022,-1.3073624238923938,3.668914168795223,-0.9639192713069568,-1.9651162398913693,1.118698263748071,0
121.019175,14.550759,-0.933896750513745,-1.2843153265312606,3.197026762175656,-0.8383057151079043,-2.0280518909021024,-0.7092220560378915,0
121.003404,14.55953,-1.2516091360938304,-2.173319188661078,2.918897111863872,-2.5212518386470637,2.1566496605327634,2.213702748646097,2
121.040676,14.564421,-1.2897398999778191,0.4183936887057636,2.0911321945552084,-2.625940822094448,2.5702085321661685,-1.4028459998655451,2
121.026342,14.563933,-1.127409277721992,-0.5706810404080511,2.502887614453819,-1.6070061105985949,0.2634936000413289,-1.2857012760698017,2
121.019175,14.550759,-1.3463434576693467,-1.2843153265312606,3.1970691788891106,-0.8045230542047369,-2.0193088969720545,-0.7117242729089064,0
121.011528,14.543799,-1.0990860805578757,-1.9053778968227075,2.5999869625139445,-1.88809157777293,0.7004249089027227,0.5811690183731942,2
121.009139,14.563865,-1.0510597897143743,-1.7454660182321355,2.676684171385269,-2.1699433459356645,1.5336151120797268,0.6016627089442846,2
121.009139,14.563865,-0.9917745881969386,-1.7454660182321355,2.676684171385269,-2.1699433459356645,1.5336151120797268,0.6016627089442846,2
121.009139,14.563865,-1.0645177063793116,-1.7454660182321355,2.676625636320702,-2.216563417982035,1.5215497804562608,0.6051157682262852,2
121.019175,14.550759,-1.303309174306141,-1.2843153265312606,3.1971328039592923,-0.753849062849986,-2.0061944060769825,-0.7154775982154287,0
121.003404,14.55953,-1.3140756835585696,-2.173319188661078,2.918809521350588,-2.591013033412104,2.138595378067215,2.218869826484742,2
121.009139,14.563865,-1.3297178288942502,-1.7454660182321355,2.6767586127173817,-2.1106547760506054,1.5489590664269608,0.5972713183356534,2
121.003404,14.55953,-1.234017088165808,-2.173319188661078,2.918897111863872,-2.5212518386470637,2.1566496605327634,2.213702748646097,2
121.019175,14.550759,-1.4264740924983736,-1.2843153265312606,3.1970479705323838,-0.8214143846563207,-2.023680393937078,-0.7104731644733989,0
121.017742,14.554848,-1.4616581883544186,-1.3073624238923938,3.6651827085661672,-1.8617794811086887,-2.2610442390272074,1.0659525897292816,0
121.018458,14.57608,-0.7315881993414868,-0.8441921841992507,1.9871305412732287,-2.690138071514583,3.2942294495936664,1.4821483546016123,2
121.009139,14.563865,-0.9717988177746694,-1.7454660182321355,2.676762218138025,-2.1077832498738363,1.549702220911015,0.5970586299016173,2
121.036339,14.562949,-1.414089290757046,0.0939162412266735,2.0246614191617085,-2.719082609211704,1.4629544656491098,-1.570692765959948,2
121.009139,14.563865,-1.1537973496140257,-1.7454660182321355,2.676716196003927,-2.144437436953773,1.540216072496913,0.5997735352066683,2
121.011528,14.543799,-0.9778768703338012,-1.9053778968227075,2.59997487375061,-1.8977196361303328,0.697933155632659,0.5818821501814336,2
121.036339,14.562949,-1.1977774694340817,0.0939162412266735,2.028105718240677,-2.049931013724414,1.6996923958785233,-1.5010070837243883,2
121.040676,14.564421,-1.1801854215060594,0.4183936887057636,2.0914715282628444,-2.3556795348691097,2.6401524836065517,-1.4228637348336644,2
121.026342,14.563933,-1.2131001431793893,-0.5706810404080511,2.5029472099362224,-1.5595414720296443,0.2757775065130461,-1.2892168907735777,2
121.009139,14.563865,-1.1537973496140257,-1.7454660182321355,2.676723618928782,-2.1385254712957185,1.5417460964346714,0.5993356472542407,2
121.026342,14.563933,-0.8841323653349551,-0.5706810404080511,2.502972023713593,-1.5397786154012916,0.2808921579621241,-1.2906806876431212,2
121.009139,14.563865,-1.1362053016860032,-1.7454660182321355,2.676779821074109,-2.0937634455990217,1.5533305633919847,0.596020209900146,2
121.009139,14.563865,-1.2263645473171183,-1.7454660182321355,2.676716196003927,-2.144437436953773,1.540216072496913,0.5997735352066683,2
121.0180597,14.55761079,-1.0658371099739137,-1.256039628732511,3.6183889930457034,-1.138414631401469,-1.616230381482933,1.1231950498149224,0
121.011528,14.543799,-0.9778768703338012,-1.9053778968227075,2.5999473028868647,-1.9196783657173917,0.6922502095781279,0.5835085911475931,2
121.019175,14.550759,-0.9910709062798178,-1.2843153265312606,3.1971328039592923,-0.753849062849986,-2.0061944060769825,-0.7154775982154287,0
121.011528,14.543799,-1.1010212058299582,-1.9053778968227075,2.6000321363137737,-1.852113043911057,0.7097361974382237,0.5785041574055635,2
121.011528,14.543799,-0.9801766567693716,-1.9053778968227075,2.600019835466872,-1.8619100155729755,0.7072007291985098,0.5792298002981578,2
121.019175,14.550759,-1.337715965524486,-1.2843153265312606,3.197026762175656,-0.8383057151079043,-2.0280518909021024,-0.7092220560378915,0
121.026342,14.563933,-1.285671738894464,-0.5706810404080511,2.5029300311672733,-1.5732234496954274,0.2722365939713767,-1.2882034929408166,2
121.009139,14.563865,-0.7579762712335204,-1.7454660182321355,2.676631362577018,-2.212002758760108,1.5227300846368172,0.6047779689486982,2
121.009139,14.563865,-0.9426927744777562,-1.7454660182321355,2.676777700238436,-2.0954525786441804,1.5528934136954824,0.5961453207436967,2
121.0101900153,14.559363979096,-1.048245062045891,-1.7628344659436412,3.0175085164642965,-1.7302073909471245,0.2989322747048819,0.8013431862021818,2
121.009139,14.563865,-1.0746331339379247,-1.7454660182321355,2.676758824800949,-2.11048586274609,1.5490027813966112,0.5972588072512984,2
121.0271,14.55973,-1.0902720247447384,-0.5966383666928582,3.354140617713301,-1.0453160871359024,-1.2302592489220086,-0.93282836211828,0
121.017778,14.534456,-1.0394490380818795,-1.506454651259902,1.3714622951423403,-1.7924378296321275,1.2546194700587814,-1.8872296437796128,2
121.011528,14.543799,-1.092225181865947,-1.9053778968227075,2.599968511243592,-1.902787035265808,0.6966217065431518,0.5822574827120858,2
121.019175,14.550759,-1.1095232666730923,-1.2843153265312606,3.1970479705323838,-0.8214143846563207,-2.023680393937078,-0.7104731644733989,0
121.009139,14.563865,-1.0746331339379247,-1.7454660182321355,2.676651510515909,-2.195955994831103,1.52688300675359,0.6035894159349661,2
121.019175,14.550759,-1.3912899966423289,-1.2843153265312606,3.1970373663540195,-0.8298600498821125,-2.02586614241959,-0.7098476102556451,0
121.009139,14.563865,-1.1450013256500144,-1.7454660182321355,2.676758824800949,-2.11048586274609,1.5490027813966112,0.5972588072512984,2
121.026342,14.563933,-1.3033297570022164,-0.5706810404080511,2.5028099918681974,-1.6688283800513908,0.2474939211493413,-1.2811222191958445,2
121.019175,14.550759,-1.4968422842104634,-1.2843153265312606,3.1970479705323838,-0.8214143846563207,-2.023680393937078,-0.7104731644733989,0
121.019175,14.550759,-1.1098172297939697,-1.2843153265312606,3.197026762175656,-0.8383057151079043,-2.0280518909021024,-0.7092220560378915,0
121.026342,14.563933,-1.285737709074194,-0.5706810404080511,2.5028842211167426,-1.609708723470848,0.2627941605269251,-1.2855010987201203,2
121.011528,14.543799,-1.1537973496140257,-1.9053778968227075,2.599968511243592,-1.902787035265808,0.6966217065431518,0.5822574827120858,2
121.017742,14.554848,-0.933896750513745,-1.3073624238923938,3.668934528817681,-0.9477035940734362,-1.9609196028049465,1.1174971996499836,0
121.019175,14.550759,-1.1959830805454237,-1.2843153265312606,3.1970373663540195,-0.8298600498821125,-2.02586614241959,-0.7098476102556451,0
121.0153785,14.54579528,-1.0234402744673792,-1.5956624031051736,2.379150357033839,-1.45108772365219,-0.2852505290829712,-1.0404975464106547,2
121.009139,14.563865,-0.626035911773352,-1.7454660182321355,2.676716196003927,-2.144437436953773,1.540216072496913,0.5997735352066683,2
121.009139,14.563865,-1.2241655413261154,-1.7454660182321355,2.676761581887324,-2.108289989787384,1.5495710760020642,0.5970961631546824,2
121.026342,14.563933,-1.285737709074194,-0.5706810404080511,2.5029590866159896,-1.5500823269767576,0.2782255448134595,-1.2899175114974617,2
121.01128,14.56162,-1.1977774694340817,-1.6227318807650797,2.8440371066213106,-2.064377194205129,1.357829836853588,0.7630225054644473,2
121.0275016,14.5570169,-1.1098172297939697,-0.6008001957382056,3.344923086433985,-2.427229460308332,-2.5971128027407064,-0.958904457807857,0
121.019175,14.550759,-1.0567471228890248,-1.2843153265312606,3.1970479705323838,-0.8214143846563207,-2.023680393937078,-0.7104731644733989,0
121.019175,14.550759,-1.492444272228458,-1.2843153265312606,3.1970479705323838,-0.8214143846563207,-2.023680393937078,-0.7104731644733989,0
121.018458,14.57608,-0.9426927744777562,-0.8441921841992507,1.9870881245597745,-2.72392073241775,3.2854864556636185,1.4846505714726277,2
121.017742,14.554848,-1.0517634716314954,-1.3073624238923938,3.668870903747499,-0.9983775854281872,-1.974034093700018,1.121250524956506,0
121.009139,14.563865,-1.2480456029052909,-1.7454660182321355,2.676632635078422,-2.2109892789330123,1.5229923744547187,0.6047029024425677,2
121.0297,14.54133,-1.3649019247502951,-0.6898114450505053,1.0967335111311611,-1.699897351643475,1.0003429793029557,-1.9825242697706005,2
121.009139,14.563865,-1.0712906448316004,-1.7454660182321355,2.676651510515909,-2.195955994831103,1.52688300675359,0.6035894159349661,2
121.026342,14.563933,-1.203442108866905,-0.5706810404080511,2.4995158479548576,-2.2183893559414685,0.0417061894322973,-1.359665749154797,2
121.017778,14.534456,-1.0570410860099022,-1.506454651259902,1.371419878428886,-1.826220490535295,1.2458764761287335,-1.8847274269085983,2
121.026342,14.563933,-1.2241655413261154,-0.5706810404080511,2.5029472099362224,-1.5595414720296443,0.2757775065130461,-1.2892168907735777,2
121.0275016,14.5570169,-1.3297178288942502,-0.6008001957382056,3.2984427305423787,-0.8667071914371463,-2.009133212840045,-0.7306510423987697,0
121.009139,14.563865,-1.285737709074194,-1.7454660182321355,2.6732422052255407,-2.8372368950732803,1.297358046516466,0.5318394047808188,2
121.009139,14.563865,-0.9778768703338012,-1.7454660182321355,2.676716196003927,-2.144437436953773,1.540216072496913,0.5997735352066683,2
121.026342,14.563933,-1.127409277721992,-0.5706810404080511,2.5029472099362224,-1.5595414720296443,0.2757775065130461,-1.2892168907735777,2
121.0220743,14.5635465,-1.285737709074194,-0.8654221184132828,2.763231620480161,-1.4733500519161318,-0.2146310951111408,0.3748061404905626,2
121.026342,14.563933,-0.2302148333928468,-0.5706810404080511,2.456322425135304,-0.114049163533743,0.8339872020818944,-1.0524434269186842,2
121.009139,14.563865,-1.2153695173621042,-1.7454660182321355,2.6767586127173817,-2.1106547760506054,1.5489590664269608,0.5972713183356534,2
121.009139,14.563865,-1.1450013256500144,-1.7454660182321355,2.6767607335530545,-2.108965643005447,1.5493962161234631,0.5971462074921027,2
121.019175,14.550759,-1.31388498575903,-1.2843153265312606,3.1969631371054743,-0.8889797064626553,-2.041166381797174,-0.7054687307313692,0
121.0206028,14.5596699,-1.40008602060634,-1.0491672780093344,3.4436440836908444,-1.2090519099194812,-1.5313358512345854,0.9918199604490018,0
121.0206028,14.5596699,-1.3297178288942502,-1.0491672780093344,3.4436462045265173,-1.207362776874323,-1.5308987015380828,0.9916948496054512,0
121.019175,14.550759,-1.1976015489548015,-1.2843153265312606,3.1970479705323838,-0.8214143846563207,-2.023680393937078,-0.7104731644733989,0
121.009139,14.563865,-1.0394490380818795,-1.7454660182321355,2.676723618928782,-2.1385254712957185,1.5417460964346714,0.5993356472542407,2
121.019175,14.550759,-1.1889814454700705,-1.2843153265312606,3.197026762175656,-0.8383057151079043,-2.0280518909021024,-0.7092220560378915,0
121.011528,14.543799,-1.0501977793659014,-1.9053778968227075,2.599960027900901,-1.9095435674464407,0.6948731077571423,0.5827579260862888,2
121.0170718,14.54298517,-1.048245062045891,-1.5550139202970503,1.838177391098488,-1.5819901611392932,0.2539293389637717,-1.3497815276005911,2
121.0153785,14.54579528,-1.0939843866587493,-1.5956624031051736,2.37914950869957,-1.4517633768702534,-0.2854253889615721,-1.0404475020732344,2
121.019175,14.550759,-1.1098172297939697,-1.2843153265312606,3.1970479705323838,-0.8214143846563207,-2.023680393937078,-0.7104731644733989,0
121.019175,14.550759,-1.1808413410130556,-1.2843153265312606,3.197026762175656,-0.8383057151079043,-2.0280518909021024,-0.7092220560378915,0
121.011528,14.543799,-1.0221472589446696,-1.9053778968227075,2.59997487375061,-1.8977196361303328,0.697933155632659,0.5818821501814336,2
121.009139,14.563865,-1.030213212919668,-1.7454660182321355,2.676716196003927,-2.144437436953773,1.540216072496913,0.5997735352066683,2
121.040676,14.564421,-1.1380524667184455,0.4183936887057636,2.0914715282628444,-2.3556795348691097,2.6401524836065517,-1.4228637348336644,2
121.026342,14.563933,-1.0834291579019355,-0.5706810404080511,2.5030148645941823,-1.5056581278890926,0.2897225818314724,-1.2932079266828462,2
121.009139,14.563865,-1.0306530141178685,-1.7454660182321355,2.6767374043606544,-2.127546106502189,1.5445875694619369,0.598522426771161,2
121.019175,14.550759,-1.197769553012514,-1.2843153265312606,3.197090387245838,-0.7876317237531533,-2.0149374000070304,-0.7129753813444137,0
121.009139,14.563865,-1.0324122189106708,-1.7454660182321355,2.6766737792904727,-2.1782200978569404,1.531473078566865,0.6022757520776832,2
121.009139,14.563865,-1.0306530141178685,-1.7454660182321355,2.676723618928782,-2.1385254712957185,1.5417460964346714,0.5993356472542407,2
121.011528,14.543799,-1.0746331339379247,-1.9053778968227075,2.59997487375061,-1.8977196361303328,0.697933155632659,0.5818821501814336,2
121.009139,14.563865,-1.1256500729291896,-1.7454660182321355,2.676769216895745,-2.102209110824814,1.5511448149094729,0.5966457641178998,2
121.009139,14.563865,-1.0902720247447384,-1.7454660182321355,2.676762218138025,-2.1077832498738363,1.549702220911015,0.5970586299016173,2
121.019175,14.550759,-1.241757589254138,-1.2843153265312606,3.197012976743783,-0.8492850799014338,-2.030893363929368,-0.7084088355548116,0
121.0271,14.55973,-1.1098172297939697,-0.5966383666928582,3.354094595579203,-1.0819702742158388,-1.2397453973361106,-0.9301134568132288,0
121.009139,14.563865,-1.0878271698839417,-1.7454660182321355,2.676716196003927,-2.144437436953773,1.540216072496913,0.5997735352066683,2
121.009139,14.563865,-0.7579762712335204,-1.7454660182321355,2.630108589971958,-0.6852631507920889,2.1019666806074304,0.8355336012288004,2
121.009139,14.563865,-1.1010212058299582,-1.7454660182321355,2.676758824800949,-2.11048586274609,1.5490027813966112,0.5972588072512984,2
121.009139,14.563865,-1.1362053016860032,-1.7454660182321355,2.676723618928782,-2.1385254712957185,1.5417460964346714,0.5993356472542407,2
121.019175,14.550759,-1.0658371099739137,-1.2843153265312606,3.197026762175656,-0.8383057151079043,-2.0280518909021024,-0.7092220560378915,0
121.009139,14.563865,-1.3033297570022164,-1.7454660182321355,2.6766366646662,-2.207779926147212,1.5238229588780732,0.6044651918398213,2
121.019175,14.550759,-1.4264740924983736,-1.2843153265312606,3.1970373663540195,-0.8298600498821125,-2.02586614241959,-0.7098476102556451,0
121.009139,14.563865,-1.0218569901538572,-1.7454660182321355,2.676801029430836,-2.076872115147438,1.5577020603570086,0.5947691014646387,2
121.040676,14.564421,-1.1977774694340817,0.4183936887057636,2.0914715282628444,-2.3556795348691097,2.6401524836065517,-1.4228637348336644,2
121.0206028,14.5596699,-0.9268620423882874,-1.0491672780093344,3.493574464917735,-2.0958619240814502,-1.881397206725277,0.8329144279978873,0
121.0206028,14.5596699,-0.933896750513745,-1.0491672780093344,3.443856167258117,-1.0401386054036446,-1.487620881584346,0.9793088760939274,0
121.026342,14.563933,-1.0658371099739137,-0.5706810404080511,2.5030148645941823,-1.5056581278890926,0.2897225818314724,-1.2932079266828462,2
121.0206028,14.5596699,-1.2681456611461717,-1.0491672780093344,3.443754155062259,-1.1213859048757622,-1.5086477819861113,0.985326707668718,0
121.036339,14.562949,-0.7315881993414868,0.0939162412266735,2.02808450988395,-2.0668223441759976,1.6953208989134994,-1.499755975288881,2
121.019175,14.550759,-1.192411894816035,-1.2843153265312606,3.2469800484278126,-1.7068730923821622,-2.373392029670568,-0.8694787855993541,0
121.02214416388,14.5634081138,-1.378095960696312,-0.8643668081427783,2.747143512434824,-1.595100268613504,-0.2206182137428019,0.3702853903558502,2
121.011528,14.543799,-1.0649575075775122,-1.9053778968227075,2.59997487375061,-1.8977196361303328,0.697933155632659,0.5818821501814336,2
121.0206028,14.5596699,-1.241757589254138,-1.0491672780093344,3.443789360934426,-1.0933462963261331,-1.5013910970241713,0.9832498676657758,0
121.019175,14.550759,-1.1098172297939697,-1.2843153265312606,3.1971328039592923,-0.753849062849986,-2.0061944060769825,-0.7154775982154287,0
121.009139,14.563865,-1.192411894816035,-1.7454660182321355,2.6766812022153275,-2.172308132198886,1.5330031025046236,0.6018378641252556,2
121.040676,14.564421,-1.320921804930239,0.4183936887057636,2.091376090657572,-2.431690521901236,2.620480747263944,-1.417233746873881,2
121.019175,14.550759,-1.3868919846603232,-1.2843153265312606,3.1970373663540195,-0.8298600498821125,-2.02586614241959,-0.7098476102556451,0
121.009139,14.563865,-1.206573493398093,-1.7454660182321355,2.676761581887324,-2.108289989787384,1.5495710760020642,0.5970961631546824,2
121.0271,14.55973,-1.2681456611461717,-0.5966383666928582,3.354158856900087,-1.0307895429475404,-1.2264997615320878,-0.9339043153728164,0
121.019175,14.550759,-1.3344458676953854,-1.2843153265312606,3.143657808126113,-0.6160866372112984,-1.913548161460268,-0.6203400050999237,0
121.019175,14.550759,-1.226276587077478,-1.2843153265312606,3.197012976743783,-0.8492850799014338,-2.030893363929368,-0.7084088355548116,0
121.017742,14.554848,-0.8327424749276159,-1.3073624238923938,3.6689620996814254,-0.9257448644863776,-1.9552366567504151,1.115870758683824,0
121.026342,14.563933,-1.285737709074194,-0.5706810404080511,2.5029472099362224,-1.5595414720296443,0.2757775065130461,-1.2892168907735777,2
121.01459495825,14.562520712383,-1.298931745020211,-1.383099617913409,2.845187499640351,-1.88892082461168,0.7724434940893974,0.7271028459175737,2
121.036339,14.562949,-0.6700160315934082,0.0939162412266735,2.0281269265974045,-2.03303968327283,1.7040638928435472,-1.502258192159896,2
121.009139,14.563865,-0.9514887984417676,-1.7454660182321355,2.6732718969249585,-2.813589032441063,1.3034781422674997,0.5300878529711084,2
121.009139,14.563865,-1.0658371099739137,-1.7454660182321355,2.676652570933745,-2.195111428308524,1.5271015816018412,0.6035268605131906,2
121.009139,14.563865,-1.0746331339379247,-1.7454660182321355,2.676769216895745,-2.102209110824814,1.5511448149094729,0.5966457641178998,2
121.0275016,14.5570169,-1.127409277721992,-0.6008001957382056,3.2984512138850697,-0.8599506592565129,-2.007384614054036,-0.7311514857729726,0
121.011528,14.543799,-1.3473098768222729,-1.9053778968227075,2.5999473028868647,-1.9196783657173917,0.6922502095781279,0.5835085911475931,2
121.009139,14.563865,-1.2681456611461717,-1.7454660182321355,2.676801029430836,-2.076872115147438,1.5577020603570086,0.5947691014646387,2
121.009139,14.563865,-1.1098172297939697,-1.7454660182321355,2.676716196003927,-2.144437436953773,1.540216072496913,0.5997735352066683,2
121.009139,14.563865,-1.3297178288942502,-1.7454660182321355,2.6765991258747928,-2.2376775810465146,1.516085409249981,0.6066796537706695,2
121.0117,14.56164,-1.285737709074194,-1.5956756728312618,2.911486937863045,-2.008318039397792,1.3139021529272763,0.7052074951999816,2
121.009139,14.563865,-1.048245062045891,-1.7454660182321355,2.676723618928782,-2.1385254712957185,1.5417460964346714,0.5993356472542407,2
121.0154434,14.54790134,-1.0834291579019355,-1.5656932879968832,2.85306505264442,-0.3976626565187207,-0.4772576837113682,-0.5316697404859737,0
121.0218,14.55659,-1.0511477499540147,-1.0021309151579,3.690606555820587,-0.7852294917370647,-2.4334399229624584,1.0481357194139418,0
121.017778,14.534456,-1.2184840135272814,-1.506454651259902,1.3714410867856133,-1.8093291600837111,1.2502479730937577,-1.8859785353441056,2
121.0283829,14.5657429,-1.1098172297939697,-0.3895673065497822,2.5309192366755218,-1.8057479105753411,1.0966629711136318,-1.3718541357194511,2
121.0170718,14.54298517,-1.1713893975420482,-1.5550139202970503,1.838073682234092,-1.6645887670475374,0.2325527188048046,-1.3436636073509598,2
121.019175,14.550759,-1.1537973496140257,-1.2843153265312606,3.197100991424201,-0.7791860585273617,-2.0127516515245185,-0.7136009355621675,0
121.0206028,14.5596699,-0.9778768703338012,-1.0491672780093344,3.443856167258117,-1.0401386054036446,-1.487620881584346,0.9793088760939274,0
121.009139,14.563865,-0.9424495644151512,-1.7454660182321355,2.676684171385269,-2.1699433459356645,1.5336151120797268,0.6016627089442846,2
121.026342,14.563933,-1.1537973496140257,-0.5706810404080511,2.5029800828891497,-1.53335990982969,0.2825533268088332,-1.291156108848614,2
121.0136335,14.56225568,-1.1142152417759752,-1.4529106166676204,2.7850059440836903,-1.8133883513512163,0.6746955755608544,0.6950412546223386,2
121.0136335,14.56225568,-1.1889815334303102,-1.4529106166676204,2.7850059440836903,-1.8133883513512163,0.6746955755608544,0.6950412546223386,2
121.0170718,14.54298517,-0.8811206067296776,-1.5550139202970503,1.8382798274614809,-1.5004050350581442,0.2750436693048372,-1.3558243813440922,2
121.009139,14.563865,-1.0658371099739137,-1.7454660182321355,2.6767240430959163,-2.138187644686687,1.5418335263739718,0.5993106250855306,2
121.026342,14.563933,-0.9620461382443324,-0.5706810404080511,2.502766090569772,-1.7037934340861691,0.2384449224317417,-1.278532424734344,2
121.01443,14.54826,-1.065047227021945,-1.6371436000738349,2.75149413970549,-1.562937492494021,-0.3163902180604314,-0.7239841001191317,2
121.009139,14.563865,-1.0394490380818795,-1.7454660182321355,2.676716196003927,-2.144437436953773,1.540216072496913,0.5997735352066683,2
121.009139,14.563865,-1.1713893975420482,-1.7454660182321355,2.676723618928782,-2.1385254712957185,1.5417460964346714,0.5993356472542407,2
121.0218,14.55659,-1.192411894816035,-1.0021309151579,3.690571562031987,-0.8131001869821778,-2.440652892954748,1.0502000483325291,0
121.026342,14.563933,-1.3033297570022164,-0.5706810404080511,2.502908822810546,-1.590114780147011,0.2678650970063528,-1.286952384505309,2
121.0206028,14.5596699,-0.954127605630971,-1.0491672780093344,3.443856167258117,-1.0401386054036446,-1.487620881584346,0.9793088760939274,0
121.009139,14.563865,-0.9782287112923616,-1.7454660182321355,2.676716196003927,-2.144437436953773,1.540216072496913,0.5997735352066683,2
121.0271,14.55973,-1.2593496371821604,-0.5966383666928582,3.3506502965002345,-1.751121869703129,-1.4764833275655236,-0.9997991390487886,0
121.026342,14.563933,-1.1977774694340817,-0.5706810404080511,2.5029563295296158,-1.5522781999354636,0.2776572502080064,-1.2897548674008457,2
121.0183,14.56166,-1.2681456611461717,-1.1647150168148916,3.155080983740055,-1.4687709693229591,-0.3181685251310987,0.9610320069894523,0
121.017742,14.554848,-1.2681456611461717,-1.3073624238923938,3.6688284870340446,-1.0321602463313544,-1.9827770876300657,1.1237527418275208,0
121.026342,14.563933,-1.3297178288942502,-0.5706810404080511,2.502972447880728,-1.53944078879226,0.2809795879014246,-1.2907057098118313,2
121.019175,14.550759,-1.356985503182685,-1.2843153265312606,3.196941928748747,-0.905871036914239,-2.045537878762198,-0.7042176222958617,0
121.026342,14.563933,-1.3483126235541698,-0.5706810404080511,2.502766090569772,-1.7037934340861691,0.2384449224317417,-1.278532424734344,2
121.0206028,14.5596699,-1.241757589254138,-1.0491672780093344,3.443768152577699,-1.1102376267777168,-1.5057625939891954,0.9845009761012832,0
121.0218,14.55659,-1.0658371099739137,-1.0021309151579,3.6905641391071327,-0.819012152640232,-2.442182916892506,1.0506379362849567,0
121.026342,14.563933,-0.9514887984417676,-0.5706810404080511,2.5030148645941823,-1.5056581278890926,0.2897225818314724,-1.2932079266828462,2
121.017742,14.554848,-0.7315881993414868,-1.3073624238923938,3.668934528817681,-0.9477035940734362,-1.9609196028049465,1.1174971996499836,0
121.0275016,14.5570169,-1.127409277721992,-0.6008001957382056,3.2984427305423787,-0.8667071914371463,-2.009133212840045,-0.7306510423987697,0
121.026342,14.563933,-1.2131001431793893,-0.5706810404080511,2.499502910857254,-2.2286930675169345,0.0390395762836327,-1.3589025730091375,2
121.0275016,14.5570169,-1.0746627765386834,-0.6008001957382056,3.298453122637175,-0.8584304395158704,-2.0069911793271835,-0.7312640855321683,0
121.018458,14.57608,-1.0218569901538572,-0.8441921841992507,1.9870881245597745,-2.72392073241775,3.2854864556636185,1.4846505714726277,2
121.011528,14.543799,-1.0658371099739137,-1.9053778968227075,2.599962148736574,-1.9078544344012829,0.6953102574536446,0.5826328152427379,2
121.009139,14.563865,-1.1537973496140257,-1.7454660182321355,2.673314737805548,-2.7794685449288643,1.312308566136848,0.5275606139313833,2
121.019175,14.550759,-1.3121257809662277,-1.2843153265312606,3.197005553818929,-0.855197045559488,-2.032423387867126,-0.707970947602384,0
121.036339,14.562949,-0.6700160315934082,0.0939162412266735,2.028169343310859,-1.9992570223696624,1.712806886773595,-1.5047604090309106,2
121.019175,14.550759,-1.285737709074194,-1.2843153265312606,3.1970479705323838,-0.8214143846563207,-2.023680393937078,-0.7104731644733989,0
121.019175,14.550759,-1.2153695173621042,-1.2843153265312606,3.1970479705323838,-0.8214143846563207,-2.023680393937078,-0.7104731644733989,0
121.019175,14.550759,-1.0218569901538572,-1.2843153265312606,3.1970691788891106,-0.8045230542047369,-2.0193088969720545,-0.7117242729089064,0
121.017742,14.554848,-0.9514887984417676,-1.3073624238923938,3.668934528817681,-0.9477035940734362,-1.9609196028049465,1.1174971996499836,0
121.026342,14.563933,-1.285737709074194,-0.5706810404080511,2.5029469978526557,-1.5597103853341605,0.2757337915433959,-1.2892043796892223,2
121.026342,14.563933,-1.127409277721992,-0.5706810404080511,2.5029563295296158,-1.5522781999354636,0.2776572502080064,-1.2897548674008457,2
121.019175,14.550759,-1.2338411676865275,-1.2843153265312606,3.1970479705323838,-0.8214143846563207,-2.023680393937078,-0.7104731644733989,0
121.011528,14.543799,-0.8899166306936889,-1.9053778968227075,2.59997487375061,-1.8977196361303328,0.697933155632659,0.5818821501814336,2
121.009139,14.563865,-1.241757589254138,-1.7454660182321355,2.676801029430836,-2.076872115147438,1.5577020603570086,0.5947691014646387,2
121.009139,14.563865,-1.1713893975420482,-1.7454660182321355,2.6767586127173817,-2.1106547760506054,1.5489590664269608,0.5972713183356534,2
121.009139,14.563865,-1.1537973496140257,-1.7454660182321355,2.6767374043606544,-2.127546106502189,1.5445875694619369,0.598522426771161,2
121.0278726,14.5671852,-1.1977774694340817,-0.398657094919866,2.381606697078436,-1.849701414307756,1.1355846945301065,-1.385681620034409,2
121.009139,14.563865,-1.0570410860099022,-1.7454660182321355,2.676631362577018,-2.212002758760108,1.5227300846368172,0.6047779689486982,2
121.019175,14.550759,-1.1977774694340817,-1.2843153265312606,3.197026762175656,-0.8383057151079043,-2.0280518909021024,-0.7092220560378915,0
121.0136766,14.55573108,-1.0658371099739137,-1.5826006874146945,3.618344043734224,-1.3868453564488488,-0.8697007181610937,1.3448081199931958,0
121.009139,14.563865,-1.1713893975420482,-1.7454660182321355,2.676632635078422,-2.2109892789330123,1.5229923744547187,0.6047029024425677,2
121.011528,14.543799,-0.944100138311998,-1.9053778968227075,2.6464912838486527,-3.429526643233828,0.1173851105725383,0.3515018504319833,2
121.009139,14.563865,-0.9866728942978124,-1.7454660182321355,2.676761581887324,-2.108289989787384,1.5495710760020642,0.5970961631546824,2
121.009139,14.563865,-1.276941685110183,-1.7454660182321355,2.676761581887324,-2.108289989787384,1.5495710760020642,0.5970961631546824,2
121.00768573243,14.558790381817,-1.320921804930239,-1.9430131585798676,3.05577069472444,-2.7256241516818824,0.2177830448172199,0.6430495457542303,2
121.009139,14.563865,-1.0218569901538572,-1.7454660182321355,2.676758824800949,-2.11048586274609,1.5490027813966112,0.5972588072512984,2
121.009139,14.563865,-1.285737709074194,-1.7454660182321355,2.6767359197756835,-2.1287284996338003,1.5442815646743853,0.5986100043616464,2
121.009139,14.563865,-1.356105900786284,-1.7454660182321355,2.676631362577018,-2.212002758760108,1.5227300846368172,0.6047779689486982,2
121.0275016,14.5570169,-1.3473098768222729,-0.6008001957382056,3.298527563969288,-0.7991418696308114,-1.9916472249799495,-0.7356554761407994,0
121.0206028,14.5596699,-1.0394490380818795,-1.0491672780093344,3.4402846180387847,-1.8106381836004368,-1.7505877936039034,0.917129844471412,0
121.009139,14.563865,-1.356105900786284,-1.7454660182321355,2.676602307128302,-2.235143881478777,1.5167411337947343,0.6064919875053433,2
121.019175,14.550759,-1.0218569901538572,-1.2843153265312606,3.1971328039592923,-0.753849062849986,-2.0061944060769825,-0.7154775982154287,0
121.009139,14.563865,-0.933896750513745,-1.7454660182321355,2.676639845919709,-2.205246226579474,1.5244786834228268,0.6042775255744951,2
121.0140432,14.5622454,-1.0658371099739137,-1.4271337461765894,2.868360006917938,-1.782026814861738,0.5988541315794467,0.6525941046284348,2
121.026342,14.563933,-1.1537973496140257,-0.5706810404080511,2.502951239524001,-1.5563321192438435,0.2766080909364006,-1.289454601376324,2
121.00695,14.559528,-1.1537973496140257,-1.9658710191532165,2.6444547912355265,-2.052239243073371,1.0764231503588335,0.6538136522314778,2
121.0206028,14.5596699,-1.162593373578037,-1.0491672780093344,3.443754155062259,-1.1213859048757622,-1.5086477819861113,0.985326707668718,0
121.009139,14.563865,-1.1713893975420482,-1.7454660182321355,2.676786183581127,-2.088696046463547,1.554642012481492,0.5956448773694939,2
121.009139,14.563865,-1.092225181865947,-1.7454660182321355,2.676723618928782,-2.1385254712957185,1.5417460964346714,0.5993356472542407,2
121.0177128,14.55267288,-1.2153695173621042,-1.3579529079787571,3.658239789829042,-1.048942863340603,-1.5920050128758532,1.1774384858797586,0
121.0275016,14.5570169,-1.3297178288942502,-0.6008001957382056,3.298527563969288,-0.7991418696308114,-1.9916472249799495,-0.7356554761407994,0
121.009139,14.563865,-1.2241655413261154,-1.7454660182321355,2.676801029430836,-2.076872115147438,1.5577020603570086,0.5947691014646387,2
121.019175,14.550759,-1.2021754814160874,-1.2843153265312606,3.1969631371054743,-0.8889797064626553,-2.041166381797174,-0.7054687307313692,0
121.0218,14.55659,-1.1362053016860032,-1.0021309151579,3.690691389247496,-0.7176641699307299,-2.4159539351023627,1.043131285671912,0
121.0218,14.55659,-1.1098172297939697,-1.0021309151579,3.690691389247496,-0.7176641699307299,-2.4159539351023627,1.043131285671912,0
121.009139,14.563865,-0.9954689182618236,-1.7454660182321355,2.6767586127173817,-2.1106547760506054,1.5489590664269608,0.5972713183356534,2
121.0180597,14.55761079,-1.1537973496140257,-1.256039628732511,3.618452618115884,-1.087740640046718,-1.603115890587861,1.1194417245084,0
121.0220743,14.5635465,-1.1005814046317577,-0.8654221184132828,2.7631726612484595,-1.5203079505715344,-0.2267838566739073,0.3782842219412733,2
121.0206028,14.5596699,-1.2681456611461717,-1.0491672780093344,3.443771333831208,-1.1077039272099791,-1.5051068694444418,0.984313309835957,0
121.0220743,14.5635465,-1.241757589254138,-0.8654221184132828,2.7631911125188124,-1.5056124930786563,-0.2229806543143364,0.3771957576023818,2
121.009139,14.563865,-1.137542297328533,-1.7454660182321355,2.676684171385269,-2.1699433459356645,1.5336151120797268,0.6016627089442846,2
121.026342,14.563933,-1.285737709074194,-0.5706810404080511,2.4995139392027523,-2.219909575682111,0.0413127547054451,-1.3595531493956012,2
121.019175,14.550759,-1.3240004133176428,-1.2843153265312606,3.1970225205043104,-0.8416839811982211,-2.028926190295107,-0.7089718343507899,0
121.0217236,14.56366385,-1.2131001431793893,-0.8855472597363004,2.7750192942549985,-3.025161038312986,-0.7074947665267992,0.1034602613464364,2
121.0218503,14.56353967,-1.2131001431793893,-0.8804527834139586,2.7409965379576966,-2.1603460295966217,-0.3886477315768005,0.2775334767184318,2
121.009139,14.563865,-0.8019563910535766,-1.7454660182321355,2.676741646032,-2.1241678404118725,1.5454618688549415,0.5982722050840595,2
121.019175,14.550759,-1.3552262983898828,-1.2843153265312606,3.196941928748747,-0.905871036914239,-2.045537878762198,-0.7042176222958617,0
121.019175,14.550759,-1.1098172297939697,-1.2843153265312606,3.1970691788891106,-0.8045230542047369,-2.0193088969720545,-0.7117242729089064,0
121.0276486,14.56716783,-1.2094673852822526,-0.414608438731894,2.27605360592816,-2.539343666710032,1.0448410468863951,-1.4426340181529986,2
121.011528,14.543799,-1.034171423703473,-1.9053778968227075,2.59997487375061,-1.8977196361303328,0.697933155632659,0.5818821501814336,2
121.0117,14.56164,-1.263747649164166,-1.5956756728312618,2.911486937863045,-2.008318039397792,1.3139021529272763,0.7052074951999816,2
121.009139,14.563865,-1.0218569901538572,-1.7454660182321355,2.676723618928782,-2.1385254712957185,1.5417460964346714,0.5993356472542407,2
121.017742,14.554848,-0.9778768703338012,-1.3073624238923938,3.668998153887863,-0.8970296027186853,-1.9478051119098745,1.1137438743434611,0
121.017742,14.554848,-1.0834291579019355,-1.3073624238923938,3.668998153887863,-0.8970296027186853,-1.9478051119098745,1.1137438743434611,0
121.009139,14.563865,-1.232961565290127,-1.7454660182321355,2.6767374043606544,-2.127546106502189,1.5445875694619369,0.598522426771161,2
121.019175,14.550759,-1.3992064182099389,-1.2843153265312606,3.196941928748747,-0.905871036914239,-2.045537878762198,-0.7042176222958617,0
121.019175,14.550759,-1.3046491605968182,-1.2843153265312606,3.1970225205043104,-0.8416839811982211,-2.028926190295107,-0.7089718343507899,0
121.028062,14.56641376,-1.0706749231541195,-0.3929774006795697,2.472456216258967,-2.562464847380677,1.0895606589066196,-1.395539824191793,2
121.026342,14.563933,-1.241757589254138,-0.5706810404080511,2.5027603643134557,-1.7083540933080967,0.2372646182511853,-1.2781946254567569,2
121.026342,14.563933,-1.2131001431793893,-0.5706810404080511,2.549469982541283,-3.086281079997664,-0.3034590894575674,-1.51997252305368,2
121.017742,14.554848,-1.2611088419749623,-1.3073624238923938,3.668934528817681,-0.9477035940734362,-1.9609196028049465,1.1174971996499836,0
121.019175,14.550759,-1.3213616061284394,-1.2843153265312606,3.1970225205043104,-0.8416839811982211,-2.028926190295107,-0.7089718343507899,0
121.026342,14.563933,-1.3483126235541698,-0.5706810404080511,2.4993217914908032,-2.372945029573459,0.0017069922023283,-1.348218106969904,2
121.009139,14.563865,-1.1537973496140257,-1.7454660182321355,2.676779821074109,-2.0937634455990217,1.5533305633919847,0.596020209900146,2
121.026342,14.563933,-1.0394490380818795,-0.5706810404080511,2.5030148645941823,-1.5056581278890926,0.2897225818314724,-1.2932079266828462,2
121.026342,14.563933,-0.740384223305498,-0.5706810404080511,2.5030148645941823,-1.5056581278890926,0.2897225818314724,-1.2932079266828462,2
121.009139,14.563865,-1.320921804930239,-1.7454660182321355,2.676645784259593,-2.2005166540530308,1.5257027025730334,0.6039272152125531,2
121.009139,14.563865,-1.1362053016860032,-1.7454660182321355,2.676716196003927,-2.144437436953773,1.540216072496913,0.5997735352066683,2
121.009139,14.563865,-1.0834291579019355,-1.7454660182321355,2.676716196003927,-2.144437436953773,1.540216072496913,0.5997735352066683,2
121.017742,14.554848,-1.1537973496140257,-1.3073624238923938,3.6689133204609536,-0.96459492452502,-1.9652910997699704,1.118748308085491,0
121.00695,14.559528,-1.1362053016860032,-1.9658710191532165,2.6444675162495628,-2.042104444802421,1.079046048537848,0.6530629871701735,2
121.009139,14.563865,-1.1010212058299582,-1.7454660182321355,2.676801029430836,-2.076872115147438,1.5577020603570086,0.5947691014646387,2
121.019175,14.550759,-0.9778768703338012,-1.2843153265312606,3.1971328039592923,-0.753849062849986,-2.0061944060769825,-0.7154775982154287,0
121.019175,14.550759,-1.2415070784916429,-1.2843153265312606,3.197026762175656,-0.8383057151079043,-2.0280518909021024,-0.7092220560378915,0
121.0087,14.5583,-1.3297178288942502,-1.889435305701621,3.0449260825078155,-1.6109185694207078,0.1370125595193698,0.8675267496118162,2
121.0154434,14.54790134,-1.1098172297939697,-1.5656932879968832,2.8529369541697878,-0.4996862924462856,-0.5036615253801129,-0.5241130455355089,0
121.019175,14.550759,-1.2415070784916429,-1.2843153265312606,3.1970373663540195,-0.8298600498821125,-2.02586614241959,-0.7098476102556451,0
121.0200817,14.55112335,-1.2153695173621042,-1.216579764109006,3.125943626235852,-0.6573954729594806,-2.384486453480937,-0.84581027058912,0
121.009139,14.563865,-1.127409277721992,-1.7454660182321355,2.676716196003927,-2.144437436953773,1.540216072496913,0.5997735352066683,2
121.011528,14.543799,-1.0570410860099022,-1.9053778968227075,2.5999642695722467,-1.9061653013561248,0.695747407150147,0.5825077043991872,2
121.019175,14.550759,-1.2901357210561997,-1.2843153265312606,3.197001312147583,-0.8585753116498047,-2.033297687260131,-0.7077207259152826,0
121.019175,14.550759,-1.241757589254138,-1.2843153265312606,3.1970479705323838,-0.8214143846563207,-2.023680393937078,-0.7104731644733989,0
121.026342,14.563933,-1.241757589254138,-0.5706810404080511,2.5029472099362224,-1.5595414720296443,0.2757775065130461,-1.2892168907735777,2
121.017742,14.554848,-1.1801854215060594,-1.3073624238923938,3.668849695390772,-1.0152689158797708,-1.9784055906650424,1.1225016333920133,0
121.0111367,14.5623351,-1.1537973496140257,-1.6059383781797227,2.7461588228006284,-2.1162534096831638,1.3617872773324722,0.6825804699008755,2
121.009139,14.563865,-1.3033297570022164,-1.7454660182321355,2.676716196003927,-2.144437436953773,1.540216072496913,0.5997735352066683,2
121.0156346,14.55165525,-1.0042649422258347,-1.519197190248479,3.3851544903333,-1.269442420752773,-0.9329075178694548,1.2452303447123203,0
121.0274,14.56691,-1.0658371099739137,-0.4343172343861769,2.232336574194804,-1.8598722571370032,1.1832494118766292,-1.4020113212203815,2
121.0180597,14.55761079,-1.3297178288942502,-1.256039628732511,3.618368845106811,-1.1544613953304734,-1.6203833035997055,1.1243836028286545,0
121.0162819,14.55616316,-0.9163047025857224,-1.3953164257856652,3.592959509207038,-1.130608267595915,-1.418955408550567,1.240203178782804,0
121.017742,14.554848,-1.1098172297939697,-1.3073624238923938,3.6688284870340446,-1.0321602463313544,-1.9827770876300657,1.1237527418275208,0
121.019175,14.550759,-1.2184840135272814,-1.2843153265312606,3.1970691788891106,-0.8045230542047369,-2.0193088969720545,-0.7117242729089064,0
121.017742,14.554848,-1.285825669313834,-1.3073624238923938,3.66880006783603,-1.0547946291364765,-1.9886348935631983,1.1254292271311008,0
121.0156,14.55165,-1.0042649422258347,-1.521677792315618,3.3851544903333,-1.269442420752773,-0.9329075178694548,1.2452303447123203,0
121.009139,14.563865,-1.1889814454700705,-1.7454660182321355,2.6767327385221744,-2.131262199201537,1.5436258401296317,0.5987976706269725,2
121.0275016,14.5570169,-1.3031098564031165,-0.6008001957382056,3.2984713618239603,-0.8439038953275084,-2.0032316919372626,-0.7323400387867047,0
121.009139,14.563865,-1.3121257809662277,-1.7454660182321355,2.6766324229948544,-2.2111581922375283,1.5229486594850683,0.6047154135269227,2
121.0275016,14.5570169,-1.1098172297939697,-0.6008001957382056,3.2985063556125604,-0.816033200082395,-1.9960187219449732,-0.734404367705292,0
121.0136335,14.56225568,-1.0409443621557617,-1.4529106166676204,2.784963527370236,-1.847171012254384,0.6659525816308064,0.6975434714933535,2
121.0218503,14.56353967,-1.1098172297939697,-0.8804527834139586,2.7443812415542617,-1.5386590726782812,-0.1641937078191045,0.3507347736577677,2
121.017778,14.534456,-1.1977774694340817,-1.506454651259902,1.371419878428886,-1.826220490535295,1.2458764761287335,-1.8847274269085983,2
121.01266,14.5504085,-1.1977774694340817,-1.7449421721949678,3.0424854058382773,-1.7690581708160416,0.1027130644327793,1.113297121978837,0
121.036339,14.562949,-0.819548438981599,0.0939162412266735,2.028148134954132,-2.0161483528212463,1.7084353898085711,-1.5035093005954032,2
121.009139,14.563865,-1.1005814046317577,-1.7454660182321355,2.6766949876472,-2.1613287674053567,1.535844575531889,0.6010246436421759,2
121.0229,14.56154,-1.0834291579019355,-0.8564873832553256,3.104367447403193,-1.1890822282843403,-0.9508513749944228,0.4980556734473613,0
121.026342,14.563933,-1.2285635533081212,-0.5706810404080511,2.5028664060970915,-1.6238974410501783,0.2591221030763049,-1.284450167634294,2
121.011528,14.543799,-1.0371620718512369,-1.9053778968227075,2.600019835466872,-1.8619100155729755,0.7072007291985098,0.5792298002981578,2
121.011528,14.543799,-1.0274336693470405,-1.9053778968227075,2.599976994586283,-1.8960305030851743,0.6983703053291613,0.5817570393378827,2
121.009139,14.563865,-1.0658371099739137,-1.7454660182321355,2.676758824800949,-2.11048586274609,1.5490027813966112,0.5972588072512984,2
121.009139,14.563865,-0.9866728942978124,-1.7454660182321355,2.676684171385269,-2.1699433459356645,1.5336151120797268,0.6016627089442846,2
121.019175,14.550759,-1.2681456611461717,-1.2843153265312606,3.1970479705323838,-0.8214143846563207,-2.023680393937078,-0.7104731644733989,0
121.0275016,14.5570169,-1.1362053016860032,-0.6008001957382056,3.298400313828924,-0.9004898523403135,-2.017876206770093,-0.7281488255277548,0
121.0286021,14.56650591,-0.8899166306936889,-0.3548712803640204,2.381458238581345,-1.9679407274688416,1.104984215774939,-1.376923860985857,2
121.0123638,14.5624263,-1.1362053016860032,-1.5269857102927773,2.8149529513583054,-2.1016586350129707,1.3574078714726905,0.7540768857209643,2
121.026342,14.563933,-1.3297178288942502,-0.5706810404080511,2.50280278102691,-1.6745714324049292,0.2460076121812331,-1.2806968423277718,2
121.019175,14.550759,-1.1186132537579807,-1.2843153265312606,3.196941928748747,-0.905871036914239,-2.045537878762198,-0.7042176222958617,0
121.009139,14.563865,-1.0658371099739137,-1.7454660182321355,2.676726800182291,-2.135991771727981,1.542401820979425,0.5991479809889148,2
121.017742,14.554848,-1.182384427497062,-1.3073624238923938,3.6689027162825902,-0.973040589750812,-1.9674768482524825,1.1193738623032448,0
121.009139,14.563865,-1.0746331339379247,-1.7454660182321355,2.6767586127173817,-2.1106547760506054,1.5489590664269608,0.5972713183356534,2
121.026342,14.563933,-1.0218569901538572,-0.5706810404080511,2.502951239524001,-1.5563321192438435,0.2766080909364006,-1.289454601376324,2
121.017742,14.554848,-1.1977774694340817,-1.3073624238923938,3.6688284870340446,-1.0321602463313544,-1.9827770876300657,1.1237527418275208,0
121.009139,14.563865,-1.0658371099739137,-1.7454660182321355,2.673324917816777,-2.771360706312104,1.3144068846800592,0.5269600818823399,2
121.009139,14.563865,-1.3649019247502951,-1.7454660182321355,2.6767359197756835,-2.1287284996338003,1.5442815646743853,0.5986100043616464,2
121.017742,14.554848,-1.0218569901538572,-1.3073624238923938,3.668870903747499,-0.9983775854281872,-1.974034093700018,1.121250524956506,0
121.0271,14.55973,-1.2945337330382052,-0.5966383666928582,3.354058117205632,-1.1110233625925627,-1.2472643721159515,-0.927961550304156,0
121.026342,14.563933,-1.1098172297939697,-0.5706810404080511,2.502951239524001,-1.5563321192438435,0.2766080909364006,-1.289454601376324,2
121.026342,14.563933,-1.1977774694340817,-0.5706810404080511,2.502887614453819,-1.6070061105985949,0.2634936000413289,-1.2857012760698017,2
121.036339,14.562949,-0.626035911773352,0.0939162412266735,2.024746252588617,-2.6515172874053694,1.4804404535092055,-1.5756971997019775,2
121.009139,14.563865,-1.1537973496140257,-1.7454660182321355,2.673314313638413,-2.779806371537896,1.312221136197547,0.5275856361000935,2
121.026342,14.563933,-1.0306530141178685,-0.5706810404080511,2.5030148645941823,-1.5056581278890926,0.2897225818314724,-1.2932079266828462,2
121.017742,14.554848,-1.232961565290127,-1.3073624238923938,3.668807278677317,-1.049051576782938,-1.98714858459509,1.1250038502630282,0
121.0134492,14.54985328,-1.3736979487143064,-1.6964034687345646,2.845714487597488,-1.5265574288691903,-0.3680101648719424,-0.5345772578017831,0
121.0275016,14.5570169,-0.8019563910535766,-0.6008001957382056,3.2950408481768645,-1.502076126021269,-2.237128149139411,-0.8028389415053444,0
121.009139,14.563865,-1.127409277721992,-1.7454660182321355,2.676758824800949,-2.11048586274609,1.5490027813966112,0.5972588072512984,2
121.009139,14.563865,-1.285737709074194,-1.7454660182321355,2.676631362577018,-2.212002758760108,1.5227300846368172,0.6047779689486982,2
121.0271,14.55973,-1.0218569901538572,-0.5966383666928582,3.3541158039359305,-1.065078943764255,-1.2353739003710864,-0.9313645652487362,0
121.017742,14.554848,-0.944891780468759,-1.3073624238923938,3.668998153887863,-0.8970296027186853,-1.9478051119098745,1.1137438743434611,0
121.009139,14.563865,-1.2593496371821604,-1.7454660182321355,2.676761581887324,-2.108289989787384,1.5495710760020642,0.5970961631546824,2
121.026342,14.563933,-0.9778768703338012,-0.5706810404080511,2.5030148645941823,-1.5056581278890926,0.2897225818314724,-1.2932079266828462,2
121.0172741,14.56261596,-0.9778768703338012,-1.2070392784889517,2.8661823076694257,-1.6244033664124229,0.2408625804153079,0.7733703722476648,2
121.026342,14.563933,-1.285737709074194,-0.5706810404080511,2.499400898661396,-2.309940366989052,0.0180126758818675,-1.3528847414343466,2
121.040676,14.564421,-1.3033297570022164,0.4183936887057636,2.091376090657572,-2.431690521901236,2.620480747263944,-1.417233746873881,2
121.009139,14.563865,-1.1537973496140257,-1.7454660182321355,2.676801029430836,-2.076872115147438,1.5577020603570086,0.5947691014646387,2
121.009139,14.563865,-1.241757589254138,-1.7454660182321355,2.676651510515909,-2.195955994831103,1.52688300675359,0.6035894159349661,2
121.026342,14.563933,-1.1537973496140257,-0.5706810404080511,2.502908822810546,-1.590114780147011,0.2678650970063528,-1.286952384505309,2
121.026342,14.563933,-1.2681456611461717,-0.5706810404080511,2.5029300311672733,-1.5732234496954274,0.2722365939713767,-1.2882034929408166,2
121.026342,14.563933,-0.933896750513745,-0.5706810404080511,2.5030148645941823,-1.5056581278890926,0.2897225818314724,-1.2932079266828462,2
121.019175,14.550759,-1.3033297570022164,-1.2843153265312606,3.1970479705323838,-0.8214143846563207,-2.023680393937078,-0.7104731644733989,0
121.01128,14.56162,-1.241757589254138,-1.6227318807650797,2.84390964439738,-2.1658940902191466,1.3315571400937942,0.770541667161847,2
121.019175,14.550759,-1.1537973496140257,-1.2843153265312606,3.1970479705323838,-0.8214143846563207,-2.023680393937078,-0.7104731644733989,0
121.026342,14.563933,-1.241757589254138,-0.5706810404080511,2.5029338486714843,-1.5701830102141423,0.273023463425081,-1.288428692459208,2
121.026342,14.563933,-1.0570410860099022,-0.5706810404080511,2.5030148645941823,-1.5056581278890926,0.2897225818314724,-1.2932079266828462,2
121.009139,14.563865,-1.3297178288942502,-1.7454660182321355,2.676645784259593,-2.2005166540530308,1.5257027025730334,0.6039272152125531,2
121.009139,14.563865,-1.285737709074194,-1.7454660182321355,2.6767586127173817,-2.1106547760506054,1.5489590664269608,0.5972713183356534,2
121.026342,14.563933,-1.3165237929482334,-0.5706810404080511,2.4995069404450323,-2.225483714731133,0.0398701607069873,-1.3591402836118838,2
121.019175,14.550759,-1.2945337330382052,-1.2843153265312606,3.1936036714534146,-1.4905659801436106,-2.260418324166492,-0.7801588467089586,0
121.0103137,14.56017747,-1.0658371099739137,-1.731189582141107,2.925737723214852,-1.8342250998720824,0.7444584219802401,0.6675572517591818,2
121.026342,14.563933,-1.285737709074194,-0.5706810404080511,2.5028748894397825,-1.617140908869545,0.2608707018623145,-1.2849506110084972,2
121.0140432,14.5622454,-1.1098172297939697,-1.4271337461765894,2.8683366777255377,-1.80060727835848,0.5940454849179203,0.6539703239074931,2
121.0220743,14.5635465,-1.241757589254138,-0.8654221184132828,2.7631726612484595,-1.5203079505715344,-0.2267838566739073,0.3782842219412733,2
121.0395986,14.55759479,-1.4616581883544186,0.2374777592833708,2.0802842589845345,-2.587008182693683,2.238407223364059,0.1700261732643006,2
121.009139,14.563865,-1.2338411676865275,-1.7454660182321355,2.6767586127173817,-2.1106547760506054,1.5489590664269608,0.5972713183356534,2
121.009139,14.563865,-1.1740282047312514,-1.7454660182321355,2.676723618928782,-2.1385254712957185,1.5417460964346714,0.5993356472542407,2
121.009139,14.563865,-1.127409277721992,-1.7454660182321355,2.676712378499716,-2.147477876435058,1.5394292030432086,0.5999987347250598,2
121.026342,14.563933,-1.1230112657399864,-0.5706810404080511,2.503004260415819,-1.5141037931148846,0.2875368333489604,-1.2925823724650929,2
121.009139,14.563865,-1.1098172297939697,-1.7454660182321355,2.676758824800949,-2.11048586274609,1.5490027813966112,0.5972588072512984,2
121.0180597,14.55761079,-1.285825669313834,-1.256039628732511,3.618368845106811,-1.1544613953304734,-1.6203833035997055,1.1243836028286545,0
121.009139,14.563865,-1.0834291579019355,-1.7454660182321355,2.676758824800949,-2.11048586274609,1.5490027813966112,0.5972588072512984,2
121.0274,14.56691,-1.1801854215060594,-0.4343172343861769,2.232338695030477,-1.858183124091845,1.1836865615731316,-1.4021364320639325,2
121.0181749,14.55273729,-1.192411894816035,-1.3250062781789833,3.674977949395848,-1.736172142192736,-1.992857677095877,1.0271303502543272,0
121.0181749,14.55273729,-1.1999764754250846,-1.3250062781789833,3.674971162721696,-1.7415773679372428,-1.9942565561246848,1.0275307049536897,0
121.0099,14.55999,-1.3842524737892026,-1.7636057204670332,2.9284223715097912,-1.9524885652601016,0.6720342371645551,0.6916869253312217,2
121.009139,14.563865,-1.1977774694340817,-1.7454660182321355,2.676631362577018,-2.212002758760108,1.5227300846368172,0.6047779689486982,2
121.0206028,14.5596699,-1.1537973496140257,-1.0491672780093344,3.443754155062259,-1.1213859048757622,-1.5086477819861113,0.985326707668718,0
121.0206028,14.5596699,-0.8019563910535766,-1.0491672780093344,3.443856167258117,-1.0401386054036446,-1.487620881584346,0.9793088760939274,0
121.009139,14.563865,-1.1098172297939697,-1.7454660182321355,2.6767374043606544,-2.127546106502189,1.5445875694619369,0.598522426771161,2
121.009139,14.563865,-0.933896750513745,-1.7454660182321355,2.6766949876472,-2.1613287674053567,1.535844575531889,0.6010246436421759,2
121.0278726,14.5671852,-1.241757589254138,-0.398657094919866,2.381606697078436,-1.849701414307756,1.1355846945301065,-1.385681620034409,2
121.02245,14.558487,-1.1230112657399864,-0.9378440972778378,3.5648350558246884,-0.8323194381615262,-2.057885677728457,0.8800030678172315,0
121.017742,14.554848,-1.1537973496140257,-1.3073624238923938,3.668998153887863,-0.8970296027186853,-1.9478051119098745,1.1137438743434611,0
121.026342,14.563933,-1.2901357210561997,-0.5706810404080511,2.502951239524001,-1.5563321192438435,0.2766080909364006,-1.289454601376324,2
121.0140432,14.5622454,-1.1098172297939697,-1.4271337461765894,2.8683154693688104,-1.817498608810064,0.5896739879528963,0.6552214323430005,2
121.036339,14.562949,-0.7315881993414868,0.0939162412266735,2.028148134954132,-2.0161483528212463,1.7084353898085711,-1.5035093005954032,2
121.0206028,14.5596699,-0.8635285588016551,-1.0491672780093344,3.443856167258117,-1.0401386054036446,-1.487620881584346,0.9793088760939274,0
121.011528,14.543799,-1.0430290198352323,-1.9053778968227075,2.599989719600319,-1.885895704814224,0.7009932035081757,0.5810063742765784,2
121.019175,14.550759,-1.3297178288942502,-1.2843153265312606,3.1969631371054743,-0.8889797064626553,-2.041166381797174,-0.7054687307313692,0
121.026342,14.563933,-1.1977774694340817,-0.5706810404080511,2.502936393674292,-1.5681560505599523,0.2735480430608839,-1.2885788254714687,2
121.009139,14.563865,-1.3297178288942502,-1.7454660182321355,2.676610154220291,-2.2288940892116917,1.518358587671793,0.6060290773842055,2
121.009139,14.563865,-1.013060966189846,-1.7454660182321355,2.6767374043606544,-2.127546106502189,1.5445875694619369,0.598522426771161,2
121.0276486,14.56716783,-1.1779864155150566,-0.414608438731894,2.2760190363066948,-2.5668765353461134,1.0377155068334063,-1.4405947114031217,2
121.0275016,14.5570169,-1.1537973496140257,-0.6008001957382056,3.298400313828924,-0.9004898523403135,-2.017876206770093,-0.7281488255277548,0
121.040676,14.564421,-1.1098172297939697,0.4183936887057636,2.091376090657572,-2.431690521901236,2.620480747263944,-1.417233746873881,2
121.026342,14.563933,-1.2681456611461717,-0.5706810404080511,2.5029472099362224,-1.5595414720296443,0.2757775065130461,-1.2892168907735777,2
121.009139,14.563865,-1.0218569901538572,-1.7454660182321355,2.6766949876472,-2.1613287674053567,1.535844575531889,0.6010246436421759,2
121.009139,14.563865,-1.0834291579019355,-1.7454660182321355,2.676801029430836,-2.076872115147438,1.5577020603570086,0.5947691014646387,2
121.026342,14.563933,-1.3121257809662277,-0.5706810404080511,2.502810203951765,-1.6686594667468748,0.2475376361189915,-1.2811347302801994,2
121.0255311,14.5661818,0.6256382983054455,-0.565405318468033,2.37998397754119,-0.6185965933242961,1.1503337818303738,-1.143024338401082,2
121.0275016,14.5570169,-1.3473098768222729,-0.6008001957382056,3.2984013742467604,-0.8996452858177344,-2.0176576319218418,-0.7282113809495302,0
121.0153785,14.54579528,-1.0359570165681673,-1.5956624031051736,2.37914950869957,-1.4517633768702534,-0.2854253889615721,-1.0404475020732344,2
121.0206028,14.5596699,-0.8459365108736328,-1.0491672780093344,3.443686500404299,-1.175269249016314,-1.5225928573045375,0.9893177435779869,0
121.009139,14.563865,-1.2153695173621042,-1.7454660182321355,2.673288439443206,-2.800413794688828,1.3068879099002182,0.5291119883914126,2
121.017742,14.554848,-1.092225181865947,-1.3073624238923938,3.6688284870340446,-1.0321602463313544,-1.9827770876300657,1.1237527418275208,0
121.026342,14.563933,-1.206573493398093,-0.5706810404080511,2.5029472099362224,-1.5595414720296443,0.2757775065130461,-1.2892168907735777,2
121.018458,14.57608,-0.7139961514134645,-0.8441921841992507,1.9870881245597745,-2.72392073241775,3.2854864556636185,1.4846505714726277,2
121.019175,14.550759,-1.2505536132181492,-1.2843153265312606,3.1970225205043104,-0.8416839811982211,-2.028926190295107,-0.7089718343507899,0
121.0206028,14.5596699,-1.048245062045891,-1.0491672780093344,3.443856167258117,-1.0401386054036446,-1.487620881584346,0.9793088760939274,0
121.0271,14.55973,-1.2180382310327853,-0.5966383666928582,3.350565463073325,-1.818687191509464,-1.4939693154256193,-0.9947947053067588,0
121.0206028,14.5596699,-0.8899166306936889,-1.0491672780093344,3.443856167258117,-1.0401386054036446,-1.487620881584346,0.9793088760939274,0
121.0138922,14.54901252,-1.3009196464360775,-1.672101064694451,2.7380595899386675,-2.2751459922558794,-0.3467221956777474,-0.7257209035205375,2
121.017742,14.554848,-1.1098172297939697,-1.3073624238923938,3.668955737174408,-0.9308122636218524,-1.9565481058399223,1.116246091214476,0
121.036339,14.562949,-0.4501154324931275,0.0939162412266735,2.028190551667586,-1.982365691918079,1.717178383738619,-1.506011517466418,2
121.026342,14.563933,-1.206573493398093,-0.5706810404080511,2.502972447880728,-1.53944078879226,0.2809795879014246,-1.2907057098118313,2
121.018458,14.57608,-0.933896750513745,-0.8441921841992507,1.9870881245597745,-2.72392073241775,3.2854864556636185,1.4846505714726277,2
121.019175,14.550759,-1.192411894816035,-1.2843153265312606,3.197012976743783,-0.8492850799014338,-2.030893363929368,-0.7084088355548116,0
121.0271,14.55973,-0.933896750513745,-0.5966383666928582,3.3541158039359305,-1.065078943764255,-1.2353739003710864,-0.9313645652487362,0
121.026342,14.563933,-1.1537973496140257,-0.5706810404080511,2.5030148645941823,-1.5056581278890926,0.2897225818314724,-1.2932079266828462,2
121.0271,14.55973,-0.933896750513745,-0.5966383666928582,3.354179429006112,-1.0144049524095042,-1.2222594094760146,-0.9351178905552584,0
121.009139,14.563865,-1.1098172297939697,-1.7454660182321355,2.6766949876472,-2.1613287674053567,1.535844575531889,0.6010246436421759,2
121.009139,14.563865,-1.3824939726783176,-1.7454660182321355,2.676631362577018,-2.212002758760108,1.5227300846368172,0.6047779689486982,2
121.026342,14.563933,-1.241757589254138,-0.5706810404080511,2.5029300311672733,-1.5732234496954274,0.2722365939713767,-1.2882034929408166,2
121.017742,14.554848,-1.1713893975420482,-1.3073624238923938,3.668870903747499,-0.9983775854281872,-1.974034093700018,1.121250524956506,0
121.026342,14.563933,-1.2945337330382052,-0.5706810404080511,2.5028095677010627,-1.6691662066604225,0.2474064912100408,-1.2810971970271343,2
121.009139,14.563865,-1.1098172297939697,-1.7454660182321355,2.6767327385221744,-2.131262199201537,1.5436258401296317,0.5987976706269725,2
121.026342,14.563933,-1.3297178288942502,-0.5706810404080511,2.5028842211167426,-1.609708723470848,0.2627941605269251,-1.2855010987201203,2
121.0138566,14.55195503,-1.3297178288942502,-1.6360417975663222,3.398090948270955,-1.5076863874562647,-0.5728579591480909,1.3626511891723654,0
121.025,14.55792,-0.933896750513745,-0.7650438897005075,3.445402760317497,-0.5393178443634096,-2.6491481425390124,-0.6529240135404678,0
121.026342,14.563933,-1.241757589254138,-0.5706810404080511,2.5028842211167426,-1.609708723470848,0.2627941605269251,-1.2855010987201203,2
121.0206028,14.5596699,-1.2681456611461717,-1.0491672780093344,3.443792542187935,-1.0908125967583957,-1.500735372479418,0.9830622014004496,0
121.0275016,14.5570169,-1.2437366946460404,-0.6008001957382056,3.298566799429233,-0.7678929082953817,-1.9835599555946557,-0.7379700267464883,0
121.0180597,14.55761079,-1.232961565290127,-1.256039628732511,3.6183677846889752,-1.1553059618530526,-1.6206018784479568,1.1244461582504297,0
121.0271,14.55973,-1.2681456611461717,-0.5966383666928582,3.354009762152294,-1.1495355960221734,-1.257231385196206,-0.925109023071199,0
121.009139,14.563865,-1.2945337330382052,-1.7454660182321355,2.6732718969249585,-2.813589032441063,1.3034781422674997,0.5300878529711084,2
121.0135893,14.5515877,-1.241757589254138,-1.6614121676033686,3.3314877907733025,-1.5308271678183334,-0.4349414209546602,1.2948408364709936,0
121.009139,14.563865,-1.241757589254138,-1.7454660182321355,2.676641966755382,-2.203557093534316,1.524915833119329,0.6041524147309444,2
121.01236,14.5625481,-1.1977774694340817,-1.5229007949301017,2.8149578292803525,-2.0977736290091062,1.358413315774646,0.7537891307807976,2
121.0192,14.56041,-1.1186132537579807,-1.1318994318779123,3.3792878873149768,-1.196145583581245,-1.248341428719843,0.9243927445966073,0
121.0362038,14.5634274,1.353069480129174,0.0925381158010506,1.924175858518742,-1.4430811759914215,2.034292876040888,-1.2160240465476695,2
121.017742,14.554848,-0.9778768703338012,-1.3073624238923938,3.668955737174408,-0.9308122636218524,-1.9565481058399223,1.116246091214476,0
121.017742,14.554848,-0.8899166306936889,-1.3073624238923938,3.668998153887863,-0.8970296027186853,-1.9478051119098745,1.1137438743434611,0
121.0278726,14.5671852,-1.1713893975420482,-0.398657094919866,2.381606697078436,-1.849701414307756,1.1355846945301065,-1.385681620034409,2
121.009139,14.563865,-1.1889814454700705,-1.7454660182321355,2.676723618928782,-2.1385254712957185,1.5417460964346714,0.5993356472542407,2
121.026342,14.563933,-1.3121257809662277,-0.5706810404080511,2.502972447880728,-1.53944078879226,0.2809795879014246,-1.2907057098118313,2
121.0275016,14.5570169,-1.4176780685343624,-0.6008001957382056,3.298527563969288,-0.7991418696308114,-1.9916472249799495,-0.7356554761407994,0
121.036339,14.562949,-0.7579762712335204,0.0939162412266735,2.0281269265974045,-2.03303968327283,1.7040638928435472,-1.502258192159896,2
121.026342,14.563933,-1.3297178288942502,-0.5706810404080511,2.5029472099362224,-1.5595414720296443,0.2757775065130461,-1.2892168907735777,2
121.026342,14.563933,-1.0658371099739137,-0.5706810404080511,2.502951239524001,-1.5563321192438435,0.2766080909364006,-1.289454601376324,2
121.026342,14.563933,-1.1977774694340817,-0.5706810404080511,2.5030148645941823,-1.5056581278890926,0.2897225818314724,-1.2932079266828462,2
121.009139,14.563865,-1.3033297570022164,-1.7454660182321355,2.676639845919709,-2.205246226579474,1.5244786834228268,0.6042775255744951,2
121.0151995,14.5625431,-1.1098172297939697,-1.3436695200909905,2.924993910000896,-1.78522052162717,0.671671327993487,0.7871147388128081,2
121.0140432,14.5622454,-0.9778768703338012,-1.4271337461765894,2.868379094438992,-1.7668246174553126,0.6027884788479682,0.6514681070364782,2
121.011528,14.543799,-1.0469256584512892,-1.9053778968227075,2.599953665393883,-1.9146109665819164,0.6935616586676351,0.583133258616941,2
121.0271,14.55973,-1.0394490380818795,-0.5966383666928582,3.354179429006112,-1.0144049524095042,-1.2222594094760146,-0.9351178905552584,0
121.019175,14.550759,-1.1977774694340817,-1.2843153265312606,3.1970479705323838,-0.8214143846563207,-2.023680393937078,-0.7104731644733989,0
121.019175,14.550759,-1.241757589254138,-1.2843153265312606,3.1970373663540195,-0.8298600498821125,-2.02586614241959,-0.7098476102556451,0
121.0278726,14.5671852,-1.1098172297939697,-0.398657094919866,2.381606697078436,-1.849701414307756,1.1355846945301065,-1.385681620034409,2
121.026342,14.563933,-1.2153695173621042,-0.5706810404080511,2.5030148645941823,-1.5056581278890926,0.2897225818314724,-1.2932079266828462,2
121.017742,14.554848,-0.9778768703338012,-1.3073624238923938,3.668934528817681,-0.9477035940734362,-1.9609196028049465,1.1174971996499836,0
121.019175,14.550759,-1.3297178288942502,-1.2843153265312606,3.1970479705323838,-0.8214143846563207,-2.023680393937078,-0.7104731644733989,0
121.019175,14.550759,-1.3297178288942502,-1.2843153265312606,3.1969648337740124,-0.8876284000265288,-2.040816662039972,-0.7055688194062097,0
121.009139,14.563865,-1.241757589254138,-1.7454660182321355,2.676658933440764,-2.1900440291730487,1.5284130306913484,0.6031515279825385,2
121.026342,14.563933,-1.1098172297939697,-0.5706810404080511,2.499502910857254,-2.2286930675169345,0.0390395762836327,-1.3589025730091375,2
121.018458,14.57608,-1.0218569901538572,-0.8441921841992507,1.9836438254808055,-3.393072327905041,3.0487485254342053,1.414964889237067,2
121.009139,14.563865,-1.1318072897039977,-1.7454660182321355,2.6732931052816857,-2.7966977019894794,1.3078496392325234,0.528836744535601,2
121.017742,14.554848,-0.9778768703338012,-1.3073624238923938,3.665553854808894,-1.5661811982059752,-2.1845430421392886,1.0440581921079015,0
121.026342,14.563933,-1.0218569901538572,-0.5706810404080511,2.5030148645941823,-1.5056581278890926,0.2897225818314724,-1.2932079266828462,2
121.0206028,14.5596699,-0.8547325348376439,-1.0491672780093344,3.443856167258117,-1.0401386054036446,-1.487620881584346,0.9793088760939274,0
121.0156346,14.55165525,-1.0658371099739137,-1.519197190248479,3.3851544903333,-1.269442420752773,-0.9329075178694548,1.2452303447123203,0
121.0206028,14.5596699,-0.9163047025857224,-1.0491672780093344,3.443856167258117,-1.0401386054036446,-1.487620881584346,0.9793088760939274,0
121.0220743,14.5635465,-1.241757589254138,-0.8654221184132828,2.763232256730863,-1.4728433120025843,-0.2144999502021901,0.3747686072374975,2
121.009139,14.563865,-1.1362053016860032,-1.7454660182321355,2.6767586127173817,-2.1106547760506054,1.5489590664269608,0.5972713183356534,2
121.0206028,14.5596699,-1.0306530141178685,-1.0491672780093344,3.443856167258117,-1.0401386054036446,-1.487620881584346,0.9793088760939274,0
121.026342,14.563933,-1.3072703757380937,-0.5706810404080511,2.502876374024753,-1.615958515737934,0.2611767066498662,-1.2850381885989828,2
121.009139,14.563865,-0.8899166306936889,-1.7454660182321355,2.676758824800949,-2.11048586274609,1.5490027813966112,0.5972588072512984,2
121.026342,14.563933,-1.1098172297939697,-0.5706810404080511,2.502902460303528,-1.595182179282486,0.2665536479168456,-1.2865770519746569,2
121.026342,14.563933,-1.276941685110183,-0.5706810404080511,2.502908822810546,-1.590114780147011,0.2678650970063528,-1.286952384505309,2
121.040676,14.564421,-1.1977774694340817,0.4183936887057636,2.091376090657572,-2.431690521901236,2.620480747263944,-1.417233746873881,2
121.036339,14.562949,-0.8459365108736328,0.0939162412266735,2.028148134954132,-2.0161483528212463,1.7084353898085711,-1.5035093005954032,2
121.019175,14.550759,-1.3297178288942502,-1.2843153265312606,3.196941928748747,-0.905871036914239,-2.045537878762198,-0.7042176222958617,0
121.026342,14.563933,-1.2505536132181492,-0.5706810404080511,2.502876374024753,-1.615958515737934,0.2611767066498662,-1.2850381885989828,2
121.017742,14.554848,-0.9163047025857224,-1.3073624238923938,3.6689631600992634,-0.9249002979637984,-1.955018081902164,1.1158082032620484,0
121.009139,14.563865,-1.0658371099739137,-1.7454660182321355,2.6767327385221744,-2.131262199201537,1.5436258401296317,0.5987976706269725,2
121.0283829,14.5657429,-1.1098172297939697,-0.3895673065497822,2.53090226999014,-1.8192609749366084,1.0931657735416125,-1.3708532489710452,2
121.009139,14.563865,-0.9665273606130376,-1.7454660182321355,2.6732072114369405,-2.8651075903183933,1.2901450765241764,0.5339037336994061,2
121.02187561074,14.564608055763,-1.3121257809662277,-0.849326653923468,2.727003347872162,-1.68184474222295,0.1794042611266611,0.3231676089067454,2
121.009139,14.563865,-0.9163047025857224,-1.7454660182321355,2.6767410097812983,-2.12467458032542,1.545330723945991,0.5983097383371246,2
121.0274,14.56691,-1.1362053016860032,-0.4343172343861769,2.2323662658942225,-1.8362243945047865,1.1893695076276627,-1.4037628730300922,2
121.017742,14.554848,-1.013060966189846,-1.3073624238923938,3.668998153887863,-0.8970296027186853,-1.9478051119098745,1.1137438743434611,0
121.017742,14.554848,-1.0042649422258347,-1.3073624238923938,3.668998153887863,-0.8970296027186853,-1.9478051119098745,1.1137438743434611,0
121.009139,14.563865,-1.1098172297939697,-1.7454660182321355,2.676801029430836,-2.076872115147438,1.5577020603570086,0.5947691014646387,2
121.026342,14.563933,-1.2461556012361434,-0.5706810404080511,2.5028842211167426,-1.609708723470848,0.2627941605269251,-1.2855010987201203,2
121.0206028,14.5596699,-1.1537973496140257,-1.0491672780093344,3.4437501254744807,-1.124595257661563,-1.509478366409466,0.9855644182714646,0
121.009139,14.563865,-1.285737709074194,-1.7454660182321355,2.676801029430836,-2.076872115147438,1.5577020603570086,0.5947691014646387,2
121.019175,14.550759,-1.0658371099739137,-1.2843153265312606,3.1971328039592923,-0.753849062849986,-2.0061944060769825,-0.7154775982154287,0
121.0172741,14.56261596,-0.9910709062798178,-1.2070392784889517,2.8661823076694257,-1.6244033664124229,0.2408625804153079,0.7733703722476648,2
121.026342,14.563933,-1.1977774694340817,-0.5706810404080511,2.502951239524001,-1.5563321192438435,0.2766080909364006,-1.289454601376324,2
121.009139,14.563865,-1.3297178288942502,-1.7454660182321355,2.676652570933745,-2.195111428308524,1.5271015816018412,0.6035268605131906,2
121.026342,14.563933,-1.1098172297939697,-0.5706810404080511,2.5029472099362224,-1.5595414720296443,0.2757775065130461,-1.2892168907735777,2
121.036339,14.562949,-0.8459365108736328,0.0939162412266735,2.028169343310859,-1.9992570223696624,1.712806886773595,-1.5047604090309106,2
121.017742,14.554848,-0.9866728942978124,-1.3073624238923938,3.668955737174408,-0.9308122636218524,-1.9565481058399223,1.116246091214476,0
121.040676,14.564421,-1.1977774694340817,0.4183936887057636,2.0913972990142997,-2.4147991914496525,2.6248522442289675,-1.4184848553093885,2
121.026342,14.563933,-1.1098172297939697,-0.5706810404080511,2.5030148645941823,-1.5056581278890926,0.2897225818314724,-1.2932079266828462,2
121.017742,14.554848,-1.0218569901538572,-1.3073624238923938,3.668934528817681,-0.9477035940734362,-1.9609196028049465,1.1174971996499836,0
121.017742,14.554848,-1.1186132537579807,-1.3073624238923938,3.668934528817681,-0.9477035940734362,-1.9609196028049465,1.1174971996499836,0
121.009139,14.563865,-1.1977774694340817,-1.7454660182321355,2.676723618928782,-2.1385254712957185,1.5417460964346714,0.5993356472542407,2
121.026342,14.563933,-1.1977774694340817,-0.5706810404080511,2.5029472099362224,-1.5595414720296443,0.2757775065130461,-1.2892168907735777,2
121.0231455,14.56151588,-1.0658371099739137,-0.8402208041006761,3.069546878895359,-1.282225668433057,-0.8820955832085146,0.4625073935784325,0
121.040676,14.564421,-1.3121257809662277,0.4183936887057636,2.091376090657572,-2.431690521901236,2.620480747263944,-1.417233746873881,2
121.026342,14.563933,-1.0218569901538572,-0.5706810404080511,2.502908822810546,-1.590114780147011,0.2678650970063528,-1.286952384505309,2
121.026342,14.563933,-1.2681456611461717,-0.5706810404080511,2.502823989383637,-1.6576801019533456,0.2503791091462571,-1.2819479507632794,2
121.009139,14.563865,-1.1537973496140257,-1.7454660182321355,2.676639845919709,-2.205246226579474,1.5244786834228268,0.6042775255744951,2
121.009139,14.563865,-1.0218569901538572,-1.7454660182321355,2.676779821074109,-2.0937634455990217,1.5533305633919847,0.596020209900146,2
121.0136335,14.56225568,-1.0658371099739137,-1.4529106166676204,2.7850316061953304,-1.7929498415048002,0.6799850868885333,0.6935274134153746,2
121.0172741,14.56261596,-1.0834291579019355,-1.2070392784889517,2.8661823076694257,-1.6244033664124229,0.2408625804153079,0.7733703722476648,2
121.0156346,14.55165525,-0.9514887984417676,-1.519197190248479,3.3851544903333,-1.269442420752773,-0.9329075178694548,1.2452303447123203,0
121.026342,14.563933,-1.0658371099739137,-0.5706810404080511,2.502993656237455,-1.5225494583406762,0.2853510848664485,-1.2919568182473389,2
121.0117,14.56164,-1.3736979487143064,-1.5956756728312618,2.9112960626525,-2.1603400134620454,1.2745586802420614,0.7164674711195484,2
121.026342,14.563933,-1.162593373578037,-0.5706810404080511,2.502846258158201,-1.6399442049791828,0.2549691809595322,-1.2832616146205622,2
121.009139,14.563865,-1.0394490380818795,-1.7454660182321355,2.6767586127173817,-2.1106547760506054,1.5489590664269608,0.5972713183356534,2
121.009139,14.563865,-1.241757589254138,-1.7454660182321355,2.676610154220291,-2.2288940892116917,1.518358587671793,0.6060290773842055,2
121.0136335,14.56225568,-1.1098172297939697,-1.4529106166676204,2.785006156167257,-1.8132194380467008,0.6747392905305046,0.6950287435379836,2
121.017742,14.554848,-1.3297178288942502,-1.3073624238923938,3.668860299569136,-1.0068232506539792,-1.9762198421825303,1.1218760791742597,0
121.026342,14.563933,-1.241757589254138,-0.5706810404080511,2.502887614453819,-1.6070061105985949,0.2634936000413289,-1.2857012760698017,2
121.019175,14.550759,-1.3649019247502951,-1.2843153265312606,3.196941928748747,-0.905871036914239,-2.045537878762198,-0.7042176222958617,0
121.00982,14.55893,-1.3121257809662277,-1.7988562246528863,3.118162432430278,-1.724130833219815,0.2413043713902652,0.9005476401494662,2
121.0362038,14.5634274,-0.7139961514134645,0.0925381158010506,2.0281269265974045,-2.03303968327283,1.7040638928435472,-1.502258192159896,2
121.0183,14.56166,-1.241757589254138,-1.1647150168148916,3.1550167224191714,-1.5199517005912575,-0.3314141609351214,0.96482286554904,0
121.019175,14.550759,-1.2409659470973768,-1.2843153265312606,3.1970479705323838,-0.8214143846563207,-2.023680393937078,-0.7104731644733989,0
121.009139,14.563865,-1.435270116462385,-1.7454660182321355,2.676631362577018,-2.212002758760108,1.5227300846368172,0.6047779689486982,2
121.0200817,14.55112335,-1.1946372888789298,-1.216579764109006,3.1259648345925792,-0.640504142507897,-2.380114956515913,-0.8470613790246273,0
121.0154434,14.54790134,-1.048245062045891,-1.5656932879968832,2.9029888592807254,-1.28970898312068,-0.8286742032612172,-0.690187429322081,0
121.0183093,14.5422286,-1.2415070784916429,-1.4820351937382084,1.7304408620220213,-1.710295110055987,0.7186919050956568,-1.4953071078511817,2
121.0275016,14.5570169,-0.9163047025857224,-0.6008001957382056,3.298400313828924,-0.9004898523403135,-2.017876206770093,-0.7281488255277548,0
121.0183093,14.5422286,-1.2184840135272814,-1.4820351937382084,1.7304832787354758,-1.6765124491528192,0.7274348990257047,-1.4978093247221966,2
121.009139,14.563865,-1.0740073012308973,-1.7454660182321355,2.6767586127173817,-2.1106547760506054,1.5489590664269608,0.5972713183356534,2
121.01236,14.5625481,-0.9861231428000616,-1.5229007949301017,2.81496037428316,-2.095746669354916,1.358937895410449,0.7536389977685367,2
121.0183093,14.5422286,-1.2846211417922024,-1.4820351937382084,1.7304832787354758,-1.6765124491528192,0.7274348990257047,-1.4978093247221966,2
121.0183093,14.5422286,-1.2758471078881013,-1.4820351937382084,1.7304832787354758,-1.6765124491528192,0.7274348990257047,-1.4978093247221966,2
121.026342,14.563933,-1.2626041660488443,-0.5706810404080511,2.549469982541283,-3.086281079997664,-0.3034590894575674,-1.51997252305368,2
121.026342,14.563933,-1.342032262443866,-0.5706810404080511,2.5493255536319706,-3.201311040372948,-0.3332289837893804,-1.5114524746078744,2
121.009139,14.563865,-1.3388656938168215,-1.7454660182321355,2.723155195599915,-3.737897800205548,0.9437120635144548,0.3739597812468204,2
121.026342,14.563933,-1.1450013256500144,-0.5706810404080511,2.502876374024753,-1.615958515737934,0.2611767066498662,-1.2850381885989828,2
121.009139,14.563865,-1.1977774694340817,-1.7454660182321355,2.6766737792904727,-2.1782200978569404,1.531473078566865,0.6022757520776832,2
121.036339,14.562949,-0.7579762712335204,0.0939162412266735,2.028190551667586,-1.982365691918079,1.717178383738619,-1.506011517466418,2
121.01338374483,14.557352366746,-1.1711385349385943,-1.586327968863767,3.3996024506887417,-1.44817243596286,-0.6495524415225626,1.2473729915853058,0
121.009139,14.563865,-0.9845618485464496,-1.7454660182321355,2.676684171385269,-2.1699433459356645,1.5336151120797268,0.6016627089442846,2
121.009139,14.563865,-1.022912513029539,-1.7454660182321355,2.6766339075798253,-2.209975799105917,1.52325466427262,0.6046278359364373,2
121.0153785,14.54579528,-0.941422848517952,-1.5956624031051736,2.379153750370916,-1.4483851107799366,-0.2845510895685674,-1.040697723760336,2
121.011528,14.543799,-1.0281021671683053,-1.9053778968227075,2.600019835466872,-1.8619100155729755,0.7072007291985098,0.5792298002981578,2
121.01337890305,14.55715976454,-1.1711385349385943,-1.5892958747337904,3.3996024506887417,-1.44817243596286,-0.6495524415225626,1.2473729915853058,0
121.011528,14.543799,-1.048266788225082,-1.9053778968227075,2.6000321363137737,-1.852113043911057,0.7097361974382237,0.5785041574055635,2
121.0387062,14.56610681,-0.4940955523131836,0.3147849959102716,2.17485528279651,-2.300670135747414,2.570431135376177,-1.4670624366372786,2
121.01236,14.5625481,-1.0218569901538572,-1.5229007949301017,2.81496037428316,-2.095746669354916,1.358937895410449,0.7536389977685367,2
121.009139,14.563865,-0.8899166306936889,-1.7454660182321355,2.6767374043606544,-2.127546106502189,1.5445875694619369,0.598522426771161,2
121.017742,14.554848,-1.2866173114705952,-1.3073624238923938,3.6688284870340446,-1.0321602463313544,-1.9827770876300657,1.1237527418275208,0
121.019175,14.550759,-1.40008602060634,-1.2843153265312606,3.1970479705323838,-0.8214143846563207,-2.023680393937078,-0.7104731644733989,0
121.018458,14.57608,-0.7947860482385939,-0.8441921841992507,1.9836438254808055,-3.393072327905041,3.0487485254342053,1.414964889237067,2
121.0153785,14.54579528,-0.9778768703338012,-1.5956624031051736,2.379143146192552,-1.4568307760057284,-0.2867368380510793,-1.040072169542582,2
121.011528,14.543799,-1.092225181865947,-1.9053778968227075,2.599990355851021,-1.8853889649006768,0.7011243484171265,0.5809688410235131,2
121.011528,14.543799,-1.162593373578037,-1.9053778968227075,2.5999080674269197,-1.9509273270528211,0.6841629401928336,0.5858231417532819,2
121.0275016,14.5570169,-1.0618788991901082,-0.6008001957382056,3.2984859955901022,-0.8322488773159158,-2.0002153590313965,-0.7332033036072049,0
121.009139,14.563865,-1.033467741786352,-1.7454660182321355,2.6767280726836944,-2.134978291900886,1.5426641107973265,0.5990729144827841,2
121.0276486,14.56716783,-0.933896750513745,-0.414608438731894,2.279526960455845,-1.8470509485040725,1.2875679279578915,-1.374662354474084,2
121.009139,14.563865,-1.017283057692571,-1.7454660182321355,2.676716196003927,-2.144437436953773,1.540216072496913,0.5997735352066683,2
121.009139,14.563865,-1.0447266524602865,-1.7454660182321355,2.676684171385269,-2.1699433459356645,1.5336151120797268,0.6016627089442846,2
121.019175,14.550759,-1.1514989485522296,-1.2843153265312606,3.1970479705323838,-0.8214143846563207,-2.023680393937078,-0.7104731644733989,0
121.011528,14.543799,-1.0570410860099022,-1.9053778968227075,2.600019835466872,-1.8619100155729755,0.7072007291985098,0.5792298002981578,2
121.01527869222,14.563912501365,-1.0658371099739137,-1.3094009549402148,2.7104720089441083,-1.8865477382345373,0.7475532990730378,0.5971423560264854,2
121.0271,14.55973,-0.9778768703338012,-0.5966383666928582,3.354179429006112,-1.0144049524095042,-1.2222594094760146,-0.9351178905552584,0
121.026342,14.563933,-1.285737709074194,-0.5706810404080511,2.4994305903608143,-2.286292504356835,0.0241327716329011,-1.354636293244057,2
121.0156346,14.55165525,-1.320921804930239,-1.519197190248479,3.3851544903333,-1.269442420752773,-0.9329075178694548,1.2452303447123203,0
121.019175,14.550759,-1.1977774694340817,-1.2843153265312606,3.1971328039592923,-0.753849062849986,-2.0061944060769825,-0.7154775982154287,0
121.019175,14.550759,1.353069480129174,-1.2843153265312606,3.152497575102957,2.276218955308979,-1.0378945802192394,-0.5960706166954889,0
121.019175,14.550759,1.4410297197692865,-1.2843153265312606,3.155772207328108,2.8102399071836004,-0.8361286257100174,-0.5163760669758695,0
121.036339,14.562949,1.3090893603091178,0.0939162412266735,1.986745121609493,1.5141579563091725,2.8697581762454885,-1.301905552484829,2
121.0206028,14.5596699,1.8808309179698477,-1.0491672780093344,3.3989240214076,1.7534507864331488,-0.5805220132369382,1.1162313757109712,0
121.036339,14.562949,1.2651092404890616,0.0939162412266735,1.983279614173797,0.8281150303702981,2.628648749051051,-1.3703401262848816,2
121.017742,14.554848,0.9924324976047136,-1.3073624238923938,3.5744170617042257,3.0075177583725927,-0.6326351233459075,1.3929696974724362,0
121.036339,14.562949,1.4410297197692865,0.0939162412266735,1.983279614173797,0.8281150303702981,2.628648749051051,-1.3703401262848816,2
121.0206028,14.5596699,-0.3181750730329591,-1.0491672780093344,3.3991573133316,1.9392554214005693,-0.532435546621675,1.1024691829203894,0
121.0292710999,14.566647108,1.933607061753915,-0.3069072049673038,2.3333150855758595,0.3423017038480814,1.8234316205081968,-1.3234492363949544,2
121.036339,14.562949,2.408592355810522,0.0939162412266735,1.9869784135334925,1.699962591276592,2.9178446428607514,-1.3156677452754109,2
121.019175,14.550759,1.5289899594093983,-1.2843153265312606,3.152306699892412,2.1241969812447263,-1.0772380529044547,-0.5848106407759219,0
121.017742,14.554848,-0.0542943541126223,-1.3073624238923938,3.6243417166748,2.1161470849886963,-0.9838767830171556,1.2344019642989086,0
121.019175,14.550759,1.5289899594093983,-1.2843153265312606,3.1525187834596844,2.2931102857605627,-1.0335230832542155,-0.5973217251309964,0
121.0275016,14.5570169,0.7373478026483884,-0.6008001957382056,3.2538075016860435,2.163360826721819,-1.0408333869823023,-0.6112440608788299,0
121.036339,14.562949,1.4410297197692865,0.0939162412266735,2.0299932619894028,-0.546602603533468,2.088755625765653,-1.6123557344845507,2
121.03877,14.56358,2.3206321161704087,0.2725388362199279,2.1901476022995623,0.8551090460316279,3.149863079046116,-1.24255342338123,2
121.0206028,14.5596699,0.3415267242678829,-1.0491672780093344,3.4024319455567507,2.47327637327519,-0.3306695921124528,1.1821637326400087,0
121.026342,14.563933,0.3855068440879393,-0.5706810404080511,2.458400844094575,1.541301220721456,1.2623939046542396,-1.175052053598414,2
121.0405152,14.5625861,0.3855068440879393,0.3786397962324079,2.0655814920231896,1.481370734897664,3.929697591060721,-1.0660611088880343,2
121.017742,14.554848,2.364612235990465,-1.3073624238923938,3.624384133388255,2.149929745891864,-0.9751337890871076,1.2318997474278937,0
121.026342,14.563933,0.2095863648077144,-0.5706810404080511,2.4615887341407108,2.0062366310491004,1.4462804365765136,-1.090240470377569,2
121.036339,14.562949,1.6169501990495108,0.0939162412266735,1.9835553228112512,1.0477023262408858,2.685478209596362,-1.3866045359464785,2
121.017742,14.554848,-0.0542943541126223,-1.3073624238923938,3.62770118232686,2.717733358669652,-0.7646248406478379,1.309092080276498,0
121.040676,14.564421,0.3855068440879393,0.4183936887057636,2.0002605059096306,2.158899765128916,4.176760163022348,-1.0695733499448532,2
121.04259,14.52861,0.8253080422885003,0.3072856287863592,1.7008169493966827,0.6734617960807419,2.870813463738371,0.1574603473709957,2
121.019175,14.550759,1.7928706783297352,-1.2843153265312606,3.1523491166058664,2.1579796421478936,-1.0684950589744069,-0.5873128576469367,0
121.009139,14.563865,2.3206321161704087,-1.7454660182321355,2.6321870089312283,0.9700872334631104,2.5303733831797754,0.7129249745490709,2
121.026342,14.563933,0.2095863648077144,-0.5706810404080511,2.458146343813848,1.338605255302452,1.2099359410739523,-1.1600387523723246,2
121.018458,14.57608,0.5614273233681636,-0.8441921841992507,1.8923373655223192,1.0454959850608574,4.565684468507396,1.7738852620856616,2
121.0218,14.55659,1.353069480129174,-1.0021309151579,3.6457804517537062,2.092816552357648,-1.5044835697899304,1.1788026768534483,0
121.018458,14.57608,1.7928706783297352,-0.8441921841992507,1.8959937481685605,1.883560885063984,4.846137368387048,1.8310598599661472,2
121.036339,14.562949,1.96879115760996,0.0939162412266735,1.9835765311679785,1.0645936566924696,2.689849706561386,-1.3878556443819856,2
121.019175,14.550759,1.6169501990495108,-1.2843153265312606,3.1525187834596844,2.2931102857605627,-1.0335230832542155,-0.5973217251309964,0
121.02885,14.56584,1.074502542249096,-0.3560174420704102,2.4611384651207677,1.7469795424804762,2.095448589579507,-1.1713010145071765,2
121.026342,14.563933,1.1771490008489494,-0.5706810404080511,2.4615270178226343,1.957082859434992,1.433559380408294,-1.0865997448302422,2
121.019175,14.550759,2.5845128350907456,-1.2843153265312606,3.152412741676048,2.2086536335026445,-1.0553805680793351,-0.5910661829534591,0
121.0183,14.56166,-0.4940955523131836,-1.1647150168148916,3.063935283125561,3.097833628465944,1.2319033649369715,1.3104689778969,0
121.026342,14.563933,1.1771490008489494,-0.5706810404080511,2.458082718743666,1.2879312639477007,1.1968214501788808,-1.1562854270658025,2
121.036339,14.562949,1.6169501990495108,0.0939162412266735,1.9801110237322823,0.3785507307535953,2.448740279366949,-1.456290218182038,2
121.0218,14.55659,-0.3621551928530154,-1.0021309151579,3.596110297063859,3.186883191160548,-1.1007839465383955,1.3223571088008867,0
121.017742,14.554848,-0.0542943541126223,-1.3073624238923938,3.6241084247508,1.930342450021276,-1.0319632496324187,1.2481641570894904,0
121.019175,14.550759,1.1771490008489494,-1.2843153265312606,3.152200658108776,2.039740328986808,-1.0990955377295744,-0.5785550985983847,0
121.036339,14.562949,2.3206321161704087,0.0939162412266735,1.9801110237322823,0.3785507307535953,2.448740279366949,-1.456290218182038,2
121.0206028,14.5596699,1.353069480129174,-1.0491672780093344,3.3989240214076,1.7534507864331488,-0.5805220132369382,1.1162313757109712,0
121.017742,14.554848,0.6054074431882197,-1.3073624238923938,3.5743110199205894,2.9230611061146745,-0.6544926081710274,1.3992252396499731,0
121.019175,14.550759,2.5845128350907456,-1.2843153265312606,3.1455241435181107,0.8703504425280637,-1.528856428538162,-0.7304375474245787,0
121.036339,14.562949,2.3206321161704087,0.0939162412266735,1.9835553228112512,1.0477023262408858,2.685478209596362,-1.3866045359464785,2
121.0206028,14.5596699,0.2095863648077144,-1.0491672780093344,3.398987646477782,1.8041247777879,-0.5674075223418664,1.112478050404449,0
121.026342,14.563933,1.4410297197692865,-0.5706810404080511,2.4601229936340587,1.8758770184651008,1.3807628697689462,-1.140209212480634,2
121.0206028,14.5596699,-0.1422545937527345,-1.0491672780093344,3.3990300631912365,1.8379074386910672,-0.5586645284118186,1.109975833533434,0
121.019175,14.550759,1.7049104386896237,-1.2843153265312606,3.152306699892412,2.1241969812447263,-1.0772380529044547,-0.5848106407759219,0
121.036339,14.562949,1.2651092404890616,0.0939162412266735,1.983300822530524,0.8450063608218817,2.6330202460160748,-1.371591234720389,2
121.0206028,14.5596699,-0.0542943541126223,-1.0491672780093344,3.3990300631912365,1.8379074386910672,-0.5586645284118186,1.109975833533434,0
121.019175,14.550759,2.032562331349041,-1.2843153265312606,3.1454181017344744,0.7858937902701454,-1.550713913363282,-0.7241820052470415,0
121.026342,14.563933,-0.0367023061845998,-0.5706810404080511,2.458252385597484,1.42306190756037,1.231793425899072,-1.1662942945498618,2
121.0206028,14.5596699,-0.0367023061845998,-1.0491672780093344,3.3990936882614182,1.888581430045818,-0.5455500375167468,1.1062225082269117,0
121.019175,14.550759,1.4410297197692865,-1.2843153265312606,3.152391533319321,2.191762303051061,-1.059752065044359,-0.5898150745179517,0
121.019175,14.550759,2.232671788570056,-1.2843153265312606,3.15247636674623,2.2593276248573955,-1.0422660771842631,-0.5948195082599814,0
121.026342,14.563933,0.5614273233681636,-0.5706810404080511,2.4084337724105453,2.398889233202185,1.6048925703954393,-1.0139821035538712,2
121.02779,14.56685,0.5614273233681636,-0.4072605480568472,2.3339402825183853,1.848079959545865,2.498243738630024,-1.0628424204975395,2
121.019175,14.550759,1.1771490008489494,-1.2843153265312606,3.145333268307565,0.7183284684638107,-1.5681999012233776,-0.7191775715050116,0
121.019175,14.550759,1.353069480129174,-1.2843153265312606,3.1525187834596844,2.2931102857605627,-1.0335230832542155,-0.5973217251309964,0
121.015284,14.5611155,0.3415267242678829,-1.3793173573956807,3.3154040309031942,1.1794325747952592,1.015253243567641,1.1122688162191174,0
121.0206028,14.5596699,-0.0542943541126223,-1.0491672780093344,3.402389528843296,2.439493712372023,-0.3394125860425007,1.1846659495110237,0
121.040676,14.564421,0.3855068440879393,0.4183936887057636,1.9968162068306623,1.4897481696416253,3.940022232792935,-1.1392590321804132,2
121.013837,14.54767291,-0.4149313366370826,-1.6798518734317704,2.6771555177392607,0.6141156383943558,0.4382044036978255,-0.8336785666105715,2
121.0227,14.56144,0.3415267242678829,-0.8721656074966874,3.1651077957513265,2.389247606397145,0.0716026689097811,0.684886830691088,0
121.0206028,14.5596699,0.3415267242678829,-1.0491672780093344,3.3989240214076,1.7534507864331488,-0.5805220132369382,1.1162313757109712,0
121.0206028,14.5596699,0.1216261251676022,-1.0491672780093344,3.4024319455567507,2.47327637327519,-0.3306695921124528,1.1821637326400087,0
121.02885,14.56584,0.6405915390442646,-0.3560174420704102,2.4576941660417986,1.077827946993186,1.8587106593500944,-1.2409866967427363,2
121.026342,14.563933,1.1771490008489494,-0.5706810404080511,2.458400844094575,1.541301220721456,1.2623939046542396,-1.175052053598414,2
121.02177,14.55822,0.0336658855274902,-0.98872437218601,3.407753337611977,2.1225179838240007,-1.0158712570865631,1.03339951187744,0
121.0275016,14.5570169,-0.0542943541126223,-0.6008001957382056,3.253786293329316,2.1464694962702358,-1.0452048839473262,-0.6099929524433224,0
121.018458,14.57608,0.2095863648077144,-0.8441921841992507,1.895760456244561,1.697756250096564,4.798050901771784,1.8448220527567287,2
121.019175,14.550759,1.5289899594093983,-1.2843153265312606,3.1454181017344744,0.7858937902701454,-1.550713913363282,-0.7241820052470415,0
121.026342,14.563933,-0.1422545937527345,-0.5706810404080511,2.45980486828315,1.622507061691346,1.3151904152935874,-1.1214425859480224,2
121.0183,14.56166,-0.4061353126730714,-1.1647150168148916,3.05703374787002,1.749226725915897,0.7557608913294801,1.17186078957144,0
121.036339,14.562949,2.3206321161704087,0.0939162412266735,1.983534114454524,1.030810995789302,2.681106712631338,-1.385353427510971,2
121.036339,14.562949,2.5845128350907456,0.0939162412266735,1.983534114454524,1.030810995789302,2.681106712631338,-1.385353427510971,2
121.0206028,14.5596699,1.1331688810288931,-1.0491672780093344,3.3920354232496632,0.4151475954585681,-1.0539978736957651,0.9768600112398516,0
121.008422,14.568496,-0.4940955523131836,-1.7265668809570835,1.7245764250055484,1.5460688769700957,4.0877829268559,-1.181259811987096,2
121.019175,14.550759,2.5845128350907456,-1.2843153265312606,3.1558570407550164,2.877805228989935,-0.8186426378499218,-0.5213805007178993,0
121.017742,14.554848,1.8808309179698477,-1.3073624238923938,3.6243417166748,2.1161470849886963,-0.9838767830171556,1.2344019642989086,0
121.036339,14.562949,1.4410297197692865,0.0939162412266735,1.983300822530524,0.8450063608218817,2.6330202460160748,-1.371591234720389,2
121.036339,14.562949,2.4965525954506336,0.0939162412266735,1.983534114454524,1.030810995789302,2.681106712631338,-1.385353427510971,2
121.017742,14.554848,-0.0542943541126223,-1.3073624238923938,3.624256883247891,2.0485817631823617,-1.001362770877251,1.2394063980409384,0
121.019175,14.550759,1.7928706783297352,-1.2843153265312606,3.152306699892412,2.1241969812447263,-1.0772380529044547,-0.5848106407759219,0
121.0297,14.54133,-0.4940955523131836,-0.6898114450505053,1.052184600286706,1.3989183814534356,1.986434797808346,-1.868209299583176,2
121.026342,14.563933,-0.0542943541126223,-0.5706810404080511,2.458231177240757,1.4061705771087865,1.2274219289340482,-1.1650431861143544,2
121.026342,14.563933,0.4404819938630092,-0.5706810404080511,2.4615270178226343,1.957082859434992,1.433559380408294,-1.0865997448302422,2
121.0183,14.56166,-0.0542943541126223,-1.1647150168148916,3.110169409995564,1.3412030130518704,0.5931706952723825,1.0967409314240542,0
121.0206028,14.5596699,-0.0542943541126223,-1.0491672780093344,3.3989240214076,1.7534507864331488,-0.5805220132369382,1.1162313757109712,0
121.019175,14.550759,2.3206321161704087,-1.2843153265312606,3.1455241435181107,0.8703504425280637,-1.528856428538162,-0.7304375474245787,0
121.040676,14.564421,0.7813279224684442,0.4183936887057636,1.9968162068306623,1.4897481696416253,3.940022232792935,-1.1392590321804132,2
121.019175,14.550759,1.353069480129174,-1.2843153265312606,3.152412741676048,2.2086536335026445,-1.0553805680793351,-0.5910661829534591,0
121.026342,14.563933,-0.1862347135727908,-0.5706810404080511,2.4616330596062705,2.04153951169291,1.4554168652334136,-1.0928552870077797,2
121.036339,14.562949,1.5289899594093983,0.0939162412266735,1.983364447600706,0.8956803521766327,2.6461347369111468,-1.3753445600269112,2
121.03672,14.56292,2.4965525954506336,0.1198474223397462,1.8938029872284128,0.9362479996256168,3.0017927569612697,-1.3812823666377692,2
121.019175,14.550759,2.0567513972500717,-1.2843153265312606,3.152455158389502,2.242436294405812,-1.0466375741492873,-0.593568399824474,0
121.0275016,14.5570169,2.9363537936511945,-0.6008001957382056,3.253934751826407,2.264708809431321,-1.0146044051921588,-0.6187507114918745,0
121.036339,14.562949,1.1771490008489494,0.0939162412266735,1.983300822530524,0.8450063608218817,2.6330202460160748,-1.371591234720389,2
121.019175,14.550759,0.6054074431882197,-1.2843153265312606,3.202379813360077,1.351065621021916,-1.3978792338205352,-0.7521361329980014,0
121.036339,14.562949,2.495672993054232,0.0939162412266735,1.983534114454524,1.030810995789302,2.681106712631338,-1.385353427510971,2
121.019175,14.550759,1.0012285215687249,-1.2843153265312606,3.1525187834596844,2.2931102857605627,-1.0335230832542155,-0.5973217251309964,0
121.0297,14.54133,0.8253080422885003,-0.6898114450505053,1.0521421835732514,1.365135720550268,1.9776918038782985,-1.865707082712161,2
121.026342,14.563933,0.2113455696005167,-0.5706810404080511,2.458082718743666,1.2879312639477007,1.1968214501788808,-1.1562854270658025,2
121.036339,14.562949,2.055871794853671,0.0939162412266735,1.9835765311679785,1.0645936566924696,2.689849706561386,-1.3878556443819856,2
121.036339,14.562949,1.5377859833734098,0.0939162412266735,1.983279614173797,0.8281150303702981,2.628648749051051,-1.3703401262848816,2
121.036339,14.562949,2.4965525074903936,0.0939162412266735,1.936990133492736,2.540659273305738,3.255971811636928,-1.153346686795361,2
121.019175,14.550759,1.863238870041825,-1.2843153265312606,3.1525187834596844,2.2931102857605627,-1.0335230832542155,-0.5973217251309964,0
121.036339,14.562949,2.4965525954506336,0.0939162412266735,1.9835553228112512,1.0477023262408858,2.685478209596362,-1.3866045359464785,2
121.019175,14.550759,2.0567513972500717,-1.2843153265312606,3.145566560231565,0.904133103431231,-1.5201134346081142,-0.7329397642955935,0
121.0206028,14.5596699,0.1216261251676022,-1.0491672780093344,3.398987646477782,1.8041247777879,-0.5674075223418664,1.112478050404449,0
121.0297,14.54133,0.5614273233681636,-0.6898114450505053,1.102045630187099,0.4568737167147881,1.6220786472420266,-2.0230237074501813,2
121.017742,14.554848,0.2095863648077144,-1.3073624238923938,3.624256883247891,2.0485817631823617,-1.001362770877251,1.2394063980409384,0
121.0133421,14.55711,0.6054074431882197,-1.592521687775933,3.308443600893077,3.107959536946061,0.8978091204271931,1.597585649722768,0
121.0291201,14.5631364,-0.8899166306936889,-0.3996261171770932,2.3879243849106246,2.8096924853842715,2.011213524913023,-1.10799714929683,2
121.0206028,14.5596699,-0.3621551928530154,-1.0491672780093344,3.3990300631912365,1.8379074386910672,-0.5586645284118186,1.109975833533434,0
121.026342,14.563933,-0.0542943541126223,-0.5706810404080511,2.458400844094575,1.541301220721456,1.2623939046542396,-1.175052053598414,2
121.017742,14.554848,0.6054074431882197,-1.3073624238923938,3.577755318999558,3.592212701601965,-0.4177546779416138,1.4689109218855336,0
121.0275016,14.5570169,0.3415267242678829,-0.6008001957382056,3.25714385022927,2.7465355502105493,-0.8263463763048607,-0.5351902367065372,0
121.0244,14.56137,0.4558750358000291,-0.7571949009517548,2.9721986649080314,1.7529474390702575,-0.1847736899110647,-0.9481105891680304,0
121.036339,14.562949,1.8808309179698477,0.0939162412266735,1.9835129060977967,1.0139196653377185,2.676735215666314,-1.384102319075463,2
121.026342,14.563933,-0.3181750730329591,-0.5706810404080511,2.4581887605273023,1.3723879162056192,1.2186789350040004,-1.1625409692433395,2
121.036339,14.562949,1.7049104386896237,0.0939162412266735,1.983279614173797,0.8281150303702981,2.628648749051051,-1.3703401262848816,2
121.026342,14.563933,0.077646005347546,-0.5706810404080511,2.458082718743666,1.2879312639477007,1.1968214501788808,-1.1562854270658025,2
121.018458,14.57608,0.5614273233681636,-0.8441921841992507,1.885427559007655,-0.3096985363653068,4.087837111083544,1.635765006050049,2
121.0206028,14.5596699,-0.2917870011409256,-1.0491672780093344,3.3989452297643274,1.7703421168847326,-0.5761505162719143,1.1149802672754638,0
121.036339,14.562949,2.672473074730858,0.0939162412266735,1.983534114454524,1.030810995789302,2.681106712631338,-1.385353427510971,2
121.026342,14.563933,0.077646005347546,-0.5706810404080511,2.4511941205857286,-0.0503719270268798,0.7233455897200536,-1.295656791536922,2
121.036339,14.562949,2.3206321161704087,0.0939162412266735,1.976666724653314,-0.2906008647336947,2.212002349137536,-1.525975900417598,2
121.036339,14.562949,1.2211291206690056,0.0939162412266735,1.983364447600706,0.8956803521766327,2.6461347369111468,-1.3753445600269112,2
121.036339,14.562949,1.4410297197692865,0.0939162412266735,1.9834916977410693,0.9970283348861348,2.6723637187012903,-1.382851210639956,2
121.036339,14.562949,2.408592355810522,0.0939162412266735,1.9835553228112512,1.0477023262408858,2.685478209596362,-1.3866045359464785,2
121.0206028,14.5596699,-0.0542943541126223,-1.0491672780093344,3.398987646477782,1.8041247777879,-0.5674075223418664,1.112478050404449,0
121.0206028,14.5596699,0.1216261251676022,-1.0491672780093344,3.3921626733900268,0.51649557816807,-1.0277688919056216,0.9693533606268072,0
121.0275016,14.5570169,1.0012285215687249,-0.6008001957382056,3.2536590431889527,2.045121513560733,-1.0714338657374698,-0.6024863018302778,0
121.02088,14.55639,0.9132682819286126,-1.0685814800355955,3.723746964257927,1.5545526864811985,-1.521642373339076,1.1578511951260395,0
121.0189432,14.55992139,0.2535664846277706,-1.159004975064114,3.3679150878573987,3.4474710150786656,0.1940513300475794,1.3358183597273912,0
121.019175,14.550759,0.8165120183244892,-1.2843153265312606,3.152497575102957,2.276218955308979,-1.0378945802192394,-0.5960706166954889,0
121.036339,14.562949,1.238721168597028,0.0939162412266735,1.9868087466796744,1.5648319476639232,2.88287266714056,-1.3056588777913514,2
121.026342,14.563933,-0.4061353126730714,-0.5706810404080511,2.408221688843273,2.2299759286863488,1.5611776007451998,-1.0014710191987968,2
121.019175,14.550759,0.9132682819286126,-1.2843153265312606,3.1523491166058664,2.1579796421478936,-1.0684950589744069,-0.5873128576469367,0
121.019175,14.550759,1.2211291206690056,-1.2843153265312606,3.1525187834596844,2.2931102857605627,-1.0335230832542155,-0.5973217251309964,0
121.0212595,14.56047197,0.1656062449876583,-0.9896534404812624,3.305602218280441,1.9298087614329076,-0.6514115065124539,0.9233844838131088,0
121.0387062,14.56610681,2.2766519963503526,0.3147849959102716,2.130220053940175,0.7293978824115509,3.53873096123392,-1.3476554551173388,2
121.019175,14.550759,1.8808309179698477,-1.2843153265312606,3.1525187834596844,2.2931102857605627,-1.0335230832542155,-0.5973217251309964,0
121.0387062,14.56610681,2.2326718765302966,0.3147849959102716,2.130220053940175,0.7293978824115509,3.53873096123392,-1.3476554551173388,2
121.01971940521,14.551198398053,1.4410297197692865,-1.2410934394368518,3.1284987836405573,2.385493853832416,-1.3118681115419315,-0.6990543223228822,0
121.026342,14.563933,0.3415267242678829,-0.5706810404080511,2.4615270178226343,1.957082859434992,1.433559380408294,-1.0865997448302422,2
121.0275016,14.5570169,1.4410297197692865,-0.6008001957382056,3.2538711267562253,2.2140348180765703,-1.0277188960872303,-0.6149973861853523,0
121.036339,14.562949,2.672473074730858,0.0939162412266735,1.9835553228112512,1.0477023262408858,2.685478209596362,-1.3866045359464785,2
121.036339,14.562949,2.5405327152706896,0.0939162412266735,1.9835553228112512,1.0477023262408858,2.685478209596362,-1.3866045359464785,2
121.0275016,14.5570169,2.3980371270537075,-0.6008001957382056,3.25391354346968,2.2478174789797376,-1.0189759021571827,-0.6174996030563671,0
121.03877,14.56358,1.0891887612088376,0.2725388362199279,2.189871893662108,0.6355217501610404,3.0930336185008045,-1.2262890137196334,2
121.0376942,14.56510718,0.9572484017486688,0.2257011942027453,2.14019494515796,0.8987289333339199,3.101969068888551,-1.2894530068256105,2
121.0271,14.55973,1.4410297197692865,-0.5966383666928582,3.30265560199184,0.67735987477488,-0.7274354440770984,-0.9550822735064384,0
121.026342,14.563933,-0.1862347135727908,-0.5706810404080511,2.4581887605273023,1.3723879162056192,1.2186789350040004,-1.1625409692433395,2
121.026342,14.563933,-0.0982744739326784,-0.5706810404080511,2.458231177240757,1.4061705771087865,1.2274219289340482,-1.1650431861143544,2
121.019175,14.550759,1.5289899594093983,-1.2843153265312606,3.155772207328108,2.8102399071836004,-0.8361286257100174,-0.5163760669758695,0
121.036339,14.562949,1.0012285215687249,0.0939162412266735,2.0299932619894028,-0.546602603533468,2.088755625765653,-1.6123557344845507,2
121.0218,14.55659,2.0567513972500717,-1.0021309151579,3.6457804517537062,2.092816552357648,-1.5044835697899304,1.1788026768534483,0
121.026342,14.563933,-0.0542943541126223,-0.5706810404080511,2.45980486828315,1.622507061691346,1.3151904152935874,-1.1214425859480224,2
121.0206028,14.5596699,-0.0542943541126223,-1.0491672780093344,3.399072479904691,1.8716900995942345,-0.5499215344817707,1.107473616662419,0
121.0206028,14.5596699,0.3415267242678829,-1.0491672780093344,3.398987646477782,1.8041247777879,-0.5674075223418664,1.112478050404449,0
121.026342,14.563933,-0.1422545937527345,-0.5706810404080511,2.458082718743666,1.2879312639477007,1.1968214501788808,-1.1562854270658025,2
121.019175,14.550759,0.4932581376470765,-1.2843153265312606,3.152327908249139,2.14108831169631,-1.0728665559394308,-0.5860617492114293,0
121.0297,14.54133,0.5614273233681636,-0.6898114450505053,1.0987073728917665,-0.1278212265145838,1.4071982018377327,-2.098964931863278,2
121.02088,14.55639,0.6493875630082758,-1.0685814800355955,3.7271276382667136,2.1730302906137373,-1.2980189340047346,1.2312902026681218,0
121.0133421,14.55711,0.6054074431882197,-1.592521687775933,3.3049993018141084,2.438807941458771,0.6610711901977795,1.5278999674872085,0
121.0297,14.54133,0.8253080422885003,-0.6898114450505053,1.0520785585030696,1.3144617291955172,1.9645773129832265,-1.8619537574056388,2
121.0297,14.54133,0.6933676828283319,-0.6898114450505053,1.102045630187099,0.4568737167147881,1.6220786472420266,-2.0230237074501813,2
121.017742,14.554848,1.5281103570129972,-1.3073624238923938,3.624172049820982,1.9810164413760267,-1.018848758737347,1.244410831782968,0
121.017742,14.554848,-0.0542943541126223,-1.3073624238923938,3.617219826592864,0.5920392590466951,-1.5054391100912454,1.1087927926183707,0
121.036339,14.562949,1.7049104386896237,0.0939162412266735,1.976666724653314,-0.2906008647336947,2.212002349137536,-1.525975900417598,2
121.0206028,14.5596699,-0.1422545937527345,-1.0491672780093344,3.3989240214076,1.7534507864331488,-0.5805220132369382,1.1162313757109712,0
121.02645,14.56194,-0.0542943541126223,-0.6057549471135474,2.605211922289149,1.3465116523345615,1.0259363333361653,-1.146594404906344,2
121.019175,14.550759,0.6054074431882197,-1.2843153265312606,3.198956722637836,0.6988053559862089,-1.6302456670849246,-0.8230729236690687,0
121.026342,14.563933,1.1771490008489494,-0.5706810404080511,2.4581039271003933,1.3048225943992846,1.201192947143905,-1.1575365355013096,2
121.0297,14.54133,0.6933676828283319,-0.6898114450505053,1.0986225394648574,-0.1953865483209184,1.389712213977637,-2.0939604981212483,2
121.0297,14.54133,1.0012285215687249,-0.6898114450505053,1.048697884494283,0.6959841250629775,1.7409538736488848,-1.935392764947721,2
121.0297,14.54133,1.0891887612088376,-0.6898114450505053,1.052184600286706,1.3989183814534356,1.986434797808346,-1.868209299583176,2
121.0297,14.54133,0.9132682819286126,-0.6898114450505053,1.0519937250761606,1.2468964073891824,1.9470913251231308,-1.856949323663609,2
121.0297,14.54133,0.7373478026483884,-0.6898114450505053,1.0520785585030696,1.3144617291955172,1.9645773129832265,-1.8619537574056388,2
121.0297,14.54133,0.9132682819286126,-0.6898114450505053,1.052099766859797,1.3313530596471008,1.9689488099482504,-1.8632048658411464,2
121.0297,14.54133,0.2975466044478267,-0.6898114450505053,1.0986225394648574,-0.1953865483209184,1.389712213977637,-2.0939604981212483,2
121.019175,14.550759,0.3415267242678829,-1.2843153265312606,3.198956722637836,0.6988053559862089,-1.6302456670849246,-0.8230729236690687,0
121.0297,14.54133,0.8253080422885003,-0.6898114450505053,1.052099766859797,1.3313530596471008,1.9689488099482504,-1.8632048658411464,2
121.036339,14.562949,2.0567513972500717,0.0939162412266735,1.9835765311679785,1.0645936566924696,2.689849706561386,-1.3878556443819856,2
121.025261,14.559285,-0.1510506177167458,-0.7310219630574752,3.1683374372976063,2.8533615767989704,-0.7734829873203671,-0.7708289779893392,0
121.0200817,14.55112335,1.7049104386896237,-1.216579764109006,3.0813508140929717,2.406455206102652,-1.407443633693146,-0.7289055059401949,0
121.019175,14.550759,1.872034894005836,-1.2843153265312606,3.152327908249139,2.14108831169631,-1.0728665559394308,-0.5860617492114293,0
121.019175,14.550759,1.5281103570129972,-1.2843153265312606,3.15247636674623,2.2593276248573955,-1.0422660771842631,-0.5948195082599814,0
121.036339,14.562949,2.408592355810522,0.0939162412266735,1.98699962189022,1.7168539217281755,2.9222161398257755,-1.3169188537109184,2
121.026342,14.563933,-0.0542943541126223,-0.5706810404080511,2.458082718743666,1.2879312639477007,1.1968214501788808,-1.1562854270658025,2
121.0183,14.56166,-0.1422545937527345,-1.1647150168148916,3.110169409995564,1.3412030130518704,0.5931706952723825,1.0967409314240542,0
121.026342,14.563933,-0.1422545937527345,-0.5706810404080511,2.454659628021425,0.6356709989119942,0.964455016914491,-1.2272222177368697,2
121.019175,14.550759,2.2326718765302966,-1.2843153265312606,3.15247636674623,2.2593276248573955,-1.0422660771842631,-0.5948195082599814,0
121.017742,14.554848,-0.1422545937527345,-1.3073624238923938,3.624172049820982,1.9810164413760267,-1.018848758737347,1.244410831782968,0
121.0297,14.54133,1.1771490008489494,-0.6898114450505053,1.0556288993656744,2.068069976940726,2.22317272803776,-1.7985236173476162,2
121.019175,14.550759,0.8253080422885003,-1.2843153265312606,3.1523491166058664,2.1579796421478936,-1.0684950589744069,-0.5873128576469367,0
121.0297,14.54133,0.6054074431882197,-0.6898114450505053,1.0987073728917665,-0.1278212265145838,1.4071982018377327,-2.098964931863278,2
121.0297,14.54133,1.0012285215687249,-0.6898114450505053,1.0519937250761606,1.2468964073891824,1.9470913251231308,-1.856949323663609,2
121.0297,14.54133,0.4294869639079951,-0.6898114450505053,1.0986225394648574,-0.1953865483209184,1.389712213977637,-2.0939604981212483,2
121.017742,14.554848,0.5878153952601972,-1.3073624238923938,3.624256883247891,2.0485817631823617,-1.001362770877251,1.2394063980409384,0
121.036339,14.562949,2.5405327152706896,0.0939162412266735,1.976666724653314,-0.2906008647336947,2.212002349137536,-1.525975900417598,2
121.036339,14.562949,1.0012285215687249,0.0939162412266735,1.983279614173797,0.8281150303702981,2.628648749051051,-1.3703401262848816,2
121.019175,14.550759,1.924811037789904,-1.2843153265312606,3.152306699892412,2.1241969812447263,-1.0772380529044547,-0.5848106407759219,0
121.0297,14.54133,0.6493875630082758,-0.6898114450505053,1.0521633919299789,1.3820270510018515,1.9820633008433224,-1.8669581911476685,2
121.0297,14.54133,0.8692881621085565,-0.6898114450505053,1.0519937250761606,1.2468964073891824,1.9470913251231308,-1.856949323663609,2
121.0297,14.54133,0.6933676828283319,-0.6898114450505053,1.0521633919299789,1.3820270510018515,1.9820633008433224,-1.8669581911476685,2
121.0297,14.54133,0.8692881621085565,-0.6898114450505053,1.0521421835732514,1.365135720550268,1.9776918038782985,-1.865707082712161,2
121.0297,14.54133,0.5614273233681636,-0.6898114450505053,1.0986225394648574,-0.1953865483209184,1.389712213977637,-2.0939604981212483,2
121.0218,14.55659,1.4366317077872806,-1.0021309151579,3.692345641072222,0.5998596052927956,-2.074977171830496,0.9455448277023316,0
121.0275016,14.5570169,2.4965525954506336,-0.6008001957382056,3.2538923351129525,2.230926148528154,-1.0233473991222066,-0.6162484946208596,0
121.017742,14.554848,0.0248698615634787,-1.3073624238923938,3.6241084247508,1.930342450021276,-1.0319632496324187,1.2481641570894904,0
121.0244,14.56137,0.2095863648077144,-0.7571949009517548,2.975664172343728,2.438990365009132,0.0563357372833727,-0.8796760153679779,0
121.019175,14.550759,1.1771490008489494,-1.2843153265312606,3.152221866465503,2.056631659438392,-1.0947240407645504,-0.5798062070338921,0
121.036339,14.562949,2.672473074730858,0.0939162412266735,2.030078095416312,-0.4790372817271333,2.1062416136257487,-1.6173601682265804,2
121.018458,14.57608,0.5614273233681636,-0.8441921841992507,1.895760456244561,1.697756250096564,4.798050901771784,1.8448220527567287,2
121.019175,14.550759,1.4410297197692865,-1.2843153265312606,3.1522854915356846,2.1073056507931427,-1.0816095498694789,-0.5835595323404145,0
121.036339,14.562949,2.3206321161704087,0.0939162412266735,1.98699962189022,1.7168539217281755,2.9222161398257755,-1.3169188537109184,2
121.0362038,14.5634274,0.7813279224684442,0.0925381158010506,1.983279614173797,0.8281150303702981,2.628648749051051,-1.3703401262848816,2
121.0236,14.55759,1.7928706783297352,-0.8668087301144938,3.6973498047624633,2.192491615588616,-1.511601417060319,1.1042185648706524,0
121.0218,14.55659,2.012771277430016,-1.0021309151579,3.645865285180616,2.160381874163982,-1.4869975819298349,1.173798243111419,0
121.036339,14.562949,2.3980371270537075,0.0939162412266735,1.983534114454524,1.030810995789302,2.681106712631338,-1.385353427510971,2
121.0384946,14.5643958,0.6493875630082758,0.2674668529979783,2.2341727589022238,0.6034362720196927,3.2275476587156207,-1.2109840130583736,2
121.01606,14.5746045,0.1656062449876583,-1.045317862528503,1.962196845137553,1.7294367209668164,4.860639106031985,0.4766329062333314,2
121.036339,14.562949,2.0567513972500717,0.0939162412266735,1.9835553228112512,1.0477023262408858,2.685478209596362,-1.3866045359464785,2
121.036339,14.562949,0.8692881621085565,0.0939162412266735,1.983279614173797,0.8281150303702981,2.628648749051051,-1.3703401262848816,2
121.0354191,14.56314854,0.8165120183244892,0.0335823406833561,1.9612356760635752,1.5645945565572672,2.672653987175869,-1.289661104862583,2
121.026342,14.563933,1.2651092404890616,-0.5706810404080511,2.458400844094575,1.541301220721456,1.2623939046542396,-1.175052053598414,2
121.019175,14.550759,-0.0542943541126223,-1.2843153265312606,3.152391533319321,2.191762303051061,-1.059752065044359,-0.5898150745179517,0
121.036339,14.562949,1.1771490008489494,0.0939162412266735,1.97639101601586,-0.5101881606042825,2.155172888592224,-1.5097114907560012,2
121.0274,14.56691,0.7373478026483884,-0.4343172343861769,2.187764970408651,1.2208697523767125,2.164663728629444,-1.286357665006964,2
121.026342,14.563933,-0.1422545937527345,-0.5706810404080511,2.4581887605273023,1.3723879162056192,1.2186789350040004,-1.1625409692433395,2
121.0275016,14.5570169,0.5614273233681636,-0.6008001957382056,3.253637834832225,2.0282301831091494,-1.0758053627024935,-0.6012351933947704,0
121.0384946,14.5643958,0.6493875630082758,0.2674668529979783,2.2378079331917373,1.424609841571236,3.503629061630249,-1.1525583067423808,2
121.036339,14.562949,2.5845128350907456,0.0939162412266735,1.9835553228112512,1.0477023262408858,2.685478209596362,-1.3866045359464785,2
121.026342,14.563933,-0.0542943541126223,-0.5706810404080511,2.4513425790828194,0.0678673861342058,0.753946068475221,-1.304414550585474,2
121.0218,14.55659,1.8368507981497917,-1.0021309151579,3.64263306966892,1.6601435831925286,-1.680020542509009,1.0916014765207844,0
121.026342,14.563933,1.353069480129174,-0.5706810404080511,2.458400844094575,1.541301220721456,1.2623939046542396,-1.175052053598414,2
121.0384946,14.5643958,0.9572484017486688,0.2674668529979783,2.234151550545496,0.5865449415681091,3.223176161750597,-1.2097329046228662,2
121.017742,14.554848,0.2975466044478267,-1.3073624238923938,3.577755318999558,3.592212701601965,-0.4177546779416138,1.4689109218855336,0
121.025,14.55792,1.7049104386896237,-0.7650438897005075,3.400746323104435,2.4738588433439714,-1.6852198136462937,-0.5322659235850206,0
121.0206028,14.5596699,1.0012285215687249,-1.0491672780093344,3.3989240214076,1.7534507864331488,-0.5805220132369382,1.1162313757109712,0
121.018458,14.57608,0.7373478026483884,-0.8441921841992507,1.885427559007655,-0.3096985363653068,4.087837111083544,1.635765006050049,2
121.036339,14.562949,2.2766519963503526,0.0939162412266735,1.9835553228112512,1.0477023262408858,2.685478209596362,-1.3866045359464785,2
121.036339,14.562949,1.8808309179698477,0.0939162412266735,1.9835553228112512,1.0477023262408858,2.685478209596362,-1.3866045359464785,2
121.036339,14.562949,0.8253080422885003,0.0939162412266735,1.9867239132527652,1.4972666258575886,2.8653866792804643,-1.3006544440493215,2
121.0212595,14.56047197,-0.3181750730329591,-0.9896534404812624,3.3055598015669867,1.89602610052974,-0.660154500442502,0.9258867006841236,0
121.019175,14.550759,1.7928706783297352,-1.2843153265312606,3.15247636674623,2.2593276248573955,-1.0422660771842631,-0.5948195082599814,0
121.019175,14.550759,1.5289899594093983,-1.2843153265312606,3.1522642831789573,2.090414320341559,-1.0859810468345026,-0.582308423904907,0
121.017742,14.554848,-0.274194953212903,-1.3073624238923938,3.624320508318073,2.0992557545371127,-0.9882482799821796,1.235653072734416,0
121.019175,14.550759,1.0012285215687249,-1.2843153265312606,3.1523491166058664,2.1579796421478936,-1.0684950589744069,-0.5873128576469367,0
121.036339,14.562949,1.2651092404890616,0.0939162412266735,1.983364447600706,0.8956803521766327,2.6461347369111468,-1.3753445600269112,2
121.036339,14.562949,2.496454783664153,0.0939162412266735,1.9835129060977967,1.0139196653377185,2.676735215666314,-1.384102319075463,2
121.018458,14.57608,0.7373478026483884,-0.8441921841992507,1.892316157165592,1.0286046546092735,4.561312971542372,1.775136370521169,2
121.02821,14.56729,0.2095863648077144,-0.37394642670482,2.4303877100940205,-0.5700303218060508,1.567765482988163,-1.4521657859511694,2
121.0387062,14.56610681,2.3206321161704087,0.3147849959102716,2.130220053940175,0.7293978824115509,3.53873096123392,-1.3476554551173388,2
121.0371989,14.5662972,1.7049104386896237,0.2162471341147809,2.005490270723648,0.9097165982413704,3.079308337324353,-1.420051562018808,2
121.036339,14.562949,1.0452086413887811,0.0939162412266735,1.9867239132527652,1.4972666258575886,2.8653866792804643,-1.3006544440493215,2
121.017742,14.554848,2.328857278179156,-1.3073624238923938,3.627955682607587,2.9204293240886563,-0.7121668770675504,1.2940787790504087,0
121.0203370999,14.5741842246,1.669726342833578,-0.7856514213030283,1.1685071145354846,2.1174347263498032,2.98366613056265,-1.6402399671094945,2
121.0206028,14.5596699,2.0567513972500717,-1.0491672780093344,3.3528890410072667,3.668690994787592,0.0992590129292257,1.3182115139744024,0
121.018458,14.57608,1.7749179934191883,-0.8441921841992507,1.8926766992299555,1.3157572722861954,4.6356284199477775,1.753867527117542,2
121.0206028,14.5596699,-0.0718864020406447,-1.0491672780093344,3.402792487621114,2.7604289909521125,-0.256354143707046,1.1608948892363822,0
121.017742,14.554848,2.3206321161704087,-1.3073624238923938,3.627955682607587,2.9204293240886563,-0.7121668770675504,1.2940787790504087,0
121.0183,14.56166,0.6054074431882197,-1.1647150168148916,3.0607775089459777,2.656883907379548,1.0542243587050315,1.2238808206976348,0
121.036339,14.562949,2.1886917567102406,0.0939162412266735,1.9835977395247055,1.0814849871440533,2.69422120352641,-1.3891067528174932,2
121.017742,14.554848,0.4532362286108254,-1.3073624238923938,3.5711106169439844,2.448159810820596,-0.8409583233026657,1.3151518104060778,0
121.0206028,14.5596699,-0.0982744739326784,-1.0491672780093344,3.399326980185418,2.074386065013239,-0.4974635709014836,1.09246031543633,0
121.040676,14.564421,2.3206321161704087,0.4183936887057636,2.046910528655055,0.7335081398703981,3.6237525488418783,-1.3078356328380003,2
121.019175,14.550759,1.2651092404890616,-1.2843153265312606,3.1527732837404114,2.495806251179567,-0.9810651196739284,-0.6123350263570856,0
121.036339,14.562949,2.9363537936511945,0.0939162412266735,1.937329467200372,2.810920560531076,3.3259157630773104,-1.17336442176348,2
121.017742,14.554848,1.903606374859622,-1.3073624238923938,3.627955682607587,2.9204293240886563,-0.7121668770675504,1.2940787790504087,0
121.018458,14.57608,1.501989332408511,-0.8441921841992507,1.896120998308924,1.9849088677734863,4.872366350177192,1.8235532093531024,2
121.0218,14.55659,2.144711636890184,-1.0021309151579,3.646183410531525,2.413751830937737,-1.4214251274544758,1.155031616578807,0
121.017742,14.554848,1.8808309179698477,-1.3073624238923938,3.624490175171891,2.234386398149782,-0.9532763042619878,1.2256442052503564,0
121.017742,14.554848,2.5509999837878627,-1.3073624238923938,3.6245750085988,2.301951719956117,-0.935790316401892,1.2206397715083266,0
121.017742,14.554848,2.0567513972500717,-1.3073624238923938,3.6245325918853455,2.268169059052949,-0.94453331033194,1.2231419883793415,0
121.02197439209,14.559329484459,0.2975466044478267,-0.9594958917483236,3.4787325134431564,2.9154629692294787,-0.8055313079537153,1.0402532390221493,0
121.0206028,14.5596699,0.3855068440879393,-1.0491672780093344,3.3992845634719635,2.040603404110072,-0.5062065648315315,1.0949625323073446,0
121.0211555,14.5593401,1.7928706783297352,-1.0162218587121072,3.290524149399003,3.758850352702502,-0.1304522990255577,1.2820134605236675,0
121.019175,14.550759,2.144711636890184,-1.2843153265312606,3.152582408529866,2.3437842771153137,-1.0204085923591435,-0.6010750504375186,0
121.018458,14.57608,1.7049104386896237,-0.8441921841992507,1.896120998308924,1.9849088677734863,4.872366350177192,1.8235532093531024,2
121.0206028,14.5596699,-0.2302148333928468,-1.0491672780093344,3.39938360649788,2.119485917318967,-0.4857916740048697,1.089119855913525,0
121.018458,14.57608,1.394976289140673,-0.8441921841992507,1.896120998308924,1.9849088677734863,4.872366350177192,1.8235532093531024,2
121.0203358,14.5741993,1.7249182266391214,-0.7852958783535341,1.171951413614453,2.7865863218370936,3.220404060792064,-1.570554284873935,2
121.019175,14.550759,1.6169501990495108,-1.2843153265312606,3.1527944920971387,2.5126975816311505,-0.9766936227089044,-0.613586134792593,0
121.0166,14.5535433,2.0567513972500717,-1.4156975503219795,3.5173889119024437,2.1413234292814542,-0.5145832990276866,1.3269357203037149,0
121.019175,14.550759,1.7928706783297352,-1.2843153265312606,3.145884685582474,1.1575030602049865,-1.4545409801327551,-0.7517063908282052,0
121.019175,14.550759,1.353069480129174,-1.2843153265312606,3.1527732837404114,2.495806251179567,-0.9810651196739284,-0.6123350263570856,0
121.018458,14.57608,1.3416346489759594,-0.8441921841992507,1.896120998308924,1.9849088677734863,4.872366350177192,1.8235532093531024,2
121.019175,14.550759,1.5289899594093983,-1.2843153265312606,3.156175166105925,3.13117518576369,-0.7530701833745629,-0.540147127250511,0
121.0218,14.55659,1.4410297197692865,-1.0021309151579,3.692642558066404,0.8363382316149669,-2.0137762143201607,0.9280293096052272,0
121.0206028,14.5596699,0.0336658855274902,-1.0491672780093344,3.3993693968988725,2.108168725916406,-0.4887205769714357,1.089958098565315,0
121.036339,14.562949,1.5289899594093983,0.0939162412266735,1.983894656518887,1.3179636134662245,2.755422161036745,-1.4066222709145977,2
121.017742,14.554848,2.576775852412001,-1.3073624238923938,3.6280193076777687,2.9711033154434072,-0.6990523861724787,1.2903254537438864,0
121.0218,14.55659,1.4920466587605514,-1.0021309151579,3.692642558066404,0.8363382316149669,-2.0137762143201607,0.9280293096052272,0
121.017742,14.554848,2.0567513972500717,-1.3073624238923938,3.624511383528618,2.251277728601365,-0.948904807296964,1.224393096814849,0
121.017742,14.554848,1.5729700792294543,-1.3073624238923938,3.624589854448509,2.313775651272225,-0.9327302685263754,1.2197639956034714,0
121.019175,14.550759,2.3206321161704087,-1.2843153265312606,3.1992536396320173,0.9352839823083802,-1.5690447095745896,-0.840588441766173,0
121.017742,14.554848,2.3558162120264536,-1.3073624238923938,3.627955682607587,2.9204293240886563,-0.7121668770675504,1.2940787790504087,0
121.017742,14.554848,2.47896054752261,-1.3073624238923938,3.6245750085988,2.301951719956117,-0.935790316401892,1.2206397715083266,0
121.036339,14.562949,1.8808309179698477,0.0939162412266735,1.983809823091978,1.2503982916598897,2.7379361731766494,-1.4016178371725676,2
121.036339,14.562949,2.204612560085101,0.0939162412266735,1.9835977395247055,1.0814849871440533,2.69422120352641,-1.3891067528174932,2
121.017742,14.554848,1.5729700792294543,-1.3073624238923938,3.617701256290572,0.9754724602976442,-1.406206128985202,1.0803926311323515,0
121.0206028,14.5596699,2.5845128350907456,-1.0491672780093344,3.3494659502850253,3.0164307297518858,-0.1331074203351639,1.247274723303335,0
121.036339,14.562949,1.6609303188695668,0.0939162412266735,1.9870420386036745,1.7506365826313437,2.9309591337558234,-1.3194210705819331,2
121.0206028,14.5596699,1.569346117356282,-1.0491672780093344,3.399363458558989,2.103439153389963,-0.4899445961216424,1.090308408927257,0
121.0206028,14.5596699,1.6912766015454055,-1.0491672780093344,3.3994648345041454,2.184179712948532,-0.4690488406288279,1.0843281106055316,0
121.017742,14.554848,2.2326718765302966,-1.3073624238923938,3.62793447425086,2.9035379936370727,-0.7165383740325747,1.2953298874859165,0
121.018458,14.57608,1.4586217676973086,-0.8441921841992507,1.892655490873228,1.2988659418346118,4.631256922982754,1.7551186355530497,2
121.017742,14.554848,2.1885862044226725,-1.3073624238923938,3.624511383528618,2.251277728601365,-0.948904807296964,1.224393096814849,0
121.017742,14.554848,2.2059231676557385,-1.3073624238923938,3.624511383528618,2.251277728601365,-0.948904807296964,1.224393096814849,0
121.017742,14.554848,2.4965525954506336,-1.3073624238923938,3.62793447425086,2.9035379936370727,-0.7165383740325747,1.2953298874859165,0
121.018458,14.57608,1.0012285215687249,-0.8441921841992507,1.896120998308924,1.9849088677734863,4.872366350177192,1.8235532093531024,2
121.017742,14.554848,2.3558162120264536,-1.3073624238923938,3.624511383528618,2.251277728601365,-0.948904807296964,1.224393096814849,0
121.017742,14.554848,1.7049104386896237,-1.3073624238923938,3.6245962169555273,2.3188430504077004,-0.9314188194368682,1.2193886630728192,0
121.017742,14.554848,1.96879115760996,-1.3073624238923938,3.627955682607587,2.9204293240886563,-0.7121668770675504,1.2940787790504087,0
121.0206028,14.5596699,0.1216261251676022,-1.0491672780093344,3.3993693968988725,2.108168725916406,-0.4887205769714357,1.089958098565315,0
121.0206028,14.5596699,-0.0982744739326784,-1.0491672780093344,3.3993693968988725,2.108168725916406,-0.4887205769714357,1.089958098565315,0
121.017742,14.554848,2.4965525954506336,-1.3073624238923938,3.624511383528618,2.251277728601365,-0.948904807296964,1.224393096814849,0
121.026342,14.563933,0.7197557547203657,-0.5706810404080511,2.410198338663484,2.767247691848997,1.7320045294401938,-0.981641479307106,2
121.018458,14.57608,1.7928706783297352,-0.8441921841992507,1.896120998308924,1.9849088677734863,4.872366350177192,1.8235532093531024,2
121.017742,14.554848,2.5902733511847766,-1.3073624238923938,3.627955682607587,2.9204293240886563,-0.7121668770675504,1.2940787790504087,0
121.019175,14.550759,1.8808309179698477,-1.2843153265312606,3.152582408529866,2.3437842771153137,-1.0204085923591435,-0.6010750504375186,0
121.0274,14.56691,1.5289899594093983,-0.4343172343861769,2.141515785605372,2.965507523170161,2.800292635448866,-1.0717413315449078,2
121.019175,14.550759,1.4410297197692865,-1.2843153265312606,3.152667241956775,2.411349598921648,-1.002922604499048,-0.6060794841795484,0
121.02177,14.55822,0.112830101203591,-0.98872437218601,3.4079654211792496,2.291431288339837,-0.972156287436324,1.0208884275223655,0
121.019175,14.550759,1.4410297197692865,-1.2843153265312606,3.152582408529866,2.3437842771153137,-1.0204085923591435,-0.6010750504375186,0
121.019175,14.550759,1.2651092404890616,-1.2843153265312606,3.156281207889561,3.215631838021608,-0.7312126985494433,-0.5464026694280482,0
121.025265,14.56088801,1.2651092404890616,-0.7063551310634717,3.0114734282726388,3.642114228087182,0.2770146613467699,-0.645766216177692,0
121.026342,14.563933,1.4410297197692865,-0.5706810404080511,2.4601866187042405,1.926551009819852,1.393877360664018,-1.1439625377871565,2
121.0297,14.54133,0.6054074431882197,-0.6898114450505053,1.0524815172808877,1.6353970077756066,2.047635755318681,-1.8857248176802803,2
121.03832893843,14.563309894169,1.96879115760996,0.2376074820228811,2.2474583898612903,1.838451169193386,3.307713032215105,-1.1247833142193249,2
121.0166,14.5535433,2.510274392834491,-1.4156975503219795,3.520833210981412,2.8104750247687447,-0.277845368798273,1.3966214025392745,0
121.019175,14.550759,1.5729700792294543,-1.2843153265312606,3.156175166105925,3.13117518576369,-0.7530701833745629,-0.540147127250511,0
121.0206028,14.5596699,2.0567513972500717,-1.0491672780093344,3.352910249363994,3.685582325239176,0.1036305098942496,1.316960405538895,0
121.0206028,14.5596699,-0.1862347135727908,-1.0491672780093344,3.392671673951481,0.921887509006078,-0.9228529647450472,0.9393267581746284,0
121.0206028,14.5596699,-0.239010857356858,-1.0491672780093344,3.3993693968988725,2.108168725916406,-0.4887205769714357,1.089958098565315,0
121.036339,14.562949,3.024314033291307,0.0939162412266735,1.983809823091978,1.2503982916598897,2.7379361731766494,-1.4016178371725676,2
121.019175,14.550759,1.5729700792294543,-1.2843153265312606,3.145884685582474,1.1575030602049865,-1.4545409801327551,-0.7517063908282052,0
121.036339,14.562949,2.215079828602274,0.0939162412266735,1.9835977395247055,1.0814849871440533,2.69422120352641,-1.3891067528174932,2
121.036339,14.562949,1.96879115760996,0.0939162412266735,1.983809823091978,1.2503982916598897,2.7379361731766494,-1.4016178371725676,2
121.036339,14.562949,2.2326718765302966,0.0939162412266735,1.9836401562381605,1.1152676480472203,2.702964197456458,-1.391608969688508,2
121.0216,14.5547,1.4410297197692865,-1.0516419840149047,3.601943221947402,3.179461750879208,-1.0831318260962912,1.1769497437834564,0
121.0206028,14.5596699,0.2535664846277706,-1.0491672780093344,3.3992845634719635,2.040603404110072,-0.5062065648315315,1.0949625323073446,0
121.0206028,14.5596699,0.077646005347546,-1.0491672780093344,3.3993693968988725,2.108168725916406,-0.4887205769714357,1.089958098565315,0
121.017742,14.554848,1.8368507981497917,-1.3073624238923938,3.624702258739164,2.4032997026656187,-0.9095613346117486,1.213133120895282,0
121.019175,14.550759,1.4410297197692865,-1.2843153265312606,3.1456938103719287,1.0054810861407333,-1.4938844528179709,-0.7404464149086382,0
121.017742,14.554848,0.4532362286108254,-1.3073624238923938,3.567666317865016,1.7790082153333058,-1.0776962535320789,1.2454661281705182,0
121.0183,14.56166,0.5614273233681636,-1.1647150168148916,3.0538910316237136,1.3202698494501262,0.581185647942707,1.0843843453829645,0
121.036339,14.562949,2.10952754103414,0.0939162412266735,1.9835977395247055,1.0814849871440533,2.69422120352641,-1.3891067528174932,2
121.017742,14.554848,2.2326718765302966,-1.3073624238923938,3.627955682607587,2.9204293240886563,-0.7121668770675504,1.2940787790504087,0
121.0216072,14.55484599,1.5289899594093983,-1.0479705839370028,3.6144220298984338,2.500645821175969,-1.3478928840819298,1.1215184353108567,0
121.0206028,14.5596699,-0.0103142342925661,-1.0491672780093344,3.3993481885421453,2.0912773954648225,-0.4930920739364596,1.0912092070008224,0
121.019175,14.550759,-0.3621551928530154,-1.2843153265312606,3.15598429089538,2.9791532116994373,-0.7924136560597782,-0.5288871513309439,0
121.019175,14.550759,2.144711636890184,-1.2843153265312606,3.1456938103719287,1.0054810861407333,-1.4938844528179709,-0.7404464149086382,0
121.017742,14.554848,0.9132682819286126,-1.3073624238923938,3.6280829327479514,3.021777306798158,-0.6859378952774069,1.286572128437364,0
121.0297,14.54133,0.5614273233681636,-0.6898114450505053,1.0524815172808877,1.6353970077756066,2.047635755318681,-1.8857248176802803,2
121.019175,14.550759,1.440150117372885,-1.2843153265312606,3.152561200173139,2.32689294666373,-1.0247800893241676,-0.5998239420020112,0
121.017742,14.554848,0.5614273233681636,-1.3073624238923938,3.624702258739164,2.4032997026656187,-0.9095613346117486,1.213133120895282,0
121.0387062,14.56610681,1.6609303188695668,0.3147849959102716,2.130262470653629,0.7631805433147184,3.547473955163968,-1.3501576719883537,2
121.0211555,14.5593401,1.8808309179698477,-1.0162218587121072,3.290524149399003,3.758850352702502,-0.1304522990255577,1.2820134605236675,0
121.02150597499,14.554657394688,1.2651092404890616,-1.0589424422722182,3.6594295042750073,2.528431841072378,-1.3754503314876074,1.1447059177329448,0
121.0216,14.5547,1.7049104386896237,-1.0516419840149047,3.598499347035568,2.510647982000949,-1.319782326386404,1.1072390393791862,0
121.019175,14.550759,2.3206321161704087,-1.2843153265312606,3.152646033600048,2.3944582684700646,-1.007294101464072,-0.604828375744041,0
121.019175,14.550759,2.364612235990465,-1.2843153265312606,3.152582408529866,2.3437842771153137,-1.0204085923591435,-0.6010750504375186,0
121.036339,14.562949,2.2326718765302966,0.0939162412266735,1.9835977395247055,1.0814849871440533,2.69422120352641,-1.3891067528174932,2
121.0180654,14.55530543,0.4532362286108254,-1.2738434197147392,3.696641987699057,0.0671620569720063,-1.7710583285332793,0.934786575780286,0
121.036339,14.562949,1.6081541750854995,0.0939162412266735,1.987338955597856,1.987115208953515,2.9921600912661583,-1.3369365886790374,2
121.0206028,14.5596699,1.8808309179698477,-1.0491672780093344,3.3528890410072667,3.668690994787592,0.0992590129292257,1.3182115139744024,0
121.0183,14.56166,-0.3621551928530154,-1.1647150168148916,3.060647713802807,2.553508965015856,1.0274707972790849,1.2315376043229402,0
121.026342,14.563933,1.2651092404890616,-0.5706810404080511,2.451787954574092,0.4225853256174626,0.8457475047407237,-1.3306878277311305,2
121.019175,14.550759,1.5289899594093983,-1.2843153265312606,3.152582408529866,2.3437842771153137,-1.0204085923591435,-0.6010750504375186,0
121.036339,14.562949,2.3206321161704087,0.0939162412266735,1.9837037813083416,1.1659416394019713,2.716078688351529,-1.3953622949950304,2
121.0130061,14.56015921,-0.754457861647916,-1.5554110193627986,3.035272896662979,-0.8593357951466754,0.932112686769454,0.5585534513874952,2
121.0130061,14.56015921,-0.7471395697098586,-1.5554110193627986,3.035294105019706,-0.8424444646950915,0.936484183734478,0.5573023429519877,2
121.0130061,14.56015921,-0.7466469923678741,-1.5554110193627986,3.035294105019706,-0.8424444646950915,0.936484183734478,0.5573023429519877,2
121.025,14.55792,1.8368507981497917,-0.7650438897005075,3.4045087475343125,3.3963803956050165,-1.3829094289415211,-0.4813468678820723,0
121.029209,14.555756,1.2651092404890616,-0.5108294610942888,2.8223115958040914,0.7856236396827989,-1.4716699358638268,-1.0422323481054552,0
121.026342,14.563933,1.4410297197692865,-0.5706810404080511,2.412196196840423,3.3214107854632307,1.9072029551002116,-0.9630630478509228,2
121.0206028,14.5596699,2.012771277430016,-1.0491672780093344,3.352910249363994,3.685582325239176,0.1036305098942496,1.316960405538895,0
121.019175,14.550759,2.3206321161704087,-1.2843153265312606,3.202697938710986,1.6044355777956707,-1.3323067793451762,-0.770902759530613,0
121.017742,14.554848,1.2651092404890616,-1.3073624238923938,3.624702258739164,2.4032997026656187,-0.9095613346117486,1.213133120895282,0
121.0206028,14.5596699,0.2975466044478267,-1.0491672780093344,3.3993906052556,2.1250600563679893,-0.4843490800064118,1.0887069901298074,0
121.0354191,14.56314854,1.2651092404890616,0.0335823406833561,1.961850718408665,2.054443139653193,2.799427399161563,-1.325943249492299,2
121.026342,14.563933,0.1216261251676022,-0.5706810404080511,2.4118992798462413,3.0849321591410592,1.8460019975898767,-0.9455475297538188,2
121.036339,14.562949,2.3206321161704087,0.0939162412266735,1.9835977395247055,1.0814849871440533,2.69422120352641,-1.3891067528174932,2
121.019175,14.550759,1.7928706783297352,-1.2843153265312606,3.156259999532834,3.1987405075700246,-0.7355841955144672,-0.5451515609925407,0
121.0297,14.54133,0.5174472035481075,-0.6898114450505053,1.0525027256376147,1.6522883382271902,2.0520072522837047,-1.886975926115788,2
121.0297,14.54133,0.7813279224684442,-0.6898114450505053,1.0522482253568877,1.4495923728081863,1.9995492887034176,-1.8719626248896983,2
121.0180795,14.56014279,0.3855068440879393,-1.2137881289359305,3.1984220099459857,1.3280796566715136,-0.0142498630886729,1.0472247298009811,0
121.019175,14.550759,2.3206321161704087,-1.2843153265312606,3.152582408529866,2.3437842771153137,-1.0204085923591435,-0.6010750504375186,0
121.0200817,14.55112335,1.4410297197692865,-1.216579764109006,3.081456855876608,2.4909118583605703,-1.3855861488680263,-0.7351610481177321,0
121.0387062,14.56610681,1.7049104386896237,0.3147849959102716,2.1233738724956925,-0.5751226476598623,3.073998094705141,-1.489529036459473,2
121.0297,14.54133,0.4294869639079951,-0.6898114450505053,1.0059799530325542,3.17902794619521,2.631243848254318,-1.6562202938356854,2
121.019175,14.550759,2.3206321161704087,-1.2843153265312606,3.1457786437988378,1.073046407947068,-1.476398464957875,-0.745450848650668,0
121.0154,14.55677,0.1216261251676022,-1.4521342211490875,3.429696507630956,3.42770414137763,0.7619226835150359,1.591595880606815,0
121.019175,14.550759,1.7049104386896237,-1.2843153265312606,3.1527732837404114,2.495806251179567,-0.9810651196739284,-0.6123350263570856,0
121.036339,14.562949,2.0567513972500717,0.0939162412266735,1.9767091413667688,-0.2568182038305273,2.220745343067583,-1.5284781172886128,2
121.0275016,14.5570169,1.8368507981497917,-0.6008001957382056,3.254274085534043,2.53497009665666,-0.9446604537517758,-0.6387684464599936,0
121.0297,14.54133,0.4294869639079951,-0.6898114450505053,1.0522906420703422,1.4833750337113536,2.008292282633465,-1.8744648417607133,2
121.0206028,14.5596699,0.7373478026483884,-1.0491672780093344,3.3493174917879345,2.8981914165908,-0.1637078990903314,1.2560324823518871,0
121.02088,14.55639,0.5614273233681636,-1.0685814800355955,3.727297305120532,2.3081609342264064,-1.263046958284543,1.2212813351840623,0
121.0376941986,14.5651071803,1.8808309179698477,0.2257011041068568,2.143745286020565,1.6523371810791287,3.360564483943084,-1.226022866767588,2
121.0275016,14.5570169,2.10952754103414,-0.6008001957382056,3.253977168539861,2.2984914703344885,-1.005861411262111,-0.6212529283628895,0
121.0206028,14.5596699,1.8808309179698477,-1.0491672780093344,3.392417173670754,0.7191915435870739,-0.9753109283253344,0.9543400594007178,0
121.0206028,14.5596699,0.4734670837280513,-1.0491672780093344,3.399454230325781,2.1757340477227403,-0.47123458911134,1.0849536648232851,0
121.0206028,14.5596699,-0.2522048933028749,-1.0491672780093344,3.3993693968988725,2.108168725916406,-0.4887205769714357,1.089958098565315,0
121.0206028,14.5596699,-0.0542943541126223,-1.0491672780093344,3.3992845634719635,2.040603404110072,-0.5062065648315315,1.0949625323073446,0
121.018458,14.57608,1.9380314618078125,-0.8441921841992507,1.8857881010720183,-0.0225459186883846,4.16215255948895,1.6144961626464225,2
121.036339,14.562949,3.024314033291307,0.0939162412266735,1.976921224934041,-0.0879048993146908,2.2644603127178224,-1.5409892016436872,2
121.036339,14.562949,1.5729700792294543,0.0939162412266735,1.983894656518887,1.3179636134662245,2.755422161036745,-1.4066222709145977,2
121.0206028,14.5596699,0.8253080422885003,-1.0491672780093344,3.352825415937085,3.618017003432841,0.0861445220341539,1.321964839280925,0
121.0271,14.55973,1.4410297197692865,-0.5966383666928582,3.3096502419334133,2.10011971800738,-0.2321020987931516,-0.8219664512128559,0
121.0206028,14.5596699,0.2113455696005167,-1.0491672780093344,3.3992845634719635,2.040603404110072,-0.5062065648315315,1.0949625323073446,0
121.0200817,14.55112335,1.704030836293222,-1.216579764109006,3.0849011549555763,3.160063453847861,-1.1488482186386129,-0.6654753658821724,0
121.0200817,14.55112335,1.8799513155734464,-1.216579764109006,3.081456855876608,2.4909118583605703,-1.3855861488680263,-0.7351610481177321,0
121.0297,14.54133,1.2651092404890616,-0.6898114450505053,1.0558621912896742,2.253874611908146,2.2712591946530227,-1.812285810138198,2
121.0297,14.54133,0.9132682819286126,-0.6898114450505053,1.0524178922107057,1.5847230164208557,2.034521264423609,-1.8819714923737576,2
121.0297,14.54133,0.4734670837280513,-0.6898114450505053,1.0525027256376147,1.6522883382271902,2.0520072522837047,-1.886975926115788,2
121.0297,14.54133,1.0452086413887811,-0.6898114450505053,1.0525027256376147,1.6522883382271902,2.0520072522837047,-1.886975926115788,2
121.036339,14.562949,1.6609303188695668,0.0939162412266735,1.9835977395247055,1.0814849871440533,2.69422120352641,-1.3891067528174932,2
121.0297,14.54133,1.0012285215687249,-0.6898114450505053,1.0522482253568877,1.4495923728081863,1.9995492887034176,-1.8719626248896983,2
121.0354191,14.56314854,1.7488905585096792,0.0335823406833561,1.9117139798708185,2.7769005085212526,3.1069540891825715,-1.154864431963697,2
121.0162639,14.55569312,0.5614273233681636,-1.3996769827137494,3.401533563116343,3.0422297783139896,-0.1945346988971905,1.4275898671178655,0
121.021521,14.553622,0.8253080422885003,-1.078685005520562,3.462466711922386,2.469795799248252,-1.0007266649102184,0.9558460647535928,0
121.019175,14.550759,2.144711636890184,-1.2843153265312606,3.149138109450897,1.6746326816280237,-1.2571465225885572,-0.6707607326730785,0
121.036339,14.562949,2.319752513774008,0.0939162412266735,1.980238273872646,0.4798987134630974,2.474969261157092,-1.4637968687950829,2
121.0297,14.54133,0.8692881621085565,-0.6898114450505053,1.0524815172808877,1.6353970077756066,2.047635755318681,-1.8857248176802803,2
121.0216072,14.55484599,1.7049104386896237,-1.0479705839370028,3.614506863325343,2.568211142982303,-1.330406896221834,1.1165140015688269,0
121.036339,14.562949,1.7488905585096792,0.0939162412266735,1.9372022170600087,2.7095725778215742,3.299686781287167,-1.1658577711504354,2
121.019175,14.550759,1.2211291206690056,-1.2843153265312606,3.1561963744626524,3.1480665162152737,-0.748698686409539,-0.5413982356860184,0
121.019175,14.550759,0.8253080422885003,-1.2843153265312606,3.1560267076088344,3.0129358726026045,-0.7836706621297304,-0.5313893682019588,0
121.0297,14.54133,0.8692881621085565,-0.6898114450505053,1.055692524435856,2.118743968295477,2.2362872189328318,-1.8022769426541383,2
121.0297,14.54133,0.7373478026483884,-0.6898114450505053,1.0522482253568877,1.4495923728081863,1.9995492887034176,-1.8719626248896983,2
121.017742,14.554848,1.4410297197692865,-1.3073624238923938,3.624639057836117,2.3529635379199,-0.9225883955675198,1.2168614240330942,0
121.02088,14.55639,0.8692881621085565,-1.0685814800355955,3.7274669719743496,2.443291577839076,-1.2280749825643518,1.2112724677000029,0
121.0297,14.54133,0.3855068440879393,-0.6898114450505053,1.0522906420703422,1.4833750337113536,2.008292282633465,-1.8744648417607133,2
121.0297,14.54133,0.8253080422885003,-0.6898114450505053,1.0524815172808877,1.6353970077756066,2.047635755318681,-1.8857248176802803,2
121.0297,14.54133,1.0891887612088376,-0.6898114450505053,1.0525027256376147,1.6522883382271902,2.0520072522837047,-1.886975926115788,2
121.0182445,14.5552671,0.4532362286108254,-1.2630395488124009,3.600141539231604,2.4430440121949624,-0.8515088153039786,1.3272377123226844,0
121.025,14.55792,1.5289899594093983,-0.7650438897005075,3.404254247253585,3.193684430186013,-1.4353673925218082,-0.4663335666559829,0
121.026342,14.563933,0.7373478026483884,-0.5706810404080511,2.411920488202969,3.101823489592643,1.8503734945549009,-0.9467986381893262,2
121.0197098,14.5591336,0.112830101203591,-1.119766482197576,3.5390955979800407,2.1928944956809664,-0.7527696172137547,1.130284404265479,0
121.036339,14.562949,1.8368507981497917,0.0939162412266735,1.983894656518887,1.3179636134662245,2.755422161036745,-1.4066222709145977,2
121.0180795,14.56014279,0.5614273233681636,-1.2137881289359305,3.2053106081039227,2.6663828476460933,0.4592259973701539,1.1865960942721008,0
121.0202921,14.55390794,1.2651092404890616,-1.1572654774811455,3.684105090544103,2.3167757600770247,-1.0425036365876383,1.1320856389629157,0
121.019175,14.550759,0.4734670837280513,-1.2843153265312606,3.152836908810593,2.546480242534318,-0.9679506287788566,-0.6160883516636079,0
121.019175,14.550759,0.3855068440879393,-1.2843153265312606,3.1063141362055324,4.073219850502337,-0.3887140328082431,-0.3853327193835055,0
121.017742,14.554848,0.6493875630082758,-1.3073624238923938,3.624447758458437,2.2006037372466145,-0.9620192981920356,1.2281464221213714,0
121.017742,14.554848,0.1216261251676022,-1.3073624238923938,3.6711614062740425,0.8258861033428482,-1.5019124214774338,0.9861308139217024,0
121.0297,14.54133,0.9572484017486688,-0.6898114450505053,1.055692524435856,2.118743968295477,2.2362872189328318,-1.8022769426541383,2
121.0297,14.54133,1.0012285215687249,-0.6898114450505053,1.0524178922107057,1.5847230164208557,2.034521264423609,-1.8819714923737576,2
121.019175,14.550759,2.0567513972500717,-1.2843153265312606,3.149138109450897,1.6746326816280237,-1.2571465225885572,-0.6707607326730785,0
121.0206028,14.5596699,-0.2302148333928468,-1.0491672780093344,3.3993906052556,2.1250600563679893,-0.4843490800064118,1.0887069901298074,0
121.0297,14.54133,1.353069480129174,-0.6898114450505053,1.0558621912896742,2.253874611908146,2.2712591946530227,-1.812285810138198,2
121.019175,14.550759,0.2315764247177425,-1.2843153265312606,3.152730867026957,2.4620235902764,-0.9898081136039762,-0.6098328094860707,0
121.036339,14.562949,2.2106818166202684,0.0939162412266735,1.9835977395247055,1.0814849871440533,2.69422120352641,-1.3891067528174932,2
121.0130061,14.56015921,-0.5693191492534079,-1.5554110193627986,3.035311920039357,-0.8282557471157612,0.940156241185098,0.5562514118661614,2
121.019175,14.550759,1.8808309179698477,-1.2843153265312606,3.152815700453866,2.529588912082734,-0.9723221257438804,-0.6148372432281005,0
121.019175,14.550759,1.7049104386896237,-1.2843153265312606,3.152667241956775,2.411349598921648,-1.002922604499048,-0.6060794841795484,0
121.019175,14.550759,2.5845128350907456,-1.2843153265312606,3.152582408529866,2.3437842771153137,-1.0204085923591435,-0.6010750504375186,0
121.036339,14.562949,1.4410297197692865,0.0939162412266735,1.93375791798104,2.040420982334284,3.0629488510577536,-1.2355434533859952,2
121.036339,14.562949,1.7049104386896237,0.0939162412266735,1.97700605836095,-0.0203395775083561,2.281946300577918,-1.5459936353857169,2
121.026342,14.563933,1.2211291206690056,-0.5706810404080511,2.411962904916423,3.13560615049581,1.8591164884849485,-0.949300855060341,2
121.026342,14.563933,0.3855068440879393,-0.5706810404080511,2.408476189124,2.4326718941053525,1.6136355643254872,-1.016484320424886,2
121.0218,14.55659,1.2651092404890616,-1.0021309151579,3.692642558066404,0.8363382316149669,-2.0137762143201607,0.9280293096052272,0
121.036339,14.562949,2.3206321161704087,0.0939162412266735,1.983809823091978,1.2503982916598897,2.7379361731766494,-1.4016178371725676,2
121.019175,14.550759,1.4410297197692865,-1.2843153265312606,3.1561115410357434,3.080501194408939,-0.7661846742696347,-0.5363938019439886,0
121.0206028,14.5596699,2.3206321161704087,-1.0491672780093344,3.3993906052556,2.1250600563679893,-0.4843490800064118,1.0887069901298074,0
121.0274,14.56691,1.7049104386896237,-0.4343172343861769,2.141496698084317,2.950305325763736,2.7963582881803446,-1.0706153339529512,2
121.0275016,14.5570169,1.5289899594093983,-0.6008001957382056,3.2542104604638613,2.484296105301909,-0.9577749446468476,-0.6350151211534713,0
121.017742,14.554848,1.7928706783297352,-1.3073624238923938,3.6246138198916102,2.332862854682515,-0.9277904769558984,1.218350243071348,0
121.0362038,14.5634274,1.5289899594093983,0.0925381158010506,1.93375791798104,2.040420982334284,3.0629488510577536,-1.2355434533859952,2
121.0275016,14.5570169,1.2651092404890616,-0.6008001957382056,3.257718384613012,3.2041216921439504,-0.7079225235223623,-0.5690827642244338,0
121.0275016,14.5570169,1.2651092404890616,-0.6008001957382056,3.2542147021352066,2.4876743713922256,-0.9569006452538428,-0.6352653428405728,0
121.036339,14.562949,1.7049104386896237,0.0939162412266735,1.983809823091978,1.2503982916598897,2.7379361731766494,-1.4016178371725676,2
121.036339,14.562949,1.96879115760996,0.0939162412266735,1.9836401562381605,1.1152676480472203,2.702964197456458,-1.391608969688508,2
121.0216072,14.55484599,1.2651092404890616,-1.0479705839370028,3.614443238255161,2.517537151627552,-1.3435213871169058,1.1202673268753494,0
121.026342,14.563933,1.2651092404890616,-0.5706810404080511,2.411941696559696,3.1187148200442265,1.8547449915199243,-0.9480497466248335,2
121.0206028,14.5596699,0.3855068440879393,-1.0491672780093344,3.3923959653140265,0.7023002131354904,-0.9796824252903582,0.9555911678362252,0
121.019175,14.550759,1.6609303188695668,-1.2843153265312606,3.152836908810593,2.546480242534318,-0.9679506287788566,-0.6160883516636079,0
121.036339,14.562949,2.0567513972500717,0.0939162412266735,1.983767406378524,1.2166156307567224,2.729193179246601,-1.399115620301553,2
121.019175,14.550759,1.7049104386896237,-1.2843153265312606,3.1561115410357434,3.080501194408939,-0.7661846742696347,-0.5363938019439886,0
121.0206028,14.5596699,-0.0542943541126223,-1.0491672780093344,3.4028279055768484,2.788637512806257,-0.2490537437754561,1.1588055381490847,0
121.026342,14.563933,0.1216261251676022,-0.5706810404080511,2.458611230993309,1.7088632188011654,1.3057591545472769,-1.1874630492786478,2
121.017742,14.554848,1.7928706783297352,-1.3073624238923938,3.6245962169555273,2.3188430504077004,-0.9314188194368682,1.2193886630728192,0
121.019175,14.550759,1.2651092404890616,-1.2843153265312606,3.1493289846614427,1.8266546556922765,-1.217803049903342,-0.6820207085926454,0
121.0271,14.55973,1.5289899594093983,-0.5966383666928582,3.313094541012382,2.7692713134946696,0.0046358314362618,-0.7522807689772961,0
121.036339,14.562949,1.96879115760996,0.0939162412266735,1.980195857159192,0.4461160525599301,2.4662262672270447,-1.461294651924068,2
121.017742,14.554848,1.6609303188695668,-1.3073624238923938,3.624702258739164,2.4032997026656187,-0.9095613346117486,1.213133120895282,0
121.0218,14.55659,1.7049104386896237,-1.0021309151579,3.692642558066404,0.8363382316149669,-2.0137762143201607,0.9280293096052272,0
121.017742,14.554848,-0.5820557919532959,-1.3073624238923938,3.624405341744982,2.1668210763434472,-0.9707622921220836,1.2306486389923863,0
121.019175,14.550759,1.0012285215687249,-1.2843153265312606,3.1458422688690195,1.123720399301819,-1.463283974062803,-0.7492041739571903,0
121.0206028,14.5596699,2.5845128350907456,-1.0491672780093344,3.3993057718286908,2.057494734561655,-0.5018350678665076,1.0937114238718373,0
121.0236,14.55759,1.7049104386896237,-0.8668087301144938,3.6976891384700994,2.462752902813954,-1.441657465619936,1.0842008299025334,0
121.0200817,14.55112335,1.7049104386896237,-1.216579764109006,3.081541689303517,2.558477180166905,-1.3681001610079306,-0.7401654818597618,0
121.025,14.55792,2.3206321161704087,-0.7650438897005075,3.394006183443589,1.2537949655304763,-2.1280951953499527,-0.6803950471046922,0
121.019175,14.550759,2.3206321161704087,-1.2843153265312606,3.1457362270853837,1.0392637470439006,-1.4851414588879228,-0.7429486317796531,0
121.019175,14.550759,2.3206321161704087,-1.2843153265312606,3.1526248252433207,2.377566938018481,-1.011665598429096,-0.6035772673085336,0
121.017742,14.554848,1.1771490008489494,-1.3073624238923938,3.6246386336689818,2.352625711310868,-0.9226758255068204,1.2168864462018043,0
121.0354191,14.56314854,2.144711636890184,0.0335823406833561,1.958236752475879,1.2501609005532337,2.5277174932119584,-1.3856200642437992,2
121.017742,14.554848,2.47042840427752,-1.3073624238923938,3.617686410440863,0.963648528981536,-1.4092661768607189,1.081268407037207,0
121.0134492,14.54985328,-0.5116876002412061,-1.6964034687345646,2.7478931207265984,1.871332935679032,0.7524756942661412,-0.3370727800579496,0
121.036339,14.562949,2.61969693094679,0.0939162412266735,1.9870420386036745,1.7506365826313437,2.9309591337558234,-1.3194210705819331,2
121.019175,14.550759,1.7049104386896237,-1.2843153265312606,3.152582408529866,2.3437842771153137,-1.0204085923591435,-0.6010750504375186,0
121.019175,14.550759,2.3206321161704087,-1.2843153265312606,3.156323624603016,3.249414498924776,-0.7224697046193952,-0.548904886299063,0
121.0206028,14.5596699,-0.1422545937527345,-1.0491672780093344,3.353164749644721,3.88827829065818,0.1560884734745367,1.3019471043128057,0
121.0218,14.55659,-1.6261438364814285,-1.0021309151579,3.646416702455524,2.5995564659051573,-1.3733386608392126,1.1412694237882253,0
121.02908,14.5551,1.1771490008489494,-0.5316513297230616,2.6908213615559142,1.9257475037683045,-1.0641895642224302,-0.9728351386928104,0
121.009139,14.563865,-0.3181750730329591,-1.7454660182321355,2.586024778390531,2.783979459108052,3.183925427555796,0.9224117634255464,2
121.009139,14.563865,-0.1862347135727908,-1.7454660182321355,2.575691881153625,0.7765246726461806,2.473711636867556,0.7133547167188672,2
121.0206028,14.5596699,-0.1862347135727908,-1.0491672780093344,3.4031106129720228,3.013798947725867,-0.1907816892316872,1.1421282627037703,0
121.0206028,14.5596699,0.1216261251676022,-1.0491672780093344,3.39963089593732,2.3164388303844325,-0.4348200193926905,1.0745319315555082,0
121.019175,14.550759,1.7049104386896237,-1.2843153265312606,3.152942950594229,2.630936894792236,-0.946093143953737,-0.6223438938411451,0
121.019175,14.550759,1.7049104386896237,-1.2843153265312606,3.152879325524048,2.580262903437485,-0.9592076348488086,-0.6185905685346228,0
121.036339,14.562949,2.5845128350907456,0.0939162412266735,1.9374355089840083,2.8953772127889947,3.3477732479024302,-1.1796199639410172,2
121.019175,14.550759,1.6609303188695668,-1.2843153265312606,3.1563024162462887,3.232523168473192,-0.7268412015844193,-0.5476537778635556,0
121.026342,14.563933,1.8368507981497917,-0.5706810404080511,2.4624813938753607,2.7171927297562566,1.6302767438343706,-1.1428996244280774,2
121.017742,14.554848,0.0336658855274902,-1.3073624238923938,3.624844354729236,2.5164716166912293,-0.8802723049460884,1.2047506943773822,0
121.017742,14.554848,0.1216261251676022,-1.3073624238923938,3.6248083005228,2.487756354923537,-0.8877038497866291,1.2068775787177448,0
121.019175,14.550759,2.0567513972500717,-1.2843153265312606,3.152879325524048,2.580262903437485,-0.9592076348488086,-0.6185905685346228,0
121.019175,14.550759,2.2326718765302966,-1.2843153265312606,3.152879325524048,2.580262903437485,-0.9592076348488086,-0.6185905685346228,0
121.019175,14.550759,1.6169501990495108,-1.2843153265312606,3.1528581171673205,2.563371572985901,-0.9635791318138328,-0.6173394600991153,0
121.0297,14.54133,2.2326718765302966,-0.6898114450505053,1.0525451423510692,1.6860709991303575,2.060750246213753,-1.8894781429868024,2
121.019175,14.550759,2.8044134341910265,-1.2843153265312606,3.1528581171673205,2.563371572985901,-0.9635791318138328,-0.6173394600991153,0
121.019175,14.550759,2.3206321161704087,-1.2843153265312606,3.152879325524048,2.580262903437485,-0.9592076348488086,-0.6185905685346228,0
121.0183,14.56166,2.3030400682423866,-1.1647150168148916,3.0643465131625027,3.4253565259221506,1.3166666910887856,1.286209985332411,0
121.019175,14.550759,1.8808309179698477,-1.2843153265312606,3.102997087266928,3.505416237724549,-0.5992229812475132,-0.4625250522321101,0
121.036339,14.562949,2.144711636890184,0.0939162412266735,1.937477925697463,2.929159873692162,3.356516241832478,-1.182122180812032,2
121.036339,14.562949,2.5845128350907456,0.0939162412266735,1.9839370732323416,1.3517462743693918,2.764165154966793,-1.4091244877856122,2
121.019175,14.550759,2.3206321161704087,-1.2843153265312606,3.1995929733396533,1.2055452695337192,-1.4991007581342068,-0.8606061767342921,0
121.0218,14.55659,0.3855068440879393,-1.0021309151579,3.646437910812252,2.616447796356741,-1.3689671638741887,1.140018315352718,0
121.019175,14.550759,2.5845128350907456,-1.2843153265312606,3.154622683420259,2.931730031632714,-0.8364671727690781,-0.5849988358523504,0
121.019175,14.550759,2.144711636890184,-1.2843153265312606,3.152879325524048,2.580262903437485,-0.9592076348488086,-0.6185905685346228,0
121.019175,14.550759,1.9951792295019932,-1.2843153265312606,3.156493291456834,3.384545142537445,-0.6874977288992039,-0.5589137537831226,0
121.0206028,14.5596699,1.2651092404890616,-1.0491672780093344,3.396179598100631,1.6417130958481194,-0.6730005436205619,1.0052591151036658,0
121.0206028,14.5596699,-0.0542943541126223,-1.0491672780093344,3.342810644051088,1.8639321737447252,-0.5584968141787277,1.0941411660416336,0
121.036339,14.562949,2.3206321161704087,0.0939162412266735,1.9874662057382195,2.088463191663017,3.018389073056302,-1.3444432392920822,2
121.019175,14.550759,2.3206321161704087,-1.2843153265312606,3.152900533880775,2.5971542338890687,-0.9548361378837849,-0.6198416769701303,0
121.0192121,14.55406503,1.4410297197692865,-1.2273865800725776,3.719847772988644,4.152176082245695,-0.3752463527413837,1.410725216632155,0
121.019175,14.550759,2.0567513972500717,-1.2843153265312606,3.152900533880775,2.5971542338890687,-0.9548361378837849,-0.6198416769701303,0
121.0387062,14.56610681,2.5845128350907456,0.3147849959102716,2.084100240112932,2.57707276895966,4.201025999539988,-1.1406708831118777,2
121.019175,14.550759,1.39704959994923,-1.2843153265312606,3.102933462196746,3.454742246369798,-0.6123374721425849,-0.4587717269255877,0
121.0237826,14.56160214,1.5289899594093983,-0.794970361662808,2.708510026852629,3.97043818746792,0.6316836407042666,-0.8581780272220847,0
121.019175,14.550759,0.2975466044478267,-1.2843153265312606,3.1030819206938367,3.572981559530884,-0.5817369933874175,-0.4675294859741399,0
121.036339,14.562949,2.5845128350907456,0.0939162412266735,1.977069683431132,0.0303344138463947,2.29506079147299,-1.5497469606922392,2
121.026342,14.563933,1.2651092404890616,-0.5706810404080511,2.458782594515665,1.8453451688499616,1.3410808500246705,-1.1975720054375478,2
121.0206028,14.5596699,0.2095863648077144,-1.0491672780093344,3.399666313893054,2.3446473522385767,-0.4275196194611007,1.0724425804682107,0
121.0218,14.55659,2.0567513972500717,-1.0021309151579,3.646437910812252,2.616447796356741,-1.3689671638741887,1.140018315352718,0
121.0206028,14.5596699,2.3030400682423866,-1.0491672780093344,3.353101124574539,3.837604299303429,0.1429739825794649,1.305700429619328,0
121.0206028,14.5596699,1.8368507981497917,-1.0491672780093344,3.4033226965392958,3.182712252241704,-0.1470667195814478,1.129617178348696,0
121.019175,14.550759,2.364612235990465,-1.2843153265312606,3.1995929733396533,1.2055452695337192,-1.4991007581342068,-0.8606061767342921,0
121.009139,14.563865,-0.2302148333928468,-1.7454660182321355,2.5825804793115625,2.1148278636207616,2.9471874973263823,0.8527260811899868,2
121.019175,14.550759,2.3206321161704087,-1.2843153265312606,3.106441386345896,4.174567833211839,-0.3624850510180996,-0.3928393699965502,0
121.0206028,14.5596699,2.5845128350907456,-1.0491672780093344,3.349678033852298,3.185344034267722,-0.0893924506849244,1.2347636389482606,0
121.0206028,14.5596699,1.2651092404890616,-1.0491672780093344,3.399666313893054,2.3446473522385767,-0.4275196194611007,1.0724425804682107,0
121.0206028,14.5596699,-0.0542943541126223,-1.0491672780093344,3.3998783974603266,2.513560656754413,-0.3838046498108612,1.0599314961131363,0
121.019175,14.550759,2.3206321161704087,-1.2843153265312606,3.102997087266928,3.505416237724549,-0.5992229812475132,-0.4625250522321101,0
121.0218,14.55659,2.3206321161704087,-1.0021309151579,3.639570521011042,1.2950359358337442,-1.838071527367992,0.9993958424460908,0
121.019175,14.550759,1.7928706783297352,-1.2843153265312606,3.152900533880775,2.5971542338890687,-0.9548361378837849,-0.6198416769701303,0
121.0218,14.55659,2.3206321161704087,-1.0021309151579,3.646437910812252,2.616447796356741,-1.3689671638741887,1.140018315352718,0
121.02407,14.5590183,-0.1422545937527345,-0.8177557245042754,3.139989129699959,4.366099437119536,-0.4560571760984077,-0.4908187516398359,0
121.036339,14.562949,2.4965525954506336,0.0939162412266735,1.9374991340541905,2.9460512041437457,3.360887738797502,-1.1833732892475397,2
121.017742,14.554848,1.39704959994923,-1.3073624238923938,3.5782431112042845,3.980713301988388,-0.3172102477460634,1.4401354278688618,0
121.0297,14.54133,0.6933676828283319,-0.6898114450505053,1.056010649786765,2.372113925069232,2.30185967340819,-1.82104356918675,2
121.019175,14.550759,1.4850098395893423,-1.2843153265312606,3.1529641589509567,2.64782822524382,-0.9417216469887127,-0.6235950022766525,0
121.036339,14.562949,2.0567513972500717,0.0939162412266735,1.9341396684021304,2.3444649304627903,3.141635796428184,-1.2580634052251292,2
121.017742,14.554848,0.2975466044478267,-1.3073624238923938,3.624829508879527,2.504647685375121,-0.8833323528216052,1.2056264702822372,0
121.017742,14.554848,1.0012285215687249,-1.3073624238923938,3.578497611485012,4.183409267407392,-0.2647522841657761,1.4251221266427727,0
121.019175,14.550759,1.6609303188695668,-1.2843153265312606,3.1528581171673205,2.563371572985901,-0.9635791318138328,-0.6173394600991153,0
121.019175,14.550759,0.1216261251676022,-1.2843153265312606,3.103039503980382,3.539198898627716,-0.5904799873174653,-0.465027269103125,0
121.019175,14.550759,0.3591187721959053,-1.2843153265312606,3.1030819206938367,3.572981559530884,-0.5817369933874175,-0.4675294859741399,0
121.0297,14.54133,1.5289899594093983,-0.6898114450505053,1.0526299757779782,1.7536363209366923,2.0782362340738487,-1.8944825767288325,2
121.019175,14.550759,0.1216261251676022,-1.2843153265312606,3.1047616535198665,3.873774696371361,-0.4721110222027584,-0.430184427985345,0
121.026342,14.563933,0.5614273233681636,-0.5706810404080511,2.412344019086812,3.4391433587107687,1.937672288946428,-0.9717832736464098,2
121.019175,14.550759,1.7928706783297352,-1.2843153265312606,3.1563024162462887,3.232523168473192,-0.7268412015844193,-0.5476537778635556,0
121.019242,14.561461,0.1216261251676022,-1.1062684050749334,3.121585021029361,2.016578604368366,0.3728432871844525,0.9942744694713812,0
121.017742,14.554848,0.7373478026483884,-1.3073624238923938,3.628231391245041,3.140016619959244,-0.6553374165222394,1.277814369388812,0
121.036339,14.562949,1.1771490008489494,0.0939162412266735,1.9839158648756143,1.334854943917808,2.759793658001769,-1.4078733793501048,2
121.017742,14.554848,0.6493875630082758,-1.3073624238923938,3.625020384090072,2.6566696594393737,-0.8439888801363898,1.1943664943626704,0
121.0218,14.55659,1.4410297197692865,-1.0021309151579,3.6501579185286745,3.505186687714619,-1.0753997730994642,1.1934395879266808,0
121.019175,14.550759,2.320632028210169,-1.2843153265312606,3.152879325524048,2.580262903437485,-0.9592076348488086,-0.6185905685346228,0
121.019175,14.550759,2.363732633594064,-1.2843153265312606,3.203037272418622,1.8746968650210092,-1.2623628279047934,-0.7909204944987321,0
121.019175,14.550759,2.0567513972500717,-1.2843153265312606,3.1562949933214344,3.2266112028151377,-0.7283712255221776,-0.547215889911128,0
121.0206028,14.5596699,0.5614273233681636,-1.0491672780093344,3.39276117321687,0.9931689235117612,-0.9044052475526464,0.934047080576787,0
121.0206028,14.5596699,0.3855068440879393,-1.0491672780093344,3.3998783974603266,2.513560656754413,-0.3838046498108612,1.0599314961131363,0
121.019175,14.550759,2.144711636890184,-1.2843153265312606,3.152921742237502,2.6140455643406524,-0.9504646409187608,-0.6210927854056377,0
121.019175,14.550759,1.82805477418578,-1.2843153265312606,3.152900533880775,2.5971542338890687,-0.9548361378837849,-0.6198416769701303,0
121.0206028,14.5596699,-0.0982744739326784,-1.0491672780093344,3.4033226965392958,3.182712252241704,-0.1470667195814478,1.129617178348696,0
121.0218,14.55659,1.6609303188695668,-1.0021309151579,3.6501579185286745,3.505186687714619,-1.0753997730994642,1.1934395879266808,0
121.0206028,14.5596699,0.3855068440879393,-1.0491672780093344,3.3996026888228723,2.2939733608838258,-0.4406341103561723,1.076195905774733,0
121.0362038,14.5634274,1.2651092404890616,0.0925381158010506,1.9374143006272813,2.878485882337411,3.343401750937406,-1.1783688555055098,2
121.0218,14.55659,2.4965525954506336,-1.0021309151579,3.646459119168979,2.6333391268083246,-1.3645956669091648,1.1387672069172103,0
121.0184,14.55697,0.5614273233681636,-1.2389874447453657,3.731377361817864,3.0801128409616623,-0.4610062819683511,1.1954066251396147,0
121.036339,14.562949,3.024314033291307,0.0939162412266735,1.9376051758378263,3.0305078564016643,3.3827452236226216,-1.1896288314250767,2
121.0154,14.55677,0.1656062449876583,-1.4521342211490875,3.476431363803289,2.069877837925448,0.2264010571946616,1.3483291639716382,0
121.0297,14.54133,0.8692881621085565,-0.6898114450505053,1.052778434275069,1.871875634097778,2.108836712829016,-1.9032403357773844,2
121.0237826,14.56160214,2.487756571486622,-0.794970361662808,2.708594860279538,4.038003509274255,0.6491696285643623,-0.8631824609641146,0
121.019175,14.550759,2.144711636890184,-1.2843153265312606,3.1530277840211385,2.698502216598571,-0.9286071560936412,-0.6273483275831749,0
121.0283428,14.56516576,1.7049104386896237,-0.406804761918016,2.4664959646921254,1.92788404740599,1.7254082359410288,-1.3717615344420442,2
121.019175,14.550759,2.408592355810522,-1.2843153265312606,3.1459907273661103,1.2419597124629047,-1.4326834953076355,-0.7579619330057424,0
121.009139,14.563865,0.6008774908467539,-1.7454660182321355,2.632823259633046,1.4768271470106202,2.6615182921304936,0.6753917214838476,2
121.02038,14.55988,-0.1422545937527345,-1.0609239786786768,3.4090169051542367,3.2049605039839277,-0.2249437557086512,1.158709544260802,0
121.018458,14.57608,2.0743434451780947,-0.8441921841992507,1.896481540373287,2.2720614854504086,4.946681798582598,1.802284365949476,2
121.026342,14.563933,1.7049104386896237,-0.5706810404080511,2.459022248946683,2.036217202952858,1.3904787657294408,-1.211709530758782,2
121.018458,14.57608,1.4410297197692865,-0.8441921841992507,1.9430467296918024,0.7791045383855565,4.376188196542032,1.5690265167983584,2
121.0206028,14.5596699,1.6609303188695668,-1.0491672780093344,3.399866308696992,2.5039325983970118,-0.3862964030809248,1.0606446279213757,0
121.019175,14.550759,2.7604333143709696,-1.2843153265312606,3.146054352436292,1.2926337038176554,-1.4195690044125635,-0.7617152583122647,0
121.019175,14.550759,1.4410297197692865,-1.2843153265312606,3.1563024162462887,3.232523168473192,-0.7268412015844193,-0.5476537778635556,0
121.0206028,14.5596699,0.1216261251676022,-1.0491672780093344,3.3997723556766903,2.4291040044964958,-0.4056621346359809,1.0661870382906735,0
121.017742,14.554848,0.3855068440879393,-1.3073624238923938,3.617909098186499,1.1410074987231644,-1.3633654587279675,1.0681317684643787,0
121.019175,14.550759,2.3206321161704087,-1.2843153265312606,3.1459907273661103,1.2419597124629047,-1.4326834953076355,-0.7579619330057424,0
121.017742,14.554848,0.2095863648077144,-1.3073624238923938,3.6281889745315863,3.106233959056077,-0.6640804104522873,1.280316586259827,0
121.0200817,14.55112335,1.96879115760996,-1.216579764109006,3.085473780587212,3.61612937604062,-1.030817800582967,-0.6992552936408732,0
121.019175,14.550759,1.7928706783297352,-1.2843153265312606,3.156493291456834,3.384545142537445,-0.6874977288992039,-0.5589137537831226,0
121.019175,14.550759,1.4410297197692865,-1.2843153265312606,3.145969519009383,1.2250683820113208,-1.4370549922726594,-0.756710824570235,0
121.019175,14.550759,2.408592355810522,-1.2843153265312606,3.154622683420259,2.931730031632714,-0.8364671727690781,-0.5849988358523504,0
121.0218,14.55659,2.4965525954506336,-1.0021309151579,3.6466924110929786,2.819143761775745,-1.3165092002939016,1.1250050141266286,0
121.017742,14.554848,1.6609303188695668,-1.3073624238923938,3.62816776617486,3.0893426286044927,-0.6684519074173112,1.2815676946953345,0
121.0271,14.55973,1.7049104386896237,-0.5966383666928582,3.313349041293109,2.9719672789136733,0.0570937950165489,-0.7672940702033854,0
121.019175,14.550759,2.408592355810522,-1.2843153265312606,3.154601475063532,2.9148387011811305,-0.840838669734102,-0.583747727416843,0
121.026342,14.563933,2.3206321161704087,-0.5706810404080511,2.4123234469807864,3.4227587681727325,1.933431936890355,-0.9705696984639676,2
121.0206028,14.5596699,0.1216261251676022,-1.0491672780093344,3.392777715735117,1.0063441612639965,-0.9009954799199276,0.9330712159970912,0
121.0297,14.54133,2.8483935540110825,-0.6898114450505053,1.006298078383463,3.432397902968965,2.696816302729677,-1.674986920368297,2
121.0297,14.54133,1.4410297197692865,-0.6898114450505053,1.006043578102736,3.2297019375499607,2.64435833914939,-1.6599736191422076,2
121.0297,14.54133,0.8253080422885003,-0.6898114450505053,1.052778434275069,1.871875634097778,2.108836712829016,-1.9032403357773844,2
121.0297,14.54133,2.8923736738311385,-0.6898114450505053,1.006298078383463,3.432397902968965,2.696816302729677,-1.674986920368297,2
121.0297,14.54133,1.5289899594093983,-0.6898114450505053,1.006043578102736,3.2297019375499607,2.64435833914939,-1.6599736191422076,2
121.0297,14.54133,0.7373478026483884,-0.6898114450505053,1.056010649786765,2.372113925069232,2.30185967340819,-1.82104356918675,2
121.019175,14.550759,0.7373478026483884,-1.2843153265312606,3.106441386345896,4.174567833211839,-0.3624850510180996,-0.3928393699965502,0
121.019175,14.550759,1.1771490008489494,-1.2843153265312606,3.1065898448429867,4.292807146372924,-0.3318845722629319,-0.4015971290451023,0
121.0275016,14.5570169,0.2087067624113133,-0.6008001957382056,3.197736541042985,2.3076248749365638,-1.010065193994044,-0.6358364874191825,0
121.0206028,14.5596699,1.8808309179698477,-1.0491672780093344,3.353185958001448,3.905169621109764,0.1604599704395606,1.300695995877298,0
121.0297,14.54133,0.8253080422885003,-0.6898114450505053,1.0061072031729177,3.280375928904712,2.657472830044461,-1.66372694444873,2
121.019175,14.550759,1.353069480129174,-1.2843153265312606,3.106547428129532,4.259024485469757,-0.3406275661929797,-0.3990949121740874,0
121.0206028,14.5596699,2.5845128350907456,-1.0491672780093344,3.353124241683372,3.856015849495655,0.147738914271341,1.3043367214246249,0
121.0297,14.54133,0.8253080422885003,-0.6898114450505053,1.0527148092048872,1.821201642743027,2.095722221933944,-1.899487010470862,2
121.0297,14.54133,1.6609303188695668,-0.6898114450505053,1.0528208509885235,1.9056582950009453,2.117579706759064,-1.9057425526483995,2
121.0206028,14.5596699,2.5845128350907456,-1.0491672780093344,3.353122332931266,3.8544956297550126,0.1473454795444888,1.3044493211838204,0
121.0200817,14.55112335,1.8808309179698477,-1.216579764109006,3.081753772870789,2.7273904846827417,-1.3243851913576912,-0.7526765662148364,0
121.026342,14.563933,0.6054074431882197,-0.5706810404080511,2.4122386135538774,3.355193446366398,1.9159459490302595,-0.9655652647219378,2
121.019175,14.550759,2.5845128350907456,-1.2843153265312606,3.156344832959743,3.266305829376359,-0.7180982076543715,-0.5501559947345704,0
121.019175,14.550759,2.408592355810522,-1.2843153265312606,3.152879325524048,2.580262903437485,-0.9592076348488086,-0.6185905685346228,0
121.0198745,14.53282338,0.3415267242678829,-1.3304667992331978,1.312038156759985,3.158464709278577,3.030670468955151,-1.551496822577397,2
121.026342,14.563933,1.2651092404890616,-0.5706810404080511,2.451893996357728,0.5070419778753811,0.8676049895658433,-1.3369433699086677,2
121.019175,14.550759,2.3206321161704087,-1.2843153265312606,3.149435026445079,1.911111307950195,-1.1959455650782225,-0.6882762507701826,0
121.036339,14.562949,2.672473074730858,0.0939162412266735,1.9840006983025236,1.4024202657241427,2.7772796458618645,-1.412877813092135,2
121.0297,14.54133,1.2211291206690056,-0.6898114450505053,1.0062556616700085,3.3986152420657976,2.6880733087996296,-1.672484703497282,2
121.0297,14.54133,1.39704959994923,-0.6898114450505053,1.006213244956554,3.3648325811626303,2.6793303148695813,-1.6699824866262671,2
121.0297,14.54133,0.8692881621085565,-0.6898114450505053,1.0527148092048872,1.821201642743027,2.095722221933944,-1.899487010470862,2
121.019175,14.550759,1.872034894005836,-1.2843153265312606,3.152900533880775,2.5971542338890687,-0.9548361378837849,-0.6198416769701303,0
121.019175,14.550759,2.7604333143709696,-1.2843153265312606,3.106632261556441,4.326589807276092,-0.323141578332884,-0.4040993459161172,0
121.019175,14.550759,1.9679115552135584,-1.2843153265312606,3.103018295623655,3.5223075681761324,-0.5948514842824892,-0.4637761606676175,0
121.0297,14.54133,1.6169501990495108,-0.6898114450505053,1.0526299757779782,1.7536363209366923,2.0782362340738487,-1.8944825767288325,2
121.0297,14.54133,1.6169501990495108,-0.6898114450505053,1.0528208509885235,1.9056582950009453,2.117579706759064,-1.9057425526483995,2
121.019175,14.550759,1.5289899594093983,-1.2843153265312606,3.153155034161502,2.799850199308073,-0.9023781743034976,-0.6348549781962196,0
121.026342,14.563933,1.0891887612088376,-0.5706810404080511,2.451893996357728,0.5070419778753811,0.8676049895658433,-1.3369433699086677,2
121.0271,14.55973,0.5614273233681636,-0.5966383666928582,3.313412666363291,3.0226412702684247,0.0702082859116209,-0.7710473955099078,0
121.040676,14.564421,3.024314033291307,0.4183936887057636,2.0008543398979937,2.631857017773258,4.299162078043019,-1.1046043861390618,2
121.0206028,14.5596699,0.5614273233681636,-1.0491672780093344,3.3998783974603266,2.513560656754413,-0.3838046498108612,1.0599314961131363,0
121.0218,14.55659,1.96879115760996,-1.0021309151579,3.646459119168979,2.6333391268083246,-1.3645956669091648,1.1387672069172103,0
121.036339,14.562949,3.024314033291307,0.0939162412266735,1.9375415507676448,2.979833865046913,3.3696307327275496,-1.1858755061185544,2
121.0376941986,14.5651071803,1.6169501990495108,0.2257011041068568,2.1441694531551097,1.990163790110802,3.4479944232435624,-1.251045035477737,2
121.019175,14.550759,1.96879115760996,-1.2843153265312606,3.152879325524048,2.580262903437485,-0.9592076348488086,-0.6185905685346228,0
121.0275016,14.5570169,3.024314033291307,-0.6008001957382056,3.207984604852982,4.247514339592099,-0.317337391165899,-0.4217750069704732,0
121.036339,14.562949,1.353069480129174,0.0939162412266735,1.9839158648756143,1.334854943917808,2.759793658001769,-1.4078733793501048,2
121.0271,14.55973,2.3206321161704087,-0.5966383666928582,3.309925950570868,2.319707013877967,-0.1752726382478405,-0.8382308608744526,0
121.0297,14.54133,2.0567513972500717,-0.6898114450505053,1.0525663507077965,1.7029623295819414,2.0651217431787767,-1.89072925142231,2
121.0201265,14.559327,0.579019371296186,-1.0877887128705617,3.5365454106667515,2.418248996132026,-0.6526301416398179,1.098222703212322,0
121.0206028,14.5596699,0.2975466044478267,-1.0491672780093344,3.3996026888228723,2.2939733608838258,-0.4406341103561723,1.076195905774733,0
121.0211555,14.5593401,2.0567513972500717,-1.0162218587121072,3.2908210663931845,3.995328979024673,-0.0692513415152228,1.2644979424265637,0
121.017742,14.554848,2.144711636890184,-1.3073624238923938,3.618004535791772,1.2170184857552913,-1.3436937223853598,1.062501780504595,0
121.0206028,14.5596699,-0.0542943541126223,-1.0491672780093344,3.392777715735117,1.0063441612639965,-0.9009954799199276,0.9330712159970912,0
121.0206028,14.5596699,0.4294869639079951,-1.0491672780093344,3.3929897993023896,1.1752574657798334,-0.8572805102696884,0.9205601316420168,0
121.0271,14.55973,2.4965525954506336,-0.5966383666928582,3.31013803413814,2.488620318393804,-0.1315576685976013,-0.8507419452295271,0
121.019175,14.550759,2.5845128350907456,-1.2843153265312606,3.152879325524048,2.580262903437485,-0.9592076348488086,-0.6185905685346228,0
121.036339,14.562949,2.3206321161704087,0.0939162412266735,1.987444997381492,2.071571861211433,3.014017576091278,-1.3431921308565749,2
121.0206028,14.5596699,1.5289899594093983,-1.0491672780093344,3.3998571891036,2.49666932630283,-0.3881761467758852,1.0611826045486437,0
121.019175,14.550759,1.863238870041825,-1.2843153265312606,3.106441386345896,4.174567833211839,-0.3624850510180996,-0.3928393699965502,0
121.018458,14.57608,1.1920509607680585,-0.8441921841992507,1.88959294221535,0.9337582944758276,4.473205938123772,1.6629130014783555,2
121.019175,14.550759,2.5845128350907456,-1.2843153265312606,3.1459907273661103,1.2419597124629047,-1.4326834953076355,-0.7579619330057424,0
121.017742,14.554848,1.1771490008489494,-1.3073624238923938,3.628464683169041,3.325821254926664,-0.6072509499069763,1.2640521765982302,0
121.0275016,14.5570169,2.144711636890184,-0.6008001957382056,3.2543165022474976,2.5687527575598272,-0.935917459821728,-0.6412706633310086,0
121.017742,14.554848,0.3855068440879393,-1.3073624238923938,3.628273807958496,3.173799280862412,-0.6465944225921916,1.2753121525177973,0
121.017742,14.554848,1.2651092404890616,-1.3073624238923938,3.628429901464008,3.298119472986067,-0.6144202049296155,1.2661039944324624,0
121.0201265,14.559327,-0.0982744739326784,-1.0877887128705617,3.5296568125088146,1.0799458051574455,-1.1261060020986446,0.9588513387412028,0
121.0206028,14.5596699,-0.0542943541126223,-1.0491672780093344,3.399666313893054,2.3446473522385767,-0.4275196194611007,1.0724425804682107,0
121.019175,14.550759,2.144711636890184,-1.2843153265312606,3.1459907273661103,1.2419597124629047,-1.4326834953076355,-0.7579619330057424,0
121.02596,14.55761,2.3206321161704087,-0.7002526323803671,3.3889249742119483,3.676306017046304,-1.2849423497449128,-0.5156189766131518,0
121.036339,14.562949,2.3206321161704087,0.0939162412266735,1.937753634334917,3.14874716956275,3.413345702377789,-1.1983865904736288,2
121.0218,14.55659,1.8218975574109724,-1.0021309151579,3.646734827806433,2.8529264226789124,-1.3077662063638538,1.1225027972556136,0
121.036339,14.562949,2.3206321161704087,0.0939162412266735,1.9377324259781896,3.131855839111166,3.408974205412765,-1.1971354820381217,2
121.019175,14.550759,2.3206321161704087,-1.2843153265312606,3.156662958310652,3.5196757861501142,-0.6525257531790125,-0.5689226212671821,0
121.0271,14.55973,0.8253080422885003,-0.5966383666928582,3.3136671666440174,3.2253372356874284,0.122666249491908,-0.786060696735997,0
121.0218,14.55659,1.4410297197692865,-1.0021309151579,3.646734827806433,2.8529264226789124,-1.3077662063638538,1.1225027972556136,0
121.017742,14.554848,1.1771490008489494,-1.3073624238923938,3.578518819841739,4.200300597858975,-0.2603807872007522,1.4238710182072651,0
121.008422,14.568496,-0.4922747753526333,-1.7265668809570835,1.818343054344396,-0.933105103612098,3.077940631725488,-1.6853087633545538,2
121.017742,14.554848,1.4410297197692865,-1.3073624238923938,3.6250415924468,2.6735609898909574,-0.8396173831713659,1.1931153859271628,0
121.017742,14.554848,0.2975466044478267,-1.3073624238923938,3.6250415924468,2.6735609898909574,-0.8396173831713659,1.1931153859271628,0
121.036339,14.562949,2.7604333143709696,0.0939162412266735,1.9842551985832504,1.6051162311431466,2.829737609442152,-1.4278911143182238,2
121.0387062,14.56610681,2.672473074730858,0.3147849959102716,2.0843971571071136,2.813551395281831,4.262226957050324,-1.158186401208982,2
121.0271,14.55973,2.5845128350907456,-0.5966383666928582,3.303355477763839,1.2347737796771414,-0.5831760442313085,-0.996368851878184,0
121.0218,14.55659,1.4410297197692865,-1.0021309151579,3.639846229648496,1.5146232317043318,-1.7812420668226805,0.983131432784494,0
121.0371989,14.5662972,2.672473074730858,0.2162471341147809,1.959688582247314,3.0107614415632344,3.80717583010578,-1.231833616545959,2
121.0206028,14.5596699,0.8253080422885003,-1.0491672780093344,3.3533980415687203,4.074082925625599,0.2041749400898001,1.2881849115222237,0
121.017742,14.554848,1.1771490008489494,-1.3073624238923938,3.628485891525768,3.342712585378248,-0.6028794529419523,1.2628010681627229,0
121.019175,14.550759,1.4410297197692865,-1.2843153265312606,3.1531762425182293,2.8167415297596565,-0.8980066773384737,-0.636106086631727,0
121.017742,14.554848,1.4410297197692865,-1.3073624238923938,3.628485891525768,3.342712585378248,-0.6028794529419523,1.2628010681627229,0
121.019175,14.550759,2.7604333143709696,-1.2843153265312606,3.153239867588411,2.8674155211144075,-0.884892186443402,-0.6398594119382494,0
121.0271,14.55973,1.8808309179698477,-0.5966383666928582,3.310222867565049,2.556185640200138,-0.1140716807375055,-0.8557463789715568,0
121.036339,14.562949,2.980333913471251,0.0939162412266735,1.9842551985832504,1.6051162311431466,2.829737609442152,-1.4278911143182238,2
121.017742,14.554848,0.3855068440879393,-1.3073624238923938,3.625062800803527,2.690452320342541,-0.835245886206342,1.1918642774916557,0
121.017742,14.554848,0.6493875630082758,-1.3073624238923938,3.625062800803527,2.690452320342541,-0.835245886206342,1.1918642774916557,0
121.0297,14.54133,1.7049104386896237,-0.6898114450505053,1.0529056844154323,1.97322361680728,2.1350656946191595,-1.9107469863904287,2
121.0275016,14.5570169,2.7604333143709696,-0.6008001957382056,3.254677044311861,2.8559053752367496,-0.8616020114163213,-0.662539506734635,0
121.02779,14.56685,2.5845128350907456,-0.4072605480568472,2.384831402305021,1.726447214840636,2.346211195654917,-1.2784231650771412,2
121.017742,14.554848,1.0012285215687249,-1.3073624238923938,3.625062800803527,2.690452320342541,-0.835245886206342,1.1918642774916557,0
121.019175,14.550759,0.1568102210236471,-1.2843153265312606,3.1531974508749565,2.83363286021124,-0.8936351803734498,-0.6373571950672344,0
121.0271,14.55973,2.7604333143709696,-0.5966383666928582,3.310265284278504,2.589968301103305,-0.1053286868074576,-0.8582485958425717,0
121.0204,14.55737,1.4410297197692865,-1.0942720824416476,3.6515310707891073,1.391658759211405,-1.4416373444306916,0.9657735072968172,0
121.0138899955,14.5490001011,-0.6083748150572121,-1.6723328442000864,2.7417329392702907,-1.423568027891486,-0.0627720982260753,-0.6695471923884581,2
121.0292765,14.56665678,-0.5441229386084975,-0.3062905123971269,2.3817339472187995,-1.7483534315982543,1.16181367632025,-1.3931882706474537,2
121.019175,14.550759,-0.786681127877435,-1.2843153265312606,3.147335399129081,0.2388695932434121,-1.6287237646155912,-0.5644165156549458,0
121.017778,14.534456,-0.8435283354327657,-1.506454651259902,1.3217073070255838,-0.7659365126355626,1.6408331054502203,-1.7386707780901451,2
121.0174046955,14.5517863319,-0.5691611119704487,-1.394448169255734,3.45617520758552,-1.0223951121257742,-1.5522029133820374,1.0993502411844756,0
121.018458,14.57608,-0.7667722951975317,-0.8441921841992507,1.9871941663434105,-2.639464080159832,3.307343940488738,1.47839502929509,2
121.019175,14.550759,-0.8459365108736328,-1.2843153265312606,3.147335399129081,0.2388695932434121,-1.6287237646155912,-0.5644165156549458,0
121.019175,14.550759,-0.7931177943335795,-1.2843153265312606,3.147335399129081,0.2388695932434121,-1.6287237646155912,-0.5644165156549458,0
121.019175,14.550759,-1.5524331556630144,-1.2843153265312606,3.1507796982080496,0.9080211887307024,-1.3919858343861775,-0.4947308334193859,0
121.019175,14.550759,-0.7671621349796166,-1.2843153265312606,3.150906948348413,1.0093691714402049,-1.3657568525960342,-0.5022374840324306,0
121.019175,14.550759,-0.7926734192029179,-1.2843153265312606,3.147335399129081,0.2388695932434121,-1.6287237646155912,-0.5644165156549458,0
121.0203370999,14.5741842246,-0.7227921753774755,-0.7856514213030283,1.26302458164894,-1.837786626096225,1.6553816511036117,-1.9157124649319472,2
121.018458,14.57608,-0.6700160315934082,-0.8441921841992507,1.9871941663434105,-2.639464080159832,3.307343940488738,1.47839502929509,2
121.019175,14.550759,-1.3464473387123617,-1.2843153265312606,3.197161647324441,-0.7308768534358324,-2.00024917020455,-0.7171791056877187,0
121.019175,14.550759,-1.4273536948947747,-1.2843153265312606,3.147335399129081,0.2388695932434121,-1.6287237646155912,-0.5644165156549458,0
121.019175,14.550759,-1.3900134296844318,-1.2843153265312606,3.150906948348413,1.0093691714402049,-1.3657568525960342,-0.5022374840324306,0
121.017742,14.554848,-0.9778768703338012,-1.3073624238923938,3.6691678207416807,-0.7618989591060159,-1.912833136189683,1.1037350068594016,0
121.0174046955,14.5517863319,-0.5673945484239982,-1.394448169255734,3.4561762680033565,-1.021550545603195,-1.5519843385337864,1.0992876857627003,0
121.0174046955,14.5517863319,-0.3781534012387588,-1.394448169255734,3.456281249369156,-0.9379384598678562,-1.5303454285569176,1.0930946990069383,0
121.0174046955,14.5517863319,-0.3776656775427975,-1.394448169255734,3.456290156878982,-0.9308441010781912,-1.528509399831608,1.0925692334640251,0
121.019175,14.550759,-1.3912899966423289,-1.2843153265312606,3.147335399129081,0.2388695932434121,-1.6287237646155912,-0.5644165156549458,0
121.0154346949,14.5458624161,-0.6840896699358261,-1.5899114384479032,2.379465513214806,-1.2000825531416566,-0.2202900841827156,-1.0590890177622954,2
121.0174046955,14.5517863319,-0.3884671404352548,-1.394448169255734,3.456281249369156,-0.9379384598678562,-1.5303454285569176,1.0930946990069383,0
121.0174046955,14.5517863319,-0.2808890071630776,-1.394448169255734,3.456175631752654,-1.0220572855167422,-1.552115483442737,1.0993252190157654,0
121.0174046955,14.5517863319,-0.567394554581215,-1.394448169255734,3.4561762680033565,-1.021550545603195,-1.5519843385337864,1.0992876857627003,0
121.0174046955,14.5517863319,-0.3776656370810874,-1.394448169255734,3.456290156878982,-0.9308441010781912,-1.528509399831608,1.0925692334640251,0
121.0174046955,14.5517863319,-0.5338298436802451,-1.394448169255734,3.456196415942247,-1.0055037816741907,-1.5478314164170135,1.0980991327489682,0
121.0138899955,14.5490001011,-0.4957499085003349,-1.6723328442000864,2.741806532268134,-1.3649551112244906,-0.0476030037574422,-0.6738885386596689,2
121.0138899955,14.5490001011,-0.6389307949443529,-1.6723328442000864,2.7417227592590616,-1.431675866508246,-0.0648704167692868,-0.6689466603394145,2
121.0174046955,14.5517863319,-0.392504770519431,-1.394448169255734,3.456281249369156,-0.9379384598678562,-1.5303454285569176,1.0930946990069383,0
121.0174046955,14.5517863319,-0.3656448816611725,-1.394448169255734,3.456288672294011,-0.9320264942098018,-1.528815404619159,1.0926568110545107,0
121.0174046955,14.5517863319,-0.2863453409155899,-1.394448169255734,3.4562184726332434,-0.9879367980045436,-1.5432850595733885,1.0967979799760403,0
121.0174046955,14.5517863319,-0.3760611402761737,-1.394448169255734,3.456288672294011,-0.9320264942098018,-1.528815404619159,1.0926568110545107,0
121.019175,14.550759,-1.4281453370515358,-1.2843153265312606,3.1507796982080496,0.9080211887307024,-1.3919858343861775,-0.4947308334193859,0
121.0095956373,14.5585916389,-0.6670693635654644,-1.822360863046024,3.052598650326282,-0.5969209108732656,0.6791035031794086,1.0281086576085887,2
121.018458,14.57608,-0.6876080795214307,-0.8441921841992507,1.9871729579866837,-2.656355410611416,3.302972443523714,1.4796461377305976,2
121.0203370999,14.5741842246,-0.5556677200612622,-0.7856514213030283,1.2630457900056673,-1.8208952956446411,1.6597531480686356,-1.9169635733674544,2
121.009139,14.563865,-1.0394490380818795,-1.7454660182321355,2.6768434461442907,-2.043089454244271,1.5664450542870565,0.5922668845936238,2
121.019175,14.550759,-0.8296786438604715,-1.2843153265312606,3.147335399129081,0.2388695932434121,-1.6287237646155912,-0.5644165156549458,0
121.019175,14.550759,-0.8089186199415708,-1.2843153265312606,3.147335399129081,0.2388695932434121,-1.6287237646155912,-0.5644165156549458,0
121.040676,14.564421,-1.0658371099739137,0.4183936887057636,2.091630590938299,-2.2289945564822324,2.672938710844231,-1.43224704809997,2
121.019175,14.550759,-0.8443196257485681,-1.2843153265312606,3.147335399129081,0.2388695932434121,-1.6287237646155912,-0.5644165156549458,0
121.02068,14.57369,-0.7579762712335204,-0.7772861515050057,1.2790113137491217,-1.7967769689574224,1.6404730142424584,-1.9052114164755087,2
121.0292710999,14.566647108,-0.5556677200612622,-0.3069072049673038,2.381691530505345,-1.7821360925014216,1.1530706823902022,-1.3906860537764387,2
121.0292710999,14.566647108,-0.2829909771769142,-0.3069072049673038,2.381776363932254,-1.714570770695087,1.170556670250298,-1.3956904875184686,2
121.0138899955,14.5490001011,-0.2727719324560052,-1.6723328442000864,2.691985161994821,-0.3913236585413822,0.3249278461334721,-0.5214137035670626,2
121.01843,14.5420505,-1.1273983706522763,-1.4761499621841574,1.6655296285005805,0.119028654385375,1.443577092256528,-1.3158719841292263,2
121.0206028,14.5596699,-1.0218569901538572,-1.0491672780093344,3.4440131090978987,-0.915142760061926,-1.4552718040431691,0.970050673671172,0
121.017742,14.554848,-0.933896750513745,-1.3073624238923938,3.665638688235803,-1.498615876399641,-2.167057054279193,1.0390537583658717,0
121.009139,14.563865,-1.1977774694340817,-1.7454660182321355,2.6268763744602617,-1.185501441763542,1.9089437200282569,0.7533368346381661,2
121.019175,14.550759,-0.7931603670895654,-1.2843153265312606,3.147335399129081,0.2388695932434121,-1.6287237646155912,-0.5644165156549458,0
121.026342,14.563933,-1.1010212058299582,-0.5706810404080511,2.5030500704663496,-1.477618519339464,0.2969792667934122,-1.2952847666857887,2
121.017742,14.554848,-0.5691610847027744,-1.3073624238923938,3.669003243893477,-0.8929756834103053,-1.9467559526382687,1.1134436083189394,0
121.0275016,14.5570169,-1.3297178288942502,-0.6008001957382056,3.2986123973961967,-0.7315765478244768,-1.974161237119854,-0.7406599098828293,0
121.0275016,14.5570169,-1.0218569901538572,-0.6008001957382056,3.2986760224663785,-0.6809025564697259,-1.961046746224782,-0.7444132351893515,0
121.026342,14.563933,-0.933896750513745,-0.5706810404080511,2.503167564762619,-1.3840405486376903,0.3211973599796447,-1.3022159074184998,2
121.026342,14.563933,-0.8899166306936889,-0.5706810404080511,2.4533196840433966,-0.4315232590190617,0.6882638386642791,-1.1481771867815092,2
121.026342,14.563933,-1.0394490380818795,-0.5706810404080511,2.503057281307637,-1.4718754669859253,0.2984655757615203,-1.2957101435538612,2
121.0206028,14.5596699,-1.0306530141178685,-1.0491672780093344,3.4439197923282987,-0.989464614048894,-1.4745063906892746,0.9755555507874052,0
121.0095742,14.5585864,-0.8345720479121302,-1.823923415803375,3.1023621217857293,-1.6166656956891972,0.2946384665739791,0.879049348544918,2
121.0206028,14.5596699,-0.7755683191615429,-1.0491672780093344,3.4439834173984805,-0.9387906226941432,-1.4613918997942026,0.9718022254808826,0
121.017742,14.554848,-1.1098172297939697,-1.3073624238923938,3.669295070882044,-0.6605509763965141,-1.8866041543995395,1.096228356246357,0
121.017742,14.554848,-1.0218569901538572,-1.3073624238923938,3.6691678207416807,-0.7618989591060159,-1.912833136189683,1.1037350068594016,0
121.026342,14.563933,-1.0394490380818795,-0.5706810404080511,2.503316447426844,-1.2654634088675731,0.3518852686741127,-1.310998688635762,2
121.017742,14.554848,-0.9778768703338012,-1.3073624238923938,3.669125404028226,-0.7956816200091834,-1.921576130119731,1.1062372237304166,0
121.018458,14.57608,-0.7336222798831643,-0.8441921841992507,1.9871941663434105,-2.639464080159832,3.307343940488738,1.47839502929509,2
121.018458,14.57608,-0.7562406397849417,-0.8441921841992507,1.9871941663434105,-2.639464080159832,3.307343940488738,1.47839502929509,2
121.017742,14.554848,-0.933896750513745,-1.3073624238923938,3.6692314458118624,-0.7112249677512652,-1.8997186452946115,1.0999816815528791,0
121.019175,14.550759,-0.7908304762619781,-1.2843153265312606,3.147335399129081,0.2388695932434121,-1.6287237646155912,-0.5644165156549458,0
121.019175,14.550759,-0.7546287683935367,-1.2843153265312606,3.150906948348413,1.0093691714402049,-1.3657568525960342,-0.5022374840324306,0
121.009139,14.563865,-1.0658371099739137,-1.7454660182321355,2.67692128081348,-1.9810982714869587,1.5824884481486945,0.5876753166353114,2
121.026342,14.563933,-0.9778768703338012,-0.5706810404080511,2.503167564762619,-1.3840405486376903,0.3211973599796447,-1.3022159074184998,2
121.018458,14.57608,-0.7579762712335204,-0.8441921841992507,1.9871941663434105,-2.639464080159832,3.307343940488738,1.47839502929509,2
121.018458,14.57608,-0.6876080795214307,-0.8441921841992507,1.987236583056865,-2.6056814192566646,3.316086934418786,1.475892812424075,2
121.009139,14.563865,-1.048245062045891,-1.7454660182321355,2.6769706962846542,-1.9417414715347687,1.5926740360772,0.584760233980579,2
121.018458,14.57608,-0.7283210921605341,-0.8441921841992507,1.9872153747001375,-2.6225727497082483,3.311715437453762,1.4771439208595825,2
121.018458,14.57608,-0.7569474882706897,-0.8441921841992507,1.9871941663434105,-2.639464080159832,3.307343940488738,1.47839502929509,2
121.017742,14.554848,-1.0658371099739137,-1.3073624238923938,3.669189029098408,-0.7450076286544323,-1.9084616392246596,1.1024838984238945,0
121.019175,14.550759,-1.4264740924983736,-1.2843153265312606,3.147335399129081,0.2388695932434121,-1.6287237646155912,-0.5644165156549458,0
121.02645,14.56194,-0.5380756721332399,-0.6057549471135474,2.650271318280029,-1.34572975679273,0.1450664467789008,-1.2910235551364326,2
121.026342,14.563933,-0.8019563910535766,-0.5706810404080511,2.503281241554677,-1.2935030174172018,0.344628583712173,-1.3089218486328198,2
121.0206028,14.5596699,-0.5380756721332399,-1.0491672780093344,3.4439834173984805,-0.9387906226941432,-1.4613918997942026,0.9718022254808826,0
121.0183,14.56166,-0.8655516443133777,-1.1647150168148916,3.155143972559535,-1.4186037178817557,-0.3051851791449776,0.9573162149359954,0
121.019175,14.550759,-1.1748570540693803,-1.2843153265312606,3.150906948348413,1.0093691714402049,-1.3657568525960342,-0.5022374840324306,0
121.017778,14.534456,-0.7462648930868774,-1.506454651259902,1.3217073070255838,-0.7659365126355626,1.6408331054502203,-1.7386707780901451,2
121.019175,14.550759,-1.217749985327485,-1.2843153265312606,3.147335399129081,0.2388695932434121,-1.6287237646155912,-0.5644165156549458,0
121.0203358,14.5741993,-0.743918339951095,-0.7852958783535341,1.26302458164894,-1.837786626096225,1.6553816511036117,-1.9157124649319472,2
121.019175,14.550759,-1.1748638270078324,-1.2843153265312606,3.150906948348413,1.0093691714402049,-1.3657568525960342,-0.5022374840324306,0
121.019175,14.550759,-1.2380121542900222,-1.2843153265312606,3.147335399129081,0.2388695932434121,-1.6287237646155912,-0.5644165156549458,0
121.019175,14.550759,-1.021065347997096,-1.2843153265312606,3.147335399129081,0.2388695932434121,-1.6287237646155912,-0.5644165156549458,0
121.0156,14.55165,-0.8019563910535766,-1.521677792315618,3.385175698690027,-1.2525510903011894,-0.9285360209044308,1.2439792362768127,0
121.019175,14.550759,-0.8811206067296776,-1.2843153265312606,3.147335399129081,0.2388695932434121,-1.6287237646155912,-0.5644165156549458,0
121.019175,14.550759,-1.196713942176593,-1.2843153265312606,3.147335399129081,0.2388695932434121,-1.6287237646155912,-0.5644165156549458,0
121.017742,14.554848,-0.5380756721332399,-1.3073624238923938,3.669125404028226,-0.7956816200091834,-1.921576130119731,1.1062372237304166,0
121.019175,14.550759,-1.3297178288942502,-1.2843153265312606,3.147335399129081,0.2388695932434121,-1.6287237646155912,-0.5644165156549458,0
121.009139,14.563865,-1.0658371099739137,-1.7454660182321355,2.676869320339498,-2.0224820310933387,1.5717782805843858,0.5907405323023046,2
121.0203358,14.5741993,-0.5820557919532959,-0.7852958783535341,1.2630457900056673,-1.8208952956446411,1.6597531480686356,-1.9169635733674544,2
121.019175,14.550759,-1.1098172297939697,-1.2843153265312606,3.147335399129081,0.2388695932434121,-1.6287237646155912,-0.5644165156549458,0
121.019175,14.550759,-1.1056039343152082,-1.2843153265312606,3.147335399129081,0.2388695932434121,-1.6287237646155912,-0.5644165156549458,0
121.019175,14.550759,-1.05700493435141,-1.2843153265312606,3.147335399129081,0.2388695932434121,-1.6287237646155912,-0.5644165156549458,0
121.019175,14.550759,-1.1976455290746215,-1.2843153265312606,3.147335399129081,0.2388695932434121,-1.6287237646155912,-0.5644165156549458,0
121.0156346,14.55165525,-0.7139961514134645,-1.519197190248479,3.3853241571871178,-1.1343117771401037,-0.8979355421492635,1.2352214772282608,0
121.017742,14.554848,-1.0218569901538572,-1.3073624238923938,3.665723521662712,-1.431050554593306,-2.149571066419097,1.0340493246238418,0
121.018458,14.57608,-0.6964041034854419,-0.8441921841992507,1.987236583056865,-2.6056814192566646,3.316086934418786,1.475892812424075,2
121.018458,14.57608,-0.7710839302242107,-0.8441921841992507,1.9871941663434105,-2.639464080159832,3.307343940488738,1.47839502929509,2
121.017742,14.554848,-0.8327424749276159,-1.3073624238923938,3.669040570601317,-0.863246941815518,-1.9390621179798264,1.1112416574724464,0
121.04641,14.571338,-0.933896750513745,0.9533567121879029,2.1076022956710845,-1.5527960661362996,1.3137696886834789,0.2651153109231659,2
121.018458,14.57608,-0.8107524150175878,-0.8441921841992507,1.9871941663434105,-2.639464080159832,3.307343940488738,1.47839502929509,2
121.0203358,14.5741993,-0.6982632997194621,-0.7852958783535341,1.26302458164894,-1.837786626096225,1.6553816511036117,-1.9157124649319472,2
121.019175,14.550759,-0.9592443407310756,-1.2843153265312606,3.147335399129081,0.2388695932434121,-1.6287237646155912,-0.5644165156549458,0
121.017742,14.554848,-0.832830435167256,-1.3073624238923938,3.669040570601317,-0.863246941815518,-1.9390621179798264,1.1112416574724464,0
121.026342,14.563933,-1.1098172297939697,-0.5706810404080511,2.503182410612328,-1.3722166173215815,0.3242574078551615,-1.303091683323355,2
121.019175,14.550759,-1.0042649422258347,-1.2843153265312606,3.147335399129081,0.2388695932434121,-1.6287237646155912,-0.5644165156549458,0
121.026342,14.563933,-0.933896750513745,-0.5706810404080511,2.503163323091273,-1.387418814728007,0.32032306058664,-1.3019656857313984,2
121.009139,14.563865,-0.9778768703338012,-1.7454660182321355,2.6768296607124182,-2.0540688190378003,1.563603581259791,0.5930801050767035,2
121.0206028,14.5596699,-0.7588558736299216,-1.0491672780093344,3.4439834173984805,-0.9387906226941432,-1.4613918997942026,0.9718022254808826,0
121.0271,14.55973,-1.0394490380818795,-0.5966383666928582,3.3542218457195667,-0.9806222915063372,-1.2135164155459668,-0.9376201074262734,0
121.017742,14.554848,-0.9866728942978124,-1.3073624238923938,3.6692314458118624,-0.7112249677512652,-1.8997186452946115,1.0999816815528791,0
121.01860138529,14.541860498165,-0.7908305642222176,-1.466713910820565,1.6431666595870504,-0.669822045918164,1.243200329091774,-1.4056004640352475,2
121.036339,14.562949,-0.6524239836653857,0.0939162412266735,2.028254176737768,-1.931691700563328,1.7302928746336907,-1.5097648427729404,2
121.0218,14.55659,-1.3755324474722406,-1.0021309151579,3.640893984417285,0.2750544861626681,-2.038483293640971,1.194192368232395,0
121.017778,14.534456,-0.6612200076293969,-1.506454651259902,1.3252788562449158,0.0045630655612295,1.9038000174697776,-1.67649174646763,2
121.017778,14.534456,-0.7931603670895654,-1.506454651259902,1.3217073070255838,-0.7659365126355626,1.6408331054502203,-1.7386707780901451,2
121.026342,14.563933,-0.933896750513745,-0.5706810404080511,2.503057281307637,-1.4718754669859253,0.2984655757615203,-1.2957101435538612,2
121.040676,14.564421,-1.0658371099739137,0.4183936887057636,2.0918214661488443,-2.076972582417979,2.712282183529446,-1.4435070240195371,2
121.019175,14.550759,-0.9592443020285704,-1.2843153265312606,3.147335399129081,0.2388695932434121,-1.6287237646155912,-0.5644165156549458,0
121.0183,14.56166,-0.8380200893060226,-1.1647150168148916,3.155143972559535,-1.4186037178817557,-0.3051851791449776,0.9573162149359954,0
121.02779,14.56685,-1.0218569901538572,-0.4072605480568472,2.428903125123113,-1.7524234534169068,1.2617606954364886,-1.3645881954656485,2
121.0183,14.56166,-1.3605039127682894,-1.1647150168148916,3.1552502264267384,-1.3339781523193217,-0.2832839793502079,0.951048161674103,0
121.009139,14.563865,-1.0834291579019355,-1.7454660182321355,2.6769197962285087,-1.9822806646185696,1.5821824433611429,0.587762894225797,2
121.017742,14.554848,-0.8459365108736328,-1.3073624238923938,3.6692526541685897,-0.6943336372996813,-1.8953471483295876,1.098730573117372,0
121.019175,14.550759,-1.0921460176502709,-1.2843153265312606,3.147335399129081,0.2388695932434121,-1.6287237646155912,-0.5644165156549458,0
121.0275016,14.5570169,-1.0177227709305323,-0.6008001957382056,3.248772575852531,0.227359447365754,-1.6054335895885106,-0.5870966104513315,0
121.01725,14.57622,-0.7315881993414868,-0.9136295279496855,2.1757012111068463,-2.7908748110471118,3.672160041233501,1.6028041975063707,2
121.019175,14.550759,-1.0218306020819652,-1.2843153265312606,3.147335399129081,0.2388695932434121,-1.6287237646155912,-0.5644165156549458,0
121.019175,14.550759,-1.0214356606059811,-1.2843153265312606,3.147335399129081,0.2388695932434121,-1.6287237646155912,-0.5644165156549458,0
121.040676,14.564421,-1.1428023196590116,0.4183936887057636,2.0918214661488443,-2.076972582417979,2.712282183529446,-1.4435070240195371,2
121.0169,14.55491,-0.8899166306936889,-1.3614302587749405,3.2960921614522563,-0.9628929770244532,-1.3670533643281608,1.0827446436295871,0
121.0275016,14.5570169,-0.9778768703338012,-0.6008001957382056,3.3487512567697166,-1.452344783647378,-2.28125077744436,-0.911863838254982,0
121.009139,14.563865,-0.531038852962031,-1.7454660182321355,2.677013961332378,-1.9072831574135385,1.601591889885849,0.582207972772144,2
121.0206028,14.5596699,-0.8019563910535766,-1.0491672780093344,3.4439834173984805,-0.9387906226941432,-1.4613918997942026,0.9718022254808826,0
121.0271,14.55973,-1.021742641842325,-0.5966383666928582,3.304382024175901,-0.021686296316106,-0.8447887680146232,-0.7840568079947756,0
121.0275016,14.5570169,-1.0218569901538572,-0.6008001957382056,3.252344125071863,0.9978590255625464,-1.3424666775689535,-0.5249175788288164,0
121.019175,14.550759,-1.1049314782831594,-1.2843153265312606,3.1971858248511102,-0.7116207367210269,-1.9952656636644228,-0.7186053693041972,0
121.0275016,14.5570169,-1.0217536368722802,-0.6008001957382056,3.252344125071863,0.9978590255625464,-1.3424666775689535,-0.5249175788288164,0
121.019175,14.550759,-0.8447138635426351,-1.2843153265312606,3.147335399129081,0.2388695932434121,-1.6287237646155912,-0.5644165156549458,0
121.019175,14.550759,-0.9332907044626246,-1.2843153265312606,3.150906948348413,1.0093691714402049,-1.3657568525960342,-0.5022374840324306,0
121.0271,14.55973,-0.933896750513745,-0.5966383666928582,3.354319404160512,-0.902922171429052,-1.1934075295068567,-0.9433752062296076,0
121.017742,14.554848,-0.8899166306936889,-1.3073624238923938,3.6691381290422624,-0.7855468217382331,-1.9189532319407163,1.105486558669112,0
121.0151995,14.5625431,-1.0394490380818795,-1.3436695200909905,2.9250151183576234,-1.7683291911755863,0.676042824958511,0.7858636303773008,2
121.017742,14.554848,-0.9426927744777562,-1.3073624238923938,3.669045872690499,-0.8590241092026221,-1.937969243738571,1.1109288803635695,0
121.019175,14.550759,-1.0218569901538572,-1.2843153265312606,3.147335399129081,0.2388695932434121,-1.6287237646155912,-0.5644165156549458,0
121.019175,14.550759,-1.584802523850576,-1.2843153265312606,3.147335399129081,0.2388695932434121,-1.6287237646155912,-0.5644165156549458,0
121.019175,14.550759,-0.8378480390772866,-1.2843153265312606,3.147335399129081,0.2388695932434121,-1.6287237646155912,-0.5644165156549458,0
121.017778,14.534456,-0.9601979176890142,-1.506454651259902,1.3217073070255838,-0.7659365126355626,1.6408331054502203,-1.7386707780901451,2
121.009139,14.563865,-1.0746331339379247,-1.7454660182321355,2.676864654501018,-2.026198123792687,1.5708165512520804,0.5910157761581162,2
121.019175,14.550759,-1.235373347100819,-1.2843153265312606,3.147335399129081,0.2388695932434121,-1.6287237646155912,-0.5644165156549458,0
121.019175,14.550759,-0.7931603670895654,-1.2843153265312606,3.1507796982080496,0.9080211887307024,-1.3919858343861775,-0.4947308334193859,0
121.026342,14.563933,-0.9119066906037172,-0.5706810404080511,2.503250277353855,-1.318164359876514,0.338246198143238,-1.307095230316979,2
121.019175,14.550759,-1.0141025913476642,-1.2843153265312606,3.147335399129081,0.2388695932434121,-1.6287237646155912,-0.5644165156549458,0
121.019175,14.550759,-0.7892608257856003,-1.2843153265312606,3.147335399129081,0.2388695932434121,-1.6287237646155912,-0.5644165156549458,0
121.019175,14.550759,-0.8969231915424616,-1.2843153265312606,3.147335399129081,0.2388695932434121,-1.6287237646155912,-0.5644165156549458,0
121.019175,14.550759,-0.9600796111666984,-1.2843153265312606,3.147335399129081,0.2388695932434121,-1.6287237646155912,-0.5644165156549458,0
121.019175,14.550759,-0.959981183658541,-1.2843153265312606,3.147335399129081,0.2388695932434121,-1.6287237646155912,-0.5644165156549458,0
121.019175,14.550759,-1.3835939154750172,-1.2843153265312606,3.147335399129081,0.2388695932434121,-1.6287237646155912,-0.5644165156549458,0
121.0206028,14.5596699,-1.1186132537579807,-1.0491672780093344,3.443962209041753,-0.9556819531457268,-1.4657633967592263,0.9730533339163902,0
121.019175,14.550759,-1.1098172297939697,-1.2843153265312606,3.150906948348413,1.0093691714402049,-1.3657568525960342,-0.5022374840324306,0
121.019175,14.550759,-1.4258917077517166,-1.2843153265312606,3.147335399129081,0.2388695932434121,-1.6287237646155912,-0.5644165156549458,0
121.0153785,14.54579528,-0.7579762712335204,-1.5956624031051736,2.379465513214806,-1.2000825531416566,-0.2202900841827156,-1.0590890177622954,2
121.019175,14.550759,-1.197776677791925,-1.2843153265312606,3.1973024708131104,-0.6187184192373166,-1.9712224303567911,-0.7254864656994882,0
121.019175,14.550759,-0.7175778923716097,-1.2843153265312606,3.150906948348413,1.0093691714402049,-1.3657568525960342,-0.5022374840324306,0
121.017778,14.534456,-0.9953960871834016,-1.506454651259902,1.3252788562449158,0.0045630655612295,1.9038000174697776,-1.67649174646763,2
121.026342,14.563933,-0.9119066906037172,-0.5706810404080511,2.499812340781905,-1.9822485562283287,0.1028197170033319,-1.3771562450831911,2
121.019175,14.550759,-0.933896750513745,-1.2843153265312606,3.1474626492694444,0.340217575952914,-1.6024947828254477,-0.5719231662679904,0
121.026342,14.563933,-1.1546769520104267,-0.5706810404080511,2.503068309653135,-1.4630919751511018,0.3007387541833328,-1.296360719940325,2
121.019175,14.550759,-1.4258916461795488,-1.2843153265312606,3.147335399129081,0.2388695932434121,-1.6287237646155912,-0.5644165156549458,0
121.019175,14.550759,-1.2945337330382052,-1.2843153265312606,3.147335399129081,0.2388695932434121,-1.6287237646155912,-0.5644165156549458,0
121.019175,14.550759,-1.3926520961372515,-1.2843153265312606,3.150906948348413,1.0093691714402049,-1.3657568525960342,-0.5022374840324306,0
121.0206028,14.5596699,-1.6340602580490386,-1.0491672780093344,3.4441742926090257,-0.78676864862989,-1.422048427108987,0.9605422495613156,0
121.0275016,14.5570169,-1.127409277721992,-0.6008001957382056,3.298700412076615,-0.6614775264504046,-1.9560195247150047,-0.7458520098901851,0
121.017742,14.554848,-0.8899166306936889,-1.3073624238923938,3.6692526541685897,-0.6943336372996813,-1.8953471483295876,1.098730573117372,0
121.018458,14.57608,-1.0658371099739137,-0.8441921841992507,1.9871941663434105,-2.639464080159832,3.307343940488738,1.47839502929509,2
121.0275016,14.5570169,-0.933896750513745,-0.6008001957382056,3.2986123973961967,-0.7315765478244768,-1.974161237119854,-0.7406599098828293,0
121.0275016,14.5570169,-1.241757589254138,-0.6008001957382056,3.2986887474804147,-0.6707677581987758,-1.958423848045768,-0.745163900250656,0
121.0275016,14.5570169,-1.206573493398093,-0.6008001957382056,3.2986641457866117,-0.6903617015226128,-1.9634947845251955,-0.7437126144654673,0
121.011528,14.543799,-1.320921804930239,-1.9053778968227075,2.600307844951228,-1.6325257480404691,0.7665656579835348,0.5622397477439667,2
121.026342,14.563933,-0.8723245827656664,-0.5706810404080511,2.503250277353855,-1.318164359876514,0.338246198143238,-1.307095230316979,2
121.009139,14.563865,-0.96908084636979,-1.7454660182321355,2.676864654501018,-2.026198123792687,1.5708165512520804,0.5910157761581162,2
121.0190863,14.55925595,-0.9163047025857224,-1.1609610130135004,3.478116040123777,-0.8906543097857899,-1.3642292866303962,0.9983670481657366,0
121.011528,14.543799,-0.6188329357094629,-1.9053778968227075,2.6002866365945008,-1.6494170784920528,0.7621941610185109,0.563490856179474,2
121.0206028,14.5596699,-0.7579762712335204,-1.0491672780093344,3.4439717528022804,-0.948080854442514,-1.463796223124966,0.9724903351204118,0
121.01142,14.56051,-0.7579762712335204,-1.6496223046751226,2.8208291214715757,-1.8281722157511484,0.9391396608615472,0.6629543811089175,2
121.036339,14.562949,-0.4501154324931275,0.0939162412266735,2.028254176737768,-1.931691700563328,1.7302928746336907,-1.5097648427729404,2
121.019175,14.550759,-1.3824939726783176,-1.2843153265312606,3.1474626492694444,0.340217575952914,-1.6024947828254477,-0.5719231662679904,0
121.0203358,14.5741993,-0.5785373823676915,-0.7852958783535341,1.26302458164894,-1.837786626096225,1.6553816511036117,-1.9157124649319472,2
121.0203358,14.5741993,-0.5347331830269155,-0.7852958783535341,1.26302458164894,-1.837786626096225,1.6553816511036117,-1.9157124649319472,2
121.0203358,14.5741993,-0.5623526982739108,-0.7852958783535341,1.26302458164894,-1.837786626096225,1.6553816511036117,-1.9157124649319472,2
121.019175,14.550759,-1.0394490380818795,-1.2843153265312606,3.147335399129081,0.2388695932434121,-1.6287237646155912,-0.5644165156549458,0
121.019175,14.550759,-1.0306530141178685,-1.2843153265312606,3.147335399129081,0.2388695932434121,-1.6287237646155912,-0.5644165156549458,0
121.0206028,14.5596699,-0.7139961514134645,-1.0491672780093344,3.4439834173984805,-0.9387906226941432,-1.4613918997942026,0.9718022254808826,0
121.0425982,14.56253828,-1.1537973496140257,0.5233013205231356,2.082086669135836,-2.154439629546919,2.456554387948435,-1.4082504435857788,2
121.0206028,14.5596699,-0.8459365108736328,-1.0491672780093344,3.4439834173984805,-0.9387906226941432,-1.4613918997942026,0.9718022254808826,0
121.017742,14.554848,-0.7579762712335204,-1.3073624238923938,3.6692335666475353,-0.7095358347061067,-1.899281495598109,1.0998565707093286,0
121.019175,14.550759,-0.7908306521824573,-1.2843153265312606,3.147335399129081,0.2388695932434121,-1.6287237646155912,-0.5644165156549458,0
121.018458,14.57608,-0.8459365108736328,-0.8441921841992507,1.9872153747001375,-2.6225727497082483,3.311715437453762,1.4771439208595825,2
121.018458,14.57608,-0.7579762712335204,-0.8441921841992507,1.9872153747001375,-2.6225727497082483,3.311715437453762,1.4771439208595825,2
121.0203358,14.5741993,-0.5685099150487186,-0.7852958783535341,1.26302458164894,-1.837786626096225,1.6553816511036117,-1.9157124649319472,2
121.018458,14.57608,-0.6633371226372949,-0.8441921841992507,1.983749867264442,-3.308615675647123,3.0706060102593247,1.40870934705953,2
121.018458,14.57608,-0.705960279840423,-0.8441921841992507,1.983749867264442,-3.308615675647123,3.0706060102593247,1.40870934705953,2
121.019175,14.550759,-1.5496184279945309,-1.2843153265312606,3.150906948348413,1.0093691714402049,-1.3657568525960342,-0.5022374840324306,0
121.017742,14.554848,-0.6700160315934082,-1.3073624238923938,3.6692441708258983,-0.7010901694803149,-1.8970957471155967,1.0992310164915748,0
121.026342,14.563933,-0.96908084636979,-0.5706810404080511,2.503163323091273,-1.387418814728007,0.32032306058664,-1.3019656857313984,2
121.040676,14.564421,-1.1362053016860032,0.4183936887057636,2.0881862918593304,-2.898146151969522,2.4362007806148176,-1.50193273033553,2
121.0206028,14.5596699,-0.7579762712335204,-1.0491672780093344,3.443962209041753,-0.9556819531457268,-1.4657633967592263,0.9730533339163902,0
121.017778,14.534456,-0.8019563910535766,-1.506454651259902,1.3252788562449158,0.0045630655612295,1.9038000174697776,-1.67649174646763,2
121.0231455,14.56151588,-1.1167660887255384,-0.8402208041006761,3.069888121355101,-1.0104441614670765,-0.8117581970412798,0.4423770588511178,0
121.019175,14.550759,-0.957555943931184,-1.2843153265312606,3.1474626492694444,0.340217575952914,-1.6024947828254477,-0.5719231662679904,0
121.017742,14.554848,-0.8459365108736328,-1.3073624238923938,3.669295070882044,-0.6605509763965141,-1.8866041543995395,1.096228356246357,0
121.0275016,14.5570169,-0.8899166306936889,-0.6008001957382056,3.2987820642500147,-0.5964459042118077,-1.9391892613996624,-0.7506687773668888,0
121.019175,14.550759,-0.7989361882652937,-1.2843153265312606,3.147335399129081,0.2388695932434121,-1.6287237646155912,-0.5644165156549458,0
121.0206028,14.5596699,-1.0218569901538572,-1.0491672780093344,3.444110667538844,-0.837442639984641,-1.435162918004059,0.964295574867838,0
121.04256174476,14.562864319872,0.5614273233681636,0.5252204449311997,2.0634224995820016,-2.071442768944164,2.545373518593381,-1.4433065424823293,2
121.017778,14.534456,-1.285737709074194,-1.506454651259902,1.3251516061045523,-0.0967849171482723,1.877571035679634,-1.668985095854585,2
121.017742,14.554848,-0.9778768703338012,-1.3073624238923938,3.669082987314772,-0.8294642809123507,-1.9303191240497788,1.1087394406014317,0
121.0117,14.56164,-1.1098172297939697,-1.5956756728312618,2.911635396360136,-1.8900787262367065,1.344502631682444,0.6964497361514295,2
121.017778,14.534456,-1.3260172536523511,-1.506454651259902,1.3251516061045523,-0.0967849171482723,1.877571035679634,-1.668985095854585,2
121.0138566,14.55195503,-1.127409277721992,-1.6360417975663222,3.398409073621864,-1.25431643068251,-0.5072855046727318,1.3438845626397538,0
121.017742,14.554848,-0.1422545937527345,-1.3073624238923938,3.669273862525317,-0.6774423068480977,-1.890975651364564,1.0974794646818644,0
121.003404,14.55953,-1.3605039127682894,-2.173319188661078,2.91919424094162,-2.2846042990203763,2.217894333012749,2.1961747194646377,2
121.018458,14.57608,-0.6822425049033838,-0.8441921841992507,1.9871941663434105,-2.639464080159832,3.307343940488738,1.47839502929509,2
121.0206028,14.5596699,-1.0394490380818795,-1.0491672780093344,3.4404542848926027,-1.6755075399877677,-1.7156158178837115,0.9071209769873526,0
121.019175,14.550759,-1.0658371099739137,-1.2843153265312606,3.1973873042400194,-0.551153097430982,-1.9537364424966956,-0.7304908994415179,0
121.018458,14.57608,-0.5820557919532959,-0.8441921841992507,1.9872153747001375,-2.6225727497082483,3.311715437453762,1.4771439208595825,2
121.019175,14.550759,-1.4192068174993075,-1.2843153265312606,3.147335399129081,0.2388695932434121,-1.6287237646155912,-0.5644165156549458,0
121.017742,14.554848,-0.3181750730329591,-1.3073624238923938,3.669273862525317,-0.6774423068480977,-1.890975651364564,1.0974794646818644,0
121.017742,14.554848,-0.8899166306936889,-1.3073624238923938,3.6692314458118624,-0.7112249677512652,-1.8997186452946115,1.0999816815528791,0
121.0206028,14.5596699,-0.933896750513745,-1.0491672780093344,3.4439834173984805,-0.9387906226941432,-1.4613918997942026,0.9718022254808826,0
121.026342,14.563933,-1.1537973496140257,-0.5706810404080511,2.5030360729509096,-1.488766797437509,0.2940940787964963,-1.2944590351183538,2
121.017742,14.554848,-0.9163047025857224,-1.3073624238923938,3.66901936224459,-0.8801382722671016,-1.9434336149448508,1.1124927659079538,0
121.0206028,14.5596699,-0.8899166306936889,-1.0491672780093344,3.4440894591821167,-0.8543339704362248,-1.4395344149690827,0.9655466833033454,0
121.017742,14.554848,-0.8899166306936889,-1.3073624238923938,3.66912201069115,-0.7983842328814368,-1.922275569634135,1.1064374010800977,0
121.0206028,14.5596699,-0.819548438981599,-1.0491672780093344,3.4439834173984805,-0.9387906226941432,-1.4613918997942026,0.9718022254808826,0
121.019175,14.550759,-1.1098172297939697,-1.2843153265312606,3.197433962624819,-0.5139921704374979,-1.944119149173643,-0.7332433379996343,0
121.0279855,14.56648515,-0.8987126546577001,-0.3960545362721706,2.4759270257838444,-1.8721990888289075,1.331762960342313,-1.327418027500617,2
121.036339,14.562949,-0.5996478398813183,0.0939162412266735,2.028254176737768,-1.931691700563328,1.7302928746336907,-1.5097648427729404,2
121.019175,14.550759,-0.8899166306936889,-1.2843153265312606,3.1973024708131104,-0.6187184192373166,-1.9712224303567911,-0.7254864656994882,0
121.0283766,14.56536992,-0.8459365108736328,-0.3994703151735488,2.604960548795633,-1.5157159452282878,0.8520865211551883,-1.4039417631461948,2
121.0207438,14.55519865,-1.0394490380818795,-1.098134340367331,3.950988967505048,-0.618130481652545,-2.4415790380910605,1.1352948891258632,0
121.0206028,14.5596699,-1.0218569901538572,-1.0491672780093344,3.493950489082509,-1.7963786351748718,-1.8038905655354025,0.8107322754363404,0
121.0170718,14.54298517,-0.819548438981599,-1.5550139202970503,1.838323304592772,-1.465777807632398,0.2840052380831362,-1.3583891536368824,2
121.019175,14.550759,-0.4501154324931275,-1.2843153265312606,3.197344887526565,-0.5849357583341496,-1.9624794364267435,-0.7279886825705031,0
121.017742,14.554848,-0.8019563910535766,-1.3073624238923938,3.6692314458118624,-0.7112249677512652,-1.8997186452946115,1.0999816815528791,0
121.026342,14.563933,-1.1186132537579807,-0.5706810404080511,2.5030500704663496,-1.477618519339464,0.2969792667934122,-1.2952847666857887,2
121.019175,14.550759,-1.0570410860099022,-1.2843153265312606,3.147335399129081,0.2388695932434121,-1.6287237646155912,-0.5644165156549458,0
121.011528,14.543799,-0.6524239836653857,-1.9053778968227075,2.600290878265846,-1.646038812401736,0.7630684604115157,0.5632406344923726,2
121.009139,14.563865,-1.0320957379684457,-1.7454660182321355,2.6768358111358688,-2.049170333206841,1.564871315379648,0.5927172836304063,2
121.01769689893,14.560320330524,-0.7579762712335204,-1.2361666223401728,3.3284391253514936,-1.1254550137579136,-0.6584348475025805,0.8984120305573661,0
121.019175,14.550759,-1.049645037220003,-1.2843153265312606,3.147335399129081,0.2388695932434121,-1.6287237646155912,-0.5644165156549458,0
121.019175,14.550759,-1.04964820378863,-1.2843153265312606,3.1507796982080496,0.9080211887307024,-1.3919858343861775,-0.4947308334193859,0
121.017742,14.554848,-1.0394490380818795,-1.3073624238923938,3.669121586524015,-0.7987220594904685,-1.9223629995734357,1.1064624232488078,0
121.019175,14.550759,-0.9575401110880486,-1.2843153265312606,3.150906948348413,1.0093691714402049,-1.3657568525960342,-0.5022374840324306,0
121.0156,14.55165,-0.9778768703338012,-1.521677792315618,3.385175698690027,-1.2525510903011894,-0.9285360209044308,1.2439792362768127,0
121.036339,14.562949,-0.6700160315934082,0.0939162412266735,2.028254176737768,-1.931691700563328,1.7302928746336907,-1.5097648427729404,2
121.01443,14.54826,-0.6968439046836424,-1.6371436000738349,2.751897098483308,-1.2420022139139313,-0.2333317757249769,-0.7477551603937731,2
121.017742,14.554848,-0.8019563910535766,-1.3073624238923938,3.66901936224459,-0.8801382722671016,-1.9434336149448508,1.1124927659079538,0
121.018458,14.57608,-0.6633371226372949,-0.8441921841992507,2.03716123802744,-3.497052092640561,2.964845274747538,1.317325079250547,2
121.017742,14.554848,-0.8899166306936889,-1.3073624238923938,3.669125404028226,-0.7956816200091834,-1.921576130119731,1.1062372237304166,0
121.026342,14.563933,-0.8107524150175878,-0.5706810404080511,2.503057281307637,-1.4718754669859253,0.2984655757615203,-1.2957101435538612,2
121.009139,14.563865,-0.9778768703338012,-1.7454660182321355,2.6768358111358688,-2.049170333206841,1.564871315379648,0.5927172836304063,2
121.017742,14.554848,-0.9778768703338012,-1.3073624238923938,3.6692526541685897,-0.6943336372996813,-1.8953471483295876,1.098730573117372,0
121.019175,14.550759,-0.9778768703338012,-1.2843153265312606,3.1973873042400194,-0.551153097430982,-1.9537364424966956,-0.7304908994415179,0
121.017742,14.554848,-0.7227921753774755,-1.3073624238923938,3.6692314458118624,-0.7112249677512652,-1.8997186452946115,1.0999816815528791,0
121.026342,14.563933,-1.1098172297939697,-0.5706810404080511,2.499719024012305,-2.056570410215297,0.0835851303572266,-1.3716513679669582,2
121.026342,14.563933,-1.127409277721992,-0.5706810404080511,2.503057281307637,-1.4718754669859253,0.2984655757615203,-1.2957101435538612,2
121.026342,14.563933,-0.4061353126730714,-0.5706810404080511,2.503311781588364,-1.2691795015669214,0.3509235393418075,-1.3107234447799505,2
121.0202378,14.56154225,-0.7755683191615429,-1.0372291379481695,3.070333360285844,-1.1265485022649002,-0.8769963707454779,0.7004040857372129,0
121.026342,14.563933,-0.7667722951975317,-0.5706810404080511,2.503142114734546,-1.4043101451795907,0.3159515636216161,-1.300714577295891,2
121.017742,14.554848,-0.9426927744777562,-1.3073624238923938,3.6691360082065896,-0.7872359547833916,-1.919390381637219,1.1056116695126628,0
121.0134492,14.54985328,-1.3297178288942502,-1.6964034687345646,2.8460099200066984,-1.29126119567863,-0.307115212149159,-0.5520051983084018,0
121.0206028,14.5596699,-0.5820557919532959,-1.0491672780093344,3.4440894591821167,-0.8543339704362248,-1.4395344149690827,0.9655466833033454,0
121.026342,14.563933,-1.1546769520104267,-0.5706810404080511,2.4996240105741667,-2.1322435706383915,0.0640008239539193,-1.366046402175885,2
121.0153785,14.54579528,-1.1537973496140257,-1.5956624031051736,2.379465513214806,-1.2000825531416566,-0.2202900841827156,-1.0590890177622954,2
121.019175,14.550759,-1.3649019247502951,-1.2843153265312606,3.147335399129081,0.2388695932434121,-1.6287237646155912,-0.5644165156549458,0
121.026342,14.563933,-0.8547325348376439,-0.5706810404080511,2.503248156518182,-1.3198534929216723,0.3378090484467357,-1.3069701194734282,2
121.019175,14.550759,-1.393541426936157,-1.2843153265312606,3.147335399129081,0.2388695932434121,-1.6287237646155912,-0.5644165156549458,0
121.0206028,14.5596699,-0.6700160315934082,-1.0491672780093344,3.4439834173984805,-0.9387906226941432,-1.4613918997942026,0.9718022254808826,0
121.017742,14.554848,-0.4061353126730714,-1.3073624238923938,3.6692441708258983,-0.7010901694803149,-1.8970957471155967,1.0992310164915748,0
121.0283766,14.56536992,-1.127409277721992,-0.3994703151735488,2.6047546156518115,-1.6797307639131651,0.8096392856248059,-1.3917935002374175,2
121.02407,14.5590183,-0.9778768703338012,-0.8177557245042754,3.230733992372308,-0.5197513062042972,-2.0887503588054304,-0.8166097731161931,0
121.0172741,14.56261596,-0.9356559553065472,-1.2070392784889517,2.866203516026153,-1.6075120359608392,0.2452340773803318,0.7721192638121572,2
121.017742,14.554848,-0.8899166306936889,-1.3073624238923938,3.669273862525317,-0.6774423068480977,-1.890975651364564,1.0974794646818644,0
121.019175,14.550759,-1.0394490380818795,-1.2843153265312606,3.1971858248511102,-0.7116207367210269,-1.9952656636644228,-0.7186053693041972,0
121.028062,14.56641376,-1.0218569901538572,-0.3929774006795697,2.47596626124379,-1.8409501274934772,1.3398502297276071,-1.329732578106306,2
121.026342,14.563933,-0.7579762712335204,-0.5706810404080511,2.503226948161455,-1.3367448233732562,0.3334375514817118,-1.3057190110379209,2
121.009139,14.563865,-1.241757589254138,-1.7454660182321355,2.676864654501018,-2.026198123792687,1.5708165512520804,0.5910157761581162,2
121.019175,14.550759,-0.9560177832205972,-1.2843153265312606,3.147335399129081,0.2388695932434121,-1.6287237646155912,-0.5644165156549458,0
121.018458,14.57608,-1.1098172297939697,-0.8441921841992507,1.9871729579866837,-2.656355410611416,3.302972443523714,1.4796461377305976,2
121.019175,14.550759,-1.3620543113870172,-1.2843153265312606,3.150906948348413,1.0093691714402049,-1.3657568525960342,-0.5022374840324306,0
121.0180654,14.55530543,-0.8459365108736328,-1.2738434197147392,3.698300543141592,-0.6859363715640476,-1.9024004427588808,1.1098155882855725,0
121.0206028,14.5596699,-0.8459365108736328,-1.0491672780093344,3.443932517342335,-0.9793298157779438,-1.4718834925102602,0.9748048857261006,0
121.026342,14.563933,-1.1977774694340817,-0.5706810404080511,2.503057281307637,-1.4718754669859253,0.2984655757615203,-1.2957101435538612,2
121.0206028,14.5596699,-0.740384223305498,-1.0491672780093344,3.44395160486339,-0.9641276183715186,-1.4679491452417386,0.9736788881341436,0
121.019175,14.550759,-1.3824939726783176,-1.2843153265312606,3.147335399129081,0.2388695932434121,-1.6287237646155912,-0.5644165156549458,0
121.0206028,14.5596699,-0.5116876002412061,-1.0491672780093344,3.443941000685026,-0.9725732835973104,-1.4701348937242504,0.9743044423518976,0
121.019175,14.550759,-1.241757589254138,-1.2843153265312606,3.1972388457429286,-0.6693924105920678,-1.9843369212518631,-0.7217331403929659,0
121.0283766,14.56536992,-0.8723245827656664,-0.3994703151735488,2.6049817571523604,-1.498824614776704,0.8564580181202123,-1.4051928715817024,2
121.009139,14.563865,-1.1450013256500144,-1.7454660182321355,2.676899648289618,-1.9983274285475745,1.57802952124437,0.5889514472395291,2
121.017742,14.554848,-1.0658371099739137,-1.3073624238923938,3.719092475712255,-1.653269632489912,-2.264074795860932,0.9451672736858742,0
121.0206028,14.5596699,-0.7667722951975317,-1.0491672780093344,3.4439823569806443,-0.9396351892167224,-1.4616104746424536,0.971864780902658,0
121.0297,14.54133,-1.1362053016860032,-0.6898114450505053,1.0970849336021318,-1.4200080060607336,1.0727786840134022,-2.003255136546959,2
121.026342,14.563933,-1.1098172297939697,-0.5706810404080511,2.4565292066133946,0.0506413083691974,0.8766092974908777,-1.064641734164882,2
121.017742,14.554848,-0.9778768703338012,-1.3073624238923938,3.66901936224459,-0.8801382722671016,-1.9434336149448508,1.1124927659079538,0
121.017742,14.554848,-0.8459365108736328,-1.3073624238923938,3.66918266659139,-0.7500750277899073,-1.9097730883141664,1.1028592309545464,0
121.017742,14.554848,-1.0658371099739137,-1.3073624238923938,3.669040570601317,-0.863246941815518,-1.9390621179798264,1.1112416574724464,0
121.017742,14.554848,-1.0658371099739137,-1.3073624238923938,3.719007642285346,-1.7208349542962469,-2.2815607837210274,0.950171707427904,0
121.0151995,14.5625431,-0.7579762712335204,-1.3436695200909905,2.9252908269950777,-1.5487418953049987,0.7328722855038221,0.7695992207157039,2
121.026342,14.563933,-0.8459365108736328,-0.5706810404080511,2.503226948161455,-1.3367448233732562,0.3334375514817118,-1.3057190110379209,2
121.019175,14.550759,-0.8899166306936889,-1.2843153265312606,3.19715401231602,-0.7369577323984023,-2.001822909111959,-0.7167287066509361,0
121.0183093,14.5422286,-0.8899166306936889,-1.4820351937382084,1.7307165706594756,-1.4907078141853989,0.775521365640968,-1.5115715175127784,2
121.017742,14.554848,-0.4501154324931275,-1.3073624238923938,3.6692526541685897,-0.6943336372996813,-1.8953471483295876,1.098730573117372,0
121.0189484,14.55479212,-0.9778768703338012,-1.2283234853326523,3.714153662594392,-0.7513420962702221,-1.9448495104996848,1.1281986198857077,0
121.040676,14.564421,-1.184583433488065,0.4183936887057636,2.091630590938299,-2.2289945564822324,2.672938710844231,-1.43224704809997,2
121.0275016,14.5570169,-0.933896750513745,-0.6008001957382056,3.298718439179833,-0.6471198955665586,-1.9523037522947344,-0.7469154520603665,0
121.009139,14.563865,-1.0658371099739137,-1.7454660182321355,2.676885862857745,-2.0093067933411035,1.5751880482171043,0.5897646677226088,2
121.019175,14.550759,-0.2829909771769142,-1.2843153265312606,3.197281262456383,-0.6356097496889005,-1.9755939273218155,-0.7242353572639807,0
121.019175,14.550759,-1.0658371099739137,-1.2843153265312606,3.1508645316349586,0.9755865105370372,-1.374499846526082,-0.4997352671614157,0
121.009139,14.563865,-1.1098172297939697,-1.7454660182321355,2.676949487927927,-1.9586328019863528,1.588302539112176,0.5860113424160865,2
121.026342,14.563933,-1.1362053016860032,-0.5706810404080511,2.503057281307637,-1.4718754669859253,0.2984655757615203,-1.2957101435538612,2
121.0206028,14.5596699,-0.8459365108736328,-1.0491672780093344,3.443962209041753,-0.9556819531457268,-1.4657633967592263,0.9730533339163902,0
121.01142,14.56051,-0.5820557919532959,-1.6496223046751226,2.820956371611939,-1.7268242330416463,0.965368642651691,0.6554477304958727,2
121.0206028,14.5596699,-0.933896750513745,-1.0491672780093344,3.4441624159292585,-0.796227793682777,-1.4244964654094006,0.9612428702852,0
121.019175,14.550759,-0.9778768703338012,-1.2843153265312606,3.1972388457429286,-0.6693924105920678,-1.9843369212518631,-0.7217331403929659,0
121.026342,14.563933,-1.241757589254138,-0.5706810404080511,2.503226948161455,-1.3367448233732562,0.3334375514817118,-1.3057190110379209,2
121.0092101,14.5661991,-1.320921804930239,-1.72013754798127,2.2829143724463568,-1.9183176939468236,1.7100858675651314,0.2305175248894182,2
121.0237865,14.56161652,-0.7755683191615429,-0.7944173333142053,2.8463494140136114,-0.9789400608641402,-0.916450192203402,-1.1509650718236506,0
121.026342,14.563933,-0.7755683191615429,-0.5706810404080511,2.4997826490824866,-2.0058964188605466,0.0966996212522983,-1.3754046932734807,2
121.009139,14.563865,-1.1537973496140257,-1.7454660182321355,2.676884802439909,-2.010151359863683,1.5749694733688533,0.5898272231443843,2
121.01923930551,14.556045300817,-0.8899166306936889,-1.186905411607763,3.8134181074446025,-0.7397796922676424,-2.051336980416332,1.1007565087160684,0
121.009139,14.563865,-1.1098172297939697,-1.7454660182321355,2.6769598800227232,-1.9503560500650765,1.590444572625038,0.5853982992826879,2
121.01142,14.56051,-0.8459365108736328,-1.6496223046751226,2.820977579968666,-1.7099329025900627,0.9697401396167148,0.6541966220603653,2
121.0206028,14.5596699,-0.8019563910535766,-1.0491672780093344,3.443962209041753,-0.9556819531457268,-1.4657633967592263,0.9730533339163902,0
121.009139,14.563865,-1.1098172297939697,-1.7454660182321355,2.6769706962846542,-1.9417414715347687,1.5926740360772,0.584760233980579,2
121.009139,14.563865,-1.3297178288942502,-1.7454660182321355,2.6768434461442907,-2.043089454244271,1.5664450542870565,0.5922668845936238,2
121.017742,14.554848,-0.4061353126730714,-1.3073624238923938,3.6692314458118624,-0.7112249677512652,-1.8997186452946115,1.0999816815528791,0
121.026342,14.563933,-1.0658371099739137,-0.5706810404080511,2.503316447426844,-1.2654634088675731,0.3518852686741127,-1.310998688635762,2
121.017742,14.554848,-1.1537973496140257,-1.3073624238923938,3.665740488348094,-1.417537490232039,-2.1460738688470773,1.033048437875436,0
121.017742,14.554848,-1.069355519559518,-1.3073624238923938,3.7190500589988007,-1.6870522933930794,-2.27281778979098,0.9476694905568892,0
121.009139,14.563865,-1.1537973496140257,-1.7454660182321355,2.673399147065322,-2.712241049731561,1.329707124057643,0.5225812023580638,2
121.026342,14.563933,-0.9382947624957504,-0.5706810404080511,2.499612982228669,-2.1410270624732157,0.0617276455321069,-1.365395825789421,2
121.0271,14.55973,-1.1537973496140257,-0.5966383666928582,3.301022558523841,-0.6232725699970619,-1.0640407103839409,-0.8587469239723652,0
121.009139,14.563865,-1.0658371099739137,-1.7454660182321355,2.627152083097716,-0.965914145892955,1.965773180573568,0.7370724249765692,2
121.017742,14.554848,-1.2681456611461717,-1.3073624238923938,3.669123283192553,-0.7973707530543419,-1.9220132798162333,1.1063623345739673,0
121.026342,14.563933,-1.1146198588783196,-0.5706810404080511,2.4996348268360977,-2.123628992108084,0.0662302874060816,-1.3666844674779937,2
121.026342,14.563933,-1.1010212058299582,-0.5706810404080511,2.4996057713873814,-2.146770114826754,0.0602413365639987,-1.3649704489213486,2
121.017742,14.554848,-1.1889814454700705,-1.3073624238923938,3.6691404619615033,-0.7836887753885591,-1.918472367274564,1.1053489367412064,0
121.003404,14.55953,-1.3605039127682894,-2.173319188661078,2.915749941862652,-2.9537558945076667,1.9811564027833355,2.126489037229078,2
121.003404,14.55953,-1.2100919029836974,-2.173319188661078,2.9190780191467547,-2.377168789895055,2.193938529644418,2.2030307936912186,2
121.003404,14.55953,-1.3537661584118568,-2.173319188661078,2.919214388880511,-2.268557535091372,2.222047255129522,2.1949861664509056,2
121.017742,14.554848,-0.9092678834145136,-1.3073624238923938,3.669305675060408,-0.6521053111707222,-1.884418405917028,1.0956028020286033,0
121.0206028,14.5596699,-0.6700160315934082,-1.0491672780093344,3.4405270295561774,-1.6175702765388356,-1.7006215832936795,0.9028296750535622,0
121.019175,14.550759,-0.933896750513745,-1.2843153265312606,3.1507796982080496,0.9080211887307024,-1.3919858343861775,-0.4947308334193859,0
121.017742,14.554848,-1.0042649422258347,-1.3073624238923938,3.6656811049492575,-1.4648332154964732,-2.1583140603491446,1.0365515414948567,0
121.009139,14.563865,-1.1801854215060594,-1.7454660182321355,2.6769070712144725,-1.99241546288952,1.5795595451821285,0.5885135592871015,2
121.003404,14.55953,-1.2100919029836974,-2.173319188661078,2.9190688995533622,-2.384432061989236,2.192058785949458,2.203568770318487,2
121.003404,14.55953,-1.356105900786284,-2.173319188661078,2.9157700898015424,-2.937709130578662,1.985309324900108,2.125300484215346,2
121.017742,14.554848,-0.9686410451715892,-1.3073624238923938,3.7157118017034687,-2.271747236622451,-2.487698235195273,0.8717282661437922,0
121.017742,14.554848,-1.2241655413261154,-1.3073624238923938,3.669040570601317,-0.863246941815518,-1.9390621179798264,1.1112416574724464,0
121.0206028,14.5596699,-1.0218569901538572,-1.0491672780093344,3.4439834173984805,-0.9387906226941432,-1.4613918997942026,0.9718022254808826,0
121.018458,14.57608,-0.6837290329533017,-0.8441921841992507,1.9872153747001375,-2.6225727497082483,3.311715437453762,1.4771439208595825,2
121.0206028,14.5596699,-1.0878271698839417,-1.0491672780093344,3.444011200345793,-0.9166629798025684,-1.4556652387700213,0.970163273430368,0
121.0130061,14.56015921,-1.3191626001374368,-1.5554110193627986,3.033555019768072,-2.227533561724952,0.5780214326025157,0.6598932346635981,2
121.017742,14.554848,-1.0544022788206988,-1.3073624238923938,3.665691709127621,-1.4563875502706811,-2.1561283118666323,1.035925987277103,0
121.003404,14.55953,-1.2232859389297144,-2.173319188661078,2.9190574470407293,-2.39355338043309,2.1896981775883444,2.2042443688736606,2
121.009139,14.563865,-1.240438185659536,-1.7454660182321355,2.676866563253124,-2.0246779040520444,1.5712099859789326,0.5909031763989206,2
121.019175,14.550759,-0.2302148333928468,-1.2843153265312606,3.197429720953474,-0.5173704365278147,-1.944993448566648,-0.7329931163125328,0
121.0283766,14.56536992,-0.8987126546577001,-0.3994703151735488,2.6050044500940586,-1.4807508911935094,0.8611355198727879,-1.406531557607695,2
121.0275016,14.5570169,-1.1296082837129948,-0.6008001957382056,3.298750251714924,-0.6217828998891829,-1.9457465068471984,-0.7487921147136276,0
121.0151995,14.5625431,-0.8635285588016551,-1.3436695200909905,2.9252908269950777,-1.5487418953049987,0.7328722855038221,0.7695992207157039,2
121.015284,14.5611155,-0.9778768703338012,-1.3793173573956807,3.360378593467165,-1.5803741561383668,0.1168973691502807,0.9728440997310588,0
121.017742,14.554848,-0.9778768703338012,-1.3073624238923938,3.6691381290422624,-0.7855468217382331,-1.9189532319407163,1.105486558669112,0
121.026342,14.563933,-0.8556121372340451,-0.5706810404080511,2.503248156518182,-1.3198534929216723,0.3378090484467357,-1.3069701194734282,2
121.017742,14.554848,-0.933896750513745,-1.3073624238923938,3.669040570601317,-0.863246941815518,-1.9390621179798264,1.1112416574724464,0
121.0271,14.55973,-0.6700160315934082,-0.5966383666928582,3.354448563052981,-0.8000539689789078,-1.166785112989861,-0.950994456601848,0
121.019175,14.550759,-1.3912812006183648,-1.2843153265312606,3.147335399129081,0.2388695932434121,-1.6287237646155912,-0.5644165156549458,0
121.017742,14.554848,-1.0658371099739137,-1.3073624238923938,3.669131766535244,-0.7906142208737084,-1.920264681030224,1.1058618911997644,0
121.0206028,14.5596699,-1.0658371099739137,-1.0491672780093344,3.444004625755208,-0.9218992922425596,-1.4570204028291784,0.9705511170453752,0
121.017742,14.554848,-0.6700160315934082,-1.3073624238923938,3.6692314458118624,-0.7112249677512652,-1.8997186452946115,1.0999816815528791,0
121.017742,14.554848,-0.7579762712335204,-1.3073624238923938,3.6691360082065896,-0.7872359547833916,-1.919390381637219,1.1056116695126628,0
121.019175,14.550759,-1.0496524258801327,-1.2843153265312606,3.147335399129081,0.2388695932434121,-1.6287237646155912,-0.5644165156549458,0
121.0274,14.56691,-0.4940955523131836,-0.4343172343861769,2.2326122828322585,-1.640284961266416,1.2400788724219405,-1.418275730881979,2
121.019175,14.550759,-1.0218569901538572,-1.2843153265312606,3.1474626492694444,0.340217575952914,-1.6024947828254477,-0.5719231662679904,0
121.017742,14.554848,-0.907948479819912,-1.3073624238923938,3.6692441708258983,-0.7010901694803149,-1.8970957471155967,1.0992310164915748,0
121.0146568,14.5629045,-1.0658371099739137,-1.366693714783999,2.7981667802331285,-1.766611489631942,0.7030969537283267,0.6897450116872164,2
121.01693,14.5534683,-0.8899166306936889,-1.3950928249999763,3.5590845680159773,-0.9735149155175272,-1.4630043335893324,1.1984373886065345,0
121.01693,14.5534683,-0.6700160315934082,-1.3950928249999763,3.5590845680159773,-0.9735149155175272,-1.4630043335893324,1.1984373886065345,0
121.016301,14.55760762,-1.0394490380818795,-1.379203417145352,3.616546146775189,-1.0974283498170572,-1.0729241682582389,1.0832081283647106,0
121.017742,14.554848,-0.933896750513745,-1.3073624238923938,3.669282345868008,-0.6706857746674644,-1.889227052578554,1.0969790213076616,0
121.019175,14.550759,-0.7139961514134645,-1.2843153265312606,3.1973024708131104,-0.6187184192373166,-1.9712224303567911,-0.7254864656994882,0
121.019175,14.550759,-1.048245062045891,-1.2843153265312606,3.147335399129081,0.2388695932434121,-1.6287237646155912,-0.5644165156549458,0
121.0283829,14.5657429,-0.9778768703338012,-0.3895673065497822,2.531025278459158,-1.7212912583174231,1.1185204559387514,-1.3781096778969883,2
121.026342,14.563933,-1.0306530141178685,-0.5706810404080511,2.5030360729509096,-1.488766797437509,0.2940940787964963,-1.2944590351183538,2
121.0156346,14.55165525,-0.762374283215526,-1.519197190248479,3.3853665739005723,-1.1005291162369366,-0.8891925482192157,1.232719260357246,0
121.019175,14.550759,-1.0658371099739137,-1.2843153265312606,3.147335399129081,0.2388695932434121,-1.6287237646155912,-0.5644165156549458,0
121.0206028,14.5596699,-0.9251007265497336,-1.0491672780093344,3.4439834173984805,-0.9387906226941432,-1.4613918997942026,0.9718022254808826,0
121.0151995,14.5625431,-1.0658371099739137,-1.3436695200909905,2.9250151183576234,-1.7683291911755863,0.676042824958511,0.7858636303773008,2
121.0184162,14.5738205,-0.9778768703338012,-0.921080268577672,1.4674547334423758,-1.9988616911994528,1.9921746240921483,-1.7770489229577062,2
121.026342,14.563933,-1.0658371099739137,-0.5706810404080511,2.503197256462037,-1.3603926860054731,0.3273174557306782,-1.3039674592282102,2
121.0278726,14.5671852,-1.1098172297939697,-0.398657094919866,2.381776363932254,-1.714570770695087,1.170556670250298,-1.3956904875184686,2
121.019175,14.550759,-1.0218569901538572,-1.2843153265312606,3.1507796982080496,0.9080211887307024,-1.3919858343861775,-0.4947308334193859,0
121.026342,14.563933,-1.0394490380818795,-0.5706810404080511,2.499612982228669,-2.1410270624732157,0.0617276455321069,-1.365395825789421,2
121.0136766,14.55573108,-0.8459365108736328,-1.5826006874146945,3.618554006465823,-1.21962118497817,-0.8264228982073568,1.332422146481672,0
121.019175,14.550759,-0.9602848224057786,-1.2843153265312606,3.1474626492694444,0.340217575952914,-1.6024947828254477,-0.5719231662679904,0
121.0164559,14.56195302,-1.0658371099739137,-1.2793330758681567,3.156853922482361,-1.7108992412970514,0.4711814355923806,0.8817558411565904,2
121.0283829,14.5657429,-0.8723245827656664,-0.3895673065497822,2.531173736956249,-1.6030519451563376,1.1491209346939188,-1.3868674369455405,2
121.026342,14.563933,-0.8459365108736328,-0.5706810404080511,2.503248156518182,-1.3198534929216723,0.3378090484467357,-1.3069701194734282,2
121.019175,14.550759,-1.0218569901538572,-1.2843153265312606,3.247227125783685,-1.510089092621213,-2.3224640900280398,-0.8840541988730158,0
121.0206028,14.5596699,-0.8899166306936889,-1.0491672780093344,3.4439834173984805,-0.9387906226941432,-1.4613918997942026,0.9718022254808826,0
121.026342,14.563933,-1.1186132537579807,-0.5706810404080511,2.5030360729509096,-1.488766797437509,0.2940940787964963,-1.2944590351183538,2
121.026342,14.563933,-1.2021754814160874,-0.5706810404080511,2.503057281307637,-1.4718754669859253,0.2984655757615203,-1.2957101435538612,2
121.0203358,14.5741993,-0.933896750513745,-0.7852958783535341,1.2630457900056673,-1.8208952956446411,1.6597531480686356,-1.9169635733674544,2
121.011528,14.543799,-0.6524239836653857,-1.9053778968227075,2.6002866365945008,-1.6494170784920528,0.7621941610185109,0.563490856179474,2
121.009139,14.563865,-1.048245062045891,-1.7454660182321355,2.6768425978100217,-2.043765107462334,1.5662701944084556,0.592316928931044,2
121.019175,14.550759,-1.0218569901538572,-1.2843153265312606,3.197260054099656,-0.6525010801404841,-1.979965424286839,-0.7229842488284732,0
121.017742,14.554848,-1.0394490380818795,-1.3073624238923938,3.669125404028226,-0.7956816200091834,-1.921576130119731,1.1062372237304166,0
121.009139,14.563865,-1.03170853699355,-1.7454660182321355,2.6769940254770543,-1.9231610080380268,1.5974826827387263,0.5833840147015209,2
121.019175,14.550759,-1.0438470500638852,-1.2843153265312606,3.147335399129081,0.2388695932434121,-1.6287237646155912,-0.5644165156549458,0
121.0218503,14.56353967,-1.1537973496140257,-0.8804527834139586,2.744556634664396,-1.3989677698436842,-0.1280414279183565,0.340388106896121,2
121.01311502695,14.549896330362,-1.1713893975420482,-1.719428890638815,2.8098101892270555,-1.3385166853028696,-0.1343867969270299,-0.4800821972278374,2
121.019175,14.550759,-0.3568775784746085,-1.2843153265312606,3.193985421874505,-1.1865220320151049,-2.1817313787960613,-0.8026787985480927,0
121.036339,14.562949,-0.626035911773352,0.0939162412266735,2.0283814268781315,-1.830343717853826,1.7565218564238343,-1.5172714933859852,2
121.017742,14.554848,-1.0658371099739137,-1.3073624238923938,3.665596271522349,-1.532398537302808,-2.1758000482092408,1.0415559752368866,0
121.009139,14.563865,-1.0218569901538572,-1.7454660182321355,2.676899648289618,-1.9983274285475745,1.57802952124437,0.5889514472395291,2
121.0203358,14.5741993,-0.705200127449453,-0.7852958783535341,1.26302458164894,-1.837786626096225,1.6553816511036117,-1.9157124649319472,2
121.026342,14.563933,-0.933896750513745,-0.5706810404080511,2.503226948161455,-1.3367448233732562,0.3334375514817118,-1.3057190110379209,2
121.026342,14.563933,-0.0542943541126223,-0.5706810404080511,2.503163323091273,-1.387418814728007,0.32032306058664,-1.3019656857313984,2
121.017742,14.554848,-0.7579762712335204,-1.3073624238923938,3.669189029098408,-0.7450076286544323,-1.9084616392246596,1.1024838984238945,0
121.026342,14.563933,-1.285737709074194,-0.5706810404080511,2.5030360729509096,-1.488766797437509,0.2940940787964963,-1.2944590351183538,2
121.0206028,14.5596699,-1.1537973496140257,-1.0491672780093344,3.44070878517333,-1.4728115745687638,-1.6631578543034244,0.8921076757612633,0
121.02596,14.55761,-1.0746331339379247,-0.7002526323803671,3.43319966100392,0.3590853812104167,-2.327557624008063,-0.613757114729465,0
121.0138566,14.55195503,-1.0306530141178685,-1.6360417975663222,3.3984514903353182,-1.2205337697793424,-0.4985425107426839,1.3413823457687388,0
121.036339,14.562949,-0.7139961514134645,0.0939162412266735,2.0283814268781315,-1.830343717853826,1.7565218564238343,-1.5172714933859852,2
121.0275016,14.5570169,-0.7139961514134645,-0.6008001957382056,3.298805393442415,-0.5778654407150655,-1.934380614738136,-0.7520449966459469,0
121.026342,14.563933,-1.092225181865947,-0.5706810404080511,2.503205739804728,-1.3536361538248396,0.3290660545166878,-1.3044679026024133,2
121.017742,14.554848,-1.099262001037156,-1.3073624238923938,3.6656811049492575,-1.4648332154964732,-2.1583140603491446,1.0365515414948567,0
121.017742,14.554848,-0.8547325348376439,-1.3073624238923938,3.665789267568567,-1.3786874301933965,-2.1360194258275222,1.0301708884737688,0
121.0271,14.55973,-0.933896750513745,-0.5966383666928582,3.354327887503203,-0.8961656392484187,-1.1916589307208472,-0.9438756496038108,0
121.0183,14.56166,-0.7139961514134645,-1.1647150168148916,3.155228805986444,-1.351038396075421,-0.2876991912848819,0.9523117811939656,0
121.017742,14.554848,-0.8019563910535766,-1.3073624238923938,3.6227086732068017,0.8155146402167539,-1.3204820493239977,1.3307373138329817,0
121.017742,14.554848,-0.9954689182618236,-1.3073624238923938,3.6192855824845607,0.1632543751810474,-1.5528484825883877,1.2598005231619145,0
121.017742,14.554848,-1.0218569901538572,-1.3073624238923938,3.66904735727547,-0.8578417160710112,-1.937663238951019,1.110841302773084,0
121.0206028,14.5596699,-0.8019563910535766,-1.0491672780093344,3.443957967370408,-0.9590602192360436,-1.4666376961522314,0.9733035556034916,0
121.017742,14.554848,-0.920702714567728,-1.3073624238923938,3.672677865726504,-0.0403842392188163,-1.6625435653686953,1.1695422529448884,0
121.017778,14.534456,-1.0394490380818795,-1.506454651259902,1.3715683369259768,-1.7079811773742093,1.276476954883901,-1.8934851859571504,2
121.026342,14.563933,-0.9514887984417676,-0.5706810404080511,2.503243914846837,-1.323231759011989,0.3369347490537309,-1.3067198977863266,2
121.019175,14.550759,-1.1230112657399864,-1.2843153265312606,3.147335399129081,0.2388695932434121,-1.6287237646155912,-0.5644165156549458,0
121.019175,14.550759,-0.1422545937527345,-1.2843153265312606,3.197408512596746,-0.5342617669793983,-1.949364945531672,-0.7317420078770254,0
121.0297,14.54133,-0.2302148333928468,-0.6898114450505053,1.097053121067041,-1.445345001738109,1.0662214385658662,-2.001378473893697,2
121.01063,14.55691,-1.0178987793700522,-1.7844981195636471,3.227230904261763,-1.3820902782891284,-0.3935259050413604,1.108924432792738,0
121.019175,14.550759,-1.465176597940023,-1.2843153265312606,3.147335399129081,0.2388695932434121,-1.6287237646155912,-0.5644165156549458,0
121.017742,14.554848,-1.162593373578037,-1.3073624238923938,3.66901936224459,-0.8801382722671016,-1.9434336149448508,1.1124927659079538,0
121.0297,14.54133,-1.1098172297939697,-0.6898114450505053,1.097053121067041,-1.445345001738109,1.0662214385658662,-2.001378473893697,2
121.01142,14.56051,-1.0218569901538572,-1.6496223046751226,2.820807913114848,-1.845063546202732,0.9347681638965234,0.6642054895444248,2
121.0206028,14.5596699,-0.8019563910535766,-1.0491672780093344,3.444004625755208,-0.9218992922425596,-1.4570204028291784,0.9705511170453752,0
121.0271,14.55973,-1.1098172297939697,-0.5966383666928582,3.3542006373628395,-0.9975136219579208,-1.2178879125109907,-0.936368998990766,0
121.036339,14.562949,-0.6700160315934082,0.0939162412266735,2.0283814268781315,-1.830343717853826,1.7565218564238343,-1.5172714933859852,2
121.018458,14.57608,-1.1362053016860032,-0.8441921841992507,1.9871729579866837,-2.656355410611416,3.302972443523714,1.4796461377305976,2
121.026342,14.563933,-0.9163047025857224,-0.5706810404080511,2.5032451873482406,-1.3222182791848942,0.3371970388716322,-1.3067949642924572,2
121.019175,14.550759,-1.1889814454700705,-1.2843153265312606,3.150906948348413,1.0093691714402049,-1.3657568525960342,-0.5022374840324306,0
121.0206028,14.5596699,-0.933896750513745,-1.0491672780093344,3.444004625755208,-0.9218992922425596,-1.4570204028291784,0.9705511170453752,0
121.019175,14.550759,-0.3181750730329591,-1.2843153265312606,3.197408512596746,-0.5342617669793983,-1.949364945531672,-0.7317420078770254,0
121.017742,14.554848,-0.7139961514134645,-1.3073624238923938,3.6657754821366937,-1.389666794986926,-2.138860898854788,1.0309841089568486,0
121.017742,14.554848,-1.1186132537579807,-1.3073624238923938,3.669061778958045,-0.8463556113639343,-1.934690621014803,1.1099905490369388,0
121.026342,14.563933,-0.8019563910535766,-0.5706810404080511,2.5030360729509096,-1.488766797437509,0.2940940787964963,-1.2944590351183538,2
121.0206028,14.5596699,-1.1186132537579807,-1.0491672780093344,3.4406663684598757,-1.506594235471931,-1.6719008482334723,0.8946098926322782,0
121.019175,14.550759,-1.0218569901538572,-1.2843153265312606,3.147346427474579,0.2476530850782356,-1.6264505861937786,-0.5650670920414097,0
121.017742,14.554848,-1.127409277721992,-1.3073624238923938,3.669040570601317,-0.863246941815518,-1.9390621179798264,1.1112416574724464,0
121.026342,14.563933,-0.6700160315934082,-0.5706810404080511,2.499803857439214,-1.9890050884089627,0.1010711182173223,-1.376655801708988,2
121.0553804,14.54178249,-1.2477828656694856,1.1324348798203967,2.3978896095201105,-2.5477798118152157,1.371541529864513,1.4600778636586684,2
121.017742,14.554848,-0.6700160315934082,-1.3073624238923938,3.669118193186939,-0.8014246723627219,-1.9230624390878392,1.1066626005984892,0
121.026342,14.563933,-0.8459365108736328,-0.5706810404080511,2.5030649163160588,-1.4657945880233554,0.3000393146689289,-1.296160542590644,2
121.017742,14.554848,-1.069355519559518,-1.3073624238923938,3.665638688235803,-1.498615876399641,-2.167057054279193,1.0390537583658717,0
121.019175,14.550759,-1.1098172297939697,-1.2843153265312606,3.197133440209994,-0.7533423229364385,-2.006063261168032,-0.7155151314684939,0
121.025,14.55792,-0.8283444629456103,-0.7650438897005075,3.44561484388477,-0.3704045398475732,-2.605433172888773,-0.6654350978955422,0
121.0275016,14.5570169,-0.8899166306936889,-0.6008001957382056,3.2988244809634693,-0.56266324330864,-1.9304462674696148,-0.7531709942379037,0
121.0271,14.55973,-1.241757589254138,-0.5966383666928582,3.3542218457195667,-0.9806222915063372,-1.2135164155459668,-0.9376201074262734,0
121.009139,14.563865,-0.8899166306936889,-1.7454660182321355,2.6769955100620253,-1.921978614906416,1.597788687526278,0.5832964371110353,2
121.026342,14.563933,-1.2945337330382052,-0.5706810404080511,2.503057281307637,-1.4718754669859253,0.2984655757615203,-1.2957101435538612,2
121.019175,14.550759,-1.0218569901538572,-1.2843153265312606,3.197304591648783,-0.6170292861921584,-1.9707852806602888,-0.7256115765430389,0
121.036339,14.562949,-0.5820557919532959,0.0939162412266735,2.0282329683810407,-1.948583031014912,1.7259213776686668,-1.508513734337433,2
121.028062,14.56641376,-0.933896750513745,-0.3929774006795697,2.476029886313972,-1.7902761361387265,1.352964720622679,-1.3334859034128284,2
121.026342,14.563933,-0.6436279597013747,-0.5706810404080511,2.503250277353855,-1.318164359876514,0.338246198143238,-1.307095230316979,2
121.017742,14.554848,-1.1362053016860032,-1.3073624238923938,3.669316279238772,-0.6436596459449304,-1.882232657434516,1.0949772478108497,0
121.0278726,14.5671852,-0.9720714945175536,-0.398657094919866,2.381836383581792,-1.6667683055171052,1.1829280066613157,-1.3992311243909543,2
121.036339,14.562949,-0.6700160315934082,0.0939162412266735,2.0282329683810407,-1.948583031014912,1.7259213776686668,-1.508513734337433,2
121.019175,14.550759,-0.9778768703338012,-1.2843153265312606,3.19715401231602,-0.7369577323984023,-2.001822909111959,-0.7167287066509361,0
121.009139,14.563865,-1.3297178288942502,-1.7454660182321355,2.6769359145796217,-1.969443253475366,1.5855047810545608,0.5868120518148113,2
121.026342,14.563933,-0.7139961514134645,-0.5706810404080511,2.5031845314480003,-1.3705274842764232,0.3246945575516639,-1.303216794166906,2
121.009139,14.563865,-1.1443257910095783,-1.7454660182321355,2.673462772135504,-2.66156705837681,1.3428216149527148,0.5188278770515415,2
121.026342,14.563933,-0.6789000157970595,-0.5706810404080511,2.503250277353855,-1.318164359876514,0.338246198143238,-1.307095230316979,2
121.017742,14.554848,-0.626035911773352,-1.3073624238923938,3.672739369961013,0.0086006190907762,-1.649866224170126,1.1659140384819169,0
121.0183,14.56166,-0.8330679278142843,-1.1647150168148916,3.155165180916262,-1.401712387430172,-0.3008136821799537,0.9560651065004878,0
121.017742,14.554848,-0.8019563910535766,-1.3073624238923938,3.669125404028226,-0.7956816200091834,-1.921576130119731,1.1062372237304166,0
121.0283829,14.5657429,-0.8459365108736328,-0.3895673065497822,2.5311410760868887,-1.6290645940517765,1.142388829367782,-1.384940729954859,2
121.0206028,14.5596699,-0.9937097134690214,-1.0491672780093344,3.4438985839715714,-1.0063559445004775,-1.4788778876542985,0.9768066592229124,0
121.0553804,14.54178249,-1.2681456611461717,1.1324348798203967,2.3978896095201105,-2.5477798118152157,1.371541529864513,1.4600778636586684,2
121.0553804,14.54178249,-1.254335903522674,1.1324348798203967,2.397922906640172,-2.521260423006229,1.3784047800996009,1.4581136234149217,2
121.026342,14.563933,-1.0785913447217297,-0.5706810404080511,2.4995917738719413,-2.157918392924799,0.057356148567083,-1.3641447173539136,2
121.036339,14.562949,-0.8019563910535766,0.0939162412266735,2.0282329683810407,-1.948583031014912,1.7259213776686668,-1.508513734337433,2
121.026342,14.563933,-0.9866728942978124,-0.5706810404080511,2.503248156518182,-1.3198534929216723,0.3378090484467357,-1.3069701194734282,2
121.026342,14.563933,-0.7579762712335204,-0.5706810404080511,2.5032693648749094,-1.302962162470089,0.3421805454117596,-1.3082212279089356,2
121.0278726,14.5671852,-0.9778768703338012,-0.398657094919866,2.381836383581792,-1.6667683055171052,1.1829280066613157,-1.3992311243909543,2
121.0283829,14.5657429,-1.092225181865947,-0.3895673065497822,2.5312250611795286,-1.5621749254635051,1.1596999573492768,-1.3898951193594684,2
121.0237865,14.56161652,-0.7139961514134645,-0.7944173333142053,2.8463494140136114,-0.9789400608641402,-0.916450192203402,-1.1509650718236506,0
121.017742,14.554848,-0.933896750513745,-1.3073624238923938,3.672739369961013,0.0086006190907762,-1.649866224170126,1.1659140384819169,0
121.0163734,14.56171317,-0.7139961514134645,-1.2913275704443727,3.2279632968680927,-1.499556723627444,0.2480575158374431,0.840126464515824,2
121.026342,14.563933,-0.8019563910535766,-0.5706810404080511,2.503248156518182,-1.3198534929216723,0.3378090484467357,-1.3069701194734282,2
121.0156,14.55165,-1.0306530141178685,-1.521677792315618,3.3851969070467542,-1.2356597598496055,-0.924164523939407,1.2427281278413054,0
121.017742,14.554848,-0.7139961514134645,-1.3073624238923938,3.669172698663728,-0.7580139531021519,-1.911827691887728,1.103447251919235,0
121.0231455,14.56151588,-1.1010212058299582,-0.8402208041006761,3.0664622735464846,-1.6649002994614883,-1.044692924911122,0.3716029122766663,0
121.003404,14.55953,-1.2100919029836974,-2.173319188661078,2.915624600474393,-3.053583657476526,1.955320855720044,2.133883088082927,2
121.003404,14.55953,-1.2100919029836974,-2.173319188661078,2.9156337200677864,-3.046320385382345,1.9572005994150043,2.1333451114556587,2
121.026342,14.563933,-1.2836266633228313,-0.5706810404080511,2.4996191326521195,-2.136128576642256,0.0629953796519638,-1.3657586472357182,2
121.0276486,14.56716783,-0.933017148117344,-0.414608438731894,2.276249146977185,-2.383605599946431,1.085146248903916,-1.4541692379283773,2
121.0286021,14.56650591,-1.1119789406433649,-0.3548712803640204,2.378266743114565,-2.435747663973255,0.9203545293686108,-1.4615227557726655,2
121.026342,14.563933,-1.0658371099739137,-0.5706810404080511,2.503163323091273,-1.387418814728007,0.32032306058664,-1.3019656857313984,2
121.017742,14.554848,-0.940933569684954,-1.3073624238923938,3.6657447300194392,-1.4141592241417222,-2.1451995694540726,1.0327982161883345,0
121.017742,14.554848,-0.9119066906037172,-1.3073624238923938,3.715754218416923,-2.237964575719284,-2.4789552412652256,0.8692260492727772,0
121.026342,14.563933,-0.7579762712335204,-0.5706810404080511,2.503250277353855,-1.318164359876514,0.338246198143238,-1.307095230316979,2
121.017742,14.554848,-0.7139961514134645,-1.3073624238923938,3.6691678207416807,-0.7618989591060159,-1.912833136189683,1.1037350068594016,0
121.009139,14.563865,-0.96908084636979,-1.7454660182321355,2.6768434461442907,-2.043089454244271,1.5664450542870565,0.5922668845936238,2
121.003404,14.55953,-1.2232859389297144,-2.173319188661078,2.915613147961761,-3.0627049759203806,1.9529602473589311,2.1345586866381008,2
121.0206028,14.5596699,-1.0218569901538572,-1.0491672780093344,3.4441742926090257,-0.78676864862989,-1.422048427108987,0.9605422495613156,0
121.0206028,14.5596699,-0.8459365108736328,-1.0491672780093344,3.444166233433469,-0.7931873542014919,-1.4237095959556962,0.9610176707668084,0
121.011528,14.543799,-0.6656180196114025,-1.9053778968227075,2.600307844951228,-1.6325257480404691,0.7665656579835348,0.5622397477439667,2
121.02941,14.56677,-1.1537973496140257,-0.2944259584040998,2.381741582227221,-1.742272552635684,1.1633874152276586,-1.3936386696842364,2
121.019175,14.550759,-1.0658371099739137,-1.2843153265312606,3.19715401231602,-0.7369577323984023,-2.001822909111959,-0.7167287066509361,0
121.017742,14.554848,-0.7579762712335204,-1.3073624238923938,3.6692314458118624,-0.7112249677512652,-1.8997186452946115,1.0999816815528791,0
121.0180654,14.55530543,-0.933896750513745,-1.2738434197147392,3.6981669304942097,-0.7923517534090248,-1.9299408736385315,1.1176975714292694,0
121.0283829,14.5657429,-0.9525443213174488,-0.3895673065497822,2.531130132574817,-1.6377805205647935,1.1401331369338297,-1.3842951580021372,2
121.0218503,14.56353967,-1.005144544622236,-0.8804527834139586,2.7413360837489,-1.889915829066767,-0.3186600651667675,0.2575032306659576,2
121.009139,14.563865,-0.8899166306936889,-1.7454660182321355,2.630405506966139,-0.4487845244699176,2.163167638117766,0.8180180831316961,2
121.0283829,14.5657429,-0.9778768703338012,-0.3895673065497822,2.5312352411907577,-1.554067086846745,1.1617982758924883,-1.390495651408512,2
121.009139,14.563865,-1.1098172297939697,-1.7454660182321355,2.673526397205685,-2.610893067022059,1.3559361058477866,0.515074551745019,2
121.0271,14.55973,-1.0658371099739137,-0.5966383666928582,3.354327887503203,-0.8961656392484187,-1.1916589307208472,-0.9438756496038108,0
121.009139,14.563865,-1.1186132537579807,-1.7454660182321355,2.6733779387085947,-2.729132380183145,1.325335627092619,0.5238323107935712,2
121.009139,14.563865,-1.1098172297939697,-1.7454660182321355,2.6768434461442907,-2.043089454244271,1.5664450542870565,0.5922668845936238,2
121.0183,14.56166,-0.9896463901988464,-1.1647150168148916,3.1552075976297167,-1.3679297265270047,-0.2920706882499059,0.9535628896294732,0
121.009139,14.563865,-1.0658371099739137,-1.7454660182321355,2.6769070712144725,-1.99241546288952,1.5795595451821285,0.5885135592871015,2
121.0271,14.55973,-0.7579762712335204,-0.5966383666928582,3.3544763460002938,-0.7779263260873331,-1.1610584519656797,-0.9526334086523628,0
121.026342,14.563933,-0.7139961514134645,-0.5706810404080511,2.503250277353855,-1.318164359876514,0.338246198143238,-1.307095230316979,2
121.017742,14.554848,-1.0218569901538572,-1.3073624238923938,3.669125404028226,-0.7956816200091834,-1.921576130119731,1.1062372237304166,0
121.019175,14.550759,-1.069355519559518,-1.2843153265312606,3.1972176373862013,-0.6862837410436514,-1.9887084182168868,-0.7204820319574584,0
121.017742,14.554848,-1.1450013256500144,-1.3073624238923938,3.669125404028226,-0.7956816200091834,-1.921576130119731,1.1062372237304166,0
121.019175,14.550759,-1.1977774694340817,-1.2843153265312606,3.197221879057546,-0.6829054749533346,-1.9878341188238824,-0.7207322536445598,0
121.017742,14.554848,-1.0218569901538572,-1.3073624238923938,3.6692526541685897,-0.6943336372996813,-1.8953471483295876,1.098730573117372,0
121.017742,14.554848,-1.2285635533081212,-1.3073624238923938,3.669116920685535,-0.802438152189817,-1.923324728905741,1.1067376671046196,0
121.019175,14.550759,-0.9514887984417676,-1.2843153265312606,3.147335399129081,0.2388695932434121,-1.6287237646155912,-0.5644165156549458,0
121.036339,14.562949,-0.4061353126730714,0.0939162412266735,2.028254176737768,-1.931691700563328,1.7302928746336907,-1.5097648427729404,2
121.0138922,14.54901252,-1.1251926796830611,-1.672101064694451,2.7383622331891657,-2.0341067067117806,-0.2843409339868558,-0.7435742208952287,2
121.0156346,14.55165525,-0.8705653779728642,-1.519197190248479,3.3853241571871178,-1.1343117771401037,-0.8979355421492635,1.2352214772282608,0
121.026342,14.563933,-0.8635285588016551,-0.5706810404080511,2.503142114734546,-1.4043101451795907,0.3159515636216161,-1.300714577295891,2
121.036339,14.562949,-0.5820557919532959,0.0939162412266735,2.0283178018079497,-1.8810177092085767,1.7434073655287623,-1.5135181680794627,2
121.0271,14.55973,-0.933896750513745,-0.5966383666928582,3.3542854707897485,-0.929948300151586,-1.200401924650895,-0.9413734327327956,0
121.009139,14.563865,-0.933896750513745,-1.7454660182321355,2.6770555297115632,-1.8741761497284344,1.610160023937296,0.5797558002385493,2
121.026342,14.563933,-1.0218569901538572,-0.5706810404080511,2.4496459105446395,-1.2834390499924868,0.4042263112733068,-1.2043258757448785,2
121.017742,14.554848,-0.9514887984417676,-1.3073624238923938,3.66901936224459,-0.8801382722671016,-1.9434336149448508,1.1124927659079538,0
121.0156346,14.55165525,-1.013060966189846,-1.519197190248479,3.3851969070467542,-1.2356597598496055,-0.924164523939407,1.2427281278413054,0
121.018458,14.57608,-0.7667722951975317,-0.8441921841992507,1.9871729579866837,-2.656355410611416,3.302972443523714,1.4796461377305976,2
121.0206028,14.5596699,-0.9778768703338012,-1.0491672780093344,3.4441530842522985,-0.8036599790814737,-1.426419924074011,0.9617933579968232,0
121.026342,14.563933,0.0336658855274902,-0.5706810404080511,2.503163323091273,-1.387418814728007,0.32032306058664,-1.3019656857313984,2
121.0206028,14.5596699,-1.0306530141178685,-1.0491672780093344,3.443932517342335,-0.9793298157779438,-1.4718834925102602,0.9748048857261006,0
121.0183,14.56166,-0.9778768703338012,-1.1647150168148916,3.155165180916262,-1.401712387430172,-0.3008136821799537,0.9560651065004878,0
121.026342,14.563933,-1.2153695173621042,-0.5706810404080511,2.4995917738719413,-2.157918392924799,0.057356148567083,-1.3641447173539136,2
121.0283766,14.56536992,-0.9603727826454188,-0.3994703151735488,2.6050269309521896,-1.4628460809148307,0.8657693066557133,-1.407857732549333,2
121.017742,14.554848,-0.9558868104237728,-1.3073624238923938,3.66901936224459,-0.8801382722671016,-1.9434336149448508,1.1124927659079538,0
121.0197427,14.56111418,-1.1098172297939697,-1.0802190776333878,3.116182759317185,-1.0374348482946416,-0.6608365366909517,0.8329723382490908,0
121.0237826,14.56160214,-1.3297178288942502,-0.794970361662808,2.799116611039116,-1.0255440304002383,-1.0295117022147124,-1.1758118216989335,0
121.0160742,14.55753462,-1.1977774694340817,-1.396003559990673,3.600612435566825,-1.0962096808269004,-1.047086788984526,1.0695793088195038,0
121.0278726,14.5671852,-1.1098172297939697,-0.398657094919866,2.3817339472187995,-1.7483534315982543,1.16181367632025,-1.3931882706474537,2
121.0283829,14.5657429,-0.8899166306936889,-0.3895673065497822,2.531258570383158,-1.5354866233500029,1.1666069225540143,-1.3918718706875703,2
121.0169571,14.5592355,-1.0218569901538572,-1.3081932655798651,3.6804216924669695,-1.128749409456625,-0.9200821985565284,1.0041780285658055,0
121.0371989,14.5662972,-0.7139961514134645,0.2162471341147809,2.050189124650165,-2.069677428562843,2.124123002361681,-1.54321186884527,2
121.029734,14.563642,-1.3385138528582614,-0.347448418770783,2.49537876048042,-1.4594920590107887,0.5125923219128626,-1.465924897798843,2
121.026342,14.563933,-0.9778768703338012,-0.5706810404080511,2.453111417980335,-0.5973961240536131,0.6453357384677441,-1.1358913019448262,2
121.0275016,14.5570169,-1.0611312371531674,-0.6008001957382056,3.2988603230863385,-0.5341168948454638,-1.923058437598724,-0.7552853674939112,0
121.0283766,14.56536992,-1.127409277721992,-0.3994703151735488,2.6047590694067244,-1.6761835845183326,0.810557299987461,-1.3920562330088742,2
121.026342,14.563933,-0.9778768703338012,-0.5706810404080511,2.503057281307637,-1.4718754669859253,0.2984655757615203,-1.2957101435538612,2
121.0169,14.55491,-0.4501154324931275,-1.3614302587749405,3.296070953095529,-0.9797843074760368,-1.3714248612931847,1.0839957520650945,0
121.017742,14.554848,-0.8459365108736328,-1.3073624238923938,3.6692314458118624,-0.7112249677512652,-1.8997186452946115,1.0999816815528791,0
121.009139,14.563865,-0.6700160315934082,-1.7454660182321355,2.6768434461442907,-2.043089454244271,1.5664450542870565,0.5922668845936238,2
121.0275016,14.5570169,-1.1977774694340817,-0.6008001957382056,3.2985810090282404,-0.7565757168928208,-1.9806310526280893,-0.7388082693982782,0
121.016328,14.55727,-1.0658371099739137,-1.381467750924401,3.585427326041239,-1.0016746795048512,-1.1746653333405592,1.0613557763328207,0
121.0135893,14.5515877,-1.0658371099739137,-1.6614121676033686,3.2817752193700005,-0.4705431899186008,-0.039984791633173,1.4408974852894465,0
121.0274,14.56691,-0.7755683191615429,-0.4343172343861769,2.2326122828322585,-1.640284961266416,1.2400788724219405,-1.418275730881979,2
121.0283829,14.5657429,-1.1362053016860032,-0.3895673065497822,2.531025278459158,-1.7212912583174231,1.1185204559387514,-1.3781096778969883,2
121.019175,14.550759,-0.9602848224057786,-1.2843153265312606,3.1973024708131104,-0.6187184192373166,-1.9712224303567911,-0.7254864656994882,0
121.017742,14.554848,-0.933896750513745,-1.3073624238923938,3.669125404028226,-0.7956816200091834,-1.921576130119731,1.1062372237304166,0
121.0275016,14.5570169,-1.3297178288942502,-0.6008001957382056,3.298611761145495,-0.7320832877380244,-1.9742923820288047,-0.7406223766297639,0
121.0206028,14.5596699,-0.8459365108736328,-1.0491672780093344,3.443971328635146,-0.9484186810515458,-1.4638836530642665,0.972515357289122,0
121.0206028,14.5596699,-1.1362053016860032,-1.0491672780093344,3.4441530842522985,-0.8036599790814737,-1.426419924074011,0.9617933579968232,0
121.0275016,14.5570169,-0.9778768703338012,-0.6008001957382056,3.29873731461732,-0.6320866114646492,-1.948413119995863,-0.748028938567968,0
121.017742,14.554848,-1.048245062045891,-1.3073624238923938,3.6726969532475584,-0.025182041812391,-1.6586092181001737,1.1684162553529318,0
121.0387062,14.56610681,-0.6700160315934082,0.3147849959102716,2.174876491153237,-2.2837788052958303,2.5748026323412008,-1.468313545072786,2
121.0275016,14.5570169,-1.0658371099739137,-0.6008001957382056,3.298658419530295,-0.6949223607445402,-1.964675088705752,-0.7433748151878804,0
121.036339,14.562949,-0.5380756721332399,0.0939162412266735,2.028254176737768,-1.931691700563328,1.7302928746336907,-1.5097648427729404,2
121.036339,14.562949,-0.7579762712335204,0.0939162412266735,2.0283814268781315,-1.830343717853826,1.7565218564238343,-1.5172714933859852,2
121.017742,14.554848,-1.0394490380818795,-1.3073624238923938,3.669040570601317,-0.863246941815518,-1.9390621179798264,1.1112416574724464,0
121.02669,14.56548,-1.0658371099739137,-0.5087115175650722,2.471507491158365,-1.6200077745314017,0.8498706259203662,-1.39976154839167,2
121.017742,14.554848,-0.8459365108736328,-1.3073624238923938,3.6692335666475353,-0.7095358347061067,-1.899281495598109,1.0998565707093286,0
121.036339,14.562949,-0.6524239836653857,0.0939162412266735,2.0282329683810407,-1.948583031014912,1.7259213776686668,-1.508513734337433,2
121.0135666,14.55631528,-0.9778768703338012,-1.585670040390564,3.5810996897191942,-1.153961966655067,-0.6747513288897058,1.2697415327954855,0
121.0283766,14.56536992,-1.1537973496140257,-0.3994703151735488,2.6048332986552696,-1.6170639279377896,0.8258575393650448,-1.3964351125331502,2
121.0275016,14.5570169,-0.8459365108736328,-0.6008001957382056,3.2987820642500147,-0.5964459042118077,-1.9391892613996624,-0.7506687773668888,0
121.009139,14.563865,-1.0218569901538572,-1.7454660182321355,2.6768328419659277,-2.0515351194700626,1.5642593058045446,0.5928924388113775,2
121.026342,14.563933,-1.276941685110183,-0.5706810404080511,2.5030725513244807,-1.4597137090607852,0.3016130535763375,-1.2966109416274263,2
121.009139,14.563865,-1.092225181865947,-1.7454660182321355,2.6768434461442907,-2.043089454244271,1.5664450542870565,0.5922668845936238,2
121.0206028,14.5596699,-1.0394490380818795,-1.0491672780093344,3.4438985839715714,-1.0063559445004775,-1.4788778876542985,0.9768066592229124,0
121.009139,14.563865,-1.1186132537579807,-1.7454660182321355,2.6769955100620253,-1.921978614906416,1.597788687526278,0.5832964371110353,2
121.017742,14.554848,-0.6612200076293969,-1.3073624238923938,3.6692526541685897,-0.6943336372996813,-1.8953471483295876,1.098730573117372,0
121.026342,14.563933,-0.8635285588016551,-0.5706810404080511,2.503311781588364,-1.2691795015669214,0.3509235393418075,-1.3107234447799505,2
121.026342,14.563933,-1.0218569901538572,-0.5706810404080511,2.4565292066133946,0.0506413083691974,0.8766092974908777,-1.064641734164882,2
121.0275016,14.5570169,-0.9778768703338012,-0.6008001957382056,3.2988244809634693,-0.56266324330864,-1.9304462674696148,-0.7531709942379037,0
121.026342,14.563933,-1.1142152417759752,-0.5706810404080511,2.5030360729509096,-1.488766797437509,0.2940940787964963,-1.2944590351183538,2
121.019175,14.550759,-1.3736979487143064,-1.2843153265312606,3.147335399129081,0.2388695932434121,-1.6287237646155912,-0.5644165156549458,0
121.01128,14.56162,-1.0658371099739137,-1.6227318807650797,2.790795190628564,-1.7409790469035369,1.4985188331159156,0.8444104168737254,2
121.0089917,14.55825567,-1.241757589254138,-1.8709816896018232,3.0638447523423773,-1.4912194646044592,0.1006513924547102,0.8875695472822773,0
121.0188736,14.56085591,-0.7579762712335204,-1.1447716546160809,3.2166245917158944,-1.2002715950831693,-0.7621794096558075,0.9446878765514494,0
121.017742,14.554848,-0.8019563910535766,-1.3073624238923938,3.6657871467328937,-1.380376563238555,-2.136456575524025,1.0302959993173195,0
121.0206028,14.5596699,-0.9602848224057786,-1.0491672780093344,3.4439834173984805,-0.9387906226941432,-1.4613918997942026,0.9718022254808826,0
121.017742,14.554848,-1.0029455386312331,-1.3073624238923938,3.669125404028226,-0.7956816200091834,-1.921576130119731,1.1062372237304166,0
121.009139,14.563865,-0.7139961514134645,-1.7454660182321355,2.6269612078871707,-1.1179361199572075,1.9264297078883523,0.7483324008961363,2
121.019175,14.550759,-1.127409277721992,-1.2843153265312606,3.1973024708131104,-0.6187184192373166,-1.9712224303567911,-0.7254864656994882,0
121.009139,14.563865,-1.0218569901538572,-1.7454660182321355,2.676991904641381,-1.924850141083185,1.597045533042224,0.5835091255450716,2
121.019175,14.550759,-0.3621551928530154,-1.2843153265312606,3.197307348735157,-0.6148334132334526,-1.970216986054836,-0.7257742206396549,0
121.017742,14.554848,-0.933896750513745,-1.3073624238923938,3.6692526541685897,-0.6943336372996813,-1.8953471483295876,1.098730573117372,0
121.017742,14.554848,-0.9171843049821234,-1.3073624238923938,3.669189029098408,-0.7450076286544323,-1.9084616392246596,1.1024838984238945,0
121.017742,14.554848,-1.1801854215060594,-1.3073624238923938,3.669125404028226,-0.7956816200091834,-1.921576130119731,1.1062372237304166,0
121.0271,14.55973,-0.7139961514134645,-0.5966383666928582,3.354327887503203,-0.8961656392484187,-1.1916589307208472,-0.9438756496038108,0
121.019175,14.550759,-1.0218569901538572,-1.2843153265312606,3.1973024708131104,-0.6187184192373166,-1.9712224303567911,-0.7254864656994882,0
121.0206028,14.5596699,-0.9426927744777562,-1.0491672780093344,3.444004625755208,-0.9218992922425596,-1.4570204028291784,0.9705511170453752,0
121.0204774,14.5615741,-0.6788120555574195,-1.0203187910458862,3.048703955877568,-1.1487604781485776,-0.7735879601321133,0.6577704778703864,0
121.0283829,14.5657429,-0.9778768703338012,-0.3895673065497822,2.531080420186649,-1.6773737991433055,1.1298863480478136,-1.3813625598293078,2
121.017141,14.55349112,-0.8899166306936889,-1.380305005179404,3.543935957619715,-0.1646115891101605,-1.1227590429124925,1.2288632476022388,0
121.036339,14.562949,-0.7139961514134645,0.0939162412266735,2.0282329683810407,-1.948583031014912,1.7259213776686668,-1.508513734337433,2
121.019175,14.550759,-0.3621551928530154,-1.2843153265312606,3.197429720953474,-0.5173704365278147,-1.944993448566648,-0.7329931163125328,0
121.017742,14.554848,-0.96908084636979,-1.3073624238923938,3.6691381290422624,-0.7855468217382331,-1.9189532319407163,1.105486558669112,0
121.017742,14.554848,-0.9998669302438292,-1.3073624238923938,3.6691360082065896,-0.7872359547833916,-1.919390381637219,1.1056116695126628,0
121.036339,14.562949,-0.4940955523131836,0.0939162412266735,2.0282329683810407,-1.948583031014912,1.7259213776686668,-1.508513734337433,2
121.017141,14.55349112,-0.933896750513745,-1.380305005179404,3.540491658540746,-0.8337631845974509,-1.3594969731419055,1.159177565366679,0
121.0274,14.56691,-0.8811206067296776,-0.4343172343861769,2.2324214076217133,-1.7923069353306686,1.200735399736725,-1.4070157549624116,2
121.025261,14.559285,-0.8635285588016551,-0.7310219630574752,3.209896756231325,-0.5524556269032767,-1.902587841125058,-0.9816533952696032,0
121.0206028,14.5596699,-0.7667722951975317,-1.0491672780093344,3.444132512146273,-0.8200445696195099,-1.4306602761300842,0.9630069331792652,0
121.017742,14.554848,-0.9092678834145136,-1.3073624238923938,3.66579987174693,-1.3702417649676046,-2.1338336773450104,1.029545334256015,0
121.0192,14.56041,-0.6876080795214307,-1.1318994318779123,3.379542387595704,-0.9934496181622412,-1.1958834651395558,0.909379443370518,0
121.0206028,14.5596699,-0.933896750513745,-1.0491672780093344,3.4441530842522985,-0.8036599790814737,-1.426419924074011,0.9617933579968232,0
121.0206028,14.5596699,-1.241757589254138,-1.0491672780093344,3.4438884039603423,-1.0144637831172376,-1.4809762061975098,0.977407191271956,0
121.017742,14.554848,-1.0658371099739137,-1.3073624238923938,3.669125404028226,-0.7956816200091834,-1.921576130119731,1.1062372237304166,0
121.0206028,14.5596699,-0.7579762712335204,-1.0491672780093344,3.4439834173984805,-0.9387906226941432,-1.4613918997942026,0.9718022254808826,0
121.026342,14.563933,-0.9514887984417676,-0.5706810404080511,2.499612982228669,-2.1410270624732157,0.0617276455321069,-1.365395825789421,2
121.026342,14.563933,-0.9866728942978124,-0.5706810404080511,2.503250277353855,-1.318164359876514,0.338246198143238,-1.307095230316979,2
121.017742,14.554848,-1.1537973496140257,-1.3073624238923938,3.669117981103372,-0.8015935856672376,-1.9231061540574896,1.1066751116828442,0
121.026342,14.563933,-0.933896750513745,-0.5706810404080511,2.4565981337727583,0.1055381323368443,0.8908166626272055,-1.0687078365802811,2
121.0275016,14.5570169,-1.0658371099739137,-0.6008001957382056,3.2986123973961967,-0.7315765478244768,-1.974161237119854,-0.7406599098828293,0
121.022406,14.558453,-0.9426927744777562,-0.9413445336310357,3.564994118500143,-0.7056344597746487,-2.0250994504907784,0.8706197545509258,0
121.009139,14.563865,-1.0218569901538572,-1.7454660182321355,2.627152083097716,-0.965914145892955,1.965773180573568,0.7370724249765692,2
121.026342,14.563933,-0.4940955523131836,-0.5706810404080511,2.503033103780968,-1.4911315837007306,0.293482069221393,-1.2942838799373828,2
121.0271,14.55973,-1.1977774694340817,-0.5966383666928582,3.3544763460002938,-0.7779263260873331,-1.1610584519656797,-0.9526334086523628,0
121.0274,14.56691,-1.0359306284962753,-0.4343172343861769,2.232548657762077,-1.6909589526211668,1.2269643815268685,-1.4145224055754562,2
121.0283829,14.5657429,-0.933896750513745,-0.3895673065497822,2.53120088365286,-1.5814310421783104,1.1547164508091494,-1.38846885574299,2
121.019175,14.550759,-1.1362053016860032,-1.2843153265312606,3.1973024708131104,-0.6187184192373166,-1.9712224303567911,-0.7254864656994882,0
121.0206028,14.5596699,-0.8635285588016551,-1.0491672780093344,3.444097306274106,-0.8480841781691387,-1.4379169610920242,0.9650837731822076,0
121.026342,14.563933,-0.9778768703338012,-0.5706810404080511,2.5030360729509096,-1.488766797437509,0.2940940787964963,-1.2944590351183538,2
121.026342,14.563933,-1.0218569901538572,-0.5706810404080511,2.503248156518182,-1.3198534929216723,0.3378090484467357,-1.3069701194734282,2
121.0138566,14.55195503,-1.0306530141178685,-1.6360417975663222,3.3984939070487727,-1.186751108876175,-0.489799516812636,1.338880128897724,0
121.01266,14.5504085,-1.0218569901538572,-1.7449421721949678,3.0427700219855573,-1.5423765161557887,0.1613785537034004,1.096507246774327,0
121.019175,14.550759,-0.5556677200612622,-1.2843153265312606,3.197344887526565,-0.5849357583341496,-1.9624794364267435,-0.7279886825705031,0
121.026342,14.563933,-0.9602848224057786,-0.5706810404080511,2.503282089888946,-1.2928273641991386,0.344803443590774,-1.30897189297024,2
121.0136335,14.56225568,-0.7843643431255543,-1.4529106166676204,2.7850831425021774,-1.751903908507452,0.6906078245135414,0.6904872199170915,2
121.019175,14.550759,-1.1537973496140257,-1.2843153265312606,3.1507796982080496,0.9080211887307024,-1.3919858343861775,-0.4947308334193859,0
121.0206028,14.5596699,-1.206573493398093,-1.0491672780093344,3.443877375614844,-1.023247274952061,-1.4832493846193224,0.9780577676584198,0
121.0136335,14.56225568,-1.0042649422258347,-1.4529106166676204,2.785076992078727,-1.7568023943384112,0.6893400903936845,0.6908500413633887,2
121.0206028,14.5596699,-1.1098172297939697,-1.0491672780093344,3.4440131090978987,-0.915142760061926,-1.4552718040431691,0.970050673671172,0
121.0206028,14.5596699,-0.9778768703338012,-1.0491672780093344,3.444004625755208,-0.9218992922425596,-1.4570204028291784,0.9705511170453752,0
121.018458,14.57608,-0.9778768703338012,-0.8441921841992507,1.9871729579866837,-2.656355410611416,3.302972443523714,1.4796461377305976,2
121.019175,14.550759,-1.1098172297939697,-1.2843153265312606,3.1971858248511102,-0.7116207367210269,-1.9952656636644228,-0.7186053693041972,0
121.026342,14.563933,-1.0658371099739137,-0.5706810404080511,2.5030360729509096,-1.488766797437509,0.2940940787964963,-1.2944590351183538,2
121.0180795,14.56014279,-0.7139961514134645,-1.2137881289359305,3.300103783854832,-1.069251208929347,-0.8122290215435742,0.8948591867880517,0
121.017742,14.554848,-1.206573493398093,-1.3073624238923938,3.66901936224459,-0.8801382722671016,-1.9434336149448508,1.1124927659079538,0
121.0153785,14.54579528,-0.2822991690125424,-1.5956624031051736,2.379465513214806,-1.2000825531416566,-0.2202900841827156,-1.0590890177622954,2
121.0276486,14.56716783,-1.0218569901538572,-0.414608438731894,2.279590585526027,-1.796376957149321,1.300682418852963,-1.3784156797806062,2
121.026342,14.563933,-0.9514887984417676,-0.5706810404080511,2.503163323091273,-1.387418814728007,0.32032306058664,-1.3019656857313984,2
121.0279855,14.56648515,-0.7549545731211637,-0.3960545362721706,2.4760086779572443,-1.80716746659031,1.348593223657655,-1.3322347949773208,2
121.0183093,14.5422286,-1.04964820378863,-1.4820351937382084,1.684193798054415,0.0360317937826199,1.3547579616115817,-1.280815885232676,2
121.0183093,14.5422286,-0.9936316047762208,-1.4820351937382084,1.6843210481947786,0.1373797764921218,1.380986943401725,-1.2883225358457209,2
121.0183093,14.5422286,-0.9778768703338012,-1.4820351937382084,1.6843210481947786,0.1373797764921218,1.380986943401725,-1.2883225358457209,2
121.0278,14.56687,-0.7186407265024098,-0.4063957183879482,2.428929635569022,-1.7313092903524272,1.2672250666427685,-1.3661520810100327,2
121.0203358,14.5741993,-0.695924149317448,-0.7852958783535341,1.26302458164894,-1.837786626096225,1.6553816511036117,-1.9157124649319472,2
121.0183093,14.5422286,-1.04964820378863,-1.4820351937382084,1.6807494989754463,-0.6331198017046704,1.118020031382168,-1.350501567468236,2
121.0206028,14.5596699,-0.6700160315934082,-1.0491672780093344,3.440539118319512,-1.607942218181433,-1.6981298300236158,0.9021165432453228,0
121.01236,14.5625481,-0.8320669402871798,-1.5229007949301017,2.8150388452030506,-2.0332487466840563,1.3751124341810377,0.7490098965571592,2
121.026342,14.563933,-0.8150624667599533,-0.5706810404080511,2.5032046793868914,-1.3544807203474187,0.3288474796684367,-1.3044053471806378,2
121.019175,14.550759,-1.0218569901538572,-1.2843153265312606,3.1973130749914738,-0.6102727540115248,-1.9690366818742795,-0.7261120199172418,0
121.019175,14.550759,-1.0209773877574562,-1.2843153265312606,3.147335399129081,0.2388695932434121,-1.6287237646155912,-0.5644165156549458,0
121.0183093,14.5422286,-1.285737709074194,-1.4820351937382084,1.7307165706594756,-1.4907078141853989,0.775521365640968,-1.5115715175127784,2
121.0275016,14.5570169,-0.4882022162572961,-0.6008001957382056,3.2986200324046187,-0.7254956688619069,-1.9725874982124452,-0.7411103089196119,0
121.0203358,14.5741993,-0.631489446631039,-0.7852958783535341,1.2595802825699716,-2.5069382215835154,1.4186437208741984,-1.985398147167507,2
121.0183093,14.5422286,-1.119033351862502,-1.4820351937382084,1.684193798054415,0.0360317937826199,1.3547579616115817,-1.280815885232676,2
121.0183093,14.5422286,-1.0727593169528713,-1.4820351937382084,1.6843210481947786,0.1373797764921218,1.380986943401725,-1.2883225358457209,2
121.0154434,14.54790134,-0.7327316824568082,-1.5656932879968832,2.853353062128776,-0.1682783889862144,-0.4178927549263432,-0.5486597930401648,0
121.009139,14.563865,-0.9578219356958556,-1.7454660182321355,2.6768020898486724,-2.076027548624859,1.55792063520526,0.5947065460428632,2
121.019175,14.550759,-0.9954689182618236,-1.2843153265312606,3.197243723664976,-0.6655074045882036,-1.9833314769499075,-0.7220208953331325,0
121.0387062,14.56610681,-0.7139961514134645,0.3147849959102716,2.174918907866692,-2.249996144392663,2.5835456262712486,-1.470815761943801,2
121.0184162,14.5738205,-1.356105900786284,-0.921080268577672,1.4674547334423758,-1.9988616911994528,1.9921746240921483,-1.7770489229577062,2
121.016909,14.5549148,-0.8723245827656664,-1.360706429903564,3.2960497447388017,-0.9966756379276204,-1.375796358258209,1.085246860500602,0
121.0202378,14.56154225,-0.8019563910535766,-1.0372291379481695,3.070333360285844,-1.1265485022649002,-0.8769963707454779,0.7004040857372129,0
121.0206028,14.5596699,-1.2153695173621042,-1.0491672780093344,3.4438985839715714,-1.0063559445004775,-1.4788778876542985,0.9768066592229124,0
121.026342,14.563933,-0.8635285588016551,-0.5706810404080511,2.503396615015273,-1.2016141797605868,0.3684095272019032,-1.3157278785219804,2
121.040676,14.564421,-0.7139961514134645,0.4183936887057636,2.0421088947455424,-1.0166886045182464,3.1072388128509334,-1.2974503752010835,2
121.0174046955,14.5517863319,0.4631223332694677,-1.394448169255734,3.456788977429207,-0.5335600088569433,-1.4256917912142448,1.0631431630608903,0
121.0206028,14.5596699,-0.1862347135727908,-1.0491672780093344,3.4443295377802694,-0.6631241097242976,-1.3900490693250118,0.9513841358134012,0
121.019175,14.550759,-1.3704923961090538,-1.2843153265312606,3.150991781775322,1.0769344932465392,-1.3482708647359385,-0.5072419177744604,0
121.018458,14.57608,-0.0542943541126223,-0.8441921841992507,1.9877667919750464,-2.1833981579670736,3.425374358544384,1.4446151015363888,2
121.017742,14.554848,-0.5380756721332399,-1.3073624238923938,3.669543208655753,-0.4629224101129852,-1.8354576399087592,1.08159038755092,0
121.0174046955,14.5517863319,0.4361448318951841,-1.394448169255734,3.456772859078094,-0.5463974200001469,-1.429014128907663,1.064094005471876,0
121.0174046955,14.5517863319,0.3569869511155419,-1.394448169255734,3.4567255644425923,-0.5840650869071785,-1.4387625671396664,1.0668839772830574,0
121.0174046955,14.5517863319,0.4684469184158423,-1.394448169255734,3.456792158682716,-0.5310263092892058,-1.4250360666694912,1.062955496795564,0
121.0174046955,14.5517863319,0.4509602750021854,-1.394448169255734,3.456767556988912,-0.5506202526130428,-1.430107003148919,1.0644067825807528,0
121.0174046955,14.5517863319,0.4595772497411924,-1.394448169255734,3.456772646994527,-0.5465663333046628,-1.4290578438773134,1.064106516556231,0
121.02986,14.56119,-1.0218569901538572,-0.3832699381015666,2.4844473523707578,-0.1488750604835349,0.2068618939015077,-1.3035165170244989,2
121.0271,14.55973,0.1656062449876583,-0.5966383666928582,3.35481567970793,-0.5076650388619943,-1.091114500525297,-0.9726511436204818,0
121.0275016,14.5570169,-0.2478068813208693,-0.6008001957382056,3.2989093143903783,-0.4950979215023053,-1.9129602796095184,-0.7581754279799334,0
121.017742,14.554848,-0.4940955523131836,-1.3073624238923938,3.669528362806044,-0.4747463414290938,-1.838517687784276,1.082466163455775,0
121.0271,14.55973,-0.8459365108736328,-0.5966383666928582,3.258283418705385,1.8428799206835864,-0.1781222327435311,-0.5783233444248224,0
121.017742,14.554848,-0.5380756721332399,-1.3073624238923938,3.6695495711627713,-0.4578550109775101,-1.834146190819252,1.0812150550202675,0
121.0206028,14.5596699,-0.0982744739326784,-1.0491672780093344,3.4443295377802694,-0.6631241097242976,-1.3900490693250118,0.9513841358134012,0
121.019175,14.550759,-0.8899166306936889,-1.2843153265312606,3.19765240869911,-0.3400114667861862,-1.8990927304338965,-0.7461297548853609,0
121.018458,14.57608,-0.0279062822205886,-0.8441921841992507,1.9877667919750464,-2.1833981579670736,3.425374358544384,1.4446151015363888,2
121.0292710999,14.566647108,0.3679147961599165,-0.3069072049673038,2.382009655856254,-1.5287661357276667,1.2186431368655612,-1.4094526803090504,2
121.026342,14.563933,-0.8547325348376439,-0.5706810404080511,2.453556793471608,-0.2426781845703562,0.7371371747332466,-1.1621645790904824,2
121.0206028,14.5596699,-0.159846641680757,-1.0491672780093344,3.4443227511061165,-0.6685293354688043,-1.3914479483538196,0.9517844905127636,0
121.017742,14.554848,0.4595772822864811,-1.3073624238923938,3.669600683302484,-0.4171469045891935,-1.8236108831335445,1.0781998836906947,0
121.036339,14.562949,0.1216261251676022,0.0939162412266735,2.0287843856559493,-1.5094084392737366,1.839580298759289,-1.5410425536606265,2
121.0206028,14.5596699,-0.2302148333928468,-1.0491672780093344,3.4443227511061165,-0.6685293354688043,-1.3914479483538196,0.9517844905127636,0
121.026342,14.563933,-0.9778768703338012,-0.5706810404080511,2.503396615015273,-1.2016141797605868,0.3684095272019032,-1.3157278785219804,2
121.0218,14.55659,-1.0658371099739137,-1.0021309151579,3.691264014879132,-0.261598247737971,-2.2979235170467165,1.009351357913211,0
121.036339,14.562949,-1.0653797167277848,0.0939162412266735,1.978579780376575,-0.8410033278507449,2.133118198492221,-1.3659601891384008,2
121.0095742,14.5585864,-0.6696465985869197,-1.823923415803375,3.052704055859216,-0.5129709985288948,0.7008298430955775,1.0218906486841166,2
121.040676,14.564421,-0.7579762712335204,0.4183936887057636,2.0421194989239058,-1.0082429392924548,3.109424561333445,-1.2980759294188375,2
121.017742,14.554848,-0.6700160315934082,-1.3073624238923938,3.669528362806044,-0.4747463414290938,-1.838517687784276,1.082466163455775,0
121.040676,14.564421,-0.9778768703338012,0.4183936887057636,2.038685804023301,-1.668948869553953,2.874872379586544,-1.3683871658721511,2
121.0206028,14.5596699,-0.353359168889004,-1.0491672780093344,3.444343959462844,-0.6516380050172208,-1.3870764513887957,0.9505333820772562,0
121.017742,14.554848,-0.5380756721332399,-1.3073624238923938,3.6661052720838025,-1.1270066064648,-2.0708841210486657,1.011529372784708,0
121.036339,14.562949,0.4294869639079951,0.0939162412266735,2.028826802369404,-1.4756257783705693,1.848323292689337,-1.5435447705316412,2
121.025,14.55792,-0.5996478398813183,-0.7650438897005075,3.445911760878952,-0.1339259135254017,-2.5442322153784382,-0.6829506159926465,0
121.036339,14.562949,-0.2302148333928468,0.0939162412266735,2.028657135515586,-1.6107564219832384,1.8133513169691453,-1.533535903047582,2
121.040676,14.564421,-0.7139961514134645,0.4183936887057636,2.0421194989239058,-1.0082429392924548,3.109424561333445,-1.2980759294188375,2
121.0351,14.55487,-0.6700160315934082,-0.117818509823059,1.3819607383746435,-0.2421696954017036,1.0919466696963789,-1.5275477539554694,2
121.03746881995,14.564821345082,-0.3621551928530154,0.2047761894669441,2.201325906675931,-1.6849374968482345,2.2236765333302286,-1.4283855423412912,2
121.0351,14.55487,-0.9163047025857224,-0.117818509823059,1.3819607383746435,-0.2421696954017036,1.0919466696963789,-1.5275477539554694,2
121.036339,14.562949,-0.0542943541126223,0.0939162412266735,2.028657135515586,-1.6107564219832384,1.8133513169691453,-1.533535903047582,2
121.017742,14.554848,-0.4765035043851612,-1.3073624238923938,3.6693374875954983,-0.6267683154933468,-1.877861160469492,1.093726139375342,0
121.017742,14.554848,-0.5380756721332399,-1.3073624238923938,3.669528362806044,-0.4747463414290938,-1.838517687784276,1.082466163455775,0
121.018458,14.57608,-0.2513072590573476,-0.8441921841992507,1.987724375261592,-2.217180818870241,3.4166313646143363,1.4471173184074035,2
121.017742,14.554848,-0.2829909771769142,-1.3073624238923938,3.6695495711627713,-0.4578550109775101,-1.834146190819252,1.0812150550202675,0
121.025,14.55792,-1.0218569901538572,-0.7650438897005075,3.4458905525222243,-0.1508172439769855,-2.548603712343462,-0.681699507557139,0
121.018458,14.57608,-0.5204836242052173,-0.8441921841992507,1.987745583618319,-2.200289488418657,3.4210028615793604,1.4458662099718964,2
121.01725,14.57622,-0.4501154324931275,-0.9136295279496855,2.1762102116683004,-2.3854828802091035,3.7770759683940742,1.572777595054192,2
121.009139,14.563865,-0.4325233845651052,-1.7454660182321355,2.627303722848316,-0.8451411331641318,1.9970293838734887,0.7281269996626911,2
121.009139,14.563865,-1.0218569901538572,-1.7454660182321355,2.627234583605385,-0.9002068704362945,1.9827783037675109,0.7322056131624453,2
121.017742,14.554848,0.0336658855274902,-1.3073624238923938,3.669613196232953,-0.4071810196227592,-1.8210316999241805,1.0774617297137454,0
121.036339,14.562949,0.1656062449876583,0.0939162412266735,2.028826802369404,-1.4756257783705693,1.848323292689337,-1.5435447705316412,2
121.018458,14.57608,-0.3023422298977389,-0.8441921841992507,1.987745583618319,-2.200289488418657,3.4210028615793604,1.4458662099718964,2
121.0138922,14.54901252,-0.2527762830195771,-1.672101064694451,2.7420837254905592,-1.1441854222222922,0.0095324615754203,-0.6902405259117512,2
121.0206028,14.5596699,-0.8019563910535766,-1.0491672780093344,3.4477034251149035,-0.050051731336265,-1.167824509019478,1.0252234980548456,0
121.017742,14.554848,-0.1422545937527345,-1.3073624238923938,3.66963440458968,-0.3902896891711754,-1.8166602029591563,1.076210621278238,0
121.017742,14.554848,-0.1862347135727908,-1.3073624238923938,3.66963440458968,-0.3902896891711754,-1.8166602029591563,1.076210621278238,0
121.017742,14.554848,-0.5204836242052173,-1.3073624238923938,3.6695071544493167,-0.4916376718806773,-1.8428891847493003,1.0837172718912826,0
121.0183,14.56166,-1.1977774694340817,-1.1647150168148916,3.159173622284176,-0.2832514019307565,0.0522060673190962,0.9924713043515496,0
121.040676,14.564421,-0.7579762712335204,0.4183936887057636,2.038675199844937,-1.6773945347797448,2.872686631104032,-1.3677616116543976,2
121.011528,14.543799,-0.8459365108736328,-1.9053778968227075,2.5472570162525936,-1.1569367133701087,0.946641841900728,0.6323551721493227,2
121.026342,14.563933,-0.6867284771250295,-0.5706810404080511,2.5033541983018184,-1.235396840663754,0.3596665332718553,-1.3132256616509654,2
121.0180597,14.55761079,-0.5600657320432678,-1.256039628732511,3.6189192019638834,-0.7161313701118779,-1.5069429573573347,1.0919173389272363,0
121.026342,14.563933,-0.6677246673507833,-0.5706810404080511,2.503417823372,-1.1847228493090032,0.3727810241669271,-1.3169789869574875,2
121.017742,14.554848,-0.7579762712335204,-1.3073624238923938,3.669422321022408,-0.5592029936870122,-1.860375172609396,1.0887217056333125,0
121.0184,14.55697,-0.274194953212903,-1.2389874447453657,3.77265312502214,-0.5515414508782587,-1.6485580501954122,1.0013095276420854,0
121.0163734,14.56171317,-0.8899166306936889,-1.2913275704443727,3.2247310813563965,-1.9997950145988976,0.0550345552582688,0.7579296979251897,2
121.036339,14.562949,0.2975466044478267,0.0939162412266735,2.028657135515586,-1.6107564219832384,1.8133513169691453,-1.533535903047582,2
121.0206028,14.5596699,-0.3885432647450489,-1.0491672780093344,3.4443227511061165,-0.6685293354688043,-1.3914479483538196,0.9517844905127636,0
121.009139,14.563865,-0.2152088165102437,-1.7454660182321355,2.623859423769347,-1.5142927286514216,1.7602914536440752,0.6584413174271314,2
121.009139,14.563865,-0.3181750730329591,-1.7454660182321355,2.6273005415948067,-0.8476748327318693,1.9963736593287351,0.7283146659280171,2
121.017742,14.554848,-0.5820557919532959,-1.3073624238923938,3.6695071544493167,-0.4916376718806773,-1.8428891847493003,1.0837172718912826,0
121.026342,14.563933,-0.5820557919532959,-0.5706810404080511,2.45712834269094,0.5278213936264361,1.0001040867528035,-1.0999855474679672,2
121.017742,14.554848,-0.4501154324931275,-1.3073624238923938,3.6695495711627713,-0.4578550109775101,-1.834146190819252,1.0812150550202675,0
121.018458,14.57608,-0.3181750730329591,-0.8441921841992507,1.987724375261592,-2.217180818870241,3.4166313646143363,1.4471173184074035,2
121.0183,14.56166,-0.6677246673507833,-1.1647150168148916,3.1555045146238982,-1.1314511002048335,-0.2308697307395708,0.9360473715323688,0
121.0163734,14.56171317,-0.6700160315934082,-1.2913275704443727,3.228239005505547,-1.2799694277568563,0.3048869763827542,0.823862054854227,2
121.026342,14.563933,-0.7087185370350576,-0.5706810404080511,2.5033541983018184,-1.235396840663754,0.3596665332718553,-1.3132256616509654,2
121.017742,14.554848,-0.3181750730329591,-1.3073624238923938,3.6695071544493167,-0.4916376718806773,-1.8428891847493003,1.0837172718912826,0
121.017742,14.554848,-0.7843643431255543,-1.3073624238923938,3.669528362806044,-0.4747463414290938,-1.838517687784276,1.082466163455775,0
121.036339,14.562949,0.1216261251676022,0.0939162412266735,2.028826802369404,-1.4756257783705693,1.848323292689337,-1.5435447705316412,2
121.0206028,14.5596699,-0.7843643431255543,-1.0491672780093344,3.4442591260359348,-0.7192033268235555,-1.4045624392488911,0.955537815819286,0
121.0206028,14.5596699,-0.7755683191615429,-1.0491672780093344,3.4444058878644874,-0.6023153200985965,-1.374311680250926,0.9468801454455744,0
121.040676,14.564421,-1.0218569901538572,0.4183936887057636,2.041981644605179,-1.1180365872277485,3.08100983106079,-1.2899437245880392,2
121.017742,14.554848,-0.6700160315934082,-1.3073624238923938,3.669379904308953,-0.5929856545901795,-1.869118166539444,1.0912239225043272,0
121.017742,14.554848,-0.7175145609990689,-1.3073624238923938,3.6694647377358622,-0.5254203327838447,-1.851632178679348,1.0862194887622976,0
121.01128,14.56162,-1.1098172297939697,-1.6227318807650797,2.7944515732748045,-0.9029141469004102,1.7789717329955683,0.9015850147542108,2
121.019175,14.550759,-0.8961611040262197,-1.2843153265312606,3.147547482696353,0.4077828977592486,-1.585008794965352,-0.5769276000100203,0
121.0183,14.56166,-1.0218569901538572,-1.1647150168148916,3.1556922085809345,-0.9819628257083182,-0.1921819825991092,0.924975061878128,0
121.0163734,14.56171317,-0.933896750513745,-1.2913275704443727,3.228175380435365,-1.3306434191116074,0.2917724854876825,0.8276153801607495,2
121.017742,14.554848,-0.8547325348376439,-1.3073624238923938,3.669379904308953,-0.5929856545901795,-1.869118166539444,1.0912239225043272,0
121.0204774,14.5615741,0.1216261251676022,-1.0203187910458862,3.049055378348539,-0.8688711325658366,-0.7011522554216667,0.6370396110940281,0
121.0206028,14.5596699,-0.0542943541126223,-1.0491672780093344,3.4443227511061165,-0.6685293354688043,-1.3914479483538196,0.9517844905127636,0
121.0204774,14.5615741,-0.1862347135727908,-1.0203187910458862,3.049055378348539,-0.8688711325658366,-0.7011522554216667,0.6370396110940281,0
121.017742,14.554848,-0.2566029052848806,-1.3073624238923938,3.619561291122015,0.3828416710516349,-1.4960190220430762,1.2435361135003176,0
121.017742,14.554848,-0.626035911773352,-1.3073624238923938,3.6693374875954983,-0.6267683154933468,-1.877861160469492,1.093726139375342,0
121.017742,14.554848,-0.6700160315934082,-1.3073624238923938,3.6694252901923496,-0.5568382074237905,-1.8597631630342928,1.0885465504523413,0
121.0271,14.55973,-0.3621551928530154,-0.5966383666928582,3.3547096379242936,-0.5921216911199128,-1.1129719853504163,-0.9663956014429446,0
121.017742,14.554848,-0.2302148333928468,-1.3073624238923938,3.66963440458968,-0.3902896891711754,-1.8166602029591563,1.076210621278238,0
121.04641,14.560995,-0.8899166306936889,0.7688787575846058,2.498957551309956,-1.1368733884428308,2.708682833437692,0.7307157002561235,2
121.019175,14.550759,-0.274194953212903,-1.2843153265312606,3.1977478463043822,-0.2640004797540598,-1.8794209940912885,-0.7517597428451445,0
121.018458,14.57608,-0.4501154324931275,-0.8441921841992507,1.9877031669048648,-2.234072149321824,3.412259867649313,1.4483684268429111,2
121.019175,14.550759,-0.4501154324931275,-1.2843153265312606,3.197769054661109,-0.247109149302476,-1.8750494971262648,-0.7530108512806519,0
121.019175,14.550759,-0.933896750513745,-1.2843153265312606,3.150991781775322,1.0769344932465392,-1.3482708647359385,-0.5072419177744604,0
121.0206028,14.5596699,-0.159846641680757,-1.0491672780093344,3.444343959462844,-0.6516380050172208,-1.3870764513887957,0.9505333820772562,0
121.017742,14.554848,-0.4501154324931275,-1.3073624238923938,3.6661052720838025,-1.1270066064648,-2.0708841210486657,1.011529372784708,0
121.009139,14.563865,-0.0674883900586391,-1.7454660182321355,2.6273005415948067,-0.8476748327318693,1.9963736593287351,0.7283146659280171,2
121.019175,14.550759,-1.0218569901538572,-1.2843153265312606,3.150991781775322,1.0769344932465392,-1.3482708647359385,-0.5072419177744604,0
121.017742,14.554848,-0.4940955523131836,-1.3073624238923938,3.6695071544493167,-0.4916376718806773,-1.8428891847493003,1.0837172718912826,0
121.017742,14.554848,-0.8899166306936889,-1.3073624238923938,3.6693374875954983,-0.6267683154933468,-1.877861160469492,1.093726139375342,0
121.017742,14.554848,-0.4940955523131836,-1.3073624238923938,3.669379904308953,-0.5929856545901795,-1.869118166539444,1.0912239225043272,0
121.01727,14.55845,-0.2302148333928468,-1.2997517476025162,3.7254665841612113,0.9494471465642024,-0.8984195427349567,1.2216554391216343,0
121.0206028,14.5596699,-1.0658371099739137,-1.0491672780093344,3.4442379176792075,-0.7360946572751391,-1.4089339362139153,0.9567889242547934,0
121.0274,14.56691,-0.7139961514134645,-0.4343172343861769,2.232803158042804,-1.4882629872021629,1.2794223451071558,-1.4295357068015455,2
121.017742,14.554848,-0.0542943541126223,-1.3073624238923938,3.669613196232953,-0.4071810196227592,-1.8210316999241805,1.0774617297137454,0
121.0220743,14.5635465,-0.9075086786217113,-0.8654221184132828,2.713714590125885,-0.2573280072527981,0.2206307362278669,0.5093275695336372,0
121.017742,14.554848,-0.2214364014767636,-1.3073624238923938,3.619497666051833,0.332167679696884,-1.5091335129381478,1.24728943880684,0
121.026342,14.563933,-0.7931603670895654,-0.5706810404080511,2.5033648024801822,-1.2269511754379625,0.3618522817543673,-1.313851215868719,2
121.017742,14.554848,-0.5380756721332399,-1.3073624238923938,3.669587534121313,-0.4276195294691753,-1.8263212112518592,1.0789755709207094,0
121.0211555,14.5593401,-0.274194953212903,-1.0162218587121072,3.3819154427843983,-0.612152638457062,-1.629902254238651,0.9180886539330438,0
121.01802,14.55723,-0.2302148333928468,-1.2631105610768047,3.556621780825914,0.9385118852331754,-0.8690827548753287,1.299660838395826,0
121.017141,14.55349112,-0.7139961514134645,-1.380305005179404,3.540570341544204,-0.7710963486220754,-1.3432787194016669,1.1545359530709465,0
121.009139,14.563865,-0.0542943541126223,-1.7454660182321355,2.630753111932899,-0.1719356183684614,2.234816473374508,0.797512415873729,2
121.026342,14.563933,-0.7100379406296593,-0.5706810404080511,2.503481448442182,-1.134048857954252,0.3858955150619989,-1.32073231226401,2
121.0170718,14.54298517,-0.0894784499686672,-1.5550139202970503,1.792405818488707,0.5430403714238186,0.9880043574355324,-1.1633401561061625,2
121.017742,14.554848,-0.3181750730329591,-1.3073624238923938,3.619552807779324,0.3760851388710015,-1.497767620829086,1.2440365568745206,0
121.0168153,14.55865939,-0.3181750730329591,-1.3279660861089837,3.664888093496824,-0.6703554302721441,-1.0389631334712686,1.0921913218948904,0
121.019175,14.550759,-0.8987126546577001,-1.2843153265312606,3.150991781775322,1.0769344932465392,-1.3482708647359385,-0.5072419177744604,0
121.019175,14.550759,-0.8961618077081368,-1.2843153265312606,3.150991781775322,1.0769344932465392,-1.3482708647359385,-0.5072419177744604,0
121.036339,14.562949,0.2975466044478267,0.0939162412266735,2.0286995522290403,-1.5769737610800711,1.8220943108991932,-1.5360381199185968,2
121.018458,14.57608,-0.2132049942910023,-0.8441921841992507,1.987724375261592,-2.217180818870241,3.4166313646143363,1.4471173184074035,2
121.0275016,14.5570169,-0.8899166306936889,-0.6008001957382056,3.249175534630349,0.5482947259458434,-1.5223751472530558,-0.6108676707259729,0
121.0229,14.56154,-0.8899166306936889,-0.8564873832553256,3.10485523960792,-0.8005816278979168,-0.8503069447988728,0.46928017943069,0
121.019175,14.550759,-1.0658371099739137,-1.2843153265312606,3.1478019829770805,0.6104788631782525,-1.5325508313850649,-0.5919409012361095,0
121.026342,14.563933,-0.8899166306936889,-0.5706810404080511,2.506809101559151,-0.5577995799506723,0.5985902119837806,-1.2441655336331592,2
121.009139,14.563865,-1.0218569901538572,-1.7454660182321355,2.6307024239603205,-0.2123058981477463,2.2243685956281007,0.8005025650345918,2
121.0183,14.56166,-1.0658371099739137,-1.1647150168148916,3.1556922085809345,-0.9819628257083182,-0.1921819825991092,0.924975061878128,0
121.009139,14.563865,-0.9110270882073158,-1.7454660182321355,2.67373911702366,-2.441473022592675,1.3997822204069763,0.5025259341368795,2
121.017742,14.554848,-0.296185013122931,-1.3073624238923938,3.6695495711627713,-0.4578550109775101,-1.834146190819252,1.0812150550202675,0
121.0202921,14.55390794,-0.5600657320432678,-1.1572654774811455,3.728952402967711,-0.5443789535661041,-1.967088492795142,1.0001675730879012,0
121.0202921,14.55390794,-0.5556677200612622,-1.1572654774811455,3.728952402967711,-0.5443789535661041,-1.967088492795142,1.0001675730879012,0
121.0156346,14.55165525,-0.8371404869096215,-1.519197190248479,3.385515032397663,-0.9822898030758512,-0.8585920694640482,1.2239615013086935,0
121.017742,14.554848,-0.5503901056828555,-1.3073624238923938,3.6230055902009832,1.0519932665389256,-1.2592810918136628,1.3132217957358774,0
121.017742,14.554848,-0.5600657320432678,-1.3073624238923938,3.669379904308953,-0.5929856545901795,-1.869118166539444,1.0912239225043272,0
121.0553804,14.54178249,-1.2312023604973243,1.1324348798203967,2.4479457563023943,-3.334424236399293,1.0474031513764137,1.2937532581849946,2
121.017742,14.554848,-0.239010857356858,-1.3073624238923938,3.619552807779324,0.3760851388710015,-1.497767620829086,1.2440365568745206,0
121.017742,14.554848,-0.3181750730329591,-1.3073624238923938,3.6695495711627713,-0.4578550109775101,-1.834146190819252,1.0812150550202675,0
121.019175,14.550759,-0.159846641680757,-1.2843153265312606,3.1976061744814444,-0.3768345671706385,-1.9086225938176489,-0.7434023384959547,0
121.017742,14.554848,-0.5996478398813183,-1.3073624238923938,3.669542148237917,-0.4637669766355644,-1.8356762147570107,1.081652942972695,0
121.0206028,14.5596699,-0.0103142342925661,-1.0491672780093344,3.4443295377802694,-0.6631241097242976,-1.3900490693250118,0.9513841358134012,0
121.009139,14.563865,0.4030988920159615,-1.7454660182321355,2.62730881285393,-0.8410872138557517,1.9980785431450945,0.7278267336381692,2
121.0376942,14.56510718,0.1656062449876583,0.2257011942027453,2.1887834736547176,-1.0567955584997466,2.475323100420795,-1.3692009085621692,2
121.036339,14.562949,0.7813279224684442,0.0939162412266735,2.0287843856559493,-1.5094084392737366,1.839580298759289,-1.5410425536606265,2
121.009139,14.563865,0.3943028680519502,-1.7454660182321355,2.62730414701545,-0.8448033065551,1.9971168138127893,0.728101977493981,2
121.009139,14.563865,0.3899048560699446,-1.7454660182321355,2.627301602012643,-0.8468302662092901,1.9965922341769864,0.7282521105062418,2
121.017742,14.554848,-0.9075086786217113,-1.3073624238923938,3.669366755127782,-0.6034582794701613,-1.8718284946577584,1.0919996097343418,0
121.019175,14.550759,-0.2478068813208693,-1.2843153265312606,3.1976842212342005,-0.3146744711088107,-1.8925354849863605,-0.7480064175386222,0
121.036339,14.562949,0.5614273233681636,0.0939162412266735,2.028763177299222,-1.5262997697253202,1.8352088017942647,-1.5397914452251191,2
121.009139,14.563865,-0.7579762712335204,-1.7454660182321355,2.627449000091897,-0.7294355195707837,2.0269741380839026,0.7195569068794652,2
121.040676,14.564421,-0.933896750513745,0.4183936887057636,2.042087686388815,-1.03357993496983,3.102867315885909,-1.2961992667655764,2
121.0163734,14.56171317,-0.7667722951975317,-1.2913275704443727,3.228239005505547,-1.2799694277568563,0.3048869763827542,0.823862054854227,2
121.0285574,14.5651917,0.5614273233681636,-0.391815495680984,2.6053210908599964,-1.2285633275513654,0.9264019695605952,-1.4252106065498211,2
121.0206028,14.5596699,-0.3181750730329591,-1.0491672780093344,3.4443227511061165,-0.6685293354688043,-1.3914479483538196,0.9517844905127636,0
121.0275016,14.5570169,-0.2302148333928468,-0.6008001957382056,3.299121397957651,-0.3261846169864688,-1.8692453099592796,-0.7706865123350078,0
121.0275016,14.5570169,0.2095863648077144,-0.6008001957382056,3.29920623138456,-0.2586192951801341,-1.851759322099184,-0.7756909460770376,0
121.040676,14.564421,-0.8459365108736328,0.4183936887057636,2.0455637980028745,-0.3390913438051646,3.3461624915628585,-1.2283902471832775,2
121.019175,14.550759,-0.5820557919532959,-1.2843153265312606,3.1478019829770805,0.6104788631782525,-1.5325508313850649,-0.5919409012361095,0
121.0275016,14.5570169,-0.0982744739326784,-0.6008001957382056,3.2989941478172877,-0.4275325996959708,-1.895474291749423,-0.7631798617219632,0
121.0271,14.55973,-0.7139961514134645,-0.5966383666928582,3.3048486080239003,0.3499229736187344,-0.7486158347840967,-0.8115811935759394,0
121.0206028,14.5596699,-0.2478068813208693,-1.0491672780093344,3.444343959462844,-0.6516380050172208,-1.3870764513887957,0.9505333820772562,0
121.0178321,14.56186309,-0.6700160315934082,-1.190769541879861,2.9491539476883504,-1.2562089807830463,0.1667243507311547,0.8291618215663406,2
121.017742,14.554848,-0.5380756721332399,-1.3073624238923938,3.669375238470473,-0.5967017472895277,-1.8700798958717493,1.091499166360139,0
121.0275016,14.5570169,-0.4061353126730714,-0.6008001957382056,3.2989517311038328,-0.4613152605991381,-1.9042172856794708,-0.7606776448509484,0
121.017778,14.534456,-0.5820557919532959,-1.506454651259902,1.372098545844158,-1.2856979160846178,1.3857643790094991,-1.9247628968448365,2
121.036339,14.562949,-0.239010857356858,0.0939162412266735,2.028657135515586,-1.6107564219832384,1.8133513169691453,-1.533535903047582,2
121.017742,14.554848,-0.4061353126730714,-1.3073624238923938,3.6695707795194985,-0.4409636805259265,-1.8297746938542283,1.0799639465847604,0
121.019175,14.550759,-0.274194953212903,-1.2843153265312606,3.197641804520746,-0.348457132011978,-1.9012784789164083,-0.7455042006676073,0
121.009139,14.563865,-0.0630903780766335,-1.7454660182321355,2.627303722848316,-0.8451411331641318,1.9970293838734887,0.7281269996626911,2
121.012341,14.5586485,-0.933896750513745,-1.635671903601181,3.292286483326176,-1.2415223020246484,-0.0981030905742528,1.077037931058603,0
121.026342,14.563933,-0.5380756721332399,-0.5706810404080511,2.503545073512364,-1.083374866599501,0.3990100059570706,-1.3244856375705325,2
121.017742,14.554848,-0.5380756721332399,-1.3073624238923938,3.665978021943439,-1.228354589174302,-2.0971131028388097,1.019036023397753,0
121.036339,14.562949,-0.933896750513745,0.0939162412266735,1.9787748972584656,-0.6856030876961752,2.173335970570441,-1.3774703867450693,2
121.0206028,14.5596699,-0.9778768703338012,-1.0491672780093344,3.444195500965753,-0.7698773181783064,-1.4176769301439631,0.9592911411258082,0
121.0274,14.56691,-0.740384223305498,-0.4343172343861769,2.232824366399531,-1.4713716567505792,1.2837938420721795,-1.430786815237053,2
121.0275016,14.5570169,-0.5578667260522651,-0.6008001957382056,3.252452287691172,1.0840048108656233,-1.3201720430473314,-0.5312982318499043,0
121.0206028,14.5596699,-0.9778768703338012,-1.0491672780093344,3.4407512018867843,-1.4390289136655965,-1.6544148603733766,0.8896054588902484,0
121.0206028,14.5596699,-0.3709512168170265,-1.0491672780093344,3.4408360353136933,-1.3714635918592617,-1.636928872513281,0.8846010251482188,0
121.018458,14.57608,-0.4501154324931275,-0.8441921841992507,1.984258867825896,-2.9032237448091145,3.175521937419899,1.3786827446073513,2
121.009139,14.563865,0.4030988920159615,-1.7454660182321355,2.673831585458991,-2.3678268218237704,1.4188419471744809,0.4970711013580671,2
121.017742,14.554848,-0.5380756721332399,-1.3073624238923938,3.6695707795194985,-0.4409636805259265,-1.8297746938542283,1.0799639465847604,0
121.040676,14.564421,-0.5380756721332399,0.4183936887057636,2.0421194989239058,-1.0082429392924548,3.109424561333445,-1.2980759294188375,2
121.0130061,14.56015921,-1.211991844159924,-1.5554110193627986,3.0338731451189807,-1.9741636049511968,0.6435938870778746,0.6411266081309864,2
121.026342,14.563933,-0.897868236357155,-0.5706810404080511,2.499925169239693,-1.892386678225904,0.1260760808572592,-1.3838121419600906,2
121.009139,14.563865,0.3899048560699446,-1.7454660182321355,2.673824374617704,-2.373569874177309,1.4173556382063728,0.4974964782261395,2
121.036339,14.562949,0.3855068440879393,0.0939162412266735,2.028826802369404,-1.4756257783705693,1.848323292689337,-1.5435447705316412,2
121.019175,14.550759,-0.3190546754293602,-1.2843153265312606,3.1977478463043822,-0.2640004797540598,-1.8794209940912885,-0.7517597428451445,0
121.036339,14.562949,0.3415267242678829,0.0939162412266735,2.028826802369404,-1.4756257783705693,1.848323292689337,-1.5435447705316412,2
121.003404,14.55953,-1.2153695173621042,-2.173319188661078,2.91622903864112,-2.572180739606392,2.0799085192232263,2.098226497670965,2
121.01266,14.5504085,-0.8525335288466411,-1.7449421721949678,3.039686264970952,-1.9243754939661568,-0.0010439281206062,1.005552721135141,0
121.017742,14.554848,-0.2302148333928468,-1.3073624238923938,3.6695495711627713,-0.4578550109775101,-1.834146190819252,1.0812150550202675,0
121.0130061,14.56015921,-1.2775046306438795,-1.5554110193627986,3.033682269908436,-2.12618557901545,0.6042504143926591,0.6523865840505535,2
121.0130061,14.56015921,-1.307762953080078,-1.5554110193627986,3.0335974364815264,-2.1937509008217844,0.5867644265325636,0.6573910177925834,2
121.019175,14.550759,-0.7731933926912599,-1.2843153265312606,3.150991781775322,1.0769344932465392,-1.3482708647359385,-0.5072419177744604,0
121.017742,14.554848,-0.4061353126730714,-1.3073624238923938,3.669528362806044,-0.4747463414290938,-1.838517687784276,1.082466163455775,0
121.036339,14.562949,-0.0718864020406447,0.0939162412266735,2.028657135515586,-1.6107564219832384,1.8133513169691453,-1.533535903047582,2
121.019175,14.550759,-0.9310380427254412,-1.2843153265312606,3.1476429203016263,0.4837938847913752,-1.5653370586227444,-0.5825575879698037,0
121.0274,14.56691,-0.8019563910535766,-0.4343172343861769,2.232809308466255,-1.4833645013712036,1.2806900792270126,-1.4298985282478427,2
121.018458,14.57608,-0.0103142342925661,-0.8441921841992507,1.987745583618319,-2.200289488418657,3.4210028615793604,1.4458662099718964,2
121.003404,14.55953,-1.2153695173621042,-2.173319188661078,2.9230624950715667,-1.2777950078059288,2.5420184875729905,2.240850744074404,2
121.0206028,14.5596699,-0.4940955523131836,-1.0491672780093344,3.4443015427493893,-0.6854206659203882,-1.3958194453188435,0.953035598948271,0
121.009139,14.563865,0.3943028680519502,-1.7454660182321355,2.673826919620511,-2.371542914523119,1.4178802178421757,0.4973463452138786,2
121.0218,14.55659,-0.5820557919532959,-1.0021309151579,3.694581063817737,0.3062053650398171,-2.087414568607447,1.0865436907618156,0
121.019175,14.550759,-1.0253753997394617,-1.2843153265312606,3.197514554380383,-0.44980511472148,-1.927507460706552,-0.7379975500545626,0
121.019175,14.550759,-0.4501154324931275,-1.2843153265312606,3.1976842212342005,-0.3146744711088107,-1.8925354849863605,-0.7480064175386222,0
121.026342,14.563933,-0.3621551928530154,-0.5706810404080511,2.5068197057375143,-0.5493539147248805,0.6007759604662926,-1.244791087850913,2
121.0180597,14.55761079,-0.1422545937527345,-1.256039628732511,3.572566096212641,0.9457388814688104,-0.8927343856665301,1.312664103723279,0
121.0206028,14.5596699,-0.3621551928530154,-1.0491672780093344,3.440878452027148,-1.3376809309560944,-1.628185878583233,0.8820988082772039,0
121.0218,14.55659,-0.7579762712335204,-1.0021309151579,3.69455985546101,0.2893140345882334,-2.0917860655724705,1.087794799197323,0
121.017742,14.554848,-0.933896750513745,-1.3073624238923938,3.6196249161921967,0.4335156624063859,-1.4829045311480042,1.2397827881937953,0
121.017742,14.554848,-0.9426927744777562,-1.3073624238923938,3.6693374875954983,-0.6267683154933468,-1.877861160469492,1.093726139375342,0
121.0206028,14.5596699,-0.1422545937527345,-1.0491672780093344,3.444326780693894,-0.6653199826830035,-1.390617363930465,0.9515467799100172,0
121.0183,14.56166,-1.1098172297939697,-1.1647150168148916,3.1556922085809345,-0.9819628257083182,-0.1921819825991092,0.924975061878128,0
121.036339,14.562949,-0.1862347135727908,0.0939162412266735,2.028826802369404,-1.4756257783705693,1.848323292689337,-1.5435447705316412,2
121.036339,14.562949,-0.3181750730329591,0.0939162412266735,2.028678343872313,-1.593865091531655,1.8177228139341692,-1.5347870114830893,2
121.017742,14.554848,-0.1422545937527345,-1.3073624238923938,3.669613196232953,-0.4071810196227592,-1.8210316999241805,1.0774617297137454,0
121.0274,14.56691,-0.626035911773352,-0.4343172343861769,2.232972824896622,-1.3531323435894935,1.314394320827347,-1.439544574285605,2
121.0387062,14.56610681,0.2535664846277706,0.3147849959102716,2.175491533498328,-1.793930222199904,2.701576044326895,-1.504595689702502,2
121.017742,14.554848,-0.6700160315934082,-1.3073624238923938,3.6695707795194985,-0.4409636805259265,-1.8297746938542283,1.0799639465847604,0
121.017742,14.554848,-0.8459365108736328,-1.3073624238923938,3.619391624268197,0.2477110274389656,-1.5309909977632676,1.2535449809843773,0
121.036339,14.562949,-0.159846641680757,0.0939162412266735,2.028826802369404,-1.4756257783705693,1.848323292689337,-1.5435447705316412,2
121.017742,14.554848,-0.4940955523131836,-1.3073624238923938,3.619552807779324,0.3760851388710015,-1.497767620829086,1.2440365568745206,0
121.016328,14.55727,-0.5380756721332399,-1.381467750924401,3.5857666597488747,-0.7314133922795127,-1.1047213819001764,1.0413380413647018,0
121.0206028,14.5596699,-0.7755683191615429,-1.0491672780093344,3.444280334392662,-0.7023119963719718,-1.4001909422838674,0.9542867073837784,0
121.0204774,14.5615741,-0.1422545937527345,-1.0203187910458862,3.049055378348539,-0.8688711325658366,-0.7011522554216667,0.6370396110940281,0
121.009139,14.563865,-0.5380756721332399,-1.7454660182321355,2.677267613278836,-1.7052628452125975,1.6538749935875352,0.5672447158834749,2
121.017742,14.554848,-0.2302148333928468,-1.3073624238923938,3.66951775862768,-0.4831920066548856,-1.840703436266788,1.0830917176735289,0
121.040676,14.564421,-0.6876080795214307,0.4183936887057636,2.0455637980028745,-0.3390913438051646,3.3461624915628585,-1.2283902471832775,2
121.012918,14.5640827,-0.3181750730329591,-1.476577583711331,2.5546855432147573,-0.7424942193103712,1.7124369420379493,0.7082057130619355,2
121.0142394,14.5586644,-0.4061353126730714,-1.5055234203730004,3.440376372121709,-0.9207122767900592,-0.3786891613964748,1.07962315592151,0
121.009139,14.563865,-0.933896750513745,-1.7454660182321355,2.6771827798519268,-1.7728281670189323,1.6363890057274395,0.5722491496255045,2
121.018458,14.57608,-0.4061353126730714,-0.8441921841992507,1.987745583618319,-2.200289488418657,3.4210028615793604,1.4458662099718964,2
121.026342,14.563933,-0.4940955523131836,-0.5706810404080511,2.5035238651556364,-1.1002661970510847,0.3946385089920467,-1.323234529135025,2
121.009139,14.563865,0.1216261251676022,-1.7454660182321355,2.630744840673775,-0.178523237244579,2.2331115895581486,0.7980003481635771,2
121.0278726,14.5671852,-0.5820557919532959,-0.398657094919866,2.38562362178904,-0.7244838966277074,1.490353042815166,-1.3497758655575502,2
121.0206028,14.5596699,-0.2302148333928468,-1.0491672780093344,3.444365167819571,-0.634746674565637,-1.3827049544237715,0.9492822736417488,0
121.017742,14.554848,-0.626035911773352,-1.3073624238923938,3.672866620101376,0.1099486018002781,-1.6236372423799823,1.1584073878688723,0
121.0285574,14.5651917,-0.2302148333928468,-0.391815495680984,2.605328937951985,-1.2223135352842796,0.928019423437654,-1.425673516670959,2
121.0168664,14.5585298,-0.3181750730329591,-1.3265171965145015,3.735827801028738,-0.5941435562152058,-1.2970590289463977,1.060570812738183,0
121.036339,14.562949,-0.0982744739326784,0.0939162412266735,2.0286359271588585,-1.6276477524348223,1.8089798200041216,-1.5322847946120743,2
121.0136766,14.55573108,-0.3005830251049367,-1.5826006874146945,3.572540022338649,0.7123414405233405,-0.1423140900458192,1.533163687393951,0
121.0283428,14.56516576,-0.0894784499686672,-0.406804761918016,2.5111121060274058,-1.1173861681594004,0.7531740628147644,-1.4900425183700272,2
121.0283428,14.56516576,0.4558750358000291,-0.406804761918016,2.511067568478279,-1.152857962107726,0.7439939191882141,-1.4874151906554616,2
121.0285574,14.5651917,-0.2478068813208693,-0.391815495680984,2.605278674146542,-1.2623459884545327,0.9176589756305472,-1.4227083896788064,2
121.036339,14.562949,-0.0982744739326784,0.0939162412266735,2.028678343872313,-1.593865091531655,1.8177228139341692,-1.5347870114830893,2
121.017742,14.554848,-0.6612200076293969,-1.3073624238923938,3.619476457695106,0.3152763492453003,-1.513505009903172,1.2485405472423474,0
121.009139,14.563865,-0.5116876002412061,-1.7454660182321355,2.6273005415948067,-0.8476748327318693,1.9963736593287351,0.7283146659280171,2
121.0182445,14.5552671,-0.7579762712335204,-1.2630395488124009,3.6985836747039,-0.4604371100354057,-1.8440409582758115,1.0931132906715482,0
121.0278726,14.5671852,-0.4501154324931275,-0.398657094919866,2.38562362178904,-0.7244838966277074,1.490353042815166,-1.3497758655575502,2
121.017742,14.554848,-0.4940955523131836,-1.3073624238923938,3.66963440458968,-0.3902896891711754,-1.8166602029591563,1.076210621278238,0
121.0271,14.55973,-0.3093790490689478,-0.5966383666928582,3.3547944713512026,-0.5245563693135782,-1.0954859974903206,-0.9714000351849744,0
121.026342,14.563933,-0.626035911773352,-0.5706810404080511,2.5036341486106184,-1.0124312787028498,0.4173702932101711,-1.3297402929996638,2
121.0096471,14.55821108,-0.7843643431255543,-1.8278942468427657,3.1619060642816152,-1.2935710673292578,0.1344199707839826,0.9572145170474194,0
121.026342,14.563933,-0.7139961514134645,-0.5706810404080511,2.5035238651556364,-1.1002661970510847,0.3946385089920467,-1.323234529135025,2
121.0271,14.55973,-0.6172398878093408,-0.5966383666928582,3.35458238778393,-0.6934696738294149,-1.13920096714056,-0.9588889508299,0
121.040676,14.564421,-0.7579762712335204,0.4183936887057636,2.0421088947455424,-1.0166886045182464,3.1072388128509334,-1.2974503752010835,2
121.019175,14.550759,-0.3181750730329591,-1.2843153265312606,3.194277885113774,-0.9535905850877664,-2.121448435648381,-0.8199315838737403,0
121.017742,14.554848,-0.3181750730329591,-1.3073624238923938,3.669613196232953,-0.4071810196227592,-1.8210316999241805,1.0774617297137454,0
121.0206028,14.5596699,-0.9251007265497336,-1.0491672780093344,3.444181079283178,-0.7813634228853833,-1.4206495480801795,0.9601418948619532,0
121.026342,14.563933,-0.5380756721332399,-0.5706810404080511,2.503651115296,-0.9989182143415828,0.4208674907821903,-1.3307411797480695,2
121.017742,14.554848,-0.7175145609990689,-1.3073624238923938,3.6660204386568935,-1.194571928271135,-2.0883701089087614,1.0165338065267375,0
121.009139,14.563865,-0.1422545937527345,-1.7454660182321355,2.630744840673775,-0.178523237244579,2.2331115895581486,0.7980003481635771,2
121.0271,14.55973,-0.9778768703338012,-0.5966383666928582,3.358005478506171,-0.0412094087937079,-0.9068345338761704,-0.8879521601588327,0
121.012341,14.5586485,-0.8019563910535766,-1.635671903601181,3.2424996826743286,-0.2403579807054589,0.2815532993696506,1.227473459401332,0
121.0206028,14.5596699,-0.9778768703338012,-1.0491672780093344,3.4442379176792075,-0.7360946572751391,-1.4089339362139153,0.9567889242547934,0
121.0275016,14.5570169,-0.159846641680757,-0.6008001957382056,3.299036564530742,-0.3937499387928033,-1.886731297819375,-0.7656820785929781,0
121.026342,14.563933,-0.933896750513745,-0.5706810404080511,2.503417823372,-1.1847228493090032,0.3727810241669271,-1.3169789869574875,2
121.0278726,14.5671852,-0.5996478398813183,-0.398657094919866,2.382306572850436,-1.2922875094054953,1.2798440943758964,-1.4269681984061546,2
121.036339,14.562949,0.5174472035481075,0.0939162412266735,2.025382503290435,-2.1447773738578597,1.6115853624599237,-1.6132304527672012,2
121.0183,14.56166,-0.8411866579330667,-1.1647150168148916,3.105516234583142,-0.2907544181756885,0.1072574380366052,1.0983684300124186,0
121.0189484,14.55479212,-0.933896750513745,-1.2283234853326523,3.714365746161664,-0.5824287917543857,-1.9011345408494456,1.115687535530633,0
121.036339,14.562949,0.2095863648077144,0.0939162412266735,2.028826802369404,-1.4756257783705693,1.848323292689337,-1.5435447705316412,2
121.017742,14.554848,-0.933896750513745,-1.3073624238923938,3.669379904308953,-0.5929856545901795,-1.869118166539444,1.0912239225043272,0
121.0183,14.56166,-0.0542943541126223,-1.1647150168148916,3.15556813969408,-1.0807771088500824,-0.2177552398444991,0.9322940462258466,0
121.026342,14.563933,-0.8899166306936889,-0.5706810404080511,2.506968164234605,-0.4311146015637948,0.63137643922146,-1.253548846899465,2
121.036339,14.562949,-0.1862347135727908,0.0939162412266735,2.028720760585768,-1.5600824306284875,1.8264658078642173,-1.5372892283541042,2
121.018458,14.57608,-0.4061353126730714,-0.8441921841992507,1.9877031669048648,-2.234072149321824,3.412259867649313,1.4483684268429111,2
121.017742,14.554848,-0.4061353126730714,-1.3073624238923938,3.6695495711627713,-0.4578550109775101,-1.834146190819252,1.0812150550202675,0
121.0206028,14.5596699,-0.4061353126730714,-1.0491672780093344,3.4443227511061165,-0.6685293354688043,-1.3914479483538196,0.9517844905127636,0
121.009139,14.563865,-0.9822748823158068,-1.7454660182321355,2.6238095841310383,-1.5539873552126433,1.7500184357762691,0.661381422250574,2
121.009139,14.563865,-0.7579762712335204,-1.7454660182321355,2.6306175905334115,-0.2798712199540809,2.206882607768005,0.8055069987766217,2
121.017742,14.554848,-0.2829909771769142,-1.3073624238923938,3.619582499478742,0.3997330015032186,-1.491647525078052,1.2422850050648102,0
121.00695,14.559528,-0.5820557919532959,-1.9658710191532165,2.6416380474321173,-2.2215763704983007,0.9690378153244782,0.5471076713892526,2
121.0276486,14.56716783,-0.7139961514134645,-0.414608438731894,2.276700672891909,-2.0239891746322147,1.178215419289275,-1.4808053365203306,2
121.0206028,14.5596699,-0.0982744739326784,-1.0491672780093344,3.4443227511061165,-0.6685293354688043,-1.3914479483538196,0.9517844905127636,0
121.0274,14.56691,-0.7139961514134645,-0.4343172343861769,2.232807399714149,-1.484884721111846,1.2802966445001605,-1.429785928488647,2
121.026342,14.563933,-0.933896750513745,-0.5706810404080511,2.503396615015273,-1.2016141797605868,0.3684095272019032,-1.3157278785219804,2
121.017742,14.554848,-0.6700160315934082,-1.3073624238923938,3.669443529379135,-0.5423116632354286,-1.8560036756443723,1.087470597197805,0
121.017742,14.554848,-0.1844755087799884,-1.3073624238923938,3.669613196232953,-0.4071810196227592,-1.8210316999241805,1.0774617297137454,0
121.017742,14.554848,-0.3621551928530154,-1.3073624238923938,3.669528362806044,-0.4747463414290938,-1.838517687784276,1.082466163455775,0
121.026342,14.563933,-0.8899166306936889,-0.5706810404080511,2.5033541983018184,-1.235396840663754,0.3596665332718553,-1.3132256616509654,2
121.017742,14.554848,-0.3621551928530154,-1.3073624238923938,3.6695071544493167,-0.4916376718806773,-1.8428891847493003,1.0837172718912826,0
121.017742,14.554848,-0.5380756721332399,-1.3073624238923938,3.669422321022408,-0.5592029936870122,-1.860375172609396,1.0887217056333125,0
121.0387062,14.56610681,0.1216261251676022,0.3147849959102716,2.175491533498328,-1.793930222199904,2.701576044326895,-1.504595689702502,2
121.017742,14.554848,-0.8468161132700338,-1.3073624238923938,3.669379904308953,-0.5929856545901795,-1.869118166539444,1.0912239225043272,0
121.0271,14.55973,-0.9426927744777562,-0.5966383666928582,3.3046789411700828,0.2147923300060651,-0.783587810504288,-0.8015723260918799,0
121.0206028,14.5596699,-0.5715005631964825,-1.0491672780093344,3.4442909385710254,-0.69386633114618,-1.3980051938013556,0.9536611531660248,0
121.0285574,14.5651917,-0.2302148333928468,-0.391815495680984,2.6053210908599964,-1.2285633275513654,0.9264019695605952,-1.4252106065498211,2
121.019175,14.550759,-0.5820557919532959,-1.2843153265312606,3.197663012877473,-0.3315658015603944,-1.8969069819513849,-0.7467553091031147,0
121.0189616,14.56121689,-0.9198231121713272,-1.130783598508412,3.2099027119975863,-1.720493691999709,-0.7409904437165139,0.8362840977687016,0
121.026342,14.563933,-0.7579762712335204,-0.5706810404080511,2.5033541983018184,-1.235396840663754,0.3596665332718553,-1.3132256616509654,2
121.018458,14.57608,-0.5662229488180759,-0.8441921841992507,1.987724375261592,-2.217180818870241,3.4166313646143363,1.4471173184074035,2
121.016301,14.55760762,-0.5380756721332399,-1.379203417145352,3.6168430637693705,-0.8609497234948862,-1.0117232107479042,1.0656926102676063,0
121.026342,14.563933,-0.6700160315934082,-0.5706810404080511,2.5033648024801822,-1.2269511754379625,0.3618522817543673,-1.313851215868719,2
121.0203,14.55391,-0.8459365108736328,-1.1566845874765177,3.728952402967711,-0.5443789535661041,-1.967088492795142,1.0001675730879012,0
121.036339,14.562949,0.7373478026483884,0.0939162412266735,2.028826802369404,-1.4756257783705693,1.848323292689337,-1.5435447705316412,2
121.036339,14.562949,0.3855068440879393,0.0939162412266735,2.028763177299222,-1.5262997697253202,1.8352088017942647,-1.5397914452251191,2
121.017742,14.554848,-0.495854757105986,-1.3073624238923938,3.6196249161921967,0.4335156624063859,-1.4829045311480042,1.2397827881937953,0
121.0387062,14.56610681,0.2975466044478267,0.3147849959102716,2.175491533498328,-1.793930222199904,2.701576044326895,-1.504595689702502,2
121.0275016,14.5570169,-0.5380756721332399,-0.6008001957382056,3.299121397957651,-0.3261846169864688,-1.8692453099592796,-0.7706865123350078,0
121.026342,14.563933,-0.840658896495226,-0.5706810404080511,2.499920503401213,-1.8961027709252525,0.1251143515249538,-1.383536898104279,2
121.026342,14.563933,-0.9778768703338012,-0.5706810404080511,2.503503080966044,-1.1168197008936367,0.3903544419663233,-1.3220084428682275,2
121.0283766,14.56536992,-0.6700160315934082,-0.3994703151735488,2.6052574657898147,-1.2792373189061164,0.9132874786655232,-1.421457281243299,2
121.026342,14.563933,-0.8309480860389575,-0.5706810404080511,2.503607426081142,-1.033714355071845,0.411862207034241,-1.3281638963709244,2
121.017742,14.554848,-0.159846641680757,-1.3073624238923938,3.6695071544493167,-0.4916376718806773,-1.8428891847493003,1.0837172718912826,0
121.009139,14.563865,-1.0218569901538572,-1.7454660182321355,2.630609319274288,-0.2864588388301985,2.2051777239516457,0.8059949310664696,2
121.009139,14.563865,-0.3181750730329591,-1.7454660182321355,2.677405467597563,-1.595469197277304,1.6822897238601908,0.5591125110526765,2
121.026342,14.563933,-0.6700160315934082,-0.5706810404080511,2.5033690441515275,-1.2235729093476455,0.362726581147372,-1.3141014375558209,2
121.017742,14.554848,1.0012285215687249,-1.3073624238923938,3.622920756774074,0.9844279447325908,-1.2767670796737585,1.3182262294779072,0
121.0276486,14.56716783,-0.7088944575143378,-0.414608438731894,2.276581906094236,-2.1185806251610835,1.1537350362851413,-1.473799129281489,2
121.0553804,14.54178249,-1.2312023604973243,1.1324348798203967,2.397978684618365,-2.476836223918564,1.3899018171176136,1.454823208229537,2
121.0387062,14.56610681,0.5174472035481075,0.3147849959102716,2.175491533498328,-1.793930222199904,2.701576044326895,-1.504595689702502,2
121.0302986,14.5625456,-0.933896750513745,-0.3300991987325957,2.4704048259418654,-0.9825493648602068,0.4258684312100976,-1.48527093817316,2
121.019175,14.550759,-0.7579762712335204,-1.2843153265312606,3.1510513772577258,1.1243991318154891,-1.3359869582642212,-0.5107575324782363,0
121.036339,14.562949,-0.239010857356858,0.0939162412266735,2.028763177299222,-1.5262997697253202,1.8352088017942647,-1.5397914452251191,2
121.019175,14.550759,-1.048245062045891,-1.2843153265312606,3.197514554380383,-0.44980511472148,-1.927507460706552,-0.7379975500545626,0
121.0206028,14.5596699,-0.0718864020406447,-1.0491672780093344,3.4443295377802694,-0.6631241097242976,-1.3900490693250118,0.9513841358134012,0
121.040676,14.564421,-0.6172398878093408,0.4183936887057636,2.0421194989239058,-1.0082429392924548,3.109424561333445,-1.2980759294188375,2
121.009139,14.563865,-1.1098172297939697,-1.7454660182321355,2.6774118301045813,-1.5904017981418288,1.6836011729496978,0.5587371785220241,2
121.0206028,14.5596699,-0.5380756721332399,-1.0491672780093344,3.4478624877903576,0.0766332470506124,-1.1350382817817986,1.01584018478854,0
121.017742,14.554848,-0.4940955523131836,-1.3073624238923938,3.6693374875954983,-0.6267683154933468,-1.877861160469492,1.093726139375342,0
121.0371989,14.5662972,0.2095863648077144,0.2162471341147809,2.0507617502818007,-1.6136115063700842,2.242153420417328,-1.576991796603971,2
121.017742,14.554848,-0.3621551928530154,-1.3073624238923938,3.619582499478742,0.3997330015032186,-1.491647525078052,1.2422850050648102,0
121.0275016,14.5570169,-0.1774386896087794,-0.6008001957382056,3.299185023027833,-0.2755106256317178,-1.856130819064208,-0.7744398376415301,0
121.036339,14.562949,-0.2302148333928468,0.0939162412266735,2.028763177299222,-1.5262997697253202,1.8352088017942647,-1.5397914452251191,2
121.017742,14.554848,-0.3269710969969705,-1.3073624238923938,3.6695495711627713,-0.4578550109775101,-1.834146190819252,1.0812150550202675,0
121.0425982,14.56253828,-0.7139961514134645,0.5233013205231356,2.0325861812998065,-0.9252423471313496,2.895225986920161,-1.2747048791224,2
121.0206028,14.5596699,-0.1862347135727908,-1.0491672780093344,3.4443227511061165,-0.6685293354688043,-1.3914479483538196,0.9517844905127636,0
121.009139,14.563865,-0.8899166306936889,-1.7454660182321355,2.627244975700181,-0.8919301185150185,1.9849203372803723,0.7315925700290467,2
121.026342,14.563933,-1.0394490380818795,-0.5706810404080511,2.5033648024801822,-1.2269511754379625,0.3618522817543673,-1.313851215868719,2
121.0206028,14.5596699,-0.9426927744777562,-1.0491672780093344,3.4442167093224803,-0.7529859877267228,-1.4133054331789392,0.9580400326903008,0
121.036339,14.562949,0.2095863648077144,0.0939162412266735,2.028720760585768,-1.5600824306284875,1.8264658078642173,-1.5372892283541042,2
121.017742,14.554848,-0.4501154324931275,-1.3073624238923938,3.6695071544493167,-0.4916376718806773,-1.8428891847493003,1.0837172718912826,0
121.009139,14.563865,-0.2302148333928468,-1.7454660182321355,2.630752051515062,-0.1727801848910404,2.234597898526257,0.7975749712955045,2
121.017742,14.554848,-0.4659482756283477,-1.3073624238923938,3.669543208655753,-0.4629224101129852,-1.8354576399087592,1.08159038755092,0
121.040676,14.564421,-0.6876080795214307,0.4183936887057636,2.038675199844937,-1.6773945347797448,2.872686631104032,-1.3677616116543976,2
121.026342,14.563933,-0.847695715666435,-0.5706810404080511,2.453397730796153,-0.3693631629572337,0.7043509474955671,-1.1527812658241767,2
121.019175,14.550759,-0.3445631449249928,-1.2843153265312606,3.197641804520746,-0.348457132011978,-1.9012784789164083,-0.7455042006676073,0
121.036339,14.562949,-0.2126227854648243,0.0939162412266735,2.028763177299222,-1.5262997697253202,1.8352088017942647,-1.5397914452251191,2
121.036339,14.562949,0.2535664846277706,0.0939162412266735,2.028826802369404,-1.4756257783705693,1.848323292689337,-1.5435447705316412,2
121.0206028,14.5596699,-0.9778768703338012,-1.0491672780093344,3.444249158108273,-0.7271422521357996,-1.4066170428224527,0.9561258367839744,0
121.0206028,14.5596699,-0.4940955523131836,-1.0491672780093344,3.444343959462844,-0.6516380050172208,-1.3870764513887957,0.9505333820772562,0
121.0185811,14.5543895,-0.8019563910535766,-1.2626226033265833,3.6548942209744375,1.0664472590101957,-1.3065843533960653,1.3392283263907832,0
121.0204,14.55737,-0.9075086786217113,-1.0942720824416476,3.702779189165925,-0.5196933638435675,-1.993290770374919,1.0020022999095937,0
121.0275016,14.5570169,-0.5820557919532959,-0.6008001957382056,3.29920623138456,-0.2586192951801341,-1.851759322099184,-0.7756909460770376,0
121.0206028,14.5596699,-0.2302148333928468,-1.0491672780093344,3.444280334392662,-0.7023119963719718,-1.4001909422838674,0.9542867073837784,0
121.0275016,14.5570169,-0.4149313366370826,-0.6008001957382056,3.2991103696121526,-0.3349681088212924,-1.871518488381092,-0.7700359359485439,0
121.0175342,14.5549113,-0.274194953212903,-1.3194863681090372,3.5515467275101806,-0.4455402109578776,-1.654139829635242,1.0779799468176323,0
121.0183,14.56166,-1.026255002135863,-1.1647150168148916,3.1556922085809345,-0.9819628257083182,-0.1921819825991092,0.924975061878128,0
121.0375887,14.56515827,-0.2566029052848806,0.2194680912262341,2.201325906675931,-1.6849374968482345,2.2236765333302286,-1.4283855423412912,2
121.017742,14.554848,-0.1862347135727908,-1.3073624238923938,3.669613196232953,-0.4071810196227592,-1.8210316999241805,1.0774617297137454,0
121.026342,14.563933,-0.7579762712335204,-0.5706810404080511,2.5033648024801822,-1.2269511754379625,0.3618522817543673,-1.313851215868719,2
121.026342,14.563933,-0.2302148333928468,-0.5706810404080511,2.503481448442182,-1.134048857954252,0.3858955150619989,-1.32073231226401,2
121.036339,14.562949,0.3415267242678829,0.0939162412266735,2.0286995522290403,-1.5769737610800711,1.8220943108991932,-1.5360381199185968,2
121.036339,14.562949,-0.2302148333928468,0.0939162412266735,2.028826802369404,-1.4756257783705693,1.848323292689337,-1.5435447705316412,2
121.0278726,14.5671852,-0.4237273606010938,-0.398657094919866,2.3357625918886478,0.2175607681109396,1.8547091933814857,-1.194961457690545,2
121.0384946,14.5643958,-0.4501154324931275,0.2674668529979783,2.2796563220276487,-1.7509785280759254,2.4341077114588345,-1.3804353319986111,2
121.018458,14.57608,-0.3602390406046231,-0.8441921841992507,1.987724375261592,-2.217180818870241,3.4166313646143363,1.4471173184074035,2
121.0275016,14.5570169,-0.0542943541126223,-0.6008001957382056,3.299036564530742,-0.3937499387928033,-1.886731297819375,-0.7656820785929781,0
121.036339,14.562949,0.0336658855274902,0.0939162412266735,2.0286359271588585,-1.6276477524348223,1.8089798200041216,-1.5322847946120743,2
121.0206028,14.5596699,-0.4061353126730714,-1.0491672780093344,3.444428792889753,-0.5840726832108861,-1.3695904635287,0.9455289483352264,0
121.036339,14.562949,-0.1422545937527345,0.0939162412266735,2.025212836436617,-2.279908017470529,1.576613386739732,-1.6032215852831415,2
121.0184,14.55697,-0.4061353126730714,-1.2389874447453657,3.769251242656626,-1.186910385462381,-1.8765529864947776,0.9291216285355108,0
121.0275016,14.5570169,-0.274194953212903,-0.6008001957382056,3.2989093143903783,-0.4950979215023053,-1.9129602796095184,-0.7581754279799334,0
121.0202378,14.56154225,-0.1862347135727908,-1.0372291379481695,3.070693902350208,-0.8393958845879782,-0.8026809223400712,0.6791352423335866,0
121.0206028,14.5596699,-1.0218569901538572,-1.0491672780093344,3.4442167093224803,-0.7529859877267228,-1.4133054331789392,0.9580400326903008,0
121.026342,14.563933,-0.7667722951975317,-0.5706810404080511,2.453684043611971,-0.1413302018608542,0.7633661565233902,-1.1696712297035272,2
121.036339,14.562949,-0.2302148333928468,0.0939162412266735,2.0287843856559493,-1.5094084392737366,1.839580298759289,-1.5410425536606265,2
121.017742,14.554848,-0.5996478398813183,-1.3073624238923938,3.6695071544493167,-0.4916376718806773,-1.8428891847493003,1.0837172718912826,0
121.057875,14.561901,-0.933896750513745,1.5733516975318362,2.571613571271714,-1.347889638665713,3.228265001789428,0.6231594847893592,2
121.036339,14.562949,-0.0103142342925661,0.0939162412266735,2.028826802369404,-1.4756257783705693,1.848323292689337,-1.5435447705316412,2
121.0351,14.55487,-0.1862347135727908,-0.117818509823059,1.4318285549491891,-1.1788091343958438,0.7289893981588668,-1.682762516521837,2
121.0206028,14.5596699,-0.3357671209609815,-1.0491672780093344,3.4443015427493893,-0.6854206659203882,-1.3958194453188435,0.953035598948271,0
121.0206028,14.5596699,-0.274194953212903,-1.0491672780093344,3.444280334392662,-0.7023119963719718,-1.4001909422838674,0.9542867073837784,0
121.0285574,14.5651917,0.8253080422885003,-0.391815495680984,2.605384715930178,-1.1778893361966143,0.939516460455667,-1.4289639318563436,2
121.0283766,14.56536992,-0.6700160315934082,-0.3994703151735488,2.605148666919804,-1.3658898441227407,0.8908616992349506,-1.4150390949691458,2
121.017742,14.554848,-0.5820557919532959,-1.3073624238923938,3.6695686586838256,-0.4426528135710849,-1.8302118435507309,1.080089057428311,0
121.0163734,14.56171317,-0.6084438638453298,-1.2913275704443727,3.2281965887920925,-1.3137520886600238,0.2961439824527064,0.826364271725242,2
121.0206028,14.5596699,-0.3181750730329591,-1.0491672780093344,3.444280334392662,-0.7023119963719718,-1.4001909422838674,0.9542867073837784,0
121.040676,14.564421,-0.933896750513745,0.4183936887057636,2.0421088947455424,-1.0166886045182464,3.1072388128509334,-1.2974503752010835,2
121.0192601,14.5556683,-0.4659482756283477,-1.1851817505379274,3.7762424685053695,-0.4521683918107295,-1.842223940978267,1.021636330187314,0
121.0206028,14.5596699,-1.0218569901538572,-1.0491672780093344,3.444204832642713,-0.7624451327796097,-1.4157534714793527,0.958740653414185,0
121.036339,14.562949,-0.1422545937527345,0.0939162412266735,2.0287843856559493,-1.5094084392737366,1.839580298759289,-1.5410425536606265,2
121.0206028,14.5596699,-0.4501154324931275,-1.0491672780093344,3.444365167819571,-0.634746674565637,-1.3827049544237715,0.9492822736417488,0
121.0206028,14.5596699,-0.274194953212903,-1.0491672780093344,3.444355836142611,-0.6421788599643339,-1.3846284130883824,0.949832761353372,0
121.017742,14.554848,-0.626035911773352,-1.3073624238923938,3.669613196232953,-0.4071810196227592,-1.8210316999241805,1.0774617297137454,0
121.026342,14.563933,-1.0658371099739137,-0.5706810404080511,2.503396615015273,-1.2016141797605868,0.3684095272019032,-1.3157278785219804,2
121.0150285,14.54306296,-1.1450013256500144,-1.692953133682619,2.098246184496648,-1.1617662958246855,0.4888655502175567,-1.293687878959451,2
121.02885,14.56584,-0.3181750730329591,-0.3560174420704102,2.499669805018073,-1.9964124399444736,0.8154182909688231,-1.4763703726120114,2
121.0384946,14.5643958,-0.4061353126730714,0.2674668529979783,2.2796563220276487,-1.7509785280759254,2.4341077114588345,-1.3804353319986111,2
121.026342,14.563933,-0.8019563910535766,-0.5706810404080511,2.503566281869091,-1.0664835361479177,0.4033815029220946,-1.32573674600604,2
121.019175,14.550759,-0.2302148333928468,-1.2843153265312606,3.1977478463043822,-0.2640004797540598,-1.8794209940912885,-0.7517597428451445,0
121.0271,14.55973,-0.3181750730329591,-0.5966383666928582,3.3546884295675663,-0.6090130215714964,-1.1173434823154402,-0.9651444930074372,0
121.026342,14.563933,-0.8899166306936889,-0.5706810404080511,2.503481448442182,-1.134048857954252,0.3858955150619989,-1.32073231226401,2
121.0271,14.55973,-0.3181750730329591,-0.5966383666928582,3.3046789411700828,0.2147923300060651,-0.783587810504288,-0.8015723260918799,0
121.018458,14.57608,-0.4842034645990409,-0.8441921841992507,1.9377573035775628,-1.3595928063895122,3.7591300303555366,1.608187268451946,2
121.0376941986,14.5651071803,-0.5116876002412061,0.2257011041068568,2.185211924435386,-1.8272951366965389,2.2123561884012384,-1.4313799401846845,2
121.017742,14.554848,-0.933896750513745,-1.3073624238923938,3.669316915489474,-0.6431529060313828,-1.882101512525565,1.0949397145577844,0
121.036339,14.562949,-0.159846641680757,0.0939162412266735,2.028657135515586,-1.6107564219832384,1.8133513169691453,-1.533535903047582,2
121.036339,14.562949,0.4734670837280513,0.0939162412266735,2.028826802369404,-1.4756257783705693,1.848323292689337,-1.5435447705316412,2
121.017742,14.554848,-0.7139961514134645,-1.3073624238923938,3.669401112665681,-0.5760943241385958,-1.86474666957442,1.08997281406882,0
121.019175,14.550759,-1.1098172297939697,-1.2843153265312606,3.147547482696353,0.4077828977592486,-1.585008794965352,-0.5769276000100203,0
121.019175,14.550759,-0.5820557919532959,-1.2843153265312606,3.197641804520746,-0.348457132011978,-1.9012784789164083,-0.7455042006676073,0
121.0271,14.55973,-0.2478068813208693,-0.5966383666928582,3.3546248044973845,-0.6596870129262477,-1.1304579732105122,-0.9613911677009148,0
121.019175,14.550759,-0.3621551928530154,-1.2843153265312606,3.1976869783205752,-0.3124785981501047,-1.8919671903809072,-0.7481690616352381,0
121.017742,14.554848,-0.8899166306936889,-1.3073624238923938,3.6693905084873166,-0.5845399893643877,-1.866932418056932,1.0905983682865736,0
121.040676,14.564421,-0.8459365108736328,0.4183936887057636,2.042130103102269,-0.999797274066663,3.111610309815957,-1.298701483636591,2
121.019175,14.550759,-0.274194953212903,-1.2843153265312606,3.201213353740078,0.4220424461848142,-1.6383115668968515,-0.6833251690450921,0
121.040676,14.564421,-0.7843643431255543,0.4183936887057636,2.042130103102269,-0.999797274066663,3.111610309815957,-1.298701483636591,2
121.01727,14.55353,-0.4501154324931275,-1.370711588432338,3.5245897598674736,-0.8072075199299188,-1.3271023484206566,1.1436720831682117,0
121.0206028,14.5596699,-0.1862347135727908,-1.0491672780093344,3.440899660383875,-1.3207896005045108,-1.6238143816182091,0.8808476998416965,0
121.009139,14.563865,-0.159846641680757,-1.7454660182321355,2.630914507527593,-0.0433925936319096,2.26808356527834,0.7879914806795174,2
121.036339,14.562949,0.2975466044478267,0.0939162412266735,2.028826802369404,-1.4756257783705693,1.848323292689337,-1.5435447705316412,2
121.036339,14.562949,0.5174472035481075,0.0939162412266735,2.028826802369404,-1.4756257783705693,1.848323292689337,-1.5435447705316412,2
121.0138566,14.55195503,-0.8723245827656664,-1.6360417975663222,3.348624393805689,-0.2514629763181617,-0.1271919650323262,1.4941949801389325,0
121.0271,14.55973,-1.1977774694340817,-0.5966383666928582,3.3546184419903664,-0.6647544120617227,-1.1317694223000194,-0.9610158351702626,0
121.018458,14.57608,-0.2302148333928468,-0.8441921841992507,1.987618333477956,-2.301637471128159,3.394773879789217,1.453372860584941,2
121.02941,14.56287,-1.1977774694340817,-0.3850334441284279,2.479751510026765,-1.214193664995248,0.6015978323311715,-1.4976322342371322,2
121.040676,14.564421,-0.933896750513745,0.4183936887057636,2.0421194989239058,-1.0082429392924548,3.109424561333445,-1.2980759294188375,2
121.018458,14.57608,-0.0542943541126223,-0.8441921841992507,1.9876819585481371,-2.250963479773408,3.4078883706842884,1.4496195352784187,2
121.0180795,14.56014279,-0.5820557919532959,-1.2137881289359305,3.300252242351923,-0.9510118957682616,-0.7816285427884068,0.8861014277394996,0
121.019175,14.550759,0.7373478026483884,-1.2843153265312606,3.197705429590928,-0.297783140657227,-1.8881639880213368,-0.7492575259741295,0
121.0206028,14.5596699,-0.8899166306936889,-1.0491672780093344,3.4442061051441164,-0.7614316529525146,-1.4154911816614513,0.9586655869080546,0
121.009139,14.563865,-0.2015046111743142,-1.7454660182321355,2.630744840673775,-0.178523237244579,2.2331115895581486,0.7980003481635771,2
121.017742,14.554848,-1.0658371099739137,-1.3073624238923938,3.672951453528285,0.1775139236066129,-1.6061512545198866,1.1534029541268425,0
121.0183093,14.5422286,-0.8961611040262197,-1.4820351937382084,1.6844058816216876,0.2049450982984564,1.3984729312618207,-1.2933269695877505,2
121.026342,14.563933,-0.7755683191615429,-0.5706810404080511,2.503460240085454,-1.150940188405836,0.3815240180969749,-1.3194812038285026,2
121.0283766,14.56536992,0.1216261251676022,-0.3994703151735488,2.6053210908599964,-1.2285633275513654,0.9264019695605952,-1.4252106065498211,2
121.0279855,14.56648515,-0.3181750730329591,-0.3960545362721706,2.476259572817328,-1.6073430273480755,1.4003080327538882,-1.3470354077693738,2
121.01358,14.56433,-0.2302148333928468,-1.4287396210988117,2.719899981485116,-0.7250963802454888,1.6411205939002254,0.7375386795753611,2
121.0387062,14.56610681,0.2095863648077144,0.3147849959102716,2.175491533498328,-1.793930222199904,2.701576044326895,-1.504595689702502,2
121.0206028,14.5596699,-0.5644637440252734,-1.0491672780093344,3.444261246871608,-0.717514193778397,-1.404125289552389,0.9554127049757352,0
121.011528,14.543799,-0.3293460234672534,-1.9053778968227075,2.5507710908251946,-0.4322126406971083,1.1977619971450704,0.6979247076320629,2
121.0283428,14.56516576,-0.2302148333928468,-0.406804761918016,2.511046360121552,-1.1697492925593096,0.7396224222231902,-1.4861640822199542,2
121.040676,14.564421,-0.7139961514134645,0.4183936887057636,2.04227856159936,-0.8815579609055773,3.142210788571125,-1.3074592426851437,2
121.018458,14.57608,-0.0982744739326784,-0.8441921841992507,1.9878728337586824,-2.098941505709155,3.447231843369504,1.4383595593588514,2
121.018458,14.57608,-0.2513072273916613,-0.8441921841992507,1.9878092086885009,-2.1496154970639063,3.434117352474432,1.442112884665374,2
121.018458,14.57608,-0.1677481416733145,-0.8441921841992507,1.9378845537179263,-1.25824482368001,3.78535901214568,1.6006806178389017,2
121.018458,14.57608,-0.0542943541126223,-0.8441921841992507,1.9878728337586824,-2.098941505709155,3.447231843369504,1.4383595593588514,2
121.018458,14.57608,-0.2500773989866995,-0.8441921841992507,1.987830417045228,-2.1327241666123227,3.438488849439456,1.4408617762298666,2
121.0203370999,14.5741842246,-0.0367023061845998,-0.7856514213030283,1.2637032490642122,-1.2972640516455478,1.7952695539843777,-1.9557479348681852,2
121.009139,14.563865,0.0336658855274902,-1.7454660182321355,2.6312020928448145,0.1856538472915648,2.3273610641240645,0.7710264502940365,2
121.036339,14.562949,0.7267925738915746,0.0939162412266735,2.028911635796313,-1.4080604565642347,1.8658092805494328,-1.548549204273671,2
121.009139,14.563865,0.0336658855274902,-1.7454660182321355,2.631232632878502,0.2099773631418451,2.333656019753699,0.7692248541469058,2
121.026342,14.563933,-0.4940955523131836,-0.5706810404080511,2.4573616346149394,0.7136260285938564,1.0481905533680669,-1.1137477402585492,2
121.019175,14.550759,0.2799545565198043,-1.2843153265312606,3.1978750964447458,-0.1626524970445577,-1.853192012301145,-0.7592663934581891,0
121.019175,14.550759,0.1040340772395801,-1.2843153265312606,3.1978750964447458,-0.1626524970445577,-1.853192012301145,-0.7592663934581891,0
121.017742,14.554848,-0.2302148333928468,-1.3073624238923938,3.669740446373317,-0.3058330369132571,-1.794802718134037,1.0699550791007006,0
121.019175,14.550759,0.0336658855274902,-1.2843153265312606,3.1978750964447458,-0.1626524970445577,-1.853192012301145,-0.7592663934581891,0
121.026342,14.563933,-0.5503901056828555,-0.5706810404080511,2.5037902421161307,-0.8881110865791941,0.4495445108727473,-1.3389484510849985,2
121.018458,14.57608,-0.274194953212903,-0.8441921841992507,1.9878516254019556,-2.115832836160739,3.44286034640448,1.439610667794359,2
121.018458,14.57608,-0.4061353126730714,-0.8441921841992507,1.99140196626456,-1.3622245884155302,3.701455761459013,1.503040807852382,2
121.0292710999,14.566647108,1.229925144633017,-0.3069072049673038,2.3326576265173147,-0.1813295401510119,1.687915214592455,-1.2846648748942238,2
121.0292710999,14.566647108,0.6845716588643207,-0.3069072049673038,2.382412614634072,-1.207830857147577,1.3017015792010158,-1.4332237405836918,2
121.019175,14.550759,0.3855068440879393,-1.2843153265312606,3.197959929871655,-0.0950871752382231,-1.8357060244410488,-0.7642708272002189,0
121.036339,14.562949,-0.0103142342925661,0.0939162412266735,2.028954052509768,-1.3742777956610672,1.8745522744794805,-1.551051421144686,2
121.0206028,14.5596699,-0.4765035043851612,-1.0491672780093344,3.3980968954952373,1.094688898821386,-0.7510103948728716,1.1650246046957615,0
121.009139,14.563865,-0.8539408926808829,-1.7454660182321355,2.624102895704576,-1.3203802550672412,1.81047623880255,0.644078592587506,2
121.018458,14.57608,-0.1451918377206032,-0.8441921841992507,1.9878728337586824,-2.098941505709155,3.447231843369504,1.4383595593588514,2
121.0553804,14.54178249,-1.092225181865947,1.1324348798203967,2.4482808483386846,-3.0675412152642707,1.1164728034237916,1.273985744903977,2
121.009139,14.563865,-0.4061353126730714,-1.7454660182321355,2.6311053827381383,0.1086293804323432,2.3074270379635555,0.7767315047599506,2
121.0271,14.55973,0.2535664846277706,-0.5966383666928582,3.3550277632752024,-0.3387517343461577,-1.0473995308750572,-0.9851622279755562,0
121.009139,14.563865,-0.0982744739326784,-1.7454660182321355,2.6277883337995336,-0.4591742323454451,2.0969180895242854,0.699539171911346,2
121.036339,14.562949,0.0336658855274902,0.0939162412266735,2.02893284415304,-1.3911691261126509,1.8701807775144563,-1.5498003127091786,2
121.017742,14.554848,-0.2302148333928468,-1.3073624238923938,3.623429757335528,1.3898198755705988,-1.171851152513184,1.2881996270257283,0
121.036339,14.562949,-0.0542943541126223,0.0939162412266735,2.028996469223222,-1.3404951347579002,1.8832952684095283,-1.553553638015701,2
121.0218,14.55659,-0.5380756721332399,-1.0021309151579,3.644932117484617,1.417163334294301,-1.6793434483908878,1.2288470142737462,0
121.036339,14.562949,0.3855068440879393,0.0939162412266735,2.028911635796313,-1.4080604565642347,1.8658092805494328,-1.548549204273671,2
121.019175,14.550759,0.2095863648077144,-1.2843153265312606,3.197959929871655,-0.0950871752382231,-1.8357060244410488,-0.7642708272002189,0
121.036339,14.562949,0.1216261251676022,0.0939162412266735,2.028911635796313,-1.4080604565642347,1.8658092805494328,-1.548549204273671,2
121.036339,14.562949,-0.0103142342925661,0.0939162412266735,2.028996469223222,-1.3404951347579,1.8832952684095283,-1.553553638015701,2
121.036339,14.562949,-0.0982744739326784,0.0939162412266735,2.028954052509768,-1.3742777956610672,1.8745522744794805,-1.551051421144686,2
121.0206028,14.5596699,0.946517252512575,-1.0491672780093344,3.3982877707057826,1.246710872885639,-0.7116669221876561,1.1537646287761945,0
121.018458,14.57608,0.077646005347546,-0.8441921841992507,1.9878728337586824,-2.098941505709155,3.447231843369504,1.4383595593588514,2
121.019175,14.550759,0.3855068440879393,-1.2843153265312606,3.1980023465851093,-0.0613045143350557,-1.8269630305110012,-0.7667730440712338,0
121.03823516448,14.563530529995,0.2975466044478267,0.2347059583442582,2.251596689168442,-1.475187427376771,2.337142997963152,-1.4002525854295222,2
121.036339,14.562949,0.0336658855274902,0.0939162412266735,2.029060094293404,-1.2898211434031488,1.8964097593046,-1.5573069633222232,2
121.019175,14.550759,0.3415267242678829,-1.2843153265312606,3.197959929871655,-0.0950871752382231,-1.8357060244410488,-0.7642708272002189,0
121.0206028,14.5596699,0.4734670837280513,-1.0491672780093344,3.398054478781783,1.0609062379182188,-0.7597533888029194,1.1675268215667765,0
121.009139,14.563865,0.2271784127357369,-1.7454660182321355,2.631190216165048,0.1761947022386779,2.3249130258236512,0.7717270710179207,2
121.036339,14.562949,0.2975466044478267,0.0939162412266735,2.0290388859366764,-1.3067124738547329,1.892038262339576,-1.5560558548867158,2
121.017742,14.554848,0.5614273233681636,-1.3073624238923938,3.669846488156953,-0.2213763846553388,-1.772945233308917,1.0636995369231634,0
121.019175,14.550759,0.5614273233681636,-1.2843153265312606,3.1980023465851093,-0.0613045143350557,-1.8269630305110012,-0.7667730440712338,0
121.018458,14.57608,-0.0354928528895483,-0.8441921841992507,1.9878728337586824,-2.098941505709155,3.447231843369504,1.4383595593588514,2
121.018458,14.57608,-0.0980467448722502,-0.8441921841992507,1.9878728337586824,-2.098941505709155,3.447231843369504,1.4383595593588514,2
121.036339,14.562949,-0.1422545937527345,0.0939162412266735,2.028954052509768,-1.3742777956610672,1.8745522744794805,-1.551051421144686,2
121.0275016,14.5570169,-0.3181750730329591,-0.6008001957382056,3.2992698564547416,-0.2079453038253831,-1.838644831204112,-0.77944427138356,0
121.036339,14.562949,-0.0542943541126223,0.0939162412266735,2.0290388859366764,-1.3067124738547329,1.892038262339576,-1.5560558548867158,2
121.018458,14.57608,-0.0185912928427007,-0.8441921841992507,1.9878728337586824,-2.098941505709155,3.447231843369504,1.4383595593588514,2
121.036339,14.562949,0.3415267242678829,0.0939162412266735,2.029081302650131,-1.2729298129515652,1.900781256269624,-1.5585580717577303,2
121.036339,14.562949,-0.0718864020406447,0.0939162412266735,2.0288904274395856,-1.4249517870158184,1.8614377835844087,-1.5472980958381637,2
121.019175,14.550759,0.2535664846277706,-1.2843153265312606,3.197959929871655,-0.0950871752382231,-1.8357060244410488,-0.7642708272002189,0
121.0271,14.55973,-0.0542943541126223,-0.5966383666928582,3.3548623380927296,-0.4705041118685102,-1.081497207202244,-0.9754035821785982,0
121.0206028,14.5596699,-0.55390851526846,-1.0491672780093344,3.4446315447800653,-0.4225915640937462,-1.3277989525430711,0.9335683516917752,0
121.026342,14.563933,-0.7579762712335204,-0.5706810404080511,2.5037902421161307,-0.8881110865791941,0.4495445108727473,-1.3389484510849985,2
121.018458,14.57608,0.0336658855274902,-0.8441921841992507,1.9878728337586824,-2.098941505709155,3.447231843369504,1.4383595593588514,2
121.018458,14.57608,-0.2500773989866995,-0.8441921841992507,1.98438611796626,-2.801875762099612,3.2017509192100424,1.3711760939943067,2
121.018458,14.57608,-0.2038267615008131,-0.8441921841992507,1.9878728337586824,-2.098941505709155,3.447231843369504,1.4383595593588514,2
121.0206028,14.5596699,-0.5820557919532959,-1.0491672780093344,3.4446315447800653,-0.4225915640937462,-1.3277989525430711,0.9335683516917752,0
121.018458,14.57608,-0.7579762712335204,-0.8441921841992507,1.991317132837651,-1.429789910221865,3.6839697735989176,1.508045241594412,2
121.019175,14.550759,-0.6876080795214307,-1.2843153265312606,3.197811471374564,-0.2133264883993087,-1.866306503196217,-0.7555130681516667,0
121.036339,14.562949,0.0072778136354562,0.0939162412266735,2.028954052509768,-1.3742777956610672,1.8745522744794805,-1.551051421144686,2
121.019175,14.550759,0.6493875630082758,-1.2843153265312606,3.1980235549418365,-0.0444131838834721,-1.8225915335459777,-0.7680241525067412,0
121.036339,14.562949,0.5614273233681636,0.0939162412266735,2.0288692190828583,-1.441843117467402,1.8570662866193848,-1.546046987402656,2
121.017742,14.554848,-0.6524239836653857,-1.3073624238923938,3.569806303005258,1.409342988048201,-1.109805386651637,1.392094979189786,0
121.02407,14.5590183,-0.6084438638453298,-0.8177557245042754,3.2312862579814854,-0.0799010612450587,-1.9749165778362072,-0.8491886367768069,0
121.0206028,14.5596699,-0.239010857356858,-1.0491672780093344,3.4481912173196303,0.3384488690501591,-1.0672800788239278,0.9964480040381746,0
121.018458,14.57608,-0.2972405359986124,-0.8441921841992507,1.9878092086885009,-2.1496154970639063,3.434117352474432,1.442112884665374,2
121.009139,14.563865,-0.274194953212903,-1.7454660182321355,2.631230512042829,0.2082882300966868,2.3332188700571965,0.7693499649904565,2
121.0206028,14.5596699,0.077646005347546,-1.0491672780093344,3.451571891328417,0.9569264731826984,-0.8436566394895862,1.0698870115802566,0
121.017742,14.554848,-0.4501154324931275,-1.3073624238923938,3.669753807638055,-0.2951914987287596,-1.7920486750460718,1.069166880786331,0
121.019175,14.550759,0.2975466044478267,-1.2843153265312606,3.197959929871655,-0.0950871752382231,-1.8357060244410488,-0.7642708272002189,0
121.0206028,14.5596699,-0.4061353126730714,-1.0491672780093344,3.44468329317048,-0.3813767177918821,-1.3171324999484129,0.930515647109137,0
121.017742,14.554848,0.077646005347546,-1.3073624238923938,3.619964249899833,0.7037769496317245,-1.4129605797076217,1.2197650532256763,0
121.0275016,14.5570169,-1.1098172297939697,-0.6008001957382056,3.252800104741499,1.361022630271595,-1.248479492820939,-0.5518164101922264,0
121.0271,14.55973,-0.0542943541126223,-0.5966383666928582,3.3550489716319296,-0.321860403894574,-1.0430280339100333,-0.9864133364110635,0
121.009139,14.563865,-0.0542943541126223,-1.7454660182321355,2.63116900780832,0.1593033717870943,2.320541528858627,0.7729781794534281,2
121.026342,14.563933,-0.4940955523131836,-0.5706810404080511,2.4572768011880304,0.6460607067875217,1.0307045655079712,-1.108743306516519,2
121.0271,14.55973,0.5614273233681636,-0.5966383666928582,3.355070179988657,-0.3049690734429904,-1.0386565369450094,-0.9876644448465712,0
121.0156346,14.55165525,-0.5204836242052173,-1.519197190248479,3.385833157748572,-0.7289198463020962,-0.7930196149886891,1.205194874776082,0
121.01725,14.57622,0.1392181730956246,-0.9136295279496855,2.1763798785221184,-2.250352236596434,3.812047944114266,1.5627687275701323,2
121.026342,14.563933,-0.4061353126730714,-0.5706810404080511,2.5037995737930907,-0.8806789011804973,0.4514679695373578,-1.339498938796622,2
121.017742,14.554848,-0.3225730850149647,-1.3073624238923938,3.669636525425353,-0.388600556126017,-1.8162230532626544,1.0760855104346871,0
121.0163734,14.56171317,-0.0542943541126223,-1.2913275704443727,3.1820555666081223,0.5170314674365009,0.9540675237937504,1.03459995216621,0
121.017742,14.554848,-0.3181750730329591,-1.3073624238923938,3.6233661322653465,1.339145884215848,-1.1849656434082558,1.2919529523322508,0
121.0151995,14.5625431,-0.2302148333928468,-1.3436695200909905,2.929159293208591,-0.5417636907860354,1.057040155033714,0.8142627342411148,2
121.0206028,14.5596699,-0.3621551928530154,-1.0491672780093344,3.444619668100298,-0.432050709146633,-1.3302469908434846,0.9342689724156592,0
121.009139,14.563865,-0.0103142342925661,-1.7454660182321355,2.5809898525570185,0.8479780797519865,2.619325224949588,0.9465592138530448,2
121.018458,14.57608,-0.0836390335396791,-0.8441921841992507,1.9878516254019556,-2.115832836160739,3.44286034640448,1.439610667794359,2
121.036339,14.562949,-0.0542943541126223,0.0939162412266735,2.029060094293404,-1.2898211434031488,1.8964097593046,-1.5573069633222232,2
121.0206028,14.5596699,-0.4061353126730714,-1.0491672780093344,3.3948434716268143,0.5775592773983484,-0.9484048524170696,1.0840789465406346,0
121.0271,14.55973,1.1771490008489494,-0.5966383666928582,3.355070179988657,-0.3049690734429904,-1.0386565369450094,-0.9876644448465712,0
121.0206028,14.5596699,0.6493875630082758,-1.0491672780093344,3.398245353992328,1.2129282119824718,-0.7204099161177041,1.1562668456472094,0
121.0206028,14.5596699,-0.2302148333928468,-1.0491672780093344,3.444619668100298,-0.432050709146633,-1.3302469908434846,0.9342689724156592,0
121.040676,14.564421,0.8253080422885003,0.4183936887057636,2.0922456332833894,-1.739145973386306,2.799712122829925,-1.468529192729686,2
121.036339,14.562949,0.4734670837280513,0.0939162412266735,2.02893284415304,-1.3911691261126509,1.8701807775144563,-1.5498003127091786,2
121.017742,14.554848,-0.5380756721332399,-1.3073624238923938,3.61975216633256,0.5348636451158879,-1.4566755493578607,1.2322761375807507,0
121.019175,14.550759,0.3591187721959053,-1.2843153265312606,3.197981138228382,-0.0781958447866395,-1.831334527476025,-0.7655219356357263,0
121.0140432,14.5622454,0.4294869639079951,-1.4271337461765894,2.8227682811732038,0.4862421999308038,1.3699994443146104,0.8284260765897602,2
121.036339,14.562949,-0.0542943541126223,0.0939162412266735,2.028954052509768,-1.3742777956610672,1.8745522744794805,-1.551051421144686,2
121.01523,14.55714,-0.0103142342925661,-1.4599837585709818,3.401939382350353,-0.7312479032938186,-0.5561082620183031,1.0834016536882964,0
121.019175,14.550759,0.5614273233681636,-1.2843153265312606,3.1945156307926865,-0.7642387707255135,-2.072443954670463,-0.8339565094357787,0
121.018458,14.57608,-0.5820557919532959,-0.8441921841992507,1.9878516254019556,-2.115832836160739,3.44286034640448,1.439610667794359,2
121.0271,14.55973,-0.0081152283015633,-0.5966383666928582,3.354921721491566,-0.4232083866040759,-1.069257015700177,-0.978906685798019,0
121.017742,14.554848,0.077646005347546,-1.3073624238923938,3.623408548978801,1.3729285451190152,-1.176222649478208,1.289450735461236,0
121.026342,14.563933,-0.8019563910535766,-0.5706810404080511,2.5036977736808,-0.9617572873480988,0.430484784105243,-1.333493618306186,2
121.018458,14.57608,-0.6286747189625554,-0.8441921841992507,1.937842137004472,-1.2920274845831774,3.776616018215632,1.6031828347099166,2
121.0206028,14.5596699,-0.5380756721332399,-1.0491672780093344,3.4480639671792668,0.2371008863406572,-1.0935090606140714,1.003954654651219,0
121.019175,14.550759,0.3415267242678829,-1.2843153265312606,3.1978750964447458,-0.1626524970445577,-1.853192012301145,-0.7592663934581891,0
121.019175,14.550759,0.2535664846277706,-1.2843153265312606,3.197981138228382,-0.0781958447866395,-1.831334527476025,-0.7655219356357263,0
121.018458,14.57608,0.0088224834037762,-0.8441921841992507,1.9878728337586824,-2.098941505709155,3.447231843369504,1.4383595593588514,2
121.019175,14.550759,0.2095863648077144,-1.2843153265312606,3.1979387215149275,-0.1119785056898068,-1.8400775214060732,-0.7630197187647114,0
121.019175,14.550759,0.3855068440879393,-1.2843153265312606,3.1979387215149275,-0.1119785056898068,-1.8400775214060732,-0.7630197187647114,0
121.018458,14.57608,-0.1422545937527345,-0.8441921841992507,1.984428534679714,-2.768093101196445,3.2104939131400902,1.3686738771232916,2
121.017742,14.554848,-0.3181750730329591,-1.3073624238923938,3.6196885412623785,0.484189653761137,-1.4697900402529327,1.236029462887273,0
121.0206028,14.5596699,0.3855068440879393,-1.0491672780093344,3.39480105491336,0.5437766164951812,-0.9571478463471176,1.0865811634116496,0
121.036339,14.562949,0.3415267242678829,0.0939162412266735,2.02893284415304,-1.3911691261126509,1.8701807775144563,-1.5498003127091786,2
121.026342,14.563933,-0.5204836242052173,-0.5706810404080511,2.5036935320094544,-0.9651355534384156,0.4296104847122381,-1.3332433966190846,2
121.009139,14.563865,-0.740384223305498,-1.7454660182321355,2.6275049901536573,-0.6848424071786028,2.038514890071566,0.7162539806097254,2
121.017742,14.554848,-0.274194953212903,-1.3073624238923938,3.623408548978801,1.3729285451190152,-1.176222649478208,1.289450735461236,0
121.036339,14.562949,0.3415267242678829,0.0939162412266735,2.028911635796313,-1.4080604565642347,1.8658092805494328,-1.548549204273671,2
121.019175,14.550759,-0.2759541580057052,-1.2843153265312606,3.151500782336776,1.482326424084547,-1.2433549375753643,-0.5372685202266391,0
121.026342,14.563933,-0.4501154324931275,-0.5706810404080511,2.5039692406469087,-0.745548257567828,0.4864399452575492,-1.3495078062806811,2
121.017742,14.554848,-0.3181750730329591,-1.3073624238923938,3.623387340622074,1.3560372146674315,-1.180594146443232,1.2907018438967437,0
121.0206028,14.5596699,-0.0542943541126223,-1.0491672780093344,3.444540136762571,-0.4953931983400718,-1.3466401044623244,0.9389606290488124,0
121.019175,14.550759,-0.6700160315934082,-1.2843153265312606,3.197896304801473,-0.1457611665929741,-1.8488205153361208,-0.7605175018936966,0
121.017742,14.554848,-0.4501154324931275,-1.3073624238923938,3.6233661322653465,1.339145884215848,-1.1849656434082558,1.2919529523322508,0
121.036339,14.562949,0.2975466044478267,0.0939162412266735,2.029060094293404,-1.2898211434031488,1.8964097593046,-1.5573069633222232,2
121.0206028,14.5596699,-0.4149313366370826,-1.0491672780093344,3.448254842389812,0.3891228604049101,-1.054165587928856,0.9926946787316524,0
121.0283766,14.56536992,-0.3181750730329591,-0.3994703151735488,2.555460060959604,-0.2865186628127186,1.2907581201269147,-1.270396198682816,2
121.0285574,14.5651917,1.353069480129174,-0.391815495680984,2.605618007854178,-0.9920847012291945,0.98760292707093,-1.4427261246469256,2
121.009139,14.563865,-0.0542943541126223,-1.7454660182321355,2.631190216165048,0.1761947022386779,2.3249130258236512,0.7717270710179207,2
121.019175,14.550759,0.4734670837280513,-1.2843153265312606,3.198065971655291,-0.0106305229803048,-1.8138485396159296,-0.7705263693777561,0
121.019175,14.550759,0.5174472035481075,-1.2843153265312606,3.197981138228382,-0.0781958447866395,-1.831334527476025,-0.7655219356357263,0
121.019175,14.550759,0.3855068440879393,-1.2843153265312606,3.1978750964447458,-0.1626524970445577,-1.853192012301145,-0.7592663934581891,0
121.026342,14.563933,-0.3181750730329591,-0.5706810404080511,2.4573616346149394,0.7136260285938564,1.0481905533680669,-1.1137477402585492,2
121.026342,14.563933,-0.5635841416288724,-0.5706810404080511,2.5037995737930907,-0.8806789011804973,0.4514679695373578,-1.339498938796622,2
121.0203358,14.5741993,0.0214928163974094,-0.7852958783535341,1.2637032490642122,-1.2972640516455478,1.7952695539843777,-1.9557479348681852,2
121.026342,14.563933,-0.1862347135727908,-0.5706810404080511,2.5037147403661817,-0.948244222986832,0.4339819816772621,-1.334494505054592,2
121.0206028,14.5596699,-0.0542943541126223,-1.0491672780093344,3.444704501527207,-0.3644853873402985,-1.312761002983389,0.9292645386736296,0
121.019175,14.550759,0.5614273233681636,-1.2843153265312606,3.197896304801473,-0.1457611665929741,-1.8488205153361208,-0.7605175018936966,0
121.019175,14.550759,0.6493875630082758,-1.2843153265312606,3.198044763298564,-0.0275218534318884,-1.818220036580953,-0.7692752609422486,0
121.036339,14.562949,0.2975466044478267,0.0939162412266735,2.02893284415304,-1.3911691261126509,1.8701807775144563,-1.5498003127091786,2
121.019175,14.550759,0.4294869639079951,-1.2843153265312606,3.198065971655291,-0.0106305229803048,-1.8138485396159296,-0.7705263693777561,0
121.008422,14.568496,-1.1977774694340817,-1.7265668809570835,1.7235584238826405,0.73528501529408,3.877951072534752,-1.121206607082739,2
121.019175,14.550759,0.1040340772395801,-1.2843153265312606,3.197896304801473,-0.1457611665929741,-1.8488205153361208,-0.7605175018936966,0
121.019175,14.550759,0.8253080422885003,-1.2843153265312606,3.1980871800120183,0.0062608074712787,-1.8094770426509057,-0.7717774778132636,0
121.0218,14.55659,1.2651092404890616,-1.0021309151579,3.644953325841344,1.4340546647458847,-1.6749719514258636,1.2275959058382389,0
121.0271,14.55973,-0.2302148333928468,-0.5966383666928582,3.3016163925122046,-0.1503153173527192,-0.9416387953632708,-0.8937779601665736,0
121.019175,14.550759,0.4734670837280513,-1.2843153265312606,3.197959929871655,-0.0950871752382231,-1.8357060244410488,-0.7642708272002189,0
121.0271,14.55973,0.5614273233681636,-0.5966383666928582,3.3516682976231427,-0.9403380080271136,-1.2666514732443752,-1.059852343953146,0
121.036339,14.562949,-0.0542943541126223,0.0939162412266735,2.025615795214435,-1.9589727388904392,1.6596718290751866,-1.626992645557783,2
121.009139,14.563865,-1.206573493398093,-1.7454660182321355,2.6775645302730173,-1.4687842188904263,1.71507595109787,0.5497291977863705,2
121.040676,14.564421,0.1216261251676022,0.4183936887057636,2.092224424926662,-1.7560373038378896,2.7953406258649007,-1.4672780842941786,2
121.019175,14.550759,0.2799545565198043,-1.2843153265312606,3.1945156307926865,-0.7642387707255135,-2.072443954670463,-0.8339565094357787,0
121.0206028,14.5596699,0.4734670837280513,-1.0491672780093344,3.398245353992328,1.2129282119824718,-0.7204099161177041,1.1562668456472094,0
121.019175,14.550759,0.2342152319069459,-1.2843153265312606,3.1978750964447458,-0.1626524970445577,-1.853192012301145,-0.7592663934581891,0
121.036339,14.562949,0.8253080422885003,0.0939162412266735,2.02893284415304,-1.3911691261126509,1.8701807775144563,-1.5498003127091786,2
121.0271,14.55973,0.112830101203591,-0.5966383666928582,3.355006554918475,-0.3556430647977414,-1.0517710278400811,-0.9839111195400488,0
121.036339,14.562949,0.1216261251676022,0.0939162412266735,2.029060094293404,-1.2898211434031488,1.8964097593046,-1.5573069633222232,2
121.009139,14.563865,-0.0982744739326784,-1.7454660182321355,2.631230512042829,0.2082882300966868,2.3332188700571965,0.7693499649904565,2
121.019175,14.550759,0.3855068440879393,-1.2843153265312606,3.197896304801473,-0.1457611665929741,-1.8488205153361208,-0.7605175018936966,0
121.0275016,14.5570169,0.9352583418386406,-0.6008001957382056,3.253001584130408,1.5214902695616397,-1.2069502716532117,-0.5637019403295471,0
121.036339,14.562949,0.4734670837280513,0.0939162412266735,2.029102511006858,-1.2560384824999815,1.905152753234648,-1.559809180193238,2
121.036339,14.562949,0.077646005347546,0.0939162412266735,2.0290388859366764,-1.3067124738547329,1.892038262339576,-1.5560558548867158,2
121.026342,14.563933,-0.5996478398813183,-0.5706810404080511,2.5036977736808,-0.9617572873480988,0.430484784105243,-1.333493618306186,2
121.0206028,14.5596699,-0.4940955523131836,-1.0491672780093344,3.3982877707057826,1.246710872885639,-0.7116669221876561,1.1537646287761945,0
121.0206028,14.5596699,-0.5380756721332399,-1.0491672780093344,3.4480109462874484,0.1948725602116981,-1.104437803026631,1.0070824257399875,0
121.0206028,14.5596699,-0.0367023061845998,-1.0491672780093344,3.4480215504658123,0.2033182254374899,-1.102252054544119,1.006456871522234,0
121.036339,14.562949,0.0336658855274902,0.0939162412266735,2.028911635796313,-1.4080604565642347,1.8658092805494328,-1.548549204273671,2
121.036339,14.562949,0.2095863648077144,0.0939162412266735,2.0288904274395856,-1.4249517870158184,1.8614377835844087,-1.5472980958381637,2
121.0206028,14.5596699,0.2975466044478267,-1.0491672780093344,3.4017320697847517,1.9158624683729293,-0.4749289919582426,1.2234503110117545,0
121.0206028,14.5596699,-0.0103142342925661,-1.0491672780093344,3.3980438746034194,1.052460572692427,-0.7619391372854315,1.1681523757845302,0
121.026342,14.563933,-0.6700160315934082,-0.5706810404080511,2.5037783654363635,-0.8975702316320809,0.4470964725723338,-1.3382478303611145,2
121.018458,14.57608,-0.2068975414268891,-0.8441921841992507,1.9878728337586824,-2.098941505709155,3.447231843369504,1.4383595593588514,2
121.019175,14.550759,0.112830101203591,-1.2843153265312606,3.1978750964447458,-0.1626524970445577,-1.853192012301145,-0.7592663934581891,0
121.036339,14.562949,0.2535664846277706,0.0939162412266735,2.0288692190828583,-1.441843117467402,1.8570662866193848,-1.546046987402656,2
121.017742,14.554848,-0.6788120555574195,-1.3073624238923938,3.569806303005258,1.409342988048201,-1.109805386651637,1.392094979189786,0
121.02068,14.57369,-0.0982744739326784,-0.7772861515050057,1.2796475644509393,-1.2900370554099123,1.7716179231931763,-1.9427446695407324,2
121.0134492,14.54985328,-1.0658371099739137,-1.6964034687345646,2.8000385646765467,0.6746530040305643,0.3857803049120763,-0.353778385351493,0
121.0275016,14.5570169,0.1656062449876583,-0.6008001957382056,3.299291064811469,-0.1910539733737995,-1.834273334239088,-0.7806953798190673,0
121.0206028,14.5596699,-0.5468716960972511,-1.0491672780093344,3.44468329317048,-0.3813767177918821,-1.3171324999484129,0.930515647109137,0
121.026342,14.563933,-0.0718864020406447,-0.5706810404080511,2.503672323652727,-0.9820268838899991,0.4252389877472142,-1.331992288183577,2
121.0206028,14.5596699,-0.3621551928530154,-1.0491672780093344,3.4480639671792668,0.2371008863406572,-1.0935090606140714,1.003954654651219,0
121.0275016,14.5570169,-0.1422545937527345,-0.6008001957382056,3.299375898238378,-0.1234886515674648,-1.8167873463789923,-0.7856998135610972,0
121.017742,14.554848,0.1216261251676022,-1.3073624238923938,3.6233449239086193,1.3222545537642645,-1.1893371403732798,1.2932040607677582,0
121.019175,14.550759,0.0336658855274902,-1.2843153265312606,3.1978538880880185,-0.1795438274961415,-1.857563509266169,-0.7580152850226817,0
121.036339,14.562949,-0.0542943541126223,0.0939162412266735,2.028996469223222,-1.3404951347579,1.8832952684095283,-1.553553638015701,2
121.009139,14.563865,-0.0551739565090234,-1.7454660182321355,2.631190216165048,0.1761947022386779,2.3249130258236512,0.7717270710179207,2
121.0206028,14.5596699,0.3855068440879393,-1.0491672780093344,3.398245353992328,1.2129282119824718,-0.7204099161177041,1.1562668456472094,0
121.036339,14.562949,0.077646005347546,0.0939162412266735,2.028911635796313,-1.4080604565642347,1.8658092805494328,-1.548549204273671,2
121.0206028,14.5596699,-0.1422545937527345,-1.0491672780093344,3.444619668100298,-0.432050709146633,-1.3302469908434846,0.9342689724156592,0
121.026342,14.563933,-0.7579762712335204,-0.5706810404080511,2.4572131761178486,0.5953867154327707,1.0175900746128994,-1.1049899812099968,2
121.0297,14.54133,-0.0103142342925661,-0.6898114450505053,1.097668163412131,-0.9554964186421832,1.1929948505515602,-2.0376606185234136,2
121.0297,14.54133,-0.1862347135727908,-0.6898114450505053,1.0976469550554038,-0.9723877490937672,1.1886233535865365,-2.036409510087906,2
121.019175,14.550759,0.3635167841779109,-1.2843153265312606,3.1978750964447458,-0.1626524970445577,-1.853192012301145,-0.7592663934581891,0
121.0163734,14.56171317,0.112830101203591,-1.2913275704443727,3.1820555666081223,0.5170314674365009,0.9540675237937504,1.03459995216621,0
121.019175,14.550759,0.191994316879692,-1.2843153265312606,3.197896304801473,-0.1457611665929741,-1.8488205153361208,-0.7605175018936966,0
121.017742,14.554848,0.2896301828802166,-1.3073624238923938,3.623408548978801,1.3729285451190152,-1.176222649478208,1.289450735461236,0
121.017742,14.554848,-0.4940955523131836,-1.3073624238923938,3.6232600904817103,1.2546892319579297,-1.2068231282333757,1.298208494509788,0
121.026342,14.563933,0.3855068440879393,-0.5706810404080511,2.457404051328394,0.7474086894970237,1.0569335472981147,-1.116249957129564,2
121.019175,14.550759,0.4312461687007974,-1.2843153265312606,3.197959929871655,-0.0950871752382231,-1.8357060244410488,-0.7642708272002189,0
121.0206028,14.5596699,-0.2302148333928468,-1.0491672780093344,3.444577251386844,-0.4658333700498004,-1.3389899847735325,0.9367711892866742,0
121.009139,14.563865,0.3415267242678829,-1.7454660182321355,2.631190216165048,0.1761947022386779,2.3249130258236512,0.7717270710179207,2
121.026342,14.563933,-0.626035911773352,-0.5706810404080511,2.4572768011880304,0.6460607067875217,1.0307045655079712,-1.108743306516519,2
121.022406,14.558453,-0.6788120555574195,-0.9413445336310357,3.519277263450718,1.46297570535355,-1.2797459698492553,1.053833266281745,0
121.036339,14.562949,-0.0718864020406447,0.0939162412266735,2.028996469223222,-1.3404951347579,1.8832952684095283,-1.553553638015701,2
121.017742,14.554848,0.4734670837280513,-1.3073624238923938,3.6698252798002255,-0.2382677151069225,-1.7773167302739412,1.064950645358671,0
121.0206028,14.5596699,-0.4765035043851612,-1.0491672780093344,3.3912082973373003,-0.2436142921531944,-1.2244862553316982,1.025653240224642,0
121.0154,14.55677,-0.1862347135727908,-1.4521342211490875,3.5215119681508966,-0.6054722407502608,-0.6500973323975789,1.202648905306042,0
121.0206028,14.5596699,-0.180957099194384,-1.0491672780093344,3.4447469182406616,-0.3307027264371311,-1.304018009053341,0.9267623218026148,0
121.036339,14.562949,-0.0367023061845998,0.0939162412266735,2.0288904274395856,-1.4249517870158184,1.8614377835844087,-1.5472980958381637,2
121.017742,14.554848,-0.4501154324931275,-1.3073624238923938,3.623408548978801,1.3729285451190152,-1.176222649478208,1.289450735461236,0
121.017742,14.554848,0.1216261251676022,-1.3073624238923938,3.6233604060090303,1.3345852249939203,-1.1861459475888123,1.292290751609838,0
121.0275016,14.5570169,-0.0542943541126223,-0.6008001957382056,3.252937959060226,1.4708162782068888,-1.2200647625482834,-0.5599486150230247,0
121.0206028,14.5596699,-0.5116876002412061,-1.0491672780093344,3.3980438746034194,1.052460572692427,-0.7619391372854315,1.1681523757845302,0
121.018458,14.57608,-0.1655585993244946,-0.8441921841992507,1.991317132837651,-1.429789910221865,3.6839697735989176,1.508045241594412,2
121.017742,14.554848,-0.4061353126730714,-1.3073624238923938,3.6234064281431286,1.371239412073857,-1.1766597991747103,1.2895758463047866,0
121.036339,14.562949,0.1216261251676022,0.0939162412266735,2.028954052509768,-1.3742777956610672,1.8745522744794805,-1.551051421144686,2
121.0130061,14.56015921,-1.177441062029288,-1.5554110193627986,3.033979186902617,-1.8897069526932784,0.6654513719029943,0.6348710659534492,2
121.0130061,14.56015921,-1.1815927853403012,-1.5554110193627986,3.033979186902617,-1.8897069526932784,0.6654513719029943,0.6348710659534492,2
121.009139,14.563865,-0.1422545937527345,-1.7454660182321355,2.6242379929369286,-1.2127824800906533,1.8383226744697525,0.6361090318533235,2
121.017742,14.554848,-0.3225730850149647,-1.3073624238923938,3.669655612946408,-0.3733983587195918,-1.8122887059941328,1.0749595128427305,0
121.017742,14.554848,-0.3181750730329591,-1.3073624238923938,3.669655612946408,-0.3733983587195918,-1.8122887059941328,1.0749595128427305,0
121.019175,14.550759,0.4734670837280513,-1.2843153265312606,3.1980235549418365,-0.0444131838834721,-1.8225915335459777,-0.7680241525067412,0
121.019175,14.550759,0.2975465164875871,-1.2843153265312606,3.197959929871655,-0.0950871752382231,-1.8357060244410488,-0.7642708272002189,0
121.036339,14.562949,0.2095863648077144,0.0939162412266735,2.028848010726131,-1.4587344479189857,1.8526947896543609,-1.5447958789671488,2
121.0206028,14.5596699,0.5614273233681636,-1.0491672780093344,3.391356755834391,-0.1253749789921089,-1.1938857765765305,1.0168954811760895,0
121.017742,14.554848,0.1216261251676022,-1.3073624238923938,3.623408548978801,1.3729285451190152,-1.176222649478208,1.289450735461236,0
121.018458,14.57608,-0.3885432647450489,-0.8441921841992507,1.987830417045228,-2.1327241666123227,3.438488849439456,1.4408617762298666,2
121.036339,14.562949,0.0072778136354562,0.0939162412266735,2.02893284415304,-1.3911691261126509,1.8701807775144563,-1.5498003127091786,2
121.018458,14.57608,-0.6286747189625554,-0.8441921841992507,1.9843649096095324,-2.818767092551196,3.1973794222450187,1.3724272024298143,2
121.0206028,14.5596699,-0.740384223305498,-1.0491672780093344,3.441094777265766,-1.165389360349941,-1.5835966095399892,0.869337502235028,0
121.0206028,14.5596699,0.2975466044478267,-1.0491672780093344,3.398245353992328,1.2129282119824718,-0.7204099161177041,1.1562668456472094,0
121.0206028,14.5596699,-0.0542943541126223,-1.0491672780093344,3.4411753690213294,-1.1012023046339232,-1.566984921072898,0.8645832901800996,0
121.026342,14.563933,-0.1862347135727908,-0.5706810404080511,2.460848350407362,1.4165602849843142,1.2936714775275284,-1.046564274894004,2
121.019175,14.550759,1.0012285215687249,-1.2843153265312606,3.194621672576323,-0.6797821184675953,-2.050586469845343,-0.8402120516133159,0
121.017742,14.554848,-0.3181750730329591,-1.3073624238923938,3.623175257054801,1.187123910151595,-1.2243091160934714,1.303212928251818,0
121.026342,14.563933,-0.4765035043851612,-0.5706810404080511,2.550301138041424,-2.4243098396001,-0.1321401233982797,-1.5690034626412166,2
121.026342,14.563933,-0.3269710969969705,-0.5706810404080511,2.5072438728720594,-0.2115273056932071,0.6882058997667712,-1.2698132565610618,2
121.0206028,14.5596699,0.5614273233681636,-1.0491672780093344,3.398245353992328,1.2129282119824718,-0.7204099161177041,1.1562668456472094,0
121.036339,14.562949,0.077646005347546,0.0939162412266735,2.028954052509768,-1.3742777956610672,1.8745522744794805,-1.551051421144686,2
121.036339,14.562949,0.2095863648077144,0.0939162412266735,2.029060094293404,-1.2898211434031488,1.8964097593046,-1.5573069633222232,2
121.019175,14.550759,0.077646005347546,-1.2843153265312606,3.1515431990502307,1.5161090849877144,-1.2346119436453165,-0.539770737097654,0
121.0275016,14.5570169,0.2975466044478267,-0.6008001957382056,3.29943952330856,-0.0728146602127138,-1.8036728554839208,-0.7894531388676195,0
121.019175,14.550759,0.4734670837280513,-1.2843153265312606,3.1979175131582003,-0.1288698361413904,-1.844449018371097,-0.761768610329204,0
121.0140432,14.5622454,0.6043959004323584,-1.4271337461765894,2.82278333910648,0.4982350445514278,1.3731032071597773,0.82753778960055,2
121.0140432,14.5622454,0.6008774908467539,-1.4271337461765894,2.82278333910648,0.4982350445514278,1.3731032071597773,0.82753778960055,2
121.0140432,14.5622454,0.6372050698181203,-1.4271337461765894,2.822808364967418,0.5181668144842969,1.3782615735785058,0.8260614816466512,2
121.0140432,14.5622454,0.4534121490901057,-1.4271337461765894,2.822681751077756,0.4173255716883424,1.3521637366973127,0.8335305990066306,2
121.0156346,14.55165525,0.0336658855274902,-1.519197190248479,3.339416426927148,0.8822764139238412,-0.1919255341929558,1.4296949648786472,0
121.009139,14.563865,-0.1862347135727908,-1.7454660182321355,2.631084174381411,0.0917380499807596,2.3030555409985314,0.7779826131954579,2
121.009139,14.563865,0.1216261251676022,-1.7454660182321355,2.6311840657415964,0.1712962164077183,2.323645291703794,0.7720898924642179,2
121.009139,14.563865,-0.1422545937527345,-1.7454660182321355,2.634628364820565,0.8404478118950087,2.560383221933207,0.8417755746997777,2
121.019175,14.550759,0.4734670837280513,-1.2843153265312606,3.1980023465851093,-0.0613045143350557,-1.8269630305110012,-0.7667730440712338,0
121.0275016,14.5570169,-0.7579762712335204,-0.6008001957382056,3.252768292206408,1.3356856345942196,-1.2550367382684748,-0.5499397475389652,0
121.019175,14.550759,0.077646005347546,-1.2843153265312606,3.201446645664078,0.6078470811522343,-1.590225100281588,-0.697087361835674,0
121.017742,14.554848,-0.274194953212903,-1.3073624238923938,3.669719238016589,-0.3227243673648409,-1.7991742150990606,1.0712061875362082,0
121.0206028,14.5596699,-0.5996478398813183,-1.0491672780093344,3.4445390763447343,-0.496237764862651,-1.3468586793105757,0.9390231844705876,0
121.022406,14.558453,-0.626035911773352,-0.9413445336310357,3.519277263450718,1.46297570535355,-1.2797459698492553,1.053833266281745,0
121.018458,14.57608,-0.5380756721332399,-0.8441921841992507,1.9878092086885009,-2.1496154970639063,3.434117352474432,1.442112884665374,2
121.019175,14.550759,0.2799545565198043,-1.2843153265312606,3.197896304801473,-0.1457611665929741,-1.8488205153361208,-0.7605175018936966,0
121.036339,14.562949,0.2095863648077144,0.0939162412266735,2.02893284415304,-1.3911691261126509,1.8701807775144563,-1.5498003127091786,2
121.036339,14.562949,-0.0103142342925661,0.0939162412266735,2.029060094293404,-1.2898211434031488,1.8964097593046,-1.5573069633222232,2
121.019175,14.550759,0.2095863648077144,-1.2843153265312606,3.197981138228382,-0.0781958447866395,-1.831334527476025,-0.7655219356357263,0
121.009139,14.563865,0.4294869639079951,-1.7454660182321355,2.631185974493702,0.1728164361483609,2.324038726430646,0.7719772927050221,2
121.0124,14.55153,0.2975466044478267,-1.7440579202429765,3.2723030279828227,-0.6614021633334378,-0.3272289821270786,1.2039771487069086,0
121.017742,14.554848,-0.2400663802325394,-1.3073624238923938,3.669687425481498,-0.3480613630422163,-1.8057314605465968,1.0730828501894694,0
121.019175,14.550759,0.4734670837280513,-1.2843153265312606,3.201361812237169,0.5402817593458997,-1.6077110881416838,-0.6920829280936442,0
121.036339,14.562949,0.3855068440879393,0.0939162412266735,2.028954052509768,-1.3742777956610672,1.8745522744794805,-1.551051421144686,2
121.0225973,14.55890448,-0.7139961514134645,-0.9221471643841724,3.45474755482092,-0.1730585179962756,-1.8861805465964216,0.7487200396875635,0
121.0203358,14.5741993,0.1914665554418513,-0.7852958783535341,1.2637032490642122,-1.2972640516455478,1.7952695539843777,-1.9557479348681852,2
121.0140432,14.5622454,0.6008774908467539,-1.4271337461765894,2.8227621307497524,0.4813437140998444,1.3687317101947534,0.8287888980360574,2
121.0206028,14.5596699,0.1216261251676022,-1.0491672780093344,3.444577251386844,-0.4658333700498004,-1.3389899847735325,0.9367711892866742,0
121.0275016,14.5570169,-0.7139961514134645,-0.6008001957382056,3.299375898238378,-0.1234886515674648,-1.8167873463789923,-0.7856998135610972,0
121.0204761,14.55903197,-0.7579762712335204,-1.0681283480084816,3.5601253888339426,1.234640927089363,-1.2874900135234368,1.2578562624360374,0
121.01523,14.55714,-0.4061353126730714,-1.4599837585709818,3.355586276599111,0.9306223482868696,0.0581003096725019,1.304148418484339,0
121.026342,14.563933,-0.2302148333928468,-0.5706810404080511,2.5037227995417384,-0.94182551741523,0.4356431505239712,-1.334969926260085,2
121.019175,14.550759,0.3855068440879393,-1.2843153265312606,3.198065971655291,-0.0106305229803048,-1.8138485396159296,-0.7705263693777561,0
121.017742,14.554848,0.1656062449876583,-1.3073624238923938,3.673395980685288,0.531556209871806,-1.514524678132985,1.1271797213186066,0
121.0387062,14.56610681,0.3855068440879393,0.3147849959102716,2.175597575281964,-1.7094735699419856,2.723433529152014,-1.5108512318800391,2
121.019175,14.550759,0.2887505804838155,-1.2843153265312606,3.1978750964447458,-0.1626524970445577,-1.853192012301145,-0.7592663934581891,0
121.009139,14.563865,-0.0982744739326784,-1.7454660182321355,2.631232632878502,0.2099773631418451,2.333656019753699,0.7692248541469058,2
121.019175,14.550759,0.4734670837280513,-1.2843153265312606,3.201383020593896,0.5571730897974834,-1.60333959117666,-0.6933340365291517,0
121.0206028,14.5596699,-0.7579762712335204,-1.0491672780093344,3.444619668100298,-0.432050709146633,-1.3302469908434846,0.9342689724156592,0
121.018458,14.57608,-0.3621551928530154,-0.8441921841992507,1.99140196626456,-1.3622245884155302,3.701455761459013,1.503040807852382,2
121.017742,14.554848,-0.0542943541126223,-1.3073624238923938,3.6233661322653465,1.339145884215848,-1.1849656434082558,1.2919529523322508,0
121.019175,14.550759,0.4312461687007974,-1.2843153265312606,3.1978538880880185,-0.1795438274961415,-1.857563509266169,-0.7580152850226817,0
121.0206028,14.5596699,-0.4061353126730714,-1.0491672780093344,3.3913991725478456,-0.0915923180889415,-1.1851427826464829,1.0143932643050748,0
121.036339,14.562949,0.1392181730956246,0.0939162412266735,2.028911635796313,-1.4080604565642347,1.8658092805494328,-1.548549204273671,2
121.017742,14.554848,-0.4940955523131836,-1.3073624238923938,3.669676821303135,-0.3565070282680082,-1.8079172090291085,1.0737084044072231,0
121.017742,14.554848,0.0336658855274902,-1.3073624238923938,3.669740446373317,-0.3058330369132571,-1.794802718134037,1.0699550791007006,0
121.0189484,14.55479212,-0.7579762712335204,-1.2283234853326523,3.611347845779001,0.750748255396704,-1.3785596911910525,1.3468729099805314,0
121.017742,14.554848,-0.1862347135727908,-1.3073624238923938,3.623185861233165,1.1955695753773867,-1.2221233676109593,1.302587374034064,0
121.009139,14.563865,-0.1422545937527345,-1.7454660182321355,2.631093930225506,0.099508061988488,2.3050664296024426,0.7774071033151244,2
121.017742,14.554848,-0.0542943541126223,-1.3073624238923938,3.669740446373317,-0.3058330369132571,-1.794802718134037,1.0699550791007006,0
121.0218,14.55659,0.4734670837280513,-1.0021309151579,3.691518515159859,-0.0589022823189671,-2.2454655534664294,0.9943380566871216,0
121.02335099499,14.559438217323,0.5614273233681636,-0.8621175716428414,3.388833219335976,1.36025294869419,-1.0603373993860916,0.9377631775770844,0
121.036339,14.562949,0.5614273233681636,0.0939162412266735,2.0290388859366764,-1.3067124738547329,1.892038262339576,-1.5560558548867158,2
121.019175,14.550759,0.5614273233681636,-1.2843153265312606,3.197959929871655,-0.0950871752382231,-1.8357060244410488,-0.7642708272002189,0
121.036339,14.562949,0.3415267242678829,0.0939162412266735,2.025637003571162,-1.942081408438856,1.6640433260402103,-1.6282437539932904,2
121.036339,14.562949,0.2887505804838155,0.0939162412266735,1.982516113331616,0.2200271341132862,2.47127485831019,-1.3253002226066135,2
121.0204761,14.55903197,-0.6489055740797812,-1.0681283480084816,3.5601253888339426,1.234640927089363,-1.2874900135234368,1.2578562624360374,0
121.017742,14.554848,-0.5820557919532959,-1.3073624238923938,3.669655612946408,-0.3733983587195918,-1.8122887059941328,1.0749595128427305,0
121.0297,14.54133,-0.0542943541126223,-0.6898114450505053,1.0976469550554038,-0.9723877490937672,1.1886233535865365,-2.036409510087906,2
121.017742,14.554848,-0.2302148333928468,-1.3073624238923938,3.669698029659862,-0.3396156978164245,-1.8035457120640848,1.0724572959717156,0
121.019175,14.550759,0.0336658855274902,-1.2843153265312606,3.1980023465851093,-0.0613045143350557,-1.8269630305110012,-0.7667730440712338,0
121.019175,14.550759,0.5614273233681636,-1.2843153265312606,3.2014254373073507,0.5909557507006507,-1.5945965972466118,-0.6958362534001665,0
121.026342,14.563933,-0.4940955523131836,-0.5706810404080511,2.450388203030093,-0.6922424841870588,0.5572287050491443,-1.2481146709876392,2
121.036339,14.562949,0.1656062449876583,0.0939162412266735,2.02893284415304,-1.3911691261126509,1.8701807775144563,-1.5498003127091786,2
121.0206028,14.5596699,-0.0103142342925661,-1.0491672780093344,3.444619668100298,-0.432050709146633,-1.3302469908434846,0.9342689724156592,0
121.01782,14.55425,-0.5380756721332399,-1.3170648201413466,3.582169326944164,0.4981614009023944,-1.331495251648255,1.177177241013739,0
121.019175,14.550759,-0.274194953212903,-1.2843153265312606,3.1979387215149275,-0.1119785056898068,-1.8400775214060732,-0.7630197187647114,0
121.0140432,14.5622454,-0.1431341961491357,-1.4271337461765894,2.8227682811732038,0.4862421999308038,1.3699994443146104,0.8284260765897602,2
121.0297,14.54133,-0.1862347135727908,-0.6898114450505053,1.0976045383419493,-1.0061704099969344,1.1798803596564884,-2.033907293216892,2
121.0297,14.54133,-0.0103142342925661,-0.6898114450505053,1.1011124624910995,-0.2863448231548929,1.4297327807809737,-1.9679749362878536,2
121.0099,14.55999,-0.7980421603895916,-1.7636057204670332,2.9258932130236035,-1.892779251761557,0.6239264009759242,0.5680159141035158,2
121.019175,14.550759,0.2095863648077144,-1.2843153265312606,3.1978750964447458,-0.1626524970445577,-1.853192012301145,-0.7592663934581891,0
121.036339,14.562949,-0.0103142342925661,0.0939162412266735,2.02893284415304,-1.3911691261126509,1.8701807775144563,-1.5498003127091786,2
121.0297,14.54133,-0.3181750730329591,-0.6898114450505053,1.0976045383419493,-1.0061704099969344,1.1798803596564884,-2.033907293216892,2
121.019175,14.550759,-0.1422545937527345,-1.2843153265312606,3.197981138228382,-0.0781958447866395,-1.831334527476025,-0.7655219356357263,0
121.0297,14.54133,0.0336658855274902,-0.6898114450505053,1.1011124624910995,-0.2863448231548929,1.4297327807809737,-1.9679749362878536,2
121.026342,14.563933,-0.5820557919532959,-0.5706810404080511,2.503672323652727,-0.9820268838899991,0.4252389877472142,-1.331992288183577,2
121.019175,14.550759,-0.1422545937527345,-1.2843153265312606,3.1980023465851093,-0.0613045143350557,-1.8269630305110012,-0.7667730440712338,0
121.017742,14.554848,-0.0982744739326784,-1.3073624238923938,3.623175257054801,1.187123910151595,-1.2243091160934714,1.303212928251818,0
121.0275016,14.5570169,-0.0542943541126223,-0.6008001957382056,3.299333481524924,-0.1572713124706321,-1.82553034030904,-0.7831975966900823,0
121.0218,14.55659,-0.0542943541126223,-1.0021309151579,3.644953325841344,1.4340546647458847,-1.6749719514258636,1.2275959058382389,0
121.009139,14.563865,-0.0279062822205886,-1.7454660182321355,2.6311878832458078,0.1743366558890037,2.3244321611574987,0.7718646929458266,2
121.036339,14.562949,-0.0982744739326784,0.0939162412266735,2.025446128360617,-2.0941033825031083,1.6246998533549952,-1.6169837780737235,2
121.0136335,14.56225568,-0.274194953212903,-1.4529106166676204,2.7394313971079054,0.4685626411071074,1.4493818008376875,0.8698598287509032,2
121.0362038,14.5634274,0.0248698615634787,0.0925381158010506,2.0290388859366764,-1.3067124738547329,1.892038262339576,-1.5560558548867158,2
121.019175,14.550759,0.2887505804838155,-1.2843153265312606,3.198044763298564,-0.0275218534318884,-1.818220036580953,-0.7692752609422486,0
121.017742,14.554848,-0.4501154324931275,-1.3073624238923938,3.621474315872044,0.8694394428595331,-1.338306584243154,1.2671189786985306,0
121.0553804,14.54178249,-1.092225181865947,1.1324348798203967,2.398313776654656,-2.209953202783542,1.4589714691649918,1.4350556949485194,2
121.009139,14.563865,-0.0191102582565774,-1.7454660182321355,2.6311840657415964,0.1712962164077183,2.323645291703794,0.7720898924642179,2
121.0130061,14.56015921,-1.1379645064788055,-1.5554110193627986,3.03404578114274,-1.8366681750753056,0.6791778723731695,0.6309425854659559,2
121.017742,14.554848,-0.3181750730329591,-1.3073624238923938,3.6197097496191057,0.5010809842127205,-1.4654185432879083,1.2347783544517654,0
121.019175,14.550759,0.3415267242678829,-1.2843153265312606,3.198065971655291,-0.0106305229803048,-1.8138485396159296,-0.7705263693777561,0
121.036339,14.562949,0.5614273233681636,0.0939162412266735,2.02893284415304,-1.3911691261126509,1.8701807775144563,-1.5498003127091786,2
121.0206028,14.5596699,-0.3190546754293602,-1.0491672780093344,3.444619668100298,-0.432050709146633,-1.3302469908434846,0.9342689724156592,0
121.026342,14.563933,0.3855068440879393,-0.5706810404080511,2.5037147403661817,-0.948244222986832,0.4339819816772621,-1.334494505054592,2
121.009139,14.563865,-0.1431341961491357,-1.7454660182321355,2.631084174381411,0.0917380499807596,2.3030555409985314,0.7779826131954579,2
121.036339,14.562949,-0.1422545937527345,0.0939162412266735,2.0288904274395856,-1.4249517870158184,1.8614377835844087,-1.5472980958381637,2
121.036339,14.562949,-0.0991540763290795,0.0939162412266735,2.029060094293404,-1.2898211434031488,1.8964097593046,-1.5573069633222232,2
121.019175,14.550759,0.4734670837280513,-1.2843153265312606,3.1979387215149275,-0.1119785056898068,-1.8400775214060732,-0.7630197187647114,0
121.0206028,14.5596699,-0.3709512168170265,-1.0491672780093344,3.4447469182406616,-0.3307027264371311,-1.304018009053341,0.9267623218026148,0
121.0275016,14.5570169,0.3855068440879393,-0.6008001957382056,3.299397106595105,-0.1065973211158812,-1.8124158494139688,-0.7869509219966047,0
121.019175,14.550759,-0.4501154324931275,-1.2843153265312606,3.1515219906935035,1.4992177545361307,-1.2389834406103404,-0.5385196286621465,0
121.017742,14.554848,-0.0542943541126223,-1.3073624238923938,3.669682759643018,-0.3517774557415647,-1.806693189878902,1.073358094045281,0
121.026342,14.563933,-0.5380756721332399,-0.5706810404080511,2.5037902421161307,-0.8881110865791941,0.4495445108727473,-1.3389484510849985,2
121.026342,14.563933,-0.5380756721332399,-0.5706810404080511,2.457234384474576,0.6122780458843544,1.0219615715779231,-1.1062410896455044,2
121.017742,14.554848,-0.0103142342925661,-1.3073624238923938,3.669740446373317,-0.3058330369132571,-1.794802718134037,1.0699550791007006,0
121.009139,14.563865,-0.2653989292488917,-1.7454660182321355,2.624284863405296,-1.1754526397926537,1.8479836827624552,0.6333440822108521,2
121.026342,14.563933,-0.0718864020406447,-0.5706810404080511,2.5037147403661817,-0.948244222986832,0.4339819816772621,-1.334494505054592,2
121.026342,14.563933,-0.5820557919532959,-0.5706810404080511,2.503724708293844,-0.9403052976745876,0.4360365852508233,-1.3350825260192805,2
121.026342,14.563933,0.5614273233681636,-0.5706810404080511,2.457404051328394,0.7474086894970237,1.0569335472981147,-1.116249957129564,2
121.0375755,14.56412082,-0.0542943541126223,0.1992516734981475,2.069680420116362,-1.4939124015538354,2.2057922533526684,-1.55694899893351,2
121.017742,14.554848,-0.4061353126730714,-1.3073624238923938,3.673205953809013,0.3802098890256167,-1.5536932909395995,1.1383896529007531,0
121.017742,14.554848,-0.5820557919532959,-1.3073624238923938,3.669676821303135,-0.3565070282680082,-1.8079172090291085,1.0737084044072231,0
121.018458,14.57608,-0.3181750730329591,-0.8441921841992507,1.9878092086885009,-2.1496154970639063,3.434117352474432,1.442112884665374,2
121.036339,14.562949,0.077646005347546,0.0939162412266735,2.025509753430798,-2.043429391148358,1.637814344250067,-1.6207371033802458,2
121.017742,14.554848,-0.2478068813208693,-1.3073624238923938,3.6233661322653465,1.339145884215848,-1.1849656434082558,1.2919529523322508,0
121.0275016,14.5570169,-0.8459365108736328,-0.6008001957382056,3.2528107089198626,1.369468295497387,-1.246293744338427,-0.5524419644099802,0
121.0275016,14.5570169,0.2975466044478267,-0.6008001957382056,3.299312273168196,-0.1741626429222158,-1.8299018372740643,-0.7819464882545748,0
121.0206028,14.5596699,-0.7579762712335204,-1.0491672780093344,3.444534834673389,-0.4996160309529677,-1.3477329787035803,0.9392734061576892,0
121.026342,14.563933,-0.5292796481692286,-0.5706810404080511,2.4572768011880304,0.6460607067875217,1.0307045655079712,-1.108743306516519,2
121.009139,14.563865,0.0336658855274902,-1.7454660182321355,2.631190216165048,0.1761947022386779,2.3249130258236512,0.7717270710179207,2
121.036339,14.562949,-0.1422545937527345,0.0939162412266735,2.029060094293404,-1.2898211434031488,1.8964097593046,-1.5573069633222232,2
121.0275016,14.5570169,0.4734670837280513,-0.6008001957382056,3.299312273168196,-0.1741626429222158,-1.8299018372740643,-0.7819464882545748,0
121.036339,14.562949,0.3679147961599165,0.0939162412266735,2.0288692190828583,-1.441843117467402,1.8570662866193848,-1.546046987402656,2
121.0204774,14.5615741,0.5614273233681636,-1.0203187910458862,3.049500753839811,-0.5141531930825799,-0.6093508191561641,0.6107663339483719,0
121.0371989,14.5662972,0.0539644700292386,0.2162471341147809,2.0508465837087098,-1.5460461845637496,2.259639408277424,-1.581996230346001,2
121.0283766,14.56536992,-0.4501154324931275,-0.3994703151735488,2.605444523496149,-1.1302557843231484,0.9518440818970344,-1.4324920576444746,2
121.0206028,14.5596699,0.3855068440879393,-1.0491672780093344,3.391356755834391,-0.1253749789921089,-1.1938857765765305,1.0168954811760895,0
121.036339,14.562949,0.4294869639079951,0.0939162412266735,2.02893284415304,-1.3911691261126509,1.8701807775144563,-1.5498003127091786,2
121.0362038,14.5634274,-0.274194953212903,0.0925381158010506,2.028954052509768,-1.3742777956610672,1.8745522744794805,-1.551051421144686,2
121.0371989,14.5662972,0.1796798833300763,0.2162471341147809,2.050867792065437,-1.5291548541121658,2.2640109052424475,-1.5832473387815085,2
121.036339,14.562949,-0.0542943541126223,0.0939162412266735,2.0288904274395856,-1.4249517870158184,1.8614377835844087,-1.5472980958381637,2
121.018458,14.57608,-0.0179939504572926,-0.8441921841992507,1.9878092086885009,-2.1496154970639063,3.434117352474432,1.442112884665374,2
121.0206028,14.5596699,2.0567513972500717,-1.0491672780093344,3.398224145635601,1.1960368815308882,-0.724781413082728,1.157517954082717,0
121.0275016,14.5570169,0.2095863648077144,-0.6008001957382056,3.299291064811469,-0.1910539733737995,-1.834273334239088,-0.7806953798190673,0
121.0206028,14.5596699,-0.7139961514134645,-1.0491672780093344,3.4446620848137526,-0.3982680482434658,-1.3215039969134368,0.9317667555446446,0
121.017742,14.554848,-0.2302148333928468,-1.3073624238923938,3.619730957975833,0.5179723146643043,-1.4610470463228848,1.233527246016258,0
121.026342,14.563933,-0.2302148333928468,-0.5706810404080511,2.4572768011880304,0.6460607067875217,1.0307045655079712,-1.108743306516519,2
121.0275016,14.5570169,-0.0542943541126223,-0.6008001957382056,3.299312273168196,-0.1741626429222158,-1.8299018372740643,-0.7819464882545748,0
121.019175,14.550759,0.4294869639079951,-1.2843153265312606,3.197959929871655,-0.0950871752382231,-1.8357060244410488,-0.7642708272002189,0
121.036339,14.562949,0.3855068440879393,0.0939162412266735,2.02893284415304,-1.3911691261126509,1.8701807775144563,-1.5498003127091786,2
121.0174299,14.55511105,-0.274194953212903,-1.3210299419963831,3.551552029599362,-0.4413173783449817,-1.653046955393986,1.0776671697087556,0
121.0206028,14.5596699,-0.6876080795214307,-1.0491672780093344,3.4479579253956305,0.1526442340827389,-1.1153665454391908,1.0102101968287562,0
121.036339,14.562949,0.5614273233681636,0.0939162412266735,2.029060094293404,-1.2898211434031488,1.8964097593046,-1.5573069633222232,2
121.0206028,14.5596699,-0.762374283215526,-1.0491672780093344,3.398040269182776,1.0495890465156577,-0.7626822917694854,1.1683650642185663,0
121.017742,14.554848,-0.5204836242052173,-1.3073624238923938,3.669676821303135,-0.3565070282680082,-1.8079172090291085,1.0737084044072231,0
121.0206028,14.5596699,0.46467105976404,-1.0491672780093344,3.4411753690213294,-1.1012023046339232,-1.566984921072898,0.8645832901800996,0
121.026342,14.563933,0.0336658855274902,-0.5706810404080511,2.500281045465577,-1.6089501532483304,0.1994297999303606,-1.4048057415079056,2
121.036339,14.562949,-0.0103142342925661,0.0939162412266735,2.025594586857708,-1.9758640693420229,1.6553003321101627,-1.6257415371222756,2
121.036339,14.562949,-0.0982744739326784,0.0939162412266735,2.028996469223222,-1.3404951347579,1.8832952684095283,-1.553553638015701,2
121.036339,14.562949,0.2535664846277706,0.0939162412266735,1.982516113331616,0.2200271341132862,2.47127485831019,-1.3253002226066135,2
121.036339,14.562949,0.1831982929156808,0.0939162412266735,2.028954052509768,-1.3742777956610672,1.8745522744794805,-1.551051421144686,2
121.019175,14.550759,-0.1862347135727908,-1.2843153265312606,3.201531479090987,0.675412402958569,-1.5727391124214924,-0.7020917955777037,0
121.017141,14.55349112,-0.2302148333928468,-1.380305005179404,3.492628486817292,0.6624445737554289,-0.8199423969155683,1.3325704046898674,0
121.026342,14.563933,-0.0542943541126223,-0.5706810404080511,2.5037147403661817,-0.948244222986832,0.4339819816772621,-1.334494505054592,2
121.025,14.55792,0.4734670837280513,-0.7650438897005075,3.446208677873133,0.1025527127967694,-2.483031257868103,-0.7004661340897507,0
121.019175,14.550759,0.1216261251676022,-1.2843153265312606,3.197896304801473,-0.1457611665929741,-1.8488205153361208,-0.7605175018936966,0
121.022406,14.558453,-0.5380756721332399,-0.9413445336310357,3.5658000360557787,-0.0637639026144693,-1.8589825658198689,0.8230776340016428,0
121.019175,14.550759,0.4734670837280513,-1.2843153265312606,3.1978750964447458,-0.1626524970445577,-1.853192012301145,-0.7592663934581891,0
121.0275016,14.5570169,0.5614273233681636,-0.6008001957382056,3.299397106595105,-0.1065973211158812,-1.8124158494139688,-0.7869509219966047,0
121.019175,14.550759,0.7373478026483884,-1.2843153265312606,3.1979387215149275,-0.1119785056898068,-1.8400775214060732,-0.7630197187647114,0
121.0206028,14.5596699,-0.0982744739326784,-1.0491672780093344,3.444619668100298,-0.432050709146633,-1.3302469908434846,0.9342689724156592,0
121.0378912,14.56345246,-0.1202645338427065,0.2096149925237336,2.1510305550435573,-2.0966491137431174,1.9525640384599356,-1.545437926291268,2
121.0206028,14.5596699,0.2975466044478267,-1.0491672780093344,3.44468329317048,-0.3813767177918821,-1.3171324999484129,0.930515647109137,0
121.017742,14.554848,0.3855068440879393,-1.3073624238923938,3.623408548978801,1.3729285451190152,-1.176222649478208,1.289450735461236,0
121.0206028,14.5596699,-0.626035911773352,-1.0491672780093344,3.4446408764570253,-0.4151593786950494,-1.3258754938784607,0.933017863980152,0
121.017742,14.554848,-0.1422545937527345,-1.3073624238923938,3.619794583046015,0.5686463060190552,-1.4479325554278129,1.2297739207097358,0
121.036339,14.562949,-0.0982744739326784,0.0939162412266735,2.0288904274395856,-1.4249517870158184,1.8614377835844087,-1.5472980958381637,2
121.017742,14.554848,-0.1862347135727908,-1.3073624238923938,3.669719238016589,-0.3227243673648409,-1.7991742150990606,1.0712061875362082,0
121.02407,14.5590183,-0.7139961514134645,-0.8177557245042754,3.1813285179744164,0.7851191366343667,-1.630494453430397,-0.6886691744438878,0
121.018458,14.57608,-0.5490707020882538,-0.8441921841992507,1.9878940421154097,-2.0820501752575717,3.451603340334528,1.4371084509233445,2
121.019175,14.550759,0.5614273233681636,-1.2843153265312606,3.1980235549418365,-0.0444131838834721,-1.8225915335459777,-0.7680241525067412,0
121.036339,14.562949,0.5174472035481075,0.0939162412266735,2.0288904274395856,-1.4249517870158184,1.8614377835844087,-1.5472980958381637,2
121.0283766,14.56536992,0.0424619094915011,-0.3994703151735488,2.6055874678204907,-1.0164082170794748,0.9813079714412956,-1.440924528499795,2
121.017742,14.554848,0.2095863648077144,-1.3073624238923938,3.6233661322653465,1.339145884215848,-1.1849656434082558,1.2919529523322508,0
121.0206028,14.5596699,0.7813279224684442,-1.0491672780093344,3.398245353992328,1.2129282119824718,-0.7204099161177041,1.1562668456472094,0
121.009139,14.563865,-0.626035911773352,-1.7454660182321355,2.630999340954502,0.0241727281744248,2.285569553138436,0.7829870469374878,2
121.017742,14.554848,-0.4501154324931275,-1.3073624238923938,3.669698029659862,-0.3396156978164245,-1.8035457120640848,1.0724572959717156,0
121.0206028,14.5596699,-0.4940955523131836,-1.0491672780093344,3.398264441513383,1.2281304093888972,-0.7164755688491825,1.1551408480552527,0
121.017742,14.554848,-0.1422545937527345,-1.3073624238923938,3.666296147294348,-0.9749846324005476,-2.0315406483634506,1.000269396865141,0
121.017742,14.554848,-0.2829909771769142,-1.3073624238923938,3.6164775341074096,0.000842693241267,-1.658441503867083,1.1525815878611312,0
121.026342,14.563933,-0.2302148333928468,-0.5706810404080511,2.457404051328394,0.7474086894970237,1.0569335472981147,-1.116249957129564,2
121.0200817,14.55112335,0.4734670837280513,-1.216579764109006,3.1268131688616694,0.0351490755554494,-2.205255077914956,-0.8971057164449251,0
121.036339,14.562949,0.4734670837280513,0.0939162412266735,1.9755214733900424,-1.2027327091192124,1.9759415130262432,-1.458416044900196,2
121.036339,14.562949,0.2095863648077144,0.0939162412266735,2.028911635796313,-1.4080604565642347,1.8658092805494328,-1.548549204273671,2
121.036339,14.562949,-0.0982744739326784,0.0939162412266735,2.028848010726131,-1.4587344479189857,1.8526947896543609,-1.5447958789671488,2
121.019175,14.550759,0.4734670837280513,-1.2843153265312606,3.1980871800120183,0.0062608074712787,-1.8094770426509057,-0.7717774778132636,0
121.017742,14.554848,-0.0542943541126223,-1.3073624238923938,3.669676821303135,-0.3565070282680082,-1.8079172090291085,1.0737084044072231,0
121.018458,14.57608,-0.0630903780766335,-0.8441921841992507,1.9414484679288369,-0.4938261244457881,4.046752185257828,1.6633100484981993,2
121.019175,14.550759,0.6317955150802533,-1.2843153265312606,3.197959929871655,-0.0950871752382231,-1.8357060244410488,-0.7642708272002189,0
121.0283766,14.56536992,0.0424619094915011,-0.3994703151735488,2.552176097057493,-0.8279718000860364,1.0870687069530822,-1.3495402606908122,2
121.009139,14.563865,-0.626035911773352,-1.7454660182321355,2.631012914302808,0.0349831796634384,2.288367311196051,0.782186337538763,2
121.019175,14.550759,0.2975466044478267,-1.2843153265312606,3.144548559108657,0.0933492417552153,-1.729945288929263,-0.6728865593912363,0
121.026342,14.563933,-0.2302148333928468,-0.5706810404080511,2.5036935320094544,-0.9651355534384156,0.4296104847122381,-1.3332433966190846,2
121.0188736,14.56085591,-0.0542943541126223,-1.1447716546160809,3.17070625727756,0.8078709307549838,-0.0583551501820118,1.1397869184195897,0
121.0206028,14.5596699,-0.6700160315934082,-1.0491672780093344,3.444810543310844,-0.2800287350823801,-1.290903518158269,0.9230089964960924,0
121.01782,14.55425,-0.1422545937527345,-1.3170648201413466,3.63215760698492,-0.3425352811267507,-1.6696224204244312,1.0148561825336893,0
121.0283766,14.56536992,0.0424619094915011,-0.3994703151735488,2.5590646952154303,0.5103313908885441,1.560544567411909,-1.2101688962196926,2
121.017742,14.554848,0.6580011574352734,-1.3073624238923938,3.669719238016589,-0.3227243673648409,-1.7991742150990606,1.0712061875362082,0
121.0203358,14.5741993,0.2650892760206253,-0.7852958783535341,1.2602589499852437,-1.9664156471328385,1.558531623754964,-2.025433617103745,2
121.019175,14.550759,0.7373478026483884,-1.2843153265312606,3.1980235549418365,-0.0444131838834721,-1.8225915335459777,-0.7680241525067412,0
121.026342,14.563933,-0.239010857356858,-0.5706810404080511,2.507137831088423,-0.2959839579511254,0.6663484149416515,-1.2635577143835246,2
121.009139,14.563865,-0.4237273606010938,-1.7454660182321355,2.6311053827381383,0.1086293804323432,2.3074270379635555,0.7767315047599506,2
121.0206028,14.5596699,-0.7139961514134645,-1.0491672780093344,3.3982877707057826,1.246710872885639,-0.7116669221876561,1.1537646287761945,0
121.0384946,14.5643958,-0.0982744739326784,0.2674668529979783,2.279932030665103,-1.5313912322053378,2.4909371720041453,-1.3966997416602078,2
121.0206028,14.5596699,-0.0191102582565774,-1.0491672780093344,3.398264441513383,1.2281304093888972,-0.7164755688491825,1.1551408480552527,0
121.0271,14.55973,0.2975466044478267,-0.5966383666928582,3.3550489716319296,-0.321860403894574,-1.0430280339100333,-0.9864133364110635,0
121.0200817,14.55112335,0.077646005347546,-1.216579764109006,3.130299884654092,0.738083331945907,-1.9597741537554945,-0.8299222510803801,0
121.0271,14.55973,-0.0103142342925661,-0.5966383666928582,3.355070179988657,-0.3049690734429904,-1.0386565369450094,-0.9876644448465712,0
121.009139,14.563865,0.1216261251676022,-1.7454660182321355,2.6311053827381383,0.1086293804323432,2.3074270379635555,0.7767315047599506,2
121.009139,14.563865,-0.1422545937527345,-1.7454660182321355,2.63116900780832,0.1593033717870943,2.320541528858627,0.7729781794534281,2
121.017742,14.554848,-0.2302148333928468,-1.3073624238923938,3.6233449239086193,1.3222545537642645,-1.1893371403732798,1.2932040607677582,0
121.019175,14.550759,0.7373478026483884,-1.2843153265312606,3.197959929871655,-0.0950871752382231,-1.8357060244410488,-0.7642708272002189,0
121.0174046955,14.5517863319,1.4779761342106166,-1.394448169255734,3.4143168508219466,2.145254332209144,-0.484736166784184,1.3278152874053946,0
121.019175,14.550759,0.1216261251676022,-1.2843153265312606,3.1016397524363835,2.424371088823194,-0.8789987870090447,-0.3824541123596338,0
121.019175,14.550759,-1.2086621092883474,-1.2843153265312606,3.1016397524363835,2.424371088823194,-0.8789987870090447,-0.3824541123596338,0
121.0174046955,14.5517863319,1.5567790479247818,-1.394448169255734,3.414363933373881,2.182753085811659,-0.4750314435218309,1.325037826678568,0
121.017742,14.554848,0.2975466044478267,-1.3073624238923938,3.627192181765406,2.3123414278316443,-0.869540767808412,1.3391186827286767,0
121.019175,14.550759,0.4734670837280513,-1.2843153265312606,3.198214430152382,0.1076087901807807,-1.7832480608607622,-0.7792841284263082,0
121.019175,14.550759,0.1216261251676022,-1.2843153265312606,3.155326831836835,2.4555219677003435,-0.92793006197552,-0.4901027898302131,0
121.018458,14.57608,0.6933676828283319,-0.8441921841992507,1.941837853358349,-0.1837012973547121,4.127012869535668,1.6403396976222826,2
121.0271,14.55973,1.1771490008489494,-0.5966383666928582,3.355261055199202,-0.1529470993787374,-0.999313064259794,-0.998924420766138,0
121.017742,14.554848,0.8253080422885003,-1.3073624238923938,3.626980098198133,2.1434281233158075,-0.9132557374586512,1.3516297670837512,0
121.036339,14.562949,0.7373478026483884,0.0939162412266735,1.9827281968988884,0.3889404386291228,2.514989827960429,-1.337811306961688,2
121.036339,14.562949,0.8253080422885003,0.0939162412266735,1.9828978637527064,0.5240710822417921,2.5499618036806204,-1.3478201744457476,2
121.018458,14.57608,-0.0103142342925661,-0.8441921841992507,1.9416681865045309,-0.3188319409673814,4.092040893815477,1.6503485651063423,2
121.026342,14.563933,-0.2302148333928468,-0.5706810404080511,2.4576373432523937,0.933213324464444,1.105020013913378,-1.130012149920146,2
121.017742,14.554848,1.55677906199842,-1.3073624238923938,3.62374767060287,1.6430209190398375,-1.1063224130074758,1.269445511577472,0
121.0271,14.55973,0.557029311386158,-0.5966383666928582,3.355239846842475,-0.1698384298303211,-1.003684561224818,-0.9976733123306306,0
121.0136335,14.56225568,0.1216261251676022,-1.4529106166676204,2.7394814488297814,0.5084261809728448,1.459698533675144,0.8669072128431055,2
121.036339,14.562949,1.6169501990495108,0.0939162412266735,1.9829190721094336,0.540962412693376,2.554333300645644,-1.349071282881255,2
121.009139,14.563865,0.1216261251676022,-1.7454660182321355,2.631234117463473,0.2111597562734556,2.3339620245412505,0.7691372765564204,2
121.026342,14.563933,-0.2038267615008131,-0.5706810404080511,2.4574591930558847,0.7913261486711408,1.068299439407177,-1.1195028390618833,2
121.017742,14.554848,0.0336658855274902,-1.3073624238923938,3.623571853325601,1.5029917895962095,-1.142562122847524,1.2798172005078288,0
121.0275016,14.5570169,-0.7776469955447181,-0.6008001957382056,3.2032232668212512,2.529411123061464,-0.8255452829232987,-0.4137668553610208,0
121.018458,14.57608,0.1216261251676022,-0.8441921841992507,1.9416681865045309,-0.3188319409673814,4.092040893815477,1.6503485651063423,2
121.0206028,14.5596699,-0.4061353126730714,-1.0491672780093344,3.4448953767377524,-0.2124634132760454,-1.2734175302981734,0.9180045627540626,0
121.036339,14.562949,-0.0542943541126223,0.0939162412266735,2.0292297611472216,-1.1546904997904794,1.9313817350247915,-1.567315830806283,2
121.0375755,14.56412082,0.1656062449876583,0.1992516734981475,2.01996784871306,-0.4336284236541029,2.6007488826741554,-1.4108923501150568,2
121.026342,14.563933,-0.0982744739326784,-0.5706810404080511,2.4576373432523937,0.933213324464444,1.105020013913378,-1.130012149920146,2
121.017742,14.554848,-0.3181750730329591,-1.3073624238923938,3.62372667432971,1.6262985018927705,-1.1106501950028491,1.2706841089286245,0
121.026342,14.563933,1.5289899594093983,-0.5706810404080511,2.45774338503603,1.0176699767223625,1.1268774987384975,-1.136267692097683,2
121.036339,14.562949,0.9132682819286126,0.0939162412266735,1.9826857801854336,0.3551577777259556,2.506246834030381,-1.3353090900906732,2
121.018458,14.57608,-0.1422545937527345,-0.8441921841992507,1.941646978147804,-0.3357232714189651,4.087669396850453,1.6515996735418494,2
121.01142,14.56051,0.0160738375994674,-1.6496223046751226,2.775281933275968,0.4755685929897189,1.7194651172232616,0.8361590253556772,2
121.019175,14.550759,0.6054074431882197,-1.2843153265312606,3.1983416802927453,0.2089567728902827,-1.7570190790706186,-0.7867907790393529,0
121.0553,14.53712,0.0160738375994674,1.122106438111597,1.323781945247349,0.7043982215063799,1.686133518882907,-1.595876059628189,2
121.017742,14.554848,1.1771490008489494,-1.3073624238923938,3.6700797800809526,-0.0355717496879185,-1.724858766693654,1.0499373441325817,0
121.0271,14.55973,0.3679147961599165,-0.5966383666928582,3.355155013415566,-0.2374037516366557,-1.0211705490849137,-0.9926688785886008,0
121.019175,14.550759,-1.2153695173621042,-1.2843153265312606,3.1016397524363835,2.424371088823194,-0.8789987870090447,-0.3824541123596338,0
121.019175,14.550759,0.6493875630082758,-1.2843153265312606,3.198214430152382,0.1076087901807807,-1.7832480608607622,-0.7792841284263082,0
121.01053,14.55769,-1.0878271698839417,-1.7784697542406502,3.0378424705859404,1.7535280344644255,1.0593415144688116,1.3005599516836774,0
121.026342,14.563933,-0.0982744739326784,-0.5706810404080511,2.4575525098254847,0.8656480026581094,1.0875340260532824,-1.125007716178116,2
121.026342,14.563933,-0.1422545937527345,-0.5706810404080511,2.4609543921909984,1.5010169372422324,1.315528962352648,-1.0528198170715413,2
121.01523,14.55714,-0.0542943541126223,-1.4599837585709818,3.355692318382747,1.0150790005447885,0.0799577944976215,1.2978928763068018,0
121.03672,14.56292,1.0012285215687249,0.1198474223397462,1.8929758613160497,0.2774861120138541,2.8313043753253364,-1.332489137652979,2
121.026342,14.563933,0.7373478026483884,-0.5706810404080511,2.4576373432523937,0.933213324464444,1.105020013913378,-1.130012149920146,2
121.019175,14.550759,0.9132682819286126,-1.2843153265312606,3.1982568468658363,0.1413914510839481,-1.7745050669307143,-0.781786345297323,0
121.017742,14.554848,1.4850098395893423,-1.3073624238923938,3.623557007475892,1.491167858280101,-1.1456221707230407,1.280692976412684,0
121.040676,14.564421,-0.1422545937527345,0.4183936887057636,1.996169351950481,0.9745625908683232,3.8066915753597046,-1.1011002248974362,2
121.017742,14.554848,0.4734670837280513,-1.3073624238923938,3.670037363367498,-0.0693544105910858,-1.733601760623702,1.0524395610035966,0
121.019175,14.550759,-0.2522048933028749,-1.2843153265312606,3.1016397524363835,2.424371088823194,-0.8789987870090447,-0.3824541123596338,0
121.026342,14.563933,0.1040340772395801,-0.5706810404080511,2.45751009311203,0.8318653417549421,1.0787910321232346,-1.1225054993071013,2
121.018458,14.57608,0.2975466044478267,-0.8441921841992507,1.941646978147804,-0.3357232714189651,4.087669396850453,1.6515996735418494,2
121.01860424527,14.541874249388,0.1683748814905705,-1.466336124846818,1.5974710128943528,1.5156794496616182,1.99292530669832,-1.2236380607399353,2
121.019175,14.550759,1.1771490008489494,-1.2843153265312606,3.198214430152382,0.1076087901807807,-1.7832480608607622,-0.7792841284263082,0
121.019175,14.550759,-1.2086647480955366,-1.2843153265312606,3.1016397524363835,2.424371088823194,-0.8789987870090447,-0.3824541123596338,0
121.019175,14.550759,1.0012285215687249,-1.2843153265312606,3.198278055222564,0.1582827815355318,-1.7701335699656906,-0.7830374537328305,0
121.019175,14.550759,-1.1228819641877157,-1.2843153265312606,3.1016397524363835,2.424371088823194,-0.8789987870090447,-0.3824541123596338,0
121.019175,14.550759,-0.354355142682449,-1.2843153265312606,3.1016397524363835,2.424371088823194,-0.8789987870090447,-0.3824541123596338,0
121.017742,14.554848,0.3415267242678829,-1.3073624238923938,3.623747882686437,1.6431898323443537,-1.1062786980378254,1.269433000493117,0
121.019175,14.550759,0.4972163484308816,-1.2843153265312606,3.1516068241204125,1.5667830763424655,-1.221497452750245,-0.5435240624041763,0
121.019175,14.550759,-1.215017676403544,-1.2843153265312606,3.0947511542784465,1.0860678978486138,-1.3524746474678715,-0.5218254768307535,0
121.018458,14.57608,0.2975466044478267,-0.8441921841992507,1.94175301993144,-0.2512666191610467,4.109526881675572,1.6453441313643125,2
121.0206028,14.5596699,0.3767108201239278,-1.0491672780093344,3.401838111568388,2.000319120630848,-0.453071507133123,1.217194768834217,0
121.018458,14.57608,-0.5820557919532959,-0.8441921841992507,1.9416681865045309,-0.3188319409673814,4.092040893815477,1.6503485651063423,2
121.0136335,14.56225568,0.2095863648077144,-1.4529106166676204,2.7394814488297814,0.5084261809728448,1.459698533675144,0.8669072128431055,2
121.036339,14.562949,2.0567513972500717,0.0939162412266735,1.9829190721094336,0.540962412693376,2.554333300645644,-1.349071282881255,2
121.019175,14.550759,0.5614273233681636,-1.2843153265312606,3.198129596725473,0.0400434683744461,-1.8007340487208578,-0.7742796946842784,0
121.0206028,14.5596699,0.1392181730956246,-1.0491672780093344,3.398478645916328,1.398732846949892,-0.6723234495024408,1.1425046528566276,0
121.019175,14.550759,-0.1422545937527345,-1.2843153265312606,3.2017435626582595,0.8443257074744056,-1.5290241427712532,-0.7146028799327782,0
121.019175,14.550759,-0.7579762712335204,-1.2843153265312606,3.1016397524363835,2.424371088823194,-0.8789987870090447,-0.3824541123596338,0
121.009139,14.563865,-0.1203436980583826,-1.7454660182321355,2.63128565377032,0.2522056892708043,2.3445847621662588,0.7660970830581373,2
121.018458,14.57608,-0.1422545937527345,-0.8441921841992507,1.9417106032179852,-0.285049280064214,4.100783887745524,1.6478463482353272,2
121.0158480033,14.551581944733,-0.4501154324931275,-1.505631547615409,3.254897701558438,1.0354488264964206,-0.1186057889843254,1.3322338003392484,0
121.0160742,14.55753462,-0.7623566911675981,-1.396003559990673,3.598017319091216,-1.0890324050327806,-1.1087899807343813,0.949799244826226,0
121.018458,14.57608,-0.1422545937527345,-0.8441921841992507,1.941689394861258,-0.3019406105157976,4.0964123907805,1.6490974566708347,2
121.01590527005,14.55172981399,-0.4501154324931275,-1.4992323469148825,3.2265623600617768,1.0916526313249872,-0.2723999630253187,1.328680956569934,0
121.019175,14.550759,1.0891887612088376,-1.2843153265312606,3.1982568468658363,0.1413914510839481,-1.7745050669307143,-0.781786345297323,0
121.017778,14.534456,-0.1422545937527345,-1.506454651259902,1.276011660332886,1.4195649829442196,2.390558083056767,-1.5567083747948331,2
121.019175,14.550759,-0.4061353126730714,-1.2843153265312606,3.1016397524363835,2.424371088823194,-0.8789987870090447,-0.3824541123596338,0
121.019175,14.550759,-0.6352568716550646,-1.2843153265312606,3.1016397524363835,2.424371088823194,-0.8789987870090447,-0.3824541123596338,0
121.019175,14.550759,1.2686276500746665,-1.2843153265312606,3.198235638509109,0.1245001206323644,-1.7788765638957384,-0.7805352368618157,0
121.017742,14.554848,0.4294869639079951,-1.3073624238923938,3.623535799119165,1.4742765278285173,-1.1499936676880649,1.2819440848481911,0
121.040676,14.564421,1.6169501990495108,0.4183936887057636,2.0462318612397827,0.1929855654197209,3.4838646459611127,-1.2678001629017623,2
121.036339,14.562949,0.6933676828283319,0.0939162412266735,1.9828130303257971,0.4565057604354576,2.5324758158205247,-1.3428157407037178,2
121.026342,14.563933,0.1216261251676022,-0.5706810404080511,2.4575525098254847,0.8656480026581094,1.0875340260532824,-1.125007716178116,2
121.019175,14.550759,-1.0531024023992972,-1.2843153265312606,3.1016397524363835,2.424371088823194,-0.8789987870090447,-0.3824541123596338,0
121.0275016,14.5570169,0.6054074431882197,-0.6008001957382056,3.253128834270772,1.6228382522711418,-1.180721289863068,-0.5712085909425918,0
121.019175,14.550759,0.1216261251676022,-1.2843153265312606,3.1981083883687456,0.0231521379228624,-1.805105545685882,-0.773028586248771,0
121.017778,14.534456,-0.3621551928530154,-1.506454651259902,1.3262332322976422,0.7646729358824944,2.1005173808958544,-1.7327916260654648,2
121.0206028,14.5596699,0.2095863648077144,-1.0491672780093344,3.4483608841734483,0.4735795126628284,-1.0323081031037364,0.9864391365541152,0
121.036339,14.562949,0.5614273233681636,0.0939162412266735,1.9826857801854336,0.3551577777259556,2.506246834030381,-1.3353090900906732,2
121.019175,14.550759,0.3679147961599165,-1.2843153265312606,3.1981083883687456,0.0231521379228624,-1.805105545685882,-0.773028586248771,0
121.0218,14.55659,1.0012285215687249,-1.0021309151579,3.691735476649179,0.1138960282007337,-2.2007451395142343,0.9815392173918808,0
121.01891,14.55522,0.0336658855274902,-1.2201508233081295,3.681661268764586,1.514718921932002,-1.1579801607956184,1.3023625633748823,0
121.018458,14.57608,-0.2126227854648243,-0.8441921841992507,1.941646978147804,-0.3357232714189651,4.087669396850453,1.6515996735418494,2
121.017742,14.554848,1.0012285215687249,-1.3073624238923938,3.623557007475892,1.491167858280101,-1.1456221707230407,1.280692976412684,0
121.0275016,14.5570169,0.0336658855274902,-0.6008001957382056,3.253086417557317,1.5890555913679745,-1.189464283793116,-0.5687063740715769,0
121.019175,14.550759,-0.1510506177167458,-1.2843153265312606,3.148226150111625,0.948305472209926,-1.4451208920845864,-0.6169630699462584,0
121.0206028,14.5596699,0.112830101203591,-1.0491672780093344,3.398478645916328,1.398732846949892,-0.6723234495024408,1.1425046528566276,0
121.019175,14.550759,-0.0982744739326784,-1.2843153265312606,3.201679937588078,0.7936517161196547,-1.5421386336663248,-0.7108495546262559,0
121.018458,14.57608,-0.3181750730329591,-0.8441921841992507,1.9881273340394097,-1.8962455402901512,3.499689806949791,1.4233462581327625,2
121.017742,14.554848,0.3855068440879393,-1.3073624238923938,3.626980098198133,2.1434281233158075,-0.9132557374586512,1.3516297670837512,0
121.0275016,14.5570169,-0.0542943541126223,-0.6008001957382056,3.2995879818056504,0.0454246529483717,-1.773072376728753,-0.7982108979161716,0
121.0271,14.55973,1.0012285215687249,-0.5966383666928582,3.355261055199202,-0.1529470993787374,-0.999313064259794,-0.998924420766138,0
121.0180795,14.56014279,-0.3269710969969705,-1.2137881289359305,3.2544081371621347,1.116250286650435,-0.0625040439370271,1.0768215900833635,0
121.019175,14.550759,0.6775348396931118,-1.2843153265312606,3.1981720134389278,0.0738261292776134,-1.79199105479081,-0.7767819115552933,0
121.019175,14.550759,0.5614273233681636,-1.2843153265312606,3.2015951041611688,0.72608639431332,-1.5596246215264205,-0.7058451208842261,0
121.017742,14.554848,-0.3797472407810377,-1.3073624238923938,3.62349338240571,1.44049386692535,-1.1587366616181125,1.2844463017192065,0
121.009139,14.563865,0.0160738375994674,-1.7454660182321355,2.631296257948684,0.2606513544965961,2.346770510648771,0.7654715288403835,2
121.008422,14.568496,-0.9778768703338012,-1.7265668809570835,1.8167100108763976,-2.23373754838404,2.7413353654186445,-1.5889734138204803,2
121.009139,14.563865,-0.112022659388428,-1.7454660182321355,2.624397055612383,-1.0860975017037755,1.871108901707432,0.6267257185870178,2
121.018458,14.57608,0.3855068440879393,-0.8441921841992507,1.941689394861258,-0.3019406105157976,4.0964123907805,1.6490974566708347,2
121.017742,14.554848,-0.1422545937527345,-1.3073624238923938,3.627022514911588,2.1772107842189747,-0.9045127435286034,1.3491275502127362,0
121.018458,14.57608,0.0336658855274902,-0.8441921841992507,1.9416681865045309,-0.3188319409673814,4.092040893815477,1.6503485651063423,2
121.040676,14.564421,-0.3709512168170265,0.4183936887057636,1.996169351950481,0.9745625908683232,3.8066915753597046,-1.1011002248974362,2
121.040676,14.564421,-0.1862347135727908,0.4183936887057636,1.996169351950481,0.9745625908683232,3.8066915753597046,-1.1011002248974362,2
121.0275016,14.5570169,-0.5820557919532959,-0.6008001957382056,3.253258205246808,1.7258753680258017,-1.1540551583764225,-0.5788403523991872,0
121.019175,14.550759,-0.4050198369776537,-1.2843153265312606,3.1016397524363835,2.424371088823194,-0.8789987870090445,-0.3824541123596339,0
121.0187,14.5595595,-0.3621551928530154,-1.182377431102871,3.530230174259533,1.2921644039134117,-0.6325816846997612,1.264812567271309,0
121.017742,14.554848,0.2095863648077144,-1.3073624238923938,3.669994946654044,-0.1031370714942531,-1.7423447545537498,1.0549417778746115,0
121.026342,14.563933,-0.0630903780766335,-0.5706810404080511,2.4575525098254847,0.8656480026581094,1.0875340260532824,-1.125007716178116,2
121.0151995,14.5625431,-0.0542943541126223,-1.3436695200909905,2.879616388659107,0.6536509307263665,1.4869687600753927,0.9503105155755084,2
121.026342,14.563933,-0.0103142342925661,-0.5706810404080511,2.45751009311203,0.8318653417549421,1.0787910321232346,-1.1225054993071013,2
121.018458,14.57608,-0.0542943541126223,-0.8441921841992507,1.9416681865045309,-0.3188319409673814,4.092040893815477,1.6503485651063423,2
121.026342,14.563933,-0.0542943541126223,-0.5706810404080511,2.4576373432523937,0.933213324464444,1.105020013913378,-1.130012149920146,2
121.017778,14.534456,-0.7462648930868774,-1.506454651259902,1.276011660332886,1.4195649829442196,2.390558083056767,-1.5567083747948331,2
121.0425982,14.56253828,-0.5820557919532959,0.5233013205231356,1.9866148259696543,1.040671852577845,3.5881215039813963,-1.0764780661654911,2
121.026342,14.563933,-0.3181750730329591,-0.5706810404080511,2.5074347480826047,-0.0595053316289541,0.7275493724519866,-1.2810732324806289,2
121.018458,14.57608,-0.0542943541126223,-0.8441921841992507,1.941689394861258,-0.3019406105157976,4.0964123907805,1.6490974566708347,2
121.026342,14.563933,-0.274194953212903,-0.5706810404080511,2.4575525098254847,0.8656480026581094,1.0875340260532824,-1.125007716178116,2
121.019175,14.550759,1.4410297197692865,-1.2843153265312606,3.1981932217956546,0.0907174597291971,-1.7876195578257863,-0.7780330199908008,0
121.019175,14.550759,0.5614273233681636,-1.2843153265312606,3.1981508050822,0.0569347988260298,-1.796362551755834,-0.7755308031197858,0
121.017742,14.554848,0.0336658855274902,-1.3073624238923938,3.623472174048983,1.4236025364737663,-1.1631081585831364,1.2856974101547138,0
121.036339,14.562949,1.4410297197692865,0.0939162412266735,1.9829402804661609,0.5578537431449594,2.5587047976106683,-1.3503223913167623,2
121.036339,14.562949,0.8253080422885003,0.0939162412266735,2.029335802930858,-1.0702338475325612,1.9532392198499116,-1.57357137298382,2
121.0154,14.55677,0.3855068440879393,-1.4521342211490875,3.4753073208967447,1.1746373239915129,-0.0052882819516065,1.4146379110535323,0
121.0182445,14.5552671,0.1216261251676022,-1.2630395488124009,3.652577325585148,1.4776063944286757,-1.1583584112068654,1.2934044325470442,0
121.008422,14.568496,-1.2681456611461717,-1.7265668809570835,1.7236644656662767,0.8197416675519982,3.8998085573598713,-1.127462149260276,2
121.019175,14.550759,0.5614273233681636,-1.2843153265312606,3.1947489227166863,-0.5784341357580932,-2.0243574880551995,-0.8477187022263606,0
121.019175,14.550759,-0.162049517922304,-1.2843153265312606,3.1947544368894354,-0.5740423898406816,-2.023220898844293,-0.8480439904195926,0
121.0206028,14.5596699,-0.5820557919532959,-1.0491672780093344,3.3986058960566914,1.500080829659394,-0.6460944677122973,1.1349980022435828,0
121.0271,14.55973,0.9132682819286126,-0.5966383666928582,3.355261055199202,-0.1529470993787374,-0.999313064259794,-0.998924420766138,0
121.0206028,14.5596699,0.1216261251676022,-1.0491672780093344,3.398584687699964,1.4831894992078103,-0.650465964677321,1.1362491106790904,0
121.017742,14.554848,-0.274194953212903,-1.3073624238923938,3.623450965692256,1.4067112060221825,-1.16747965554816,1.2869485185902212,0
121.019175,14.550759,1.0012285215687249,-1.2843153265312606,3.1982568468658363,0.1413914510839481,-1.7745050669307143,-0.781786345297323,0
121.040676,14.564421,-0.4940955523131836,0.4183936887057636,1.996169351950481,0.9745625908683232,3.8066915753597046,-1.1011002248974362,2
121.019175,14.550759,0.0336658855274902,-1.2843153265312606,3.1981932217956546,0.0907174597291971,-1.7876195578257863,-0.7780330199908008,0
121.017742,14.554848,0.3855068440879393,-1.3073624238923938,3.623578215832619,1.5080591887316843,-1.1412506737580168,1.2794418679771764,0
121.036339,14.562949,0.2975466044478267,0.0939162412266735,2.029250969503949,-1.1377991693388958,1.9357532319898156,-1.5685669392417902,2
121.008422,14.568496,-0.8459365108736328,-1.7265668809570835,1.823598609034335,-0.8954343574094594,3.2148112258774715,-1.4496020493493609,2
121.0271,14.55973,1.1331688810288931,-0.5966383666928582,3.355261055199202,-0.1529470993787374,-0.999313064259794,-0.998924420766138,0
121.026342,14.563933,0.077646005347546,-0.5706810404080511,2.4542354608868795,0.2978443898803208,0.8770250776140125,-1.2022000490267206,2
121.018458,14.57608,-0.159846641680757,-0.8441921841992507,1.941646978147804,-0.3357232714189651,4.087669396850453,1.6515996735418494,2
121.036339,14.562949,1.0012285215687249,0.0939162412266735,2.029335802930858,-1.0702338475325612,1.9532392198499116,-1.57357137298382,2
121.019175,14.550759,0.5174472035481075,-1.2843153265312606,3.1981083883687456,0.0231521379228624,-1.805105545685882,-0.773028586248771,0
121.009139,14.563865,-0.933017148117344,-1.7454660182321355,2.6743535231180484,-1.9521311794102965,1.5264244874837198,0.4662813227602289,2
121.018458,14.57608,0.6933676828283319,-0.8441921841992507,1.941689394861258,-0.3019406105157976,4.0964123907805,1.6490974566708347,2
121.026342,14.563933,-0.2346128453748524,-0.5706810404080511,2.4575525098254847,0.8656480026581094,1.0875340260532824,-1.125007716178116,2
121.036339,14.562949,0.8253080422885003,0.0939162412266735,1.9829190721094336,0.540962412693376,2.554333300645644,-1.349071282881255,2
121.017778,14.534456,-0.1422545937527345,-1.506454651259902,1.3261059821572787,0.6633249531729923,2.074288399105711,-1.7252849754524202,2
121.019175,14.550759,0.7373478026483884,-1.2843153265312606,3.198214430152382,0.1076087901807807,-1.7832480608607622,-0.7792841284263082,0
121.026342,14.563933,-0.159846641680757,-0.5706810404080511,2.4575525098254847,0.8656480026581094,1.0875340260532824,-1.125007716178116,2
121.017742,14.554848,-0.3357671209609815,-1.3073624238923938,3.62349338240571,1.44049386692535,-1.1587366616181125,1.2844463017192065,0
121.019175,14.550759,1.1771490008489494,-1.2843153265312606,3.1982568468658363,0.1413914510839481,-1.7745050669307143,-0.781786345297323,0
121.019175,14.550759,-0.0103142342925661,-1.2843153265312606,3.2015526874477143,0.6923037334101527,-1.5683676154564683,-0.7033429040132112,0
121.017742,14.554848,-0.3181750730329591,-1.3073624238923938,3.623450965692256,1.4067112060221825,-1.16747965554816,1.2869485185902212,0
121.018458,14.57608,-0.1642446536627626,-0.8441921841992507,1.9382238874255624,-0.987983536454672,3.855302963586063,1.5806628828707825,2
121.019175,14.550759,0.0336658855274902,-1.2843153265312606,3.151734074260776,1.6681310590519671,-1.195268470960101,-0.551030713017221,0
121.026342,14.563933,1.0012285215687249,-0.5706810404080511,2.4609543921909984,1.5010169372422324,1.315528962352648,-1.0528198170715413,2
121.018458,14.57608,-0.0542943541126223,-0.8441921841992507,1.9418802700718036,-0.1499186364515448,4.135755863465715,1.637837480751268,2
121.036339,14.562949,0.6933676828283319,0.0939162412266735,2.0293782196443124,-1.036451186629394,1.9619822137799592,-1.5760735898548348,2
121.026342,14.563933,-0.1422545937527345,-0.5706810404080511,2.4506214949540928,-0.5064378492196387,0.6053151716644075,-1.261876863778221,2
121.019175,14.550759,0.7373478026483884,-1.2843153265312606,3.1982568468658363,0.1413914510839481,-1.7745050669307143,-0.781786345297323,0
121.017742,14.554848,0.6493875630082758,-1.3073624238923938,3.616689617674682,0.1697559977571036,-1.6147265342168438,1.1400705035060568,0
121.026342,14.563933,-0.0103142342925661,-0.5706810404080511,2.457467676398576,0.7980826808517746,1.0700480381931865,-1.1200032824360864,2
121.036339,14.562949,0.7373478026483884,0.0939162412266735,1.9828130303257971,0.4565057604354576,2.5324758158205247,-1.3428157407037178,2
121.018458,14.57608,-0.2302148333928468,-0.8441921841992507,1.945091277226772,0.3334283240683252,4.324407327079866,1.7212853557774097,2
121.0275016,14.5570169,0.2095863648077144,-0.6008001957382056,3.299566773448923,0.0285333224967881,-1.7774438736937772,-0.7969597894806641,0
121.036339,14.562949,1.6169501990495108,0.0939162412266735,1.9760304739514964,-0.7973407782812046,2.0808574401868176,-1.4884426473523746,2
121.019175,14.550759,1.2854280558459277,-1.2843153265312606,3.198278055222564,0.1582827815355318,-1.7701335699656906,-0.7830374537328305,0
121.0271,14.55973,-1.1098172297939697,-0.5966383666928582,3.3086534491672324,1.3062271867829471,-0.4375624561492763,-0.7631643547440061,0
121.019175,14.550759,1.317885384273129,-1.2843153265312606,3.1982568468658363,0.1413914510839481,-1.7745050669307143,-0.781786345297323,0
121.019175,14.550759,0.3327307003038716,-1.2843153265312606,3.1981932217956546,0.0907174597291971,-1.7876195578257863,-0.7780330199908008,0
121.019175,14.550759,1.1771490008489494,-1.2843153265312606,3.1482897751818077,0.998979463564677,-1.4320064011895144,-0.6207163952527807,0
121.0275016,14.5570169,-0.5820557919532959,-0.6008001957382056,3.2996091901623776,0.0623159833999554,-1.7687008797637294,-0.7994620063516791,0
121.040676,14.564421,1.6169501990495108,0.4183936887057636,2.0496761603187514,0.8621371609070112,3.720602576190526,-1.1981144806662023,2
121.019175,14.550759,0.5526312994041523,-1.2843153265312606,3.1981932217956546,0.0907174597291971,-1.7876195578257863,-0.7780330199908008,0
121.0275016,14.5570169,0.2975466044478267,-0.6008001957382056,3.253086417557317,1.5890555913679745,-1.189464283793116,-0.5687063740715769,0
121.017742,14.554848,-0.5380756721332399,-1.3073624238923938,3.623578215832619,1.5080591887316843,-1.1412506737580168,1.2794418679771764,0
121.019175,14.550759,0.5614273233681636,-1.2843153265312606,3.198214430152382,0.1076087901807807,-1.7832480608607622,-0.7792841284263082,0
121.00944,14.56351,-1.2153695173621042,-1.724714139259384,2.546873013687772,1.9012583637769125,2.55145711271757,1.0179220303008698,2
121.026342,14.563933,-0.0982744739326784,-0.5706810404080511,2.460996808904453,1.5347995981454,1.324271956282696,-1.0553220339425562,2
121.03648,14.56592,0.8253080422885003,0.1593506027326042,1.9542443534026115,-1.0845186793790054,2.218900054646707,-1.688148045642119,2
121.018458,14.57608,-0.2302148333928468,-0.8441921841992507,1.9347583799898664,-1.6740264623935457,3.6141935363916255,1.5122283090707305,2
121.0206028,14.5596699,-0.2302148333928468,-1.0491672780093344,3.398393812489419,1.3311675251435573,-0.6898094373625365,1.1475090865986572,0
121.0275016,14.5570169,-0.4940955523131836,-0.6008001957382056,3.253258205246808,1.7258753680258017,-1.1540551583764225,-0.5788403523991872,0
121.036339,14.562949,0.3855068440879393,0.0939162412266735,2.029250969503949,-1.1377991693388958,1.9357532319898156,-1.5685669392417902,2
121.0220021,14.55396559,-0.1422545937527345,-1.0391871350097883,3.542495134918191,-0.0110628565692372,-1.9197518644982237,0.8382074353438811,0
121.026342,14.563933,-0.21702079744683,-0.5706810404080511,2.504075282430545,-0.6610916053099097,0.5082974300826689,-1.3557633484582186,2
121.0160742,14.55753462,-0.6950319237470561,-1.396003559990673,3.598017319091216,-1.0890324050327806,-1.1087899807343813,0.949799244826226,0
121.0206028,14.5596699,0.4734670837280513,-1.0491672780093344,3.391420380904573,-0.0747009876373579,-1.1807712856814587,1.0131421558695677,0
121.036339,14.562949,0.4734670837280513,0.0939162412266735,1.9792414811064651,-0.3139938177613346,2.269508903800968,-1.404994772326233,2
121.018458,14.57608,0.1216261251676022,-0.8441921841992507,1.9451336939402264,0.3672109849714927,4.3331503210099145,1.7187831389063946,2
121.0275016,14.5570169,1.1771490008489494,-0.6008001957382056,3.299651606875832,0.0960986443031227,-1.7599578858336815,-0.8019642232226939,0
121.0206028,14.5596699,-0.0103142342925661,-1.0491672780093344,3.398478645916328,1.398732846949892,-0.6723234495024408,1.1425046528566276,0
121.017742,14.554848,0.1040340772395801,-1.3073624238923938,3.623747882686437,1.6431898323443537,-1.1062786980378254,1.269433000493117,0
121.017742,14.554848,-0.4061353126730714,-1.3073624238923938,3.669973738297316,-0.1200284019458369,-1.7467162515187735,1.0561928863101189,0
121.018069,14.56012196,-0.0103142342925661,-1.2149265809490095,3.25436572044868,1.0824676257472676,-0.071247037867075,1.0793238069543785,0
121.0184162,14.5738205,-0.1422545937527345,-0.921080268577672,1.421928753603496,0.3217704479929981,2.7768715774188863,-1.6050953871464535,2
121.0206028,14.5596699,0.1040340772395801,-1.0491672780093344,3.398478645916328,1.398732846949892,-0.6723234495024408,1.1425046528566276,0
121.0297,14.54133,0.0336658855274902,-0.6898114450505053,1.0977742051957673,-0.8710397663842651,1.21485233537668,-2.0439161607009506,2
121.018458,14.57608,0.077646005347546,-0.8441921841992507,1.9349916719138665,-1.4882218274261252,3.662280003006889,1.4984661162801485,2
121.017742,14.554848,0.5614273233681636,-1.3073624238923938,3.623747882686437,1.6431898323443537,-1.1062786980378254,1.269433000493117,0
121.017742,14.554848,-0.2653989292488917,-1.3073624238923938,3.621728816152771,1.0721354082785373,-1.285848620662867,1.2521056774724413,0
121.019175,14.550759,-0.1879939183655929,-1.2843153265312606,3.1516068241204125,1.5667830763424655,-1.221497452750245,-0.5435240624041763,0
121.008422,14.568496,-1.1537973496140257,-1.7265668809570835,1.8167100108763976,-2.23373754838404,2.7413353654186445,-1.5889734138204803,2
121.026342,14.563933,0.112830101203591,-0.5706810404080511,2.461081642331362,1.6023649199517345,1.3417579441427916,-1.0603264676845858,2
121.026342,14.563933,-0.3181750730329591,-0.5706810404080511,2.4575525098254847,0.8656480026581094,1.0875340260532824,-1.125007716178116,2
121.019175,14.550759,-0.3181750730329591,-1.2843153265312606,3.1981508050822,0.0569347988260298,-1.796362551755834,-0.7755308031197858,0
121.0206028,14.5596699,-0.5116876002412061,-1.0491672780093344,3.448509342670539,0.5918188258239139,-1.001707624348569,0.9776813775055628,0
121.0297,14.54133,0.1656062449876583,-0.6898114450505053,1.0977742051957673,-0.8710397663842651,1.21485233537668,-2.0439161607009506,2
121.0297,14.54133,-0.0982744739326784,-0.6898114450505053,1.101218504274736,-0.2018881708969747,1.4515902656060933,-1.974230478465391,2
121.0206028,14.5596699,0.2975466044478267,-1.0491672780093344,3.39830897906251,1.2636022033372227,-0.7072954252226322,1.152513520340687,0
121.0297,14.54133,-0.0542943541126223,-0.6898114450505053,1.101218504274736,-0.2018881708969747,1.4515902656060933,-1.974230478465391,2
121.018458,14.57608,-0.0103142342925661,-0.8441921841992507,1.941646978147804,-0.3357232714189651,4.087669396850453,1.6515996735418494,2
121.019175,14.550759,0.8253080422885003,-1.2843153265312606,3.198235638509109,0.1245001206323644,-1.7788765638957384,-0.7805352368618157,0
121.0187,14.5595595,-0.0103142342925661,-1.182377431102871,3.523341576101595,-0.0461387870611693,-1.106057545158588,1.1254412028001894,0
121.018458,14.57608,-0.0542943541126223,-0.8441921841992507,1.9417106032179852,-0.285049280064214,4.100783887745524,1.6478463482353272,2
121.019175,14.550759,0.2095863648077144,-1.2843153265312606,3.1981083883687456,0.0231521379228624,-1.805105545685882,-0.773028586248771,0
121.0172741,14.56261596,-0.0982744739326784,-1.2070392784889517,2.820804786327637,0.8144680859411134,1.0561600124972137,0.9365661490103652,2
121.017742,14.554848,-0.4105333246550769,-1.3073624238923938,3.623450965692256,1.4067112060221825,-1.16747965554816,1.2869485185902212,0
121.026342,14.563933,-0.21702079744683,-0.5706810404080511,2.460996808904453,1.5347995981454,1.324271956282696,-1.0553220339425562,2
121.0283766,14.56536992,-0.0542943541126223,-0.3994703151735488,2.5594103914300845,0.7856600772493578,1.6317999679417992,-1.2305619637184635,2
121.03672,14.56292,0.5614273233681636,0.1198474223397462,1.893060694742959,0.3450514338201887,2.848790363185432,-1.337493571395009,2
121.017742,14.554848,-0.0542943541126223,-1.3073624238923938,3.627022514911588,2.1772107842189747,-0.9045127435286034,1.3491275502127362,0
121.0297,14.54133,-0.4061353126730714,-0.6898114450505053,1.0978166219092218,-0.8372571054810977,1.223595329306728,-2.0464183775719658,2
121.026342,14.563933,0.0336658855274902,-0.5706810404080511,2.457594926538939,0.8994306635612767,1.0962770199833305,-1.127509933049131,2
121.019175,14.550759,0.3415267242678829,-1.2843153265312606,3.151882532757867,1.7863703722130528,-1.1646679922049334,-0.559788472065773,0
121.018069,14.56012196,0.2095863648077144,-1.2149265809490095,3.257852436241103,1.7854018821377255,0.1742338862923863,1.1465072723189234,0
121.0375755,14.56412082,1.001140561329085,0.1992516734981475,2.0700621705374527,-1.1898684534253294,2.2844791987230995,-1.5794689507726438,2
121.0206028,14.5596699,0.112830101203591,-1.0491672780093344,3.401922944995297,2.0678844424371827,-0.4355855192730273,1.2121903350921874,0
121.019175,14.550759,1.0012285215687249,-1.2843153265312606,3.1947325922820062,-0.5914404602058126,-2.027723540718268,-0.8467553487310199,0
121.018458,14.57608,-0.3181750730329591,-0.8441921841992507,1.941646978147804,-0.3357232714189651,4.087669396850453,1.6515996735418494,2
121.018458,14.57608,0.1568102210236471,-0.8441921841992507,1.9417106032179852,-0.285049280064214,4.100783887745524,1.6478463482353272,2
121.0297,14.54133,-0.274194953212903,-0.6898114450505053,1.0978166219092218,-0.8372571054810977,1.223595329306728,-2.0464183775719658,2
121.019175,14.550759,0.077646005347546,-1.2843153265312606,3.1981083883687456,0.0231521379228624,-1.805105545685882,-0.773028586248771,0
121.036339,14.562949,0.077646005347546,0.0939162412266735,2.0292085527904944,-1.1715818302420633,1.927010238059768,-1.566064722370775,2
121.017742,14.554848,0.7373478026483884,-1.3073624238923938,3.623557007475892,1.491167858280101,-1.1456221707230407,1.280692976412684,0
121.019175,14.550759,1.0012285215687249,-1.2843153265312606,3.148332191895262,1.0327621244678444,-1.4232634072594663,-0.6232186121237956,0
121.0206028,14.5596699,-0.2917870011409256,-1.0491672780093344,3.391505214331482,-0.0071356658310233,-1.163285297821363,1.0081377221275376,0
121.017778,14.534456,-0.3181750730329591,-1.506454651259902,1.326212023940915,0.7477816054309105,2.0961458839308302,-1.7315405176299574,2
121.0206028,14.5596699,0.077646005347546,-1.0491672780093344,3.398478645916328,1.398732846949892,-0.6723234495024408,1.1425046528566276,0
121.019175,14.550759,-0.2302148333928468,-1.2843153265312606,3.1016397524363835,2.424371088823194,-0.8789987870090447,-0.3824541123596338,0
121.0218,14.55659,0.9132682819286126,-1.0021309151579,3.645207826122071,1.6367506301648886,-1.6225139878455763,1.2125826046121495,0
121.008422,14.568496,-1.1977774694340817,-1.7265668809570835,1.7236644656662767,0.8197416675519982,3.8998085573598713,-1.127462149260276,2
121.025,14.55792,0.2095863648077144,-0.7650438897005075,3.446378344726951,0.2376833564094386,-2.4480592821479115,-0.7104750015738102,0
121.019175,14.550759,0.5614273233681636,-1.2843153265312606,3.1981932217956546,0.0907174597291971,-1.7876195578257863,-0.7780330199908008,0
121.026342,14.563933,0.7373478026483884,-0.5706810404080511,2.504075282430545,-0.6610916053099097,0.5082974300826689,-1.3557633484582186,2
121.036339,14.562949,1.5729700792294543,0.0939162412266735,1.9829190721094336,0.540962412693376,2.554333300645644,-1.349071282881255,2
121.036339,14.562949,0.7373478026483884,0.0939162412266735,1.9826857801854336,0.3551577777259556,2.506246834030381,-1.3353090900906732,2
121.019175,14.550759,0.3855068440879393,-1.2843153265312606,3.1981508050822,0.0569347988260298,-1.796362551755834,-0.7755308031197858,0
121.0206028,14.5596699,0.7373478026483884,-1.0491672780093344,3.398478645916328,1.398732846949892,-0.6723234495024408,1.1425046528566276,0
121.009139,14.563865,0.2095863648077144,-1.7454660182321355,2.631234117463473,0.2111597562734556,2.3339620245412505,0.7691372765564204,2
121.0275016,14.5570169,1.1771490008489494,-0.6008001957382056,3.253192459340953,1.673512243625893,-1.1676067989679964,-0.5749619162491141,0
121.036339,14.562949,0.8253080422885003,0.0939162412266735,2.029250969503949,-1.1377991693388958,1.9357532319898156,-1.5685669392417902,2
121.036339,14.562949,0.2095863648077144,0.0939162412266735,2.029187344433767,-1.188473160693647,1.922638741094744,-1.5648136139352675,2
121.0384946,14.5643958,-0.2302148333928468,0.2674668529979783,2.280101697518921,-1.3962605885926684,2.5259091477243367,-1.4067086091442675,2
121.017742,14.554848,0.2799545565198043,-1.3073624238923938,3.623535799119165,1.4742765278285173,-1.1499936676880649,1.2819440848481911,0
121.026342,14.563933,-0.5116876002412061,-0.5706810404080511,2.457531301468757,0.8487566722065257,1.0831625290882585,-1.1237566077426089,2
121.019175,14.550759,0.3855068440879393,-1.2843153265312606,3.1983628886494726,0.2258481033418664,-1.752647582105595,-0.7880418874748603,0
121.036339,14.562949,1.2651092404890616,0.0939162412266735,1.9829402804661609,0.5578537431449594,2.5587047976106683,-1.3503223913167623,2
121.017742,14.554848,0.4734670837280513,-1.3073624238923938,3.623705465972983,1.6094071714411864,-1.1150216919678733,1.2719352173641318,0
121.016328,14.55727,-0.4501154324931275,-1.381467750924401,3.532843081190604,-0.15447637489965,-0.8984162161928398,1.103946815157013,0
121.017742,14.554848,-0.0542943541126223,-1.3073624238923938,3.623747882686437,1.6431898323443537,-1.1062786980378254,1.269433000493117,0
121.026342,14.563933,0.1216261251676022,-0.5706810404080511,2.454065794033061,0.1627137462676516,0.842053101893821,-1.1921911815426611,2
121.0375887,14.56515827,0.3855068440879393,0.2194680912262341,2.151804210483174,-0.472631544884249,2.6579766353369307,-1.293588869442405,2
121.0156076,14.5601172,0.1040340772395801,-1.382194893533423,3.527624782504825,0.9636891172548292,0.2683357842843195,1.287431946914476,0
121.018458,14.57608,0.3415267242678829,-0.8441921841992507,1.9347795883465937,-1.6571351319419618,3.6185650333566497,1.510977200635223,2
121.019175,14.550759,0.4734670837280513,-1.2843153265312606,3.1981083883687456,0.0231521379228624,-1.805105545685882,-0.773028586248771,0
121.026342,14.563933,-0.1422545937527345,-0.5706810404080511,2.4575525098254847,0.8656480026581094,1.0875340260532824,-1.125007716178116,2
121.026342,14.563933,-0.0982744739326784,-0.5706810404080511,2.461208892471725,1.7037129026612363,1.3679869259329351,-1.0678331182976306,2
121.036339,14.562949,1.0012285215687249,0.0939162412266735,1.9827281968988884,0.3889404386291228,2.514989827960429,-1.337811306961688,2
121.036339,14.562949,0.5614273233681636,0.0939162412266735,1.9828130303257971,0.4565057604354576,2.5324758158205247,-1.3428157407037178,2
121.036339,14.562949,1.924811037789904,0.0939162412266735,1.9829402804661609,0.5578537431449594,2.5587047976106683,-1.3503223913167623,2
121.018458,14.57608,-0.0982744739326784,-0.8441921841992507,1.934800796703321,-1.6402438014903782,3.6229365303216734,1.509726092199715,2
121.0206028,14.5596699,0.3151386523758495,-1.0491672780093344,3.398393812489419,1.3311675251435573,-0.6898094373625365,1.1475090865986572,0
121.036339,14.562949,0.2095863648077144,0.0939162412266735,2.0292085527904944,-1.1715818302420633,1.927010238059768,-1.566064722370775,2
121.0206028,14.5596699,0.0996360652575741,-1.0491672780093344,3.398372604132692,1.3142761946919737,-0.6941809343275605,1.1487601950341648,0
121.026342,14.563933,0.1040340772395801,-0.5706810404080511,2.4506214949540928,-0.5064378492196387,0.6053151716644075,-1.261876863778221,2
121.0206028,14.5596699,-0.0982744739326784,-1.0491672780093344,3.398393812489419,1.3311675251435573,-0.6898094373625365,1.1475090865986572,0
121.036339,14.562949,1.0891887612088376,0.0939162412266735,1.9829402804661609,0.5578537431449594,2.5587047976106683,-1.3503223913167623,2
121.0356457,14.56548327,0.6933676828283319,0.0933983366898106,1.9285970535379668,-1.1438757270662048,1.993381135304432,-1.6677713931890747,2
121.019175,14.550759,0.3855068440879393,-1.2843153265312606,3.2016375208746237,0.7598690552164873,-1.5508816275963726,-0.708347337755241,0
121.019175,14.550759,0.5526312994041523,-1.2843153265312606,3.1982568468658363,0.1413914510839481,-1.7745050669307143,-0.781786345297323,0
121.017742,14.554848,-0.3181750730329591,-1.3073624238923938,3.6270861399817695,2.227884775573726,-0.8913982526335317,1.345374224906214,0
121.0206028,14.5596699,-0.0630903780766335,-1.0491672780093344,3.398321704076546,1.2737370016081726,-0.7046725270436178,1.1517628552793826,0
121.019175,14.550759,1.4410297197692865,-1.2843153265312606,3.1982568468658363,0.1413914510839481,-1.7745050669307143,-0.781786345297323,0
121.036339,14.562949,0.6493875630082758,0.0939162412266735,1.9792626894631928,-0.2971024873097509,2.273880400765992,-1.4062458807617404,2
121.0384946,14.5643958,0.0336658855274902,0.2674668529979783,2.2800592808054665,-1.4300432494958355,2.517166153794289,-1.4042063922732526,2
121.017742,14.554848,1.1771490008489494,-1.3073624238923938,3.670122196794407,-0.0017890887847512,-1.7161157727636065,1.0474351272615667,0
121.018458,14.57608,-0.274194953212903,-0.8441921841992507,1.941646978147804,-0.3357232714189651,4.087669396850453,1.6515996735418494,2
121.019175,14.550759,0.3855068440879393,-1.2843153265312606,3.1981932217956546,0.0907174597291971,-1.7876195578257863,-0.7780330199908008,0
121.008422,14.568496,-1.127409277721992,-1.7265668809570835,1.7236644656662767,0.8197416675519982,3.8998085573598713,-1.127462149260276,2
121.017742,14.554848,0.7813279224684442,-1.3073624238923938,3.6236206325460736,1.5418418496348518,-1.132507679827969,1.2769396511061617,0
121.017742,14.554848,0.0336658855274902,-1.3073624238923938,3.623535799119165,1.4742765278285173,-1.1499936676880649,1.2819440848481911,0
121.036339,14.562949,0.9132682819286126,0.0939162412266735,1.983088738963252,0.6760930563060451,2.5893052763658355,-1.3590801503653145,2
121.0206028,14.5596699,-0.2302148333928468,-1.0491672780093344,3.391865756395845,0.2800169518458988,-1.0889698494159563,0.9868688787239112,0
121.0203370999,14.5741842246,1.238721168597028,-0.7856514213030283,1.2178379355176965,0.7531068003215643,2.5100225558707323,-1.7637766640888135,2
121.0203370999,14.5741842246,0.7197557547203657,-0.7856514213030283,1.217816727160969,0.7362154698699807,2.5056510589057086,-1.7625255556533064,2
121.036339,14.562949,1.1595569529209273,0.0939162412266735,1.9831523640334332,0.726767047660796,2.6024197672609075,-1.3628334756718368,2
121.017742,14.554848,0.4558750358000291,-1.3073624238923938,3.623853924470074,1.727646484602272,-1.0844212132127058,1.2631774583155797,0
121.0271,14.55973,0.2095863648077144,-0.5966383666928582,3.3021041847169315,0.2381852830337049,-0.8410943651677204,-0.9225534541832447,0
121.018458,14.57608,0.799194846145342,-0.8441921841992507,1.94198631185544,-0.0654619841936264,4.157613348290836,1.6315819385737305,2
121.0292710999,14.566647108,1.933607061753915,-0.3069072049673038,2.333103002008587,0.1733883993322449,1.7797166508579576,-1.31093815203988,2
121.0206028,14.5596699,-0.0542943541126223,-1.0491672780093344,3.398817979623964,1.6689941341752306,-0.6023794980620578,1.1224869178885084,0
121.0206028,14.5596699,-0.1422545937527345,-1.0491672780093344,3.398627104413418,1.5169721601109776,-0.6417229707472734,1.1337468938080757,0
121.0206028,14.5596699,0.3855068440879393,-1.0491672780093344,3.398754354553782,1.6183201428204796,-0.6154939889571296,1.126240243195031,0
121.036339,14.562949,1.3090893603091178,0.0939162412266735,1.9831523640334332,0.726767047660796,2.6024197672609075,-1.3628334756718368,2
121.026342,14.563933,-0.4501154324931275,-0.5706810404080511,2.45110928715882,-0.1179372488332144,0.7058596018599579,-1.290652357794892,2
121.0206028,14.5596699,0.9572484017486688,-1.0491672780093344,3.4023471121298416,2.405711051468856,-0.3481555799725485,1.1871681663820386,0
121.036339,14.562949,1.0012285215687249,0.0939162412266735,1.983109947319979,0.6929843867576287,2.59367677333086,-1.360331258800822,2
121.0271,14.55973,0.5614273233681636,-0.5966383666928582,3.312606748807655,2.3807707131082454,-0.0959085987592885,-0.7235052749606249,0
121.0206028,14.5596699,-0.0542943541126223,-1.0491672780093344,3.391929381466027,0.3306909432006498,-1.0758553585208848,0.9831155534173888,0
121.018458,14.57608,0.8692881621085565,-0.8441921841992507,1.94198631185544,-0.0654619841936264,4.157613348290836,1.6315819385737305,2
121.019175,14.550759,-0.4061353126730714,-1.2843153265312606,3.105514581156916,3.436416692477633,-0.5535194683896454,-0.338165931364875,0
121.019175,14.550759,-0.0542943541126223,-1.2843153265312606,3.1054424727440426,3.378986168942249,-0.5683825580707267,-0.3339121626841498,0
121.0271,14.55973,1.1468279627618874,-0.5966383666928582,3.312479498667292,2.2794227303987435,-0.1221375805494322,-0.7159986243475803,0
121.036339,14.562949,0.6493875630082758,0.0939162412266735,1.9830463222497967,0.6423103954028778,2.580562282435788,-1.3565779334942996,2
121.036339,14.562949,1.489407851571348,0.0939162412266735,1.98302511389307,0.6254190649512942,2.576190785470764,-1.3553268250587922,2
121.018458,14.57608,0.4913732376718285,-0.8441921841992507,1.94198631185544,-0.0654619841936264,4.157613348290836,1.6315819385737305,2
121.0200817,14.55112335,1.1771490008489494,-1.216579764109006,3.0810114803853352,2.1361939188773134,-1.477387585133529,-0.7088877709720759,0
121.03672,14.56292,1.0012285215687249,0.1198474223397462,1.8932939866669585,0.5308560687876092,2.8968768298006955,-1.351255764185591,2
121.018458,14.57608,0.4294869639079951,-0.8441921841992507,1.9421559787092575,0.0696686594190428,4.192585324011027,1.6215730710896712,2
121.017742,14.554848,0.5614273233681636,-1.3073624238923938,3.623769091043165,1.660081162795937,-1.1019072010728015,1.2681818920576096,0
121.0203358,14.5741993,0.7373478026483884,-0.7852958783535341,1.2177531020907872,0.6855414785152297,2.4925365680106366,-1.758772230346784,2
121.0218,14.55659,0.0336658855274902,-1.0021309151579,3.645653201613343,1.9914685696481456,-1.530712551580074,1.186309327466493,0
121.0203358,14.5741993,0.6761334949780685,-0.7852958783535341,1.217816727160969,0.7362154698699807,2.5056510589057086,-1.7625255556533064,2
121.0203358,14.5741993,0.83287262289755,-0.7852958783535341,1.2212610262399377,1.4053670653572714,2.742388989135122,-1.6928398734177466,2
121.018458,14.57608,0.7373478026483884,-0.8441921841992507,1.945430610934408,0.6036896112936638,4.39435127852025,1.7012676208092905,2
121.019175,14.550759,1.7049104386896237,-1.2843153265312606,3.155581332117562,2.658217933119348,-0.8754720983952328,-0.5051160910563025,0
121.019175,14.550759,1.0891887612088376,-1.2843153265312606,3.148692733959625,1.3199147421447668,-1.3489479588540596,-0.6444874555274221,0
121.018458,14.57608,0.4899156485407522,-0.8441921841992507,1.94198631185544,-0.0654619841936264,4.157613348290836,1.6315819385737305,2
121.018458,14.57608,0.4356448843647201,-0.8441921841992507,1.941922686785258,-0.1161359755483773,4.144498857395764,1.6353352638802527,2
121.026342,14.563933,0.1216261251676022,-0.5706810404080511,2.457997885316757,1.2203659421413662,1.1793354623187848,-1.1512809933237724,2
121.019175,14.550759,1.4234376718412638,-1.2843153265312606,3.155581332117562,2.658217933119348,-0.8754720983952328,-0.5051160910563025,0
121.036339,14.562949,0.948452377784658,0.0939162412266735,1.9762213491620415,-0.6453188042169518,2.1202009128720327,-1.4997026232719417,2
121.018458,14.57608,0.7373478026483884,-0.8441921841992507,1.94198631185544,-0.0654619841936264,4.157613348290836,1.6315819385737305,2
121.0175342,14.5549113,0.6054074431882197,-1.3194863681090372,3.4989200659460917,0.3678754327441562,-1.3866337064175702,1.1230732025128398,0
121.036339,14.562949,1.0012285215687249,0.0939162412266735,1.9830463222497967,0.6423103954028778,2.580562282435788,-1.3565779334942996,2
121.018458,14.57608,0.4356449723249597,-0.8441921841992507,1.9453669858642264,0.5530156199389129,4.381236787625178,1.7050209461158126,2
121.018458,14.57608,0.4356449661677429,-0.8441921841992507,1.941922686785258,-0.1161359755483773,4.144498857395764,1.6353352638802527,2
121.0203358,14.5741993,0.7060905034561631,-0.7852958783535341,1.2212610262399377,1.4053670653572714,2.742388989135122,-1.6928398734177466,2
121.0218,14.55659,1.7049104386896237,-1.0021309151579,3.645716826683525,2.0421425610028967,-1.5175980606850024,1.1825560021599708,0
121.036339,14.562949,1.5289899594093983,0.0939162412266735,1.9832159891036152,0.7774410390155472,2.615534258155979,-1.3665868009783593,2
121.02068,14.57369,0.6757756349003095,-0.7772861515050057,1.2372053416266648,1.412594061592907,2.7187373583439207,-1.6798366080902936,2
121.009139,14.563865,0.1861801450394806,-1.7454660182321355,2.631722545918901,0.6001670965734277,2.434637599645752,0.7403242492866839,2
121.019175,14.550759,1.1771490008489494,-1.2843153265312606,3.152137033038594,1.9890663376320568,-1.112210028624646,-0.5748017732918623,0
121.017742,14.554848,0.3855068440879393,-1.3073624238923938,3.623832716113346,1.7107551541506885,-1.0887927101777295,1.2644285667510873,0
121.036339,14.562949,1.0452086413887811,0.0939162412266735,1.983194780746888,0.7605497085639635,2.611162761190956,-1.3653356925428517,2
121.01523,14.55714,1.6169501990495108,-1.4599837585709818,3.3562225273009285,1.4373622618343798,0.1892452186232197,1.2666151654191158,0
121.0206028,14.5596699,0.9572484017486688,-1.0491672780093344,3.398902813050873,1.7365594559815651,-0.5848935102019621,1.1174824841464788,0
121.0275016,14.5570169,0.3855068440879393,-0.6008001957382056,3.2534045429082257,1.842425548141729,-1.123891829317757,-0.5874730006041885,0
121.036339,14.562949,1.6169501990495108,0.0939162412266735,1.9829826971796156,0.5916364040481269,2.567447791540716,-1.3528246081877773,2
121.036339,14.562949,0.948452377784658,0.0939162412266735,1.9796656482410104,0.0238327912703386,2.3569388431014464,-1.430016941036382,2
121.018458,14.57608,0.4356449723249597,-0.8441921841992507,1.941922686785258,-0.1161359755483773,4.144498857395764,1.6353352638802527,2
121.0271,14.55973,0.1216261251676022,-0.5966383666928582,3.3089927828748684,1.5764884740082856,-0.3676185047088934,-0.7831820897121252,0
121.018458,14.57608,0.4734670837280513,-0.8441921841992507,1.94198631185544,-0.0654619841936264,4.157613348290836,1.6315819385737305,2
121.018458,14.57608,0.9033836620388154,-0.8441921841992507,1.945430610934408,0.6036896112936638,4.39435127852025,1.7012676208092905,2
121.019175,14.550759,1.300293336345107,-1.2843153265312606,3.155581332117562,2.658217933119348,-0.8754720983952328,-0.5051160910563025,0
121.019175,14.550759,1.0012285215687249,-1.2843153265312606,3.155581332117562,2.658217933119348,-0.8754720983952328,-0.5051160910563025,0
121.017742,14.554848,0.3855068440879393,-1.3073624238923938,3.6238751328268006,1.7445378150538555,-1.080049716247682,1.2619263498800724,0
121.019175,14.550759,1.291497312381095,-1.2843153265312606,3.155581332117562,2.658217933119348,-0.8754720983952328,-0.5051160910563025,0
121.019175,14.550759,1.4850098395893423,-1.2843153265312606,3.155581332117562,2.658217933119348,-0.8754720983952328,-0.5051160910563025,0
121.0275016,14.5570169,-0.8019563910535766,-0.6008001957382056,3.2533888487242475,1.829925963607557,-1.1271267370718747,-0.586547180361913,0
121.019175,14.550759,0.0160738375994674,-1.2843153265312606,3.1986173889302,0.4285440687608703,-1.7001896185253078,-0.8030551887009496,0
121.036339,14.562949,2.10952754103414,0.0939162412266735,1.9829826971796156,0.5916364040481269,2.567447791540716,-1.3528246081877773,2
121.018458,14.57608,0.8253080422885003,-0.8441921841992507,1.942007520212167,-0.0485706537420428,4.161984845255859,1.630330830138223,2
121.017742,14.554848,0.4690690717460457,-1.3073624238923938,3.623811507756619,1.6938638236991048,-1.0931642071427536,1.2656796751865946,0
121.019175,14.550759,-0.3973392887090603,-1.2843153265312606,3.198545280517328,0.3711135452254857,-1.715052708206389,-0.7988014200202244,0
121.026342,14.563933,-0.1422545937527345,-0.5706810404080511,2.4580190936734843,1.23725727259295,1.1837069592838088,-1.15253210175928,2
121.036339,14.562949,1.5289899594093983,0.0939162412266735,1.9849381386430995,1.1120168367591925,2.733903223270686,-1.3317439598605794,2
121.017742,14.554848,0.8253080422885003,-1.3073624238923938,3.623769091043165,1.660081162795937,-1.1019072010728015,1.2681818920576096,0
121.013837,14.54767291,-0.5116876002412061,-1.6798518734317704,2.5770266816564464,2.174229249810276,1.0830713930413058,-0.5000534910835284,0
121.0206028,14.5596699,0.5614273233681636,-1.0491672780093344,3.398733146197055,1.601428812368896,-0.6198654859221535,1.1274913516305385,0
121.0203358,14.5741993,1.162723521547971,-0.7852958783535341,1.2212610262399377,1.4053670653572714,2.742388989135122,-1.6928398734177466,2
121.036339,14.562949,2.2016946550555194,0.0939162412266735,1.9830039055363424,0.6085277344997105,2.57181928850574,-1.3540757166232849,2
121.0209356,14.5617838,-0.0542943541126223,-0.9846366037358568,2.947091514356883,1.3460336489516234,0.2582006535744084,0.7300981273612857,0
121.036339,14.562949,0.8253080422885003,0.0939162412266735,1.983088738963252,0.6760930563060451,2.5893052763658355,-1.3590801503653145,2
121.036339,14.562949,1.0012285215687249,0.0939162412266735,1.9831523640334332,0.726767047660796,2.6024197672609075,-1.3628334756718368,2
121.0206028,14.5596699,1.2651092404890616,-1.0491672780093344,3.3523588320890854,3.2464077334980006,-0.0100284111963725,1.3494892248620884,0
121.0200817,14.55112335,1.4410297197692865,-1.216579764109006,3.0810114803853352,2.1361939188773134,-1.477387585133529,-0.7088877709720759,0
121.0206028,14.5596699,1.1771490008489494,-1.0491672780093344,3.398902813050873,1.7365594559815651,-0.5848935102019621,1.1174824841464788,0
121.016301,14.55760762,0.5614273233681636,-1.379203417145352,3.571189833790127,1.3583344329880631,-0.2532552392113096,1.2451527966919034,0
121.019175,14.550759,1.1771490008489494,-1.2843153265312606,3.155581332117562,2.658217933119348,-0.8754720983952328,-0.5051160910563025,0
121.017742,14.554848,0.6054074431882197,-1.3073624238923938,3.623896341183528,1.7614291455054394,-1.075678219282658,1.2606752414445648,0
121.036339,14.562949,0.7813279224684442,0.0939162412266735,1.983088738963252,0.6760930563060451,2.5893052763658355,-1.3590801503653145,2
121.019175,14.550759,1.317885384273129,-1.2843153265312606,3.155581332117562,2.658217933119348,-0.8754720983952328,-0.5051160910563025,0
121.036339,14.562949,1.2211291206690056,0.0939162412266735,1.983109947319979,0.6929843867576287,2.59367677333086,-1.360331258800822,2
121.0202378,14.56154225,1.0891887612088376,-1.0372291379481695,3.025273964294964,1.5656929068623913,0.0038735158117865,0.8448332359673016,0
121.017742,14.554848,0.6493875630082758,-1.3073624238923938,3.616986534668864,0.4062346240792748,-1.5535255767065084,1.1225549854089527,0
121.019175,14.550759,0.2975466044478267,-1.2843153265312606,3.1985961805734724,0.4116527383092866,-1.7045611154903315,-0.8018040802654423,0
121.036339,14.562949,0.7373478026483884,0.0939162412266735,1.9830675306065244,0.6592017258544615,2.584933779400812,-1.3578290419298071,2
121.019175,14.550759,-0.4004178970964641,-1.2843153265312606,3.195100981438358,-0.2980380502618044,-1.9517906384358024,-0.8684871022557842,0
121.0200817,14.55112335,0.2975466044478267,-1.216579764109006,3.1274706279202142,0.5587803195545429,-2.069738671999214,-0.9358900779456556,0
121.019175,14.550759,-0.0982744739326784,-1.2843153265312606,3.101998173665074,2.7098345734549585,-0.8051204883001403,-0.4035978449197095,0
121.036339,14.562949,1.0012285215687249,0.0939162412266735,1.984810888502736,1.0106688540496904,2.7076742414805426,-1.3242373092475346,2
121.017742,14.554848,0.4822631076920625,-1.3073624238923938,3.623811507756619,1.6938638236991048,-1.0931642071427536,1.2656796751865946,0
121.0206028,14.5596699,-0.1422545937527345,-1.0491672780093344,3.398817979623964,1.6689941341752306,-0.6023794980620578,1.1224869178885084,0
121.0206028,14.5596699,0.5614273233681636,-1.0491672780093344,3.398908115140055,1.7407822885944613,-0.5838006359607062,1.117169707037602,0
121.036339,14.562949,1.0012285215687249,0.0939162412266735,1.9832371974603424,0.7943323694671306,2.619905755121003,-1.3678379094138666,2
121.017742,14.554848,0.5614273233681636,-1.3073624238923938,3.623853924470074,1.727646484602272,-1.0844212132127058,1.2631774583155797,0
121.0271,14.55973,1.7049104386896237,-0.5966383666928582,3.355636443113274,0.1460294496142935,-0.9219375679788706,-1.0210690400746198,0
121.019175,14.550759,0.5614273233681636,-1.2843153265312606,3.1521158246818666,1.972175007180473,-1.11658152558967,-0.5735506648563549,0
121.0206028,14.5596699,0.2095863648077144,-1.0491672780093344,3.398694122820677,1.570348764337982,-0.6279090403377976,1.129793391151872,0
121.029209,14.555756,0.9132682819286126,-0.5108294610942888,2.77540707277794,2.008319299522312,-0.971120285263644,-0.7889567639862187,0
121.017742,14.554848,1.0012285215687249,-1.3073624238923938,3.624002382967164,1.8458857977633576,-1.0538207344575383,1.2544196992670276,0
121.019175,14.550759,1.5289899594093983,-1.2843153265312606,3.145269643237384,0.6676544771090597,-1.5813143921184492,-0.7154242461984894,0
121.019175,14.550759,1.0012285215687249,-1.2843153265312606,3.148692733959625,1.3199147421447668,-1.3489479588540596,-0.6444874555274221,0
121.017742,14.554848,0.3943028680519502,-1.3073624238923938,3.577458402005377,3.355734075279793,-0.478955635451949,1.4864264399826377,0
121.0206028,14.5596699,1.1771490008489494,-1.0491672780093344,3.4023471121298416,2.405711051468856,-0.3481555799725485,1.1871681663820386,0
121.026342,14.563933,-0.3181750730329591,-0.5706810404080511,2.4115175294251507,2.780888211012553,1.7673150522194458,-0.9230275779146848,2
121.019175,14.550759,1.0012285215687249,-1.2843153265312606,3.152137033038594,1.9890663376320568,-1.112210028624646,-0.5748017732918623,0
121.036339,14.562949,1.7488905585096792,0.0939162412266735,1.9831311556767064,0.7098757172092124,2.598048270295884,-1.3615823672363294,2
121.0206028,14.5596699,1.0012285215687249,-1.0491672780093344,3.3523800404458126,3.263299063949584,-0.0056569142313486,1.348238116426581,0
121.036339,14.562949,0.9132682819286126,0.0939162412266735,1.9830039055363424,0.6085277344997105,2.57181928850574,-1.3540757166232849,2
121.0206028,14.5596699,1.247517192561039,-1.0491672780093344,3.398902813050873,1.7365594559815651,-0.5848935102019621,1.1174824841464788,0
121.017742,14.554848,0.3415267242678829,-1.3073624238923938,3.62723459847886,2.346124088734812,-0.8607977738783642,1.3366164658576618,0
121.036339,14.562949,1.6169501990495108,0.0939162412266735,1.9832159891036152,0.7774410390155472,2.615534258155979,-1.3665868009783593,2
121.036339,14.562949,0.8692881621085565,0.0939162412266735,1.983088738963252,0.6760930563060451,2.5893052763658355,-1.3590801503653145,2
121.036339,14.562949,0.7813279224684442,0.0939162412266735,1.983109947319979,0.6929843867576287,2.59367677333086,-1.360331258800822,2
121.036339,14.562949,0.8253080422885003,0.0939162412266735,1.983109947319979,0.6929843867576287,2.59367677333086,-1.360331258800822,2
121.0206028,14.5596699,-0.1422545937527345,-1.0491672780093344,3.398754354553782,1.6183201428204796,-0.6154939889571296,1.126240243195031,0
121.018458,14.57608,0.4375225716003176,-0.8441921841992507,1.942007520212167,-0.0485706537420428,4.161984845255859,1.630330830138223,2
121.036339,14.562949,1.0012284336084851,0.0939162412266735,1.983109947319979,0.6929843867576287,2.59367677333086,-1.360331258800822,2
121.036339,14.562949,1.353069480129174,0.0939162412266735,1.9832159891036152,0.7774410390155472,2.615534258155979,-1.3665868009783593,2
121.0375887,14.56515827,0.7109597307563544,0.2194680912262341,2.15901093399202,1.1190416028640868,3.1970249502711168,-1.172984131503897,2
121.0206028,14.5596699,-0.0542943541126223,-1.0491672780093344,3.3988370671450188,1.684196331581656,-0.5984451507935362,1.1213609202965518,0
121.0206028,14.5596699,1.0012285215687249,-1.0491672780093344,3.3988816046941457,1.7196681255299815,-0.589265007166986,1.118733592581986,0
121.0200817,14.55112335,1.2651092404890616,-1.216579764109006,3.084455779464304,2.805345514364604,-1.2406496549041153,-0.6392020887365161,0
121.0174299,14.55511105,0.6933676828283319,-1.3210299419963831,3.505808664104028,1.706178623718737,-0.9131578459587436,1.2624445669839597,0
121.018458,14.57608,0.2975466044478267,-0.8441921841992507,1.9421559787092575,0.0696686594190428,4.192585324011027,1.6215730710896712,2
121.015284,14.5611155,-0.1862347135727908,-1.3793173573956807,3.3151919473359217,1.0105192702794228,0.9715382739174016,1.124779900574192,0
121.0206028,14.5596699,-0.1422545937527345,-1.0491672780093344,3.391929381466027,0.3306909432006498,-1.0758553585208848,0.9831155534173888,0
121.026342,14.563933,0.5614273233681636,-0.5706810404080511,2.4579766769600297,1.2034746116897823,1.174963965353761,-1.150029884888265,2
121.0206028,14.5596699,0.5614273233681636,-1.0491672780093344,3.398754354553782,1.6183201428204796,-0.6154939889571296,1.126240243195031,0
121.0371989,14.5662972,2.2467455148727145,0.2162471341147809,2.005002478518921,0.5212159978549464,2.9787639071288026,-1.3912760680021368,2
121.036339,14.562949,1.96879115760996,0.0939162412266735,1.9830039055363424,0.6085277344997105,2.57181928850574,-1.3540757166232849,2
121.026342,14.563933,1.4410297197692865,-0.5706810404080511,2.408052021989455,2.094845285073679,1.5262056250250084,-0.9914621517147372,2
121.02885,14.56584,0.2095863648077144,-0.3560174420704102,2.457482082474526,0.9089146424773492,1.8149956896998547,-1.228475612387662,2
121.036339,14.562949,0.7285517786843768,0.0939162412266735,1.9830039055363424,0.6085277344997105,2.57181928850574,-1.3540757166232849,2
121.0275016,14.5570169,0.8253080422885003,-0.6008001957382056,3.2534681679784074,1.89309953949648,-1.1107773384226851,-0.5912263259107109,0
121.0275016,14.5570169,0.8253080422885003,-0.6008001957382056,3.2534045429082257,1.842425548141729,-1.123891829317757,-0.5874730006041885,0
121.0168664,14.5585298,0.9572484017486688,-1.3265171965145015,3.689970546657779,1.462646001323509,-0.5806448582133332,1.2520666623120618,0
121.02329170197,14.561759363824,-0.0542943541126223,-0.8252827028769254,2.850152796882749,1.4010598352967938,0.3752941050272165,0.5185508738843538,0
121.036339,14.562949,1.1771490008489494,0.0939162412266735,1.9830463222497967,0.6423103954028778,2.580562282435788,-1.3565779334942996,2
121.0275016,14.5570169,1.5289899594093983,-0.6008001957382056,3.2501511190398027,1.325295926718692,-1.321286286861955,-0.6684186587593153,0
121.036339,14.562949,1.5289899594093983,0.0939162412266735,1.983109947319979,0.6929843867576287,2.59367677333086,-1.360331258800822,2
121.016328,14.55727,0.5614273233681636,-1.381467750924401,3.5400073879859955,1.403414111945518,-0.3681108951887015,1.227053769966536,0
121.017742,14.554848,0.3855068440879393,-1.3073624238923938,3.620452042104559,1.092277550018149,-1.3124161495120712,1.190989559209005,0
121.036339,14.562949,0.5614273233681636,0.0939162412266735,1.983088738963252,0.6760930563060451,2.5893052763658355,-1.3590801503653145,2
121.017742,14.554848,0.5614273233681636,-1.3073624238923938,3.623832716113346,1.7107551541506885,-1.0887927101777295,1.2644285667510873,0
121.0271,14.55973,1.7049104386896237,-0.5966383666928582,3.35561735559222,0.130827252207868,-0.925871915247392,-1.0199430424826632,0
121.018458,14.57608,0.8253080422885003,-0.8441921841992507,1.945430610934408,0.6036896112936638,4.39435127852025,1.7012676208092905,2
121.036339,14.562949,1.6081541750854995,0.0939162412266735,1.9829826971796156,0.5916364040481269,2.567447791540716,-1.3528246081877773,2
121.036339,14.562949,0.948452377784658,0.0939162412266735,1.983109947319979,0.6929843867576287,2.59367677333086,-1.360331258800822,2
121.0206028,14.5596699,-0.1422545937527345,-1.0491672780093344,3.3988603963374184,1.702776795078398,-0.59363650413201,1.1199847010174937,0
121.036339,14.562949,0.948452377784658,0.0939162412266735,2.0261884208460708,-1.5029068166976804,1.7777022471308328,-1.660772573316484,2
121.026342,14.563933,-0.4237273606010938,-0.5706810404080511,2.4613770747405725,1.8376611531422948,1.402652896865575,-1.0777544081912047,2
121.036339,14.562949,1.6169501990495108,0.0939162412266735,1.97615772409186,-0.6959927955717027,2.1070864219769607,-1.4959492979654192,2
121.026342,14.563933,-0.2302148333928468,-0.5706810404080511,2.411453904354969,2.7302142196578023,1.754200561324374,-0.9192742526081624,2
121.019175,14.550759,0.4558750358000291,-1.2843153265312606,3.1554328736204718,2.5399786199582617,-0.9060725771504003,-0.4963583320077503,0
121.019175,14.550759,1.0891887612088376,-1.2843153265312606,3.152137033038594,1.9890663376320568,-1.112210028624646,-0.5748017732918623,0
121.017742,14.554848,0.5614273233681636,-1.3073624238923938,3.627298223549042,2.3967980800895625,-0.8476832829832927,1.3328631405511395,0
121.036339,14.562949,0.9924324976047136,0.0939162412266735,1.9830039055363424,0.6085277344997105,2.57181928850574,-1.3540757166232849,2
121.019175,14.550759,0.7373478026483884,-1.2843153265312606,3.1519461578280485,1.837044363567804,-1.1515535013098617,-0.5635417973722953,0
121.0206028,14.5596699,1.1771490008489494,-1.0491672780093344,3.3988603963374184,1.702776795078398,-0.59363650413201,1.1199847010174937,0
121.019175,14.550759,0.5614273233681636,-1.2843153265312606,3.155581332117562,2.658217933119348,-0.8754720983952328,-0.5051160910563025,0
121.019175,14.550759,0.4734670837280513,-1.2843153265312606,3.1985961805734724,0.4116527383092866,-1.7045611154903315,-0.8018040802654423,0
121.0206028,14.5596699,0.077646005347546,-1.0491672780093344,3.3952676387613594,0.9153858864300216,-0.860974913116591,1.0590567778304858,0
121.019175,14.550759,-0.2302148333928468,-1.2843153265312606,3.1985961805734724,0.4116527383092866,-1.7045611154903315,-0.8018040802654423,0
121.019175,14.550759,0.2095863648077144,-1.2843153265312606,3.1985961805734724,0.4116527383092866,-1.7045611154903315,-0.8018040802654423,0
121.0297,14.54133,-0.274194953212903,-0.6898114450505053,1.098261997400494,-0.4825391659978407,1.3153967655722305,-2.0726916547176217,2
121.0206028,14.5596699,0.3855068440879393,-1.0491672780093344,3.391865756395845,0.2800169518458988,-1.0889698494159563,0.9868688787239112,0
121.0297,14.54133,1.0452086413887811,-0.6898114450505053,1.0518028498656151,1.0948744333249296,1.9077478524379157,-1.845689347744042,2
121.0375887,14.56515827,1.0012285215687249,0.2194680912262341,2.155715093410142,0.5681293205378817,2.9908874987968708,-1.2514275727880089,2
121.0297,14.54133,-0.1422545937527345,-0.6898114450505053,1.098261997400494,-0.4825391659978407,1.3153967655722305,-2.0726916547176217,2
121.0297,14.54133,0.6493875630082758,-0.6898114450505053,1.055268357301311,1.7809173592638037,2.1488572796323524,-1.7772547739439897,2
121.017742,14.554848,1.0012285215687249,-1.3073624238923938,3.627446682046133,2.5150373932506485,-0.817082804228125,1.3241053815025874,0
121.036339,14.562949,1.7049104386896237,0.0939162412266735,1.9830675306065244,0.6592017258544615,2.584933779400812,-1.3578290419298071,2
121.026342,14.563933,-0.0982744739326784,-0.5706810404080511,2.4580190936734843,1.23725727259295,1.1837069592838088,-1.15253210175928,2
121.0206028,14.5596699,-0.3181750730329591,-1.0491672780093344,3.398733146197055,1.601428812368896,-0.6198654859221535,1.1274913516305385,0
121.011528,14.543799,-1.1537973496140257,-1.9053778968227075,2.555099990463257,0.9414763479257364,1.6168350657856316,0.7154266570226073,2
121.0375755,14.56412082,1.1762693984525483,0.1992516734981475,2.0239211483534825,0.6409151026711952,2.9424027400641437,-1.3712332703316756,2
121.026342,14.563933,-0.0982744739326784,-0.5706810404080511,2.457913051889848,1.1528006203350316,1.1618494744586891,-1.1462765595817426,2
121.036339,14.562949,1.4410297197692865,0.0939162412266735,1.983088738963252,0.6760930563060451,2.5893052763658355,-1.3590801503653145,2
121.0206028,14.5596699,1.1331688810288931,-1.0491672780093344,3.398902813050873,1.7365594559815651,-0.5848935102019621,1.1174824841464788,0
121.036339,14.562949,0.9915528952083126,0.0939162412266735,1.983088738963252,0.6760930563060451,2.5893052763658355,-1.3590801503653145,2
121.036339,14.562949,1.6169501990495108,0.0939162412266735,1.976327390945678,-0.5608621519590334,2.142058397697152,-1.505958165449479,2
121.017742,14.554848,-0.0982744739326784,-1.3073624238923938,3.623862407812765,1.7344030167829056,-1.0826726144266965,1.2626770149413769,0
121.036339,14.562949,1.0715967132808146,0.0939162412266735,1.983088738963252,0.6760930563060451,2.5893052763658355,-1.3590801503653145,2
121.0218,14.55659,1.4410297197692865,-1.0021309151579,3.6456744099700704,2.008359900099729,-1.5263410546150502,1.1850582190309855,0
121.0206028,14.5596699,0.7285517786843768,-1.0491672780093344,3.392016123645041,0.399776484747627,-1.057975935933937,0.9779985199161636,0
121.036339,14.562949,0.7373478026483884,0.0939162412266735,1.983088738963252,0.6760930563060451,2.5893052763658355,-1.3590801503653145,2
121.0206028,14.5596699,1.5289899594093983,-1.0491672780093344,3.3954585139719047,1.067407860494275,-0.8216314404313757,1.047796801910919,0
121.0183,14.56166,-0.5380756721332399,-1.1647150168148916,3.1101482016388364,1.3243116826002868,0.5887991983073586,1.0979920398595615,0
121.0206028,14.5596699,0.1216261251676022,-1.0491672780093344,3.3987244507707968,1.5945033668837467,-0.6216577996778134,1.1280043060890963,0
121.036339,14.562949,1.0891887612088376,0.0939162412266735,1.9830039055363424,0.6085277344997105,2.57181928850574,-1.3540757166232849,2
121.0206028,14.5596699,-0.4061353126730714,-1.0491672780093344,3.398694122820677,1.570348764337982,-0.6279090403377976,1.129793391151872,0
121.0275016,14.5570169,1.7049104386896237,-0.6008001957382056,3.25344695962168,1.8762082090448968,-1.1151488353877093,-0.5899752174752034,0
121.0168153,14.55865939,0.9132682819286126,-1.3279660861089837,3.619043988307036,1.3969067521465526,-0.3198386346198894,1.2829114842387546,0
121.019175,14.550759,0.8253080422885003,-1.2843153265312606,3.155581332117562,2.658217933119348,-0.8754720983952328,-0.5051160910563025,0
121.036339,14.562949,1.4410297197692865,0.0939162412266735,1.983109947319979,0.6929843867576287,2.59367677333086,-1.360331258800822,2
121.0244,14.56137,0.9572484017486688,-0.7571949009517548,2.975621755630273,2.405207704105965,0.0475927433533248,-0.8771737984969631,0
121.0275016,14.5570169,0.9572484017486688,-0.6008001957382056,3.2534681679784074,1.89309953949648,-1.1107773384226851,-0.5912263259107109,0
121.036339,14.562949,0.8253080422885003,0.0939162412266735,1.9831523640334332,0.726767047660796,2.6024197672609075,-1.3628334756718368,2
121.036339,14.562949,1.1771490008489494,0.0939162412266735,1.9865542463989476,1.3621359822449193,2.830414703560273,-1.290645576565262,2
121.036339,14.562949,1.0012285215687249,0.0939162412266735,1.9865542463989476,1.3621359822449193,2.830414703560273,-1.290645576565262,2
121.0375755,14.56412082,0.9132682819286126,0.1992516734981475,2.017032550195545,-0.6973880883033853,2.4689268796053168,-1.5106046348027953,2
121.0206028,14.5596699,0.4734670837280513,-1.0491672780093344,3.348723657799572,2.4252341639464574,-0.2861098141110014,1.2910635185460957,0
121.036339,14.562949,0.8253080422885003,0.0939162412266735,1.9830463222497967,0.6423103954028778,2.580562282435788,-1.3565779334942996,2
121.0271,14.55973,0.2975466044478267,-0.5966383666928582,3.309204866442141,1.7454017785241225,-0.3239035350586541,-0.7956931740671996,0
121.018458,14.57608,0.3503227482318941,-0.8441921841992507,1.9421559787092575,0.0696686594190428,4.192585324011027,1.6215730710896712,2
121.0206028,14.5596699,-0.1422545937527345,-1.0491672780093344,3.4022622787029326,2.3381457296625205,-0.3656415678326442,1.1921726001240682,0
121.0206028,14.5596699,-0.0982744739326784,-1.0491672780093344,3.3987755629105094,1.6352114732720633,-0.6111224919921057,1.1249891347595231,0
121.02779,14.56685,0.8253080422885003,-0.4072605480568472,2.430170960688268,-0.7426597190212358,1.5230887840056189,-1.4393794577402834,2
121.0376941986,14.5651071803,0.5614273233681636,0.2257011041068568,2.1432150771023832,1.2300539197895373,3.2512770598174856,-1.1947451558799018,2
121.017742,14.554848,0.5614273233681636,-1.3073624238923938,3.6169941696772856,0.4123155030418449,-1.5519518377990995,1.12210458637217,0
121.036339,14.562949,1.4410297197692865,0.0939162412266735,1.9830039055363424,0.6085277344997105,2.57181928850574,-1.3540757166232849,2
121.036339,14.562949,0.6493875630082758,0.0939162412266735,1.9330368338523136,1.4661157469804396,2.91431795424694,-1.193005766578742,2
121.0275016,14.5570169,-0.1422545937527345,-0.6008001957382056,3.246728028317561,0.6730356616829853,-1.5536527201263444,-0.7393554494303824,0
121.0387062,14.56610681,1.353069480129174,0.3147849959102716,2.129732261735448,0.3408972820251266,3.4381865310383697,-1.3188799611006674,2
121.017742,14.554848,-0.0542943541126223,-1.3073624238923938,3.62746789040286,2.531928723702232,-0.812711307263101,1.32285427306708,0
121.0206028,14.5596699,-0.3181750730329591,-1.0491672780093344,3.3952888471180867,0.9322772168816053,-0.8566034161515671,1.0578056693949784,0
121.02779,14.56685,0.5614273233681636,-0.4072605480568472,2.430170960688268,-0.7426597190212358,1.5230887840056189,-1.4393794577402834,2
121.0206028,14.5596699,-0.5292796481692286,-1.0491672780093344,3.391844548039118,0.2631256213943151,-1.0933413463809805,0.9881199871594188,0
121.036339,14.562949,1.7928706783297352,0.0939162412266735,1.98653303804222,1.3452446517933356,2.826043206595249,-1.2893944681297544,2
121.0206028,14.5596699,-0.3357671209609815,-1.0491672780093344,3.3987755629105094,1.6352114732720633,-0.6111224919921057,1.1249891347595231,0
121.0387062,14.56610681,1.39704959994923,0.3147849959102716,2.129647428308539,0.273331960218792,3.420700543178274,-1.3138755273586378,2
121.0206028,14.5596699,0.9132682819286126,-1.0491672780093344,3.398902813050873,1.7365594559815651,-0.5848935102019621,1.1174824841464788,0
121.036339,14.562949,1.0891887612088376,0.0939162412266735,1.983088738963252,0.6760930563060451,2.5893052763658355,-1.3590801503653145,2
121.0271,14.55973,0.6493875630082758,-0.5966383666928582,3.309226074798868,1.7622931089757057,-0.3195320380936303,-0.7969442825027071,0
121.03877,14.56358,1.7049104386896237,0.2725388362199279,2.1896598100948355,0.4666084456452039,3.049318648850565,-1.213777929364559,2
121.0206028,14.5596699,0.7373478026483884,-1.0491672780093344,3.3988603963374184,1.702776795078398,-0.59363650413201,1.1199847010174937,0
121.0206028,14.5596699,-0.0542943541126223,-1.0491672780093344,3.4022622787029326,2.3381457296625205,-0.3656415678326442,1.1921726001240682,0
121.026342,14.563933,-0.2302148333928468,-0.5706810404080511,2.457997885316757,1.2203659421413662,1.1793354623187848,-1.1512809933237724,2
121.036339,14.562949,1.5729700792294543,0.0939162412266735,1.986426996258584,1.2607879995354174,2.8041857217701294,-1.2831389259522172,2
121.0200817,14.55112335,1.6609303188695668,-1.216579764109006,3.077567181306367,1.4670423233900227,-1.7141255153629422,-0.7785734532076356,0
121.0271,14.55973,1.4410297197692865,-0.5966383666928582,3.3089927828748684,1.5764884740082856,-0.3676185047088934,-0.7831820897121252,0
121.0271,14.55973,-0.0542943541126223,-0.5966383666928582,3.309141241371959,1.6947277871693711,-0.337018025953726,-0.7919398487606772,0
121.036339,14.562949,0.8253080422885003,0.0939162412266735,1.9762213491620415,-0.6453188042169518,2.1202009128720327,-1.4997026232719417,2
121.019175,14.550759,1.0891887612088376,-1.2843153265312606,3.1520097828982303,1.887718354922555,-1.1384390104147897,-0.5672951226788177,0
121.0285574,14.5651917,1.4410297197692865,-0.391815495680984,2.606122342577152,-0.5904088630905351,1.091557124899199,-1.4724774832432923,2
121.03672,14.56292,1.0012285215687249,0.1198474223397462,1.8899133126581715,-0.0876215353449301,2.673253390466354,-1.4246947717276728,2
121.0200817,14.55112335,1.3090893603091178,-1.216579764109006,3.0810114803853352,2.1361939188773134,-1.477387585133529,-0.7088877709720759,0
121.0206028,14.5596699,1.1771490008489494,-1.0491672780093344,3.3523800404458126,3.263299063949584,-0.0056569142313486,1.348238116426581,0
121.019175,14.550759,0.8956762340005902,-1.2843153265312606,3.152137033038594,1.9890663376320568,-1.112210028624646,-0.5748017732918623,0
121.0206028,14.5596699,1.0012285215687249,-1.0491672780093344,3.395437305615177,1.0505165300426913,-0.8260029373963996,1.0490479103464263,0
121.0200817,14.55112335,1.6609303188695668,-1.216579764109006,3.0810114803853352,2.1361939188773134,-1.477387585133529,-0.7088877709720759,0
121.0200817,14.55112335,1.6609303188695668,-1.216579764109006,3.0741228822273983,0.7978907279027324,-1.950863445592356,-0.8482591354431955,0
121.0203358,14.5741993,1.0481992895365448,-0.7852958783535341,1.210928129003032,-0.6020877211046,2.0321751984468817,-1.901896920124426,2
121.0206028,14.5596699,1.0012285215687249,-1.0491672780093344,3.3988603963374184,1.702776795078398,-0.59363650413201,1.1199847010174937,0
121.0360102,14.5662454,1.1771490008489494,0.1345259295826025,1.8449792337492368,0.7346622370747448,2.7983424591802017,-1.5208901514926552,2
121.0203358,14.5741993,0.7725318985044329,-0.7852958783535341,1.2212610262399377,1.4053670653572714,2.742388989135122,-1.6928398734177466,2
121.036339,14.562949,1.7049104386896237,0.0939162412266735,1.9829826971796156,0.5916364040481269,2.567447791540716,-1.3528246081877773,2
121.017742,14.554848,0.8253080422885003,-1.3073624238923938,3.6238751328268006,1.7445378150538555,-1.080049716247682,1.2619263498800724,0
121.065172,14.531149,-1.0130532256887577,1.8549839220253697,-2.403574995288245,-2.498052332076063,1.785264625939111,2.641543626039751,1
121.065172,14.531149,-1.0042572017247464,1.8549839220253697,-2.403574995288245,-2.498052332076063,1.785264625939111,2.641543626039751,1
121.065172,14.531149,-1.2241655413261154,1.8549839220253697,-2.4034901618613365,-2.4304870102697285,1.8027506137992064,2.6365391922977217,1
121.0553,14.53712,-1.3736979487143064,1.122106438111597,-2.891005432178868,-1.607555638012524,-0.2325399157635588,-0.5050691885344665,1
121.0553,14.53712,-1.241757589254138,1.122106438111597,-2.8909948280005047,-1.5991099727867322,-0.2303541672810469,-0.5056947427522203,1
121.0494184,14.53260223,-1.241757589254138,0.731122617132766,-2.2943996948554064,-1.922609228485251,0.2874577507956281,1.395922836708139,1
121.065172,14.531149,-1.3409063713764724,1.8549839220253697,-2.403553786931518,-2.4811610016244794,1.789636122904135,2.640292517604244,1
121.050318,14.540867,-1.3304355844497135,0.7698185873149774,-2.629936379118281,-1.3371224318651886,-0.9780166609129406,-0.258935415353878,1
121.065172,14.531149,-1.241757589254138,1.8549839220253697,-2.4034901618613365,-2.4304870102697285,1.8027506137992064,2.6365391922977217,1
121.050318,14.540867,-1.1977774694340817,0.7698185873149774,-2.6298320340031838,-1.254017086043397,-0.9565088958450229,-0.2650908688565746,1
121.065172,14.531149,-1.3297178288942502,1.8549839220253697,-2.4035368202461367,-2.4676479372632127,1.793133320476154,2.639291630855838,1
121.065172,14.531149,-1.3297178288942502,1.8549839220253697,-2.403553786931518,-2.4811610016244794,1.789636122904135,2.640292517604244,1
121.0553,14.53712,-1.1977774694340817,1.122106438111597,-2.89095241128705,-1.5653273118835649,-0.2216111733509991,-0.5081969596232352,1
121.050318,14.540867,-1.0394490380818795,0.7698185873149774,-2.629978795831736,-1.370905092768356,-0.9867596548429884,-0.256433198482863,1
121.0521,14.52655,-1.0761724381316269,0.9993545043798296,-2.433752396237701,-2.2519163492608767,1.2899425815858343,1.1502618210228783,1
121.050318,14.540867,-1.1537973496140257,0.7698185873149774,-2.6299151707615542,-1.320231101413605,-0.9736451639479168,-0.2601865237893854,1
121.065172,14.531149,-1.3297178288942502,1.8549839220253697,-2.357031014326458,-4.007900609592501,1.2103995269335213,2.4095368853241417,1
121.065172,14.531149,-1.1977774694340817,1.8549839220253697,-2.4034282334596933,-2.3811643253511043,1.8155153849370769,2.63288595566604,1
121.065172,14.531149,-1.1977774694340817,1.8549839220253697,-2.403468953504609,-2.413595679818145,1.8071221107642308,2.635288083862214,1
121.065172,14.531149,-1.2168648414359862,1.8549839220253697,-2.4034901618613365,-2.4304870102697285,1.8027506137992064,2.6365391922977217,1
121.065172,14.531149,-1.2681456611461717,1.8549839220253697,-2.357031014326458,-4.007900609592501,1.2103995269335213,2.4095368853241417,1
121.0553,14.53712,-1.3649019247502951,1.122106438111597,-2.891005432178868,-1.607555638012524,-0.2325399157635588,-0.5050691885344665,1
121.0521,14.52655,-1.241757589254138,0.9993545043798296,-2.433752396237701,-2.2519163492608767,1.2899425815858343,1.1502618210228783,1
121.0487562,14.53394895,-1.3253198169122449,0.673111963828772,-2.436464955040579,-1.8516935212969328,0.1803760897618747,1.293457348184633,1
121.065172,14.531149,-1.3121257809662277,1.8549839220253697,-2.403453683487766,-2.4014339218930045,1.810269588579048,2.634387285788649,1
121.065172,14.531149,-1.3463599062341594,1.8549839220253697,-2.4036174120017,-2.5318349929792303,1.776521632009063,2.6440458429107663,1
121.065172,14.531149,-1.3297178288942502,1.8549839220253697,-2.403468953504609,-2.413595679818145,1.8071221107642308,2.635288083862214,1
121.0521,14.52655,-1.23560037247933,0.9993545043798296,-2.433752396237701,-2.2519163492608767,1.2899425815858343,1.1502618210228783,1
121.0521,14.52655,-1.1977774694340817,0.9993545043798296,-2.433709979524247,-2.2181336883577094,1.2986855755158824,1.1477596041518634,1
121.065172,14.531149,-1.4780539770233354,1.8549839220253697,-2.407019294367214,-3.167203927563353,1.5485266957096977,2.5718579438041917,1
121.065172,14.531149,-1.3517078888042782,1.8549839220253697,-2.403468953504609,-2.413595679818145,1.8071221107642308,2.635288083862214,1
121.065172,14.531149,-1.3912899966423289,1.8549839220253697,-2.403473195175955,-2.4169739459084614,1.806247811371226,2.635538305549316,1
121.0553,14.53712,-1.0658371099739137,1.122106438111597,-2.890984223822141,-1.5906643075609403,-0.2281684187985349,-0.506320296969974,1
121.0553,14.53712,-1.285737709074194,1.122106438111597,-2.8943967103660184,-2.234478907370854,-0.4583491035804125,-0.5778826418587948,1
121.050318,14.540867,-0.0718864020406447,0.7698185873149774,-2.629830337334645,-1.2526657796072702,-0.956159176087821,-0.2651909575314152,1
121.050318,14.540867,-1.3473098768222729,0.7698185873149774,-2.6298727540481,-1.2864484405104375,-0.9649021700178688,-0.2626887406604002,1
121.0487,14.53391,-1.3033297570022164,0.6694291512884402,-2.4364861633973063,-1.8685848517485169,0.1760045927968508,1.2947084566201406,1
121.050318,14.540867,-1.508936817160979,0.7698185873149774,-2.6336457826563406,-2.217415657997273,-1.2693983032051532,-0.3129822421455948,1
121.0521,14.52655,-1.285737709074194,0.9993545043798296,-2.43368877116752,-2.2012423579061258,1.3030570724809063,1.146508495716356,1
121.0553,14.53712,-1.1713893975420482,1.122106438111597,-2.8909948280005047,-1.5991099727867322,-0.2303541672810469,-0.5056947427522203,1
121.0521,14.52655,-1.1863426382808673,0.9993545043798296,-2.4371309494108155,-2.868704820348258,1.0667562919479954,1.0766977026372453,1
121.065172,14.531149,-1.2945337330382052,1.8549839220253697,-2.4034282334596933,-2.3811643253511043,1.8155153849370769,2.63288595566604,1
121.065172,14.531149,-1.0658371099739137,1.8549839220253697,-2.403455592239871,-2.4029541416336477,1.809876153852196,2.6344998855478443,1
121.050318,14.540867,-1.285737709074194,0.7698185873149774,-2.629936379118281,-1.3371224318651886,-0.9780166609129406,-0.258935415353878,1
121.050318,14.540867,-1.027908918521816,0.7698185873149774,-2.6338260536885225,-2.3609919668357344,-1.306556027407857,-0.3023478204437815,1
121.0553,14.53712,-1.241757589254138,1.122106438111597,-2.841027756316476,-2.45669798526746,-0.5728528330222471,-0.6667646927967626,1
121.065172,14.531149,-1.347014330417082,1.8549839220253697,-2.4035368202461367,-2.4676479372632127,1.793133320476154,2.639291630855838,1
121.065172,14.531149,-1.241757589254138,1.8549839220253697,-2.403558240686431,-2.4847081810193123,1.78871810854148,2.6405552503757006,1
121.0553,14.53712,-1.2866173114705952,1.122106438111597,-2.89095241128705,-1.5653273118835649,-0.2216111733509991,-0.5081969596232352,1
121.0553,14.53712,-1.3121257809662277,1.122106438111597,-2.891005432178868,-1.607555638012524,-0.2325399157635588,-0.5050691885344665,1
121.0553,14.53712,-1.2945337330382052,1.122106438111597,-2.8909948280005047,-1.5991099727867322,-0.2303541672810469,-0.5056947427522203,1
121.0494184,14.53260223,-1.1450013256500144,0.731122617132766,-2.294325465606861,-1.863489571904708,0.3027579901732118,1.3915439571838633,1
121.0553,14.53712,-1.0658371099739137,1.122106438111597,-2.89095241128705,-1.5653273118835649,-0.2216111733509991,-0.5081969596232352,1
121.050318,14.540867,-1.1098172297939697,0.7698185873149774,-2.629978795831736,-1.370905092768356,-0.9867596548429884,-0.256433198482863,1
121.050318,14.540867,-1.2681456611461717,0.7698185873149774,-2.629936379118281,-1.3371224318651886,-0.9780166609129406,-0.258935415353878,1
121.0521,14.52655,-1.232961565290127,0.9993545043798296,-2.4371330702464884,-2.870393953393416,1.0663191422514928,1.076822813480796,1
121.0553,14.53712,-1.1977774694340817,1.122106438111597,-2.8909948280005047,-1.5991099727867322,-0.2303541672810469,-0.5056947427522203,1
121.065172,14.531149,-1.356105900786284,1.8549839220253697,-2.40689989131884,-3.0721057371209377,1.5731382236227822,2.5648142033122845,1
121.065172,14.531149,-1.378095960696312,1.8549839220253697,-2.407019294367214,-3.167203927563353,1.5485266957096977,2.5718579438041917,1
121.065172,14.531149,-1.3473098768222729,1.8549839220253697,-2.406927462182585,-3.094064466707996,1.567455277568251,2.5664406442784444,1
121.065172,14.531149,-1.4225158817145689,1.8549839220253697,-2.4035060681288822,-2.443155508108416,1.7994719910754386,2.637477523624352,1
121.0553,14.53712,-1.285737709074194,1.122106438111597,-2.894375502009291,-2.2175875769192706,-0.4539776066153886,-0.5791337502943024,1
121.0553,14.53712,-1.3297178288942502,1.122106438111597,-2.841038360494839,-2.465143650493252,-0.5750385815047591,-0.6661391385790091,1
121.0553,14.53712,-1.285737709074194,1.122106438111597,-2.890931202930323,-1.5484359814319812,-0.2172396763859751,-0.5094480680587425,1
121.0553,14.53712,-1.263747649164166,1.122106438111597,-2.89095241128705,-1.5653273118835649,-0.2216111733509991,-0.5081969596232352,1
121.050318,14.540867,-1.2628680467677649,0.7698185873149774,-2.6334230949107047,-2.040056688255645,-1.223497585072402,-0.326118880718423,1
121.0553,14.53712,-1.241757589254138,1.122106438111597,-2.890920598751959,-1.5399903162061892,-0.2150539279034631,-0.5100736222764963,1
121.0553,14.53712,-0.5862778834560213,1.122106438111597,-2.8949057109274725,-2.639870838208862,-0.5632650307409868,-0.5478560394066163,1
121.065172,14.531149,-1.1216039019057449,1.8549839220253697,-2.403616563667431,-2.531159339761167,1.7766964918876642,2.643995798573346,1
121.065172,14.531149,-1.050707948755814,1.8549839220253697,-2.403558240686431,-2.4847081810193123,1.78871810854148,2.6405552503757006,1
121.0553,14.53712,-1.3033297570022164,1.122106438111597,-2.8909948280005047,-1.5991099727867322,-0.2303541672810469,-0.5056947427522203,1
121.065172,14.531149,-1.444066140426396,1.8549839220253697,-2.4035962036449727,-2.5149436625276467,1.7808931289740872,2.6427947344752587,1
121.0553,14.53712,-1.3033297570022164,1.122106438111597,-2.8909736196437774,-1.5822186423351483,-0.225982670316023,-0.5069458511877276,1
121.0553,14.53712,-1.206573493398093,1.122106438111597,-2.891005432178868,-1.607555638012524,-0.2325399157635588,-0.5050691885344665,1
121.050318,14.540867,-1.1098172297939697,0.7698185873149774,-2.6300212125451905,-1.4046877536715232,-0.9955026487730364,-0.2539309816118482,1
121.04882655235,14.533395182741,-1.1977774694340817,0.6824110591871902,-2.37341508681972,-1.899210538234701,0.2435569871918401,1.3388140140004137,1
121.0553,14.53712,-1.1977774694340817,1.122106438111597,-2.890931202930323,-1.5484359814319812,-0.2172396763859751,-0.5094480680587425,1
121.0487,14.53391,-1.3121257809662277,0.6694291512884402,-2.4364967675756697,-1.877030516974309,0.1738188443143388,1.295334010837894,1
121.0494178,14.5330947,-1.3033297570022164,0.7266682596102879,-2.3574283547195383,-1.8582008810958992,0.2286483503306867,1.3493150624568515,1
121.0553,14.53712,-1.3204820037320384,1.122106438111597,-2.891016036357232,-1.6160013032383158,-0.2347256642460708,-0.5044436343167127,1
121.0553,14.53712,-1.3297178288942502,1.122106438111597,-2.8909948280005047,-1.5991099727867322,-0.2303541672810469,-0.5056947427522203,1
121.065172,14.531149,-1.1450013256500144,1.8549839220253697,-2.406934460940305,-3.099638605757019,1.5660126835697934,2.566853510062162,1
121.065172,14.531149,-1.3121257809662277,1.8549839220253697,-2.4034901618613365,-2.4304870102697285,1.8027506137992064,2.6365391922977217,1
121.0521,14.52655,-1.1537973496140257,0.9993545043798296,-2.43368877116752,-2.2012423579061258,1.3030570724809063,1.146508495716356,1
121.050318,14.540867,-1.3121257809662277,0.7698185873149774,-2.6299151707615542,-1.320231101413605,-0.9736451639479168,-0.2601865237893854,1
121.0553,14.53712,-1.2681456611461717,1.122106438111597,-2.891016036357232,-1.6160013032383158,-0.2347256642460708,-0.5044436343167127,1
121.050318,14.540867,-1.3736979487143064,0.7698185873149774,-2.6299894000100994,-1.3793507579941475,-0.9889454033255004,-0.2558076442651094,1
121.0553,14.53712,-1.285737709074194,1.122106438111597,-2.89095241128705,-1.5653273118835649,-0.2216111733509991,-0.5081969596232352,1
121.050318,14.540867,-1.241757589254138,0.7698185873149774,-2.629978795831736,-1.370905092768356,-0.9867596548429884,-0.256433198482863,1
121.0521,14.52655,-1.2593496371821604,0.9993545043798296,-2.433752396237701,-2.2519163492608767,1.2899425815858343,1.1502618210228783,1
121.0521,14.52655,-1.285737709074194,0.9993545043798296,-2.433752396237701,-2.2519163492608767,1.2899425815858343,1.1502618210228783,1
121.0553,14.53712,-1.241757589254138,1.122106438111597,-2.894375502009291,-2.2175875769192706,-0.4539776066153886,-0.5791337502943024,1
121.0553,14.53712,-1.285737709074194,1.122106438111597,-2.8909948280005047,-1.5991099727867322,-0.2303541672810469,-0.5056947427522203,1
121.0494184,14.53260223,-0.9778768703338012,0.731122617132766,-2.294325465606861,-1.863489571904708,0.3027579901732118,1.3915439571838633,1
121.065172,14.531149,-1.4616581883544186,1.8549839220253697,-2.4034831631036164,-2.4249128712207058,1.8041932077976648,2.636126326514004,1
121.065172,14.531149,-1.241757589254138,1.8549839220253697,-2.4034831631036164,-2.4249128712207058,1.8041932077976648,2.636126326514004,1
121.0553,14.53712,-1.276941685110183,1.122106438111597,-2.8909736196437774,-1.5822186423351483,-0.225982670316023,-0.5069458511877276,1
121.0521,14.52655,-1.285737709074194,0.9993545043798296,-2.4342401884424283,-2.640416949647301,1.1893981513902845,1.1790373150395497,1
121.0521,14.52655,-1.2945337330382052,0.9993545043798296,-2.433752396237701,-2.2519163492608767,1.2899425815858343,1.1502618210228783,1
121.0494184,14.53260223,-1.2241655413261154,0.731122617132766,-2.2943360697852246,-1.8719352371305,0.3005722416906998,1.392169511401617,1
121.0553,14.53712,-1.3297178288942502,1.122106438111597,-2.891005432178868,-1.607555638012524,-0.2325399157635588,-0.5050691885344665,1
121.050318,14.540867,-1.285737709074194,0.7698185873149774,-2.629978795831736,-1.370905092768356,-0.9867596548429884,-0.256433198482863,1
121.0502,14.53352,0.2095863648077144,0.7784029629484923,-2.66579516004921,-1.9211354338897,-0.1683083153592748,1.2889161326059135,1
121.0521,14.52655,-1.1362053016860032,0.9993545043798296,-2.4371330702464884,-2.870393953393416,1.0663191422514928,1.076822813480796,1
121.0521,14.52655,-1.1977774694340817,0.9993545043798296,-2.43368877116752,-2.2012423579061258,1.3030570724809063,1.146508495716356,1
121.050318,14.540867,-1.1977774694340817,0.7698185873149774,-2.6798504299104926,-0.4373060932555002,-0.6245892527591809,-0.1009932363981041,1
121.050318,14.540867,-1.1537973496140257,0.7698185873149774,-2.629830337334645,-1.2526657796072702,-0.956159176087821,-0.2651909575314152,1
121.0494178,14.5330947,-1.320921804930239,0.7266682596102879,-2.3574707714329928,-1.8919835419990665,0.2199053564006388,1.3518172793278664,1
121.0521,14.52655,-1.2681456611461717,0.9993545043798296,-2.433752396237701,-2.2519163492608767,1.2899425815858343,1.1502618210228783,1
121.050318,14.540867,-1.3473098768222729,0.7698185873149774,-2.629993641681445,-1.3827290240844643,-0.9898197027185052,-0.2555574225780078,1
121.0487,14.53391,-1.285737709074194,0.6694291512884402,-2.4364967675756697,-1.877030516974309,0.1738188443143388,1.295334010837894,1
121.0553,14.53712,-1.278700889902985,1.122106438111597,-2.8943967103660184,-2.234478907370854,-0.4583491035804125,-0.5778826418587948,1
121.065172,14.531149,-1.378095960696312,1.8549839220253697,-2.406988966417094,-3.143049325017589,1.5547779363696816,2.570068858741416,1
121.065172,14.531149,-1.241757589254138,1.8549839220253697,-2.407040502723941,-3.184095258014937,1.544155198744673,2.573109052239699,1
121.0553,14.53712,-1.1537973496140257,1.122106438111597,-2.89095241128705,-1.5653273118835649,-0.2216111733509991,-0.5081969596232352,1
121.065172,14.531149,-1.3736979487143064,1.8549839220253697,-2.403511370218064,-2.447378340721312,1.798379116834183,2.637790300733229,1
121.0553,14.53712,-1.232961565290127,1.122106438111597,-2.8909948280005047,-1.5991099727867322,-0.2303541672810469,-0.5056947427522203,1
121.0553,14.53712,-1.3473098768222729,1.122106438111597,-2.89095241128705,-1.5653273118835649,-0.2216111733509991,-0.5081969596232352,1
121.050318,14.540867,-0.5116876002412061,0.7698185873149774,-2.6298727540481,-1.2864484405104375,-0.9649021700178688,-0.2626887406604002,1
121.0553,14.53712,-1.320921804930239,1.122106438111597,-2.89095241128705,-1.5653273118835649,-0.2216111733509991,-0.5081969596232352,1
121.0494184,14.53260223,-1.1098172297939697,0.731122617132766,-2.2943360697852246,-1.8719352371305,0.3005722416906998,1.392169511401617,1
121.0553,14.53712,-1.241757589254138,1.122106438111597,-2.89095241128705,-1.5653273118835649,-0.2216111733509991,-0.5081969596232352,1
121.0453,14.48759,-1.285737709074194,0.9563834232121864,-2.609646630793996,-1.9452934119751013,0.6411878189556844,-0.3348959982943759,1
121.065172,14.531149,-1.356105900786284,1.8549839220253697,-2.4034901618613365,-2.4304870102697285,1.8027506137992064,2.6365391922977217,1
121.065172,14.531149,-1.3473098768222729,1.8549839220253697,-2.4035898411379546,-2.509876263392172,1.7822045780635944,2.6424194019446063,1
121.0553,14.53712,-1.3297178288942502,1.122106438111597,-2.89095241128705,-1.5653273118835649,-0.2216111733509991,-0.5081969596232352,1
121.050318,14.540867,-1.3110702580905464,0.7698185873149774,-2.6299894000100994,-1.3793507579941475,-0.9889454033255004,-0.2558076442651094,1
121.0553,14.53712,-1.285737709074194,1.122106438111597,-2.891005432178868,-1.607555638012524,-0.2325399157635588,-0.5050691885344665,1
121.065172,14.531149,-1.3297178288942502,1.8549839220253697,-2.4035109460509294,-2.4470405141122806,1.7984665467734833,2.637765278564519,1
121.050318,14.540867,-1.3297178288942502,0.7698185873149774,-2.6299147465944195,-1.3198932748045735,-0.9735577340086162,-0.2602115459580956,1
121.065172,14.531149,-1.3912899966423289,1.8549839220253697,-2.4035896290543874,-2.509707350087656,1.7822482930332444,2.642406890860252,1
121.0553,14.53712,-1.0218569901538572,1.122106438111597,-2.891037244713959,-1.6328926336898997,-0.2390971612110947,-0.5031925258812053,1
121.0494184,14.53260223,-1.0658371099739137,0.731122617132766,-2.297843993934375,-2.5917608239725407,0.0507198205662144,1.3262371544725795,1
121.050318,14.540867,-1.1977774694340817,0.7698185873149774,-2.629978795831736,-1.370905092768356,-0.9867596548429884,-0.256433198482863,1
121.0494178,14.5330947,-1.3297178288942502,0.7266682596102879,-2.3574283547195383,-1.8582008810958992,0.2286483503306867,1.3493150624568515,1
121.0553,14.53712,-1.2681456611461717,1.122106438111597,-2.8909948280005047,-1.5991099727867322,-0.2303541672810469,-0.5056947427522203,1
121.0487,14.53391,-1.3385138528582614,0.6694291512884402,-2.4364967675756697,-1.877030516974309,0.1738188443143388,1.295334010837894,1
121.0494184,14.53260223,-1.2945337330382052,0.731122617132766,-2.2943996948554064,-1.922609228485251,0.2874577507956281,1.395922836708139,1
121.04673207403,14.528865245995,-1.0658371099739137,0.5896646611703004,-2.4087912609641133,-1.9319592036058992,0.5055093249892125,1.2864753603098436,1
121.0553,14.53712,-1.127409277721992,1.122106438111597,-2.89095241128705,-1.5653273118835649,-0.2216111733509991,-0.5081969596232352,1
121.050318,14.540867,-1.3297178288942502,0.7698185873149774,-2.6300000041884632,-1.3877964232199396,-0.9911311518080124,-0.2551820900473557,1
121.0553,14.53712,-1.2593496371821604,1.122106438111597,-2.891016036357232,-1.6160013032383158,-0.2347256642460708,-0.5044436343167127,1
121.065172,14.531149,-1.3736979487143064,1.8549839220253697,-2.4034901618613365,-2.4304870102697285,1.8027506137992064,2.6365391922977217,1
121.0521,14.52655,-1.2312903207369643,0.9993545043798296,-2.43719669531667,-2.921067944748167,1.053204651356421,1.0805761387873185,1
121.06012,14.5306821,-1.276203258898404,1.5033765913452333,-2.501803861452485,-2.1779243641256203,1.1396820446656628,1.0845210026232552,1
121.065172,14.531149,-1.246864924923035,1.8549839220253697,-2.4035039472932094,-2.441466375063258,1.7999091407719412,2.637352412780801,1
121.065172,14.531149,-1.285737709074194,1.8549839220253697,-2.403511370218064,-2.447378340721312,1.798379116834183,2.637790300733229,1
121.0614338,14.5307392,-1.3297178288942502,1.5952982528205195,-2.4936721869583254,-2.232941816040928,1.453219455732243,1.1699474082179488,1
121.050318,14.540867,-1.241757589254138,0.7698185873149774,-2.6298320340031838,-1.254017086043397,-0.9565088958450229,-0.2650908688565746,1
121.065172,14.531149,-1.0227365925502585,1.8549839220253697,-2.403558240686431,-2.4847081810193123,1.78871810854148,2.6405552503757006,1
121.06012,14.5306821,-1.362800994426491,1.5033765913452333,-2.501818707302194,-2.1897482954417296,1.136621996790146,1.0853967785281105,1
121.065172,14.531149,-1.0394490380818795,1.8549839220253697,-2.4035962036449727,-2.5149436625276467,1.7808931289740872,2.6427947344752587,1
121.0494184,14.53260223,-1.1977774694340817,0.731122617132766,-2.2943360697852246,-1.8719352371305,0.3005722416906998,1.392169511401617,1
121.065172,14.531149,-1.0354028670584343,1.8549839220253697,-2.407019294367214,-3.167203927563353,1.5485266957096977,2.5718579438041917,1
121.050318,14.540867,1.1384464954073,0.7698185873149774,-2.671296975749466,2.2269665381683987,0.1920491194540246,-0.0598338841143187,1
121.050318,14.540867,2.0427357247055764,0.7698185873149774,-2.6747412748284347,1.557814942681107,-0.0446888107753889,-0.1295195663498785,1
121.050318,14.540867,0.499855155620085,0.7698185873149774,-2.7245598880153734,2.5336422683229225,0.3284103337209785,0.0227926246461117,1
121.0553,14.53712,1.7049104386896237,1.122106438111597,-2.9854910867572326,2.373002710110881,1.1023018091430157,-0.2314733533652752,1
121.0553,14.53712,-1.3912899966423289,1.122106438111597,-2.9356724735702944,1.3971753844690653,0.7292026646466482,-0.3837855443612654,1
121.050318,14.540867,0.7109597307563544,0.7698185873149774,-2.671127308895648,2.362097181781068,0.227021095174216,-0.0698427515983782,1
121.050318,14.540867,0.8692881621085565,0.7698185873149774,-2.72443263787501,2.634990251032425,0.3546393155111221,0.015285974033067,1
121.050318,14.540867,1.511397911481376,0.7698185873149774,-2.720988338796041,3.304141846519715,0.5913772457405354,0.0849716562686269,1
121.050318,14.540867,1.1234932546684808,0.7698185873149774,-2.6747412748284347,1.557814942681107,-0.0446888107753889,-0.1295195663498785,1
121.0553,14.53712,-1.3736979487143064,1.122106438111597,-2.9357573069972034,1.3296100626627307,0.7117166767865525,-0.3787811106192357,1
121.050318,14.540867,-1.3736979487143064,0.7698185873149774,-2.6747412748284347,1.557814942681107,-0.0446888107753889,-0.1295195663498785,1
121.0553,14.53712,-1.3121257809662277,1.122106438111597,-2.9357573069972034,1.3296100626627307,0.7117166767865525,-0.3787811106192357,1
121.050318,14.540867,1.4410297197692865,0.7698185873149774,-2.7212852557902227,3.067663220197544,0.5301762882302002,0.1024871743657311,1
121.050318,14.540867,0.8253080422885003,0.7698185873149774,-2.674762483185162,1.5409236122295231,-0.0490603077404128,-0.128268457914371,1
121.050318,14.540867,1.282701288417084,0.7698185873149774,-2.671296975749466,2.2269665381683987,0.1920491194540246,-0.0598338841143187,1
121.050318,14.540867,1.0012285215687249,0.7698185873149774,-2.7211155889364047,3.202793863810213,0.5651482639503919,0.0924783068816716,1
121.050318,14.540867,1.3266814082371403,0.7698185873149774,-2.681587456272917,0.2532944126096942,-0.509421677304168,-0.2713931476920131,1
121.050318,14.540867,2.6284929549108016,0.7698185873149774,-2.6744655661909804,1.7774022385516943,0.0121406497699221,-0.1457839760114752,1
121.050318,14.540867,1.1771490008489494,0.7698185873149774,-2.7245598880153734,2.5336422683229225,0.3284103337209785,0.0227926246461117,1
121.050318,14.540867,1.8808309179698477,0.7698185873149774,-2.671127308895648,2.362097181781068,0.227021095174216,-0.0698427515983782,1
121.050318,14.540867,1.353069480129174,0.7698185873149774,-2.7245598880153734,2.5336422683229225,0.3284103337209785,0.0227926246461117,1
121.0521,14.52655,2.091935493106117,0.9993545043798296,-2.525037647839461,2.203543294156605,2.8112500216240472,1.5079310854359649,1
121.0521,14.52655,2.1623036848182067,0.9993545043798296,-2.524952814412552,2.27110861596294,2.828736009484143,1.502926651693935,1
121.04583993757,14.5373493763,2.167229458238053,0.4497596304192451,-2.635835127243663,1.7760841596893355,1.2670118398862875,1.377090125573233,1
121.050318,14.540867,1.96879115760996,0.7698185873149774,-2.6744655661909804,1.7774022385516943,0.0121406497699221,-0.1457839760114752,1
121.050318,14.540867,1.2651092404890616,0.7698185873149774,-2.7212640474334955,3.0845545506491274,0.5345477851952242,0.1012360659302236,1
121.050318,14.540867,1.7049104386896237,0.7698185873149774,-2.7209777346176773,3.312587511745507,0.5935629942230473,0.0843461020508731,1
121.0518771,14.5380015,0.3188329824407339,0.8775213476178564,-2.644241568632895,1.990279636924993,1.3446905483565936,1.4918120088165645,1
121.050318,14.540867,0.5614273233681636,0.7698185873149774,-2.672976708575496,1.9261734013279197,0.0824231482693656,-0.0971789421031135,1
121.050318,14.540867,0.6444617895884298,0.7698185873149774,-2.671296975749466,2.2269665381683987,0.1920491194540246,-0.0598338841143187,1
121.050318,14.540867,0.9415914790927288,0.7698185873149774,-2.671296975749466,2.2269665381683987,0.1920491194540246,-0.0598338841143187,1
121.050318,14.540867,1.5289899594093983,0.7698185873149774,-2.674592816331344,1.6760542558421925,-0.0140883320202214,-0.1382773253984306,1
121.050318,14.540867,0.7141262993833984,0.7698185873149774,-2.671296975749466,2.2269665381683987,0.1920491194540246,-0.0598338841143187,1
121.050318,14.540867,1.0012285215687249,0.7698185873149774,-2.6745716079746167,1.6929455862937763,-0.0097168350551973,-0.139528433833938,1
121.050318,14.540867,1.0211075357273902,0.7698185873149774,-2.671296975749466,2.2269665381683987,0.1920491194540246,-0.0598338841143187,1
121.050318,14.540867,0.8692881621085565,0.7698185873149774,-2.6746352330447984,1.6422715949390252,-0.0228313259502692,-0.1357751085274157,1
121.050318,14.540867,1.1771490008489494,0.7698185873149774,-2.6746564414015257,1.6253802644874416,-0.0272028229152932,-0.1345240000919082,1
121.04378554929,14.553076641946,1.0891887612088376,0.4761643483803081,-2.192296062998996,2.66313047448653,1.8017167061410628,1.9635063459604607,1
121.04562,14.53631,1.4508812666089788,0.4374182596594019,-2.541581604861945,1.7003787942456958,1.4494198902586688,1.4392947096788733,1
121.050318,14.540867,1.1771490008489494,0.7698185873149774,-2.720988338796041,3.304141846519715,0.5913772457405354,0.0849716562686269,1
121.050318,14.540867,1.4410297197692865,0.7698185873149774,-2.7212004223633137,3.135228542003879,0.5476622760902962,0.0974827406237013,1
121.050318,14.540867,1.2651092404890616,0.7698185873149774,-2.724708346512464,2.415402955161837,0.2978098549658111,0.0315503836946637,1
121.050318,14.540867,0.6001298288098129,0.7698185873149774,-2.6747412748284347,1.557814942681107,-0.0446888107753889,-0.1295195663498785,1
121.050318,14.540867,0.7274962558086955,0.7698185873149774,-2.671296975749466,2.2269665381683987,0.1920491194540246,-0.0598338841143187,1
121.050318,14.540867,1.5289899594093983,0.7698185873149774,-2.7212640474334955,3.0845545506491274,0.5345477851952242,0.1012360659302236,1
121.050318,14.540867,0.9132682819286126,0.7698185873149774,-2.7212852557902227,3.067663220197544,0.5301762882302002,0.1024871743657311,1
121.050318,14.540867,0.7637358745404218,0.7698185873149774,-2.6730191252889504,1.892390740424752,0.0736801543393178,-0.0946767252320986,1
121.050318,14.540867,-1.6345000592472392,0.7698185873149774,-2.724623513085555,2.482968276968172,0.3152958428259068,0.0265459499526339,1
121.050318,14.540867,-0.2302148333928468,0.7698185873149774,-2.67469885811498,1.5915976035842745,-0.035945816845341,-0.1320217832208934,1
121.050318,14.540867,1.2008103053121395,0.7698185873149774,-2.674762483185162,1.5409236122295231,-0.0490603077404128,-0.128268457914371,1
121.050318,14.540867,0.4294869639079951,0.7698185873149774,-2.674762483185162,1.5409236122295231,-0.0490603077404128,-0.128268457914371,1
121.050318,14.540867,1.8808309179698477,0.7698185873149774,-2.724411429518282,2.6518815814840084,0.359010812476146,0.0140348655975595,1
121.05399,14.5362,0.8253080422885003,1.0317402411107783,-2.7467903869989896,2.228552057993669,1.329807416969295,1.3714560179908792,1
121.0459956,14.5381342,1.7049104386896237,0.4595401463375056,-2.780419624156908,2.237154702964946,1.1995124735773546,1.4070537994420462,1
121.0553,14.53712,1.625746223013522,1.122106438111597,-2.992400893271897,1.017808188684716,0.6244544517191651,-0.3695936094008873,1
121.050318,14.540867,2.0567513972500717,0.7698185873149774,-2.6744655661909804,1.7774022385516943,0.0121406497699221,-0.1457839760114752,1
121.050318,14.540867,1.6609303188695668,0.7698185873149774,-2.724708346512464,2.415402955161837,0.2978098549658111,0.0315503836946637,1
121.050318,14.540867,1.8808309179698477,0.7698185873149774,-2.671296975749466,2.2269665381683987,0.1920491194540246,-0.0598338841143187,1
121.050318,14.540867,2.3206321161704087,0.7698185873149774,-2.67469885811498,1.5915976035842745,-0.035945816845341,-0.1320217832208934,1
121.050318,14.540867,0.7373478026483884,0.7698185873149774,-2.7211155889364047,3.202793863810213,0.5651482639503919,0.0924783068816716,1
121.0553,14.53712,0.6493875630082758,1.122106438111597,-2.9357573069972034,1.3296100626627307,0.7117166767865525,-0.3787811106192357,1
121.050318,14.540867,0.506891974791294,0.7698185873149774,-2.6747412748284347,1.557814942681107,-0.0446888107753889,-0.1295195663498785,1
121.050318,14.540867,0.6493875630082758,0.7698185873149774,-2.7211155889364047,3.202793863810213,0.5651482639503919,0.0924783068816716,1
121.050318,14.540867,1.6609303188695668,0.7698185873149774,-2.67469885811498,1.5915976035842745,-0.035945816845341,-0.1320217832208934,1
121.0553,14.53712,1.6081541750854995,1.122106438111597,-2.9821528294619,2.957697653340253,1.3171822545473095,-0.155532128952178,1
121.0553,14.53712,1.3090893603091178,1.122106438111597,-2.985565316005778,2.313883053530338,1.0870015697654318,-0.2270944738409991,1
121.050318,14.540867,1.353069480129174,0.7698185873149774,-2.724708346512464,2.415402955161837,0.2978098549658111,0.0315503836946637,1
121.050318,14.540867,0.5614273233681636,0.7698185873149774,-2.72794056202416,1.915164664190382,0.1047868943866368,-0.0506463828959704,1
121.050318,14.540867,0.1216261251676022,0.7698185873149774,-2.7212004223633137,3.135228542003879,0.5476622760902962,0.0974827406237013,1
121.048559,14.497994,0.8253080422885003,1.0944641112346911,-2.4434738025305305,0.4357046350982482,3.020865087822981,1.3511404040595187,1
121.0553,14.53712,1.7049104386896237,1.122106438111597,-2.9923796849151696,1.0346995191362998,0.6288259486841891,-0.3708447178363948,1
121.050318,14.540867,1.0012285215687249,0.7698185873149774,-2.6713181841061933,2.210075207716814,0.1876776224890007,-0.0585827756788112,1
121.050318,14.540867,1.5201939354453873,0.7698185873149774,-2.7211155889364047,3.202793863810213,0.5651482639503919,0.0924783068816716,1
121.050318,14.540867,0.2975466044478267,0.7698185873149774,-2.678100740480494,0.956228669000152,-0.2639407531447066,-0.2042096823274681,1
121.050318,14.540867,1.5289899594093983,0.7698185873149774,-2.721051963866223,3.2534678551649643,0.5782627548454636,0.0887249815751492,1
121.0518771,14.5380015,1.0003489191723238,0.8775213476178564,-2.64426065615395,1.9750774395185675,1.340756201088072,1.4929380064085211,1
121.0553,14.53712,0.3855068440879393,1.122106438111597,-2.992326664023352,1.0769278452652586,0.639754691096749,-0.3739724889251634,1
121.050318,14.540867,1.4410297197692865,0.7698185873149774,-2.6711485172523752,2.345205851329484,0.2226495982091921,-0.0685916431628708,1
121.050318,14.540867,1.1771490008489494,0.7698185873149774,-2.7211155889364047,3.202793863810213,0.5651482639503919,0.0924783068816716,1
121.050318,14.540867,1.0012285215687249,0.7698185873149774,-2.674592392164209,1.6763920824512242,-0.0140009020809208,-0.1383023475671408,1
121.050318,14.540867,1.432233695805275,0.7698185873149774,-2.674592816331344,1.6760542558421925,-0.0140883320202214,-0.1382773253984306,1
121.050318,14.540867,1.4410297197692865,0.7698185873149774,-2.7246447214422824,2.4660769465165884,0.3109243458608828,0.0277970583881414,1
121.050318,14.540867,1.8808309179698477,0.7698185873149774,-2.671212142322557,2.2945318599747333,0.2095351073141203,-0.0648383178563484,1
121.050318,14.540867,0.7646154769368229,0.7698185873149774,-2.72443263787501,2.634990251032425,0.3546393155111221,0.015285974033067,1
121.0553,14.53712,0.5614273233681636,1.122106438111597,-2.935481598359749,1.5491973585333183,0.7685461373318635,-0.3950455202808325,1
121.050318,14.540867,2.408592355810522,0.7698185873149774,-2.67469885811498,1.5915976035842745,-0.035945816845341,-0.1320217832208934,1
121.050318,14.540867,2.0567513972500717,0.7698185873149774,-2.681651081343099,0.2026204212549432,-0.5225361681992398,-0.2676398223854908,1
121.050318,14.540867,2.032562331349041,0.7698185873149774,-2.6815450395594627,0.2870770735128615,-0.5006786833741201,-0.273895364563028,1
121.050318,14.540867,1.8104627262577575,0.7698185873149774,-2.681481414489281,0.3377510648676124,-0.4875641924790483,-0.2776486898695504,1
121.050318,14.540867,0.8150166942506072,0.7698185873149774,-2.6746564414015257,1.6253802644874416,-0.0272028229152932,-0.1345240000919082,1
121.050318,14.540867,0.7828716246741282,0.7698185873149774,-2.6747412748284347,1.557814942681107,-0.0446888107753889,-0.1295195663498785,1
121.050318,14.540867,1.1585893902848858,0.7698185873149774,-2.671296975749466,2.2269665381683987,0.1920491194540246,-0.0598338841143187,1
121.050318,14.540867,1.280062481227881,0.7698185873149774,-2.724708346512464,2.415402955161837,0.2978098549658111,0.0315503836946637,1
121.050318,14.540867,0.4734670837280513,0.7698185873149774,-2.7280041870943417,1.864490672835631,0.0916724034915651,-0.046893057589448,1
121.050318,14.540867,1.7805562447801195,0.7698185873149774,-2.6712545590360115,2.260749199071566,0.2007921133840725,-0.0623361009853336,1
121.050318,14.540867,0.8135213701767253,0.7698185873149774,-2.6747412748284347,1.557814942681107,-0.0446888107753889,-0.1295195663498785,1
121.050318,14.540867,0.8125538075406841,0.7698185873149774,-2.6746564414015257,1.6253802644874416,-0.0272028229152932,-0.1345240000919082,1
121.050318,14.540867,0.8253080422885003,0.7698185873149774,-2.7244432420533733,2.626544585806633,0.35245356702861,0.0159115282508207,1
121.050318,14.540867,0.077646005347546,0.7698185873149774,-2.721214207795186,3.1242491772103493,0.5448208030630305,0.0982959611067812,1
121.050318,14.540867,0.9572484017486688,0.7698185873149774,-2.6747412748284347,1.557814942681107,-0.0446888107753889,-0.1295195663498785,1
121.050318,14.540867,0.8135213701767253,0.7698185873149774,-2.6746564414015257,1.6253802644874416,-0.0272028229152932,-0.1345240000919082,1
121.050318,14.540867,2.2326718765302966,0.7698185873149774,-2.67469885811498,1.5915976035842745,-0.035945816845341,-0.1320217832208934,1
121.050318,14.540867,0.7871332982846916,0.7698185873149774,-2.6746564414015257,1.6253802644874416,-0.0272028229152932,-0.1345240000919082,1
121.050318,14.540867,2.144711636890184,0.7698185873149774,-2.67469885811498,1.5915976035842745,-0.035945816845341,-0.1320217832208934,1
121.050318,14.540867,2.4965525954506336,0.7698185873149774,-2.67469885811498,1.5915976035842745,-0.035945816845341,-0.1320217832208934,1
121.0453,14.48759,1.0715967132808146,0.9563834232121864,-2.7006985904717555,2.695970866409802,2.210581725609161,0.0090110733281289,1
121.050318,14.540867,0.579019371296186,0.7698185873149774,-2.674762483185162,1.5409236122295231,-0.0490603077404128,-0.128268457914371,1
121.050318,14.540867,1.353069480129174,0.7698185873149774,-2.6712545590360115,2.260749199071566,0.2007921133840725,-0.0623361009853336,1
121.0553,14.53712,0.2095863648077144,1.122106438111597,-2.985427461687051,2.423676701465632,1.1154163000380874,-0.2352266786717974,1
121.0553,14.53712,1.5252076691048737,1.122106438111597,-2.9923584765584423,1.0515908495878832,0.633197445649213,-0.3720958262719022,1
121.050318,14.540867,0.7373478026483884,0.7698185873149774,-2.6745716079746167,1.6929455862937763,-0.0097168350551973,-0.139528433833938,1
121.050318,14.540867,0.7637358745404218,0.7698185873149774,-2.674762483185162,1.5409236122295231,-0.0490603077404128,-0.128268457914371,1
121.0553,14.53712,1.4410297197692865,1.122106438111597,-2.9926341851958966,0.8320035537172958,0.576367985103902,-0.3558314166103055,1
121.050318,14.540867,1.3090893603091178,0.7698185873149774,-2.7314378819949465,1.2037847425741328,-0.1428797782553363,-0.1172042940427615,1
121.050318,14.540867,1.0452086413887811,0.7698185873149774,-2.6746564414015257,1.6253802644874416,-0.0272028229152932,-0.1345240000919082,1
121.050318,14.540867,0.9132682819286126,0.7698185873149774,-2.6746352330447984,1.6422715949390252,-0.0228313259502692,-0.1357751085274157,1
121.0553,14.53712,1.353069480129174,1.122106438111597,-2.9855547118274144,2.32232871875613,1.0891873182479437,-0.2277200280587528,1
121.0502,14.53352,0.2975466044478267,0.7784029629484923,-2.6532353853559427,1.8599090499884552,1.0009126566564783,1.3666067935843116,1
121.04993,14.54805,0.9572484017486688,0.8042660444786396,-1.7872881233941784,1.8812436039364728,-0.0693558535868365,1.7458842074612595,1
121.065172,14.531149,-0.7139961514134645,1.8549839220253697,-2.498113670758428,1.4402776899183805,3.1091776084331264,2.918267232297711,1
121.050318,14.540867,0.5174472035481075,0.7698185873149774,-2.6711485172523752,2.345205851329484,0.2226495982091921,-0.0685916431628708,1
121.0553,14.53712,1.5698386946982663,1.122106438111597,-2.9856607536110507,2.237872066498212,1.067329833422824,-0.2214644858812156,1
121.050318,14.540867,0.786605536846851,0.7698185873149774,-2.6747412748284347,1.557814942681107,-0.0446888107753889,-0.1295195663498785,1
121.050318,14.540867,0.8253080422885003,0.7698185873149774,-2.720967130439314,3.321033176971299,0.5957487427055593,0.0837205478331194,1
121.050318,14.540867,1.0891887612088376,0.7698185873149774,-2.6746564414015257,1.6253802644874416,-0.0272028229152932,-0.1345240000919082,1
121.050318,14.540867,0.8692881621085565,0.7698185873149774,-2.681587456272917,0.2532944126096942,-0.509421677304168,-0.2713931476920131,1
121.050318,14.540867,1.8285649435756928,0.7698185873149774,-2.62794279358592,0.250662630583676,-0.5670959462006913,-0.3765396082915776,1
121.0553,14.53712,1.4410297197692865,1.122106438111597,-2.982046787678264,3.0421543055981712,1.339039739372429,-0.1617876711297152,1
121.0553,14.53712,0.9044722579646014,1.122106438111597,-2.942561071728232,0.0588721934944853,0.2557268041878215,-0.5231569088323851,1
121.050318,14.540867,1.0012285215687249,0.7698185873149774,-2.7316181530271284,1.0602084337356716,-0.1800375024580397,-0.1065698723409483,1
121.050318,14.540867,1.1331688810288931,0.7698185873149774,-2.6730191252889504,1.892390740424752,0.0736801543393178,-0.0946767252320986,1
121.050318,14.540867,1.247517192561039,0.7698185873149774,-2.7212640474334955,3.0845545506491274,0.5345477851952242,0.1012360659302236,1
121.050318,14.540867,1.353069480129174,0.7698185873149774,-2.731596944670401,1.0770997641872553,-0.1756660054930158,-0.1078209807764557,1
121.050318,14.540867,1.1771490008489494,0.7698185873149774,-2.731427277816583,1.2122304077999246,-0.1406940297728244,-0.1178298482605152,1
121.050318,14.540867,1.2008103053121395,0.7698185873149774,-2.6747412748284347,1.557814942681107,-0.0446888107753889,-0.1295195663498785,1
121.050318,14.540867,1.2179625520419617,0.7698185873149774,-2.6746564414015257,1.6253802644874416,-0.0272028229152932,-0.1345240000919082,1
121.044031,14.55388668,-0.1422545937527345,0.4961270584456807,-1.9931244882054104,-1.950299771483668,0.3502738810166542,1.2878493526197408,1
121.050318,14.540867,1.2008103053121395,0.7698185873149774,-2.6746564414015257,1.6253802644874416,-0.0272028229152932,-0.1345240000919082,1
121.0553,14.53712,1.0012285215687249,1.122106438111597,-2.9323130079182347,1.9987616581500207,0.9484546070159656,-0.3090954283836759,1
121.050318,14.540867,1.3520139572534926,0.7698185873149774,-2.6747412748284347,1.557814942681107,-0.0446888107753889,-0.1295195663498785,1
121.050318,14.540867,1.2099581702347113,0.7698185873149774,-2.6746564414015257,1.6253802644874416,-0.0272028229152932,-0.1345240000919082,1
121.050318,14.540867,1.1771490008489494,0.7698185873149774,-2.7245181075526204,2.566918189312543,0.3370221827420757,0.020327941028162,1
121.050318,14.540867,0.6001298288098129,0.7698185873149774,-2.674762483185162,1.5409236122295231,-0.0490603077404128,-0.128268457914371,1
121.050318,14.540867,1.5289899594093983,0.7698185873149774,-2.7314696945300376,1.1784477468967574,-0.1494370237028722,-0.1153276313895004,1
121.050318,14.540867,1.7928706783297352,0.7698185873149774,-2.73130002767622,1.3135783905094267,-0.1144650479826807,-0.1253364988735599,1
121.065172,14.531149,-0.8019563910535766,1.8549839220253697,-2.498219712542064,1.3558210376604622,3.0873201236080066,2.9245227744752484,1
121.050318,14.540867,1.0012285215687249,0.7698185873149774,-2.671296975749466,2.2269665381683987,0.1920491194540246,-0.0598338841143187,1
121.050318,14.540867,1.8808309179698477,0.7698185873149774,-2.67469885811498,1.5915976035842745,-0.035945816845341,-0.1320217832208934,1
121.0553,14.53712,0.2975466044478267,1.122106438111597,-2.992326664023352,1.0769278452652586,0.639754691096749,-0.3739724889251634,1
121.0553,14.53712,-0.2185601016405319,1.122106438111597,-2.981993766786446,3.0843826317271303,1.3499684817849886,-0.1649154422184838,1
121.050318,14.540867,0.8253080422885003,0.7698185873149774,-2.6747412748284347,1.557814942681107,-0.0446888107753889,-0.1295195663498785,1
121.050318,14.540867,1.0012285215687249,0.7698185873149774,-2.72443263787501,2.634990251032425,0.3546393155111221,0.015285974033067,1
121.050318,14.540867,1.0452086413887811,0.7698185873149774,-2.6815450395594627,0.2870770735128615,-0.5006786833741201,-0.273895364563028,1
121.050318,14.540867,1.2103979714329118,0.7698185873149774,-2.6746564414015257,1.6253802644874416,-0.0272028229152932,-0.1345240000919082,1
121.050318,14.540867,0.579019371296186,0.7698185873149774,-2.6782067822641302,0.8717720167422335,-0.2857982379698263,-0.1979541401499309,1
121.050318,14.540867,-0.8995662208231677,0.7698185873149774,-2.6746564414015257,1.6253802644874416,-0.0272028229152932,-0.1345240000919082,1
121.0553,14.53712,-0.0542943541126223,1.122106438111597,-2.985427461687051,2.423676701465632,1.1154163000380874,-0.2352266786717974,1
121.050318,14.540867,1.353069480129174,0.7698185873149774,-2.671127308895648,2.362097181781068,0.227021095174216,-0.0698427515983782,1
121.050318,14.540867,1.0891887612088376,0.7698185873149774,-2.6711760881161206,2.3232471217424253,0.216966652154661,-0.0669652021967111,1
121.045392,14.549526,0.8253080422885003,0.5125831059824716,-2.3377994851822246,1.350649394378013,0.6879009367189272,1.4743932138548206,1
121.051226,14.54795811,0.5234284998436354,0.89345453593675,-1.7419683451697128,1.441249801664673,-0.1140067813754484,1.7471480921383298,1
121.050318,14.540867,1.353069480129174,0.7698185873149774,-2.6745716079746167,1.6929455862937763,-0.0097168350551973,-0.139528433833938,1
121.050318,14.540867,2.7604333143709696,0.7698185873149774,-2.6747200664717075,1.5747062731326906,-0.0403173138103649,-0.1307706747853859,1
121.0458943,14.53589488,0.7373478026483884,0.4586775326480054,-2.51598437747493,1.0345570653585645,1.2043172165104543,1.3810693751421663,1
121.045716,14.547869,0.6493875630082758,0.5081481606386872,-2.4004642421988587,1.8872805764161236,0.8566815179317373,1.4966871316736217,1
121.0436,14.55206,1.8808309179698477,0.4403887097429553,-2.289887206425344,2.154647636614345,1.4045593552733386,1.825323004188658,1
121.050318,14.540867,0.7637358745404218,0.7698185873149774,-2.624795411501133,0.6833355997487951,-0.3915589734816128,-0.2893384079589136,1
121.050318,14.540867,-0.0542943541126223,0.7698185873149774,-2.7245810963721007,2.5167509378713397,0.3240388367559546,0.024043733081619,1
121.050318,14.540867,-0.1422545937527345,0.7698185873149774,-2.674486774547708,1.760510908100111,0.0077691528048982,-0.1445328675759678,1
121.050318,14.540867,0.7373478026483884,0.7698185873149774,-2.674762483185162,1.5409236122295231,-0.0490603077404128,-0.128268457914371,1
121.050318,14.540867,0.4910591316560737,0.7698185873149774,-2.7211155889364047,3.202793863810213,0.5651482639503919,0.0924783068816716,1
121.050318,14.540867,1.2651092404890616,0.7698185873149774,-2.724453846231737,2.618098920580841,0.3502678185460982,0.0165370824685745,1
121.050318,14.540867,0.786605536846851,0.7698185873149774,-2.681629872986372,0.2195117517065269,-0.5181646712342158,-0.2688909308209982,1
121.050318,14.540867,1.353069480129174,0.7698185873149774,-2.6814602061325536,0.3546423953191962,-0.4831926955140243,-0.2788997983050578,1
121.050318,14.540867,2.0567513972500717,0.7698185873149774,-2.6814389977758264,0.3715337257707798,-0.4788211985490004,-0.2801509067405653,1
121.050318,14.540867,0.8253080422885003,0.7698185873149774,-2.681651081343099,0.2026204212549432,-0.5225361681992398,-0.2676398223854908,1
121.050318,14.540867,0.8253080422885003,0.7698185873149774,-2.681629872986372,0.2195117517065269,-0.5181646712342158,-0.2688909308209982,1
121.050318,14.540867,0.8253080422885003,0.7698185873149774,-2.73130002767622,1.3135783905094267,-0.1144650479826807,-0.1253364988735599,1
121.050318,14.540867,2.637288978874813,0.7698185873149774,-2.67469885811498,1.5915976035842745,-0.035945816845341,-0.1320217832208934,1
121.050318,14.540867,0.4294869639079951,0.7698185873149774,-2.7211155889364047,3.202793863810213,0.5651482639503919,0.0924783068816716,1
121.050318,14.540867,1.1771490008489494,0.7698185873149774,-2.7212004223633137,3.135228542003879,0.5476622760902962,0.0974827406237013,1
121.050318,14.540867,0.7197557547203657,0.7698185873149774,-2.720988338796041,3.304141846519715,0.5913772457405354,0.0849716562686269,1
121.050318,14.540867,0.2975466044478267,0.7698185873149774,-2.674762483185162,1.5409236122295231,-0.0490603077404128,-0.128268457914371,1
121.050318,14.540867,1.1650104877786138,0.7698185873149774,-2.6746564414015257,1.6253802644874416,-0.0272028229152932,-0.1345240000919082,1
121.050318,14.540867,0.7021637067923432,0.7698185873149774,-2.6815450395594627,0.2870770735128615,-0.5006786833741201,-0.273895364563028,1
121.050318,14.540867,1.6169501990495108,0.7698185873149774,-2.724411429518282,2.6518815814840084,0.359010812476146,0.0140348655975595,1
121.050318,14.540867,0.9396563538206464,0.7698185873149774,-2.681629872986372,0.2195117517065269,-0.5181646712342158,-0.2688909308209982,1
121.050318,14.540867,1.0012285215687249,0.7698185873149774,-2.674592816331344,1.6760542558421925,-0.0140883320202214,-0.1382773253984306,1
121.050318,14.540867,1.1771490008489494,0.7698185873149774,-2.7212640474334955,3.0845545506491274,0.5345477851952242,0.1012360659302236,1
121.050318,14.540867,0.1215381649279621,0.7698185873149774,-2.7244877796025007,2.5910727918583074,0.3432734234020598,0.0185388559653863,1
121.0553,14.53712,1.7049104386896237,1.122106438111597,-2.982046787678264,3.0421543055981712,1.339039739372429,-0.1617876711297152,1
121.0466431,14.55370389,0.7373478026483884,0.6831421019764292,-1.6410302999375133,1.1637578595076787,0.6990872601604617,1.8810158918138191,1
121.050318,14.540867,1.4410297197692865,0.7698185873149774,-2.674567366303271,1.6963238523840931,-0.0088425356621926,-0.1397786555210395,1
121.050318,14.540867,0.8253080422885003,0.7698185873149774,-2.6713181841061933,2.210075207716814,0.1876776224890007,-0.0585827756788112,1
121.050318,14.540867,0.7021637067923432,0.7698185873149774,-2.678185573907403,0.8886633471938172,-0.2814267410048023,-0.1992052485854384,1
121.050318,14.540867,1.1771490008489494,0.7698185873149774,-2.6711909339658297,2.311423190426317,0.2139066042791442,-0.0660894262918559,1
121.050318,14.540867,1.0012285215687249,0.7698185873149774,-2.6747412748284347,1.557814942681107,-0.0446888107753889,-0.1295195663498785,1
121.050318,14.540867,1.1771490008489494,0.7698185873149774,-2.6711230672243027,2.365475447871385,0.2278953945672209,-0.0700929732854797,1
121.0459956,14.5381342,2.091935493106117,0.4595401463375056,-2.7769753250779394,2.9063062984522365,1.436250403806768,1.476739481677606,1
121.050318,14.540867,1.2211291206690056,0.7698185873149774,-2.7212852557902227,3.067663220197544,0.5301762882302002,0.1024871743657311,1
121.050318,14.540867,1.39704959994923,0.7698185873149774,-2.67469885811498,1.5915976035842745,-0.035945816845341,-0.1320217832208934,1
121.050318,14.540867,1.4410296318090463,0.7698185873149774,-2.7211792140065865,3.1521198724554624,0.5520337730553201,0.0962316321881939,1
121.050318,14.540867,0.5526312994041523,0.7698185873149774,-2.6713181841061933,2.210075207716814,0.1876776224890007,-0.0585827756788112,1
121.050318,14.540867,0.9123886795322116,0.7698185873149774,-2.674592816331344,1.6760542558421925,-0.0140883320202214,-0.1382773253984306,1
121.050318,14.540867,0.8244284398920992,0.7698185873149774,-2.674592816331344,1.6760542558421925,-0.0140883320202214,-0.1382773253984306,1
121.050318,14.540867,1.8808309179698477,0.7698185873149774,-2.677888656913222,1.1251419735159882,-0.2202257834944673,-0.2167207666825426,1
121.050318,14.540867,2.8483935540110825,0.7698185873149774,-2.68133295599219,0.4559903780286983,-0.4569637137238808,-0.2864064489181025,1
121.0553,14.53712,0.2975466044478267,1.122106438111597,-2.932334216274962,1.9818703276984373,0.9440831100509418,-0.3078443199481684,1
121.050318,14.540867,1.1771490008489494,0.7698185873149774,-2.6745716079746167,1.6929455862937763,-0.0097168350551973,-0.139528433833938,1
121.0553,14.53712,0.2535664846277706,1.122106438111597,-2.985427461687051,2.423676701465632,1.1154163000380874,-0.2352266786717974,1
121.0503029,14.53332095,0.2535664846277706,0.7872558211101823,-2.709175735075503,2.290591297884538,1.2111843647072251,1.4246782519046295,1
121.047922,14.54827906,0.7373478026483884,0.6676864876848925,-1.9756511516384176,1.6687080236659235,0.0288351660048246,1.6271016842354211,1
121.050318,14.540867,1.1771490008489494,0.7698185873149774,-2.674567366303271,1.6963238523840931,-0.0088425356621926,-0.1397786555210395,1
121.050318,14.540867,0.7170289872915222,0.7698185873149774,-2.6747412748284347,1.557814942681107,-0.0446888107753889,-0.1295195663498785,1
121.0459956,14.5381342,1.876432905987842,0.4595401463375056,-2.7769753250779394,2.9063062984522365,1.436250403806768,1.476739481677606,1
121.050318,14.540867,1.2651092404890616,0.7698185873149774,-2.7247295548691914,2.3985116247102534,0.2934383580007871,0.0328014921301712,1
121.050318,14.540867,1.4410297197692865,0.7698185873149774,-2.7211792140065865,3.1521198724554624,0.5520337730553201,0.0962316321881939,1
121.0553,14.53712,2.672473074730858,1.122106438111597,-2.982067996034991,3.025262975146588,1.3346682424074052,-0.1605365626942077,1
121.050318,14.540867,2.672473074730858,0.7698185873149774,-2.721051963866223,3.2534678551649643,0.5782627548454636,0.0887249815751492,1
121.050318,14.540867,1.1771490008489494,0.7698185873149774,-2.724708346512464,2.415402955161837,0.2978098549658111,0.0315503836946637,1
121.050318,14.540867,1.4410297197692865,0.7698185873149774,-2.724411429518282,2.6518815814840084,0.359010812476146,0.0140348655975595,1
121.050318,14.540867,0.9044722579646014,0.7698185873149774,-2.6746352330447984,1.6422715949390252,-0.0228313259502692,-0.1357751085274157,1
121.0553,14.53712,1.0012285215687249,1.122106438111597,-2.9926341851958966,0.8320035537172958,0.576367985103902,-0.3558314166103055,1
121.050318,14.540867,1.1877042296057632,0.7698185873149774,-2.6747412748284347,1.557814942681107,-0.0446888107753889,-0.1295195663498785,1
121.050318,14.540867,1.2028333908238622,0.7698185873149774,-2.6746564414015257,1.6253802644874416,-0.0272028229152932,-0.1345240000919082,1
121.0553,14.53712,1.1771490008489494,1.122106438111597,-2.942561071728232,0.0588721934944853,0.2557268041878215,-0.5231569088323851,1
121.0553,14.53712,1.8104627262577575,1.122106438111597,-2.942624696798413,0.0081982021397343,0.2426123132927497,-0.5194035835258628,1
121.050318,14.540867,1.6239870182207197,0.7698185873149774,-2.6747412748284347,1.557814942681107,-0.0446888107753889,-0.1295195663498785,1
121.050318,14.540867,1.2651092404890616,0.7698185873149774,-2.7244750545884644,2.601207590129257,0.3458963215810742,0.0177881909040818,1
121.050318,14.540867,1.353069480129174,0.7698185873149774,-2.6781431571939485,0.9224460080969846,-0.2726837470747545,-0.2017074654564533,1
121.050318,14.540867,1.3520139572534926,0.7698185873149774,-2.678185573907403,0.8886633471938172,-0.2814267410048023,-0.1992052485854384,1
121.050318,14.540867,1.0012285215687249,0.7698185873149774,-2.674762483185162,1.5409236122295231,-0.0490603077404128,-0.128268457914371,1
121.050318,14.540867,1.353069480129174,0.7698185873149774,-2.731427277816583,1.2122304077999246,-0.1406940297728244,-0.1178298482605152,1
121.050318,14.540867,1.5252076691048737,0.7698185873149774,-2.731342444389674,1.2797957296062592,-0.1232080419127287,-0.122834282002545,1
121.0553,14.53712,1.6389402589595388,1.122106438111597,-2.942539863371504,0.0757635239460689,0.2600983011528454,-0.5244080172678927,1
121.0553,14.53712,0.077646005347546,1.122106438111597,-2.985427461687051,2.423676701465632,1.1154163000380874,-0.2352266786717974,1
121.050318,14.540867,0.4294869639079951,0.7698185873149774,-2.681651081343099,0.2026204212549432,-0.5225361681992398,-0.2676398223854908,1
121.050318,14.540867,1.1952688102148126,0.7698185873149774,-2.6746564414015257,1.6253802644874416,-0.0272028229152932,-0.1345240000919082,1
121.0553,14.53712,1.5698386946982663,1.122106438111597,-2.992549351768988,0.8995688755236306,0.5938539729639977,-0.3608358503523352,1
121.050318,14.540867,1.0891887612088376,0.7698185873149774,-2.7316181530271284,1.0602084337356716,-0.1800375024580397,-0.1065698723409483,1
121.050318,14.540867,1.1935096054220102,0.7698185873149774,-2.671296975749466,2.2269665381683987,0.1920491194540246,-0.0598338841143187,1
121.050318,14.540867,1.0012285215687249,0.7698185873149774,-2.6730191252889504,1.892390740424752,0.0736801543393178,-0.0946767252320986,1
121.0553,14.53712,0.1216261251676022,1.122106438111597,-2.985427461687051,2.423676701465632,1.1154163000380874,-0.2352266786717974,1
121.050318,14.540867,0.3855068440879393,0.7698185873149774,-2.724453846231737,2.618098920580841,0.3502678185460982,0.0165370824685745,1
121.044261,14.54912748,0.5614273233681636,0.4276068365647208,-2.4871785982636814,1.9389723497362192,1.1734010199182587,1.5052955080188164,1
121.050318,14.540867,1.4410297197692865,0.7698185873149774,-2.6747412748284347,1.557814942681107,-0.0446888107753889,-0.1295195663498785,1
121.050318,14.540867,0.7373478026483884,0.7698185873149774,-2.681502622846008,0.3208597344160289,-0.4919356894440722,-0.2763975814340429,1
121.050318,14.540867,1.6169501990495108,0.7698185873149774,-2.720967130439314,3.321033176971299,0.5957487427055593,0.0837205478331194,1
121.0553,14.53712,2.1886917567102406,1.122106438111597,-2.9923796849151696,1.0346995191362998,0.6288259486841891,-0.3708447178363948,1
121.050318,14.540867,1.7928706783297352,0.7698185873149774,-2.6711061005389207,2.3789885122326515,0.2313925921392399,-0.0710938600338857,1
121.0553,14.53712,1.2651092404890616,1.122106438111597,-2.935460390003022,1.5660886889849022,0.7729176342968876,-0.3962966287163398,1
121.050318,14.540867,0.7306628244357396,0.7698185873149774,-2.6747412748284347,1.557814942681107,-0.0446888107753889,-0.1295195663498785,1
121.050318,14.540867,-0.0103142342925661,0.7698185873149774,-2.674486774547708,1.760510908100111,0.0077691528048982,-0.1445328675759678,1
121.050318,14.540867,0.3855068440879393,0.7698185873149774,-2.731342444389674,1.2797957296062592,-0.1232080419127287,-0.122834282002545,1
121.050318,14.540867,1.6169501990495108,0.7698185873149774,-2.721051963866223,3.2534678551649643,0.5782627548454636,0.0887249815751492,1
121.050318,14.540867,0.6493875630082758,0.7698185873149774,-2.674592816331344,1.6760542558421925,-0.0140883320202214,-0.1382773253984306,1
121.050318,14.540867,2.6284929549108016,0.7698185873149774,-2.67469885811498,1.5915976035842745,-0.035945816845341,-0.1320217832208934,1
121.050318,14.540867,0.6493875630082758,0.7698185873149774,-2.6746564414015257,1.6253802644874416,-0.0272028229152932,-0.1345240000919082,1
121.0503029,14.53332095,1.2651092404890616,0.7872558211101823,-2.662652962470442,0.7638516899165185,0.6319477687366116,1.1939226196245274,1
121.0503029,14.53332095,0.1216261251676022,0.7872558211101823,-2.705731435996534,2.9597428933718284,1.4479222949366388,1.4943639341401893,1
121.050318,14.540867,1.353069480129174,0.7698185873149774,-2.6747412748284347,1.557814942681107,-0.0446888107753889,-0.1295195663498785,1
121.050318,14.540867,0.0336658855274902,0.7698185873149774,-2.7246659297990097,2.4491856160650047,0.3065528488958589,0.0290481668236489,1
121.050318,14.540867,1.4410297197692865,0.7698185873149774,-2.7211155889364047,3.202793863810213,0.5651482639503919,0.0924783068816716,1
121.050318,14.540867,0.858732933351743,0.7698185873149774,-2.6747412748284347,1.557814942681107,-0.0446888107753889,-0.1295195663498785,1
121.0553,14.53712,0.1216261251676022,1.122106438111597,-2.981983162608082,3.092828296952922,1.352154230267501,-0.1655409964362375,1
121.050318,14.540867,1.7049104386896237,0.7698185873149774,-2.724411429518282,2.6518815814840084,0.359010812476146,0.0140348655975595,1
121.045716,14.547869,0.6493875630082758,0.5081481606386872,-2.403908541277827,1.2181289809288325,0.6199435877023239,1.4270014494380618,1
121.0518771,14.5380015,0.3855068440879393,0.8775213476178564,-2.640816357074981,2.6442290350058584,1.5774941313174855,1.5626236886440812,1
121.050318,14.540867,0.7373478026483884,0.7698185873149774,-2.724411429518282,2.6518815814840084,0.359010812476146,0.0140348655975595,1
121.0518771,14.5380015,0.0336658855274902,0.8775213476178564,-2.640797269553927,2.659431232412284,1.581428478586007,1.5614976910521243,1
121.04658211958,14.537469935576,1.168352976884938,0.5022087921951288,-2.628643715263167,1.984965076095344,0.8823029564995912,1.4169930656023857,1
121.04651907308,14.537645805041,1.4586217676973086,0.4973959476731516,-2.6943642271233785,2.9873480664046914,1.2877967257172085,1.553799774399908,1
121.0553,14.53712,1.8808309179698477,1.122106438111597,-2.982046787678264,3.0421543055981712,1.339039739372429,-0.1617876711297152,1
121.050318,14.540867,1.1595569529209273,0.7698185873149774,-2.6747412748284347,1.557814942681107,-0.0446888107753889,-0.1295195663498785,1
121.050318,14.540867,1.168352976884938,0.7698185873149774,-2.6746564414015257,1.6253802644874416,-0.0272028229152932,-0.1345240000919082,1
121.050318,14.540867,0.9572484017486688,0.7698185873149774,-2.6746352330447984,1.6422715949390252,-0.0228313259502692,-0.1357751085274157,1
121.050318,14.540867,2.9363537936511945,0.7698185873149774,-2.674444357834253,1.7942935690032784,0.0165121467349461,-0.1470350844469826,1
121.050318,14.540867,1.5289899594093983,0.7698185873149774,-2.721030755509496,3.270359185616548,0.5826342518104876,0.0874738731396417,1
121.0436,14.55206,1.1771490008489494,0.4403887097429553,-2.2899084147820714,2.137756306162761,1.4001878583083147,1.8265741126241652,1
121.050318,14.540867,0.8253080422885003,0.7698185873149774,-2.6745716079746167,1.6929455862937763,-0.0097168350551973,-0.139528433833938,1
121.0553,14.53712,2.2326718765302966,1.122106438111597,-2.9820998085700823,2.999925979469212,1.3281109969598692,-0.1586599000409466,1
121.050318,14.540867,1.4410297197692865,0.7698185873149774,-2.7212640474334955,3.0845545506491274,0.5345477851952242,0.1012360659302236,1
121.044261,14.54912748,0.5614273233681636,0.4276068365647208,-2.4906228973426496,1.2698207542489288,0.9366630896888452,1.4356098257832566,1
121.050318,14.540867,0.3855068440879393,0.7698185873149774,-2.7210095471527684,3.287250516068132,0.5870057487755115,0.0862227647041343,1
121.0553,14.53712,1.1595569529209273,1.122106438111597,-2.992326664023352,1.0769278452652586,0.639754691096749,-0.3739724889251634,1
121.050318,14.540867,0.9132682819286126,0.7698185873149774,-2.6744655661909804,1.7774022385516943,0.0121406497699221,-0.1457839760114752,1
121.050318,14.540867,1.0891887612088376,0.7698185873149774,-2.674762483185162,1.5409236122295231,-0.0490603077404128,-0.128268457914371,1
121.050318,14.540867,1.0012285215687249,0.7698185873149774,-2.674482532876362,1.7638891741904277,0.008643452197903,-0.1447830892630693,1
121.05140454284,14.547071188101,0.6933676828283319,0.8945964052565164,-1.7915748747893787,2.585990431822325,0.3028073327711583,1.8869491987792455,1
121.050318,14.540867,2.967878743538211,0.7698185873149774,-2.720733838515314,3.50683781193872,0.6438352093208227,0.0699583550425376,1
121.050318,14.540867,1.9643931456279544,0.7698185873149774,-2.6810148306412813,0.7093603348024532,-0.3913912592485218,-0.3051730754507141,1
121.0553,14.53712,0.1656062449876583,1.122106438111597,-2.981813495754264,3.2279589405655917,1.3871262059876923,-0.1755498639202971,1
121.0553,14.53712,1.5289899594093983,1.122106438111597,-2.93539676493284,1.6167626803396529,0.7860321251919594,-0.4000499540228621,1
121.050318,14.540867,2.3206321161704087,0.7698185873149774,-2.674423149477526,1.811184899454862,0.02088364369997,-0.1482861928824901,1
121.0553,14.53712,0.6493875630082758,1.122106438111597,-2.985300211546688,2.5250246841751336,1.141645281828231,-0.2427333292848421,1
121.050318,14.540867,1.96879115760996,0.7698185873149774,-2.720903505369132,3.3717071683260498,0.6088632336006313,0.079967222526597,1
121.050318,14.540867,1.8368507981497917,0.7698185873149774,-2.720903505369132,3.3717071683260498,0.6088632336006313,0.079967222526597,1
121.065172,14.531149,-0.4721054924031556,1.8549839220253697,-2.4943088296150964,2.3965819030825943,3.4202309870679466,2.9666840711296447,1
121.0553,14.53712,2.100731517070128,1.122106438111597,-2.942094487880232,0.4304814634293258,0.3518997374183478,-0.5506812944135488,1
121.050318,14.540867,2.670054168140755,0.7698185873149774,-2.670978850398557,2.480336494942154,0.2576215739293835,-0.0786005106469303,1
121.050318,14.540867,2.7604333143709696,0.7698185873149774,-2.6706925375827395,2.708369456038533,0.3166367829572066,-0.0954904745262808,1
121.050318,14.540867,1.1155768331008709,0.7698185873149774,-2.720903505369132,3.3717071683260498,0.6088632336006313,0.079967222526597,1
121.0553,14.53712,0.1216261251676022,1.122106438111597,-2.9386926055147176,1.0658503980134486,0.5798946737177136,-0.4784933953069741,1
121.0553,14.53712,1.7235580094933267,1.122106438111597,-2.931994882567326,2.252131614923777,1.014027061491325,-0.3278620549162875,1
121.05252,14.55303,2.980333913471251,1.0677084944172452,-0.837832269639087,2.9244088834579687,1.581962154893084,2.5672373369265507,1
121.050318,14.540867,2.1886917567102406,0.7698185873149774,-2.674359524407344,1.8618588908096128,0.0339981345950418,-0.1520395181890124,1
121.050318,14.540867,2.3206321161704087,0.7698185873149774,-2.674338316050617,1.8787502212611964,0.0383696315600657,-0.1532906266245199,1
121.050318,14.540867,1.96879115760996,0.7698185873149774,-2.6741262324833444,2.047663525777033,0.082084601210305,-0.1658017109795943,1
121.050318,14.540867,1.8808309179698477,0.7698185873149774,-2.724369012804828,2.685664242387176,0.3677538064061939,0.0115326487265446,1
121.050318,14.540867,1.5289899594093983,0.7698185873149774,-2.7208610886556777,3.405489829229217,0.6176062275306792,0.0774650056555822,1
121.050318,14.540867,1.7049104386896237,0.7698185873149774,-2.731172777535856,1.4149263732189286,-0.0882360661925373,-0.1328431494866046,1
121.050318,14.540867,1.6081541750854995,0.7698185873149774,-2.720903505369132,3.3717071683260498,0.6088632336006313,0.079967222526597,1
121.050318,14.540867,1.9643931456279544,0.7698185873149774,-2.6741262324833444,2.047663525777033,0.082084601210305,-0.1658017109795943,1
121.050318,14.540867,3.024314033291307,0.7698185873149774,-2.674136836661708,2.0392178605512417,0.079898852727793,-0.1651761567618406,1
121.0553,14.53712,0.3855068440879393,1.122106438111597,-2.981855912467718,3.194176279662424,1.3783832120576445,-0.1730476470492821,1
121.0553,14.53712,1.5289899594093983,1.122106438111597,-2.933674615393356,1.951338478083298,0.904401090306666,-0.3652071129050823,1
121.050318,14.540867,1.824536364600176,0.7698185873149774,-2.720903505369132,3.3717071683260498,0.6088632336006313,0.079967222526597,1
121.050318,14.540867,0.8253080422885003,0.7698185873149774,-2.724369012804828,2.685664242387176,0.3677538064061939,0.0115326487265446,1
121.050318,14.540867,2.8564155278662606,0.7698185873149774,-2.720733838515314,3.50683781193872,0.6438352093208227,0.0699583550425376,1
121.050318,14.540867,2.8381285940450813,0.7698185873149774,-2.720733838515314,3.50683781193872,0.6438352093208227,0.0699583550425376,1
121.050318,14.540867,2.9221218268774245,0.7698185873149774,-2.720733838515314,3.50683781193872,0.6438352093208227,0.0699583550425376,1
121.050318,14.540867,0.5614273233681636,0.7698185873149774,-2.7209247137258594,3.354815837874466,0.6044917366356072,0.0812183309621045,1
121.050318,14.540867,1.2211291206690056,0.7698185873149774,-2.720903505369132,3.3717071683260498,0.6088632336006313,0.079967222526597,1
121.0521,14.52655,1.5289899594093983,0.9993545043798296,-2.4764321836305525,1.2985321016091529,2.424697839173548,1.2907494508700164,1
121.050318,14.540867,1.6169501990495108,0.7698185873149774,-2.720903505369132,3.3717071683260498,0.6088632336006313,0.079967222526597,1
121.050318,14.540867,1.4410297197692865,0.7698185873149774,-2.724369012804828,2.685664242387176,0.3677538064061939,0.0115326487265446,1
121.0525,14.5539,2.9363537936511945,1.084124247162774,-0.7719989221809391,2.837342001036561,1.5930900433643758,2.6308935110049063,1
121.050318,14.540867,1.7515293656988824,0.7698185873149774,-2.724262971021192,2.770120894645094,0.3896112912313135,0.0052771065490074,1
121.050318,14.540867,1.5289899594093983,0.7698185873149774,-2.724347804448101,2.70255557283876,0.3721253033712178,0.0102815402910372,1
121.050318,14.540867,2.012771277430016,0.7698185873149774,-2.6743807327640714,1.844967560358029,0.0296266376300179,-0.1507884097535051,1
121.0553,14.53712,1.0012285215687249,1.122106438111597,-2.985257794833233,2.558807345078301,1.1503882757582788,-0.245235546155857,1
121.050318,14.540867,1.2651092404890616,0.7698185873149774,-2.674274690980435,1.9294242126159475,0.0514841224551375,-0.1570439519310423,1
121.050318,14.540867,2.987951898260196,0.7698185873149774,-2.720733838515314,3.50683781193872,0.6438352093208227,0.0699583550425376,1
121.050318,14.540867,1.1771490008489494,0.7698185873149774,-2.724369012804828,2.685664242387176,0.3677538064061939,0.0115326487265446,1
121.050318,14.540867,1.353069480129174,0.7698185873149774,-2.7207762552287686,3.473055151035552,0.6350922153907749,0.0724605719135525,1
121.050318,14.540867,0.9132682819286126,0.7698185873149774,-2.681280571351074,0.4977119642441098,-0.4461661162202717,-0.2894966867538059,1
121.050318,14.540867,2.5845128350907456,0.7698185873149774,-2.674338316050617,1.8787502212611964,0.0383696315600657,-0.1532906266245199,1
121.050318,14.540867,2.0567513972500717,0.7698185873149774,-2.7243053877346464,2.736338233741926,0.3808682973012656,0.0077793234200223,1
121.050318,14.540867,1.0012285215687249,0.7698185873149774,-2.724369012804828,2.685664242387176,0.3677538064061939,0.0115326487265446,1
121.0553,14.53712,1.5289899594093983,1.122106438111597,-2.942285363090777,0.2784594893650728,0.3125562647331325,-0.539421318493982,1
121.050318,14.540867,1.7488905585096792,0.7698185873149774,-2.7225408214817075,3.104696692388739,0.5079802563460202,0.0401199476667873,1
121.050318,14.540867,0.8253080422885003,0.7698185873149774,-2.7207550468720414,3.489946481487136,0.6394637123557988,0.071209463478045,1
121.0518771,14.5380015,0.6669796109362987,0.8775213476178564,-2.6402861481568,3.0665122962954503,1.6867815554430838,1.531345977756395,1
121.0553,14.53712,0.2535664846277706,1.122106438111597,-2.9352483064357493,1.7350019935007386,0.8166326039471269,-0.4088077130714143,1
121.050318,14.540867,2.8308015060830605,0.7698185873149774,-2.6742216700886168,1.9716525387449064,0.0624128648676973,-0.1601717230198109,1
121.050318,14.540867,2.144711636890184,0.7698185873149774,-2.724369012804828,2.685664242387176,0.3677538064061939,0.0115326487265446,1
121.050318,14.540867,2.012771277430016,0.7698185873149774,-2.724347804448101,2.70255557283876,0.3721253033712178,0.0102815402910372,1
121.05147,14.54542,2.514144643378656,0.8810899498025576,-2.2664450366675464,2.8558381297737228,-0.1164730814094358,-0.0557755303533452,1
121.05201,14.53583,0.8253080422885003,0.8926913229132645,-2.6937255210908257,2.4071979272072843,1.3934066211260576,1.4172629289474696,1
121.050318,14.540867,0.2975466044478267,0.7698185873149774,-2.720918987469543,3.359376497096393,0.6056720408161637,0.0808805316845175,1
121.050318,14.540867,0.3661555913671143,0.7698185873149774,-2.581377604267405,-1.2422943164811764,-1.1375895482412568,-0.6097974574426949,1
121.050318,14.540867,1.4410297197692865,0.7698185873149774,-2.720797463585496,3.456163820583968,0.630720718425751,0.0737116803490598,1
121.050318,14.540867,2.5845128350907456,0.7698185873149774,-2.681142080781645,0.6080123520929512,-0.4176202410386654,-0.2976664248376695,1
121.050318,14.540867,0.9132682819286126,0.7698185873149774,-2.724359044877166,2.69360316769942,0.3698084099797552,0.0109446277618561,1
121.050318,14.540867,1.353069480129174,0.7698185873149774,-2.731257610962765,1.347361051412594,-0.1057220540526329,-0.1278387157445748,1
121.050318,14.540867,1.6081541750854995,0.7698185873149774,-2.724347804448101,2.70255557283876,0.3721253033712178,0.0102815402910372,1
121.04524,14.52845,1.6651524103722923,0.4930386422201518,-2.558676937720226,0.6495058476948888,1.4454467648941356,1.3310766263365026,1
121.050318,14.540867,2.9363537936511945,0.7698185873149774,-2.6743807327640714,1.844967560358029,0.0296266376300179,-0.1507884097535051,1
121.050318,14.540867,1.353069480129174,0.7698185873149774,-2.674274690980435,1.9294242126159475,0.0514841224551375,-0.1570439519310423,1
121.050318,14.540867,1.2211291206690056,0.7698185873149774,-2.720882297012405,3.3885984987776334,0.6132347305656553,0.0787161140910897,1
121.065172,14.531149,-0.5864538039353016,1.8549839220253697,-2.4478708904369446,0.8022769733082395,2.8235084032372373,2.7409328725915723,1
121.051226,14.54795811,1.353069480129174,0.89345453593675,-1.7880245339267735,3.339598679567533,0.5614027478256914,1.9503793388372683,1
121.050318,14.540867,2.7604333143709696,0.7698185873149774,-2.670989454576921,2.471890829716362,0.2554358254468716,-0.0779749564291766,1
121.050318,14.540867,1.784074654365724,0.7698185873149774,-2.724347804448101,2.70255557283876,0.3721253033712178,0.0102815402910372,1
121.050318,14.540867,0.9132682819286126,0.7698185873149774,-2.7207550468720414,3.489946481487136,0.6394637123557988,0.071209463478045,1
121.050318,14.540867,1.0452086413887811,0.7698185873149774,-2.677846240199768,1.1589246344191553,-0.2114827895644195,-0.2192229835535575,1
121.050318,14.540867,1.6169501990495108,0.7698185873149774,-2.720649005088405,3.574403133745054,0.6613211971809184,0.0649539213005078,1
121.050318,14.540867,1.9643931456279544,0.7698185873149774,-2.6743171076938896,1.89564155171278,0.0427411285250897,-0.1545417350600273,1
121.05399,14.5362,0.3855068440879393,1.0317402411107783,-2.7431870252445667,3.024388631867837,1.599331574436388,1.4317583869601334,1
121.044261,14.54912748,1.4410297197692865,0.4276068365647208,-2.540420302172861,2.2625394103423275,1.3141337311502368,1.5866709083437396,1
121.050318,14.540867,1.8808309179698477,0.7698185873149774,-2.720797463585496,3.456163820583968,0.630720718425751,0.0737116803490598,1
121.050318,14.540867,1.0891887612088376,0.7698185873149774,-2.7242417626644646,2.7870122250966776,0.3939827881963374,0.0040259981134999,1
121.050318,14.540867,2.9363537936511945,0.7698185873149774,-2.6810148306412813,0.7093603348024532,-0.3913912592485218,-0.3051730754507141,1
121.044261,14.54912748,1.3090893603091178,0.4276068365647208,-2.536700294456438,3.1512783017002057,1.6077011219249615,1.6400921809177027,1
121.0519,14.53793,0.5086511795840962,0.8792276853390151,-2.659098776207725,3.03126984373712,1.745000207332863,1.5050476379083968,1
121.0519,14.53793,0.9132682819286126,0.8792276853390151,-2.659098776207725,3.03126984373712,1.745000207332863,1.5050476379083968,1
121.0553,14.53712,0.5614273233681636,1.122106438111597,-2.9352483064357493,1.7350019935007386,0.8166326039471269,-0.4088077130714143,1
121.050318,14.540867,2.9363537936511945,0.7698185873149774,-2.674198340896217,1.9902330022416488,0.0672215115292235,-0.1615479422988691,1
121.0553,14.53712,2.61969693094679,1.122106438111597,-2.9354391816462946,1.5829800194364858,0.7772891312619116,-0.3975477371518473,1
121.0518771,14.5380015,0.3855068440879393,0.8775213476178564,-2.650725087177342,0.9746008575756608,0.9547102799297236,1.3285444732272529,1
121.050318,14.540867,2.3206321161704087,0.7698185873149774,-2.6743171076938896,1.89564155171278,0.0427411285250897,-0.1545417350600273,1
121.0553,14.53712,0.5086511795840962,1.122106438111597,-2.9817710790408096,3.261741601468759,1.3958691999177402,-0.178052080791312,1
121.0553,14.53712,0.2975466044478267,1.122106438111597,-2.9817710790408096,3.261741601468759,1.3958691999177402,-0.178052080791312,1
121.050318,14.540867,2.3206321161704087,0.7698185873149774,-2.6812057058518266,0.5573383607382002,-0.4307347319337372,-0.2939130995311471,1
121.050318,14.540867,0.9132682819286126,0.7698185873149774,-2.72419934595101,2.8207948859998453,0.4027257821263852,0.0015237812424852,1
121.0553,14.53712,1.7515293656988824,1.122106438111597,-2.992167601347897,1.203612823652136,0.6725409183344281,-0.3833558021914692,1
121.0553,14.53712,2.0567513972500717,1.122106438111597,-2.9851305446928693,2.660155327787803,1.1766172575484222,-0.2527421967689016,1
121.0518771,14.5380015,0.3855068440879393,0.8775213476178564,-2.640392189940436,2.982055644037532,1.6649240706179644,1.5376015199339323,1
121.0553,14.53712,2.100731517070128,1.122106438111597,-2.992061559564261,1.2880694759100542,0.6943984031595477,-0.3896113443690064,1
121.050318,14.540867,2.9363537936511945,0.7698185873149774,-2.6741262324833444,2.047663525777033,0.082084601210305,-0.1658017109795943,1
121.050318,14.540867,0.6054074431882197,0.7698185873149774,-2.6744019411207987,1.8280762299064457,0.025255140664994,-0.1495373013179976,1
121.050318,14.540867,0.9132682819286126,0.7698185873149774,-2.670787975188012,2.6323584690064066,0.2969650466145988,-0.0898604865664973,1
121.050318,14.540867,1.6169501990495108,0.7698185873149774,-2.720935317904223,3.3463701726486743,0.6023059881530951,0.0818438851798583,1
121.050318,14.540867,1.784074654365724,0.7698185873149774,-2.720903505369132,3.3717071683260498,0.6088632336006313,0.079967222526597,1
121.050318,14.540867,1.8808309179698477,0.7698185873149774,-2.674274690980435,1.9294242126159475,0.0514841224551375,-0.1570439519310423,1
121.050318,14.540867,2.9363537936511945,0.7698185873149774,-2.677655364989222,1.3109466084834085,-0.1721393168792041,-0.2304829594731244,1
121.050318,14.540867,1.1771490008489494,0.7698185873149774,-2.6744019411207987,1.8280762299064457,0.025255140664994,-0.1495373013179976,1
121.050318,14.540867,1.5993581511214885,0.7698185873149774,-2.720903505369132,3.3717071683260498,0.6088632336006313,0.079967222526597,1
121.0553,14.53712,0.5350392514761299,1.122106438111597,-2.9817710790408096,3.261741601468759,1.3958691999177402,-0.178052080791312,1
121.0451102,14.55411673,0.7373478026483884,0.5743822062437726,-2.068686494221029,2.841253406240034,2.0405893129859485,2.018617339666378,1
121.050318,14.540867,0.0996360652575741,0.7698185873149774,-2.724144204223519,2.8647123451739627,0.4140916742354475,-0.0017291006898341,1
121.0503029,14.53332095,0.1216261251676022,0.7872558211101823,-2.6590071840025646,1.593470924693853,0.9102149201337526,1.2517227717227666,1
121.0553,14.53712,-0.1422545937527345,1.122106438111597,-2.9816650372571734,3.346198253726677,1.4177266847428596,-0.1843076229688492,1
121.0553,14.53712,0.2975466044478267,1.122106438111597,-2.981855912467718,3.194176279662424,1.3783832120576445,-0.1730476470492821,1
121.050318,14.540867,0.7373478026483884,0.7698185873149774,-2.724203587622356,2.8174166199095283,0.4018514827333806,0.0017740029295865,1
121.04529,14.54896,1.4410297197692865,0.4958392209738816,-2.3841525909334678,3.0125196459587023,1.3021095084097318,1.6951399786508634,1
121.0479501,14.54615918,2.7120551825689083,0.6416033385628391,-2.303757147342658,1.836740967498144,-0.0457029127074748,1.454859559710932,1
121.0553,14.53712,0.5614273233681636,1.122106438111597,-2.985300211546688,2.5250246841751336,1.141645281828231,-0.2427333292848421,1
121.065172,14.531149,-0.4940955523131836,1.8549839220253697,-2.4978591704777013,1.6429736553373842,3.161635572013413,2.903253931071622,1
121.050318,14.540867,1.5289899594093983,0.7698185873149774,-2.720818671942223,3.4392724901323843,0.626349221460727,0.0749627887845673,1
121.0503029,14.53332095,1.1771490008489494,0.7872558211101823,-2.7089742556865937,2.4510589371745826,1.2527135858749523,1.4127927217673089,1
121.05008,14.54844,1.6169501990495108,0.8202475731689297,-1.7880245339267735,3.339598679567533,0.5614027478256914,1.9503793388372683,1
121.050318,14.540867,1.8808309179698477,0.7698185873149774,-2.7242417626644646,2.7870122250966776,0.3939827881963374,0.0040259981134999,1
121.050318,14.540867,1.6169501990495108,0.7698185873149774,-2.7311939858925838,1.398035042767345,-0.0926075631575612,-0.1315920410510971,1
121.050318,14.540867,1.9643931456279544,0.7698185873149774,-2.6812057058518266,0.5573383607382002,-0.4307347319337372,-0.2939130995311471,1
121.050318,14.540867,2.0567513972500717,0.7698185873149774,-2.681226914208554,0.5404470302866166,-0.4351062288987611,-0.2926619910956397,1
121.050318,14.540867,1.4410297197692865,0.7698185873149774,-2.6777614067728583,1.2264899562254898,-0.1939968017043238,-0.2242274172955872,1
121.050318,14.540867,2.106009131448535,0.7698185873149774,-2.681036038998009,0.6924690043508696,-0.3957627562135458,-0.3039219670152067,1
121.050318,14.540867,1.8808309179698477,0.7698185873149774,-2.6812057058518266,0.5573383607382002,-0.4307347319337372,-0.2939130995311471,1
121.050318,14.540867,2.0567513972500717,0.7698185873149774,-2.720797463585496,3.456163820583968,0.630720718425751,0.0737116803490598,1
121.0553,14.53712,1.9643931456279544,1.122106438111597,-2.9422217380205957,0.3291334807198238,0.3256707556282043,-0.5431746438005043,1
121.0553,14.53712,2.0567513972500717,1.122106438111597,-2.9422429463773225,0.3122421502682401,0.3212992586631804,-0.5419235353649967,1
121.050318,14.540867,1.5289899594093983,0.7698185873149774,-2.720882297012405,3.3885984987776334,0.6132347305656553,0.0787161140910897,1
121.050318,14.540867,2.1183235649981507,0.7698185873149774,-2.6742958993371624,1.912532882164364,0.0471126254901136,-0.1557928434955348,1
121.050318,14.540867,1.8808309179698477,0.7698185873149774,-2.731257610962765,1.347361051412594,-0.1057220540526329,-0.1278387157445748,1
121.050318,14.540867,2.0791812583583007,0.7698185873149774,-2.7311939858925838,1.398035042767345,-0.0926075631575612,-0.1315920410510971,1
121.0479501,14.54615918,1.8808309179698477,0.6416033385628391,-2.303757147342658,1.836740967498144,-0.0457029127074748,1.454859559710932,1
121.050318,14.540867,1.2211291206690056,0.7698185873149774,-2.7312151942493106,1.381143712315761,-0.0969790601225851,-0.1303409326155896,1
121.050318,14.540867,2.3206321161704087,0.7698185873149774,-2.72069142180186,3.540620472841886,0.6525782032508706,0.0674561381715226,1
121.050318,14.540867,2.144711636890184,0.7698185873149774,-2.72069142180186,3.540620472841886,0.6525782032508706,0.0674561381715226,1
121.050318,14.540867,2.0567513972500717,0.7698185873149774,-2.6741262324833444,2.047663525777033,0.082084601210305,-0.1658017109795943,1
121.050318,14.540867,1.03641261742477,0.7698185873149774,-2.674274690980435,1.9294242126159475,0.0514841224551375,-0.1570439519310423,1
121.050318,14.540867,2.9363537936511945,0.7698185873149774,-2.72069142180186,3.540620472841886,0.6525782032508706,0.0674561381715226,1
121.050318,14.540867,1.0012285215687249,0.7698185873149774,-2.674338316050617,1.8787502212611964,0.0383696315600657,-0.1532906266245199,1
121.050318,14.540867,1.6169501990495108,0.7698185873149774,-2.731225798427674,1.3726980470899697,-0.099164808605097,-0.129715378397836,1
121.050318,14.540867,2.514144643378656,0.7698185873149774,-2.670681933404376,2.716815121264325,0.3188225314397184,-0.0961160287440345,1
121.050318,14.540867,1.5729700792294543,0.7698185873149774,-2.720903505369132,3.3717071683260498,0.6088632336006313,0.079967222526597,1
121.044261,14.54912748,1.4410297197692865,0.4276068365647208,-2.547308900330798,0.9242362193677468,0.8406578706914098,1.44729954387262,1
121.050318,14.540867,2.144711636890184,0.7698185873149774,-2.720903505369132,3.3717071683260498,0.6088632336006313,0.079967222526597,1
121.0518771,14.5380015,0.2535664846277706,0.8775213476178564,-2.643751655592496,2.380469370356576,1.4456721282486462,1.462911403956343,1
121.050318,14.540867,2.408592355810522,0.7698185873149774,-2.72069142180186,3.540620472841886,0.6525782032508706,0.0674561381715226,1
121.050318,14.540867,0.9132682819286126,0.7698185873149774,-2.720785374822161,3.46579187894137,0.6332124716958146,0.0729985485408207,1
121.0553,14.53712,0.3855068440879393,1.122106438111597,-2.892169832909657,-0.4608892099545702,0.0006580777471001,-0.7092490275870765,1
121.065172,14.531149,-0.6700160315934082,1.8549839220253697,-2.497848566299337,1.651419320563176,3.1638213204959253,2.902628376853868,1
121.050318,14.540867,1.1771490008489494,0.7698185873149774,-2.674274690980435,1.9294242126159475,0.0514841224551375,-0.1570439519310423,1
121.050318,14.540867,2.1886917567102406,0.7698185873149774,-2.72069142180186,3.540620472841886,0.6525782032508706,0.0674561381715226,1
121.050318,14.540867,1.7515293656988824,0.7698185873149774,-2.731151569179129,1.4318177036705122,-0.0838645692275133,-0.134094257922112,1
121.050318,14.540867,1.4410297197692865,0.7698185873149774,-2.7242417626644646,2.7870122250966776,0.3939827881963374,0.0040259981134999,1
121.0553,14.53712,0.2095863648077144,1.122106438111597,-2.985257794833233,2.558807345078301,1.1503882757582788,-0.245235546155857,1
121.050318,14.540867,1.9643931456279544,0.7698185873149774,-2.6777614067728583,1.2264899562254898,-0.1939968017043238,-0.2242274172955872,1
121.044261,14.54912748,0.8253080422885003,0.4276068365647208,-2.540420302172861,2.2625394103423275,1.3141337311502368,1.5866709083437396,1
121.050318,14.540867,2.7604333143709696,0.7698185873149774,-2.674359524407344,1.8618588908096128,0.0339981345950418,-0.1520395181890124,1
121.0553,14.53712,2.3206321161704087,1.122106438111597,-2.9422217380205957,0.3291334807198238,0.3256707556282043,-0.5431746438005043,1
121.0518771,14.5380015,0.8253080422885003,0.8775213476178564,-2.640392189940436,2.982055644037532,1.6649240706179644,1.5376015199339323,1
121.0553,14.53712,2.106009131448535,1.122106438111597,-2.942052071166777,0.4642641243324932,0.3606427313483957,-0.5531835112845638,1
121.0553,14.53712,1.8808309179698477,1.122106438111597,-2.9422217380205957,0.3291334807198238,0.3256707556282043,-0.5431746438005043,1
121.050318,14.540867,0.6054074431882197,0.7698185873149774,-2.681290539278736,0.4897730389318656,-0.4482207197938329,-0.2889086657891173,1
121.0553,14.53712,0.2975466044478267,1.122106438111597,-2.9885536354151108,2.0078950627520955,0.9442508242840328,-0.3236789874399689,1
121.050318,14.540867,2.3206321161704087,0.7698185873149774,-2.674147440840072,2.03077219532545,0.077713104245281,-0.164550602544087,1
121.050318,14.540867,1.8808309179698477,0.7698185873149774,-2.6743171076938896,1.89564155171278,0.0427411285250897,-0.1545417350600273,1
121.0553,14.53712,0.2095863648077144,1.122106438111597,-2.981813495754264,3.2279589405655917,1.3871262059876923,-0.1755498639202971,1
121.050318,14.540867,2.0567513972500717,0.7698185873149774,-2.6743171076938896,1.89564155171278,0.0427411285250897,-0.1545417350600273,1
121.050318,14.540867,1.7049104386896237,0.7698185873149774,-2.670872808614921,2.564793147200072,0.2794790587545031,-0.0848560528244675,1
121.044261,14.54912748,0.6933676828283319,0.4276068365647208,-2.490453230488832,1.4049513978615982,0.9716350654090368,1.425600958299197,1
121.044261,14.54912748,1.2651092404890616,0.4276068365647208,-2.486818056199318,2.226124967413142,1.2477164683236657,1.4840266646151898,1
121.0553,14.53712,0.2095863648077144,1.122106438111597,-2.99214639299117,1.2205041541037196,0.676912415299452,-0.3846069106269766,1
121.0553,14.53712,1.353069480129174,1.122106438111597,-2.9352483064357493,1.7350019935007386,0.8166326039471269,-0.4088077130714143,1
121.050318,14.540867,2.7604333143709696,0.7698185873149774,-2.674189857553526,1.9969895344222823,0.0689701103152332,-0.162048385673072,1
121.050318,14.540867,1.0012285215687249,0.7698185873149774,-2.7207592885433867,3.4865682153968187,0.6385894129627941,0.0714596851651464,1
121.050318,14.540867,1.1771490008489494,0.7698185873149774,-2.731257610962765,1.347361051412594,-0.1057220540526329,-0.1278387157445748,1
121.050318,14.540867,2.0567513972500717,0.7698185873149774,-2.7311939858925838,1.398035042767345,-0.0926075631575612,-0.1315920410510971,1
121.050318,14.540867,1.4410297197692865,0.7698185873149774,-2.720712630158587,3.523729142390303,0.6482067062858466,0.0687072466070301,1
121.050318,14.540867,1.0452086413887811,0.7698185873149774,-2.731257610962765,1.347361051412594,-0.1057220540526329,-0.1278387157445748,1
121.050318,14.540867,1.4850098395893423,0.7698185873149774,-2.674274690980435,1.9294242126159475,0.0514841224551375,-0.1570439519310423,1
121.050318,14.540867,2.5845128350907456,0.7698185873149774,-2.7241357208808283,2.871468877354596,0.415840273021457,-0.002229544064037,1
121.050318,14.540867,1.0012285215687249,0.7698185873149774,-2.7209247137258594,3.354815837874466,0.6044917366356072,0.0812183309621045,1
121.050318,14.540867,2.8923736738311385,0.7698185873149774,-2.670787975188012,2.6323584690064066,0.2969650466145988,-0.0898604865664973,1
121.0479501,14.54615918,2.5845128350907456,0.6416033385628391,-2.3037783556993854,1.81984963704656,-0.0500744096724987,1.4561106681464395,1
121.0444133,14.55377215,0.9132682819286126,0.5219076332844701,-2.126848095946771,0.8154958971615743,1.4022047140643163,1.7703002752902388,1
121.065172,14.531149,-1.5056383081744746,1.8549839220253697,-2.5047477686356383,0.3046704643628042,2.6881597115545866,2.7638825666005022,1
121.050318,14.540867,2.100731517070128,0.7698185873149774,-2.723860012243374,3.091056173225184,0.4726697335667683,-0.0184939537256338,1
121.050318,14.540867,2.144711636890184,0.7698185873149774,-2.720634159238696,3.5862270650611623,0.6643812450564351,0.0640781453956526,1
121.0553,14.53712,0.2975466044478267,1.122106438111597,-2.985096611322106,2.687181456510337,1.1836116526924607,-0.2547439702657136,1
121.050318,14.540867,1.4410297197692865,0.7698185873149774,-2.7205217549480416,3.675751116454556,0.687550178971062,0.057447270687463,1
121.052,14.53578,1.836498957191231,0.8921946899139899,-2.6400829792395006,2.402877012136108,1.335295202533032,1.312241579191456,1
121.04993,14.54805,2.9363537936511945,0.8042660444786396,-1.788267980448209,2.137864371998256,-0.0347224249257057,1.6672525711007191,1
121.050318,14.540867,0.6493875630082758,0.7698185873149774,-2.720479338234587,3.709533777357723,0.6962931729011098,0.0549450538164482,1
121.050318,14.540867,0.2975466044478267,0.7698185873149774,-2.6273277512408293,0.7405112136796025,-0.4403225342149972,-0.4128217529212936,1
121.0435842,14.5515268,1.8808309179698477,0.4277141252861472,-2.30487378497621,3.0926007276718104,1.7782028827629617,1.8461903947370852,1
121.050318,14.540867,2.9363537936511945,0.7698185873149774,-2.673914148916072,2.216576830292871,0.1257995708605443,-0.1783127953346688,1
121.050318,14.540867,2.6284929549108016,0.7698185873149774,-2.6740626074131626,2.098337517131785,0.0951990921053767,-0.1695550362861167,1
121.050318,14.540867,2.144711636890184,0.7698185873149774,-2.7240402832755555,2.9474798643867226,0.4355120093640648,-0.0078595320238206,1
121.050318,14.540867,0.3506377338500454,0.7698185873149774,-2.6307591132221946,0.0816633297677782,-0.6743938512957461,-0.4832706113025129,1
121.050318,14.540867,0.2865535096180848,0.7698185873149774,-2.630860701250918,0.0007538569046922,-0.6953333217582108,-0.4772778018964323,1
121.050318,14.540867,0.5405851445854389,0.7698185873149774,-2.630918387981216,-0.0451905619236153,-0.7072237935030758,-0.473874786951852,1
121.050318,14.540867,2.144711636890184,0.7698185873149774,-2.7203308797374963,3.827773090518809,0.7268936516562775,0.0461872947678961,1
121.0553,14.53712,0.5350392514761299,1.122106438111597,-2.9351295396380768,1.8295934440296069,0.8411129869512608,-0.415813920310256,1
121.050318,14.540867,2.0567513972500717,0.7698185873149774,-2.680908788857645,0.7938169870603714,-0.3695337744234022,-0.3114286176282513,1
121.050318,14.540867,2.697101941830089,0.7698185873149774,-2.680887580500918,0.8107083175119553,-0.3651622774583782,-0.3126797260637588,1
121.050318,14.540867,3.024314033291307,0.7698185873149774,-2.6704274331236486,2.919511086683329,0.3712804950200057,-0.1111293299701238,1
121.050318,14.540867,0.5839631765651585,0.7698185873149774,-2.6308587924988123,0.002274076645335,-0.6949398870313586,-0.4773904016556278,1
121.050318,14.540867,2.100731517070128,0.7698185873149774,-2.722125137689853,3.435766769239779,0.5936615968604891,0.0155982223308414,1
121.050318,14.540867,1.4410297197692865,0.7698185873149774,-2.720591742525241,3.6200097259643296,0.673124238986483,0.0615759285246377,1
121.050318,14.540867,2.672473074730858,0.7698185873149774,-2.672064749236224,2.652500610746018,0.2703975177653946,-0.1509766048299335,1
121.050318,14.540867,2.3206321161704087,0.7698185873149774,-2.7203308797374963,3.827773090518809,0.7268936516562775,0.0461872947678961,1
121.050318,14.540867,1.8808309179698477,0.7698185873149774,-2.720591742525241,3.6200097259643296,0.673124238986483,0.0615759285246377,1
121.050318,14.540867,1.5289899594093983,0.7698185873149774,-2.7206065883749506,3.608185794648221,0.6700641911109663,0.0624517044294929,1
121.050318,14.540867,2.722610411325722,0.7698185873149774,-2.670639516690921,2.7505977821674925,0.3275655253697665,-0.0986182456150494,1
121.050318,14.540867,1.5289899594093983,0.7698185873149774,-2.673914148916072,2.216576830292871,0.1257995708605443,-0.1783127953346688,1
121.050318,14.540867,2.3206321161704087,0.7698185873149774,-2.7239660540270103,3.0065995209672653,0.4508122487416486,-0.0122384115480966,1
121.0435842,14.5515268,2.3206321161704087,0.4277141252861472,-2.308169625558088,2.541688445345606,1.572065431288716,1.7677469534529735,1
121.0435842,14.5515268,1.4410297197692865,0.4277141252861472,-2.3048525766194827,3.109492058123394,1.7825743797279858,1.844939286301578,1
121.04932030184,14.54976161769,1.7928706783297352,0.7879712881791904,-1.6356596002692452,2.732730158056876,0.1324933031320652,1.7595234966997892,1
121.0553,14.53712,0.6493875630082758,1.122106438111597,-2.9849608778390517,2.7952859714004723,1.2115892332686136,-0.2627510642529612,1
121.05201,14.53583,1.1771490008489494,0.8926913229132645,-2.689857054877312,3.414176131726248,1.71757449065595,1.4619264424728806,1
121.050318,14.540867,2.7604333143709696,0.7698185873149774,-2.670469849837103,2.8857284257801616,0.3625375010899579,-0.108627113099109,1
121.050318,14.540867,2.7604333143709696,0.7698185873149774,-2.6806754969336453,0.9796216220277918,-0.3214473078081389,-0.3251908104188332,1
121.050318,14.540867,2.3206321161704087,0.7698185873149774,-2.6806967052903725,0.9627302915762084,-0.3258188047731629,-0.3239397019833258,1
121.0503029,14.53332095,1.8808309179698477,0.7872558211101823,-2.7050379227315533,3.512089399138614,1.5908702456929211,1.453452688299096,1
121.050318,14.540867,3.0558917593221078,0.7698185873149774,-2.6809512055711,0.7600343261572041,-0.3782767683534501,-0.3089264007572364,1
121.050318,14.540867,0.1216261251676022,0.7698185873149774,-2.62069365336362,1.8761184392351784,-0.0193046373364575,-0.2584370872240845,1
121.0553,14.53712,0.4734670837280513,1.122106438111597,-2.991743434213352,1.5414394326838097,0.7599708576349068,-0.408377970901618,1
121.050318,14.540867,2.7604333143709696,0.7698185873149774,-2.730897068898402,1.634513669089516,-0.0314066056472261,-0.1491075591482013,1
121.0553,14.53712,0.3855068440879393,1.122106438111597,-2.9385780803883907,1.157063582452,0.603500757328843,-0.4852493808587144,1
121.0553,14.53712,2.3206321161704087,1.122106438111597,-2.941712737459141,0.734525411557832,0.4305866827887787,-0.5732012462526828,1
121.050318,14.540867,1.8808309179698477,0.7698185873149774,-2.7206065883749506,3.608185794648221,0.6700641911109663,0.0624517044294929,1
121.050318,14.540867,1.8808309179698477,0.7698185873149774,-2.7238175955299195,3.1248388341283517,0.481412727496816,-0.0209961705966488,1
121.050318,14.540867,0.9132682819286126,0.7698185873149774,-2.7206235550603326,3.594672730286954,0.6665669935389472,0.0634525911778988,1
121.0553,14.53712,0.5526312994041523,1.122106438111597,-2.9351295396380768,1.8295934440296069,0.8411129869512608,-0.415813920310256,1
121.0491649,14.5484647,2.0567513972500717,0.7569038892861311,-1.832056484343736,2.760411997949448,0.0889539952923975,1.7120915034609965,1
121.050318,14.540867,2.3206321161704087,0.7698185873149774,-2.673808107132436,2.301033482550789,0.1476570556856639,-0.184568337512206,1
121.050318,14.540867,2.6284929549108016,0.7698185873149774,-2.720636280074369,3.584537932016004,0.6639440953599328,0.0642032562392033,1
121.050318,14.540867,2.100731517070128,0.7698185873149774,-2.730738006222948,1.7611986474763937,0.0013796215904533,-0.1584908724145071,1
121.050318,14.540867,2.6284929549108016,0.7698185873149774,-2.7309691773112745,1.5770831455541316,-0.0462696953283076,-0.144853790467476,1
121.045497,14.54639962,2.716453194550914,0.4726509202162979,-2.891945711592119,3.7285933282829777,1.038245953480999,-0.0201455415871735,1
121.0519,14.53793,0.2975466044478267,0.8792276853390151,-2.658823067570271,3.250857139607707,1.8018296678781736,1.4887832282468,1
121.050318,14.540867,2.0567513972500717,0.7698185873149774,-2.6740626074131626,2.098337517131785,0.0951990921053767,-0.1695550362861167,1
121.050318,14.540867,2.672473074730858,0.7698185873149774,-2.6737232737055265,2.368598804357124,0.1651430435457597,-0.1895727712542358,1
121.050318,14.540867,2.144711636890184,0.7698185873149774,-2.720585380018224,3.625077125099805,0.6744356880759902,0.0612005959939854,1
121.0435842,14.5515268,2.144711636890184,0.4277141252861472,-2.304901355839956,3.0706419980847515,1.7725199367084308,1.8478168357032447,1
121.0553,14.53712,0.1216261251676022,1.122106438111597,-2.985088127979415,2.6939379886909705,1.18536025147847,-0.2552444136399165,1
121.050318,14.540867,1.4410297197692865,0.7698185873149774,-2.7206065883749506,3.608185794648221,0.6700641911109663,0.0624517044294929,1
121.050318,14.540867,2.9363537936511945,0.7698185873149774,-2.6740626074131626,2.098337517131785,0.0951990921053767,-0.1695550362861167,1
121.0439095,14.5506408,1.7049104386896237,0.4316239222191583,-2.459455278449891,1.1706885330527028,0.8289440376147279,1.5305313973514,1
121.050318,14.540867,2.3206321161704087,0.7698185873149774,-2.6740626074131626,2.098337517131785,0.0951990921053767,-0.1695550362861167,1
121.050318,14.540867,1.96879115760996,0.7698185873149774,-2.670554683264012,2.818163103973827,0.3450515132298622,-0.1036226793570791,1
121.050318,14.540867,2.3206321161704087,0.7698185873149774,-2.680993622284554,0.7262516652540368,-0.3870197622834979,-0.3064241838862216,1
121.0503029,14.53332095,1.8808309179698477,0.7872558211101823,-2.70522243543508,3.3651348242098367,1.5528382220972132,1.4643373316880108,1
121.0553,14.53712,1.1771490008489494,1.122106438111597,-2.9813532744132827,3.5945008113649566,1.4819876901287117,-0.2026989169708086,1
121.050318,14.540867,1.8808309179698477,0.7698185873149774,-2.67408381576989,2.081446186680201,0.0908275951403529,-0.1683039278506092,1
121.050318,14.540867,1.96879115760996,0.7698185873149774,-2.7205132716053506,3.682507648635189,0.6892987777570717,0.0569468273132601,1
121.050318,14.540867,-0.8459365108736328,0.7698185873149774,-2.6296818788375544,-1.1344264664461847,-0.9255586973326534,-0.2739487165799673,1
121.05035722083,14.534180210122,-1.582603517859573,0.7846831841783024,-2.611535455017122,-1.4339186328197924,-0.0992091722701041,1.1474875273766332,1
121.050318,14.540867,-0.7267503861612806,0.7698185873149774,-2.629660670480827,-1.1175351359946009,-0.9211872003676296,-0.2751998250154748,1
121.050318,14.540867,-0.7950075321220077,0.7698185873149774,-2.629724295551009,-1.168209127349352,-0.9343016912627012,-0.2714464997089524,1
121.050318,14.540867,-1.633620456850838,0.7698185873149774,-2.6296394621241,-1.1006438055430172,-0.9168157034026057,-0.2764509334509822,1
121.0553,14.53712,-0.8179651546680771,1.122106438111597,-2.8906470109501776,-1.32209215338076,-0.1586616170546544,-0.5262129210945423,1
121.0495990949,14.546086301,-0.6524239836653857,0.7564990945469895,-2.1524170414085724,-0.8710557243844476,-1.7337795805524585,-0.1302367703470953,1
121.050318,14.540867,-0.5819238515938358,0.7698185873149774,-2.629660670480827,-1.1175351359946009,-0.9211872003676296,-0.2751998250154748,1
121.0495969,14.5461009,-0.6524239836653857,0.7565076732106889,-2.1524170414085724,-0.8710557243844476,-1.7337795805524585,-0.1302367703470953,1
121.050318,14.540867,-0.5820557919532959,0.7698185873149774,-2.6296394621241,-1.1006438055430172,-0.9168157034026057,-0.2764509334509822,1
121.050318,14.540867,-0.933896750513745,0.7698185873149774,-2.629739141400718,-1.1800330586654606,-0.937361739138218,-0.2705707238040972,1
121.0553,14.53712,-1.1537973496140257,1.122106438111597,-2.8908039527899594,-1.4470879987224792,-0.1910106945958315,-0.5169547186717871,1
121.050318,14.540867,-1.0944013181946437,0.7698185873149774,-2.676141026372433,0.4429871328765857,-0.3332076104669683,-0.0469464096063872,1
121.050318,14.540867,-0.6955245010890407,0.7698185873149774,-2.6296394621241,-1.1006438055430172,-0.9168157034026057,-0.2764509334509822,1
121.050318,14.540867,-0.7579762712335204,0.7698185873149774,-2.629630978781409,-1.093887273362384,-0.915067104616596,-0.2769513768251852,1
121.050318,14.540867,-0.7361621318027726,0.7698185873149774,-2.629724295551009,-1.168209127349352,-0.9343016912627012,-0.2714464997089524,1
121.050318,14.540867,-0.8371404869096215,0.7698185873149774,-2.629724295551009,-1.168209127349352,-0.9343016912627012,-0.2714464997089524,1
121.050318,14.540867,-0.7464534798406658,0.7698185873149774,-2.629724295551009,-1.168209127349352,-0.9343016912627012,-0.2714464997089524,1
121.050318,14.540867,-0.2214188094288358,0.7698185873149774,-2.6296182537673727,-1.0837524750914338,-0.9124442064375816,-0.2777020418864896,1
121.065172,14.531149,-1.3385138528582614,1.8549839220253697,-2.4033841200777,-2.3460303580118103,1.8246080986243265,2.6302836501201843,1
121.050318,14.540867,-0.6849692723322273,0.7698185873149774,-2.6296182537673727,-1.0837524750914338,-0.9124442064375816,-0.2777020418864896,1
121.050318,14.540867,-1.0218569901538572,0.7698185873149774,-2.6296818788375544,-1.1344264664461847,-0.9255586973326534,-0.2739487165799673,1
121.050318,14.540867,-0.6700160315934082,0.7698185873149774,-2.6296818788375544,-1.1344264664461847,-0.9255586973326534,-0.2739487165799673,1
121.050318,14.540867,-0.4061353126730714,0.7698185873149774,-2.629660670480827,-1.1175351359946009,-0.9211872003676296,-0.2751998250154748,1
121.050318,14.540867,-0.8459365108736328,0.7698185873149774,-2.629724295551009,-1.168209127349352,-0.9343016912627012,-0.2714464997089524,1
121.0521,14.52655,-1.127409277721992,0.9993545043798296,-2.4335031980461563,-2.0534432164547685,1.3413076709248657,1.135561296905666,1
121.0553,14.53712,-0.8899166306936889,1.122106438111597,-2.8906554942928686,-1.3288486855613937,-0.1604102158406639,-0.5257124777203392,1
121.050318,14.540867,-0.933896750513745,0.7698185873149774,-2.629673819661998,-1.1280077608745829,-0.9238975284859444,-0.2744241377854601,1
121.050318,14.540867,-0.8019563910535766,0.7698185873149774,-2.629660670480827,-1.1175351359946009,-0.9211872003676296,-0.2751998250154748,1
121.050318,14.540867,-0.8019563910535766,0.7698185873149774,-2.6297030871942817,-1.1513177968977684,-0.9299301942976772,-0.2726976081444598,1
121.050318,14.540867,-1.0943977997850578,0.7698185873149774,-2.6795853254514017,-0.2261644626107044,-0.5699455406963817,-0.1166320918419471,1
121.0553,14.53712,-1.0042649422258347,1.122106438111597,-2.89407858501511,-1.9811089505970996,-0.3927766491050536,-0.5966492683914064,1
121.050318,14.540867,-0.9778768703338012,0.7698185873149774,-2.6296848480074964,-1.1367912527094064,-0.9261707069077568,-0.2737735613989962,1
121.050318,14.540867,-1.0658371099739137,0.7698185873149774,-2.633126177916523,-1.8035780619334747,-1.1622966275620668,-0.3436343988155271,1
121.050318,14.540867,-0.9866728942978124,0.7698185873149774,-2.6297030871942817,-1.1513177968977684,-0.9299301942976772,-0.2726976081444598,1
121.050318,14.540867,-0.8547325348376439,0.7698185873149774,-2.6296182537673727,-1.0837524750914338,-0.9124442064375816,-0.2777020418864896,1
121.050318,14.540867,-1.0042649422258347,0.7698185873149774,-2.629688241344573,-1.1394938655816598,-0.9268701464221606,-0.2735733840493151,1
121.050318,14.540867,-0.7016817178638486,0.7698185873149774,-2.629660670480827,-1.1175351359946009,-0.9211872003676296,-0.2751998250154748,1
121.050318,14.540867,-0.8899166306936889,0.7698185873149774,-2.6297030871942817,-1.1513177968977684,-0.9299301942976772,-0.2726976081444598,1
121.065172,14.531149,-1.2505536132181492,1.8549839220253697,-2.403214453223882,-2.210899714399141,1.8595800743445177,2.620274782636125,1
121.050318,14.540867,-0.8557880577133253,0.7698185873149774,-2.629660670480827,-1.1175351359946009,-0.9211872003676296,-0.2751998250154748,1
121.0553,14.53712,-0.3181750730329591,1.122106438111597,-2.8906342859361414,-1.31195735510981,-0.15603871887564,-0.5269635861558468,1
121.050318,14.540867,-0.4940955523131836,0.7698185873149774,-2.629798524799554,-1.2273287839298948,-0.9496019306402852,-0.2670676201846763,1
121.050318,14.540867,-0.7139961514134645,0.7698185873149774,-2.6296394621241,-1.1006438055430172,-0.9168157034026057,-0.2764509334509822,1
121.050318,14.540867,-0.4163179418547693,0.7698185873149774,-2.629724295551009,-1.168209127349352,-0.9343016912627012,-0.2714464997089524,1
121.050318,14.540867,-0.7139961514134645,0.7698185873149774,-2.6297030871942817,-1.1513177968977684,-0.9299301942976772,-0.2726976081444598,1
121.050318,14.540867,-0.7139961514134645,0.7698185873149774,-2.629739141400718,-1.1800330586654606,-0.937361739138218,-0.2705707238040972,1
121.050318,14.540867,-0.626035911773352,0.7698185873149774,-2.6297030871942817,-1.1513177968977684,-0.9299301942976772,-0.2726976081444598,1
121.050318,14.540867,-0.933896750513745,0.7698185873149774,-2.6296818788375544,-1.1344264664461847,-0.9255586973326534,-0.2739487165799673,1
121.050318,14.540867,-0.8899166306936889,0.7698185873149774,-2.6296861205089,-1.1378047325365015,-0.9264329967256584,-0.2736984948928658,1
121.0537077,14.55231373,-0.3181750730329591,1.1353496314317353,-1.0423628726317364,-1.6701944753894962,-0.0589554924685642,1.9639678817393436,1
121.050318,14.540867,-1.6340602580490386,0.7698185873149774,-2.6296818788375544,-1.1344264664461847,-0.9255586973326534,-0.2739487165799673,1
121.050318,14.540867,-0.5380756721332399,0.7698185873149774,-2.629660670480827,-1.1175351359946009,-0.9211872003676296,-0.2751998250154748,1
121.0602886,14.52758356,-1.47045421231843,1.5520725545794636,-2.5232290231830863,-2.143783380005558,1.6630865894960536,1.1393195806699905,1
121.04993,14.54805,-0.5380756721332399,0.8042660444786396,-1.7439720852995098,-1.1624649333860475,-1.0729662022238318,1.5678633245488989,1
121.050318,14.540867,-1.1098172297939697,0.7698185873149774,-2.629692483015918,-1.1428721316719763,-0.9277444458151654,-0.2733231623622135,1
121.050318,14.540867,-0.5380756721332399,0.7698185873149774,-2.6296352204527547,-1.0972655394527009,-0.9159414040096008,-0.2767011551380837,1
121.050318,14.540867,-0.6788120555574195,0.7698185873149774,-2.6296182537673727,-1.0837524750914338,-0.9124442064375816,-0.2777020418864896,1
121.065172,14.531149,-1.0394490380818795,1.8549839220253697,-2.4532663583348207,-1.420877023724748,2.184592752225622,2.786349166422697,1
121.065172,14.531149,-0.7768877227561446,1.8549839220253697,-2.4532663583348207,-1.420877023724748,2.184592752225622,2.786349166422697,1
121.065172,14.531149,-0.819548438981599,1.8549839220253697,-2.4532663583348207,-1.420877023724748,2.184592752225622,2.786349166422697,1
121.050318,14.540867,-0.819548438981599,0.7698185873149774,-2.6296818788375544,-1.1344264664461847,-0.9255586973326534,-0.2739487165799673,1
121.050318,14.540867,-0.6078281421678489,0.7698185873149774,-2.629660670480827,-1.1175351359946009,-0.9211872003676296,-0.2751998250154748,1
121.0521,14.52655,-1.0394490380818795,0.9993545043798296,-2.4335031980461563,-2.0534432164547685,1.3413076709248657,1.135561296905666,1
121.065172,14.531149,-0.8404301998721617,1.8549839220253697,-2.453287566691548,-1.4377683541763315,2.180221255260598,2.7876002748582045,1
121.065172,14.531149,-0.8725268913168387,1.8549839220253697,-2.453287566691548,-1.4377683541763315,2.180221255260598,2.7876002748582045,1
121.050318,14.540867,-0.9778768703338012,0.7698185873149774,-2.629660670480827,-1.1175351359946009,-0.9211872003676296,-0.2751998250154748,1
121.0553,14.53712,-1.0218569901538572,1.122106438111597,-2.8906342859361414,-1.31195735510981,-0.15603871887564,-0.5269635861558468,1
121.050318,14.540867,-0.7315881993414868,0.7698185873149774,-2.629660670480827,-1.1175351359946009,-0.9211872003676296,-0.2751998250154748,1
121.0553,14.53712,-0.8459365108736328,1.122106438111597,-2.8907403277197776,-1.3964140073677282,-0.1778962037007596,-0.5207080439783096,1
121.04562,14.53631,-0.7456618376839047,0.4374182596594019,-2.500008924663488,-1.6947968712720536,0.3230690795419429,1.2276820940842397,1
121.065172,14.531149,-0.8507743240538389,1.8549839220253697,-2.453287566691548,-1.4377683541763315,2.180221255260598,2.7876002748582045,1
121.050318,14.540867,-0.9426927744777562,0.7698185873149774,-2.6296511267203,-1.1099340372913884,-0.9192200267333688,-0.2757628238114531,1
121.050318,14.540867,-0.8067942042337828,0.7698185873149774,-2.629650066302464,-1.109089470768809,-0.9190014518851176,-0.2758253792332285,1
121.065172,14.531149,-0.6944425901414674,1.8549839220253697,-2.4532663583348207,-1.420877023724748,2.184592752225622,2.786349166422697,1
121.050318,14.540867,-0.6348319357373633,0.7698185873149774,-2.629724295551009,-1.168209127349352,-0.9343016912627012,-0.2714464997089524,1
121.0553,14.53712,-1.241757589254138,1.122106438111597,-2.8906342859361414,-1.31195735510981,-0.15603871887564,-0.5269635861558468,1
121.050318,14.540867,-0.6964041034854419,0.7698185873149774,-2.629724295551009,-1.168209127349352,-0.9343016912627012,-0.2714464997089524,1
121.050318,14.540867,-0.5820557919532959,0.7698185873149774,-2.6296818788375544,-1.1344264664461847,-0.9255586973326534,-0.2739487165799673,1
121.050318,14.540867,-0.9163047025857224,0.7698185873149774,-2.6296818788375544,-1.1344264664461847,-0.9255586973326534,-0.2739487165799673,1
121.050318,14.540867,-1.1889814454700705,0.7698185873149774,-2.633211011343432,-1.8711433837398093,-1.179782615422163,-0.3386299650734974,1
121.050318,14.540867,-0.5996478398813183,0.7698185873149774,-2.6332004071650683,-1.8626977185140172,-1.1775968669396506,-0.3392555192912511,1
121.050318,14.540867,-0.6964041034854419,0.7698185873149774,-2.6296712746591906,-1.125980801220393,-0.9233729488501414,-0.274574270797721,1
121.050318,14.540867,-0.7016817178638486,0.7698185873149774,-2.633104969559796,-1.786686731481891,-1.1579251305970428,-0.3448855072510346,1
121.050318,14.540867,-0.6700160315934082,0.7698185873149774,-2.629650066302464,-1.109089470768809,-0.9190014518851176,-0.2758253792332285,1
121.050318,14.540867,-0.2942094261406141,0.7698185873149774,-2.6296712746591906,-1.125980801220393,-0.9233729488501414,-0.274574270797721,1
121.050318,14.540867,-0.7139961514134645,0.7698185873149774,-2.6296818788375544,-1.1344264664461847,-0.9255586973326534,-0.2739487165799673,1
121.065172,14.531149,-0.9778768703338012,1.8549839220253697,-2.453278235014588,-1.4303361687776348,2.182144713925209,2.7870497871465814,1
121.050318,14.540867,-0.933896750513745,0.7698185873149774,-2.6795853254514017,-0.2261644626107044,-0.5699455406963817,-0.1166320918419471,1
121.065172,14.531149,-1.2593496371821604,1.8549839220253697,-2.453181524907912,-1.353311701918413,2.202078740085718,2.781344732680667,1
121.050318,14.540867,-0.2222984118252367,0.7698185873149774,-2.626173954688404,-0.414600879604143,-0.6757062762081683,-0.2080163596509298,1
121.050318,14.540867,-0.4631335479598641,0.7698185873149774,-2.629724295551009,-1.168209127349352,-0.9343016912627012,-0.2714464997089524,1
121.050318,14.540867,-0.6529517451032264,0.7698185873149774,-2.6296352204527547,-1.0972655394527009,-0.9159414040096008,-0.2767011551380837,1
121.04559,14.53627,-0.8067942042337828,0.4354520388498962,-2.4999346954149426,-1.6356772146915106,0.3383693189195266,1.2233032145599638,1
121.050318,14.540867,-0.626035911773352,0.7698185873149774,-2.629724295551009,-1.168209127349352,-0.9343016912627012,-0.2714464997089524,1
121.050318,14.540867,-0.8826159308035595,0.7698185873149774,-2.629724295551009,-1.168209127349352,-0.9343016912627012,-0.2714464997089524,1
121.065172,14.531149,-1.1537973496140257,1.8549839220253697,-2.4034053284344274,-2.362921688463394,1.8202366016593023,2.631534758555692,1
121.0553,14.53712,-1.0042649422258347,1.122106438111597,-2.8906342859361414,-1.31195735510981,-0.15603871887564,-0.5269635861558468,1
121.050318,14.540867,-0.8635285588016551,0.7698185873149774,-2.629660670480827,-1.1175351359946009,-0.9211872003676296,-0.2751998250154748,1
121.050318,14.540867,-0.9778768703338012,0.7698185873149774,-2.629690362180245,-1.141182998626818,-0.927307296118663,-0.2734482732057643,1
121.050318,14.540867,-0.7843643431255543,0.7698185873149774,-2.6331155737381597,-1.7951323967076829,-1.160110879079555,-0.3442599530332808,1
121.050318,14.540867,-0.7139961514134645,0.7698185873149774,-2.6297667122644635,-1.2019917882525193,-0.9430446851927492,-0.2689442828379376,1
121.0553,14.53712,-1.6353796616436402,1.122106438111597,-2.8906342859361414,-1.31195735510981,-0.15603871887564,-0.5269635861558468,1
121.0553,14.53712,-1.0658371099739137,1.122106438111597,-2.8906342859361414,-1.31195735510981,-0.15603871887564,-0.5269635861558468,1
121.050318,14.540867,-0.8019563910535766,0.7698185873149774,-2.6296394621241,-1.1006438055430172,-0.9168157034026057,-0.2764509334509822,1
121.050318,14.540867,-0.7579762712335204,0.7698185873149774,-2.6296182537673727,-1.0837524750914338,-0.9124442064375816,-0.2777020418864896,1
121.050318,14.540867,-0.8899166306936889,0.7698185873149774,-2.6296394621241,-1.1006438055430172,-0.9168157034026057,-0.2764509334509822,1
121.050318,14.540867,-0.5380756721332399,0.7698185873149774,-2.6296946038515907,-1.1445612647171348,-0.9281815955116678,-0.2731980515186628,1
121.050318,14.540867,-0.7579762712335204,0.7698185873149774,-2.6297030871942817,-1.1513177968977684,-0.9299301942976772,-0.2726976081444598,1
121.050318,14.540867,-1.0394490380818795,0.7698185873149774,-2.6296818788375544,-1.1344264664461847,-0.9255586973326534,-0.2739487165799673,1
121.04993,14.54805,-0.6436279597013747,0.8042660444786396,-1.744037619121797,-1.2146591444814414,-1.0864741278457557,1.571729249614617,1
121.050318,14.540867,-0.7931603670895654,0.7698185873149774,-2.6296182537673727,-1.0837524750914338,-0.9124442064375816,-0.2777020418864896,1
121.065172,14.531149,-1.241757589254138,1.8549839220253697,-2.4032855012189187,-2.2674856714119462,1.844935559511688,2.6244659958950747,1
121.065172,14.531149,-0.8848149367945624,1.8549839220253697,-2.453181524907912,-1.353311701918413,2.202078740085718,2.781344732680667,1
121.0553,14.53712,-0.8019563910535766,1.122106438111597,-2.8907403277197776,-1.3964140073677282,-0.1778962037007596,-0.5207080439783096,1
121.050318,14.540867,-0.8899166306936889,0.7698185873149774,-2.629660670480827,-1.1175351359946009,-0.9211872003676296,-0.2751998250154748,1
121.04748,14.5479,-0.8459365108736328,0.6313825012089548,-1.9684905995511688,-1.3119164534034584,-0.7919897276216906,1.446215153127382,1
121.0553,14.53712,-0.9875524966942132,1.122106438111597,-2.8906554942928686,-1.3288486855613937,-0.1604102158406639,-0.5257124777203392,1
121.050318,14.540867,-0.5480151792125725,0.7698185873149774,-2.629692483015918,-1.1428721316719763,-0.9277444458151654,-0.2733231623622135,1
121.050318,14.540867,-0.4026169030874669,0.7698185873149774,-2.6296394621241,-1.1006438055430172,-0.9168157034026057,-0.2764509334509822,1
121.050318,14.540867,-0.8019563910535766,0.7698185873149774,-2.6296818788375544,-1.1344264664461847,-0.9255586973326534,-0.2739487165799673,1
121.050318,14.540867,-0.4940955523131836,0.7698185873149774,-2.629660670480827,-1.1175351359946009,-0.9211872003676296,-0.2751998250154748,1
121.050318,14.540867,-0.6788120555574195,0.7698185873149774,-2.6296818788375544,-1.1344264664461847,-0.9255586973326534,-0.2739487165799673,1
121.050318,14.540867,-0.6964041034854419,0.7698185873149774,-2.629660670480827,-1.1175351359946009,-0.9211872003676296,-0.2751998250154748,1
121.050318,14.540867,-0.8459365108736328,0.7698185873149774,-2.629700966358609,-1.14962866385261,-0.929493044601175,-0.2728227189880106,1
121.050318,14.540867,-0.9664420391805864,0.7698185873149774,-2.6297030871942817,-1.1513177968977684,-0.9299301942976772,-0.2726976081444598,1
121.050318,14.540867,-0.8459365108736328,0.7698185873149774,-2.6297561080861,-1.1935461230267277,-0.9408589367102372,-0.2695698370556912,1
121.050318,14.540867,-0.6876080795214307,0.7698185873149774,-2.6297030871942817,-1.1513177968977684,-0.9299301942976772,-0.2726976081444598,1
121.050318,14.540867,-0.6700160315934082,0.7698185873149774,-2.629724295551009,-1.168209127349352,-0.9343016912627012,-0.2714464997089524,1
121.050318,14.540867,-0.4179219847848464,0.7698185873149774,-2.629660670480827,-1.1175351359946009,-0.9211872003676296,-0.2751998250154748,1
121.050318,14.540867,-0.6876080795214307,0.7698185873149774,-2.6296818788375544,-1.1344264664461847,-0.9255586973326534,-0.2739487165799673,1
121.050318,14.540867,-0.626035911773352,0.7698185873149774,-2.6297561080861,-1.1935461230267277,-0.9408589367102372,-0.2695698370556912,1
121.050318,14.540867,-0.5116876002412061,0.7698185873149774,-2.6296818788375544,-1.1344264664461847,-0.9255586973326534,-0.2739487165799673,1
121.050318,14.540867,-0.8547325348376439,0.7698185873149774,-2.6297030871942817,-1.1513177968977684,-0.9299301942976772,-0.2726976081444598,1
121.050318,14.540867,-1.0306530141178685,0.7698185873149774,-2.6296818788375544,-1.1344264664461847,-0.9255586973326534,-0.2739487165799673,1
121.050318,14.540867,-0.9822748823158068,0.7698185873149774,-2.6297030871942817,-1.1513177968977684,-0.9299301942976772,-0.2726976081444598,1
121.050318,14.540867,-0.5820557919532959,0.7698185873149774,-2.6297030871942817,-1.1513177968977684,-0.9299301942976772,-0.2726976081444598,1
121.050318,14.540867,-0.6788120555574195,0.7698185873149774,-2.629660670480827,-1.1175351359946009,-0.9211872003676296,-0.2751998250154748,1
121.050318,14.540867,-0.7139961514134645,0.7698185873149774,-2.6297327788937,-1.1749656595299856,-0.9360502900487108,-0.2709460563347494,1
121.050318,14.540867,-0.7579762712335204,0.7698185873149774,-2.6296839996732277,-1.136115599491343,-0.9259958470291558,-0.2738236057364165,1
121.050318,14.540867,-0.4061353126730714,0.7698185873149774,-2.629724295551009,-1.168209127349352,-0.9343016912627012,-0.2714464997089524,1
121.050318,14.540867,-0.9778768703338012,0.7698185873149774,-2.6296827271718235,-1.135102119664248,-0.9257335572112544,-0.273898672242547,1
121.044261,14.54912748,-0.9778768703338012,0.4276068365647208,-2.445754376562315,-1.574442628942616,0.0164497304463655,1.3024406514727351,1
121.044261,14.54912748,-1.1098172297939697,0.4276068365647208,-2.445754376562315,-1.574442628942616,0.0164497304463655,1.3024406514727351,1
121.0553,14.53712,-0.8283444629456103,1.122106438111597,-2.890746690226796,-1.4014814065032033,-0.1792076527902668,-0.5203327114476572,1
121.045716,14.547869,-0.9514887984417676,0.5081481606386872,-2.35882793693022,-1.4572210977468754,-0.2565548018899167,1.2813211907724658,1
121.044261,14.54912748,-1.0218569901538572,0.4276068365647208,-2.445754376562315,-1.574442628942616,0.0164497304463655,1.3024406514727351,1
121.050318,14.540867,-0.7588558736299216,0.7698185873149774,-2.6297667122644635,-1.2019917882525193,-0.9430446851927492,-0.2689442828379376,1
121.050318,14.540867,-0.9075086786217113,0.7698185873149774,-2.6331473862732504,-1.8204693923850583,-1.166668124527091,-0.3423832903800197,1
121.065172,14.531149,-0.8261894370744275,1.8549839220253697,-2.4532663583348207,-1.420877023724748,2.184592752225622,2.786349166422697,1
121.065172,14.531149,-1.0341743263913812,1.8549839220253697,-2.4532663583348207,-1.420877023724748,2.184592752225622,2.786349166422697,1
121.0502,14.53352,-0.9778768703338012,0.7784029629484923,-2.611535455017122,-1.4339186328197924,-0.0992091722701041,1.1474875273766332,1
121.044261,14.54912748,-1.070235121955919,0.4276068365647208,-2.445754376562315,-1.574442628942616,0.0164497304463655,1.3024406514727351,1
121.050318,14.540867,-0.5380756721332399,0.7698185873149774,-2.6296394621241,-1.1006438055430172,-0.9168157034026057,-0.2764509334509822,1
121.050318,14.540867,-1.1098172297939697,0.7698185873149774,-2.6297030871942817,-1.1513177968977684,-0.9299301942976772,-0.2726976081444598,1
121.050318,14.540867,-0.6700160315934082,0.7698185873149774,-2.6297030871942817,-1.1513177968977684,-0.9299301942976772,-0.2726976081444598,1
121.050318,14.540867,-0.5380756721332399,0.7698185873149774,-2.6296182537673727,-1.0837524750914338,-0.9124442064375816,-0.2777020418864896,1
121.050318,14.540867,-0.7579762712335204,0.7698185873149774,-2.6296818788375544,-1.1344264664461847,-0.9255586973326534,-0.2739487165799673,1
121.050318,14.540867,-0.7579762712335204,0.7698185873149774,-2.5797148071535254,-1.9920144789269127,-1.2680573630738536,-0.4350186666245099,1
121.050318,14.540867,-0.4061353126730714,0.7698185873149774,-2.633126177916523,-1.8035780619334747,-1.1622966275620668,-0.3436343988155271,1
121.050318,14.540867,-0.8995922570541012,0.7698185873149774,-2.6331346612592137,-1.810334594114108,-1.1640452263480765,-0.3431339554413242,1
121.0553,14.53712,-1.1186132537579807,1.122106438111597,-2.9406013576201704,-0.4543693426290807,0.1864599468655598,-0.3658936361113043,1
121.044842,14.55070459,-0.819548438981599,0.4966679005374316,-2.3734145937362667,-1.4952709359351568,-0.1906008499442205,1.3968411532151976,1
121.050318,14.540867,-0.4501154324931275,0.7698185873149774,-2.629660670480827,-1.1175351359946009,-0.9211872003676296,-0.2751998250154748,1
121.050318,14.540867,-0.3181750730329591,0.7698185873149774,-2.6296182537673727,-1.0837524750914338,-0.9124442064375816,-0.2777020418864896,1
121.050318,14.540867,-1.0218569901538572,0.7698185873149774,-2.6296585496451543,-1.1158460029494426,-0.9207500506711273,-0.2753249358590255,1
121.0553,14.53712,-1.0394490380818795,1.122106438111597,-2.944045656699139,-1.1235209381163715,-0.0502779833638536,-0.4355793183468641,1
121.050318,14.540867,-0.4940955523131836,0.7698185873149774,-2.6296818788375544,-1.1344264664461847,-0.9255586973326534,-0.2739487165799673,1
121.050318,14.540867,-0.8995922570541012,0.7698185873149774,-2.629690362180245,-1.141182998626818,-0.927307296118663,-0.2734482732057643,1
121.050318,14.540867,-0.8811206067296776,0.7698185873149774,-2.629692483015918,-1.1428721316719763,-0.9277444458151654,-0.2733231623622135,1
121.050318,14.540867,-0.8459365108736328,0.7698185873149774,-2.6297603497574453,-1.1969243891170442,-0.941733236103242,-0.2693196153685897,1
121.0553,14.53712,-0.789703529671709,1.122106438111597,-2.894118880892892,-2.013202478455108,-0.401082493338599,-0.5942721623639424,1
121.0553,14.53712,-1.0149960914619285,1.122106438111597,-2.8940934308648187,-1.992932881913208,-0.3958366969805703,-0.5957734924865512,1
121.050318,14.540867,-1.0658371099739137,0.7698185873149774,-2.6297030871942817,-1.1513177968977684,-0.9299301942976772,-0.2726976081444598,1
121.050318,14.540867,-0.9972281230546258,0.7698185873149774,-2.6296946038515907,-1.1445612647171348,-0.9281815955116678,-0.2731980515186628,1
121.050318,14.540867,-0.933896750513745,0.7698185873149774,-2.629660670480827,-1.1175351359946009,-0.9211872003676296,-0.2751998250154748,1
121.050318,14.540867,-0.7139961514134645,0.7698185873149774,-2.629660670480827,-1.1175351359946009,-0.9211872003676296,-0.2751998250154748,1
121.050318,14.540867,-0.5292796481692286,0.7698185873149774,-2.676141026372433,0.4429871328765857,-0.3332076104669683,-0.0469464096063872,1
121.050318,14.540867,-0.5820557919532959,0.7698185873149774,-2.629724295551009,-1.168209127349352,-0.9343016912627012,-0.2714464997089524,1
121.050318,14.540867,-0.7843643431255543,0.7698185873149774,-2.6296867567596016,-1.138311472450049,-0.9265641416346088,-0.2736609616398006,1
121.050318,14.540867,-0.9588070903798248,0.7698185873149774,-2.6297030871942817,-1.1513177968977684,-0.9299301942976772,-0.2726976081444598,1
121.050318,14.540867,-0.5820557919532959,0.7698185873149774,-2.6297561080861,-1.1935461230267277,-0.9408589367102372,-0.2695698370556912,1
121.050318,14.540867,-0.7472451219974268,0.7698185873149774,-2.629660670480827,-1.1175351359946009,-0.9211872003676296,-0.2751998250154748,1
121.050318,14.540867,-0.7854198660012355,0.7698185873149774,-2.629724295551009,-1.168209127349352,-0.9343016912627012,-0.2714464997089524,1
121.050318,14.540867,-0.8260942640951369,0.7698185873149774,-2.629724295551009,-1.168209127349352,-0.9343016912627012,-0.2714464997089524,1
121.050318,14.540867,-0.7202589204758403,0.7698185873149774,-2.629724295551009,-1.168209127349352,-0.9343016912627012,-0.2714464997089524,1
121.050318,14.540867,-0.5426496045945256,0.7698185873149774,-2.629660670480827,-1.1175351359946009,-0.9211872003676296,-0.2751998250154748,1
121.050318,14.540867,-0.5610772747991292,0.7698185873149774,-2.629724295551009,-1.168209127349352,-0.9343016912627012,-0.2714464997089524,1
121.050318,14.540867,-0.1519432382286136,0.7698185873149774,-2.6296182537673727,-1.0837524750914338,-0.9124442064375816,-0.2777020418864896,1
121.050318,14.540867,-0.4689389237761115,0.7698185873149774,-2.629724295551009,-1.168209127349352,-0.9343016912627012,-0.2714464997089524,1
121.050318,14.540867,-0.4430786133219185,0.7698185873149774,-2.629660670480827,-1.1175351359946009,-0.9211872003676296,-0.2751998250154748,1
121.04905944892,14.532882851839,-1.092225181865947,0.7032517412042547,-2.357103435554329,-0.7739714686921232,0.6889849776698344,1.5372668609776552,1
121.050318,14.540867,-0.8263213774338877,0.7698185873149774,-2.629724295551009,-1.168209127349352,-0.9343016912627012,-0.2714464997089524,1
121.050318,14.540867,-0.8284324231852503,0.7698185873149774,-2.629724295551009,-1.168209127349352,-0.9343016912627012,-0.2714464997089524,1
121.050318,14.540867,-0.9075086786217113,0.7698185873149774,-2.6296946038515907,-1.1445612647171348,-0.9281815955116678,-0.2731980515186628,1
121.050318,14.540867,-0.626035911773352,0.7698185873149774,-2.6296818788375544,-1.1344264664461847,-0.9255586973326534,-0.2739487165799673,1
121.050318,14.540867,-0.2302148333928468,0.7698185873149774,-2.6296182537673727,-1.0837524750914338,-0.9124442064375816,-0.2777020418864896,1
121.050318,14.540867,-0.5248816361872229,0.7698185873149774,-2.6296182537673727,-1.0837524750914338,-0.9124442064375816,-0.2777020418864896,1
121.050318,14.540867,-0.5593620501261469,0.7698185873149774,-2.629724295551009,-1.168209127349352,-0.9343016912627012,-0.2714464997089524,1
121.050318,14.540867,-0.5303351710449099,0.7698185873149774,-2.629660670480827,-1.1175351359946009,-0.9211872003676296,-0.2751998250154748,1
121.050318,14.540867,-0.5303351710449099,0.7698185873149774,-2.629724295551009,-1.168209127349352,-0.9343016912627012,-0.2714464997089524,1
121.050318,14.540867,-0.4940956402734233,0.7698185873149774,-2.6297030871942817,-1.1513177968977684,-0.9299301942976772,-0.2726976081444598,1
121.050318,14.540867,-0.6700160315934082,0.7698185873149774,-2.6296394621241,-1.1006438055430172,-0.9168157034026057,-0.2764509334509822,1
121.050318,14.540867,-0.6700160315934082,0.7698185873149774,-2.6296182537673727,-1.0837524750914338,-0.9124442064375816,-0.2777020418864896,1
121.050318,14.540867,-0.2302148333928468,0.7698185873149774,-2.629692483015918,-1.1428721316719763,-0.9277444458151654,-0.2733231623622135,1
121.050318,14.540867,-0.8253538147978464,0.7698185873149774,-2.629724295551009,-1.168209127349352,-0.9343016912627012,-0.2714464997089524,1
121.050318,14.540867,-0.1521578612133355,0.7698185873149774,-2.6296182537673727,-1.0837524750914338,-0.9124442064375816,-0.2777020418864896,1
121.050318,14.540867,-0.2126227854648243,0.7698185873149774,-2.6296182537673727,-1.0837524750914338,-0.9124442064375816,-0.2777020418864896,1
121.050318,14.540867,-0.2302148333928468,0.7698185873149774,-2.6296818788375544,-1.1344264664461847,-0.9255586973326534,-0.2739487165799673,1
121.0553,14.53712,-1.0306530141178685,1.122106438111597,-2.8907403277197776,-1.3964140073677282,-0.1778962037007596,-0.5207080439783096,1
121.050318,14.540867,-0.9646828343877843,0.7698185873149774,-2.6296827271718235,-1.135102119664248,-0.9257335572112544,-0.273898672242547,1
121.050318,14.540867,-0.8459365108736328,0.7698185873149774,-2.6297030871942817,-1.1513177968977684,-0.9299301942976772,-0.2726976081444598,1
121.050318,14.540867,-0.9972281230546258,0.7698185873149774,-2.6297030871942817,-1.1513177968977684,-0.9299301942976772,-0.2726976081444598,1
121.0503029,14.53332095,-1.0218569901538572,0.7872558211101823,-2.614382559324593,-1.4450427586909038,-0.0602706542065024,1.1329413444205805,1
121.050318,14.540867,-0.9588070903798248,0.7698185873149774,-2.6296946038515907,-1.1445612647171348,-0.9281815955116678,-0.2731980515186628,1
121.050318,14.540867,-0.4501154324931275,0.7698185873149774,-2.6296352204527547,-1.0972655394527009,-0.9159414040096008,-0.2767011551380837,1
121.050318,14.540867,-0.7315881993414868,0.7698185873149774,-2.629745503907736,-1.1851004578009356,-0.9386731882277252,-0.2701953912734449,1
121.0614338,14.5307392,-1.2593496371821604,1.5952982528205195,-2.4935686901774963,-2.1505121234372,1.4745523609215596,1.1638419990526725,1
121.0502,14.53352,-1.0834291579019355,0.7784029629484923,-2.611535455017122,-1.4339186328197924,-0.0992091722701041,1.1474875273766332,1
121.050318,14.540867,-1.0042649422258347,0.7698185873149774,-2.6297030871942817,-1.1513177968977684,-0.9299301942976772,-0.2726976081444598,1
121.050318,14.540867,-0.9426927744777562,0.7698185873149774,-2.6297030871942817,-1.1513177968977684,-0.9299301942976772,-0.2726976081444598,1
121.050318,14.540867,-0.7588558736299216,0.7698185873149774,-2.6297561080861,-1.1935461230267277,-0.9408589367102372,-0.2695698370556912,1
121.050318,14.540867,-0.8459365108736328,0.7698185873149774,-2.6296394621241,-1.1006438055430172,-0.9168157034026057,-0.2764509334509822,1
121.065172,14.531149,-0.7543347173124197,1.8549839220253697,-2.4532663583348207,-1.420877023724748,2.184592752225622,2.786349166422697,1
121.050318,14.540867,-0.9778768703338012,0.7698185873149774,-2.6297030871942817,-1.1513177968977684,-0.9299301942976772,-0.2726976081444598,1
121.050318,14.540867,-0.7148757538098655,0.7698185873149774,-2.6296818788375544,-1.1344264664461847,-0.9255586973326534,-0.2739487165799673,1
121.050318,14.540867,-0.5820557919532959,0.7698185873149774,-2.6297603497574453,-1.1969243891170442,-0.941733236103242,-0.2693196153685897,1
121.050318,14.540867,-0.5292796481692286,0.7698185873149774,-2.6297030871942817,-1.1513177968977684,-0.9299301942976772,-0.2726976081444598,1
121.050318,14.540867,-0.8239464509636046,0.7698185873149774,-2.6296818788375544,-1.1344264664461847,-0.9255586973326534,-0.2739487165799673,1
121.050318,14.540867,-0.9778768703338012,0.7698185873149774,-2.6296394621241,-1.1006438055430172,-0.9168157034026057,-0.2764509334509822,1
121.065172,14.531149,-1.3385138528582614,1.8549839220253697,-2.4033417033642457,-2.312247697108643,1.8333510925543743,2.6277814332491696,1
121.050318,14.540867,-0.9119066906037172,0.7698185873149774,-2.629660670480827,-1.1175351359946009,-0.9211872003676296,-0.2751998250154748,1
121.050318,14.540867,-1.1635609362140782,0.7698185873149774,-2.629809128977918,-1.2357744491556866,-0.951787679122797,-0.2664420659669226,1
121.045716,14.547869,-1.021857078114097,0.5081481606386872,-2.358849145286947,-1.474112428198459,-0.2609262988549407,1.282572299207973,1
121.050318,14.540867,-0.7843643431255543,0.7698185873149774,-2.6297030871942817,-1.1513177968977684,-0.9299301942976772,-0.2726976081444598,1
121.050318,14.540867,-0.8283444629456103,0.7698185873149774,-2.6331473862732504,-1.8204693923850583,-1.166668124527091,-0.3423832903800197,1
121.050318,14.540867,-0.7139961514134645,0.7698185873149774,-2.633126177916523,-1.8035780619334747,-1.1622966275620668,-0.3436343988155271,1
121.050318,14.540867,-0.8019563910535766,0.7698185873149774,-2.6296182537673727,-1.0837524750914338,-0.9124442064375816,-0.2777020418864896,1
121.050318,14.540867,-0.8899166306936889,0.7698185873149774,-2.6296818788375544,-1.1344264664461847,-0.9255586973326534,-0.2739487165799673,1
121.044261,14.54912748,-0.9163047025857224,0.4276068365647208,-2.445754376562315,-1.574442628942616,0.0164497304463655,1.3024406514727351,1
121.050318,14.540867,-0.7139961514134645,0.7698185873149774,-2.62968378758966,-1.1359466861868273,-0.9259521320595056,-0.2738361168207716,1
121.050318,14.540867,-0.8063544030355821,0.7698185873149774,-2.6331685946299777,-1.837360722836642,-1.1710396214921146,-0.3411321819445122,1
121.050318,14.540867,-0.6876080795214307,0.7698185873149774,-2.62968378758966,-1.1359466861868273,-0.9259521320595056,-0.2738361168207716,1
121.050318,14.540867,-0.6700160315934082,0.7698185873149774,-2.633126177916523,-1.8035780619334747,-1.1622966275620668,-0.3436343988155271,1
121.050318,14.540867,-0.7139961514134645,0.7698185873149774,-2.629724295551009,-1.168209127349352,-0.9343016912627012,-0.2714464997089524,1
121.050318,14.540867,-0.7755683191615429,0.7698185873149774,-2.6331685946299777,-1.837360722836642,-1.1710396214921146,-0.3411321819445122,1
121.050318,14.540867,-0.9778768703338012,0.7698185873149774,-2.633126177916523,-1.8035780619334747,-1.1622966275620668,-0.3436343988155271,1
121.050318,14.540867,-0.626035911773352,0.7698185873149774,-2.629660670480827,-1.1175351359946009,-0.9211872003676296,-0.2751998250154748,1
121.050318,14.540867,-0.5820557919532959,0.7698185873149774,-2.6296182537673727,-1.0837524750914338,-0.9124442064375816,-0.2777020418864896,1
121.050318,14.540867,-0.617349838108891,0.7698185873149774,-2.6296818788375544,-1.1344264664461847,-0.9255586973326534,-0.2739487165799673,1
121.050318,14.540867,-0.6581589912899211,0.7698185873149774,-2.6296818788375544,-1.1344264664461847,-0.9255586973326534,-0.2739487165799673,1
121.050318,14.540867,-0.9514887984417676,0.7698185873149774,-2.629660670480827,-1.1175351359946009,-0.9211872003676296,-0.2751998250154748,1
121.050318,14.540867,-0.6292904406400363,0.7698185873149774,-2.629660670480827,-1.1175351359946009,-0.9211872003676296,-0.2751998250154748,1
121.050318,14.540867,-0.7246393404099178,0.7698185873149774,-2.629660670480827,-1.1175351359946009,-0.9211872003676296,-0.2751998250154748,1
121.050318,14.540867,-0.8899166306936889,0.7698185873149774,-2.6296839996732277,-1.136115599491343,-0.9259958470291558,-0.2738236057364165,1
121.050318,14.540867,-0.6964041034854419,0.7698185873149774,-2.6296394621241,-1.1006438055430172,-0.9168157034026057,-0.2764509334509822,1
121.050318,14.540867,-0.5996478398813183,0.7698185873149774,-2.629745503907736,-1.1851004578009356,-0.9386731882277252,-0.2701953912734449,1
121.050318,14.540867,-0.8019563910535766,0.7698185873149774,-2.6296839996732277,-1.136115599491343,-0.9259958470291558,-0.2738236057364165,1
121.050318,14.540867,-0.8828798115224799,0.7698185873149774,-2.6296394621241,-1.1006438055430172,-0.9168157034026057,-0.2764509334509822,1
121.050318,14.540867,-0.5380756721332399,0.7698185873149774,-2.629724295551009,-1.168209127349352,-0.9343016912627012,-0.2714464997089524,1
121.050318,14.540867,-1.0658371099739137,0.7698185873149774,-2.6795853254514017,-0.2261644626107044,-0.5699455406963817,-0.1166320918419471,1
121.050318,14.540867,-0.626035911773352,0.7698185873149774,-2.6297667122644635,-1.2019917882525193,-0.9430446851927492,-0.2689442828379376,1
121.050318,14.540867,-0.7579762712335204,0.7698185873149774,-2.6296394621241,-1.1006438055430172,-0.9168157034026057,-0.2764509334509822,1
121.065172,14.531149,-1.285737709074194,1.8549839220253697,-2.403214453223882,-2.210899714399141,1.8595800743445177,2.620274782636125,1
121.050318,14.540867,-0.8899166306936889,0.7698185873149774,-2.633126177916523,-1.8035780619334747,-1.1622966275620668,-0.3436343988155271,1
121.0553,14.53712,-0.9837790024136528,1.122106438111597,-2.8441263591807897,-2.850520894393937,-0.7383353627217705,-0.7568434425310938,1
121.0553,14.53712,-1.1977774694340817,1.122106438111597,-2.944045656699139,-1.1235209381163715,-0.0502779833638536,-0.4355793183468641,1
121.050318,14.540867,-0.8899166306936889,0.7698185873149774,-2.62968378758966,-1.1359466861868273,-0.9259521320595056,-0.2738361168207716,1
121.050318,14.540867,-0.4061353126730714,0.7698185873149774,-2.629692483015918,-1.1428721316719763,-0.9277444458151654,-0.2733231623622135,1
121.0521,14.52655,-1.0042649422258347,0.9993545043798296,-2.43345547924352,-2.0154377229387053,1.3511435390961697,1.132746302925774,1
121.0553,14.53712,-0.3181750730329591,1.122106438111597,-2.8907403277197776,-1.3964140073677282,-0.1778962037007596,-0.5207080439783096,1
121.050318,14.540867,-0.5820557919532959,0.7698185873149774,-2.6297597135067434,-1.1964176492034968,-0.9416020911942912,-0.2693571486216549,1
121.050318,14.540867,-0.8283444629456103,0.7698185873149774,-2.629724295551009,-1.168209127349352,-0.9343016912627012,-0.2714464997089524,1
121.050318,14.540867,-0.3727104216098287,0.7698185873149774,-2.6296182537673727,-1.0837524750914338,-0.9124442064375816,-0.2777020418864896,1
121.050318,14.540867,-0.8635285588016551,0.7698185873149774,-2.62968378758966,-1.1359466861868273,-0.9259521320595056,-0.2738361168207716,1
121.050318,14.540867,-0.7579762712335204,0.7698185873149774,-2.629724295551009,-1.168209127349352,-0.9343016912627012,-0.2714464997089524,1
121.0519854,14.54691749,-1.0025057374330326,0.933465954151576,-1.751052386246508,-1.9681505149343503,-1.1256555349934427,1.4806032783262266,1
121.0553,14.53712,-1.1977774694340817,1.122106438111597,-2.8906342859361414,-1.31195735510981,-0.15603871887564,-0.5269635861558468,1
121.050318,14.540867,-0.618999092602143,0.7698185873149774,-2.6296182537673727,-1.0837524750914338,-0.9124442064375816,-0.2777020418864896,1
121.0458943,14.53589488,-0.6700160315934082,0.4586775326480054,-2.4709037731273225,-1.640793013317144,0.3278188269182138,1.2353891164765702,1
121.050318,14.540867,-0.7799663311435485,0.7698185873149774,-2.6296394621241,-1.1006438055430172,-0.9168157034026057,-0.2764509334509822,1
121.065172,14.531149,-1.285737709074194,1.8549839220253697,-2.453192129086275,-1.361757367144205,2.199892991603206,2.781970286898421,1
121.04467712123,14.549286516406,-1.0306530141178685,0.4590851498388194,-2.3950531177379357,-1.5247461839130152,-0.0890721830258159,1.354745521975639,1
121.050318,14.540867,-0.8019563910535766,0.7698185873149774,-2.629724295551009,-1.168209127349352,-0.9343016912627012,-0.2714464997089524,1
121.044261,14.54912748,-0.9954689182618236,0.4276068365647208,-2.445754376562315,-1.574442628942616,0.0164497304463655,1.3024406514727351,1
121.050318,14.540867,-0.9778768703338012,0.7698185873149774,-2.6296182537673727,-1.0837524750914338,-0.9124442064375816,-0.2777020418864896,1
121.050318,14.540867,-0.4940955523131836,0.7698185873149774,-2.6296182537673727,-1.0837524750914338,-0.9124442064375816,-0.2777020418864896,1
121.0275016,14.5570169,-0.4501154324931275,-0.6008001957382056,-0.9613510219829002,-0.4441913156997988,-3.0360080185166867,0.5014572078362723,1
121.0494184,14.53260223,-1.1098172297939697,0.731122617132766,-2.2941504966638613,-1.724136095679143,0.3388228401346593,1.3812223125909269,1
121.0494379,14.54595709,-0.3181750730329591,0.7437502786346868,-2.3052224264657792,-0.9375267336296852,-1.4813016551622695,-0.1700836005888409,1
121.0494184,14.53260223,-0.8899166306936889,0.731122617132766,-2.294123986217952,-1.7030219326146634,0.3442872113409392,1.3796584270465426,1
121.050318,14.540867,-0.8019563910535766,0.7698185873149774,-2.629745503907736,-1.1851004578009356,-0.9386731882277252,-0.2701953912734449,1
121.050318,14.540867,-0.8899166306936889,0.7698185873149774,-2.629745503907736,-1.1851004578009356,-0.9386731882277252,-0.2701953912734449,1
121.050318,14.540867,-0.8547325348376439,0.7698185873149774,-2.629660670480827,-1.1175351359946009,-0.9211872003676296,-0.2751998250154748,1
121.0526,14.55454,-0.7931603670895654,1.10460018864455,-0.7184661768213938,-1.7899505302070844,0.161990925315577,2.228134217508867,1
121.050318,14.540867,-0.7755683191615429,0.7698185873149774,-2.629724295551009,-1.168209127349352,-0.9343016912627012,-0.2714464997089524,1
121.0521,14.52655,-1.0658371099739137,0.9993545043798296,-2.4335042584639925,-2.054287782977348,1.3410890960766146,1.1356238523274411,1
121.0553,14.53712,-0.8459365108736328,1.122106438111597,-2.8906342859361414,-1.31195735510981,-0.15603871887564,-0.5269635861558468,1
121.042606,14.5509795,-0.933896750513745,0.3496235071538406,-2.313918014792201,-1.613445750172762,0.0736774831091406,1.4197441321453868,1
121.050318,14.540867,-0.9514887984417676,0.7698185873149774,-2.6296818788375544,-1.1344264664461847,-0.9255586973326534,-0.2739487165799673,1
121.0521,14.52655,-1.0658371099739137,0.9993545043798296,-2.4335191043137017,-2.066111714293456,1.338029048201098,1.1364996282322966,1
121.0521,14.52655,-1.092225181865947,0.9993545043798296,-2.4335191043137017,-2.066111714293456,1.338029048201098,1.1364996282322966,1
121.050318,14.540867,-0.9778768703338012,0.7698185873149774,-2.629652187138136,-1.1107786038139675,-0.91943860158162,-0.2757002683896777,1
121.051226,14.54795811,-0.8899166306936889,0.89345453593675,-1.6969089491788325,-1.2509916074626186,-0.994876667932713,1.602718941908241,1
121.050318,14.540867,-1.0658371099739137,0.7698185873149774,-2.6296818788375544,-1.1344264664461847,-0.9255586973326534,-0.2739487165799673,1
121.0487,14.53391,-1.241757589254138,0.6694291512884402,-2.436295288186761,-1.716562877684264,0.2153480654820661,1.2834484807005735,1
121.050318,14.540867,-0.8459365108736328,0.7698185873149774,-2.629692483015918,-1.1428721316719763,-0.9277444458151654,-0.2733231623622135,1
121.050318,14.540867,-1.0394490380818795,0.7698185873149774,-2.629620374603045,-1.085441608136592,-0.912881356134084,-0.2775769310429389,1
121.065172,14.531149,-0.9164454389691468,1.8549839220253697,-2.4532663583348207,-1.420877023724748,2.184592752225622,2.786349166422697,1
121.050318,14.540867,-0.8019563910535766,0.7698185873149774,-2.6296946038515907,-1.1445612647171348,-0.9281815955116678,-0.2731980515186628,1
121.050318,14.540867,-0.4940955523131836,0.7698185873149774,-2.6297030871942817,-1.1513177968977684,-0.9299301942976772,-0.2726976081444598,1
121.0502,14.53352,-1.0218569901538572,0.7784029629484923,-2.6115566633738494,-1.4508099632713758,-0.1035806692351281,1.1487386358121408,1
121.0553,14.53712,-0.9778768703338012,1.122106438111597,-2.8906342859361414,-1.31195735510981,-0.15603871887564,-0.5269635861558468,1
121.050318,14.540867,-0.819548438981599,0.7698185873149774,-2.6296394621241,-1.1006438055430172,-0.9168157034026057,-0.2764509334509822,1
121.044261,14.54912748,-0.9457566055449008,0.4276068365647208,-2.445754376562315,-1.574442628942616,0.0164497304463655,1.3024406514727351,1
121.044261,14.54912748,-0.9951724922542364,0.4276068365647208,-2.445754376562315,-1.574442628942616,0.0164497304463655,1.3024406514727351,1
121.050318,14.540867,-0.7931603670895654,0.7698185873149774,-2.6297030871942817,-1.1513177968977684,-0.9299301942976772,-0.2726976081444598,1
121.050318,14.540867,-0.8459365108736328,0.7698185873149774,-2.629636068787024,-1.097941192670764,-0.9161162638882018,-0.2766511108006634,1
121.050318,14.540867,-0.8283444629456103,0.7698185873149774,-2.629739141400718,-1.1800330586654606,-0.937361739138218,-0.2705707238040972,1
121.050318,14.540867,-0.5292796481692286,0.7698185873149774,-2.6830296245303704,-0.8953160580979947,-0.8066834709257953,-0.186317774077507,1
121.050318,14.540867,-1.1098172297939697,0.7698185873149774,-2.6296863325924678,-1.1379736458410172,-0.9264767116953084,-0.2736859838085107,1
121.050318,14.540867,-0.7579762712335204,0.7698185873149774,-2.6296861205089,-1.1378047325365015,-0.9264329967256584,-0.2736984948928658,1
121.050318,14.540867,-0.7579762712335204,0.7698185873149774,-2.629660670480827,-1.1175351359946009,-0.9211872003676296,-0.2751998250154748,1
121.050318,14.540867,-0.6700160315934082,0.7698185873149774,-2.6331473862732504,-1.8204693923850583,-1.166668124527091,-0.3423832903800197,1
121.050318,14.540867,-0.8723245827656664,0.7698185873149774,-2.6296818788375544,-1.1344264664461847,-0.9255586973326534,-0.2739487165799673,1
121.050318,14.540867,-0.740384223305498,0.7698185873149774,-2.629692483015918,-1.1428721316719763,-0.9277444458151654,-0.2733231623622135,1
121.050318,14.540867,-1.4176780685343624,0.7698185873149774,-2.633126177916523,-1.8035780619334747,-1.1622966275620668,-0.3436343988155271,1
121.0553,14.53712,-1.1098172297939697,1.122106438111597,-2.89083576532505,-1.4724249943998549,-0.1975679400433674,-0.515078056018526,1
121.050318,14.540867,-0.7139961514134645,0.7698185873149774,-2.6331473862732504,-1.8204693923850583,-1.166668124527091,-0.3423832903800197,1
121.050318,14.540867,-0.3621551928530154,0.7698185873149774,-2.6296394621241,-1.1006438055430172,-0.9168157034026057,-0.2764509334509822,1
121.050318,14.540867,-0.2082247734828188,0.7698185873149774,-2.6296182537673727,-1.0837524750914338,-0.9124442064375816,-0.2777020418864896,1
121.0494184,14.53260223,-1.0658371099739137,0.731122617132766,-2.2941664029314066,-1.736804593517831,0.3355442174108914,1.3821606439175576,1
121.0553,14.53712,-0.5380756721332399,1.122106438111597,-2.894163418442019,-2.0486742724034337,-0.4102626369651493,-0.5916448346493768,1
121.050318,14.540867,-0.7579762712335204,0.7698185873149774,-2.6296869688431688,-1.138480385754565,-0.9266078566042592,-0.2736484505554455,1
121.050318,14.540867,-1.1537973496140257,0.7698185873149774,-2.629745503907736,-1.1851004578009356,-0.9386731882277252,-0.2701953912734449,1
121.050318,14.540867,-0.7329076029360885,0.7698185873149774,-2.629724295551009,-1.168209127349352,-0.9343016912627012,-0.2714464997089524,1
121.050318,14.540867,-0.7527664214237325,0.7698185873149774,-2.629724295551009,-1.168209127349352,-0.9343016912627012,-0.2714464997089524,1
121.0470568,14.54255604,-1.0658371099739137,0.5464765875676092,-2.868704337304025,-1.2560516358907008,-0.5615794326212229,-0.2849562484572311,1
121.050318,14.540867,-1.0658371099739137,0.7698185873149774,-2.626258788115313,-0.4821662014104775,-0.693192264068264,-0.2030119259089,1
121.050318,14.540867,-0.9778768703338012,0.7698185873149774,-2.629673819661998,-1.1280077608745829,-0.9238975284859444,-0.2744241377854601,1
121.050318,14.540867,-0.4061353126730714,0.7698185873149774,-2.6330625528463414,-1.752904070578724,-1.149182136666995,-0.3473877241220494,1
121.0553,14.53712,-0.8899166306936889,1.122106438111597,-2.8906342859361414,-1.31195735510981,-0.15603871887564,-0.5269635861558468,1
121.0513868,14.54685232,-1.0218569901538572,0.890728222823606,-1.715679160516303,-1.2524513991177817,-0.927915022112886,1.573918385189228,1
121.050318,14.540867,-0.7348427282081709,0.7698185873149774,-2.629724295551009,-1.168209127349352,-0.9343016912627012,-0.2714464997089524,1
121.050318,14.540867,-0.9163047025857224,0.7698185873149774,-2.6332004071650683,-1.8626977185140172,-1.1775968669396506,-0.3392555192912511,1
121.050318,14.540867,-1.0042649422258347,0.7698185873149774,-2.6331310558385703,-1.8074630679373391,-1.1633020718640223,-0.3433466438753604,1
121.050318,14.540867,-0.933896750513745,0.7698185873149774,-2.6296394621241,-1.1006438055430172,-0.9168157034026057,-0.2764509334509822,1
121.050318,14.540867,-0.7601752772245233,0.7698185873149774,-2.6331685946299777,-1.837360722836642,-1.1710396214921146,-0.3411321819445122,1
121.050318,14.540867,-0.8459365108736328,0.7698185873149774,-2.6330837612030686,-1.7697954010303076,-1.153553633632019,-0.3461366156865421,1
121.050318,14.540867,-0.7755683191615429,0.7698185873149774,-2.6296585496451543,-1.1158460029494426,-0.9207500506711273,-0.2753249358590255,1
121.050318,14.540867,-0.8283444629456103,0.7698185873149774,-2.6297327788937,-1.1749656595299856,-0.9360502900487108,-0.2709460563347494,1
121.0503029,14.53332095,-0.9778768703338012,0.7872558211101823,-2.614382559324593,-1.4450427586909038,-0.0602706542065024,1.1329413444205805,1
121.0491649,14.5484647,-0.4940955523131836,0.7569038892861311,-1.7910988464903688,-1.124612250664228,-1.164170227410022,1.5367610324960783,1
121.050318,14.540867,-0.6876080795214307,0.7698185873149774,-2.629692483015918,-1.1428721316719763,-0.9277444458151654,-0.2733231623622135,1
121.050318,14.540867,-0.4061353126730714,0.7698185873149774,-2.6296182537673727,-1.0837524750914338,-0.9124442064375816,-0.2777020418864896,1
121.0521,14.52655,-1.1098172297939697,0.9993545043798296,-2.4335031980461563,-2.0534432164547685,1.3413076709248657,1.135561296905666,1
121.0553,14.53712,-1.1186132537579807,1.122106438111597,-2.890761536076505,-1.413305337819312,-0.1822677006657835,-0.519456935542802,1
121.0502,14.53352,-1.0658371099739137,0.7784029629484923,-2.6115566633738494,-1.4508099632713758,-0.1035806692351281,1.1487386358121408,1
121.050318,14.540867,-0.5820557919532959,0.7698185873149774,-2.6296946038515907,-1.1445612647171348,-0.9281815955116678,-0.2731980515186628,1
121.0553,14.53712,-0.5908518159173072,1.122106438111597,-2.8906342859361414,-1.31195735510981,-0.15603871887564,-0.5269635861558468,1
121.050318,14.540867,-0.7579762712335204,0.7698185873149774,-2.633128298752196,-1.8052671949786332,-1.1627337772585693,-0.3435092879719764,1
121.050318,14.540867,-0.7033518189338954,0.7698185873149774,-2.6296182537673727,-1.0837524750914338,-0.9124442064375816,-0.2777020418864896,1
121.050318,14.540867,-0.933896750513745,0.7698185873149774,-2.6297030871942817,-1.1513177968977684,-0.9299301942976772,-0.2726976081444598,1
121.0494184,14.53260223,-1.1034401124200617,0.731122617132766,-2.294151557081697,-1.724980662201722,0.3386042652864081,1.3812848680127023,1
121.04609,14.55266,-0.9778768703338012,0.6222499869661089,-1.754467316365272,-1.6146691110393367,0.1492280596653432,1.6674598791645532,1
121.050318,14.540867,-1.0218569901538572,0.7698185873149774,-2.629692483015918,-1.1428721316719763,-0.9277444458151654,-0.2733231623622135,1
121.050318,14.540867,-0.626035911773352,0.7698185873149774,-2.6296712746591906,-1.125980801220393,-0.9233729488501414,-0.274574270797721,1
121.050318,14.540867,-0.9514887984417676,0.7698185873149774,-2.6297028751107145,-1.1511488835932524,-0.9298864793280271,-0.2727101192288149,1
121.0526,14.55454,-0.6876080795214307,1.10460018864455,-0.7183942804920884,-1.732688919976216,0.1768103000270082,2.223892959912497,1
121.044261,14.54912748,-1.10981714183373,0.4276068365647208,-2.445754376562315,-1.574442628942616,0.0164497304463655,1.3024406514727351,1
121.0521,14.52655,-1.0218569901538572,0.9993545043798296,-2.4335042584639925,-2.054287782977348,1.3410890960766146,1.1356238523274411,1
121.050318,14.540867,-0.8019563910535766,0.7698185873149774,-2.6297603497574453,-1.1969243891170442,-0.941733236103242,-0.2693196153685897,1
121.0526,14.55454,-0.8019563910535766,1.10460018864455,-0.7184449684646665,-1.773059199755501,0.166362422280601,2.22688310907336,1
121.050318,14.540867,-0.8547325348376439,0.7698185873149774,-2.6296818788375544,-1.1344264664461847,-0.9255586973326534,-0.2739487165799673,1
121.0553,14.53712,-1.1450013256500144,1.122106438111597,-2.890761536076505,-1.413305337819312,-0.1822677006657835,-0.519456935542802,1
121.050318,14.540867,-0.9514887984417676,0.7698185873149774,-2.6296869688431688,-1.138480385754565,-0.9266078566042592,-0.2736484505554455,1
121.044261,14.54912748,-1.0042649422258347,0.4276068365647208,-2.445754376562315,-1.574442628942616,0.0164497304463655,1.3024406514727351,1
121.0494184,14.53260223,-1.0658371099739137,0.731122617132766,-2.2941504966638613,-1.724136095679143,0.3388228401346593,1.3812223125909269,1
121.050318,14.540867,-0.7755683191615429,0.7698185873149774,-2.6296394621241,-1.1006438055430172,-0.9168157034026057,-0.2764509334509822,1
121.050318,14.540867,-0.7579762712335204,0.7698185873149774,-2.6330625528463414,-1.752904070578724,-1.149182136666995,-0.3473877241220494,1
121.0553,14.53712,-1.1186132537579807,1.122106438111597,-2.8908039527899594,-1.4470879987224792,-0.1910106945958315,-0.5169547186717871,1
121.050318,14.540867,-0.5820557919532959,0.7698185873149774,-2.629692483015918,-1.1428721316719763,-0.9277444458151654,-0.2733231623622135,1
121.050318,14.540867,-0.6876080795214307,0.7698185873149774,-2.6296182537673727,-1.0837524750914338,-0.9124442064375816,-0.2777020418864896,1
121.050318,14.540867,-0.8283444629456103,0.7698185873149774,-2.6331685946299777,-1.837360722836642,-1.1710396214921146,-0.3411321819445122,1
121.0448614,14.5512499,-0.9778768703338012,0.5088846932238272,-2.213253494647855,-1.5989235272196614,0.0182353282770361,1.5183230318749177,1
121.0491649,14.5484647,-0.6700160315934082,0.7569038892861311,-1.7911624715605503,-1.175286242018979,-1.177284718305094,1.5405143578026008,1
121.0502,14.53352,-1.0658371099739137,0.7784029629484923,-2.611535455017122,-1.4339186328197924,-0.0992091722701041,1.1474875273766332,1
121.0490545,14.53315381,-1.0042649422258347,0.7005269501752058,-2.3764988438343253,-2.281209516045069,0.0811345053678332,1.2478594883612273,1
121.0553,14.53712,-1.1098172297939697,1.122106438111597,-2.890761536076505,-1.413305337819312,-0.1822677006657835,-0.519456935542802,1
121.050318,14.540867,-1.1098172297939697,0.7698185873149774,-2.629729597640191,-1.172431959962248,-0.9353945655039572,-0.2711337226000755,1
121.0521,14.52655,-1.0438470500638852,0.9993545043798296,-2.4335191043137017,-2.066111714293456,1.338029048201098,1.1364996282322966,1
121.0521,14.52655,-1.0570410860099022,0.9993545043798296,-2.4335031980461563,-2.0534432164547685,1.3413076709248657,1.135561296905666,1
121.0521,14.52655,-1.0658371099739137,0.9993545043798296,-2.4335031980461563,-2.0534432164547685,1.3413076709248657,1.135561296905666,1
121.0553,14.53712,-1.2224854022335208,1.122106438111597,-2.890761536076505,-1.413305337819312,-0.1822677006657835,-0.519456935542802,1
121.050318,14.540867,-0.8899166306936889,0.7698185873149774,-2.629724295551009,-1.168209127349352,-0.9343016912627012,-0.2714464997089524,1
121.0553,14.53712,-0.8283444629456103,1.122106438111597,-2.8907403277197776,-1.3964140073677282,-0.1778962037007596,-0.5207080439783096,1
121.0553,14.53712,-0.7579762712335204,1.122106438111597,-2.8906342859361414,-1.31195735510981,-0.15603871887564,-0.5269635861558468,1
121.050318,14.540867,-0.7579762712335204,0.7698185873149774,-2.6297667122644635,-1.2019917882525193,-0.9430446851927492,-0.2689442828379376,1
121.0553,14.53712,-0.6031662494669229,1.122106438111597,-2.894121001728565,-2.0148916115002664,-0.4015196430351014,-0.5941470515203917,1
121.050318,14.540867,-0.55390851526846,0.7698185873149774,-2.6331473862732504,-1.8204693923850583,-1.166668124527091,-0.3423832903800197,1
121.050318,14.540867,-0.6258371216317654,0.7698185873149774,-2.629724295551009,-1.168209127349352,-0.9343016912627012,-0.2714464997089524,1
121.050318,14.540867,-0.4501154324931275,0.7698185873149774,-2.6296818788375544,-1.1344264664461847,-0.9255586973326534,-0.2739487165799673,1
121.050318,14.540867,-0.9075086786217113,0.7698185873149774,-2.6296182537673727,-1.0837524750914338,-0.9124442064375816,-0.2777020418864896,1
121.050318,14.540867,-0.6531276655825067,0.7698185873149774,-2.629660670480827,-1.1175351359946009,-0.9211872003676296,-0.2751998250154748,1
121.050318,14.540867,-0.5380756721332399,0.7698185873149774,-2.6296818788375544,-1.1344264664461847,-0.9255586973326534,-0.2739487165799673,1
121.050318,14.540867,-0.7579762712335204,0.7698185873149774,-2.6297597135067434,-1.1964176492034968,-0.9416020911942912,-0.2693571486216549,1
121.0553,14.53712,-0.9514887984417676,1.122106438111597,-2.8906342859361414,-1.31195735510981,-0.15603871887564,-0.5269635861558468,1
121.050318,14.540867,-0.5996478398813183,0.7698185873149774,-2.6297561080861,-1.1935461230267277,-0.9408589367102372,-0.2695698370556912,1
121.050318,14.540867,-0.5820557919532959,0.7698185873149774,-2.629745503907736,-1.1851004578009356,-0.9386731882277252,-0.2701953912734449,1
121.050318,14.540867,-0.9778768703338012,0.7698185873149774,-2.6296818788375544,-1.1344264664461847,-0.9255586973326534,-0.2739487165799673,1
121.050318,14.540867,-0.9426927744777562,0.7698185873149774,-2.6297603497574453,-1.1969243891170442,-0.941733236103242,-0.2693196153685897,1
121.0494379,14.54595709,-0.4149313366370826,0.7437502786346868,-2.3052224264657792,-0.9375267336296852,-1.4813016551622695,-0.1700836005888409,1
121.050318,14.540867,-0.7326437222171681,0.7698185873149774,-2.629724295551009,-1.168209127349352,-0.9343016912627012,-0.2714464997089524,1
121.050318,14.540867,-1.1537973496140257,0.7698185873149774,-2.6796701588783107,-0.2937297844170391,-0.5874315285564774,-0.1116276580999173,1
121.050318,14.540867,-0.9514887984417676,0.7698185873149774,-2.6296867567596016,-1.138311472450049,-0.9265641416346088,-0.2736609616398006,1
121.050318,14.540867,-0.7222644139396349,0.7698185873149774,-2.629724295551009,-1.168209127349352,-0.9343016912627012,-0.2714464997089524,1
121.0553,14.53712,-0.933896750513745,1.122106438111597,-2.890825161146686,-1.4639793291740628,-0.1953821915608554,-0.5157036102362798,1
121.050318,14.540867,-0.3181750730329591,0.7698185873149774,-2.6297603497574453,-1.1969243891170442,-0.941733236103242,-0.2693196153685897,1
121.050318,14.540867,-0.6415872821417239,0.7698185873149774,-2.6795853254514017,-0.2261644626107044,-0.5699455406963817,-0.1166320918419471,1
121.050318,14.540867,-0.7843643431255543,0.7698185873149774,-2.6296712746591906,-1.125980801220393,-0.9233729488501414,-0.274574270797721,1
121.050318,14.540867,-0.0718864020406447,0.7698185873149774,-2.6297030871942817,-1.1513177968977684,-0.9299301942976772,-0.2726976081444598,1
121.065172,14.531149,-1.241757589254138,1.8549839220253697,-2.4033841200777,-2.3460303580118103,1.8246080986243265,2.6302836501201843,1
121.050318,14.540867,-0.8459365108736328,0.7698185873149774,-2.629688241344573,-1.1394938655816598,-0.9268701464221606,-0.2735733840493151,1
121.050318,14.540867,-0.8723245827656664,0.7698185873149774,-2.6296394621241,-1.1006438055430172,-0.9168157034026057,-0.2764509334509822,1
121.050318,14.540867,-0.8283444629456103,0.7698185873149774,-2.6297030871942817,-1.1513177968977684,-0.9299301942976772,-0.2726976081444598,1
121.065172,14.531149,-1.0570410860099022,1.8549839220253697,-2.4033841200777,-2.3460303580118103,1.8246080986243265,2.6302836501201843,1
121.0521,14.52655,-1.092225181865947,0.9993545043798296,-2.4335031980461563,-2.0534432164547685,1.3413076709248657,1.135561296905666,1
121.044261,14.54912748,-1.092225181865947,0.4276068365647208,-2.445754376562315,-1.574442628942616,0.0164497304463655,1.3024406514727351,1
121.0275016,14.5570169,-1.0218569901538572,-0.6008001957382056,-0.9613722303396276,-0.4610826461513822,-3.0403795154817104,0.5027083162717798,1
121.050318,14.540867,-0.8263653575537078,0.7698185873149774,-2.6296394621241,-1.1006438055430172,-0.9168157034026057,-0.2764509334509822,1
121.0521,14.52655,-1.0042649422258347,0.9993545043798296,-2.433391854173338,-1.9647637315839543,1.3642580299912417,1.1289929776192518,1
121.0503029,14.53332095,-1.0658371099739137,0.7872558211101823,-2.614382559324593,-1.4450427586909038,-0.0602706542065024,1.1329413444205805,1
121.050318,14.540867,-0.8635285588016551,0.7698185873149774,-2.6297561080861,-1.1935461230267277,-0.9408589367102372,-0.2695698370556912,1
121.0553,14.53712,-0.739177320857396,1.122106438111597,-2.8906554942928686,-1.3288486855613937,-0.1604102158406639,-0.5257124777203392,1
121.0553,14.53712,-0.6376078729401655,1.122106438111597,-2.8906554942928686,-1.3288486855613937,-0.1604102158406639,-0.5257124777203392,1
121.050318,14.540867,-0.9866728942978124,0.7698185873149774,-2.6296867567596016,-1.138311472450049,-0.9265641416346088,-0.2736609616398006,1
121.050318,14.540867,-0.7667722951975317,0.7698185873149774,-2.62968378758966,-1.1359466861868273,-0.9259521320595056,-0.2738361168207716,1
121.065172,14.531149,-1.0531708354657372,1.8549839220253697,-2.453181524907912,-1.353311701918413,2.202078740085718,2.781344732680667,1
121.050318,14.540867,-0.705200127449453,0.7698185873149774,-2.629724295551009,-1.168209127349352,-0.9343016912627012,-0.2714464997089524,1
121.050318,14.540867,-0.4940955523131836,0.7698185873149774,-2.633126177916523,-1.8035780619334747,-1.1622966275620668,-0.3436343988155271,1
121.065172,14.531149,-1.2945337330382052,1.8549839220253697,-2.403362911720973,-2.3291390275602266,1.8289795955893504,2.6290325416846767,1
121.050318,14.540867,-0.5380756721332399,0.7698185873149774,-2.629739141400718,-1.1800330586654606,-0.937361739138218,-0.2705707238040972,1
121.050318,14.540867,-0.5380756721332399,0.7698185873149774,-2.629737020565045,-1.178343925620302,-0.9369245894417156,-0.2706958346476479,1
121.050318,14.540867,-0.7139961514134645,0.7698185873149774,-2.6331685946299777,-1.837360722836642,-1.1710396214921146,-0.3411321819445122,1
121.050318,14.540867,-0.7139961514134645,0.7698185873149774,-2.6296182537673727,-1.0837524750914338,-0.9124442064375816,-0.2777020418864896,1
121.050318,14.540867,-0.8899166306936889,0.7698185873149774,-2.629692483015918,-1.1428721316719763,-0.9277444458151654,-0.2733231623622135,1
121.0553,14.53712,-1.0306530141178685,1.122106438111597,-2.8906342859361414,-1.31195735510981,-0.15603871887564,-0.5269635861558468,1
121.0553,14.53712,-1.1098172297939697,1.122106438111597,-2.8906342859361414,-1.31195735510981,-0.15603871887564,-0.5269635861558468,1
121.050318,14.540867,-0.7667722951975317,0.7698185873149774,-2.6296818788375544,-1.1344264664461847,-0.9255586973326534,-0.2739487165799673,1
121.065172,14.531149,-1.1186132537579807,1.8549839220253697,-2.403214453223882,-2.210899714399141,1.8595800743445177,2.620274782636125,1
121.050318,14.540867,-0.9855663544831396,0.7698185873149774,-2.6296818788375544,-1.1344264664461847,-0.9255586973326534,-0.2739487165799673,1
121.050318,14.540867,-1.0042649422258347,0.7698185873149774,-2.6296867567596016,-1.138311472450049,-0.9265641416346088,-0.2736609616398006,1
121.050318,14.540867,-0.6964041034854419,0.7698185873149774,-2.6296818788375544,-1.1344264664461847,-0.9255586973326534,-0.2739487165799673,1
121.050318,14.540867,-0.5292796481692286,0.7698185873149774,-2.6296182537673727,-1.0837524750914338,-0.9124442064375816,-0.2777020418864896,1
121.0502,14.53352,-1.1098172297939697,0.7784029629484923,-2.611535455017122,-1.4339186328197924,-0.0992091722701041,1.1474875273766332,1
121.050318,14.540867,-0.7139961514134645,0.7698185873149774,-2.6296723350770272,-1.126825367742972,-0.9235915236983928,-0.2745117153759456,1
121.050318,14.540867,-0.7843643431255543,0.7698185873149774,-2.6296818788375544,-1.1344264664461847,-0.9255586973326534,-0.2739487165799673,1
121.050318,14.540867,-0.933896750513745,0.7698185873149774,-2.629724295551009,-1.168209127349352,-0.9343016912627012,-0.2714464997089524,1
121.050318,14.540867,-0.7139961514134645,0.7698185873149774,-2.629715812208318,-1.1614525951687185,-0.9325530924766916,-0.2719469430831553,1
121.0502,14.53352,-0.9426927744777562,0.7784029629484923,-2.611535455017122,-1.4339186328197924,-0.0992091722701041,1.1474875273766332,1
121.0503029,14.53332095,-1.1977774694340817,0.7872558211101823,-2.614382559324593,-1.4450427586909038,-0.0602706542065024,1.1329413444205805,1
121.050318,14.540867,-0.819548438981599,0.7698185873149774,-2.6296712746591906,-1.125980801220393,-0.9233729488501414,-0.274574270797721,1
121.0553,14.53712,-0.8019563910535766,1.122106438111597,-2.8906470109501776,-1.32209215338076,-0.1586616170546544,-0.5262129210945423,1
121.050318,14.540867,-0.5380756721332399,0.7698185873149774,-2.633079519531723,-1.7664171349399909,-1.1526793342390145,-0.3463868373736435,1
121.050318,14.540867,-0.4940955523131836,0.7698185873149774,-2.629628857945736,-1.0921981403172254,-0.9146299549200936,-0.2770764876687359,1
121.050318,14.540867,-0.3181750730329591,0.7698185873149774,-2.6296394621241,-1.1006438055430172,-0.9168157034026057,-0.2764509334509822,1
121.050318,14.540867,-0.6700160315934082,0.7698185873149774,-2.6297667122644635,-1.2019917882525193,-0.9430446851927492,-0.2689442828379376,1
121.050318,14.540867,-0.8503345228556384,0.7698185873149774,-2.6297030871942817,-1.1513177968977684,-0.9299301942976772,-0.2726976081444598,1
121.050318,14.540867,-1.0658371099739137,0.7698185873149774,-2.629683575506093,-1.1357777728823113,-0.9259084170898554,-0.2738486279051267,1
121.050318,14.540867,-1.0218569901538572,0.7698185873149774,-2.6296182537673727,-1.0837524750914338,-0.9124442064375816,-0.2777020418864896,1
121.050318,14.540867,-0.6480259716833802,0.7698185873149774,-2.6296818788375544,-1.1344264664461847,-0.9255586973326534,-0.2739487165799673,1
121.050318,14.540867,-0.8019563910535766,0.7698185873149774,-2.633126177916523,-1.8035780619334747,-1.1622966275620668,-0.3436343988155271,1
121.050318,14.540867,-0.5116876002412061,0.7698185873149774,-2.6297030871942817,-1.1513177968977684,-0.9299301942976772,-0.2726976081444598,1
121.050318,14.540867,-0.4940955523131836,0.7698185873149774,-2.629724295551009,-1.168209127349352,-0.9343016912627012,-0.2714464997089524,1
121.0553,14.53712,-1.1098172297939697,1.122106438111597,-2.894189928887928,-2.069788435467913,-0.4157270081714292,-0.5900809491049925,1
121.0472989,14.54267563,-0.96908084636979,0.5643610259821493,-2.7825052909979795,-1.2152551065752688,-0.676796544362735,-0.3127321046515313,1
121.0553,14.53712,-1.1977774694340817,1.122106438111597,-2.8908039527899594,-1.4470879987224792,-0.1910106945958315,-0.5169547186717871,1
121.0491649,14.5484647,-0.6876080795214307,0.7569038892861311,-1.7910988464903688,-1.124612250664228,-1.164170227410022,1.5367610324960783,1
121.050318,14.540867,-0.9602848224057786,0.7698185873149774,-2.6296863325924678,-1.1379736458410172,-0.9264767116953084,-0.2736859838085107,1
121.050318,14.540867,-0.9875524966942132,0.7698185873149774,-2.6296394621241,-1.1006438055430172,-0.9168157034026057,-0.2764509334509822,1
121.050318,14.540867,-0.8987126546577001,0.7698185873149774,-2.6296865446760345,-1.138142559145533,-0.9265204266649588,-0.2736734727241556,1
121.04655167279,14.537582857752,-0.7491802472695094,0.4998255724668123,-2.6031001838783463,-1.4850029074643756,-0.2378822112860288,1.1973816184223292,1
121.050318,14.540867,-1.092225181865947,0.7698185873149774,-2.6296818788375544,-1.1344264664461847,-0.9255586973326534,-0.2739487165799673,1
121.0526,14.55454,-1.0218569901538572,1.10460018864455,-0.7184661768213938,-1.7899505302070844,0.161990925315577,2.228134217508867,1
121.065172,14.531149,-1.2241655413261154,1.8549839220253697,-2.403309890829155,-2.2869107014312675,1.8399083380019103,2.625904770595908,1
121.050318,14.540867,-1.0218569901538572,0.7698185873149774,-2.6297030871942817,-1.1513177968977684,-0.9299301942976772,-0.2726976081444598,1
121.050318,14.540867,-0.7579762712335204,0.7698185873149774,-2.62968378758966,-1.1359466861868273,-0.9259521320595056,-0.2738361168207716,1
121.050318,14.540867,-0.6700160315934082,0.7698185873149774,-2.6296723350770272,-1.126825367742972,-0.9235915236983928,-0.2745117153759456,1
121.050318,14.540867,-0.9163047025857224,0.7698185873149774,-2.6296394621241,-1.1006438055430172,-0.9168157034026057,-0.2764509334509822,1
121.050318,14.540867,-0.9778768703338012,0.7698185873149774,-2.629724295551009,-1.168209127349352,-0.9343016912627012,-0.2714464997089524,1
121.050318,14.540867,-1.048245062045891,0.7698185873149774,-2.6296871809267364,-1.1386492990590806,-0.9266515715739094,-0.2736359394710904,1
121.050318,14.540867,-0.6700160315934082,0.7698185873149774,-2.6262163714018585,-0.4483835405073101,-0.6844492701382161,-0.2055141427799148,1
121.0470568,14.54255604,-0.8459365108736328,0.5464765875676092,-2.9187138257015084,-0.4322462843131388,-0.2278237608100708,-0.1213840815416737,1
121.0468004,14.55354297,-1.1977774694340817,0.6900483452885727,-1.6432037069211285,-1.5750875191557112,-0.2948441364081128,1.7117399917084477,1
121.050318,14.540867,-0.8459365108736328,0.7698185873149774,-2.629660670480827,-1.1175351359946009,-0.9211872003676296,-0.2751998250154748,1
121.050318,14.540867,-0.3181750730329591,0.7698185873149774,-2.629724295551009,-1.168209127349352,-0.9343016912627012,-0.2714464997089524,1
121.050318,14.540867,-0.9075086786217113,0.7698185873149774,-2.6296394621241,-1.1006438055430172,-0.9168157034026057,-0.2764509334509822,1
121.050318,14.540867,-0.8283444629456103,0.7698185873149774,-2.6296394621241,-1.1006438055430172,-0.9168157034026057,-0.2764509334509822,1
121.050318,14.540867,-0.8371404869096215,0.7698185873149774,-2.6296394621241,-1.1006438055430172,-0.9168157034026057,-0.2764509334509822,1
121.050318,14.540867,-0.8899166306936889,0.7698185873149774,-2.62967212299346,-1.1266564544384563,-0.9235478087287424,-0.2745242264603007,1
121.0503029,14.53332095,-1.0042649422258347,0.7872558211101823,-2.614382559324593,-1.4450427586909038,-0.0602706542065024,1.1329413444205805,1
121.0503029,14.53332095,-1.1450013256500144,0.7872558211101823,-2.614388921831611,-1.4501101578263789,-0.0615821032960096,1.1333166769512326,1
121.050318,14.540867,-0.6700160315934082,0.7698185873149774,-2.629660670480827,-1.1175351359946009,-0.9211872003676296,-0.2751998250154748,1
121.050318,14.540867,-0.0542943541126223,0.7698185873149774,-2.629586441232282,-1.058415479414058,-0.9058869609900456,-0.2795787045397508,1
121.050318,14.540867,-0.8835315968982131,0.7698185873149774,-2.676077401302252,0.4936611242313368,-0.3200931195718964,-0.0506997349129096,1
121.0553,14.53712,-0.9778768703338012,1.122106438111597,-2.894057376658383,-1.964217620145516,-0.3884051521400297,-0.597900376826914,1
121.050318,14.540867,-1.0165987270281711,0.7698185873149774,-2.676075280466579,0.4953502572764952,-0.3196559698753941,-0.0508248457564603,1
121.050318,14.540867,-1.0944013181946437,0.7698185873149774,-2.6761283013583967,0.453121931147536,-0.3305847122879539,-0.0476970746676917,1
121.050318,14.540867,-1.0345982947464465,0.7698185873149774,-2.626067912904768,-0.3301442273462246,-0.6538487913830486,-0.214271901828467,1
121.0553,14.53712,-0.5820557919532959,1.122106438111597,-2.89057066086596,-1.261283363755059,-0.1429242279805682,-0.5307169114623691,1
121.065172,14.531149,-0.8848149367945624,1.8549839220253697,-2.453174526150192,-1.3477375628693906,2.203521334084176,2.7809318668969496,1
121.050318,14.540867,-0.468587082817551,0.7698185873149774,-2.629597045410645,-1.0668611446398502,-0.9080727094725576,-0.2789531503219971,1
121.050318,14.540867,-0.7139961514134645,0.7698185873149774,-2.629597045410645,-1.0668611446398502,-0.9080727094725576,-0.2789531503219971,1
121.065172,14.531149,-0.8957659866297563,1.8549839220253697,-2.453174526150192,-1.3477375628693906,2.203521334084176,2.7809318668969496,1
121.050318,14.540867,-0.0542943541126223,0.7698185873149774,-2.6295122119837364,-0.9992958228335151,-0.890586721612462,-0.2839575840640268,1
121.050318,14.540867,-1.0944013181946437,0.7698185873149774,-2.6330498278323047,-1.7427692723077737,-1.1465592384879806,-0.3481383891833539,1
121.050318,14.540867,-0.4940955523131836,0.7698185873149774,-2.629537662011809,-1.0195654193754158,-0.8958325179704907,-0.2824562539414179,1
121.050318,14.540867,-0.8555391302351437,0.7698185873149774,-2.6329628735697237,-1.6735148174562808,-1.1286361009313826,-0.3532679337689345,1
121.050318,14.540867,-0.8835315968982131,0.7698185873149774,-2.6329968069404868,-1.7005409461788146,-1.1356304960754209,-0.3512661602721225,1
121.050318,14.540867,-0.8691854577333901,0.7698185873149774,-2.6329794160879705,-1.686690055208516,-1.1320458685641013,-0.3522920691892386,1
121.050318,14.540867,-0.8459365108736328,0.7698185873149774,-2.6295122119837364,-0.9992958228335151,-0.890586721612462,-0.2839575840640268,1
121.050318,14.540867,-0.933896750513745,0.7698185873149774,-2.629554628697191,-1.0330784837366829,-0.8993297155425098,-0.281455367193012,1
121.0553,14.53712,-0.9646828343877843,1.122106438111597,-2.893972543231474,-1.896652298339182,-0.370919164279934,-0.6029048105689437,1
121.050318,14.540867,-0.5820557919532959,0.7698185873149774,-2.629575837053918,-1.0499698141882663,-0.9037012125075338,-0.2802042587575045,1
121.050318,14.540867,-0.8899166306936889,0.7698185873149774,-2.629554628697191,-1.0330784837366829,-0.8993297155425098,-0.281455367193012,1
121.050318,14.540867,-0.6700160315934082,0.7698185873149774,-2.629533420340464,-1.016187153285099,-0.8949582185774859,-0.2827064756285194,1
121.0553,14.53712,-0.5380756721332399,1.122106438111597,-2.8905409691665414,-1.237635501122842,-0.1368041322295348,-0.5324684632720795,1
121.050318,14.540867,-0.7139961514134645,0.7698185873149774,-2.629554628697191,-1.0330784837366829,-0.8993297155425098,-0.281455367193012,1
121.050318,14.540867,-0.8459365108736328,0.7698185873149774,-2.6295495386915766,-1.0290245644283027,-0.8982805562709041,-0.2817556332175337,1
121.052,14.53578,-0.7663324939993311,0.8921946899139899,-2.59911473720777,-1.4737015712517767,0.0843567283131239,1.1362855540087844,1
121.050318,14.540867,0.0424619094915011,0.7698185873149774,-2.6295122119837364,-0.9992958228335151,-0.890586721612462,-0.2839575840640268,1
121.0553,14.53712,-0.2302148333928468,1.122106438111597,-2.890591869222687,-1.2781746942066423,-0.1472957249455921,-0.5294658030268615,1
121.050318,14.540867,-0.5204836242052173,0.7698185873149774,-2.629554628697191,-1.0330784837366829,-0.8993297155425098,-0.281455367193012,1
121.050318,14.540867,-0.8899166306936889,0.7698185873149774,-2.682923582746734,-0.8108594058400763,-0.7848259861006756,-0.1925733162550442,1
121.050318,14.540867,-0.8459365108736328,0.7698185873149774,-2.629575837053918,-1.0499698141882663,-0.9037012125075338,-0.2802042587575045,1
121.0553,14.53712,-1.17444161785756,1.122106438111597,-2.890610956743741,-1.293376891613068,-0.1512300722141137,-0.5283398054349049,1
121.0553,14.53712,-0.8899166306936889,1.122106438111597,-2.890583385879996,-1.2714181620260092,-0.1455471261595826,-0.5299662464010646,1
121.050318,14.540867,-0.8459365108736328,0.7698185873149774,-2.677757134128281,0.192867987390859,-0.4297190907565553,-0.0880447929017044,1
121.050318,14.540867,-0.5820557919532959,0.7698185873149774,-2.629554628697191,-1.0330784837366829,-0.8993297155425098,-0.281455367193012,1
121.050318,14.540867,-0.8459365108736328,0.7698185873149774,-2.6295821995609363,-1.0550372133237411,-0.905012661597041,-0.2798289262268523,1
121.04562,14.53631,-0.4615502636463421,0.4374182596594019,-2.499807445274579,-1.5343292319820088,0.3645983007096702,1.215796563946919,1
121.065172,14.531149,-0.7768877227561446,1.8549839220253697,-2.45311789983773,-1.3026377105636622,2.21519323098079,2.777591407374145,1
121.065172,14.531149,-0.7524699602320494,1.8549839220253697,-2.453139108194457,-1.3195290410152458,2.2108217340157656,2.7788425158096524,1
121.050318,14.540867,-0.5020823420725058,0.7698185873149774,-2.6295694745469,-1.0449024150527912,-0.9023897634180266,-0.2805795912881568,1
121.050318,14.540867,-0.3888951057036095,0.7698185873149774,-2.629586441232282,-1.058415479414058,-0.9058869609900456,-0.2795787045397508,1
121.0525,14.5539,-0.2214188094288358,1.084124247162774,-0.6807666914709979,-1.6603459685098807,0.0608538609136027,2.276352017680588,1
121.065172,14.531149,-0.8987126546577001,1.8549839220253697,-2.4531603165511844,-1.3364203714668297,2.206450237050742,2.78009362424516,1
121.050318,14.540867,-0.5035072979546756,0.7698185873149774,-2.629586441232282,-1.058415479414058,-0.9058869609900456,-0.2795787045397508,1
121.050318,14.540867,-0.9101474858109144,0.7698185873149774,-2.629597045410645,-1.0668611446398502,-0.9080727094725576,-0.2789531503219971,1
121.065172,14.531149,-0.8368854022146651,1.8549839220253697,-2.453096691481002,-1.2857463801120783,2.219564727945813,2.7763402989386377,1
121.0457204,14.54691938,-0.9031106666397056,0.4950302454221685,-2.480643145368982,0.2987056413841998,0.1126555705737041,1.4674128197463736,1
121.050318,14.540867,-0.8835315968982131,0.7698185873149774,-2.676075280466579,0.4953502572764952,-0.3196559698753941,-0.0508248457564603,1
121.0553,14.53712,-0.9778768703338012,1.122106438111597,-2.8906279234291232,-1.3068899559743348,-0.1547272697861328,-0.527338918686499,1
121.0456818,14.5469433,-0.8019563910535766,0.4926554183852182,-2.530652633766466,1.122510992961761,0.4464112423848561,1.630984986661931,1
121.0553,14.53712,-0.6172398878093408,1.122106438111597,-2.8905685400302867,-1.2595942307099006,-0.1424870782840658,-0.5308420223059198,1
121.050318,14.540867,-0.5380756721332399,0.7698185873149774,-2.629586441232282,-1.058415479414058,-0.9058869609900456,-0.2795787045397508,1
121.050318,14.540867,-0.0894784499686672,0.7698185873149774,-2.629586441232282,-1.058415479414058,-0.9058869609900456,-0.2795787045397508,1
121.050318,14.540867,-0.7139961514134645,0.7698185873149774,-2.629575837053918,-1.0499698141882663,-0.9037012125075338,-0.2802042587575045,1
121.050318,14.540867,-0.626035911773352,0.7698185873149774,-2.629575837053918,-1.0499698141882663,-0.9037012125075338,-0.2802042587575045,1
121.050318,14.540867,-0.933896750513745,0.7698185873149774,-2.679479283667765,-0.1417078103527861,-0.5480880558712621,-0.1228876340194843,1
121.065172,14.531149,-1.263747649164166,1.8549839220253697,-2.453096691481002,-1.2857463801120783,2.219564727945813,2.7763402989386377,1
121.050318,14.540867,-0.4061353126730714,0.7698185873149774,-2.629533420340464,-1.016187153285099,-0.8949582185774859,-0.2827064756285194,1
121.065172,14.531149,-1.0306530141178685,1.8549839220253697,-2.4531808886572097,-1.3528049620048657,2.2022098849946685,2.781307199427602,1
121.065172,14.531149,-1.3736979487143064,1.8549839220253697,-2.453139108194457,-1.3195290410152458,2.2108217340157656,2.7788425158096524,1
121.050318,14.540867,-0.8019563910535766,0.7698185873149774,-2.629533420340464,-1.016187153285099,-0.8949582185774859,-0.2827064756285194,1
121.050318,14.540867,-0.1963501411314036,0.7698185873149774,-2.629586441232282,-1.058415479414058,-0.9058869609900456,-0.2795787045397508,1
121.050318,14.540867,-0.6497851764761824,0.7698185873149774,-2.629575837053918,-1.0499698141882663,-0.9037012125075338,-0.2802042587575045,1
121.050318,14.540867,-0.0669971321202491,0.7698185873149774,-2.629597045410645,-1.0668611446398502,-0.9080727094725576,-0.2789531503219971,1
121.04892,14.53398,-0.7843643431255543,0.6844622567687025,-2.4360598754270884,-1.5290691096716853,0.2638716817938318,1.269561177066441,1
121.0525,14.5539,-0.2302148333928468,1.084124247162774,-0.6807666914709979,-1.6603459685098807,0.0608538609136027,2.276352017680588,1
121.0553,14.53712,-0.9602848224057786,1.122106438111597,-2.890528244152505,-1.2275007028518916,-0.1341812340505204,-0.533219128333384,1
121.0553,14.53712,-1.092225181865947,1.122106438111597,-2.8906321651004685,-1.3102682220646515,-0.1556015691791377,-0.5270886969993975,1
121.0553,14.53712,-0.3181750730329591,1.122106438111597,-2.890604594236723,-1.2883094924775929,-0.1499186231246065,-0.5287151379655572,1
121.0553,14.53712,-1.1098172297939697,1.122106438111597,-2.8906279234291232,-1.3068899559743348,-0.1547272697861328,-0.527338918686499,1
121.0553,14.53712,-1.0042649422258347,1.122106438111597,-2.8906321651004685,-1.3102682220646515,-0.1556015691791377,-0.5270886969993975,1
121.0553,14.53712,-0.626035911773352,1.122106438111597,-2.8905685400302867,-1.2595942307099006,-0.1424870782840658,-0.5308420223059198,1
121.050318,14.540867,-0.8019563910535766,0.7698185873149774,-2.629575837053918,-1.0499698141882663,-0.9037012125075338,-0.2802042587575045,1
121.0553,14.53712,-0.7579762712335204,1.122106438111597,-2.890543090002214,-1.2393246341680002,-0.1372412819260371,-0.5323433524285288,1
121.050318,14.540867,-1.3473098768222729,0.7698185873149774,-2.6795004920244927,-0.1585991408043698,-0.552459552836286,-0.1216365255839768,1
121.04993,14.54805,-0.1422545937527345,0.8042660444786396,-1.7438660435158737,-1.0780082811281293,-1.051108717398712,1.5616077823713614,1
121.050318,14.540867,-0.4677954406607901,0.7698185873149774,-2.629597045410645,-1.0668611446398502,-0.9080727094725576,-0.2789531503219971,1
121.050318,14.540867,-0.5820557919532959,0.7698185873149774,-2.6295440245188275,-1.0246328185108908,-0.8971439670599979,-0.2820809214107657,1
121.050318,14.540867,-0.4940955523131836,0.7698185873149774,-2.629575837053918,-1.0499698141882663,-0.9037012125075338,-0.2802042587575045,1
121.050318,14.540867,-0.5231491713072713,0.7698185873149774,-2.6295694745469,-1.0449024150527912,-0.9023897634180266,-0.2805795912881568,1
121.04461,14.55261,-0.4501154324931275,0.5209833086929294,-2.0245916288803105,-1.6270275458103798,0.414963356866473,1.6335991085069936,1
121.065172,14.531149,-0.9172194890779796,1.8549839220253697,-2.453139108194457,-1.3195290410152458,2.2108217340157656,2.7788425158096524,1
121.065172,14.531149,-0.8765994504121758,1.8549839220253697,-2.453139108194457,-1.3195290410152458,2.2108217340157656,2.7788425158096524,1
121.050318,14.540867,-0.7509394520623115,0.7698185873149774,-2.629575837053918,-1.0499698141882663,-0.9037012125075338,-0.2802042587575045,1
121.065172,14.531149,-0.8725268913168387,1.8549839220253697,-2.453096691481002,-1.2857463801120783,2.219564727945813,2.7763402989386377,1
121.050318,14.540867,-1.1977774694340817,0.7698185873149774,-2.679542908737947,-0.192381801707537,-0.5612025467663339,-0.1191343087129619,1
121.065172,14.531149,-0.852436772583037,1.8549839220253697,-2.45311789983773,-1.3026377105636622,2.21519323098079,2.777591407374145,1
121.050318,14.540867,1.482022270049966,0.7698185873149774,-2.6795641170946745,-0.2092731321591207,-0.5655740437313578,-0.1178832002774544,1
121.065172,14.531149,-0.819548438981599,1.8549839220253697,-2.453139108194457,-1.3195290410152458,2.2108217340157656,2.7788425158096524,1
121.050318,14.540867,-0.9778768703338012,0.7698185873149774,-2.629554628697191,-1.0330784837366829,-0.8993297155425098,-0.281455367193012,1
121.065172,14.531149,-0.8024049882757411,1.8549839220253697,-2.453139108194457,-1.3195290410152458,2.2108217340157656,2.7788425158096524,1
121.0525,14.5539,-0.1206163748012669,1.084124247162774,-0.6806924622224525,-1.601226311929338,0.0761541002911863,2.2719731381563117,1
121.050318,14.540867,-0.9178334515506676,0.7698185873149774,-2.676034984588797,0.5274437851345042,-0.3113501256418486,-0.0532019517839245,1
121.050318,14.540867,-0.8899166306936889,0.7698185873149774,-2.629533420340464,-1.016187153285099,-0.8949582185774859,-0.2827064756285194,1
121.0456818,14.5469433,-1.0042649422258347,0.4926554183852182,-2.4341203727639216,-1.2280339665838196,-0.4665810253969092,1.2366571874662715,1
121.050318,14.540867,-0.7579762712335204,0.7698185873149774,-2.633020136132887,-1.7191214096755567,-1.1404391427369471,-0.3498899409930643,1
121.050318,14.540867,-0.5094885942502033,0.7698185873149774,-2.629554628697191,-1.0330784837366829,-0.8993297155425098,-0.281455367193012,1
121.065172,14.531149,-0.9514887984417676,1.8549839220253697,-2.453139108194457,-1.3195290410152458,2.2108217340157656,2.7788425158096524,1
121.065172,14.531149,-1.1977774694340817,1.8549839220253697,-2.453139108194457,-1.3195290410152458,2.2108217340157656,2.7788425158096524,1
121.050318,14.540867,-0.8019563910535766,0.7698185873149774,-2.629597045410645,-1.0668611446398502,-0.9080727094725576,-0.2789531503219971,1
121.0445758,14.55429384,-0.8899166306936889,0.5386280448186996,-2.0628552032099563,-1.7029938649106982,0.7075483684939016,1.569091377887835,1
121.0553,14.53712,-0.5556677200612622,1.122106438111597,-2.890591869222687,-1.2781746942066423,-0.1472957249455921,-0.5294658030268615,1
121.05010693717,14.533488478187,-0.8899166306936889,0.7720766845896817,-2.470125479745127,-1.5238288183530344,0.180522999039501,1.2390428517253833,1
121.050318,14.540867,-0.626035911773352,0.7698185873149774,-2.629533420340464,-1.016187153285099,-0.8949582185774859,-0.2827064756285194,1
121.0503029,14.53332095,-1.0658371099739137,0.7872558211101823,-2.6143761968175747,-1.4399753595554283,-0.0589592051169952,1.132566011889928,1
121.0445495982,14.554236141607,-0.8019563910535766,0.5361807289499807,-2.0628552032099563,-1.7029938649106982,0.7075483684939016,1.569091377887835,1
121.065172,14.531149,-0.7450373199824599,1.8549839220253697,-2.453139108194457,-1.3195290410152458,2.2108217340157656,2.7788425158096524,1
121.065172,14.531149,-0.8434384400678535,1.8549839220253697,-2.453084602717668,-1.276118321754676,2.222056481215877,2.775627167130398,1
121.050318,14.540867,-0.9183472273104056,0.7698185873149774,-2.633039011570374,-1.734154693777466,-1.1443297750358186,-0.3487764544854627,1
121.050318,14.540867,-0.8095368045057615,0.7698185873149774,-2.6329628735697237,-1.6735148174562808,-1.1286361009313826,-0.3532679337689345,1
121.050318,14.540867,-0.8391758868548936,0.7698185873149774,-2.6329968069404868,-1.7005409461788146,-1.1356304960754209,-0.3512661602721225,1
121.050318,14.540867,-0.9272698260592588,0.7698185873149774,-2.6330498278323047,-1.7427692723077737,-1.1465592384879806,-0.3481383891833539,1
121.050318,14.540867,-1.039548433152673,0.7698185873149774,-2.6329628735697237,-1.6735148174562808,-1.1286361009313826,-0.3532679337689345,1
121.050318,14.540867,-1.0165987270281711,0.7698185873149774,-2.6329968069404868,-1.7005409461788146,-1.1356304960754209,-0.3512661602721225,1
121.0457204,14.54691938,-0.7579762712335204,0.4950302454221685,-2.4806495078760005,0.2936382422487247,0.1113441214841969,1.467788152277026,1
121.050318,14.540867,-1.0609544370714907,0.7698185873149774,-2.6329968069404868,-1.7005409461788146,-1.1356304960754209,-0.3512661602721225,1
121.050318,14.540867,-0.9429126750768564,0.7698185873149774,-2.632956511062705,-1.6684474183208058,-1.1273246518418754,-0.3536432662995866,1
121.050318,14.540867,-0.933896750513745,0.7698185873149774,-2.679485646174784,-0.1467752094882611,-0.5493995049607692,-0.122512301488832,1
121.050318,14.540867,-0.8039794765652991,0.7698185873149774,-2.632956511062705,-1.6684474183208058,-1.1273246518418754,-0.3536432662995866,1
121.050318,14.540867,-0.8527398835688368,0.7698185873149774,-2.6329594802326466,-1.6708122045840277,-1.1279366614169788,-0.3534681111186156,1
121.050318,14.540867,-0.9475437816939084,0.7698185873149774,-2.6329628735697237,-1.6735148174562808,-1.1286361009313826,-0.3532679337689345,1
121.050318,14.540867,-0.7139961514134645,0.7698185873149774,-2.629533420340464,-1.016187153285099,-0.8949582185774859,-0.2827064756285194,1
121.0553,14.53712,-0.8899166306936889,1.122106438111597,-2.89057066086596,-1.261283363755059,-0.1429242279805682,-0.5307169114623691,1
121.050318,14.540867,-1.0875781544455203,0.7698185873149774,-2.633039011570374,-1.734154693777466,-1.1443297750358186,-0.3487764544854627,1
121.050318,14.540867,-0.8107524150175878,0.7698185873149774,-2.629554628697191,-1.0330784837366829,-0.8993297155425098,-0.281455367193012,1
121.050318,14.540867,-0.8547325348376439,0.7698185873149774,-2.629554628697191,-1.0330784837366829,-0.8993297155425098,-0.281455367193012,1
121.050318,14.540867,-0.6700160315934082,0.7698185873149774,-2.629575837053918,-1.0499698141882663,-0.9037012125075338,-0.2802042587575045,1
121.050318,14.540867,-0.5468687934093429,0.7698185873149774,-2.629597045410645,-1.0668611446398502,-0.9080727094725576,-0.2789531503219971,1
121.050318,14.540867,-0.5468716960972511,0.7698185873149774,-2.629597045410645,-1.0668611446398502,-0.9080727094725576,-0.2789531503219971,1
121.050318,14.540867,-1.0946688932436286,0.7698185873149774,-2.6330502519994394,-1.7431070989168054,-1.1466466684272811,-0.3481133670146438,1
121.050318,14.540867,-0.121479616593095,0.7698185873149774,-2.629597045410645,-1.0668611446398502,-0.9080727094725576,-0.2789531503219971,1
121.0553,14.53712,-0.5043909465221003,1.122106438111597,-2.8905829617128616,-1.2710803354169775,-0.1454596962202821,-0.5299912685697747,1
121.050318,14.540867,-0.8811206067296776,0.7698185873149774,-2.629554628697191,-1.0330784837366829,-0.8993297155425098,-0.281455367193012,1
121.050318,14.540867,-0.6964041034854419,0.7698185873149774,-2.629597045410645,-1.0668611446398502,-0.9080727094725576,-0.2789531503219971,1
121.050318,14.540867,-0.1546668390888301,0.7698185873149774,-2.629597045410645,-1.0668611446398502,-0.9080727094725576,-0.2789531503219971,1
121.0436,14.55206,-0.626035911773352,0.4403887097429553,-2.19505161396098,-1.5472037590579293,0.1418473302896588,1.5310838798335935,1
121.050318,14.540867,-0.2472177236357598,0.7698185873149774,-2.629597045410645,-1.0668611446398502,-0.9080727094725576,-0.2789531503219971,1
121.050318,14.540867,-0.4726332538409962,0.7698185873149774,-2.629597045410645,-1.0668611446398502,-0.9080727094725576,-0.2789531503219971,1
121.050318,14.540867,-0.2094862112794976,0.7698185873149774,-2.629597045410645,-1.0668611446398502,-0.9080727094725576,-0.2789531503219971,1
121.050318,14.540867,-0.5068497870609999,0.7698185873149774,-2.629533420340464,-1.016187153285099,-0.8949582185774859,-0.2827064756285194,1
121.0553,14.53712,-1.0042649422258347,1.122106438111597,-2.890613077579414,-1.2950660246582264,-0.1516672219106161,-0.5282146945913542,1
121.050318,14.540867,-0.7393287004298168,0.7698185873149774,-2.629575837053918,-1.0499698141882663,-0.9037012125075338,-0.2802042587575045,1
121.050318,14.540867,-0.8459365108736328,0.7698185873149774,-2.629566293293391,-1.0423687154850536,-0.901734038873273,-0.2807672575534828,1
121.050318,14.540867,-0.0960436263349259,0.7698185873149774,-2.629597045410645,-1.0668611446398502,-0.9080727094725576,-0.2789531503219971,1
121.050318,14.540867,-0.2474005929739716,0.7698185873149774,-2.629597045410645,-1.0668611446398502,-0.9080727094725576,-0.2789531503219971,1
121.050318,14.540867,-0.159846641680757,0.7698185873149774,-2.629597045410645,-1.0668611446398502,-0.9080727094725576,-0.2789531503219971,1
121.050318,14.540867,-0.5391311950089211,0.7698185873149774,-2.629533420340464,-1.016187153285099,-0.8949582185774859,-0.2827064756285194,1
121.04414885894,14.550536696418,-0.7579762712335204,0.4459423759294286,-2.405133557655903,-1.3745942847937578,-0.1083256126416267,1.3608257550762324,1
121.0553,14.53712,-0.8459365108736328,1.122106438111597,-2.890613077579414,-1.2950660246582264,-0.1516672219106161,-0.5282146945913542,1
121.0553,14.53712,-0.4940955523131836,1.122106438111597,-2.8905494525092323,-1.2443920333034753,-0.1385527310155443,-0.5319680198978765,1
121.050318,14.540867,-0.1168606484891134,0.7698185873149774,-2.629597045410645,-1.0668611446398502,-0.9080727094725576,-0.2789531503219971,1
121.050318,14.540867,-0.8283444629456103,0.7698185873149774,-2.629597045410645,-1.0668611446398502,-0.9080727094725576,-0.2789531503219971,1
121.050318,14.540867,-0.4501154324931275,0.7698185873149774,-2.629554628697191,-1.0330784837366829,-0.8993297155425098,-0.281455367193012,1
121.050318,14.540867,-0.4940955523131836,0.7698185873149774,-2.6795730246045,-0.2163674909487858,-0.5674100724566677,-0.1173577347345413,1
121.050318,14.540867,-0.7579762712335204,0.7698185873149774,-2.679479283667765,-0.1417078103527861,-0.5480880558712621,-0.1228876340194843,1
121.065172,14.531149,-1.241757589254138,1.8549839220253697,-2.453075483124276,-1.268855049660495,2.2239362249108376,2.77508919050313,1
121.0553,14.53712,-0.7016817178638486,1.122106438111597,-2.894036168301656,-1.9473262896939325,-0.3840336551750057,-0.5991514852624215,1
121.0553,14.53712,-0.8899166306936889,1.122106438111597,-2.890613077579414,-1.2950660246582264,-0.1516672219106161,-0.5282146945913542,1
121.050318,14.540867,-0.5732597679892848,0.7698185873149774,-2.629533420340464,-1.016187153285099,-0.8949582185774859,-0.2827064756285194,1
121.0553,14.53712,-1.0658371099739137,1.122106438111597,-2.890528244152505,-1.2275007028518916,-0.1341812340505204,-0.533219128333384,1
121.050318,14.540867,-0.8019563910535766,0.7698185873149774,-2.6295122119837364,-0.9992958228335151,-0.890586721612462,-0.2839575840640268,1
121.0553,14.53712,-1.0306530141178685,1.122106438111597,-2.8906279234291232,-1.3068899559743348,-0.1547272697861328,-0.527338918686499,1
121.0468004,14.55354297,-0.933896750513745,0.6900483452885727,-1.643061823014623,-1.4620845184346165,-0.2655988217121027,1.7033700762749029,1
121.04993,14.54805,-0.1422545937527345,0.8042660444786396,-1.7438872518726007,-1.0948996115797132,-1.055480214363736,1.5628588908068688,1
121.050318,14.540867,-0.4061353126730714,0.7698185873149774,-2.629554628697191,-1.0330784837366829,-0.8993297155425098,-0.281455367193012,1
121.050318,14.540867,-0.2882685915553209,0.7698185873149774,-2.629586441232282,-1.058415479414058,-0.9058869609900456,-0.2795787045397508,1
121.050318,14.540867,-0.2306546345910474,0.7698185873149774,-2.6295228161621003,-1.0077414880593072,-0.892772470094974,-0.2833320298462731,1
121.050318,14.540867,-0.8802410043332765,0.7698185873149774,-2.633041344489614,-1.7360127401271404,-1.144810639701971,-0.3486388325575569,1
121.050318,14.540867,-0.8283444629456103,0.7698185873149774,-2.633020136132887,-1.7191214096755567,-1.1404391427369471,-0.3498899409930643,1
121.050318,14.540867,-0.3113581544608504,0.7698185873149774,-2.629586441232282,-1.058415479414058,-0.9058869609900456,-0.2795787045397508,1
121.050318,14.540867,-0.9646828343877843,0.7698185873149774,-2.582989439378676,-2.5260354308015334,-1.4698233175830755,-0.5147132163441293,1
121.050318,14.540867,-0.9075086786217113,0.7698185873149774,-2.629554628697191,-1.0330784837366829,-0.8993297155425098,-0.281455367193012,1
121.050318,14.540867,-0.2306546345910474,0.7698185873149774,-2.629533420340464,-1.016187153285099,-0.8949582185774859,-0.2827064756285194,1
121.0553,14.53712,-1.0030370172804588,1.122106438111597,-2.8940722225080915,-1.9760415514616243,-0.3914652000155464,-0.5970246009220588,1
121.050318,14.540867,-0.4940955523131836,0.7698185873149774,-2.6295122119837364,-0.9992958228335151,-0.890586721612462,-0.2839575840640268,1
121.050318,14.540867,-0.7579762712335204,0.7698185873149774,-2.629575837053918,-1.0499698141882663,-0.9037012125075338,-0.2802042587575045,1
121.050318,14.540867,-0.2728755496183013,0.7698185873149774,-2.629586441232282,-1.058415479414058,-0.9058869609900456,-0.2795787045397508,1
121.065172,14.531149,-1.0531708354657372,1.8549839220253697,-2.453139108194457,-1.3195290410152458,2.2108217340157656,2.7788425158096524,1
121.050318,14.540867,-0.5380756721332399,0.7698185873149774,-2.629533420340464,-1.016187153285099,-0.8949582185774859,-0.2827064756285194,1
121.050318,14.540867,-0.8899166306936889,0.7698185873149774,-2.629537662011809,-1.0195654193754158,-0.8958325179704907,-0.2824562539414179,1
121.065172,14.531149,-0.8007425397465431,1.8549839220253697,-2.45311789983773,-1.3026377105636622,2.21519323098079,2.777591407374145,1
121.050318,14.540867,-0.5380756721332399,0.7698185873149774,-2.629575837053918,-1.0499698141882663,-0.9037012125075338,-0.2802042587575045,1
121.0503029,14.53332095,-0.933896750513745,0.7872558211101823,-2.6143401426111383,-1.4112600977877363,-0.0515276602764546,1.1304391275495655,1
121.0553,14.53712,-0.4524903589634105,1.122106438111597,-2.890528244152505,-1.2275007028518916,-0.1341812340505204,-0.533219128333384,1
121.050318,14.540867,-0.933896750513745,0.7698185873149774,-2.629575837053918,-1.0499698141882663,-0.9037012125075338,-0.2802042587575045,1
121.050318,14.540867,-0.5424736841152454,0.7698185873149774,-2.629597045410645,-1.0668611446398502,-0.9080727094725576,-0.2789531503219971,1
121.0553,14.53712,-1.0658371099739137,1.122106438111597,-2.890613077579414,-1.2950660246582264,-0.1516672219106161,-0.5282146945913542,1
121.0553,14.53712,-1.0658371099739137,1.122106438111597,-2.8906279234291232,-1.3068899559743348,-0.1547272697861328,-0.527338918686499,1
121.050318,14.540867,-0.5380756721332399,0.7698185873149774,-2.629597045410645,-1.0668611446398502,-0.9080727094725576,-0.2789531503219971,1
121.0553,14.53712,-0.626035911773352,1.122106438111597,-2.8905494525092323,-1.2443920333034753,-0.1385527310155443,-0.5319680198978765,1
121.050318,14.540867,-0.8459365108736328,0.7698185873149774,-2.62955081119298,-1.0300380442553976,-0.8985428460888055,-0.2816805667114033,1
121.050318,14.540867,-0.5820557919532959,0.7698185873149774,-2.6295249369977727,-1.0094306211044657,-0.8932096197914764,-0.2832069190027224,1
121.050318,14.540867,-0.6700160315934082,0.7698185873149774,-2.629554628697191,-1.0330784837366829,-0.8993297155425098,-0.281455367193012,1
121.0553,14.53712,-0.5820557919532959,1.122106438111597,-2.8905685400302867,-1.2595942307099006,-0.1424870782840658,-0.5308420223059198,1
121.050318,14.540867,-0.5820557919532959,0.7698185873149774,-2.6295122119837364,-0.9992958228335151,-0.890586721612462,-0.2839575840640268,1
121.04381939907,14.483958021488,-0.9778768703338012,0.9238717949299492,-2.9954984656204844,-0.5835832650324924,0.668352704416003,-0.4523130227358602,1
121.050318,14.540867,-0.7755683191615429,0.7698185873149774,-2.629566929544093,-1.0428754553986013,-0.9018651837822236,-0.2807297243004176,1
121.050318,14.540867,-0.7755683191615429,0.7698185873149774,-2.629597045410645,-1.0668611446398502,-0.9080727094725576,-0.2789531503219971,1
121.050318,14.540867,-1.285737709074194,0.7698185873149774,-2.679542908737947,-0.192381801707537,-0.5612025467663339,-0.1191343087129619,1
121.050318,14.540867,-0.1523200598952319,0.7698185873149774,-2.629597045410645,-1.0668611446398502,-0.9080727094725576,-0.2789531503219971,1
121.050318,14.540867,-0.4950979472041223,0.7698185873149774,-2.629554628697191,-1.0330784837366829,-0.8993297155425098,-0.281455367193012,1
121.050318,14.540867,-0.1578600596684851,0.7698185873149774,-2.629597045410645,-1.0668611446398502,-0.9080727094725576,-0.2789531503219971,1
121.050318,14.540867,-1.1537973496140257,0.7698185873149774,-2.679542908737947,-0.192381801707537,-0.5612025467663339,-0.1191343087129619,1
121.050318,14.540867,-0.2103915860261134,0.7698185873149774,-2.629597045410645,-1.0668611446398502,-0.9080727094725576,-0.2789531503219971,1
121.050318,14.540867,-0.2103916739863529,0.7698185873149774,-2.629597045410645,-1.0668611446398502,-0.9080727094725576,-0.2789531503219971,1
121.050318,14.540867,-0.5380756721332399,0.7698185873149774,-2.629554628697191,-1.0330784837366829,-0.8993297155425098,-0.281455367193012,1
121.050318,14.540867,-0.7931603670895654,0.7698185873149774,-2.629554628697191,-1.0330784837366829,-0.8993297155425098,-0.281455367193012,1
121.050318,14.540867,-0.626035911773352,0.7698185873149774,-2.6295122119837364,-0.9992958228335151,-0.890586721612462,-0.2839575840640268,1
121.050318,14.540867,-0.933896750513745,0.7698185873149774,-2.633025226138501,-1.7231753289839369,-1.141488302008553,-0.3495896749685425,1
121.049391,14.533167,-0.8019563910535766,0.7241599078483238,-2.3570444834627757,-1.552467799922235,0.3077724453976199,1.3266699997741669,1
121.050318,14.540867,-0.7579762712335204,0.7698185873149774,-2.6295122119837364,-0.9992958228335151,-0.890586721612462,-0.2839575840640268,1
121.0503029,14.53332095,-0.8019563910535766,0.7872558211101823,-2.6143761968175747,-1.4399753595554283,-0.0589592051169952,1.132566011889928,1
121.050318,14.540867,-0.4061353126730714,0.7698185873149774,-2.6295122119837364,-0.9992958228335151,-0.890586721612462,-0.2839575840640268,1
121.0436,14.55206,-0.6436279597013747,0.4403887097429553,-2.1950091972475256,-1.513421098154762,0.1505903242197067,1.5285816629625788,1
121.0435842,14.5515268,-0.4501154324931275,0.4277141252861472,-2.2138006169417235,-1.531772220261509,0.2131804730745097,1.501032214679073,1
121.0553,14.53712,-0.740384223305498,1.122106438111597,-2.8905494525092323,-1.2443920333034753,-0.1385527310155443,-0.5319680198978765,1
121.050318,14.540867,-0.7579762712335204,0.7698185873149774,-2.629554628697191,-1.0330784837366829,-0.8993297155425098,-0.281455367193012,1
121.050318,14.540867,-0.5820557919532959,0.7698185873149774,-2.6295164536550817,-1.002674088923832,-0.8914610210054668,-0.2837073623769254,1
121.0553,14.53712,-0.3181750730329591,1.122106438111597,-2.894048893315692,-1.9574610879648824,-0.38665655335402,-0.5984008202011168,1
121.050318,14.540867,-0.4061353126730714,0.7698185873149774,-2.629586441232282,-1.058415479414058,-0.9058869609900456,-0.2795787045397508,1
121.04942,14.53774,-0.8459365108736328,0.7033043150366014,-2.505144913722744,-1.3718111624470923,-0.2259711177818761,1.2732821303650086,1
121.0553,14.53712,-0.5380756721332399,1.122106438111597,-2.8906279234291232,-1.3068899559743348,-0.1547272697861328,-0.527338918686499,1
121.050318,14.540867,-0.6700160315934082,0.7698185873149774,-2.6295440245188275,-1.0246328185108908,-0.8971439670599979,-0.2820809214107657,1
121.05399,14.5362,-0.7579762712335204,1.0317402411107783,-2.651874202779062,-1.4091122819625874,0.0837070804527062,1.0724626815808869,1
121.0553,14.53712,-0.3181750730329591,1.122106438111597,-2.94396082327223,-1.0559556163100368,-0.0327919955037578,-0.4405837520888938,1
121.050318,14.540867,-0.5380756721332399,0.7698185873149774,-2.6296171933495365,-1.0829079085688549,-0.9122256315893305,-0.2777645973082649,1
121.050318,14.540867,-0.3998021754189833,0.7698185873149774,-2.629597045410645,-1.0668611446398502,-0.9080727094725576,-0.2789531503219971,1
121.050318,14.540867,-0.4149313366370826,0.7698185873149774,-2.629586441232282,-1.058415479414058,-0.9058869609900456,-0.2795787045397508,1
121.050318,14.540867,-0.6031662494669229,0.7698185873149774,-2.629597045410645,-1.0668611446398502,-0.9080727094725576,-0.2789531503219971,1
121.050318,14.540867,-0.7315881993414868,0.7698185873149774,-2.633020136132887,-1.7191214096755567,-1.1404391427369471,-0.3498899409930643,1
121.050318,14.540867,-0.4940955523131836,0.7698185873149774,-2.629554628697191,-1.0330784837366829,-0.8993297155425098,-0.281455367193012,1
121.050318,14.540867,-0.5820557919532959,0.7698185873149774,-2.629597045410645,-1.0668611446398502,-0.9080727094725576,-0.2789531503219971,1
121.0503029,14.53332095,-0.7579762712335204,0.7872558211101823,-2.6143761968175747,-1.4399753595554283,-0.0589592051169952,1.132566011889928,1
121.050318,14.540867,-0.5820557919532959,0.7698185873149774,-2.629586441232282,-1.058415479414058,-0.9058869609900456,-0.2795787045397508,1
121.050318,14.540867,-0.55390851526846,0.7698185873149774,-2.629533420340464,-1.016187153285099,-0.8949582185774859,-0.2827064756285194,1
121.050318,14.540867,-0.740384223305498,0.7698185873149774,-2.629575837053918,-1.0499698141882663,-0.9037012125075338,-0.2802042587575045,1
121.050318,14.540867,-0.2038267615008131,0.7698185873149774,-2.6295885620679544,-1.0601046124592166,-0.9063241106865482,-0.2794535936962,1
121.050318,14.540867,-0.3568775784746085,0.7698185873149774,-2.629554628697191,-1.0330784837366829,-0.8993297155425098,-0.281455367193012,1
121.050318,14.540867,-0.7579762712335204,0.7698185873149774,-2.629586441232282,-1.058415479414058,-0.9058869609900456,-0.2795787045397508,1
121.0436,14.55206,-0.8459365108736328,0.4403887097429553,-2.195030405604253,-1.5303124286063456,0.1462188272546828,1.5298327713980864,1
121.0553,14.53712,-0.6964041034854419,1.122106438111597,-2.8905409691665414,-1.237635501122842,-0.1368041322295348,-0.5324684632720795,1
121.0553,14.53712,-0.4061353126730714,1.122106438111597,-2.890528244152505,-1.2275007028518916,-0.1341812340505204,-0.533219128333384,1
121.065172,14.531149,-0.852436772583037,1.8549839220253697,-2.453139108194457,-1.3195290410152458,2.2108217340157656,2.7788425158096524,1
121.050318,14.540867,-0.7579762712335204,0.7698185873149774,-2.6296140120960274,-1.080374209001117,-0.9115699070445769,-0.2779522635735911,1
121.0494379,14.54595709,-0.9163047025857224,0.7437502786346868,-2.3051375930388702,-0.8699614118233507,-1.4638156673021738,-0.1750880343308706,1
121.0553,14.53712,-1.0218569901538572,1.122106438111597,-2.890613077579414,-1.2950660246582264,-0.1516672219106161,-0.5282146945913542,1
121.050318,14.540867,-0.6876080795214307,0.7698185873149774,-2.629575837053918,-1.0499698141882663,-0.9037012125075338,-0.2802042587575045,1
121.050318,14.540867,-0.9163047025857224,0.7698185873149774,-2.6295122119837364,-0.9992958228335151,-0.890586721612462,-0.2839575840640268,1
121.050318,14.540867,-0.5878963518653996,0.7698185873149774,-2.679542908737947,-0.192381801707537,-0.5612025467663339,-0.1191343087129619,1
121.050318,14.540867,-0.3357671209609815,0.7698185873149774,-2.629597045410645,-1.0668611446398502,-0.9080727094725576,-0.2789531503219971,1
121.0553,14.53712,-1.1098172297939697,1.122106438111597,-2.890613077579414,-1.2950660246582264,-0.1516672219106161,-0.5282146945913542,1
121.0521,14.52655,-0.5596977064006137,0.9993545043798296,-2.4333621624739203,-1.9411158689517376,1.370378125742275,1.1272414258095411,1
121.050318,14.540867,-0.8899166306936889,0.7698185873149774,-2.6295915312378964,-1.0624693987224385,-0.9069361202616516,-0.279278438515229,1
121.065172,14.531149,-1.1977774694340817,1.8549839220253697,-2.453096691481002,-1.2857463801120783,2.219564727945813,2.7763402989386377,1
121.050318,14.540867,-0.8459365108736328,0.7698185873149774,-2.633020136132887,-1.7191214096755567,-1.1404391427369471,-0.3498899409930643,1
121.050318,14.540867,-0.7139961514134645,0.7698185873149774,-2.6295122119837364,-0.9992958228335151,-0.890586721612462,-0.2839575840640268,1
121.050318,14.540867,-0.9778768703338012,0.7698185873149774,-2.629597045410645,-1.0668611446398502,-0.9080727094725576,-0.2789531503219971,1
121.0553,14.53712,-0.6700160315934082,1.122106438111597,-2.890528244152505,-1.2275007028518916,-0.1341812340505204,-0.533219128333384,1
121.0445758,14.55429384,-0.9778768703338012,0.5386280448186996,-2.062876411566684,-1.7198851953622818,0.7031768715288776,1.5703424863233424,1
121.0502,14.53352,-0.8459365108736328,0.7784029629484923,-2.611493038303668,-1.4001359719166249,-0.0904661783400563,1.1449853105056182,1
121.0553,14.53712,-0.7002743540296068,1.122106438111597,-2.8905409691665414,-1.237635501122842,-0.1368041322295348,-0.5324684632720795,1
121.050318,14.540867,-0.6876080795214307,0.7698185873149774,-2.6295122119837364,-0.9992958228335151,-0.890586721612462,-0.2839575840640268,1
121.050318,14.540867,-0.6788120555574195,0.7698185873149774,-2.629575837053918,-1.0499698141882663,-0.9037012125075338,-0.2802042587575045,1
121.0466431,14.55370389,-0.7667722951975317,0.6831421019764292,-1.5959293355674475,-1.4953765419345089,-0.1732144923453556,1.7341345690501355,1
121.050318,14.540867,-0.7667722951975317,0.7698185873149774,-2.6295978937449145,-1.0675367978579131,-0.9082475693511588,-0.2789031059845768,1
121.050318,14.540867,-0.9778768703338012,0.7698185873149774,-2.629533420340464,-1.016187153285099,-0.8949582185774859,-0.2827064756285194,1
121.0553,14.53712,-0.5820557919532959,1.122106438111597,-2.890613077579414,-1.2950660246582264,-0.1516672219106161,-0.5282146945913542,1
121.0503029,14.53332095,-0.9778768703338012,0.7872558211101823,-2.6143804384889204,-1.443353625645745,-0.05983350451,1.1328162335770295,1
121.050318,14.540867,-0.5754587739802874,0.7698185873149774,-2.6295440245188275,-1.0246328185108908,-0.8971439670599979,-0.2820809214107657,1
121.050318,14.540867,-0.5116876002412061,0.7698185873149774,-2.629533420340464,-1.016187153285099,-0.8949582185774859,-0.2827064756285194,1
121.050318,14.540867,-0.6700160315934082,0.7698185873149774,-2.629597045410645,-1.0668611446398502,-0.9080727094725576,-0.2789531503219971,1
121.050318,14.540867,-0.8459365108736328,0.7698185873149774,-2.629554628697191,-1.0330784837366829,-0.8993297155425098,-0.281455367193012,1
121.050318,14.540867,-0.4061353126730714,0.7698185873149774,-2.629575837053918,-1.0499698141882663,-0.9037012125075338,-0.2802042587575045,1
121.065172,14.531149,-1.3736979487143064,1.8549839220253697,-2.45311789983773,-1.3026377105636622,2.21519323098079,2.777591407374145,1
121.050318,14.540867,-0.5820557919532959,0.7698185873149774,-2.632956511062705,-1.6684474183208058,-1.1273246518418754,-0.3536432662995866,1
121.0502,14.53352,-1.0746331339379247,0.7784029629484923,-2.611505763317704,-1.4102707701875752,-0.0930890765190706,1.1457359755669227,1
121.0502,14.53352,-1.0218569901538572,0.7784029629484923,-2.611493038303668,-1.4001359719166249,-0.0904661783400563,1.1449853105056182,1
121.050318,14.540867,-0.8635285588016551,0.7698185873149774,-2.629597045410645,-1.0668611446398502,-0.9080727094725576,-0.2789531503219971,1
121.04942,14.53774,-0.5820557919532959,0.7033043150366014,-2.505144913722744,-1.3718111624470923,-0.2259711177818761,1.2732821303650086,1
121.050318,14.540867,-1.0658371099739137,0.7698185873149774,-2.62951348448514,-1.0003093026606105,-0.8908490114303634,-0.2838825175578964,1
121.0436,14.55206,-0.7139961514134645,0.4403887097429553,-2.195030405604253,-1.5303124286063456,0.1462188272546828,1.5298327713980864,1
121.04131,14.5526548,-0.8899166306936889,0.299911415682053,-2.38039392214949,-1.5352385478253283,0.2378230030927148,1.3444271288309704,1
121.0553,14.53712,-0.6700160315934082,1.122106438111597,-2.890591869222687,-1.2781746942066423,-0.1472957249455921,-0.5294658030268615,1
121.0503029,14.53332095,-0.5820557919532959,0.7872558211101823,-2.6143761968175747,-1.4399753595554283,-0.0589592051169952,1.132566011889928,1
121.0448,14.54931,-0.5116876002412061,0.4679716793987983,-2.3949046592408445,-1.4065068707519297,-0.0584717042706484,1.3459877629270869,1
121.0503029,14.53332095,-1.0218569901538572,0.7872558211101823,-2.6143613509678656,-1.4281514282393202,-0.0558991572414785,1.131690235985073,1
121.050318,14.540867,-0.9514887984417676,0.7698185873149774,-2.629575837053918,-1.0499698141882663,-0.9037012125075338,-0.2802042587575045,1
121.04529,14.54896,-0.5116876002412061,0.4958392209738816,-2.292761297548072,-1.3584833452008624,-0.1973404468033616,1.3312151720602394,1
121.050318,14.540867,-0.3181750730329591,0.7698185873149774,-2.6295122119837364,-0.9992958228335151,-0.890586721612462,-0.2839575840640268,1
121.050318,14.540867,-0.96908084636979,0.7698185873149774,-2.629575837053918,-1.0499698141882663,-0.9037012125075338,-0.2802042587575045,1
121.065172,14.531149,-1.0295532331680095,1.8549839220253697,-2.453174526150192,-1.3477375628693906,2.203521334084176,2.7809318668969496,1
121.050318,14.540867,-0.1158665218607009,0.7698185873149774,-2.629575837053918,-1.0499698141882663,-0.9037012125075338,-0.2802042587575045,1
121.0494379,14.54595709,-0.933896750513745,0.7437502786346868,-2.3051375930388702,-0.8699614118233507,-1.4638156673021738,-0.1750880343308706,1
121.050318,14.540867,-0.6788120555574195,0.7698185873149774,-2.629586441232282,-1.058415479414058,-0.9058869609900456,-0.2795787045397508,1
121.065172,14.531149,-0.9800884229733864,1.8549839220253697,-2.453174526150192,-1.3477375628693906,2.203521334084176,2.7809318668969496,1
121.0494379,14.54595709,-0.8899166306936889,0.7437502786346868,-2.305095176325416,-0.8361787509201835,-1.455072673372126,-0.1775902512018854,1
121.0436,14.55206,-0.7139961514134645,0.4403887097429553,-2.1950091972475256,-1.513421098154762,0.1505903242197067,1.5285816629625788,1
121.0494379,14.54595709,-0.7031727318859882,0.7437502786346868,-2.305127837194776,-0.8621913998156223,-1.4618047786982629,-0.175663544211204,1
121.050318,14.540867,-0.5820557919532959,0.7698185873149774,-2.633020136132887,-1.7191214096755567,-1.1404391427369471,-0.3498899409930643,1
121.04946795008,14.545993642088,-0.1422545937527345,0.7462629873510779,-2.351297702743895,0.9456199468667488,-0.8098264732296512,0.0342736437020542,1
121.050318,14.540867,-0.8899166306936889,0.7698185873149774,-2.6760243804104333,0.535889450360296,-0.3091643771593367,-0.0538275060016782,1
121.050318,14.540867,-0.0475214156603336,0.7698185873149774,-2.629236503346282,-0.7797085269629273,-0.833757261067151,-0.3002219937256236,1
121.050318,14.540867,-1.0042649422258347,0.7698185873149774,-2.679299012635584,0.0018684984856749,-0.5109303316685587,-0.1335220557212976,1
121.050318,14.540867,-0.2583621100776828,0.7698185873149774,-2.6294803994486458,-0.9739588271561398,-0.8840294761649261,-0.2858342467172881,1
121.050318,14.540867,-0.0586923660946279,0.7698185873149774,-2.6257922042673134,-0.110556931475637,-0.5970193308377375,-0.2305363114900638,1
121.050318,14.540867,-0.1422545937527345,0.7698185873149774,-2.6757359467589428,0.7656115445018338,-0.2497120184350112,-0.0708425807245794,1
121.065172,14.531149,-1.0658371099739137,1.8549839220253697,-2.4527573577733666,-1.01548509288674,2.2895086793861963,2.7563225639705182,1
121.0495969,14.5461009,-0.1070704978966896,0.7565076732106889,-2.1984742905834698,1.0264485869958329,-1.0585886261995696,0.0730570317736182,1
121.0495969,14.5461009,-0.159846641680757,0.7565076732106889,-2.152028928480464,-0.5619443771204663,-1.653781186092521,-0.1531320547168816,1
121.0495990949,14.546086301,-0.1070704978966896,0.7564990945469895,-2.1984742905834698,1.0264485869958329,-1.0585886261995696,0.0730570317736182,1
121.0495990949,14.546086301,-0.159846641680757,0.7564990945469895,-2.152028928480464,-0.5619443771204663,-1.653781186092521,-0.1531320547168816,1
121.050318,14.540867,-0.3885432647450489,0.7698185873149774,-2.6292789200597366,-0.8134911878660945,-0.8425002549971988,-0.2977197768546087,1
121.050318,14.540867,-1.0345982947464465,0.7698185873149774,-2.6260664283197968,-0.3289618342146138,-0.6535427865954969,-0.2143594794189525,1
121.050318,14.540867,-1.027908918521816,0.7698185873149774,-2.6760228958254624,0.5370718434919068,-0.308858372371785,-0.0539150835921637,1
121.050318,14.540867,-0.1422545937527345,0.7698185873149774,-2.675738067594616,0.7639224114566754,-0.2501491681315135,-0.0707174698810287,1
121.050318,14.540867,0.3043635230199354,0.7698185873149774,-2.629215294989555,-0.7628171965113436,-0.829385764102127,-0.3014731021611311,1
121.050318,14.540867,0.0019650151611934,0.7698185873149774,-2.629491003627009,-0.9824044923819316,-0.8862152246474381,-0.2852086924995343,1
121.065172,14.531149,-0.8459365108736328,1.8549839220253697,-2.402875119516246,-1.9406384271738035,1.929524025784901,2.6002570476680056,1
121.04977175228,14.53301540354,-0.5380756721332399,0.7523247293173555,-2.425709658071402,-0.6389090555612844,0.7320958466397279,1.4546856244189703,1
121.050318,14.540867,-0.7978664158307907,0.7698185873149774,-2.632949512304985,-1.662873279271783,-1.1258820578434174,-0.3540561320833041,1
121.050318,14.540867,-0.2302148333928468,0.7698185873149774,-2.6292789200597366,-0.8134911878660945,-0.8425002549971988,-0.2977197768546087,1
121.050318,14.540867,-1.0345982947464465,0.7698185873149774,-2.632955026477734,-1.6672650251891947,-1.1270186470543238,-0.3537308438900722,1
121.050318,14.540867,0.5614273233681636,0.7698185873149774,-2.629194086632828,-0.7459258660597599,-0.8250142671371031,-0.3027242105966384,1
121.065172,14.531149,-0.8811206067296776,1.8549839220253697,-2.4528209828435483,-1.066159084241491,2.2763941884911247,2.7600758892770405,1
121.050318,14.540867,-0.7306227477511968,0.7698185873149774,-2.632872525970065,-1.6015577497325344,-1.1100135238603803,-0.3585976557041962,1
121.050318,14.540867,0.579019371296186,0.7698185873149774,-2.629194086632828,-0.7459258660597599,-0.8250142671371031,-0.3027242105966384,1
121.050318,14.540867,-0.2302148333928468,0.7698185873149774,-2.629215294989555,-0.7628171965113436,-0.829385764102127,-0.3014731021611311,1
121.050318,14.540867,-0.933896750513745,0.7698185873149774,-2.676021835407626,0.5379164100144861,-0.3086397975235339,-0.0539776390139391,1
121.050318,14.540867,0.5614273233681636,0.7698185873149774,-2.6292577117030094,-0.7965998574145109,-0.838128758032175,-0.2989708852901162,1
121.050318,14.540867,0.5557099077915563,0.7698185873149774,-2.6757168592378884,0.7808137419082591,-0.2457776711664896,-0.0719685783165362,1
121.050318,14.540867,-0.4940955523131836,0.7698185873149774,-2.682732707536189,-0.6588374317758233,-0.7454825134154601,-0.2038332921746112,1
121.050318,14.540867,-0.933896750513745,0.7698185873149774,-2.6294485869135547,-0.948621831478764,-0.8774722307173902,-0.2877109093705492,1
121.050318,14.540867,-0.2302148333928468,0.7698185873149774,-2.679267200100493,0.0272054941630504,-0.5043730862210227,-0.1353987183745587,1
121.050318,14.540867,0.034545487923891,0.7698185873149774,-2.629491003627009,-0.9824044923819316,-0.8862152246474381,-0.2852086924995343,1
121.050318,14.540867,-0.274194953212903,0.7698185873149774,-2.629236503346282,-0.7797085269629273,-0.833757261067151,-0.3002219937256236,1
121.050318,14.540867,-0.1844755087799884,0.7698185873149774,-2.629215294989555,-0.7628171965113436,-0.829385764102127,-0.3014731021611311,1
121.050318,14.540867,-0.0982744739326784,0.7698185873149774,-2.6292577117030094,-0.7965998574145109,-0.838128758032175,-0.2989708852901162,1
121.050318,14.540867,0.2975466044478267,0.7698185873149774,-2.629194086632828,-0.7459258660597599,-0.8250142671371031,-0.3027242105966384,1
121.050318,14.540867,0.0336658855274902,0.7698185873149774,-2.625770995910586,-0.0936656010240533,-0.5926478338727136,-0.2317874199255712,1
121.0521,14.52655,-0.6330727309445611,0.9993545043798296,-2.4865466038199364,-1.5719422161263543,1.5229138787798175,1.2052388333585944,1
121.065172,14.531149,-1.1190530549561812,1.8549839220253697,-2.4528103786651845,-1.0577134190156992,2.2785799369736366,2.759450335059287,1
121.065172,14.531149,-1.1150948441723765,1.8549839220253697,-2.4562652819225166,-1.7353106797287814,2.039656258261711,2.6903902070414807,1
121.050318,14.540867,-0.3621551928530154,0.7698185873149774,-2.629300128416464,-0.8303825183176782,-0.8468717519622229,-0.2964686684191012,1
121.050318,14.540867,0.0160738375994674,0.7698185873149774,-2.629215294989555,-0.7628171965113436,-0.829385764102127,-0.3014731021611311,1
121.050318,14.540867,-0.9677614427751882,0.7698185873149774,-2.632892885992524,-1.6177734269660546,-1.1142101609468036,-0.357396591606109,1
121.050318,14.540867,-0.274194953212903,0.7698185873149774,-2.6292789200597366,-0.8134911878660945,-0.8425002549971988,-0.2977197768546087,1
121.0443039,14.55335428,-0.5820557919532959,0.517569255291592,-2.0375997648613127,-1.5521868282782518,0.418036756847173,1.6298873707064627,1
121.065172,14.531149,-0.3180969643401587,1.8549839220253697,-2.4495251422616704,-0.5152468019152859,2.4825316399653707,2.8385193305611525,1
121.065172,14.531149,-1.1098172297939697,1.8549839220253697,-2.4530118580540936,-1.2181810583057435,2.237050715805909,2.771335865196608,1
121.050318,14.540867,-0.0542943541126223,0.7698185873149774,-2.629194086632828,-0.7459258660597599,-0.8250142671371031,-0.3027242105966384,1
121.050318,14.540867,-0.0542943541126223,0.7698185873149774,-2.629236503346282,-0.7797085269629273,-0.833757261067151,-0.3002219937256236,1
121.050318,14.540867,-0.3181750730329591,0.7698185873149774,-2.6257922042673134,-0.110556931475637,-0.5970193308377375,-0.2305363114900638,1
121.065172,14.531149,-1.0292456502836267,1.8549839220253697,-2.4528209828435483,-1.066159084241491,2.2763941884911247,2.7600758892770405,1
121.050318,14.540867,-0.4061353126730714,0.7698185873149774,-2.629194086632828,-0.7459258660597599,-0.8250142671371031,-0.3027242105966384,1
121.050318,14.540867,-0.5380756721332399,0.7698185873149774,-2.6757168592378884,0.7808137419082591,-0.2457776711664896,-0.0719685783165362,1
121.050318,14.540867,0.2606033037989796,0.7698185873149774,-2.629300128416464,-0.8303825183176782,-0.8468717519622229,-0.2964686684191012,1
121.050318,14.540867,0.1480141970596359,0.7698185873149774,-2.629236503346282,-0.7797085269629273,-0.833757261067151,-0.3002219937256236,1
121.050318,14.540867,-0.239010857356858,0.7698185873149774,-2.6758036014169027,0.7117282003612818,-0.2636570937534375,-0.0668515448153107,1
121.050318,14.540867,-0.4940955523131836,0.7698185873149774,-2.629491003627009,-0.9824044923819316,-0.8862152246474381,-0.2852086924995343,1
121.065172,14.531149,-1.1801854215060594,1.8549839220253697,-2.452969441340639,-1.1843983974025765,2.245793709735957,2.7688336483255926,1
121.050318,14.540867,-0.5380756721332399,0.7698185873149774,-2.629321973023893,-0.8477805886828093,-0.8513743938361975,-0.2951800267305287,1
121.050318,14.540867,0.077646005347546,0.7698185873149774,-2.6292577117030094,-0.7965998574145109,-0.838128758032175,-0.2989708852901162,1
121.050318,14.540867,0.1805594857264774,0.7698185873149774,-2.62578160008895,-0.1021112662498451,-0.5948335823552255,-0.2311618657078175,1
121.050318,14.540867,-0.5116876002412061,0.7698185873149774,-2.675928942805161,0.6119004373924225,-0.289492640816729,-0.0594574939614617,1
121.065172,14.531149,-1.1537973496140257,1.8549839220253697,-2.452831587021912,-1.0746047494672828,2.2742084400086124,2.7607014434947943,1
121.045716,14.547869,-0.6700160315934082,0.5081481606386872,-2.358340144725493,-1.068720497360451,-0.1560103716943663,1.2525456967557944,1
121.050318,14.540867,-0.0103142342925661,0.7698185873149774,-2.629194086632828,-0.7459258660597599,-0.8250142671371031,-0.3027242105966384,1
121.050318,14.540867,-0.1862347135727908,0.7698185873149774,-2.675844109378252,0.6794657591987572,-0.2720066529566332,-0.0644619277034915,1
121.050318,14.540867,-0.8459365108736328,0.7698185873149774,-2.67601377623207,0.5443351155860878,-0.3069786286768247,-0.0544530602194319,1
121.065172,14.531149,-1.2725436731281772,1.8549839220253697,-2.4528103786651845,-1.0577134190156992,2.2785799369736366,2.759450335059287,1
121.050318,14.540867,-1.1098172297939697,0.7698185873149774,-2.679262958429148,0.0305837602533672,-0.503498786828018,-0.1356489400616602,1
121.050318,14.540867,-0.5380756721332399,0.7698185873149774,-2.6259438440179133,-0.2313299442044601,-0.6282755341376587,-0.2215908861761856,1
121.050318,14.540867,-0.3181750730329591,0.7698185873149774,-2.629236503346282,-0.7797085269629273,-0.833757261067151,-0.3002219937256236,1
121.050318,14.540867,-0.2302148333928468,0.7698185873149774,-2.629469795270282,-0.965513161930348,-0.8818437276824141,-0.2864598009350417,1
121.050318,14.540867,-0.0674883900586391,0.7698185873149774,-2.629194086632828,-0.7459258660597599,-0.8250142671371031,-0.3027242105966384,1
121.0579993,14.52927064,-1.160742690136009,1.3701168939447712,-2.4822391779318638,-0.7182611038686195,1.6298419689906138,1.2735738171009374,1
121.044842,14.55070459,-0.7931603670895654,0.4966679005374316,-2.373223718525721,-1.3432489618709038,-0.1512573772590051,1.3855811772956308,1
121.050318,14.540867,-0.8239464509636046,0.7698185873149774,-2.6294409519051327,-0.942540952516194,-0.8758984918099816,-0.2881613084073319,1
121.050318,14.540867,-1.1801854215060594,0.7698185873149774,-2.679415658597584,-0.0910338189980352,-0.5349735649761902,-0.1266409593260066,1
121.0456818,14.5469433,-0.7579762712335204,0.4926554183852182,-2.4806287236864075,0.3101917460912766,0.1156281885099203,1.4665620660102283,1
121.050318,14.540867,-0.3181750730329591,0.7698185873149774,-2.6292789200597366,-0.8134911878660945,-0.8425002549971988,-0.2977197768546087,1
121.050318,14.540867,-0.7579762712335204,0.7698185873149774,-2.6760205629062224,0.5389298898415811,-0.3083775077056324,-0.0540527055200695,1
121.050318,14.540867,-0.933896750513745,0.7698185873149774,-2.6760267133296733,0.5340314040106219,-0.3096452418254893,-0.0536898840737724,1
121.050318,14.540867,-0.5820557919532959,0.7698185873149774,-2.6759925678753427,0.5612264460376715,-0.3026071317118008,-0.0557041686549393,1
121.050318,14.540867,-0.2302148333928468,0.7698185873149774,-2.629384961843373,-0.897947840124013,-0.8643577398223184,-0.2914642346770715,1
121.050318,14.540867,1.0012285215687249,0.7698185873149774,-2.6757168592378884,0.7808137419082591,-0.2457776711664896,-0.0719685783165362,1
121.050318,14.540867,-0.6594608028365947,0.7698185873149774,-2.6760205629062224,0.5389298898415811,-0.3083775077056324,-0.0540527055200695,1
121.050318,14.540867,-0.4100935234568764,0.7698185873149774,-2.6294485869135547,-0.948621831478764,-0.8774722307173902,-0.2877109093705492,1
121.050318,14.540867,-0.2917870011409256,0.7698185873149774,-2.629300128416464,-0.8303825183176782,-0.8468717519622229,-0.2964686684191012,1
121.0579993,14.52927064,-1.1537973496140257,1.3701168939447712,-2.482302803002045,-0.7689350952233706,1.6167274780955418,1.2773271424074597,1
121.050318,14.540867,0.0336658855274902,0.7698185873149774,-2.629194086632828,-0.7459258660597599,-0.8250142671371031,-0.3027242105966384,1
121.065172,14.531149,-1.1186132537579807,1.8549839220253697,-2.4530118580540936,-1.2181810583057435,2.237050715805909,2.771335865196608,1
121.0553,14.53712,-0.5292796481692286,1.122106438111597,-2.8904646190823238,-1.176826711497141,-0.1210667431554486,-0.5369724536399063,1
121.050318,14.540867,-0.0718864020406447,0.7698185873149774,-2.629491003627009,-0.9824044923819316,-0.8862152246474381,-0.2852086924995343,1
121.050318,14.540867,-0.5433532865116465,0.7698185873149774,-2.6294379827351912,-0.9401761662529724,-0.8752864822348783,-0.2883364635883029,1
121.04559,14.53627,-0.5642878235459933,0.4354520388498962,-2.49972261184767,-1.4667639101756742,0.382084288569766,1.2107921302048892,1
121.050318,14.540867,-0.7579762712335204,0.7698185873149774,-2.629491003627009,-0.9824044923819316,-0.8862152246474381,-0.2852086924995343,1
121.050318,14.540867,-0.5820557919532959,0.7698185873149774,-2.675738067594616,0.7639224114566754,-0.2501491681315135,-0.0707174698810287,1
121.0553,14.53712,-0.705200127449453,1.122106438111597,-2.8904752232606867,-1.1852723767229325,-0.1232524916379606,-0.5363468994221525,1
121.050318,14.540867,0.1814390881228785,0.7698185873149774,-2.629236503346282,-0.7797085269629273,-0.833757261067151,-0.3002219937256236,1
121.050318,14.540867,0.1650784835498177,0.7698185873149774,-2.6293425451299184,-0.8641651792208455,-0.8556147458922706,-0.2939664515480864,1
121.065172,14.531149,-1.232961565290127,1.8549839220253697,-2.4530118580540936,-1.2181810583057435,2.237050715805909,2.771335865196608,1
121.050318,14.540867,0.21389641655008,0.7698185873149774,-2.629374357665009,-0.8895021748982209,-0.8621719913398065,-0.2920897888948253,1
121.050318,14.540867,-0.4061353126730714,0.7698185873149774,-2.629321336773191,-0.8472738487692618,-0.8512432489272468,-0.2952175599835939,1
121.050318,14.540867,-0.8459365108736328,0.7698185873149774,-2.6294485869135547,-0.948621831478764,-0.8774722307173902,-0.2877109093705492,1
121.050318,14.540867,-0.7139961514134645,0.7698185873149774,-2.6294485869135547,-0.948621831478764,-0.8774722307173902,-0.2877109093705492,1
121.050318,14.540867,0.1216261251676022,0.7698185873149774,-2.629194086632828,-0.7459258660597599,-0.8250142671371031,-0.3027242105966384,1
121.050318,14.540867,0.8253080422885003,0.7698185873149774,-2.629215294989555,-0.7628171965113436,-0.829385764102127,-0.3014731021611311,1
121.050318,14.540867,-0.4501154324931275,0.7698185873149774,-2.629308611759155,-0.8371390504983115,-0.8486203507482324,-0.2959682250448983,1
121.050318,14.540867,0.8253080422885003,0.7698185873149774,-2.629194086632828,-0.7459258660597599,-0.8250142671371031,-0.3027242105966384,1
121.050318,14.540867,-0.2653989292488917,0.7698185873149774,-2.629194086632828,-0.7459258660597599,-0.8250142671371031,-0.3027242105966384,1
121.050318,14.540867,-0.2302148333928468,0.7698185873149774,-2.629194086632828,-0.7459258660597599,-0.8250142671371031,-0.3027242105966384,1
121.050318,14.540867,-0.2344681507806444,0.7698185873149774,-2.6294061702001,-0.9148391705755966,-0.8687292367873424,-0.290213126241564,1
121.04376717048,14.553146529239,-0.7139961514134645,0.4765814561429108,-2.100543591298535,-1.420213159082565,0.3767133442423273,1.5782751627131448,1
121.050318,14.540867,0.0336658855274902,0.7698185873149774,-2.629236503346282,-0.7797085269629273,-0.833757261067151,-0.3002219937256236,1
121.050318,14.540867,-0.4940955523131836,0.7698185873149774,-2.6758229010215246,0.6963570896503408,-0.2676351559916093,-0.065713036138999,1
121.050318,14.540867,0.1288388648180914,0.7698185873149774,-2.629374357665009,-0.8895021748982209,-0.8621719913398065,-0.2920897888948253,1
121.04993,14.54805,0.8253080422885003,0.8042660444786396,-1.743547918164965,-0.8246383243543741,-0.9855362629233532,1.5428411558387498,1
121.065172,14.531149,-0.8887027793866553,1.8549839220253697,-2.4530118580540936,-1.2181810583057435,2.237050715805909,2.771335865196608,1
121.050318,14.540867,-0.1862347135727908,0.7698185873149774,-2.629491003627009,-0.9824044923819316,-0.8862152246474381,-0.2852086924995343,1
121.050318,14.540867,-0.1422545937527345,0.7698185873149774,-2.629215294989555,-0.7628171965113436,-0.829385764102127,-0.3014731021611311,1
121.0579993,14.52927064,-1.1098172297939697,1.3701168939447712,-2.4823558238938634,-0.8111634213523297,1.605798735682982,1.2804549134962284,1
121.044842,14.55070459,-0.8019563910535766,0.4966679005374316,-2.3732131143473576,-1.334803296645112,-0.1490716287764932,1.384955623077877,1
121.050318,14.540867,-0.4765035043851612,0.7698185873149774,-2.6757168592378884,0.7808137419082591,-0.2457776711664896,-0.0719685783165362,1
121.04608,14.5439,-0.4501154324931275,0.487256402827578,-2.8913823945354653,-1.0013340851421575,-0.4367806323819543,-0.4743417339995861,1
121.0553,14.53712,0.0336658855274902,1.122106438111597,-2.890252535515051,-1.007913406981304,-0.0773517735052092,-0.5494835379949807,1
121.065172,14.531149,-1.2593496371821604,1.8549839220253697,-2.4529906496973664,-1.20128972785416,2.2414222127709333,2.7700847567611,1
121.050318,14.540867,0.4721476801334496,0.7698185873149774,-2.629194086632828,-0.7459258660597599,-0.8250142671371031,-0.3027242105966384,1
121.050318,14.540867,-0.5380756721332399,0.7698185873149774,-2.629506697810988,-0.9949040769161036,-0.8894501324015558,-0.2842828722572588,1
121.065172,14.531149,-0.8007425397465431,1.8549839220253697,-2.4529906496973664,-1.20128972785416,2.2414222127709333,2.7700847567611,1
121.04430096448,14.553447649599,-0.5820557919532959,0.5109144940037114,-2.05354408024804,-1.5594138245138869,0.4416883876383743,1.6168841053790095,1
121.050318,14.540867,-0.6876080795214307,0.7698185873149774,-2.6293425451299184,-0.8641651792208455,-0.8556147458922706,-0.2939664515480864,1
121.050318,14.540867,-0.7579762712335204,0.7698185873149774,-2.6258770376942224,-0.1781222532819716,-0.6145053186978333,-0.2255318777480339,1
121.050318,14.540867,-0.2302148333928468,0.7698185873149774,-2.6758229010215246,0.6963570896503408,-0.2676351559916093,-0.065713036138999,1
121.050318,14.540867,-0.5996478398813183,0.7698185873149774,-2.675738067594616,0.7639224114566754,-0.2501491681315135,-0.0707174698810287,1
121.050318,14.540867,-0.0103142342925661,0.7698185873149774,-2.6328292609223416,-1.5670994356113035,-1.1010956700517318,-0.3611499169126313,1
121.050318,14.540867,0.1216261251676022,0.7698185873149774,-2.629236503346282,-0.7797085269629273,-0.833757261067151,-0.3002219937256236,1
121.0553,14.53712,-0.1862347135727908,1.122106438111597,-2.890252535515051,-1.007913406981304,-0.0773517735052092,-0.5494835379949807,1
121.065172,14.531149,-1.0658371099739137,1.8549839220253697,-2.452863399557003,-1.0999417451446585,2.267651194561077,2.762578106148056,1
121.050318,14.540867,-0.2302148333928468,0.7698185873149774,-2.675813781428132,0.7036203617445217,-0.265755412296649,-0.0662510127662671,1
121.050318,14.540867,-0.9426927744777562,0.7698185873149774,-2.679415658597584,-0.0910338189980352,-0.5349735649761902,-0.1266409593260066,1
121.050318,14.540867,-0.2038267615008131,0.7698185873149774,-2.67227256015892,1.449965337395549,-0.0090397409370761,-0.0022828960809764,1
121.050318,14.540867,-0.0542943541126223,0.7698185873149774,-2.632680802425251,-1.448860122450218,-1.0704951912965643,-0.3699076759611834,1
121.050318,14.540867,-0.1551027700364865,0.7698185873149774,-2.629215294989555,-0.7628171965113436,-0.829385764102127,-0.3014731021611311,1
121.065172,14.531149,-1.2241655413261154,1.8549839220253697,-2.4529058162704573,-1.1337244060478255,2.258908200631029,2.7650803230190704,1
121.065172,14.531149,-1.1450013256500144,1.8549839220253697,-2.453054274767548,-1.2519637192089113,2.2283077218758613,2.7738380820676225,1
121.065172,14.531149,-1.1537973496140257,1.8549839220253697,-2.452863399557003,-1.0999417451446585,2.267651194561077,2.762578106148056,1
121.050318,14.540867,-0.3621551928530154,0.7698185873149774,-2.6292789200597366,-0.8134911878660945,-0.8425002549971988,-0.2977197768546087,1
121.050318,14.540867,-0.8459365108736328,0.7698185873149774,-2.629491003627009,-0.9824044923819316,-0.8862152246474381,-0.2852086924995343,1
121.050318,14.540867,0.7761382683296776,0.7698185873149774,-2.6757168592378884,0.7808137419082591,-0.2457776711664896,-0.0719685783165362,1
121.0526,14.55454,-0.3181750730329591,1.10460018864455,-0.771432172093119,-1.2467961737303892,0.3595530970928661,2.293245208172193,1
121.050318,14.540867,-0.5996478398813183,0.7698185873149774,-2.675759275951343,0.7470310810050917,-0.2545206650965375,-0.0694663614455212,1
121.0513825,14.54674108,-0.626035911773352,0.8891184378131621,-1.7153398268086673,-0.9821901118924428,-0.8579710706725032,1.5539006502211088,1
121.050318,14.540867,-0.0992420365687196,0.7698185873149774,-2.7257920935412265,1.5522559690859108,0.0744263600530882,0.0954820247490941,1
121.05246091461,14.546780431131,-0.274194953212903,0.9652205203057744,-1.7472284575821218,-0.9966441043637132,-0.8106678090901008,1.527894119566203,1
121.050318,14.540867,-0.7579762712335204,0.7698185873149774,-2.6294803994486458,-0.9739588271561398,-0.8840294761649261,-0.2858342467172881,1
121.050318,14.540867,0.3039233699807763,0.7698185873149774,-2.629384961843373,-0.897947840124013,-0.8643577398223184,-0.2914642346770715,1
121.065172,14.531149,-1.127409277721992,1.8549839220253697,-2.4530118580540936,-1.2181810583057435,2.237050715805909,2.771335865196608,1
121.0553,14.53712,-1.0218569901538572,1.122106438111597,-2.8904858274390506,-1.1937180419487243,-0.1254382401204725,-0.5357213452043987,1
121.050318,14.540867,-0.4061353126730714,0.7698185873149774,-2.6294061702001,-0.9148391705755966,-0.8687292367873424,-0.290213126241564,1
121.0513825,14.54674108,-0.5996478398813183,0.8891184378131621,-1.7153398268086673,-0.9821901118924428,-0.8579710706725032,1.5539006502211088,1
121.050318,14.540867,-0.9602848224057786,0.7698185873149774,-2.632892885992524,-1.6177734269660546,-1.1142101609468036,-0.357396591606109,1
121.050318,14.540867,-0.626035911773352,0.7698185873149774,-2.629491003627009,-0.9824044923819316,-0.8862152246474381,-0.2852086924995343,1
121.050318,14.540867,-0.5996478398813183,0.7698185873149774,-2.679182366673584,0.0947708159693851,-0.486887098360927,-0.1404031521165885,1
121.050318,14.540867,-0.6269155141697532,0.7698185873149774,-2.629491003627009,-0.9824044923819316,-0.8862152246474381,-0.2852086924995343,1
121.065172,14.531149,-0.7579762712335204,1.8549839220253697,-2.4529058162704573,-1.1337244060478255,2.258908200631029,2.7650803230190704,1
121.0553,14.53712,0.0160738375994674,1.122106438111597,-2.8902101188015963,-0.9741307460781368,-0.0686087795751614,-0.5519857548659954,1
121.050318,14.540867,-0.2302148333928468,0.7698185873149774,-2.675844109378252,0.6794657591987572,-0.2720066529566332,-0.0644619277034915,1
121.050318,14.540867,-0.7558159677479593,0.7698185873149774,-2.632872525970065,-1.6015577497325344,-1.1100135238603803,-0.3585976557041962,1
121.050318,14.540867,-1.027908918521816,0.7698185873149774,-2.6329444222993703,-1.658819359963403,-1.1248328985718117,-0.3543563981078259,1
121.050318,14.540867,-0.8394434619038789,0.7698185873149774,-2.632943361881534,-1.6579747934408238,-1.1246143237235606,-0.3544189535296013,1
121.050318,14.540867,-0.8403182264870999,0.7698185873149774,-2.6329444222993703,-1.658819359963403,-1.1248328985718117,-0.3543563981078259,1
121.050318,14.540867,-1.0272399808993529,0.7698185873149774,-2.632943361881534,-1.6579747934408238,-1.1246143237235606,-0.3544189535296013,1
121.050318,14.540867,-0.933341721401616,0.7698185873149774,-2.632943361881534,-1.6579747934408238,-1.1246143237235606,-0.3544189535296013,1
121.050318,14.540867,-0.7939762862724671,0.7698185873149774,-2.632945058550072,-1.6593260998769506,-1.1249640434807624,-0.3543188648547607,1
121.050318,14.540867,-0.849065872319309,0.7698185873149774,-2.632955026477734,-1.6672650251891947,-1.1270186470543238,-0.3537308438900722,1
121.050318,14.540867,-0.845216908153137,0.7698185873149774,-2.632950360639254,-1.6635489324898465,-1.1260569177220183,-0.3540060877458838,1
121.050318,14.540867,-0.7941615305371491,0.7698185873149774,-2.63294527063364,-1.6594950131814663,-1.1250077584504128,-0.3543063537704056,1
121.050318,14.540867,-1.031654969207609,0.7698185873149774,-2.632950360639254,-1.6635489324898465,-1.1260569177220183,-0.3540060877458838,1
121.050318,14.540867,-0.9347310533867316,0.7698185873149774,-2.63294527063364,-1.6594950131814663,-1.1250077584504128,-0.3543063537704056,1
121.065172,14.531149,-1.2364799748757311,1.8549839220253697,-2.3563311385544585,-3.4504867046902383,1.3546589267793108,2.368250306952396,1
121.050318,14.540867,-0.7139961514134645,0.7698185873149774,-2.625834620980768,-0.1443395923788043,-0.6057623247677854,-0.2280340946190489,1
121.050318,14.540867,-1.0311198191096385,0.7698185873149774,-2.632949512304985,-1.662873279271783,-1.1258820578434174,-0.3540561320833041,1
121.050318,14.540867,-0.984469138453869,0.7698185873149774,-2.632949512304985,-1.662873279271783,-1.1258820578434174,-0.3540561320833041,1
121.050318,14.540867,-0.817589740365293,0.7698185873149774,-2.63294527063364,-1.6594950131814663,-1.1250077584504128,-0.3543063537704056,1
121.050318,14.540867,-0.8394434619038789,0.7698185873149774,-2.582976290197505,-2.515562805921552,-1.4671129894647608,-0.5154889035741439,1
121.050318,14.540867,-0.8817820677317713,0.7698185873149774,-2.632872525970065,-1.6015577497325344,-1.1100135238603803,-0.3585976557041962,1
121.050318,14.540867,-0.3181750730329591,0.7698185873149774,-2.6291962074685005,-0.7476149991049184,-0.8254514168336056,-0.3025990997530877,1
121.050318,14.540867,-0.7667722951975317,0.7698185873149774,-2.67601377623207,0.5443351155860878,-0.3069786286768247,-0.0544530602194319,1
121.050318,14.540867,-0.3093790490689478,0.7698185873149774,-2.629215294989555,-0.7628171965113436,-0.829385764102127,-0.3014731021611311,1
121.050318,14.540867,-0.6876080795214307,0.7698185873149774,-2.62932218510746,-0.8479495019873252,-0.8514181088058477,-0.2951675156461736,1
121.050318,14.540867,-0.4765035043851612,0.7698185873149774,-2.626060914147048,-0.324570088297202,-0.6524061973845907,-0.2146847676121844,1
121.050318,14.540867,-0.8298210514884489,0.7698185873149774,-2.632931697285334,-1.6486845616924528,-1.1222100003927973,-0.3551070631691304,1
121.065172,14.531149,-1.0658371099739137,1.8549839220253697,-2.4529270246271846,-1.1506157364994092,2.254536703666005,2.766331431454578,1
121.050318,14.540867,0.5878153952601972,0.7698185873149774,-2.6327444274954326,-1.4995341138049691,-1.083609682191636,-0.366154350654661,1
121.065172,14.531149,-1.0218569901538572,1.8549839220253697,-2.4529800455190025,-1.1928440626283685,2.243607961253445,2.7694592025433464,1
121.050318,14.540867,-0.3181750730329591,0.7698185873149774,-2.6757168592378884,0.7808137419082591,-0.2457776711664896,-0.0719685783165362,1
121.050318,14.540867,-0.8899166306936889,0.7698185873149774,-2.679458075311038,-0.1248164799012025,-0.5437165589062382,-0.1241387424549918,1
121.050318,14.540867,-0.4061353126730714,0.7698185873149774,-2.6758368985369643,0.6852088115522956,-0.2705203439885251,-0.064887304571564,1
121.050318,14.540867,-1.0198816670522592,0.7698185873149774,-2.632931697285334,-1.6486845616924528,-1.1222100003927973,-0.3551070631691304,1
121.050318,14.540867,-0.7941615305371491,0.7698185873149774,-2.632949512304985,-1.662873279271783,-1.1258820578434174,-0.3540561320833041,1
121.050318,14.540867,-0.932168507725296,0.7698185873149774,-2.632872525970065,-1.6015577497325344,-1.1100135238603803,-0.3585976557041962,1
121.050318,14.540867,-0.8019563910535766,0.7698185873149774,-2.629491003627009,-0.9824044923819316,-0.8862152246474381,-0.2852086924995343,1
121.050318,14.540867,-0.0542943541126223,0.7698185873149774,-2.629384961843373,-0.897947840124013,-0.8643577398223184,-0.2914642346770715,1
121.050318,14.540867,-0.8159688970294446,0.7698185873149774,-2.632943361881534,-1.6579747934408238,-1.1246143237235606,-0.3544189535296013,1
121.050318,14.540867,-0.8378688856540812,0.7698185873149774,-2.632941453129429,-1.6564545737001812,-1.1242208889967085,-0.3545315532887969,1
121.050318,14.540867,-0.1862347135727908,0.7698185873149774,-2.6758016926647974,0.7132484201019245,-0.2632636590265854,-0.0669641445745064,1
121.050318,14.540867,0.0336658855274902,0.7698185873149774,-2.675759275951343,0.7470310810050917,-0.2545206650965375,-0.0694663614455212,1
121.050318,14.540867,-0.0982744739326784,0.7698185873149774,-2.6292789200597366,-0.8134911878660945,-0.8425002549971988,-0.2977197768546087,1
121.065172,14.531149,-1.1801854215060594,1.8549839220253697,-2.4528209828435483,-1.066159084241491,2.2763941884911247,2.7600758892770405,1
121.0553,14.53712,-0.3093790490689478,1.122106438111597,-2.8902313271583235,-0.9910220765297204,-0.0729802765401853,-0.5507346464304881,1
121.050318,14.540867,-0.0630903780766335,0.7698185873149774,-2.629300128416464,-0.8303825183176782,-0.8468717519622229,-0.2964686684191012,1
121.0553,14.53712,-0.274194953212903,1.122106438111597,-2.8904858274390506,-1.1937180419487243,-0.1254382401204725,-0.5357213452043987,1
121.050318,14.540867,-0.3181750730329591,0.7698185873149774,-2.629194086632828,-0.7459258660597599,-0.8250142671371031,-0.3027242105966384,1
121.050318,14.540867,-0.1330996920109917,0.7698185873149774,-2.672300131022665,1.4280066078084903,-0.0147226869916073,-0.0006564551148167,1
121.050318,14.540867,0.1216261251676022,0.7698185873149774,-2.6758016926647974,0.7132484201019245,-0.2632636590265854,-0.0669641445745064,1
121.050318,14.540867,-0.4940955523131836,0.7698185873149774,-2.6758016926647974,0.7132484201019245,-0.2632636590265854,-0.0669641445745064,1
121.050318,14.540867,-0.0542943541126223,0.7698185873149774,-2.629374357665009,-0.8895021748982209,-0.8621719913398065,-0.2920897888948253,1
121.050318,14.540867,-0.5820557919532959,0.7698185873149774,-2.6294485869135547,-0.948621831478764,-0.8774722307173902,-0.2877109093705492,1
121.050318,14.540867,0.4734670837280513,0.7698185873149774,-2.6292577117030094,-0.7965998574145109,-0.838128758032175,-0.2989708852901162,1
121.0553,14.53712,-0.2126227854648243,1.122106438111597,-2.886808236436082,-0.3387618114940133,0.159386156724204,-0.4797978557594209,1
121.0525,14.5539,-0.2344681507806444,1.084124247162774,-0.6771240942566293,-0.833260433300283,0.3384652877659901,2.334339836044153,1
121.050318,14.540867,-0.4940955523131836,0.7698185873149774,-2.6294994869697,-0.9891610245625648,-0.8879638234334476,-0.2847082491253313,1
121.05009030685,14.548475825405,-1.6340602580490386,0.8214831967957203,-1.650195301363227,-2.6257092413663843,-1.534769791218111,1.360703333708572,1
121.050318,14.540867,-0.5380756721332399,0.7698185873149774,-2.629300128416464,-0.8303825183176782,-0.8468717519622229,-0.2964686684191012,1
121.050318,14.540867,-0.0718864020406447,0.7698185873149774,-2.6757168592378884,0.7808137419082591,-0.2457776711664896,-0.0719685783165362,1
121.050318,14.540867,-0.6146010806201374,0.7698185873149774,-2.6294409519051327,-0.942540952516194,-0.8758984918099816,-0.2881613084073319,1
121.065172,14.531149,-1.0218569901538572,1.8549839220253697,-2.4527573577733666,-1.01548509288674,2.2895086793861963,2.7563225639705182,1
121.050318,14.540867,-0.5336776601512342,0.7698185873149774,-2.6294409519051327,-0.942540952516194,-0.8758984918099816,-0.2881613084073319,1
121.050318,14.540867,-0.3181750730329591,0.7698185873149774,-2.625834620980768,-0.1443395923788043,-0.6057623247677854,-0.2280340946190489,1
121.050318,14.540867,-0.3973392887090603,0.7698185873149774,-2.6259438440179133,-0.2313299442044601,-0.6282755341376587,-0.2215908861761856,1
121.0579993,14.52927064,-1.285737709074194,1.3701168939447712,-2.4824618656775,-0.895620073610248,1.5839412508578623,1.2867104556737656,1
121.0579993,14.52927064,-0.9954689182618236,1.3701168939447712,-2.482398240607318,-0.844946082255497,1.5970557417529343,1.2829571303672431,1
121.050318,14.540867,-0.159846641680757,0.7698185873149774,-2.629194086632828,-0.7459258660597599,-0.8250142671371031,-0.3027242105966384,1
121.0579993,14.52927064,-1.092225181865947,1.3701168939447712,-2.482398240607318,-0.844946082255497,1.5970557417529343,1.2829571303672431,1
121.050318,14.540867,-0.0542943541126223,0.7698185873149774,-2.629491003627009,-0.9824044923819316,-0.8862152246474381,-0.2852086924995343,1
121.065172,14.531149,-1.1318072897039977,1.8549839220253697,-2.4030659947267914,-2.092660401238056,1.8901805530996856,2.611517023587573,1
121.050318,14.540867,-0.5820557919532959,0.7698185873149774,-2.629194086632828,-0.7459258660597599,-0.8250142671371031,-0.3027242105966384,1
121.050318,14.540867,0.5139287939625029,0.7698185873149774,-2.6757168592378884,0.7808137419082591,-0.2457776711664896,-0.0719685783165362,1
121.065172,14.531149,-1.0394490380818795,1.8549839220253697,-2.452948232983912,-1.1675070669509928,2.250165206700981,2.767582539890085,1
121.0436,14.55206,-0.5380756721332399,0.4403887097429553,-2.194680467718253,-1.2516054761552151,0.2183485271775777,1.5091894822122136,1
121.050318,14.540867,-0.933896750513745,0.7698185873149774,-2.6294280148075293,-0.9322372409407276,-0.873231878661317,-0.2889244845529913,1
121.0553,14.53712,-0.933896750513745,1.122106438111597,-2.8904858274390506,-1.1937180419487243,-0.1254382401204725,-0.5357213452043987,1
121.050318,14.540867,-0.4940955523131836,0.7698185873149774,-2.675844109378252,0.6794657591987572,-0.2720066529566332,-0.0644619277034915,1
121.050318,14.540867,-0.1422545937527345,0.7698185873149774,-2.625770995910586,-0.0936656010240533,-0.5926478338727136,-0.2317874199255712,1
121.0446856,14.55127412,-0.8459365108736328,0.4973897353561838,-2.262743378305521,-0.3612805795782998,0.4590926757312745,1.6512430421205424,1
121.065172,14.531149,-1.1098172297939697,1.8549839220253697,-2.4529270246271846,-1.1506157364994092,2.254536703666005,2.766331431454578,1
121.050318,14.540867,-0.5996478398813183,0.7698185873149774,-2.6294803994486458,-0.9739588271561398,-0.8840294761649261,-0.2858342467172881,1
121.050318,14.540867,-0.6700160315934082,0.7698185873149774,-2.6258778860284915,-0.1787979065000349,-0.6146801785764342,-0.2254818334106136,1
121.0494178,14.5330947,-0.933896750513745,0.7266682596102879,-2.3569617708715387,-1.4865916111610586,0.3248212835612131,1.3217906768756875,1
121.050318,14.540867,-0.0630903780766335,0.7698185873149774,-2.6758036014169027,0.7117282003612818,-0.2636570937534375,-0.0668515448153107,1
121.050318,14.540867,-0.1422545937527345,0.7698185873149774,-2.629194086632828,-0.7459258660597599,-0.8250142671371031,-0.3027242105966384,1
121.050318,14.540867,-0.3181750730329591,0.7698185873149774,-2.629215294989555,-0.7628171965113436,-0.829385764102127,-0.3014731021611311,1
121.050318,14.540867,-0.6700160315934082,0.7698185873149774,-2.629491003627009,-0.9824044923819312,-0.8862152246474382,-0.2852086924995345,1
121.065172,14.531149,-1.3297178288942502,1.8549839220253697,-2.4529800455190025,-1.1928440626283685,2.243607961253445,2.7694592025433464,1
121.050318,14.540867,-0.0542943541126223,0.7698185873149774,-2.629300128416464,-0.8303825183176782,-0.8468717519622229,-0.2964686684191012,1
121.050318,14.540867,-0.8459365108736328,0.7698185873149774,-2.6294803994486458,-0.9739588271561398,-0.8840294761649261,-0.2858342467172881,1
121.065172,14.531149,-0.8019563910535766,1.8549839220253697,-2.4530118580540936,-1.2181810583057435,2.237050715805909,2.771335865196608,1
121.042606,14.5509795,-0.7579762712335204,0.3496235071538406,-2.3137059312249284,-1.4445324456569253,0.11739245275938,1.4072330477903123,1
121.0553,14.53712,-0.0542943541126223,1.122106438111597,-2.890316160585233,-1.058587398336055,-0.0904662644002811,-0.5457302126884584,1
121.050318,14.540867,-0.6876080795214307,0.7698185873149774,-2.6258778860284915,-0.1787979065000349,-0.6146801785764342,-0.2254818334106136,1
121.050318,14.540867,-0.5996478398813183,0.7698185873149774,-2.675844109378252,0.6794657591987572,-0.2720066529566332,-0.0644619277034915,1
121.0553,14.53712,-0.1422545937527345,1.122106438111597,-2.890273743871778,-1.0248047374328877,-0.0817232704702333,-0.5482324295594732,1
121.050318,14.540867,-0.5380756721332399,0.7698185873149774,-2.6292046908111915,-0.7543715312855518,-0.8272000156196151,-0.3020986563788848,1
121.050318,14.540867,-0.4501154324931275,0.7698185873149774,-2.67578048430807,0.7301397505535081,-0.2588921620615614,-0.0682152530100138,1
121.0453,14.48759,-1.0658371099739137,0.9563834232121864,-2.60907400516236,-1.4892274897823423,0.7592182370113306,-0.3686759260530768,1
121.050318,14.540867,-0.159846641680757,0.7698185873149774,-2.6258770376942224,-0.1781222532819716,-0.6145053186978333,-0.2255318777480339,1
121.04942,14.53774,-0.2126227854648243,0.7033043150366014,-2.5048479967285626,-1.1353325361249214,-0.164770160271541,1.2557666122679043,1
121.0494184,14.53260223,-0.6330727309445611,0.731122617132766,-2.297226830753612,-2.100223107831456,0.177930382248411,1.289829898999313,1
121.0553,14.53712,-0.2302148333928468,1.122106438111597,-2.8902949522285053,-1.041696067884471,-0.0860947674352571,-0.5469813211239658,1
121.050318,14.540867,-0.0542943541126223,0.7698185873149774,-2.6292577117030094,-0.7965998574145109,-0.838128758032175,-0.2989708852901162,1
121.0553,14.53712,0.077646005347546,1.122106438111597,-2.8902101188015963,-0.9741307460781368,-0.0686087795751614,-0.5519857548659954,1
121.050318,14.540867,-0.7073991334404559,0.7698185873149774,-2.632664896157705,-1.4361916246115305,-1.0672165685727963,-0.370846007287814,1
121.065172,14.531149,-1.2338411676865275,1.8549839220253697,-2.406489085449033,-2.744920666273762,1.657814119835296,2.540580232916505,1
121.050318,14.540867,-0.0367023061845998,0.7698185873149774,-2.629374357665009,-0.8895021748982209,-0.8621719913398065,-0.2920897888948253,1
121.050318,14.540867,-0.0630903780766335,0.7698185873149774,-2.625749787553859,-0.0767742705724697,-0.5882763369076897,-0.2330385283610786,1
121.050318,14.540867,-0.5380756721332399,0.7698185873149774,-2.6294311960610384,-0.9347709405084654,-0.8738876032060706,-0.2887368182876653,1
121.050318,14.540867,0.1040340772395801,0.7698185873149774,-2.6292789200597366,-0.8134911878660945,-0.8425002549971988,-0.2977197768546087,1
121.0553,14.53712,-0.5820557919532959,1.122106438111597,-2.890511277467123,-1.2139876384906247,-0.1306840364785012,-0.53422001508179,1
121.050318,14.540867,-0.2478068813208693,0.7698185873149774,-2.6758229010215246,0.6963570896503408,-0.2676351559916093,-0.065713036138999,1
121.050318,14.540867,-0.0384615109774021,0.7698185873149774,-2.629194086632828,-0.7459258660597599,-0.8250142671371031,-0.3027242105966384,1
121.050318,14.540867,-0.6700160315934082,0.7698185873149774,-2.629501607805373,-0.9908501576077234,-0.88840097312995,-0.2845831382817806,1
121.050318,14.540867,-0.8899166306936889,0.7698185873149774,-2.6294485869135547,-0.948621831478764,-0.8774722307173902,-0.2877109093705492,1
121.050318,14.540867,-0.2302148333928468,0.7698185873149774,-2.675727463416252,0.7723680766824672,-0.2479634196490016,-0.0713430240987825,1
121.0553,14.53712,-0.0542943541126223,1.122106438111597,-2.890252535515051,-1.007913406981304,-0.0773517735052092,-0.5494835379949807,1
121.050318,14.540867,-1.1186132537579807,0.7698185873149774,-2.6759713595186154,0.5781177764892551,-0.2982356347467769,-0.0569552770904468,1
121.050318,14.540867,-0.3621551928530154,0.7698185873149774,-2.679267200100493,0.0272054941630504,-0.5043730862210227,-0.1353987183745587,1
121.050318,14.540867,-0.6348319357373633,0.7698185873149774,-2.629491003627009,-0.9824044923819316,-0.8862152246474381,-0.2852086924995343,1
121.050318,14.540867,0.5614273233681636,0.7698185873149774,-2.629374357665009,-0.8895021748982209,-0.8621719913398065,-0.2920897888948253,1
121.050318,14.540867,-0.6796916579538206,0.7698185873149774,-2.6294485869135547,-0.948621831478764,-0.8774722307173902,-0.2877109093705492,1
121.050318,14.540867,-0.0542943541126223,0.7698185873149774,-2.725732498058823,1.599720607654861,0.0867102665248054,0.0919664100453181,1
121.050318,14.540867,-0.274194953212903,0.7698185873149774,-2.629491003627009,-0.9824044923819316,-0.8862152246474381,-0.2852086924995343,1
121.065172,14.531149,-1.279580492299386,1.8549839220253697,-2.406531502162488,-2.778703327176929,1.6490711259052482,2.54308244978752,1
121.050318,14.540867,-0.274194953212903,0.7698185873149774,-2.629194086632828,-0.7459258660597599,-0.8250142671371031,-0.3027242105966384,1
121.0553,14.53712,-0.8019563910535766,1.122106438111597,-2.8904646190823238,-1.176826711497141,-0.1210667431554486,-0.5369724536399063,1
121.065172,14.531149,-1.0218569901538572,1.8549839220253697,-2.4493872879429435,-0.4054531539799922,2.510946370238026,2.830387125730354,1
121.050318,14.540867,-0.5908518159173072,0.7698185873149774,-2.675844109378252,0.6794657591987572,-0.2720066529566332,-0.0644619277034915,1
121.050318,14.540867,-0.4061353126730714,0.7698185873149774,-2.6292789200597366,-0.8134911878660945,-0.8425002549971988,-0.2977197768546087,1
121.0553,14.53712,-0.2344681507806444,1.122106438111597,-2.890422202368869,-1.1430440505939734,-0.1123237492254008,-0.5394746705109212,1
121.0553,14.53712,-0.3181750730329591,1.122106438111597,-2.886956694933173,-0.4570011246550989,0.1287856779690364,-0.4710400967108687,1
121.050318,14.540867,-0.0103142342925661,0.7698185873149774,-2.675759275951343,0.7470310810050917,-0.2545206650965375,-0.0694663614455212,1
121.050318,14.540867,-0.1185053290499042,0.7698185873149774,-2.629491003627009,-0.9824044923819316,-0.8862152246474381,-0.2852086924995343,1
121.050318,14.540867,-0.5820557919532959,0.7698185873149774,-2.6294409519051327,-0.942540952516194,-0.8758984918099816,-0.2881613084073319,1
121.050318,14.540867,-0.2302148333928468,0.7698185873149774,-2.6292895242381005,-0.8219368530918864,-0.8446860034797109,-0.297094222636855,1
121.0521,14.52655,-0.7579762712335204,0.9993545043798296,-2.479660126497672,-0.235328158196932,1.9959525895421424,1.3447353086732647,1
121.065172,14.531149,-1.413280056552357,1.8549839220253697,-2.452778566130094,-1.0323764233383237,2.2851371824211726,2.757573672406026,1
121.044261,14.54912748,-0.6876080795214307,0.4276068365647208,-2.445245376000861,-1.1690506981046078,0.1213656576069398,1.2724140490205564,1
121.050318,14.540867,-0.6700160315934082,0.7698185873149774,-2.6294485869135547,-0.948621831478764,-0.8774722307173902,-0.2877109093705492,1
121.050318,14.540867,-0.2363720501676547,0.7698185873149774,-2.629215294989555,-0.7628171965113436,-0.829385764102127,-0.3014731021611311,1
121.050318,14.540867,-0.6700160315934082,0.7698185873149774,-2.675738067594616,0.7639224114566754,-0.2501491681315135,-0.0707174698810287,1
121.050318,14.540867,-0.1862347135727908,0.7698185873149774,-2.6292789200597366,-0.8134911878660945,-0.8425002549971988,-0.2977197768546087,1
121.048118,14.5488356,-0.762374283215526,0.6897689894305497,-1.8097630160442035,-1.0416153900614729,-1.0753510967650757,1.501704933599528,1
121.050318,14.540867,0.0160738375994674,0.7698185873149774,-2.629194086632828,-0.7459258660597599,-0.8250142671371031,-0.3027242105966384,1
121.050318,14.540867,-0.239010857356858,0.7698185873149774,-2.629308611759155,-0.8371390504983115,-0.8486203507482324,-0.2959682250448983,1
121.050318,14.540867,-0.1422545937527345,0.7698185873149774,-2.675748671772979,0.7554767462308836,-0.2523349166140255,-0.070091915663275,1
121.0553,14.53712,-0.5996478398813183,1.122106438111597,-2.8904858274390506,-1.1937180419487243,-0.1254382401204725,-0.5357213452043987,1
121.050318,14.540867,-0.3621551928530154,0.7698185873149774,-2.629384961843373,-0.897947840124013,-0.8643577398223184,-0.2914642346770715,1
121.050318,14.540867,-0.2302148333928468,0.7698185873149774,-2.6757168592378884,0.7808137419082591,-0.2457776711664896,-0.0719685783165362,1
121.050318,14.540867,0.1216261251676022,0.7698185873149774,-2.6792459917437657,0.0440968246146341,-0.5000015892559988,-0.1366498268100662,1
121.0494184,14.53260223,-0.819548438981599,0.731122617132766,-2.340305304279704,0.0956680956238527,0.9939049084484376,1.590271213514975,1
121.050318,14.540867,-0.6700160315934082,0.7698185873149774,-2.629491003627009,-0.9824044923819316,-0.8862152246474381,-0.2852086924995343,1
121.050318,14.540867,0.4734670837280513,0.7698185873149774,-2.6758865260917064,0.6456830982955898,-0.2807496468866811,-0.0619597108324766,1
121.0553,14.53712,-1.1098172297939697,1.122106438111597,-2.8904858274390506,-1.1937180419487243,-0.1254382401204725,-0.5357213452043987,1
121.050318,14.540867,-0.8019563910535766,0.7698185873149774,-2.632892885992524,-1.6177734269660546,-1.1142101609468036,-0.357396591606109,1
121.050318,14.540867,-0.0754048116262492,0.7698185873149774,-2.629194086632828,-0.7459258660597599,-0.8250142671371031,-0.3027242105966384,1
121.050318,14.540867,-0.4501154324931275,0.7698185873149774,-2.625861131426677,-0.1654537554432839,-0.6112266959740653,-0.2264702090746646,1
121.0472989,14.54267563,-0.8019563910535766,0.5643610259821493,-2.782293207430707,-1.0463418020594322,-0.6330815747124957,-0.3252431890066057,1
121.050318,14.540867,-1.0394490380818795,0.7698185873149774,-2.679267200100493,0.0272054941630504,-0.5043730862210227,-0.1353987183745587,1
121.050318,14.540867,-0.5380756721332399,0.7698185873149774,-2.629321336773191,-0.8472738487692618,-0.8512432489272468,-0.2952175599835939,1
121.050318,14.540867,-0.3181750730329591,0.7698185873149774,-2.675759275951343,0.7470310810050917,-0.2545206650965375,-0.0694663614455212,1
121.0446856,14.55127412,-1.0394490380818795,0.4973897353561838,-2.213009598545492,-1.4046732270264493,0.0685075433748111,1.5039352848665817,1
121.050318,14.540867,-0.8459365108736328,0.7698185873149774,-2.679182366673584,0.0947708159693851,-0.486887098360927,-0.1404031521165885,1
121.050318,14.540867,-0.3621551928530154,0.7698185873149774,-2.67928840845722,0.0103141637114668,-0.5087445831860467,-0.1341476099390513,1
121.050318,14.540867,-0.3269710969969705,0.7698185873149774,-2.6292789200597366,-0.8134911878660945,-0.8425002549971988,-0.2977197768546087,1
121.050318,14.540867,-0.8019563910535766,0.7698185873149774,-2.6294485869135547,-0.948621831478764,-0.8774722307173902,-0.2877109093705492,1
121.0553,14.53712,-0.6524239836653857,1.122106438111597,-2.890443410725596,-1.159935381045557,-0.1166952461904247,-0.5382235620754137,1
121.050318,14.540867,-0.8723245827656664,0.7698185873149774,-2.6294485869135547,-0.948621831478764,-0.8774722307173902,-0.2877109093705492,1
121.050318,14.540867,-0.4501154324931275,0.7698185873149774,-2.6758016926647974,0.7132484201019245,-0.2632636590265854,-0.0669641445745064,1
121.0553,14.53712,-0.8019563910535766,1.122106438111597,-2.940389274052898,-0.2854560381132441,0.230174916515799,-0.3784047204663787,1
121.050318,14.540867,-0.933896750513745,0.7698185873149774,-2.625940662764404,-0.2287962446367226,-0.6276198095929051,-0.2217785524415116,1
121.050318,14.540867,-0.2126227854648243,0.7698185873149774,-2.629215294989555,-0.7628171965113436,-0.829385764102127,-0.3014731021611311,1
121.050318,14.540867,-0.5820557919532959,0.7698185873149774,-2.629491003627009,-0.9824044923819316,-0.8862152246474381,-0.2852086924995343,1
121.050318,14.540867,0.077646005347546,0.7698185873149774,-2.629194086632828,-0.7459258660597599,-0.8250142671371031,-0.3027242105966384,1
121.0553,14.53712,-0.5820557919532959,1.122106438111597,-2.8904646190823238,-1.176826711497141,-0.1210667431554486,-0.5369724536399063,1
121.050318,14.540867,-0.8899166306936889,0.7698185873149774,-2.6294273785568274,-0.93173050102718,-0.8731007337523663,-0.2889620178060567,1
121.050318,14.540867,-1.1801854215060594,0.7698185873149774,-2.629469795270282,-0.965513161930348,-0.8818437276824141,-0.2864598009350417,1
121.050318,14.540867,-0.6255961105751515,0.7698185873149774,-2.632659594068524,-1.4319687919986344,-1.0661236943315404,-0.3711587843966909,1
121.0553,14.53712,-0.2302148333928468,1.122106438111597,-2.8902101188015963,-0.9741307460781368,-0.0686087795751614,-0.5519857548659954,1
121.050318,14.540867,-1.1977774694340817,0.7698185873149774,-2.679267200100493,0.0272054941630504,-0.5043730862210227,-0.1353987183745587,1
121.050318,14.540867,-0.1422545937527345,0.7698185873149774,-2.629321336773191,-0.8472738487692618,-0.8512432489272468,-0.2952175599835939,1
121.050318,14.540867,-0.3110273359995639,0.7698185873149774,-2.629384961843373,-0.897947840124013,-0.8643577398223184,-0.2914642346770715,1
121.050318,14.540867,0.2667161886130088,0.7698185873149774,-2.675844109378252,0.6794657591987572,-0.2720066529566332,-0.0644619277034915,1
121.050318,14.540867,-0.5468716960972511,0.7698185873149774,-2.6294485869135547,-0.948621831478764,-0.8774722307173902,-0.2877109093705492,1
121.065172,14.531149,-1.1098172297939697,1.8549839220253697,-2.4527573577733666,-1.01548509288674,2.2895086793861963,2.7563225639705182,1
121.050318,14.540867,-0.239010857356858,0.7698185873149774,-2.6292789200597366,-0.8134911878660945,-0.8425002549971988,-0.2977197768546087,1
121.050318,14.540867,-0.7667722951975317,0.7698185873149774,-2.6294485869135547,-0.948621831478764,-0.8774722307173902,-0.2877109093705492,1
121.050318,14.540867,-0.0604515708874301,0.7698185873149774,-2.629215294989555,-0.7628171965113436,-0.829385764102127,-0.3014731021611311,1
121.065172,14.531149,-1.1362053016860032,1.8549839220253697,-2.452969441340639,-1.1843983974025765,2.245793709735957,2.7688336483255926,1
121.065172,14.531149,-1.1098172297939697,1.8549839220253697,-2.4528209828435483,-1.066159084241491,2.2763941884911247,2.7600758892770405,1
121.0553,14.53712,-0.2653989292488917,1.122106438111597,-2.8902313271583235,-0.9910220765297204,-0.0729802765401853,-0.5507346464304881,1
121.065172,14.531149,-1.1098172297939697,1.8549839220253697,-2.452842191200276,-1.0830504146930746,2.2720226915261006,2.761326997712548,1
121.050318,14.540867,-0.8459365108736328,0.7698185873149774,-2.6294280148075293,-0.9322372409407276,-0.873231878661317,-0.2889244845529913,1
121.050318,14.540867,0.0160738375994674,0.7698185873149774,-2.6328080525656143,-1.55020810515972,-1.096724173086708,-0.3624010253481388,1
121.050318,14.540867,-0.6700160315934082,0.7698185873149774,-2.6294803994486458,-0.9739588271561398,-0.8840294761649261,-0.2858342467172881,1
121.050318,14.540867,-0.2302148333928468,0.7698185873149774,-2.629236503346282,-0.7797085269629273,-0.833757261067151,-0.3002219937256236,1
121.050318,14.540867,-0.4061353126730714,0.7698185873149774,-2.629491003627009,-0.9824044923819316,-0.8862152246474381,-0.2852086924995343,1
121.050318,14.540867,-0.3181750730329591,0.7698185873149774,-2.6791611583168566,0.1116621464209687,-0.4825156013959031,-0.1416542605520959,1
121.065172,14.531149,-1.1537973496140257,1.8549839220253697,-2.403012973834973,-2.0504320751090965,1.9011092955122453,2.608389252498804,1
121.050318,14.540867,-0.0982744739326784,0.7698185873149774,-2.629215294989555,-0.7628171965113436,-0.829385764102127,-0.3014731021611311,1
121.050318,14.540867,-0.5908518159173072,0.7698185873149774,-2.6294485869135547,-0.948621831478764,-0.8774722307173902,-0.2877109093705492,1
121.0448614,14.5512499,-0.7315881993414868,0.5088846932238272,-2.212776306621492,-1.218868592059029,0.1165940099900745,1.490173092076,1
121.0521,14.52655,-0.6964041034854419,0.9993545043798296,-2.479658005661999,-0.2336390251517736,1.9963897392386447,1.344610197829714,1
121.050318,14.540867,-0.5556677200612622,0.7698185873149774,-2.629324305943133,-0.8496386350324835,-0.85185525850235,-0.2950424048026228,1
121.050318,14.540867,-0.6744140435754138,0.7698185873149774,-2.6293637534866456,-0.8810565096724291,-0.8599862428572945,-0.2927153431125789,1
121.050318,14.540867,0.1436161850776302,0.7698185873149774,-2.629300128416464,-0.8303825183176782,-0.8468717519622229,-0.2964686684191012,1
121.050318,14.540867,-0.2302148333928468,0.7698185873149774,-2.6327232191387053,-1.4826427833533853,-1.0792381852266122,-0.3674054590901685,1
121.050318,14.540867,-0.2302148333928468,0.7698185873149774,-2.67578048430807,0.7301397505535081,-0.2588921620615614,-0.0682152530100138,1
121.050318,14.540867,-0.5380756721332399,0.7698185873149774,-2.6294803994486458,-0.9739588271561398,-0.8840294761649261,-0.2858342467172881,1
121.050318,14.540867,-0.1422545937527345,0.7698185873149774,-2.6292577117030094,-0.7965998574145109,-0.838128758032175,-0.2989708852901162,1
121.0494379,14.54595709,-0.814094904123912,0.7437502786346868,-2.3082998209733665,-1.3144583123045792,-1.642412687896769,-0.2614134587586795,1
121.050318,14.540867,-0.4501154324931275,0.7698185873149774,-2.6791611583168566,0.1116621464209687,-0.4825156013959031,-0.1416542605520959,1
121.050318,14.540867,-0.7579762712335204,0.7698185873149774,-2.625770995910586,-0.0936656010240533,-0.5926478338727136,-0.2317874199255712,1
121.050318,14.540867,-0.3621551928530154,0.7698185873149774,-2.629215294989555,-0.7628171965113436,-0.829385764102127,-0.3014731021611311,1
121.050318,14.540867,-0.4501154324931275,0.7698185873149774,-2.629194086632828,-0.7459258660597599,-0.8250142671371031,-0.3027242105966384,1
121.065172,14.531149,-1.0218569901538572,1.8549839220253697,-2.452842191200276,-1.0830504146930746,2.2720226915261006,2.761326997712548,1
121.051226,14.54795811,-0.3181750730329591,0.89345453593675,-1.696421156974106,-0.862491007076194,-0.8943322377371626,1.57394344789157,1
121.050318,14.540867,-0.4061353126730714,0.7698185873149774,-2.632935302705978,-1.651556087869222,-1.1229531548768514,-0.3548943747350941,1
121.051226,14.54795811,-0.4061353126730714,0.89345453593675,-1.6964423653308331,-0.8793823375277777,-0.8987037347021866,1.5751945563270773,1
121.050318,14.540867,-0.2104237794738216,0.7698185873149774,-2.629215294989555,-0.7628171965113436,-0.829385764102127,-0.3014731021611311,1
121.050318,14.540867,0.0072778136354562,0.7698185873149774,-2.6757168592378884,0.7808137419082591,-0.2457776711664896,-0.0719685783165362,1
121.0579993,14.52927064,-1.0658371099739137,1.3701168939447712,-2.482398240607318,-0.844946082255497,1.5970557417529343,1.2829571303672431,1
121.0553,14.53712,-0.626035911773352,1.122106438111597,-2.890511277467123,-1.2139876384906247,-0.1306840364785012,-0.53422001508179,1
121.050318,14.540867,-0.1844755087799884,0.7698185873149774,-2.632659594068524,-1.4319687919986344,-1.0661236943315404,-0.3711587843966909,1
121.0579993,14.52927064,-1.2734232755245782,1.3701168939447712,-2.4360027181426207,-2.473033672933018,0.991590163992177,1.0597081487001856,1
121.050318,14.540867,0.2975466044478267,0.7698185873149774,-2.675759275951343,0.7470310810050917,-0.2545206650965375,-0.0694663614455212,1
121.050318,14.540867,-0.4501154324931275,0.7698185873149774,-2.6293637534866456,-0.8810565096724291,-0.8599862428572945,-0.2927153431125789,1
121.050318,14.540867,-0.5546121971855809,0.7698185873149774,-2.6294994869697,-0.9891610245625648,-0.8879638234334476,-0.2847082491253313,1
121.050318,14.540867,-1.0834291579019355,0.7698185873149774,-2.6292895242381005,-0.8219368530918864,-0.8446860034797109,-0.297094222636855,1
121.0553,14.53712,-0.5820557919532959,1.122106438111597,-2.8904752232606867,-1.1852723767229325,-0.1232524916379606,-0.5363468994221525,1
121.050318,14.540867,-0.7579762712335204,0.7698185873149774,-2.629442648573671,-0.9438922589523204,-0.8762482115671835,-0.2880612197324913,1
121.050318,14.540867,-0.4061353126730714,0.7698185873149774,-2.629308611759155,-0.8371390504983115,-0.8486203507482324,-0.2959682250448983,1
121.0579993,14.52927064,-1.2338411676865275,1.3701168939447712,-2.435960301429166,-2.4392510120298505,1.000333157922225,1.0572059318291709,1
121.065172,14.531149,-1.2312023604973243,1.8549839220253697,-2.402853911159519,-1.92374709672222,1.9338955227499248,2.5990059392324985,1
121.049391,14.533167,-0.5292796481692286,0.7241599078483238,-2.3569405625148114,-1.469700280709475,0.329192780526237,1.3205395684401802,1
121.0539756147,14.55269836058,-0.274194953212903,1.1609571804088508,-1.0418750804270098,-1.2816938750030722,0.041588937726986,1.935192387722672,1
121.0494379,14.54595709,-0.7139961514134645,0.7437502786346868,-2.304855521894398,-0.645306716817288,-1.4056747576673558,-0.1917277765231196,1
121.050318,14.540867,-0.8019563910535766,0.7698185873149774,-2.6294803994486458,-0.9739588271561398,-0.8840294761649261,-0.2858342467172881,1
121.0494178,14.5330947,-1.1098172297939697,0.7266682596102879,-2.3569617708715387,-1.4865916111610586,0.3248212835612131,1.3217906768756875,1
121.050318,14.540867,-0.2302148333928468,0.7698185873149774,-2.675718980073561,0.7791246088631006,-0.246214820862992,-0.0718434674729854,1
121.065172,14.531149,-1.0658371099739137,1.8549839220253697,-2.449397892121307,-0.413898819205784,2.5087606217555143,2.831012679948108,1
121.050318,14.540867,0.077646005347546,0.7698185873149774,-2.722347794462258,2.2214075645732025,0.3111642902825016,0.165167706984654,1
121.050318,14.540867,-0.6700160315934082,0.7698185873149774,-2.632892885992524,-1.6177734269660546,-1.1142101609468036,-0.357396591606109,1
121.050318,14.540867,0.0336658855274902,0.7698185873149774,-2.632680802425251,-1.448860122450218,-1.0704951912965643,-0.3699076759611834,1
121.050318,14.540867,-0.626035911773352,0.7698185873149774,-2.682644692855771,-0.5887384104017512,-0.7273408010106108,-0.2090253921819671,1
121.050318,14.540867,-1.0658371099739137,0.7698185873149774,-2.6292577117030094,-0.7965998574145109,-0.838128758032175,-0.2989708852901162,1
121.05147,14.54542,-0.3181750730329591,0.8810899498025576,-2.225042023322908,-0.6744681793566961,-1.2777958678463532,-0.2573792784639194,1
121.0436,14.55206,-0.4501154324931275,0.4403887097429553,-2.1946698635398896,-1.2431598109294235,0.2205342756600897,1.5085639279944598,1
121.050318,14.540867,-0.6788120555574195,0.7698185873149774,-2.625919454407677,-0.2119049141851388,-0.6232483126278812,-0.2230296608770191,1
121.050318,14.540867,-0.933896750513745,0.7698185873149774,-2.632872313886498,-1.6013888364280189,-1.1099698088907304,-0.3586101667885513,1
121.050318,14.540867,-0.2302148333928468,0.7698185873149774,-2.6758016926647974,0.7132484201019245,-0.2632636590265854,-0.0669641445745064,1
121.050318,14.540867,0.2095863648077144,0.7698185873149774,-2.7257687643488264,1.570836432582653,0.0792350067146145,0.0941058054700359,1
121.050318,14.540867,-0.8899166306936889,0.7698185873149774,-2.632892885992524,-1.6177734269660546,-1.1142101609468036,-0.357396591606109,1
121.050318,14.540867,0.4778809285531921,0.7698185873149774,-2.629215294989555,-0.7628171965113436,-0.829385764102127,-0.3014731021611311,1
121.050318,14.540867,-0.7579762712335204,0.7698185873149774,-2.6294485869135547,-0.948621831478764,-0.8774722307173902,-0.2877109093705492,1
121.050318,14.540867,-0.246047676528067,0.7698185873149774,-2.629215294989555,-0.7628171965113436,-0.829385764102127,-0.3014731021611311,1
121.050318,14.540867,-0.274194953212903,0.7698185873149774,-2.629215294989555,-0.7628171965113436,-0.829385764102127,-0.3014731021611311,1
121.050318,14.540867,0.4734670837280513,0.7698185873149774,-2.629194086632828,-0.7459258660597599,-0.8250142671371031,-0.3027242105966384,1
121.050318,14.540867,0.2095863648077144,0.7698185873149774,-2.629194086632828,-0.7459258660597599,-0.8250142671371031,-0.3027242105966384,1
121.050318,14.540867,-0.7139961514134645,0.7698185873149774,-2.6292577117030094,-0.7965998574145109,-0.838128758032175,-0.2989708852901162,1
121.050318,14.540867,0.0512579334555124,0.7698185873149774,-2.6326383857117963,-1.4150774615470507,-1.0617521973665165,-0.3724098928321984,1
121.050318,14.540867,0.095593060802756,0.7698185873149774,-2.629236503346282,-0.7797085269629273,-0.833757261067151,-0.3002219937256236,1
121.050318,14.540867,-0.274194953212903,0.7698185873149774,-2.6292577117030094,-0.7965998574145109,-0.838128758032175,-0.2989708852901162,1
121.050318,14.540867,-0.1422545937527345,0.7698185873149774,-2.632935302705978,-1.651556087869222,-1.1229531548768514,-0.3548943747350941,1
121.050318,14.540867,-0.6277951165661543,0.7698185873149774,-2.632935302705978,-1.651556087869222,-1.1229531548768514,-0.3548943747350941,1
121.050318,14.540867,-0.4940955523131836,0.7698185873149774,-2.632871677635796,-1.600882096514471,-1.1098386639817797,-0.3586477000416165,1
121.050318,14.540867,-0.1510506177167458,0.7698185873149774,-2.6292895242381005,-0.8219368530918864,-0.8446860034797109,-0.297094222636855,1
121.050318,14.540867,-0.0982744739326784,0.7698185873149774,-2.6327232191387053,-1.4826427833533853,-1.0792381852266122,-0.3674054590901685,1
121.050318,14.540867,-0.4940955523131836,0.7698185873149774,-2.629236503346282,-0.7797085269629273,-0.833757261067151,-0.3002219937256236,1
121.050318,14.540867,-0.5380756721332399,0.7698185873149774,-2.629194086632828,-0.7459258660597599,-0.8250142671371031,-0.3027242105966384,1
121.0553,14.53712,-0.1158665218607009,1.122106438111597,-2.8902101188015963,-0.9741307460781368,-0.0686087795751614,-0.5519857548659954,1
121.0553,14.53712,-0.8899166306936889,1.122106438111597,-2.936944974973929,0.3836955573740461,0.4669128467452125,-0.3087190382308189,1
121.050318,14.540867,-1.1186132537579807,0.7698185873149774,-2.675759275951343,0.7470310810050917,-0.2545206650965375,-0.0694663614455212,1
121.050318,14.540867,-0.4061451642199111,0.7698185873149774,-2.629491003627009,-0.9824044923819316,-0.8862152246474381,-0.2852086924995343,1
121.0435842,14.5515268,-0.3181750730329591,0.4277141252861472,-2.2134612832340874,-1.2615109330361702,0.2831244245148926,1.4810144797109543,1
121.050318,14.540867,-0.3621551928530154,0.7698185873149774,-2.625749787553859,-0.0767742705724697,-0.5882763369076897,-0.2330385283610786,1
121.050318,14.540867,-0.4765035043851612,0.7698185873149774,-2.6258778860284915,-0.1787979065000349,-0.6146801785764342,-0.2254818334106136,1
121.044563,14.55437884,-0.7579762712335204,0.5386292213342744,-2.0627915781397745,-1.6523198735559472,0.7206628593889733,1.5653380525813123,1
121.050318,14.540867,-0.6664976220078037,0.7698185873149774,-2.629491003627009,-0.9824044923819316,-0.8862152246474381,-0.2852086924995343,1
121.050318,14.540867,-0.1862347135727908,0.7698185873149774,-2.6293425451299184,-0.8641651792208455,-0.8556147458922706,-0.2939664515480864,1
121.065172,14.531149,-0.6876080795214307,1.8549839220253697,-2.453054274767548,-1.2519637192089113,2.2283077218758613,2.7738380820676225,1
121.050318,14.540867,-0.3621551928530154,0.7698185873149774,-2.629388143096882,-0.9004815396917504,-0.865013464367072,-0.2912765684117454,1
121.0453819,14.54576546,-0.5820557919532959,0.4568918742073934,-2.848105346532128,-0.9423835891864402,-0.6398379662187637,-0.3901504715204689,1
121.0445758,14.55429384,-0.9778768703338012,0.5386280448186996,-2.062833994853229,-1.6861025344591145,0.7119198654589255,1.5678402694523277,1
121.050318,14.540867,-0.3181750730329591,0.7698185873149774,-2.6327444274954326,-1.4995341138049691,-1.083609682191636,-0.366154350654661,1
121.05147,14.54542,-0.2302148333928468,0.8810899498025576,-2.225042023322908,-0.6744681793566961,-1.2777958678463532,-0.2573792784639194,1
121.050318,14.540867,-0.274194953212903,0.7698185873149774,-2.629300128416464,-0.8303825183176782,-0.8468717519622229,-0.2964686684191012,1
121.065172,14.531149,-1.2681456611461717,1.8549839220253697,-2.4494615171914886,-0.464572810560535,2.4956461308604423,2.83476600525463,1
121.065172,14.531149,-1.3033297570022164,1.8549839220253697,-2.4496099756885794,-0.5828121237216206,2.465045652105275,2.8435237643031823,1
121.050318,14.540867,-0.5380756721332399,0.7698185873149774,-2.629491003627009,-0.9824044923819316,-0.8862152246474381,-0.2852086924995343,1
121.050318,14.540867,0.8692881621085565,0.7698185873149774,-2.629194086632828,-0.7459258660597599,-0.8250142671371031,-0.3027242105966384,1
121.050318,14.540867,-0.4501154324931275,0.7698185873149774,-2.675844109378252,0.6794657591987572,-0.2720066529566332,-0.0644619277034915,1
121.0553,14.53712,-0.8899166306936889,1.122106438111597,-2.8904858274390506,-1.1937180419487243,-0.1254382401204725,-0.5357213452043987,1
121.050318,14.540867,-0.1774386896087794,0.7698185873149774,-2.6293637534866456,-0.8810565096724291,-0.8599862428572945,-0.2927153431125789,1
121.050318,14.540867,-0.0982744739326784,0.7698185873149774,-2.629308611759155,-0.8371390504983115,-0.8486203507482324,-0.2959682250448983,1
121.065172,14.531149,-1.0394490380818795,1.8549839220253697,-2.452799774486821,-1.049267753789907,2.2807656854561484,2.7588247808415334,1
121.050318,14.540867,-0.7227921753774755,0.7698185873149774,-2.6294485869135547,-0.948621831478764,-0.8774722307173902,-0.2877109093705492,1
121.050318,14.540867,-0.8635285588016551,0.7698185873149774,-2.6294280148075293,-0.9322372409407276,-0.873231878661317,-0.2889244845529913,1
121.0521,14.52655,-0.4436400283474455,0.9993545043798296,-2.433232791497884,-1.838078753197078,1.397044257228921,1.119609664352946,1
121.0553,14.53712,-0.626035911773352,1.122106438111597,-2.890496431617414,-1.202163707174516,-0.1276239886029845,-0.5350957909866452,1
121.065172,14.531149,-1.1186132537579807,1.8549839220253697,-2.456371323706153,-1.8197673319867,2.017798773436592,2.696645749219018,1
121.065172,14.531149,-0.9778768703338012,1.8549839220253697,-2.4528209828435483,-1.066159084241491,2.2763941884911247,2.7600758892770405,1
121.050318,14.540867,-0.1844755087799884,0.7698185873149774,-2.625770995910586,-0.0936656010240533,-0.5926478338727136,-0.2317874199255712,1
121.050318,14.540867,-0.7579762712335204,0.7698185873149774,-2.6294273785568274,-0.93173050102718,-0.8731007337523663,-0.2889620178060567,1
121.050318,14.540867,-0.5908518159173072,0.7698185873149774,-2.682732707536189,-0.6588374317758233,-0.7454825134154601,-0.2038332921746112,1
121.0436,14.55206,-0.4940955523131836,0.4403887097429553,-2.194678346882581,-1.2499163431100568,0.2187856768740801,1.509064371368663,1
121.050318,14.540867,-0.0982744739326784,0.7698185873149774,-2.6293637534866456,-0.8810565096724291,-0.8599862428572945,-0.2927153431125789,1
121.050318,14.540867,-0.4061353126730714,0.7698185873149774,-2.629215294989555,-0.7628171965113436,-0.829385764102127,-0.3014731021611311,1
121.050318,14.540867,-0.159846641680757,0.7698185873149774,-2.6757168592378884,0.7808137419082591,-0.2457776711664896,-0.0719685783165362,1
121.0494379,14.54595709,-0.3621551928530154,0.7437502786346868,-2.304949899081834,-0.7204731373268353,-1.4251279191617123,-0.1861603439851115,1
121.050318,14.540867,-1.285737709074194,0.7698185873149774,-2.675759275951343,0.7470310810050917,-0.2545206650965375,-0.0694663614455212,1
121.05727,14.52245,-0.5380756721332399,1.4319070452665097,-2.350514937060128,-2.0405114598465337,2.3176315179610074,-0.2040406422035626,1
121.065172,14.531149,-1.0834291579019355,1.8549839220253697,-2.4527573577733666,-1.01548509288674,2.2895086793861963,2.7563225639705182,1
121.0553,14.53712,-0.5996478398813183,1.122106438111597,-2.8904646190823238,-1.176826711497141,-0.1210667431554486,-0.5369724536399063,1
121.050318,14.540867,-0.5556677200612622,0.7698185873149774,-2.6294485869135547,-0.948621831478764,-0.8774722307173902,-0.2877109093705492,1
121.050318,14.540867,-0.8899166306936889,0.7698185873149774,-2.6294280148075293,-0.9322372409407276,-0.873231878661317,-0.2889244845529913,1
121.050318,14.540867,0.6493875630082758,0.7698185873149774,-2.629194086632828,-0.7459258660597599,-0.8250142671371031,-0.3027242105966384,1
121.050318,14.540867,-0.4501154324931275,0.7698185873149774,-2.6292789200597366,-0.8134911878660945,-0.8425002549971988,-0.2977197768546087,1
121.050318,14.540867,-0.2583621100776828,0.7698185873149774,-2.6292789200597366,-0.8134911878660945,-0.8425002549971988,-0.2977197768546087,1
121.050318,14.540867,-0.0542943541126223,0.7698185873149774,-2.6326383857117963,-1.4150774615470507,-1.0617521973665165,-0.3724098928321984,1
121.050318,14.540867,-0.3181750730329591,0.7698185873149774,-2.629421652300511,-0.9271698418052524,-0.8719204295718098,-0.2892998170836436,1
121.050318,14.540867,-0.6876080795214307,0.7698185873149774,-2.629478278612973,-0.9722696941109812,-0.8835923264684237,-0.2859593575608388,1
121.050318,14.540867,-0.4061353126730714,0.7698185873149774,-2.675738067594616,0.7639224114566754,-0.2501491681315135,-0.0707174698810287,1
121.050318,14.540867,-0.6172398878093408,0.7698185873149774,-2.6294485869135547,-0.948621831478764,-0.8774722307173902,-0.2877109093705492,1
121.050318,14.540867,-0.3181750730329591,0.7698185873149774,-2.6294273785568274,-0.93173050102718,-0.8731007337523663,-0.2889620178060567,1
121.050318,14.540867,-0.3181750730329591,0.7698185873149774,-2.629415289793493,-0.9221024426697774,-0.8706089804823026,-0.2896751496142958,1
121.049391,14.533167,-0.5820557919532959,0.7241599078483238,-2.356989341735284,-1.5085503407481171,0.319138337506682,1.3234171178418477,1
121.065172,14.531149,-1.162593373578037,1.8549839220253697,-2.4562652819225166,-1.7353106797287814,2.039656258261711,2.6903902070414807,1
121.050318,14.540867,-0.5440569684287674,0.7698185873149774,-2.6294485869135547,-0.948621831478764,-0.8774722307173902,-0.2877109093705492,1
121.049326,14.55348201,-0.7139961514134645,0.8595677999099914,-0.7617032634420118,-0.7282283125147173,0.3993262666243025,2.2404443305459503,1
121.044563,14.55437884,-0.7139961514134645,0.5386292213342744,-2.0627915781397745,-1.6523198735559472,0.7206628593889733,1.5653380525813123,1
121.050318,14.540867,-0.1422545937527345,0.7698185873149774,-2.6292789200597366,-0.8134911878660945,-0.8425002549971988,-0.2977197768546087,1
121.0494379,14.54595709,-0.9514887984417676,0.7437502786346868,-2.3015454717135126,-0.0830772430885225,-1.1966084032265436,-0.1141225778907976,1
121.050318,14.540867,-0.5820557919532959,0.7698185873149774,-2.625770995910586,-0.0936656010240533,-0.5926478338727136,-0.2317874199255712,1
121.050318,14.540867,-0.2545956526162932,0.7698185873149774,-2.6259438440179133,-0.2313299442044601,-0.6282755341376587,-0.2215908861761856,1
121.050318,14.540867,0.0336658855274902,0.7698185873149774,-2.629491003627009,-0.9824044923819316,-0.8862152246474381,-0.2852086924995343,1
121.050318,14.540867,-0.4413194085291163,0.7698185873149774,-2.6293425451299184,-0.8641651792208455,-0.8556147458922706,-0.2939664515480864,1
121.0494,14.54595,-0.2871926267199472,0.7410103802210661,-2.3513002477467024,0.9435929872125588,-0.8103510528654541,0.0344237767143151,1
121.050318,14.540867,-0.3529254193552907,0.7698185873149774,-2.6294061702001,-0.9148391705755966,-0.8687292367873424,-0.290213126241564,1
121.050318,14.540867,-0.4067866582476064,0.7698185873149774,-2.629391324350391,-0.903015239259488,-0.8656691889118255,-0.2910889021464192,1
121.050318,14.540867,-0.2702458902940205,0.7698185873149774,-2.6292905846559367,-0.8227814196144655,-0.8449045783279621,-0.2970316672150797,1
121.050318,14.540867,-0.3227965919838902,0.7698185873149774,-2.629384961843373,-0.897947840124013,-0.8643577398223184,-0.2914642346770715,1
121.050318,14.540867,-0.3727104216098287,0.7698185873149774,-2.6292789200597366,-0.8134911878660945,-0.8425002549971988,-0.2977197768546087,1
121.0494379,14.54595709,-0.1717534674798804,0.7437502786346868,-2.351297702743895,0.9456199468667488,-0.8098264732296512,0.0342736437020542,1
121.050318,14.540867,0.4734670837280513,0.7698185873149774,-2.6758016926647974,0.7132484201019245,-0.2632636590265854,-0.0669641445745064,1
121.050318,14.540867,-0.1686426656447682,0.7698185873149774,-2.629300128416464,-0.8303825183176782,-0.8468717519622229,-0.2964686684191012,1
121.050318,14.540867,-0.4940955523131836,0.7698185873149774,-2.6294040493644277,-0.913150037530438,-0.8682920870908399,-0.2903382370851148,1
121.050318,14.540867,-0.7139961514134645,0.7698185873149774,-2.6292937659094457,-0.8253151191822031,-0.8455603028727157,-0.2968440009497535,1
121.050318,14.540867,-0.2302148333928468,0.7698185873149774,-2.67573849176175,0.7635845848476437,-0.2502365980708141,-0.0706924477123186,1
121.050318,14.540867,-0.230399110094893,0.7698185873149774,-2.675738067594616,0.7639224114566754,-0.2501491681315135,-0.0707174698810287,1
121.050318,14.540867,-0.3812581338173359,0.7698185873149774,-2.629384961843373,-0.897947840124013,-0.8643577398223184,-0.2914642346770715,1
121.050318,14.540867,-0.3181750730329591,0.7698185873149774,-2.6292577117030094,-0.7965998574145109,-0.838128758032175,-0.2989708852901162,1
121.050318,14.540867,-0.0542943541126223,0.7698185873149774,-2.6292789200597366,-0.8134911878660945,-0.8425002549971988,-0.2977197768546087,1
121.050318,14.540867,-0.3047623679311969,0.7698185873149774,-2.629384961843373,-0.897947840124013,-0.8643577398223184,-0.2914642346770715,1
121.0436,14.55206,-0.4061353126730714,0.4403887097429553,-2.1946698635398896,-1.2431598109294235,0.2205342756600897,1.5085639279944598,1
121.050318,14.540867,-0.5820557919532959,0.7698185873149774,-2.6294273785568274,-0.93173050102718,-0.8731007337523663,-0.2889620178060567,1
121.050318,14.540867,-0.4086520310496542,0.7698185873149774,-2.625855829337495,-0.1612309228303879,-0.6101338217328093,-0.2267829861835414,1
121.050318,14.540867,-0.274194953212903,0.7698185873149774,-2.629384961843373,-0.897947840124013,-0.8643577398223184,-0.2914642346770715,1
121.050318,14.540867,-0.5820557919532959,0.7698185873149774,-2.629215294989555,-0.7628171965113436,-0.829385764102127,-0.3014731021611311,1
121.0491649,14.5484647,-0.6700160315934082,0.7569038892861311,-1.7909715963500052,-1.023264267954726,-1.1379412456198783,1.5292543818830338,1
121.050318,14.540867,-0.3459835268747013,0.7698185873149774,-2.629384961843373,-0.897947840124013,-0.8643577398223184,-0.2914642346770715,1
121.050318,14.540867,0.2315764247177425,0.7698185873149774,-2.629491003627009,-0.9824044923819316,-0.8862152246474381,-0.2852086924995343,1
121.0502948,14.54882562,-0.4849400348497633,0.8408555882383716,-1.5362706620640585,-0.9745892635864905,-0.6876818079984178,1.6960508807690435,1
121.050318,14.540867,-0.5477512984936521,0.7698185873149774,-2.629215294989555,-0.7628171965113436,-0.829385764102127,-0.3014731021611311,1
121.050318,14.540867,-0.4940955523131836,0.7698185873149774,-2.6759077344484337,0.6287917678440061,-0.285121143851705,-0.0607086023969692,1
121.050318,14.540867,0.6493875630082758,0.7698185873149774,-2.629088044849192,-0.6614692138018415,-0.8031567823119835,-0.3089797527741758,1
121.04892,14.53398,-0.4940955523131836,0.6844622567687025,-2.482205139282404,0.298336180334523,0.9209209237418708,1.4780470791945106,1
121.050318,14.540867,0.6697239704130697,0.7698185873149774,-2.629045628135737,-0.6276865528986743,-0.7944137883819357,-0.3114819696451906,1
121.050318,14.540867,0.4464193100387171,0.7698185873149774,-2.6291728782761004,-0.7290345356081762,-0.8206427701720792,-0.3039753190321459,1
121.050318,14.540867,0.7373478026483884,0.7698185873149774,-2.6291092532059186,-0.6783605442534253,-0.8075282792770074,-0.3077286443386683,1
121.050318,14.540867,-0.3181750730329591,0.7698185873149774,-2.6290795615065004,-0.654712681621208,-0.8014081835259739,-0.3094801961483787,1
121.050318,14.540867,0.43326925421252,0.7698185873149774,-2.6755344673700336,0.9260791837918784,-0.2081827972672839,-0.0827281108619002,1
121.050318,14.540867,0.4987996327444036,0.7698185873149774,-2.628982003065555,-0.5770125615439233,-0.7812992974868639,-0.315235294951713,1
121.050318,14.540867,0.5614273233681636,0.7698185873149774,-2.629088044849192,-0.6614692138018415,-0.8031567823119835,-0.3089797527741758,1
121.050318,14.540867,0.7373478026483884,0.7698185873149774,-2.629045628135737,-0.6276865528986743,-0.7944137883819357,-0.3114819696451906,1
121.0519920999,14.5535024692,0.4734670837280513,1.0412606764171153,-0.6991445482090143,-1.3493161468107462,0.2086882005863725,2.224405954904687,1
121.050318,14.540867,-0.3182630332725992,0.7698185873149774,-2.6755471923840703,0.9159443855209284,-0.2108056954462982,-0.0819774458005957,1
121.0553,14.53712,-0.3621551928530154,1.122106438111597,-2.8900828686612328,-0.8727827633686341,-0.0423797977850179,-0.5594924054790402,1
121.0519920999,14.5535024692,0.8253080422885003,1.0412606764171153,-0.6990172980686508,-1.2479681641012443,0.2349171823765161,2.216899304291642,1
121.065172,14.531149,-0.2754000084959725,1.8549839220253697,-2.4991647569178306,0.6031433527378948,2.89252621884654,2.98027216636146,1
121.050318,14.540867,-0.274194953212903,0.7698185873149774,-2.629088044849192,-0.6614692138018415,-0.8031567823119835,-0.3089797527741758,1
121.04524,14.52845,0.0504662912987513,0.4930386422201518,-2.510045992510014,-1.272235983235611,0.8275437903564282,1.2488265077289291,1
121.050318,14.540867,0.0006807956624478,0.7698185873149774,-2.675409338065343,1.025738033456222,-0.1823909651736427,-0.0901096506313941,1
121.050318,14.540867,-0.0542943541126223,0.7698185873149774,-2.6290032114222823,-0.593903891995507,-0.7856707944518878,-0.3139841865162055,1
121.050318,14.540867,0.8968197171159116,0.7698185873149774,-2.629045628135737,-0.6276865528986743,-0.7944137883819357,-0.3114819696451906,1
121.050318,14.540867,0.077646005347546,0.7698185873149774,-2.67566150542683,0.8249001143868925,-0.2343680640877772,-0.0752339713332106,1
121.04994,14.54805,0.4294869639079951,0.8049634792455994,-1.7432934178842376,-0.6219423589353702,-0.933078299343066,1.5278278546126605,1
121.050318,14.540867,-0.0542943541126223,0.7698185873149774,-2.675400854722652,1.0324945656368556,-0.1806423663876331,-0.0906100940055971,1
121.050318,14.540867,-0.4501154324931275,0.7698185873149774,-2.6291728782761004,-0.7290345356081762,-0.8206427701720792,-0.3039753190321459,1
121.065172,14.531149,-1.1537973496140257,1.8549839220253697,-2.456116823425426,-1.6170713665676957,2.0702567370168787,2.681632447992929,1
121.050318,14.540867,0.5582607547411195,0.7698185873149774,-2.629151669919373,-0.7121432051565926,-0.8162712732070553,-0.3052264274676534,1
121.050318,14.540867,-0.0894784499686672,0.7698185873149774,-2.629151669919373,-0.7121432051565926,-0.8162712732070553,-0.3052264274676534,1
121.050318,14.540867,-0.2302148333928468,0.7698185873149774,-2.6291728782761004,-0.7290345356081762,-0.8206427701720792,-0.3039753190321459,1
121.050318,14.540867,-0.3181750730329591,0.7698185873149774,-2.629151669919373,-0.7121432051565926,-0.8162712732070553,-0.3052264274676534,1
121.0553,14.53712,-0.6163602854129397,1.122106438111597,-2.893558980275292,-1.5672713545333006,-0.2856749734619674,-0.627301425061339,1
121.065172,14.531149,-1.092225181865947,1.8549839220253697,-2.452693732703185,-0.9648111015319888,2.3026231702812683,2.752569238663996,1
121.065172,14.531149,-1.1537973496140257,1.8549839220253697,-2.452672524346457,-0.9479197710804048,2.306994667246292,2.751318130228489,1
121.050318,14.540867,-0.3938208791234556,0.7698185873149774,-2.7322968204424005,0.5196858592849951,-0.3199254053388055,-0.0665344024047101,1
121.05589752412,14.536649206993,-0.5820557919532959,1.1657174822404484,-2.9400075236318077,0.0185879100152617,0.3088618618862297,-0.4009246723055126,1
121.0553,14.53712,-0.1422545937527345,1.122106438111597,-2.9365632245528386,0.6877395055025521,0.5455997921156436,-0.3312389900699528,1
121.065172,14.531149,-1.2153695173621042,1.8549839220253697,-2.452714941059912,-0.9817024319835724,2.298251673316244,2.7538203470995035,1
121.050318,14.540867,0.3415267242678829,0.7698185873149774,-2.6289183779953733,-0.5263385701891723,-0.768184806591792,-0.3189886202582352,1
121.050318,14.540867,0.6493875630082758,0.7698185873149774,-2.67539873388698,1.034183698682014,-0.1802052166911307,-0.0907352048491478,1
121.050318,14.540867,0.2975466044478267,0.7698185873149774,-2.6290244197790096,-0.6107952224470906,-0.7900422914169117,-0.312733078080698,1
121.065172,14.531149,-0.4721054924031556,1.8549839220253697,-2.449058558413671,-0.1436375319804455,2.578704573195897,2.810994944979989,1
121.050318,14.540867,0.7109597307563544,0.7698185873149774,-2.629045628135737,-0.6276865528986743,-0.7944137883819357,-0.3114819696451906,1
121.065172,14.531149,-0.8839353343981612,1.8549839220253697,-2.4526619201680937,-0.9394741058546132,2.309180415728804,2.750692576010735,1
121.050318,14.540867,0.5438352754401411,0.7698185873149774,-2.6291728782761004,-0.7290345356081762,-0.8206427701720792,-0.3039753190321459,1
121.050318,14.540867,0.2851442106585709,0.7698185873149774,-2.675400854722652,1.0324945656368556,-0.1806423663876331,-0.0906100940055971,1
121.065172,14.531149,-0.7931603670895654,1.8549839220253697,-2.449228225267489,-0.2787681755931148,2.5437325974757057,2.8210038124640486,1
121.065172,14.531149,-0.7911372815778428,1.8549839220253697,-2.449058558413671,-0.1436375319804455,2.578704573195897,2.810994944979989,1
121.0553,14.53712,-0.8019563910535766,1.122106438111597,-2.890061660304505,-0.8558914329170505,-0.0380083008199939,-0.5607435139145476,1
121.065172,14.531149,-0.8889490680576476,1.8549839220253697,-2.498972609205882,0.7561788066292425,2.932131981349657,2.9689371239357625,1
121.065172,14.531149,-0.9520165598796084,1.8549839220253697,-2.452630107633003,-0.9141371101772376,2.31573766117634,2.7488159133574737,1
121.0553,14.53712,0.2975466044478267,1.122106438111597,-2.936499599482657,0.7384134968573032,0.5587142830107154,-0.3349923153764752,1
121.050318,14.540867,-0.0015182103285549,0.7698185873149774,-2.629151669919373,-0.7121432051565926,-0.8162712732070553,-0.3052264274676534,1
121.065172,14.531149,-0.7690592614281746,1.8549839220253697,-2.452608899276276,-0.8972457797256539,2.320109158141364,2.747564804921966,1
121.065172,14.531149,-0.9822748823158068,1.8549839220253697,-2.452630107633003,-0.9141371101772376,2.31573766117634,2.7488159133574737,1
121.065172,14.531149,-0.7763599613183039,1.8549839220253697,-2.452513461671003,-0.8212347926935275,2.3397808944839715,2.741934816962183,1
121.050318,14.540867,0.6229994911162421,0.7698185873149774,-2.6719650389863747,1.694889628943512,0.0543469650557708,-0.0204239683958343,1
121.050318,14.540867,0.626781781420767,0.7698185873149774,-2.6291728782761004,-0.7290345356081762,-0.8206427701720792,-0.3039753190321459,1
121.065172,14.531149,-0.7930724068499252,1.8549839220253697,-2.452608899276276,-0.8972457797256539,2.320109158141364,2.747564804921966,1
121.065172,14.531149,-0.8549964155565642,1.8549839220253697,-2.452714941059912,-0.9817024319835724,2.298251673316244,2.7538203470995035,1
121.050318,14.540867,-0.2478068813208693,0.7698185873149774,-2.6291728782761004,-0.7290345356081762,-0.8206427701720792,-0.3039753190321459,1
121.05252,14.55303,0.7813279224684442,1.0677084944172452,-0.7426997601805414,-0.540963885892134,0.380451087419739,2.2554826944743818,1
121.065172,14.531149,-0.8409227772141463,1.8549839220253697,-2.452608899276276,-0.8972457797256539,2.320109158141364,2.747564804921966,1
121.065172,14.531149,-0.8513900457313197,1.8549839220253697,-2.4526619201680937,-0.9394741058546132,2.309180415728804,2.750692576010735,1
121.050318,14.540867,-0.2302148333928468,0.7698185873149774,-2.675434788093416,1.0054684369143214,-0.1876367615316715,-0.0886083205087851,1
121.050318,14.540867,-0.0542943541126223,0.7698185873149774,-2.675674442524434,0.8145964028114264,-0.2370346772364418,-0.0744707951875511,1
121.050318,14.540867,-0.1422545937527345,0.7698185873149774,-2.675442423101837,0.9993875579517516,-0.18921050043908,-0.0881579214720024,1
121.050318,14.540867,0.8253080422885003,0.7698185873149774,-2.62566495412695,-0.009208948766135,-0.570790349047594,-0.2380429621031085,1
121.050318,14.540867,-0.1422545937527345,0.7698185873149774,-2.629045628135737,-0.6276865528986743,-0.7944137883819357,-0.3114819696451906,1
121.050318,14.540867,0.0512579334555124,0.7698185873149774,-2.6754623589571613,0.9835097073272632,-0.1933197075862025,-0.0869818795426255,1
121.050318,14.540867,-0.3269710969969705,0.7698185873149774,-2.625601329056768,0.0414650425886159,-0.5576758581525221,-0.2417962874096307,1
121.0519,14.53793,-0.626035911773352,0.8792276853390151,-2.5639980792842705,-0.4594399212903583,0.536931894411982,1.1951696581094895,1
121.050318,14.540867,0.8253080422885003,0.7698185873149774,-2.6291092532059186,-0.6783605442534253,-0.8075282792770074,-0.3077286443386683,1
121.050318,14.540867,-0.3181750730329591,0.7698185873149774,-2.6754606622886232,0.9848610137633896,-0.1929699878290006,-0.0870819682174661,1
121.0553,14.53712,-0.4017373006910658,1.122106438111597,-2.8900828686612328,-0.8727827633686341,-0.0423797977850179,-0.5594924054790402,1
121.050318,14.540867,-0.4061353126730714,0.7698185873149774,-2.6791399499601294,0.1285534768725524,-0.4781441044308792,-0.1429053689876034,1
121.050318,14.540867,-0.1862347135727908,0.7698185873149774,-2.6756532341677066,0.8314877332630101,-0.2326631802714178,-0.0757219036230584,1
121.050318,14.540867,0.077646005347546,0.7698185873149774,-2.678864241322675,0.34814077274314,-0.4213146438855681,-0.1591697786492001,1
121.050318,14.540867,0.5265563659652375,0.7698185873149774,-2.6291728782761004,-0.7290345356081762,-0.8206427701720792,-0.3039753190321459,1
121.065172,14.531149,-1.1186132537579807,1.8549839220253697,-2.452683128524821,-0.9563654363061967,2.30480891876378,2.751943684446242,1
121.050318,14.540867,0.4198113375475828,0.7698185873149774,-2.629088044849192,-0.6614692138018415,-0.8031567823119835,-0.3089797527741758,1
121.0553,14.53712,-0.502891576277195,1.122106438111597,-2.8901146811963234,-0.8981197590460098,-0.0489370432325537,-0.5576157428257791,1
121.04885,14.5501,0.6493875630082758,0.7611685547781718,-1.6413621397587377,-0.7428321379001398,-1.1156620115260183,1.5255663481008876,1
121.05147,14.54542,0.8253080422885003,0.8810899498025576,-2.224766314685453,-0.4548808834861086,-1.220966407301042,-0.2736436881255161,1
121.0553,14.53712,-0.6700160315934082,1.122106438111597,-2.8901146811963234,-0.8981197590460098,-0.0489370432325537,-0.5576157428257791,1
121.05298,14.5529,0.7901239464324554,1.0966113508378796,-0.7462713093998734,-1.3114634640889264,0.1174841754001819,2.193303662851866,1
121.050318,14.540867,0.2857599323360517,0.7698185873149774,-2.629088044849192,-0.6614692138018415,-0.8031567823119835,-0.3089797527741758,1
121.050318,14.540867,0.267991963928749,0.7698185873149774,-2.6289501905304644,-0.5516755658665478,-0.774742052039328,-0.3171119576049741,1
121.050318,14.540867,0.7343395624526963,0.7698185873149774,-2.629045628135737,-0.6276865528986743,-0.7944137883819357,-0.3114819696451906,1
121.050318,14.540867,0.1815270483625186,0.7698185873149774,-2.625643745770222,0.0076823816854486,-0.5664188520825699,-0.2392940705386158,1
121.050318,14.540867,0.3019446164298323,0.7698185873149774,-2.675525984027343,0.932835715972512,-0.2064341984812743,-0.0832285542361031,1
121.050318,14.540867,-0.0542943541126223,0.7698185873149774,-2.6823509571150983,-0.3547934836473174,-0.6667955680450294,-0.2263532440137452,1
121.050318,14.540867,0.0483552455473887,0.7698185873149774,-2.6289501905304644,-0.5516755658665478,-0.774742052039328,-0.3171119576049741,1
121.045716,14.547869,-0.0542943541126223,0.5081481606386872,-2.3582341029418568,-0.9842638451025324,-0.1341528868692467,1.2462901545782572,1
121.04559,14.53627,0.0483552455473887,0.4354520388498962,-2.4992560279996705,-1.0951546402408336,0.4782572218002924,1.1832677446237256,1
121.050318,14.540867,0.6493875630082758,0.7698185873149774,-2.629045628135737,-0.6276865528986743,-0.7944137883819357,-0.3114819696451906,1
121.0553,14.53712,-0.6700160315934082,1.122106438111597,-2.939994798617771,0.0287227082862118,0.3114847600652441,-0.4016753373668171,1
121.0525,14.5539,0.4558750358000291,1.084124247162774,-0.6769194336142114,-0.6702590944425006,0.3806502334784709,2.322266639641506,1
121.065172,14.531149,-1.1010212058299582,1.8549839220253697,-2.452630107633003,-0.9141371101772376,2.31573766117634,2.7488159133574737,1
121.050318,14.540867,0.4734670837280513,0.7698185873149774,-2.6291728782761004,-0.7290345356081762,-0.8206427701720792,-0.3039753190321459,1
121.050318,14.540867,0.3415267242678829,0.7698185873149774,-2.678843032965948,0.3650321031947237,-0.4169431469205442,-0.1604208870847076,1
121.050318,14.540867,0.455206537978764,0.7698185873149774,-2.6291728782761004,-0.7290345356081762,-0.8206427701720792,-0.3039753190321459,1
121.050318,14.540867,-0.0542943541126223,0.7698185873149774,-2.67539873388698,1.034183698682014,-0.1802052166911307,-0.0907352048491478,1
121.050318,14.540867,-0.0718864020406447,0.7698185873149774,-2.629088044849192,-0.6614692138018415,-0.8031567823119835,-0.3089797527741758,1
121.050318,14.540867,0.6265179007018467,0.7698185873149774,-2.675400854722652,1.0324945656368556,-0.1806423663876331,-0.0906100940055971,1
121.050318,14.540867,-0.3181750730329591,0.7698185873149774,-2.6755153798489792,0.9412813811983038,-0.2042484499987623,-0.0838541084538569,1
121.050318,14.540867,-0.0982744739326784,0.7698185873149774,-2.625643745770222,0.0076823816854486,-0.5664188520825699,-0.2392940705386158,1
121.065172,14.531149,-1.1262657946066703,1.8549839220253697,-2.4525664825628213,-0.8634631188224866,2.328852152071412,2.7450625880509514,1
121.050318,14.540867,0.3767108201239278,0.7698185873149774,-2.6291728782761004,-0.7290345356081762,-0.8206427701720792,-0.3039753190321459,1
121.050318,14.540867,-0.1866745147709912,0.7698185873149774,-2.675434788093416,1.0054684369143214,-0.1876367615316715,-0.0886083205087851,1
121.050318,14.540867,-0.3181750730329591,0.7698185873149774,-2.679118741603402,0.1454448073241361,-0.4737726074658552,-0.1441564774231108,1
121.050318,14.540867,-0.7755683191615429,0.7698185873149774,-2.629088044849192,-0.6614692138018415,-0.8031567823119835,-0.3089797527741758,1
121.050318,14.540867,0.3415267242678829,0.7698185873149774,-2.6290244197790096,-0.6107952224470906,-0.7900422914169117,-0.312733078080698,1
121.050318,14.540867,-0.3181750730329591,0.7698185873149774,-2.628875961281919,-0.492555909286005,-0.7594418126617442,-0.3214908371292502,1
121.050318,14.540867,-0.8459365108736328,0.7698185873149774,-2.6290244197790096,-0.6107952224470906,-0.7900422914169117,-0.312733078080698,1
121.050318,14.540867,-0.4501154324931275,0.7698185873149774,-2.6789066580361296,0.3143581118399727,-0.4300576378156159,-0.1566675617781853,1
121.050318,14.540867,0.4866611196740681,0.7698185873149774,-2.6290032114222823,-0.593903891995507,-0.7856707944518878,-0.3139841865162055,1
121.050318,14.540867,0.5992502264134119,0.7698185873149774,-2.6291728782761004,-0.7290345356081762,-0.8206427701720792,-0.3039753190321459,1
121.065172,14.531149,-1.0658371099739137,1.8549839220253697,-2.452630107633003,-0.9141371101772376,2.31573766117634,2.7488159133574737,1
121.05201,14.53583,-0.274194953212903,0.8926913229132645,-2.598584528289589,-1.051418309962185,0.1936441524387223,1.1050078431210983,1
121.050318,14.540867,0.917402413191698,0.7698185873149774,-2.6257073708404044,-0.0429916096693024,-0.5795333429776418,-0.2355407452320935,1
121.0553,14.53712,-0.626035911773352,1.122106438111597,-2.8900743853185418,-0.8660262311880006,-0.0406311989990082,-0.5599928488532433,1
121.050318,14.540867,0.7680459262827872,0.7698185873149774,-2.675610817454252,0.8652703941661775,-0.22392018634137,-0.0782241204940734,1
121.050318,14.540867,0.3855068440879393,0.7698185873149774,-2.6257307000328045,-0.0615720731660444,-0.5843419896391681,-0.2341645259530353,1
121.050318,14.540867,-0.0542943541126223,0.7698185873149774,-2.6788451538016207,0.3633429701495654,-0.4173802966170465,-0.1602957762411569,1
121.0553,14.53712,-0.0103142342925661,1.122106438111597,-2.936435974412475,0.7890874882120541,0.5718287739057871,-0.3387456406829975,1
121.065172,14.531149,-1.0834291579019355,1.8549839220253697,-2.452630107633003,-0.9141371101772376,2.31573766117634,2.7488159133574737,1
121.065172,14.531149,-0.9954689182618236,1.8549839220253697,-2.452683128524821,-0.9563654363061967,2.30480891876378,2.751943684446242,1
121.050318,14.540867,-0.274194953212903,0.7698185873149774,-2.675419942243707,1.0172923682304302,-0.1845767136561547,-0.0894840964136403,1
121.050318,14.540867,0.7046265935022663,0.7698185873149774,-2.6257073708404044,-0.0429916096693024,-0.5795333429776418,-0.2355407452320935,1
121.050318,14.540867,0.0336658855274902,0.7698185873149774,-2.628897169638646,-0.5094472397375887,-0.7638133096267681,-0.3202397286937427,1
121.0521,14.52655,-0.0542943541126223,0.9993545043798296,-2.479299584433309,0.05182445947999,2.0702680379475487,1.3234664652696382,1
121.0553,14.53712,-0.7579762712335204,1.122106438111597,-2.890061660304505,-0.8558914329170505,-0.0380083008199939,-0.5607435139145476,1
121.0553,14.53712,-0.5380756721332399,1.122106438111597,-2.8901252853746877,-0.9065654242718016,-0.0511227917150657,-0.5569901886080253,1
121.050318,14.540867,0.0072778136354562,0.7698185873149774,-2.6755684007407976,0.8990530550693447,-0.2151771924113222,-0.0807263373650883,1
121.0553,14.53712,-0.9951170773032632,1.122106438111597,-2.8900828686612328,-0.8727827633686341,-0.0423797977850179,-0.5594924054790402,1
121.050318,14.540867,0.3855068440879393,0.7698185873149774,-2.6290032114222823,-0.593903891995507,-0.7856707944518878,-0.3139841865162055,1
121.0553,14.53712,-0.3181750730329591,1.122106438111597,-2.890019243591051,-0.8221087720138832,-0.0292653068899461,-0.5632457307855625,1
121.0553,14.53712,-0.675293645971815,1.122106438111597,-2.9400923570587163,-0.0489774117910728,0.291375874026134,-0.3959202385634829,1
121.0553,14.53712,-0.4061353126730714,1.122106438111597,-2.8901146811963234,-0.8981197590460098,-0.0489370432325537,-0.5576157428257791,1
121.050318,14.540867,0.2975466044478267,0.7698185873149774,-2.629088044849192,-0.6614692138018415,-0.8031567823119835,-0.3089797527741758,1
121.0553,14.53712,-0.7535782592515148,1.122106438111597,-2.890061660304505,-0.8558914329170505,-0.0380083008199939,-0.5607435139145476,1
121.050318,14.540867,-0.0542943541126223,0.7698185873149774,-2.679118741603402,0.1454448073241361,-0.4737726074658552,-0.1441564774231108,1
121.050318,14.540867,0.4627076992550331,0.7698185873149774,-2.6291728782761004,-0.7290345356081762,-0.8206427701720792,-0.3039753190321459,1
121.050318,14.540867,0.6933676828283319,0.7698185873149774,-2.67539873388698,1.034183698682014,-0.1802052166911307,-0.0907352048491478,1
121.050318,14.540867,-0.1422545937527345,0.7698185873149774,-2.6290244197790096,-0.6107952224470906,-0.7900422914169117,-0.312733078080698,1
121.050318,14.540867,-0.0103142342925661,0.7698185873149774,-2.6755577965624338,0.9074987202951366,-0.2129914439288102,-0.081351891582842,1
121.050318,14.540867,0.6779746408913123,0.7698185873149774,-2.6291728782761004,-0.7290345356081762,-0.8206427701720792,-0.3039753190321459,1
121.044261,14.54912748,-0.3621551928530154,0.4276068365647208,-2.4452241676441338,-1.1521593676530242,0.1257371545719637,1.2711629405850489,1
121.0512289,14.54890293,0.5675845401429714,0.9069804592736224,-1.2642844251616847,-0.9949796083199476,-0.3729153191414225,1.7706313592169265,1
121.0553,14.53712,-0.3621551928530154,1.122106438111597,-2.936713803885602,0.5678110592963082,0.5145621636639733,-0.32235612017785,1
121.050318,14.540867,-0.0542943541126223,0.7698185873149774,-2.6291092532059186,-0.6783605442534253,-0.8075282792770074,-0.3077286443386683,1
121.050318,14.540867,-0.3181750730329591,0.7698185873149774,-2.675695650881161,0.7977050723598428,-0.2414061742014657,-0.0732196867520436,1
121.050318,14.540867,0.4734670837280513,0.7698185873149774,-2.678843032965948,0.3650321031947237,-0.4169431469205442,-0.1604208870847076,1
121.0553,14.53712,-0.4237273606010938,1.122106438111597,-2.89010407701796,-0.8896740938202178,-0.0467512947500418,-0.5582412970435329,1
121.050318,14.540867,-0.4501154324931275,0.7698185873149774,-2.682467603077098,-0.4476958011310276,-0.6908388013526611,-0.2194721476184542,1
121.050318,14.540867,-0.4061353126730714,0.7698185873149774,-2.632617177355069,-1.398186131095467,-1.0573807004014926,-0.3736610012677057,1
121.050318,14.540867,-0.0542943541126223,0.7698185873149774,-2.629088044849192,-0.6614692138018415,-0.8031567823119835,-0.3089797527741758,1
121.050318,14.540867,-0.4061353126730714,0.7698185873149774,-2.629045628135737,-0.6276865528986743,-0.7944137883819357,-0.3114819696451906,1
121.050318,14.540867,0.5614273233681636,0.7698185873149774,-2.628897169638646,-0.5094472397375887,-0.7638133096267681,-0.3202397286937427,1
121.050318,14.540867,-0.3181750730329591,0.7698185873149774,-2.6291728782761004,-0.7290345356081762,-0.8206427701720792,-0.3039753190321459,1
121.050318,14.540867,0.0056345404384996,0.7698185873149774,-2.629045628135737,-0.6276865528986743,-0.7944137883819357,-0.3114819696451906,1
121.050318,14.540867,0.077646005347546,0.7698185873149774,-2.629088044849192,-0.6614692138018415,-0.8031567823119835,-0.3089797527741758,1
121.0436,14.55206,-0.5820557919532959,0.4403887097429553,-2.191221322789576,-0.5706299493518162,0.458146505282508,1.5779993885429182,1
121.050318,14.540867,-0.0542943541126223,0.7698185873149774,-2.6822894528805894,-0.3058086253377248,-0.65411822684646,-0.2299814584767168,1
121.0553,14.53712,-0.1422545937527345,1.122106438111597,-2.936499599482657,0.7384134968573032,0.5587142830107154,-0.3349923153764752,1
121.050318,14.540867,-0.0982744739326784,0.7698185873149774,-2.629088044849192,-0.6614692138018415,-0.8031567823119835,-0.3089797527741758,1
121.0553,14.53712,-0.4940955523131836,1.122106438111597,-2.8900828686612328,-0.8727827633686341,-0.0423797977850179,-0.5594924054790402,1
121.045716,14.547869,-0.4501154324931275,0.5081481606386872,-2.3582341029418568,-0.9842638451025324,-0.1341528868692467,1.2462901545782572,1
121.050318,14.540867,0.0336658855274902,0.7698185873149774,-2.67539873388698,1.034183698682014,-0.1802052166911307,-0.0907352048491478,1
121.044261,14.54912748,-0.5820557919532959,0.4276068365647208,-2.4452241676441338,-1.1521593676530242,0.1257371545719637,1.2711629405850489,1
121.0553,14.53712,-0.7139961514134645,1.122106438111597,-2.8900828686612328,-0.8727827633686341,-0.0423797977850179,-0.5594924054790402,1
121.050318,14.540867,-0.2302148333928468,0.7698185873149774,-2.6756532341677066,0.8314877332630101,-0.2326631802714178,-0.0757219036230584,1
121.044261,14.54912748,-0.6876080795214307,0.4276068365647208,-2.4452241676441338,-1.1521593676530242,0.1257371545719637,1.2711629405850489,1
121.050318,14.540867,0.5614273233681636,0.7698185873149774,-2.6756827137835573,0.8080087839353088,-0.2387395610528011,-0.0739828628977031,1
121.065172,14.531149,-0.933896750513745,1.8549839220253697,-2.452693732703185,-0.9648111015319888,2.3026231702812683,2.752569238663996,1
121.050318,14.540867,-0.4940955523131836,0.7698185873149774,-2.675525984027343,0.932835715972512,-0.2064341984812743,-0.0832285542361031,1
121.048118,14.5488356,-0.3621551928530154,0.6897689894305497,-1.8093812656231127,-0.7375714419329665,-0.9966641513946448,1.479184981760394,1
121.044261,14.54912748,-0.4940955523131836,0.4276068365647208,-2.4452241676441338,-1.1521593676530242,0.1257371545719637,1.2711629405850489,1
121.044261,14.54912748,-0.5380756721332399,0.4276068365647208,-2.4452241676441338,-1.1521593676530242,0.1257371545719637,1.2711629405850489,1
121.065172,14.531149,-1.048245062045891,1.8549839220253697,-2.452630107633003,-0.9141371101772376,2.31573766117634,2.7488159133574737,1
121.050318,14.540867,-0.5820557919532959,0.7698185873149774,-2.6291728782761004,-0.7290345356081762,-0.8206427701720792,-0.3039753190321459,1
121.065172,14.531149,-0.9075086786217113,1.8549839220253697,-2.4992059011298817,0.5703741716618224,2.8840455147343937,2.9826993167263445,1
121.050318,14.540867,0.4484863756702594,0.7698185873149774,-2.628982003065555,-0.5770125615439233,-0.7812992974868639,-0.315235294951713,1
121.05005839711,14.533778919133,-0.4237273606010938,0.7664182537224102,-2.610984037742213,-0.9947440410786168,0.0144497488205179,1.1149587080534398,1
121.0479501,14.54615918,0.2087067624113133,0.6416033385628391,-2.258379626000869,-0.6021304848553926,-0.8610003447893806,1.2916637829482318,1
121.044,14.55387,-0.5116876002412061,0.493778716973021,-2.071819705566483,-0.341513560152605,1.00395863651754,1.7660264796967409,1
121.0553,14.53712,-0.2302148333928468,1.122106438111597,-2.9400308528242074,7.44651851984039e-06,0.3040532152247034,-0.3995484530264543,1
121.044261,14.54912748,-0.8019563910535766,0.4276068365647208,-2.4452241676441338,-1.1521593676530242,0.1257371545719637,1.2711629405850489,1
121.050318,14.540867,0.7813279224684442,0.7698185873149774,-2.675610817454252,0.8652703941661775,-0.22392018634137,-0.0782241204940734,1
121.050318,14.540867,0.2095863648077144,0.7698185873149774,-2.67903730151357,0.2103075162582174,-0.4569860591201633,-0.1489607338154594,1
121.065172,14.531149,-0.9514887984417676,1.8549839220253697,-2.4992377136649724,0.5450371759844469,2.877488269286858,2.984575979379606,1
121.050318,14.540867,0.5614273233681636,0.7698185873149774,-2.6291092532059186,-0.6783605442534253,-0.8075282792770074,-0.3077286443386683,1
121.050318,14.540867,-0.0542943541126223,0.7698185873149774,-2.678949074749584,0.2805754509368053,-0.4388006317456638,-0.1541653449071704,1
121.050318,14.540867,-0.4501154324931275,0.7698185873149774,-2.6790551165332204,0.1961187986788871,-0.4606581165707835,-0.1479098027296332,1
121.0446856,14.55127412,-0.3938208791234556,0.4973897353561838,-2.215923688706279,-1.651541561224148,-0.0589429627290039,1.402971891743336,1
121.050318,14.540867,-0.3621551928530154,0.7698185873149774,-2.675504775670616,0.9497270464240956,-0.2020627015162504,-0.0844796626716106,1
121.050318,14.540867,0.68402190736657,0.7698185873149774,-2.625601329056768,0.0414650425886159,-0.5576758581525221,-0.2417962874096307,1
121.050318,14.540867,0.6483320401325945,0.7698185873149774,-2.6291728782761004,-0.7290345356081762,-0.8206427701720792,-0.3039753190321459,1
121.050318,14.540867,-0.3181750730329591,0.7698185873149774,-2.682563040682371,-0.5237067881631541,-0.7105105376952687,-0.2138421596586708,1
121.050318,14.540867,-0.2478068813208693,0.7698185873149774,-2.675589609097525,0.8821617246177611,-0.2195486893763461,-0.0794752289295808,1
121.050318,14.540867,-0.5116876002412061,0.7698185873149774,-2.6789066580361296,0.3143581118399727,-0.4300576378156159,-0.1566675617781853,1
121.050318,14.540867,0.7373478026483884,0.7698185873149774,-2.629088044849192,-0.6614692138018415,-0.8031567823119835,-0.3089797527741758,1
121.050318,14.540867,-0.0542943541126223,0.7698185873149774,-2.63253234392816,-1.3306208092891323,-1.0398947125413969,-0.3786654350097356,1
121.065172,14.531149,-1.0557216824153004,1.8549839220253697,-2.452672524346457,-0.9479197710804048,2.306994667246292,2.751318130228489,1
121.050318,14.540867,-0.274194953212903,0.7698185873149774,-2.629045628135737,-0.6276865528986743,-0.7944137883819357,-0.3114819696451906,1
121.044261,14.54912748,-0.1862347135727908,0.4276068365647208,-2.4415465766411653,-0.2972031371983135,0.4105615514166404,1.327086430030027,1
121.0553,14.53712,-0.626035911773352,1.122106438111597,-2.8900828686612328,-0.8727827633686341,-0.0423797977850179,-0.5594924054790402,1
121.050318,14.540867,0.2535664846277706,0.7698185873149774,-2.6290032114222823,-0.593903891995507,-0.7856707944518878,-0.3139841865162055,1
121.050318,14.540867,-0.1862347135727908,0.7698185873149774,-2.629088044849192,-0.6614692138018415,-0.8031567823119835,-0.3089797527741758,1
121.050318,14.540867,-0.1422545937527345,0.7698185873149774,-2.629088044849192,-0.6614692138018415,-0.8031567823119835,-0.3089797527741758,1
121.050318,14.540867,0.1216261251676022,0.7698185873149774,-2.6291092532059186,-0.6783605442534253,-0.8075282792770074,-0.3077286443386683,1
121.050318,14.540867,0.9572484017486688,0.7698185873149774,-2.629088044849192,-0.6614692138018415,-0.8031567823119835,-0.3089797527741758,1
121.050318,14.540867,0.3388879170786795,0.7698185873149774,-2.675419942243707,1.0172923682304302,-0.1845767136561547,-0.0894840964136403,1
121.065172,14.531149,-1.241757589254138,1.8549839220253697,-2.4527361494166398,-0.998593762435156,2.2938801763512204,2.755071455535011,1
121.0553,14.53712,-0.626035911773352,1.122106438111597,-2.8900404519477783,-0.8390001024654669,-0.03363680385497,-0.5619946223500552,1
121.0553,14.53712,-0.274194953212903,1.122106438111597,-2.936499599482657,0.7384134968573032,0.5587142830107154,-0.3349923153764752,1
121.050318,14.540867,0.971585920810007,0.7698185873149774,-2.629045628135737,-0.6276865528986743,-0.7944137883819357,-0.3114819696451906,1
121.050318,14.540867,-0.0428595229594077,0.7698185873149774,-2.6789914914630386,0.2467927900336381,-0.4475436256757116,-0.1516631280361555,1
121.050318,14.540867,0.7373478026483884,0.7698185873149774,-2.628897169638646,-0.5094472397375887,-0.7638133096267681,-0.3202397286937427,1
121.050318,14.540867,-0.274194953212903,0.7698185873149774,-2.6291728782761004,-0.7290345356081762,-0.8206427701720792,-0.3039753190321459,1
121.050318,14.540867,0.6933676828283319,0.7698185873149774,-2.629088044849192,-0.6614692138018415,-0.8031567823119835,-0.3089797527741758,1
121.050318,14.540867,0.3855068440879393,0.7698185873149774,-2.678879087172384,0.3363168414270311,-0.4243746917610849,-0.1582940027443449,1
121.0436,14.55206,0.1216261251676022,0.4403887097429553,-2.192672005362951,-0.6889967173151904,0.3957327013201075,1.527142359450643,1
121.050318,14.540867,-0.0542943541126223,0.7698185873149774,-2.6822873320449165,-0.3041194922925665,-0.6536810771499576,-0.2301065693202675,1
121.050318,14.540867,-0.2302148333928468,0.7698185873149774,-2.675589609097525,0.8821617246177611,-0.2195486893763461,-0.0794752289295808,1
121.065172,14.531149,-1.0834291579019355,1.8549839220253697,-2.452608899276276,-0.8972457797256539,2.320109158141364,2.747564804921966,1
121.0553,14.53712,0.1216261251676022,1.122106438111597,-2.9433881976405942,-0.5998896941172773,0.0852384225518881,-0.4743636798475947,1
121.04993,14.54805,0.5614273233681636,0.8042660444786396,-1.7434206680246012,-0.7232903416448722,-0.9593072811332096,1.5353345052257052,1
121.050318,14.540867,-0.3269710969969705,0.7698185873149774,-2.629045628135737,-0.6276865528986743,-0.7944137883819357,-0.3114819696451906,1
121.050318,14.540867,-0.0542943541126223,0.7698185873149774,-2.6754623589571613,0.9835097073272632,-0.1933197075862025,-0.0869818795426255,1
121.050318,14.540867,-0.6700160315934082,0.7698185873149774,-2.675589609097525,0.8821617246177611,-0.2195486893763461,-0.0794752289295808,1
121.050318,14.540867,-0.0498963421306167,0.7698185873149774,-2.6754623589571613,0.9835097073272632,-0.1933197075862025,-0.0869818795426255,1
121.050318,14.540867,0.1216261251676022,0.7698185873149774,-2.675504775670616,0.9497270464240956,-0.2020627015162504,-0.0844796626716106,1
121.0553,14.53712,0.2535664846277706,1.122106438111597,-2.8900743853185418,-0.8660262311880006,-0.0406311989990082,-0.5599928488532433,1
121.065172,14.531149,-0.5820557919532959,1.8549839220253697,-2.4991740885947906,0.5957111673391978,2.8906027601819297,2.980822654073084,1
121.050318,14.540867,0.1216261251676022,0.7698185873149774,-2.629045628135737,-0.6276865528986743,-0.7944137883819357,-0.3114819696451906,1
121.050318,14.540867,0.4734670837280513,0.7698185873149774,-2.6822894528805894,-0.3058086253377248,-0.65411822684646,-0.2299814584767168,1
121.050318,14.540867,-0.0542943541126223,0.7698185873149774,-2.6790551165332204,0.1961187986788871,-0.4606581165707835,-0.1479098027296332,1
121.0553,14.53712,-0.4061353126730714,1.122106438111597,-2.9365420161961118,0.7046308359541358,0.5499712890806675,-0.3324900985054603,1
121.050318,14.540867,0.0512579334555124,0.7698185873149774,-2.6789066580361296,0.3143581118399727,-0.4300576378156159,-0.1566675617781853,1
121.044261,14.54912748,-0.2302148333928468,0.4276068365647208,-2.4452241676441338,-1.1521593676530242,0.1257371545719637,1.2711629405850489,1
121.065172,14.531149,-0.9778768703338012,1.8549839220253697,-2.4992377136649724,0.5450371759844469,2.877488269286858,2.984575979379606,1
121.050318,14.540867,0.1216261251676022,0.7698185873149774,-2.682308540401644,-0.3210108227441501,-0.6580525741149815,-0.22885546088476,1
121.050318,14.540867,0.1216261251676022,0.7698185873149774,-2.675415700572361,1.020670634320747,-0.1837024142631498,-0.0897343181007419,1
121.050318,14.540867,0.1356997635100201,0.7698185873149774,-2.6291092532059186,-0.6783605442534253,-0.8075282792770074,-0.3077286443386683,1
121.050318,14.540867,-0.0982744739326784,0.7698185873149774,-2.6789066580361296,0.3143581118399727,-0.4300576378156159,-0.1566675617781853,1
121.050318,14.540867,0.9637574594820372,0.7698185873149774,-2.628939586352101,-0.5432299006407559,-0.772556303556816,-0.3177375118227278,1
121.050318,14.540867,-0.0982744739326784,0.7698185873149774,-2.675419942243707,1.0172923682304302,-0.1845767136561547,-0.0894840964136403,1
121.050318,14.540867,-0.4940955523131836,0.7698185873149774,-2.6291728782761004,-0.7290345356081762,-0.8206427701720792,-0.3039753190321459,1
121.0553,14.53712,-0.0630903780766335,1.122106438111597,-2.933097717117143,1.3737824314414258,0.7867092193100805,-0.2628044162699005,1
121.050318,14.540867,0.1216261251676022,0.7698185873149774,-2.675419942243707,1.0172923682304302,-0.1845767136561547,-0.0894840964136403,1
121.0503029,14.53332095,-0.274194953212903,0.7872558211101823,-2.613816932450677,-0.9945509755471674,0.0563171698506856,1.0995742824455967,1
121.0553,14.53712,-0.274194953212903,1.122106438111597,-2.890068659062225,-0.8614655719660732,-0.0394508948184519,-0.5603306481308301,1
121.050318,14.540867,0.5174472035481075,0.7698185873149774,-2.629088044849192,-0.6614692138018415,-0.8031567823119835,-0.3089797527741758,1
121.0553,14.53712,-0.3621551928530154,1.122106438111597,-2.9400923570587163,-0.0489774117910728,0.291375874026134,-0.3959202385634829,1
121.0494137,14.53341307,-0.274194953212903,0.7237205216225762,-2.466082673699168,0.4474503523634609,0.9339898674568708,1.480541033663701,1
121.050318,14.540867,-0.4061353126730714,0.7698185873149774,-2.6757022254717464,0.7924687599198518,-0.2427613382606231,-0.0728318431370363,1
121.050318,14.540867,-0.5336776601512342,0.7698185873149774,-2.675504775670616,0.9497270464240956,-0.2020627015162504,-0.0844796626716106,1
121.050318,14.540867,0.1216261251676022,0.7698185873149774,-2.6754623589571613,0.9835097073272632,-0.1933197075862025,-0.0869818795426255,1
121.050318,14.540867,-0.1862347135727908,0.7698185873149774,-2.675658112089754,0.827602727259146,-0.2336686245733733,-0.0754341486828918,1
121.050318,14.540867,0.3855068440879393,0.7698185873149774,-2.6290032114222823,-0.593903891995507,-0.7856707944518877,-0.3139841865162056,1
121.050318,14.540867,0.0336658855274902,0.7698185873149774,-2.678927866392857,0.297466781388389,-0.4344291347806399,-0.1554164533426779,1
121.050318,14.540867,-0.5380756721332399,0.7698185873149774,-2.675695650881161,0.7977050723598428,-0.2414061742014657,-0.0732196867520436,1
121.050318,14.540867,-0.5644637440252734,0.7698185873149774,-2.6291728782761004,-0.7290345356081762,-0.8206427701720792,-0.3039753190321459,1
121.0553,14.53712,0.1216261251676022,1.122106438111597,-2.943303364213685,-0.5323243723109428,0.1027244104119838,-0.4793681135896246,1
121.050318,14.540867,0.4294869639079951,0.7698185873149774,-2.6222842801181634,0.6092686553664044,-0.3471669097132522,-0.1646039545610262,1
121.050318,14.540867,-0.0718864020406447,0.7698185873149774,-2.63253234392816,-1.3306208092891323,-1.0398947125413969,-0.3786654350097356,1
121.050318,14.540867,-0.1862347135727908,0.7698185873149774,-2.675419942243707,1.0172923682304302,-0.1845767136561547,-0.0894840964136403,1
121.050318,14.540867,-0.2302148333928468,0.7698185873149774,-2.675695650881161,0.7977050723598428,-0.2414061742014657,-0.0732196867520436,1
121.050318,14.540867,0.3855068440879393,0.7698185873149774,-2.629088044849192,-0.6614692138018415,-0.8031567823119835,-0.3089797527741758,1
121.050318,14.540867,0.4564027972378695,0.7698185873149774,-2.629088044849192,-0.6614692138018415,-0.8031567823119835,-0.3089797527741758,1
121.050318,14.540867,0.5614273233681636,0.7698185873149774,-2.6291728782761004,-0.7290345356081762,-0.8206427701720792,-0.3039753190321459,1
121.0518771,14.5380015,-0.6163602854129397,0.8775213476178564,-2.5520952577480096,-1.7793919901581925,0.0008658850983521,1.0833477419218756,1
121.0553,14.53712,0.1656062449876583,1.122106438111597,-2.890061660304505,-0.8558914329170505,-0.0380083008199939,-0.5607435139145476,1
121.050318,14.540867,-0.2302148333928468,0.7698185873149774,-2.6291092532059186,-0.6783605442534253,-0.8075282792770074,-0.3077286443386683,1
121.050318,14.540867,-0.4061353126730714,0.7698185873149774,-2.6291728782761004,-0.7290345356081762,-0.8206427701720792,-0.3039753190321459,1
121.050318,14.540867,0.6054074431882197,0.7698185873149774,-2.629088044849192,-0.6614692138018415,-0.8031567823119835,-0.3089797527741758,1
121.050318,14.540867,0.614203467152231,0.7698185873149774,-2.625516495629859,0.1090303643949505,-0.5401898702924264,-0.2468007211516605,1
121.050318,14.540867,0.4474308527945784,0.7698185873149774,-2.629088044849192,-0.6614692138018415,-0.8031567823119835,-0.3089797527741758,1
121.050318,14.540867,0.077646005347546,0.7698185873149774,-2.63253234392816,-1.3306208092891323,-1.0398947125413969,-0.3786654350097356,1
121.0553,14.53712,-0.5380756721332399,1.122106438111597,-2.8900828686612328,-0.8727827633686341,-0.0423797977850179,-0.5594924054790402,1
121.050318,14.540867,0.1216261251676022,0.7698185873149774,-2.6290244197790096,-0.6107952224470906,-0.7900422914169117,-0.312733078080698,1
121.065172,14.531149,-0.8459365108736328,1.8549839220253697,-2.502469929176669,0.044798885012993,2.684465308707684,2.902379212788972,1
121.050318,14.540867,-0.3357671209609815,0.7698185873149774,-2.675419942243707,1.0172923682304302,-0.1845767136561547,-0.0894840964136403,1
121.050318,14.540867,0.4734670837280513,0.7698185873149774,-2.629088044849192,-0.6614692138018415,-0.8031567823119835,-0.3089797527741758,1
121.050318,14.540867,0.3375685134840778,0.7698185873149774,-2.6291092532059186,-0.6783605442534253,-0.8075282792770074,-0.3077286443386683,1
121.050318,14.540867,0.4558750358000291,0.7698185873149774,-2.678927866392857,0.297466781388389,-0.4344291347806399,-0.1554164533426779,1
121.0553,14.53712,-0.0542943541126223,1.122106438111597,-2.890019243591051,-0.8221087720138832,-0.0292653068899461,-0.5632457307855625,1
121.065172,14.531149,-0.6524239836653857,1.8549839220253697,-2.4992059011298817,0.5703741716618224,2.8840455147343937,2.9826993167263445,1
121.0518771,14.5380015,-0.4633094684391443,0.8775213476178564,-2.548650958669041,-1.110240394670902,0.2376038153277657,1.1530334241574356,1
121.050318,14.540867,0.3415267242678829,0.7698185873149774,-2.67539873388698,1.034183698682014,-0.1802052166911307,-0.0907352048491478,1
121.050318,14.540867,-0.1862347135727908,0.7698185873149774,-2.6291728782761004,-0.7290345356081762,-0.8206427701720792,-0.3039753190321459,1
121.050318,14.540867,0.2095863648077144,0.7698185873149774,-2.625643745770222,0.0076823816854486,-0.5664188520825699,-0.2392940705386158,1
121.0499855,14.546318,0.2975466044478267,0.786232481525419,-1.9318450001968008,-0.5060034219964167,-1.3070745437143785,1.4060460141159457,1
121.05008,14.54844,-0.2302148333928468,0.8202475731689297,-1.6963151151904696,-0.7780343548182757,-0.872474752912043,1.5676879057140327,1
121.050318,14.540867,-0.0982744739326784,0.7698185873149774,-2.6754623589571613,0.9835097073272632,-0.1933197075862025,-0.0869818795426255,1
121.050318,14.540867,-0.5820557919532959,0.7698185873149774,-2.6257391833754955,-0.0683286053466779,-0.5860905884251777,-0.2336640825788324,1
121.050318,14.540867,0.077646005347546,0.7698185873149774,-2.629151669919373,-0.7121432051565926,-0.8162712732070553,-0.3052264274676534,1
121.051226,14.54795811,-0.0542943541126223,0.89345453593675,-1.696357531903924,-0.811817015721443,-0.8812177468420909,1.5701901225850476,1
121.050318,14.540867,-0.8459365108736328,0.7698185873149774,-2.625728579197132,-0.059882940120886,-0.5839048399426657,-0.2342896367965861,1
121.050318,14.540867,0.1216261251676022,0.7698185873149774,-2.675434788093416,1.0054684369143214,-0.1876367615316715,-0.0886083205087851,1
121.065172,14.531149,-1.5056383081744746,1.8549839220253697,-2.452545274206094,-0.846571788370903,2.3332236490364355,2.743811479615444,1
121.050318,14.540867,0.5614273233681636,0.7698185873149774,-2.67539873388698,1.034183698682014,-0.1802052166911307,-0.0907352048491478,1
121.050318,14.540867,-0.3181750730329591,0.7698185873149774,-2.625495287273132,0.1259216948465342,-0.5358183733274025,-0.2480518295871679,1
121.050318,14.540867,-0.6700160315934082,0.7698185873149774,-2.675579004919161,0.8906073898435529,-0.2173629408938341,-0.0801007831473345,1
121.065172,14.531149,-1.0658371099739137,1.8549839220253697,-2.452683128524821,-0.9563654363061967,2.30480891876378,2.751943684446242,1
121.050318,14.540867,-0.2478068813208693,0.7698185873149774,-2.682541832325644,-0.5068154577115704,-0.7061390407302448,-0.2150932680941781,1
121.0519445,14.5466272,-0.1616058464735592,0.9272306295803738,-1.9944131108873933,1.0744120046440595,-0.4901299339073581,0.1839204456937525,1
121.050318,14.540867,0.0072778136354562,0.7698185873149774,-2.6291198573842824,-0.6868062094792171,-0.8097140277595194,-0.3071030901209145,1
121.050318,14.540867,-0.3621551928530154,0.7698185873149774,-2.6291728782761004,-0.7290345356081762,-0.8206427701720792,-0.3039753190321459,1
121.050318,14.540867,-0.1422545937527345,0.7698185873149774,-2.6291728782761004,-0.7290345356081762,-0.8206427701720792,-0.3039753190321459,1
121.050318,14.540867,-0.1158665218607009,0.7698185873149774,-2.629151669919373,-0.7121432051565926,-0.8162712732070553,-0.3052264274676534,1
121.050318,14.540867,0.8253080422885003,0.7698185873149774,-2.675610817454252,0.8652703941661775,-0.22392018634137,-0.0782241204940734,1
121.050318,14.540867,-0.184123667821428,0.7698185873149774,-2.67563202581098,0.8483790637145937,-0.2282916833063939,-0.0769730120585659,1
121.050318,14.540867,0.4734670837280513,0.7698185873149774,-2.6755153798489792,0.9412813811983038,-0.2042484499987623,-0.0838541084538569,1
121.0553,14.53712,-0.6084438638453298,1.122106438111597,-2.890019243591051,-0.8221087720138832,-0.0292653068899461,-0.5632457307855625,1
121.0553,14.53712,-0.626035911773352,1.122106438111597,-2.89010407701796,-0.8896740938202178,-0.0467512947500418,-0.5582412970435329,1
121.05140458188,14.548834717356,0.7373478026483884,0.9182045195111054,-1.2642844251616847,-0.9949796083199476,-0.3729153191414225,1.7706313592169265,1
121.050318,14.540867,-0.5380756721332399,0.7698185873149774,-2.632617177355069,-1.398186131095467,-1.0573807004014926,-0.3736610012677057,1
121.050318,14.540867,0.0336658855274902,0.7698185873149774,-2.682329748758371,-0.3379021531957338,-0.6624240710800054,-0.2276043524492527,1
121.050318,14.540867,1.0012285215687249,0.7698185873149774,-2.628875961281919,-0.492555909286005,-0.7594418126617442,-0.3214908371292502,1
121.050318,14.540867,0.6493875630082758,0.7698185873149774,-2.63253234392816,-1.3306208092891323,-1.0398947125413969,-0.3786654350097356,1
121.050318,14.540867,0.2830029945450116,0.7698185873149774,-2.6291728782761004,-0.7290345356081762,-0.8206427701720792,-0.3039753190321459,1
121.065172,14.531149,-0.5820557919532959,1.8549839220253697,-2.5026077834953955,-0.0649947629223006,2.656050578435028,2.91051141761977,1
121.050318,14.540867,0.4734670837280513,0.7698185873149774,-2.6755471923840703,0.9159443855209284,-0.2108056954462982,-0.0819774458005957,1
121.050318,14.540867,-0.1422545937527345,0.7698185873149774,-2.6325535522848877,-1.3475121397407162,-1.0442662095064208,-0.3774143265742281,1
121.050318,14.540867,0.6448949937686571,0.7698185873149774,-2.629045628135737,-0.6276865528986743,-0.7944137883819357,-0.3114819696451906,1
121.050318,14.540867,-0.0428595229594077,0.7698185873149774,-2.675525984027343,0.932835715972512,-0.2064341984812743,-0.0832285542361031,1
121.050318,14.540867,0.5297616370977232,0.7698185873149774,-2.675419942243707,1.0172923682304302,-0.1845767136561547,-0.0894840964136403,1
121.050318,14.540867,-0.6700160315934082,0.7698185873149774,-2.6291728782761004,-0.7290345356081762,-0.8206427701720792,-0.3039753190321459,1
121.050318,14.540867,0.2095863648077144,0.7698185873149774,-2.628971398887192,-0.5685668963181314,-0.7791135490043519,-0.3158608491694666,1
121.0553,14.53712,-0.2302148333928468,1.122106438111597,-2.8901677020881418,-0.9403480851749692,-0.0598657856451135,-0.5544879717370104,1
121.044261,14.54912748,-0.274194953212903,0.4276068365647208,-2.4452241676441338,-1.1521593676530242,0.1257371545719637,1.2711629405850489,1
121.0553,14.53712,-0.159846641680757,1.122106438111597,-2.890019243591051,-0.8221087720138832,-0.0292653068899461,-0.5632457307855625,1
121.0553,14.53712,-0.1862347135727908,1.122106438111597,-2.89010407701796,-0.8896740938202178,-0.0467512947500418,-0.5582412970435329,1
121.050318,14.540867,0.1339405587172179,0.7698185873149774,-2.6291092532059186,-0.6783605442534253,-0.8075282792770074,-0.3077286443386683,1
121.050318,14.540867,-1.0658371099739137,0.7698185873149774,-2.6790551165332204,0.1961187986788871,-0.4606581165707835,-0.1479098027296332,1
121.050318,14.540867,-0.3621551928530154,0.7698185873149774,-2.675419942243707,1.0172923682304302,-0.1845767136561547,-0.0894840964136403,1
121.0553,14.53712,0.0336658855274902,1.122106438111597,-2.890061660304505,-0.8558914329170505,-0.0380083008199939,-0.5607435139145476,1
121.0553,14.53712,0.1216261251676022,1.122106438111597,-2.890061660304505,-0.8558914329170505,-0.0380083008199939,-0.5607435139145476,1
121.050318,14.540867,-0.0718864020406447,0.7698185873149774,-2.675504775670616,0.9497270464240956,-0.2020627015162504,-0.0844796626716106,1
121.050318,14.540867,-1.0218569901538572,0.7698185873149774,-2.7288949380768863,1.1550547938691174,-0.0919304690394399,0.0056534967018645,1
121.050318,14.540867,-0.0982744739326784,0.7698185873149774,-2.629045628135737,-0.6276865528986743,-0.7944137883819357,-0.3114819696451906,1
121.050318,14.540867,0.1480141970596359,0.7698185873149774,-2.6291728782761004,-0.7290345356081762,-0.8206427701720792,-0.3039753190321459,1
121.050318,14.540867,-0.7579762712335204,0.7698185873149774,-2.7253658055710086,1.8917717111627423,0.1622934490500693,0.0703347451953945,1
121.050318,14.540867,0.7197557547203657,0.7698185873149774,-2.63253234392816,-1.3306208092891323,-1.0398947125413969,-0.3786654350097356,1
121.050318,14.540867,-0.1862347135727908,0.7698185873149774,-2.682308540401644,-0.3210108227441501,-0.6580525741149815,-0.22885546088476,1
121.065172,14.531149,-1.0658371099739137,1.8549839220253697,-2.5025335542468503,-0.0058751063417578,2.671350817812612,2.906132538095494,1
121.050318,14.540867,-0.1422545937527345,0.7698185873149774,-2.6290032114222823,-0.593903891995507,-0.7856707944518878,-0.3139841865162055,1
121.0579993,14.52927064,-1.0755127363343258,1.3701168939447712,-2.43547250922444,-2.0507504116434263,1.1008775881177757,1.0284304378124995,1
121.0553,14.53712,-0.675293645971815,1.122106438111597,-2.893558980275292,-1.5672713545333006,-0.2856749734619674,-0.627301425061339,1
121.050318,14.540867,-0.0428595229594077,0.7698185873149774,-2.6824188238566253,-0.4088457410923853,-0.680784358333106,-0.2223496970201214,1
121.050318,14.540867,-0.0428595229594077,0.7698185873149774,-2.6755302256986884,0.9294574498821953,-0.2073084978742791,-0.0829783325490017,1
121.044261,14.54912748,-0.4589114564571387,0.4276068365647208,-2.448668466723102,-1.8213109631403144,-0.1110007756574497,1.201477258349489,1
121.050318,14.540867,-0.3181750730329591,0.7698185873149774,-2.6755471923840703,0.9159443855209284,-0.2108056954462982,-0.0819774458005957,1
121.050318,14.540867,-0.2763939592039058,0.7698185873149774,-2.72566272256519,1.6552930848405711,0.1010924915397341,0.0878502632924987,1
121.050318,14.540867,-0.274194953212903,0.7698185873149774,-2.675441150600434,1.0004010377788466,-0.1889482106211786,-0.0882329879781329,1
121.0553,14.53712,-0.2917870011409256,1.122106438111597,-2.9365420161961118,0.7046308359541358,0.5499712890806675,-0.3324900985054603,1
121.0553,14.53712,-0.0542943541126223,1.122106438111597,-2.936518687003712,0.7232112994508777,0.5547799357421938,-0.3338663177845185,1
121.0503029,14.53332095,-0.1422545937527345,0.7872558211101823,-2.6138311420496843,-1.0058681669497285,0.0533882668841196,1.1004125250973869,1
121.050318,14.540867,0.2975465164875871,0.7698185873149774,-2.628982003065555,-0.5770125615439233,-0.7812992974868639,-0.315235294951713,1
121.050318,14.540867,0.6493875630082758,0.7698185873149774,-2.629151669919373,-0.7121432051565926,-0.8162712732070553,-0.3052264274676534,1
121.04942,14.53774,-0.1422545937527345,0.7033043150366014,-2.5045722880911083,-0.9157452402543332,-0.10794069972623,1.2395022026063076,1
121.04474216858,14.549340955497,-0.274194953212903,0.4645235387717831,-2.4408760145709967,0.5594073289572649,0.6344238127905871,1.5442145758839954,1
121.0553,14.53712,0.1216261251676022,1.122106438111597,-2.936499599482657,0.7384134968573032,0.5587142830107154,-0.3349923153764752,1
121.0553,14.53712,-0.4501154324931275,1.122106438111597,-2.936713803885602,0.5678110592963082,0.5145621636639733,-0.32235612017785,1
121.050318,14.540867,0.1031544748431786,0.7698185873149774,-2.6754623589571613,0.9835097073272632,-0.1933197075862025,-0.0869818795426255,1
121.050318,14.540867,-0.0630903780766335,0.7698185873149774,-2.675593002434601,0.8794591117455077,-0.2202481288907498,-0.0792750515798996,1
121.050318,14.540867,0.4734670837280513,0.7698185873149774,-2.675419942243707,1.0172923682304302,-0.1845767136561547,-0.0894840964136403,1
121.049391,14.533167,-0.2038267615008131,0.7241599078483238,-2.353220554798389,-0.5809613893515967,0.6227601713009615,1.3739608410141433,1
121.0502,14.53352,-0.5820557919532959,0.7784029629484923,-2.610984037742213,-0.9947440410786168,0.0144497488205179,1.1149587080534398,1
121.0553,14.53712,-0.2038267615008131,1.122106438111597,-2.8867446113659003,-0.2880878201392624,0.1725006476192758,-0.4835511810659432,1
121.050318,14.540867,0.0336658855274902,0.7698185873149774,-2.629088044849192,-0.6614692138018415,-0.8031567823119835,-0.3089797527741758,1
121.050318,14.540867,0.7373478026483884,0.7698185873149774,-2.63253234392816,-1.3306208092891323,-1.0398947125413969,-0.3786654350097356,1
121.0553,14.53712,-0.1422545937527345,1.122106438111597,-2.8900828686612328,-0.8727827633686341,-0.0423797977850179,-0.5594924054790402,1
121.0553,14.53712,-0.5733477282289248,1.122106438111597,-2.933091354610125,1.3788498305769008,0.7880206683995877,-0.2631797488005527,1
121.0553,14.53712,-0.4501154324931275,1.122106438111597,-2.9365420161961118,0.7046308359541358,0.5499712890806675,-0.3324900985054603,1
121.0500612,14.54843956,-0.4061353126730714,0.8189319368992823,-1.6963363235471969,-0.7949256852698594,-0.8768462498770669,1.56893901414954,1
121.050318,14.540867,-0.3269710969969705,0.7698185873149774,-2.629088044849192,-0.6614692138018415,-0.8031567823119835,-0.3089797527741758,1
121.04529,14.54896,-0.1422545937527345,0.4958392209738816,-2.3423466188110105,-0.1968513845916276,0.2238451643082691,1.4697651702656478,1
121.0513825,14.54674108,-0.3269710969969705,0.8891184378131621,-1.715064118171213,-0.7626028160218551,-0.8011416101271921,1.537636240559512,1
121.050318,14.540867,0.1040340772395801,0.7698185873149774,-2.632447510501251,-1.2630554874827975,-1.0224087246813012,-0.3836698687517653,1
121.044261,14.54912748,-0.2302148333928468,0.4276068365647208,-2.498614330050404,-0.946831620208002,0.2358693870487743,1.3612960999585242,1
121.049391,14.533167,0.3855068440879393,0.7241599078483238,-2.449498315520206,1.972279535612988,1.5882104026630146,1.7532753389837137,1
121.0494137,14.53341307,-0.0103142342925661,0.7237205216225762,-2.4660466194927317,0.4761656141311532,0.9414214122974116,1.4784141493233385,1
121.0518771,14.5380015,-0.4940955523131836,0.8775213476178564,-2.5452066595900726,-0.4410887991836115,0.4743417455571789,1.2227191063929954,1
121.050318,14.540867,-0.3181750730329591,0.7698185873149774,-2.6754623589571613,0.9835097073272632,-0.1933197075862025,-0.0869818795426255,1
121.050318,14.540867,0.1040340772395801,0.7698185873149774,-2.6754623589571613,0.9835097073272632,-0.1933197075862025,-0.0869818795426255,1
121.050318,14.540867,-0.1862347135727908,0.7698185873149774,-2.6256543499485865,-0.0007632835403432,-0.568604600565082,-0.2386685163208621,1
121.050318,14.540867,-0.5389552745296409,0.7698185873149774,-2.675504775670616,0.9497270464240956,-0.2020627015162504,-0.0844796626716106,1
121.050318,14.540867,0.6493875630082758,0.7698185873149774,-2.678843032965948,0.3650321031947237,-0.4169431469205442,-0.1604208870847076,1
121.050318,14.540867,0.5614273233681636,0.7698185873149774,-2.6788854496794023,0.3312494422915564,-0.425686140850592,-0.1579186702136927,1
121.050318,14.540867,0.6493875630082758,0.7698185873149774,-2.629066836492464,-0.6445778833502579,-0.7987852853469596,-0.3102308612096831,1
121.050318,14.540867,-0.1862347135727908,0.7698185873149774,-2.6325535522848877,-1.3475121397407162,-1.0442662095064208,-0.3774143265742281,1
121.050318,14.540867,-0.1950307375368019,0.7698185873149774,-2.675419942243707,1.0172923682304302,-0.1845767136561547,-0.0894840964136403,1
121.0553,14.53712,0.4347645782864018,1.122106438111597,-2.890188910444869,-0.9572394156265528,-0.0642372826101375,-0.553236863301503,1
121.050318,14.540867,0.5297616370977232,0.7698185873149774,-2.682308540401644,-0.3210108227441501,-0.6580525741149815,-0.22885546088476,1
121.050318,14.540867,0.3444313473012786,0.7698185873149774,-2.625643745770222,0.0076823816854486,-0.5664188520825699,-0.2392940705386158,1
121.050318,14.540867,-0.1422545937527345,0.7698185873149774,-2.6291092532059186,-0.6783605442534253,-0.8075282792770074,-0.3077286443386683,1
121.050318,14.540867,0.7983042487189859,0.7698185873149774,-2.629088044849192,-0.6614692138018415,-0.8031567823119835,-0.3089797527741758,1
121.0553,14.53712,0.6493875630082758,1.122106438111597,-2.943303364213685,-0.5323243723109428,0.1027244104119838,-0.4793681135896246,1
121.050318,14.540867,-0.1862347135727908,0.7698185873149774,-2.675695650881161,0.7977050723598428,-0.2414061742014657,-0.0732196867520436,1
121.065172,14.531149,-1.1977774694340817,1.8549839220253697,-2.452608899276276,-0.8972457797256539,2.320109158141364,2.747564804921966,1
121.050318,14.540867,0.3529600600970236,0.7698185873149774,-2.625643745770222,0.0076823816854486,-0.5664188520825699,-0.2392940705386158,1
121.050318,14.540867,0.1216261251676022,0.7698185873149774,-2.6755344673700336,0.9260791837918784,-0.2081827972672839,-0.0827281108619002,1
121.050318,14.540867,0.2995696899595493,0.7698185873149774,-2.6290244197790096,-0.6107952224470906,-0.7900422914169117,-0.312733078080698,1
121.050318,14.540867,0.0336658855274902,0.7698185873149774,-2.682323386251353,-0.332834754060259,-0.6611126219904984,-0.2279796849799048,1
121.050318,14.540867,-0.4061353126730714,0.7698185873149774,-2.675579004919161,0.8906073898435529,-0.2173629408938341,-0.0801007831473345,1
121.050318,14.540867,0.348695747679271,0.7698185873149774,-2.625643745770222,0.0076823816854486,-0.5664188520825699,-0.2392940705386158,1
121.0526,14.55454,-0.3181750730329591,1.10460018864455,-0.8178276945578162,0.3812914169471322,0.9650186748536228,2.516494189839251,1
121.050318,14.540867,0.2095863648077144,0.7698185873149774,-2.625527099808223,0.1005846991691587,-0.5423756187749383,-0.2461751669339068,1
121.050318,14.540867,0.7637358745404218,0.7698185873149774,-2.629088044849192,-0.6614692138018415,-0.8031567823119835,-0.3089797527741758,1
121.050318,14.540867,-0.274194953212903,0.7698185873149774,-2.6754623589571613,0.9835097073272632,-0.1933197075862025,-0.0869818795426255,1
121.050318,14.540867,0.2975466044478267,0.7698185873149774,-2.629045628135737,-0.6276865528986743,-0.7944137883819357,-0.3114819696451906,1
121.050318,14.540867,-0.0542943541126223,0.7698185873149774,-2.629151669919373,-0.7121432051565926,-0.8162712732070553,-0.3052264274676534,1
121.050318,14.540867,-0.5820557919532959,0.7698185873149774,-2.625643745770222,0.0076823816854486,-0.5664188520825699,-0.2392940705386158,1
121.050318,14.540867,-0.1422545937527345,0.7698185873149774,-2.675415700572361,1.020670634320747,-0.1837024142631498,-0.0897343181007419,1
121.0553,14.53712,-0.3181750730329591,1.122106438111597,-2.89010407701796,-0.8896740938202178,-0.0467512947500418,-0.5582412970435329,1
121.050318,14.540867,0.2095863648077144,0.7698185873149774,-2.629045628135737,-0.6276865528986743,-0.7944137883819357,-0.3114819696451906,1
121.050318,14.540867,0.7637358745404218,0.7698185873149774,-2.63253234392816,-1.3306208092891323,-1.0398947125413969,-0.3786654350097356,1
121.050318,14.540867,-0.2302148333928468,0.7698185873149774,-2.6756873796220373,0.8042926912359604,-0.2397012903851064,-0.0737076190418915,1
121.050318,14.540867,-0.1422545937527345,0.7698185873149774,-2.6754623589571613,0.9835097073272632,-0.1933197075862025,-0.0869818795426255,1
121.050318,14.540867,0.1656062449876583,0.7698185873149774,-2.67539873388698,1.034183698682014,-0.1802052166911307,-0.0907352048491478,1
121.050318,14.540867,0.5614273233681636,0.7698185873149774,-2.675434788093416,1.0054684369143214,-0.1876367615316715,-0.0886083205087851,1
121.050318,14.540867,0.5614273233681636,0.7698185873149774,-2.678927866392857,0.297466781388389,-0.4344291347806399,-0.1554164533426779,1
121.065172,14.531149,-1.127409277721992,1.8549839220253697,-2.452714941059912,-0.9817024319835724,2.298251673316244,2.7538203470995035,1
121.050318,14.540867,0.0072778136354562,0.7698185873149774,-2.675419942243707,1.0172923682304302,-0.1845767136561547,-0.0894840964136403,1
121.050318,14.540867,0.077646005347546,0.7698185873149774,-2.678927866392857,0.297466781388389,-0.4344291347806399,-0.1554164533426779,1
121.050318,14.540867,-0.4061353126730714,0.7698185873149774,-2.675610817454252,0.8652703941661775,-0.22392018634137,-0.0782241204940734,1
121.050318,14.540867,-0.4061353126730714,0.7698185873149774,-2.675697771716833,0.7960159393146844,-0.2418433238979681,-0.0730945759084928,1
121.065172,14.531149,-1.1010212058299582,1.8549839220253697,-2.449079766770398,-0.1605288624320291,2.5743330762308734,2.8122460534154965,1
121.0436,14.55206,-0.080682426004656,0.4403887097429553,-2.194627446826435,-1.2093771500262562,0.2292772695901375,1.506061711123445,1
121.044261,14.54912748,-0.3621551928530154,0.4276068365647208,-2.448668466723102,-1.8213109631403144,-0.1110007756574497,1.201477258349489,1
121.050318,14.540867,-0.3621551928530154,0.7698185873149774,-2.6757141021515136,0.783009614866965,-0.2452093765610365,-0.0721312224131521,1
121.050318,14.540867,0.2187342297302861,0.7698185873149774,-2.725647876715481,1.6671170161566795,0.1041525394152509,0.0869744873876435,1
121.050318,14.540867,-0.0103142342925661,0.7698185873149774,-2.675504775670616,0.9497270464240956,-0.2020627015162504,-0.0844796626716106,1
121.050318,14.540867,-0.3181750730329591,0.7698185873149774,-2.6823509571150983,-0.3547934836473174,-0.6667955680450294,-0.2263532440137452,1
121.050318,14.540867,-1.0658371099739137,0.7698185873149774,-2.679076324889948,0.1792274682273034,-0.4650296135358074,-0.1466586942941257,1
121.050318,14.540867,0.5614273233681636,0.7698185873149774,-2.6289183779953733,-0.5263385701891723,-0.768184806591792,-0.3189886202582352,1
121.0519,14.53793,-0.7315881993414868,0.8792276853390151,-2.5673554241006573,-1.059337061926156,0.3181171017391667,1.120354431288349,1
121.05727,14.52245,-0.274194953212903,1.4319070452665097,-2.3965711258171893,-0.1421625819436746,2.993041047162148,-0.0008093955046241,1
121.050318,14.540867,-0.3181750730329591,0.7698185873149774,-2.629088044849192,-0.6614692138018415,-0.8031567823119835,-0.3089797527741758,1
121.0553,14.53712,-0.1422545937527345,1.122106438111597,-2.8900404519477783,-0.8390001024654669,-0.03363680385497,-0.5619946223500552,1
121.050318,14.540867,0.7109597307563544,0.7698185873149774,-2.629088044849192,-0.6614692138018415,-0.8031567823119835,-0.3089797527741758,1
121.0553,14.53712,-0.7315881993414868,1.122106438111597,-2.890027726933742,-0.8288653041945168,-0.0310139056759557,-0.5627452874113597,1
121.050318,14.540867,-0.4501154324931275,0.7698185873149774,-2.675581125754834,0.8889182567983946,-0.2178000905903364,-0.0799756723037838,1
121.050318,14.540867,-0.3181750730329591,0.7698185873149774,-2.629045628135737,-0.6276865528986743,-0.7944137883819357,-0.3114819696451906,1
121.050318,14.540867,-0.2302148333928468,0.7698185873149774,-2.629151669919373,-0.7121432051565926,-0.8162712732070553,-0.3052264274676534,1
121.065172,14.531149,-0.9954689182618236,1.8549839220253697,-2.449270641980944,-0.3125508364962821,2.534989603545658,2.823506029335064,1
121.0553,14.53712,-0.2653989292488917,1.122106438111597,-2.9434306143540487,-0.6336723550204447,0.0764954286218403,-0.4718614629765798,1
121.065172,14.531149,-0.7588355548145647,1.8549839220253697,-2.452608899276276,-0.8972457797256539,2.320109158141364,2.747564804921966,1
121.0503029,14.53332095,-0.1422545937527345,0.7872558211101823,-2.6137887253362297,-0.9720855060465612,0.0621312608141674,1.097910308226372,1
121.050318,14.540867,-0.3181750730329591,0.7698185873149774,-2.67539873388698,1.034183698682014,-0.1802052166911307,-0.0907352048491478,1
121.0553,14.53712,-0.5116876002412061,1.122106438111597,-2.8900828686612328,-0.8727827633686341,-0.0423797977850179,-0.5594924054790402,1
121.050318,14.540867,0.3855068440879393,0.7698185873149774,-2.6290244197790096,-0.6107952224470906,-0.7900422914169117,-0.312733078080698,1
121.0500612,14.54843956,-0.0542943541126223,0.8189319368992823,-1.6963363235471969,-0.7949256852698594,-0.8768462498770669,1.56893901414954,1
121.065172,14.531149,-0.1959198396390842,1.8549839220253697,-2.4025357858086105,-1.6703771399484648,1.9994679772252837,2.5802393126998866,1
121.050318,14.540867,-0.4061353126730714,0.7698185873149774,-2.625495287273132,0.1259216948465342,-0.5358183733274025,-0.2480518295871679,1
121.065172,14.531149,-1.0042649422258347,1.8549839220253697,-2.4492388294458527,-0.2872138408189066,2.541546848993194,2.821629366681802,1
121.0466431,14.55370389,-0.4061353126730714,0.6831421019764292,-1.6417938007796944,0.5556699632506674,0.5417133694196005,1.926055795492087,1
121.050318,14.540867,0.6493875630082758,0.7698185873149774,-2.6291828462037623,-0.7369734609204206,-0.8226973737456404,-0.3033872980674574,1
121.050318,14.540867,-0.0542943541126223,0.7698185873149774,-2.625516495629859,0.1090303643949505,-0.5401898702924264,-0.2468007211516605,1
121.050318,14.540867,0.5614273233681636,0.7698185873149774,-2.628982003065555,-0.5770125615439233,-0.7812992974868639,-0.315235294951713,1
121.050318,14.540867,-0.0428595229594077,0.7698185873149774,-2.67208592661972,1.5986090453694852,0.0294294323551343,-0.0132926503134418,1
121.050318,14.540867,-0.1510506177167458,0.7698185873149774,-2.629151669919373,-0.7121432051565926,-0.8162712732070553,-0.3052264274676534,1
121.050318,14.540867,0.6702749788626449,0.7698185873149774,-2.6291728782761004,-0.7290345356081762,-0.8206427701720792,-0.3039753190321459,1
121.050318,14.540867,-0.7139961514134645,0.7698185873149774,-2.675674442524434,0.8145964028114264,-0.2370346772364418,-0.0744707951875511,1
121.0519882,14.55346988,0.9356101827972012,1.0403218130664522,-0.7495883583384786,-1.8792670768667148,-0.0930247730390882,2.1161113300032617,1
121.050318,14.540867,0.9132682819286126,0.7698185873149774,-2.629045628135737,-0.6276865528986743,-0.7944137883819357,-0.3114819696451906,1
121.050318,14.540867,0.4268508834862206,0.7698185873149774,-2.6291092532059186,-0.6783605442534253,-0.8075282792770074,-0.3077286443386683,1
121.050318,14.540867,0.2095863648077144,0.7698185873149774,-2.679033908176493,0.2130101291304707,-0.4562866196057595,-0.1491609111651406,1
121.050318,14.540867,-0.0542943541126223,0.7698185873149774,-2.675419942243707,1.0172923682304302,-0.1845767136561547,-0.0894840964136403,1
121.050318,14.540867,0.2218895394466562,0.7698185873149774,-2.675419942243707,1.0172923682304302,-0.1845767136561547,-0.0894840964136403,1
121.050318,14.540867,0.2218895394466562,0.7698185873149774,-2.675400854722652,1.0324945656368556,-0.1806423663876331,-0.0906100940055971,1
121.0494379,14.54595709,0.2218895394466562,0.7437502786346868,-2.350981698228659,1.197300770595345,-0.7446911684507946,0.0156321280129933,1
121.050318,14.540867,-0.3621551928530154,0.7698185873149774,-2.6755232269409683,0.9350315889312178,-0.2058659038758211,-0.083391198332719,1
121.050318,14.540867,0.3468528926985709,0.7698185873149774,-2.671954434808011,1.7033352941693038,0.0565327135382828,-0.021049522613588,1
121.050318,14.540867,0.1840778953120819,0.7698185873149774,-2.629088044849192,-0.6614692138018415,-0.8031567823119835,-0.3089797527741758,1
121.04994,14.54805,0.5047824243640051,0.8049634792455994,-1.7434630847380557,-0.7570730025480396,-0.9680502750632576,1.53783672209672,1
121.050318,14.540867,0.6785569376777298,0.7698185873149774,-2.629098649027555,-0.6699148790276335,-0.8053425307944955,-0.308354198556422,1
121.050318,14.540867,-0.4061353126730714,0.7698185873149774,-2.6757141021515136,0.783009614866965,-0.2452093765610365,-0.0721312224131521,1
121.0436,14.55206,-0.3885432647450489,0.4403887097429553,-2.1945638217562533,-1.158703158671505,0.2423917604852093,1.5023083858169226,1
121.050318,14.540867,0.5047824243640051,0.7698185873149774,-2.6291092532059186,-0.6783605442534253,-0.8075282792770074,-0.3077286443386683,1
121.050318,14.540867,0.5621984707890885,0.7698185873149774,-2.629088044849192,-0.6614692138018415,-0.8031567823119835,-0.3089797527741758,1
121.05008,14.54844,-0.2302148333928468,0.8202475731689297,-1.6962302817635606,-0.7104690330119411,-0.8549887650519472,1.5626834719720029,1
121.050318,14.540867,0.6493875630082758,0.7698185873149774,-2.6291092532059186,-0.6783605442534253,-0.8075282792770074,-0.3077286443386683,1
121.0519882,14.55346988,0.8253080422885003,1.0403218130664522,-0.7461440592595099,-1.2101154813794246,0.1437131571903254,2.185797012238821,1
121.050318,14.540867,-0.1422545937527345,0.7698185873149774,-2.675610817454252,0.8652703941661775,-0.22392018634137,-0.0782241204940734,1
121.050318,14.540867,0.3855068440879393,0.7698185873149774,-2.67516544196298,1.2199883336494337,-0.1321187500758674,-0.1044973976397296,1
121.0553,14.53712,0.1215821450477821,1.122106438111597,-2.9363511409855665,0.8566528100183888,0.5893147617658828,-0.3437500744250273,1
121.050318,14.540867,1.0891887612088376,0.7698185873149774,-2.6751230252495253,1.253770994552601,-0.1233757561458196,-0.1069996145107444,1
121.050318,14.540867,-0.0567041128378028,0.7698185873149774,-2.7216033811411315,2.814293263423789,0.4646038337548415,0.1212538008983428,1
121.050318,14.540867,0.1216261251676022,0.7698185873149774,-2.675101816892798,1.2706623250041849,-0.1190042591807957,-0.1082507229462519,1
121.050318,14.540867,0.1207465227712011,0.7698185873149774,-2.6718483930243746,1.7877919464272225,0.0783901983634024,-0.0273050647911252,1
121.050318,14.540867,0.2095863648077144,0.7698185873149774,-2.671890809737829,1.7540092855240548,0.0696472044333545,-0.0248028479201103,1
121.050318,14.540867,0.8253080422885003,0.7698185873149774,-2.6753139004600706,1.1017490204883482,-0.1627192288310349,-0.0957396385911775,1
121.0495969,14.5461009,0.5966114192242088,0.7565076732106889,-2.197930296233416,1.4597112130789531,-0.946459729046706,0.0409661004028523,1
121.0495990949,14.546086301,0.5966114192242088,0.7564990945469895,-2.197930296233416,1.4597112130789531,-0.946459729046706,0.0409661004028523,1
121.050318,14.540867,0.1216261251676022,0.7698185873149774,-2.675229067033161,1.1693143422946828,-0.1452332409709392,-0.1007440723332072,1
121.0553,14.53712,0.1215821450477821,1.122106438111597,-2.936340536807202,0.8650984752441806,0.5915005102483947,-0.344375628642781,1
121.050318,14.540867,0.7373478026483884,0.7698185873149774,-2.675271483746616,1.1355316813915155,-0.1539762349009871,-0.0982418554621925,1
121.050318,14.540867,0.2095863648077144,0.7698185873149774,-2.6287062944281008,-0.3574252656733357,-0.7244698369415528,-0.3314997046133097,1
121.0553,14.53712,-0.1686426656447682,1.122106438111597,-2.9328729085358343,1.552830534228212,0.8330470871393341,-0.2760661656862794,1
121.050318,14.540867,-0.0314246918061931,0.7698185873149774,-2.675229067033161,1.1693143422946828,-0.1452332409709392,-0.1007440723332072,1
121.050318,14.540867,-0.0982744739326784,0.7698185873149774,-2.675335108816798,1.0848576900367646,-0.1670907257960588,-0.0944885301556701,1
121.050318,14.540867,0.1216261251676022,0.7698185873149774,-2.682080550566826,-0.1394290203896258,-0.6110589817409743,-0.2423048765664651,1
121.050318,14.540867,0.7373478026483884,0.7698185873149774,-2.6751442336062525,1.2368796641010174,-0.1277472531108435,-0.1057485060752371,1
121.050318,14.540867,1.6609303188695668,0.7698185873149774,-2.6750806085360708,1.2875536554557685,-0.1146327622157718,-0.1095018313817594,1
121.050318,14.540867,0.0512579334555124,0.7698185873149774,-2.67516544196298,1.2199883336494337,-0.1321187500758674,-0.1044973976397296,1
121.050318,14.540867,0.6054074431882197,0.7698185873149774,-2.675271483746616,1.1355316813915155,-0.1539762349009871,-0.0982418554621925,1
121.050318,14.540867,-0.2302148333928468,0.7698185873149774,-2.675356317173525,1.067966359585181,-0.1714622227610829,-0.0932374217201627,1
121.050318,14.540867,0.6801736468823151,0.7698185873149774,-2.682075248477644,-0.1352061877767299,-0.6099661074997184,-0.2426176536753419,1
121.050318,14.540867,0.2975466044478267,0.7698185873149774,-2.67516544196298,1.2199883336494337,-0.1321187500758674,-0.1044973976397296,1
121.050318,14.540867,0.1216261251676022,0.7698185873149774,-2.675335108816798,1.0848576900367646,-0.1670907257960588,-0.0944885301556701,1
121.050318,14.540867,1.2897381075882932,0.7698185873149774,-2.675271483746616,1.1355316813915155,-0.1539762349009871,-0.0982418554621925,1
121.050318,14.540867,1.4410297197692865,0.7698185873149774,-2.671784767954193,1.8384659377819728,0.0915046892584741,-0.0310583900976475,1
121.050318,14.540867,0.1216261251676022,0.7698185873149774,-2.6820540401209167,-0.1183148573251462,-0.6055946105346944,-0.2438687621108494,1
121.050318,14.540867,1.1001837911638512,0.7698185873149774,-2.67516544196298,1.2199883336494337,-0.1321187500758674,-0.1044973976397296,1
121.050318,14.540867,-0.2302148333928468,0.7698185873149774,-2.628854752925192,-0.4756645788344214,-0.7550703156967202,-0.3227419455647575,1
121.050318,14.540867,-0.0542943541126223,0.7698185873149774,-2.6751230252495253,1.253770994552601,-0.1233757561458196,-0.1069996145107444,1
121.050318,14.540867,0.2975466044478267,0.7698185873149774,-2.675286329596325,1.123707750075407,-0.1570362827765039,-0.0973660795573373,1
121.050318,14.540867,-0.0894784499686672,0.7698185873149774,-2.628854752925192,-0.4756645788344214,-0.7550703156967202,-0.3227419455647575,1
121.050318,14.540867,1.0012285215687249,0.7698185873149774,-2.6751230252495253,1.253770994552601,-0.1233757561458196,-0.1069996145107444,1
121.050318,14.540867,0.6054074431882197,0.7698185873149774,-2.682160081904553,-0.2027715095830644,-0.627452095359814,-0.2376132199333122,1
121.050318,14.540867,0.3855068440879393,0.7698185873149774,-2.725167931602744,2.0493678242760187,0.2030795157337425,0.05866190349211,1
121.0553,14.53712,0.0336658855274902,1.122106438111597,-2.93624509920193,0.9411094622763072,0.6111722465910024,-0.3500056166025646,1
121.050318,14.540867,-0.3181750730329591,0.7698185873149774,-2.675186650319707,1.20309700319785,-0.1364902470408914,-0.1032462892042222,1
121.050318,14.540867,0.8692881621085565,0.7698185873149774,-2.6753775255302523,1.0510750291335973,-0.1758337197261068,-0.0919863132846553,1
121.050318,14.540867,0.077646005347546,0.7698185873149774,-2.6752882383484304,1.122187530334764,-0.1574297175033561,-0.0972534797981415,1
121.050318,14.540867,0.112830101203591,0.7698185873149774,-2.6752078586764343,1.1862056727462664,-0.1408617440059153,-0.1019951807687147,1
121.05449078334,14.552806204389,0.9132682819286126,1.1983452797192935,-1.0279854608821448,1.44220794741682,0.7921949323832743,2.2832510108946438,1
121.050318,14.540867,0.112830101203591,0.7698185873149774,-2.675324504638434,1.0933033552625564,-0.1649049773135469,-0.0951140843734239,1
121.0553,14.53712,0.3648361877725126,1.122106438111597,-2.9363468993142208,0.8600310761087055,0.5901890611588875,-0.3440002961121288,1
121.050318,14.540867,1.1771490008489494,0.7698185873149774,-2.675116662742507,1.2588383936880758,-0.1220643070563125,-0.1073749470413967,1
121.0553,14.53712,-0.1862347135727908,1.122106438111597,-2.936340536807202,0.8650984752441806,0.5915005102483947,-0.344375628642781,1
121.0553,14.53712,0.3855068440879393,1.122106438111597,-2.936340536807202,0.8650984752441806,0.5915005102483947,-0.344375628642781,1
121.050318,14.540867,0.2975466044478267,0.7698185873149774,-2.675186650319707,1.20309700319785,-0.1364902470408914,-0.1032462892042222,1
121.050318,14.540867,0.2535664846277706,0.7698185873149774,-2.675229067033161,1.1693143422946828,-0.1452332409709392,-0.1007440723332072,1
121.0553,14.53712,-0.0982744739326784,1.122106438111597,-2.936340536807202,0.8650984752441806,0.5915005102483947,-0.344375628642781,1
121.050318,14.540867,0.1216261251676022,0.7698185873149774,-2.6253680371327683,0.2272696775560362,-0.5095893915372589,-0.2555584802002126,1
121.050318,14.540867,1.1771490008489494,0.7698185873149774,-2.6736023550989496,1.4278791530062014,-0.0465360121988402,-0.0602712432556439,1
121.050318,14.540867,-0.3621551928530154,0.7698185873149774,-2.675335108816798,1.0848576900367646,-0.1670907257960588,-0.0944885301556701,1
121.050318,14.540867,0.5614273233681636,0.7698185873149774,-2.6751230252495253,1.253770994552601,-0.1233757561458196,-0.1069996145107444,1
121.050318,14.540867,0.4558750358000291,0.7698185873149774,-2.675335108816798,1.0848576900367646,-0.1670907257960588,-0.0944885301556701,1
121.0525,14.5539,1.0277925139400388,1.084124247162774,-0.6798653363100896,-0.9424644243175748,0.2466424819271199,2.223179909171521,1
121.0553,14.53712,0.0072778136354562,1.122106438111597,-2.93624509920193,0.9411094622763072,0.6111722465910024,-0.3500056166025646,1
121.050318,14.540867,0.2095863648077144,0.7698185873149774,-2.682223706974735,-0.2534455009378155,-0.6405665862548858,-0.2338598946267899,1
121.0553,14.53712,0.4558750358000291,1.122106438111597,-2.936340536807202,0.8650984752441806,0.5915005102483947,-0.344375628642781,1
121.050318,14.540867,1.5289899594093983,0.7698185873149774,-2.6752078586764343,1.1862056727462664,-0.1408617440059153,-0.1019951807687147,1
121.0521,14.52655,-0.0103142342925661,0.9993545043798296,-2.478862692284727,0.3997858667826132,2.160320875427041,1.297693631498185,1
121.0553,14.53712,0.4558750358000291,1.122106438111597,-2.9828633094122634,2.3918380832122,1.1707371062190075,-0.1136199963626786,1
121.04439336647,14.553897733015,0.2095863648077144,0.5217402093237099,-2.0708407603738945,0.6205578575920795,1.358322030180986,1.798646027137114,1
121.050318,14.540867,0.8956762340005902,0.7698185873149774,-2.675101816892798,1.2706623250041849,-0.1190042591807957,-0.1082507229462519,1
121.050318,14.540867,-0.2038267615008131,0.7698185873149774,-2.6752926921033438,1.118640350939932,-0.158347731866011,-0.096990747026685,1
121.050318,14.540867,1.05224546055999,0.7698185873149774,-2.721624589497859,2.797401932972205,0.4602323367898176,0.1225049093338502,1
121.050318,14.540867,0.6581835869722871,0.7698185873149774,-2.6750806085360708,1.2875536554557685,-0.1146327622157718,-0.1095018313817594,1
121.050318,14.540867,1.7928706783297352,0.7698185873149774,-2.671636309457102,1.9567052509430587,0.1221051680136416,-0.0398161491461996,1
121.050318,14.540867,0.4734670837280513,0.7698185873149774,-2.671949132718829,1.7075581267821998,0.0576255877795387,-0.0213622997224649,1
121.050318,14.540867,0.8253080422885003,0.7698185873149774,-2.675250275389889,1.1524230118430991,-0.1496047379359631,-0.0994929638976999,1
121.0553,14.53712,0.3648361877725126,1.122106438111597,-2.936340536807202,0.8650984752441806,0.5915005102483947,-0.344375628642781,1
121.050318,14.540867,-0.0718864020406447,0.7698185873149774,-2.675280815423576,1.1280994959928188,-0.1558996935655976,-0.0976913677505692,1
121.050318,14.540867,-0.1862347135727908,0.7698185873149774,-2.675280815423576,1.1280994959928188,-0.1558996935655976,-0.0976913677505692,1
121.050318,14.540867,-0.8635285588016551,0.7698185873149774,-2.6752820879249795,1.1270860161657237,-0.156161983383499,-0.0976163012444387,1
121.050318,14.540867,0.9572484017486688,0.7698185873149774,-2.678758199539039,0.4325974250010583,-0.3994571590604484,-0.1654253208267374,1
121.050318,14.540867,-0.1510506177167458,0.7698185873149774,-2.675280815423576,1.1280994959928188,-0.1558996935655976,-0.0976913677505692,1
121.050318,14.540867,0.6493875630082758,0.7698185873149774,-2.682160081904553,-0.2027715095830644,-0.627452095359814,-0.2376132199333122,1
121.050318,14.540867,0.2535664846277706,0.7698185873149774,-2.675335108816798,1.0848576900367646,-0.1670907257960588,-0.0944885301556701,1
121.050318,14.540867,0.6933676828283319,0.7698185873149774,-2.675186650319707,1.20309700319785,-0.1364902470408914,-0.1032462892042222,1
121.0553,14.53712,-0.0103142342925661,1.122106438111597,-2.93610512404753,1.0525922432567585,0.6400241265601602,-0.3582629322769136,1
121.050318,14.540867,0.2095863648077144,0.7698185873149774,-2.675335108816798,1.0848576900367646,-0.1670907257960588,-0.0944885301556701,1
121.0553,14.53712,0.3648361877725126,1.122106438111597,-2.9363511409855665,0.8566528100183888,0.5893147617658828,-0.3437500744250273,1
121.050318,14.540867,0.5614273233681636,0.7698185873149774,-2.671678726170557,1.9229225900398916,0.1133621740835938,-0.0373139322751847,1
121.050318,14.540867,0.8253080422885003,0.7698185873149774,-2.671784767954193,1.8384659377819728,0.0915046892584741,-0.0310583900976475,1
121.050318,14.540867,0.3679147961599165,0.7698185873149774,-2.675101816892798,1.2706623250041849,-0.1190042591807957,-0.1082507229462519,1
121.050318,14.540867,1.1010633935602523,0.7698185873149774,-2.671721142884011,1.889139929136724,0.1046191801535459,-0.0348117154041699,1
121.050318,14.540867,1.5289899594093983,0.7698185873149774,-2.671784767954193,1.8384659377819728,0.0915046892584741,-0.0310583900976475,1
121.050318,14.540867,1.7049104386896237,0.7698185873149774,-2.6717635595974656,1.8553572682335568,0.0958761862234981,-0.032309498533155,1
121.050318,14.540867,0.6801736468823151,0.7698185873149774,-2.675186650319707,1.20309700319785,-0.1364902470408914,-0.1032462892042222,1
121.050318,14.540867,1.3496390307832096,0.7698185873149774,-2.671721142884011,1.889139929136724,0.1046191801535459,-0.0348117154041699,1
121.050318,14.540867,0.4294869639079951,0.7698185873149774,-2.675271483746616,1.1355316813915155,-0.1539762349009871,-0.0982418554621925,1
121.050318,14.540867,1.0012285215687249,0.7698185873149774,-2.6750806085360708,1.2875536554557685,-0.1146327622157718,-0.1095018313817594,1
121.050318,14.540867,-0.0290392101071532,0.7698185873149774,-2.6751599277902307,1.2243800795668456,-0.1309821608649612,-0.1048226858329616,1
121.050318,14.540867,0.6493875630082758,0.7698185873149774,-2.6750806085360708,1.2875536554557685,-0.1146327622157718,-0.1095018313817594,1
121.050318,14.540867,0.3995804824303573,0.7698185873149774,-2.675271483746616,1.1355316813915155,-0.1539762349009871,-0.0982418554621925,1
121.050318,14.540867,-0.0718864020406447,0.7698185873149774,-2.675335108816798,1.0848576900367646,-0.1670907257960588,-0.0944885301556701,1
121.050318,14.540867,0.5614273233681636,0.7698185873149774,-2.671837788846011,1.796237611653014,0.0805759468459143,-0.0279306190088789,1
121.050318,14.540867,-0.0542943541126223,0.7698185873149774,-2.675186650319707,1.20309700319785,-0.1364902470408914,-0.1032462892042222,1
121.0494379,14.54595709,-0.1862347135727908,0.7437502786346868,-2.357756831678105,-0.0506338024632629,-1.1947795201467435,-0.1304326665880909,1
121.0553,14.53712,0.9572484017486688,1.122106438111597,-2.943027655576231,-0.3127370764403553,0.159553870957295,-0.4956325232512213,1
121.050318,14.540867,0.6493875630082758,0.7698185873149774,-2.675271483746616,1.1355316813915155,-0.1539762349009871,-0.0982418554621925,1
121.050318,14.540867,0.6493875630082758,0.7698185873149774,-2.67180597631092,1.8215746073303896,0.0871331922934502,-0.0298072816621401,1
121.050318,14.540867,1.1771490008489494,0.7698185873149774,-2.62855783593101,-0.23918595251225,-0.6938693581863852,-0.3402574636618618,1
121.050318,14.540867,1.0012285215687249,0.7698185873149774,-2.671699934527284,1.906031259588308,0.1089906771185698,-0.0360628238396773,1
121.0553,14.53712,-0.0542943541126223,1.122106438111597,-2.936308724272112,0.8904354709215561,0.5980577556959307,-0.3462522912960422,1
121.050318,14.540867,0.8253080422885003,0.7698185873149774,-2.67180597631092,1.8215746073303896,0.0871331922934502,-0.0298072816621401,1
121.0553,14.53712,0.5614273233681636,1.122106438111597,-2.94311248900314,-0.3803023982466899,0.1420678830971992,-0.4906280895091917,1
121.050318,14.540867,0.8253080422885003,0.7698185873149774,-2.6821388735478258,-0.1858801791314809,-0.6230805983947901,-0.2388643283688196,1
121.065172,14.531149,-0.8459365108736328,1.8549839220253697,-2.4523119822820942,-0.6607671534034827,2.381310115651699,2.7300492868248623,1
121.050318,14.540867,0.4734670837280513,0.7698185873149774,-2.671752955419102,1.8638029334593489,0.09806193470601,-0.0329350527509087,1
121.04935735673,14.549275081484,1.7049104386896237,0.7826605467854617,-1.7388633797983803,1.8401401099266248,0.0527871974135821,1.8368515093420088,1
121.050318,14.540867,1.7773896761530754,0.7698185873149774,-2.6820964568343717,-0.1520975182283135,-0.6143376044647423,-0.2413665452398344,1
121.065172,14.531149,-0.7579762712335204,1.8549839220253697,-2.498707504746791,0.9673204372740384,2.986775693412456,2.95329826849192,1
121.0553,14.53712,0.0160738375994674,1.122106438111597,-2.93624509920193,0.9411094622763072,0.6111722465910024,-0.3500056166025646,1
121.0453,14.48759,-0.0542943541126223,0.9563834232121864,-2.6548120685685124,0.6624913448942725,1.500200220687829,-0.18421130588675,1
121.050318,14.540867,0.4932581376470765,0.7698185873149774,-2.625359553790078,0.2340262097366697,-0.5078407927512494,-0.2560589235744156,1
121.050318,14.540867,0.1216261251676022,0.7698185873149774,-2.6253601900407797,0.2335194698231222,-0.5079719376602001,-0.2560213903213504,1
121.050318,14.540867,0.8165120183244892,0.7698185873149774,-2.675250275389889,1.1524230118430991,-0.1496047379359631,-0.0994929638976999,1
121.050318,14.540867,0.0327862831310888,0.7698185873149774,-2.671822942996302,1.8080615429691227,0.0836359947214311,-0.0288063949137341,1
121.050318,14.540867,0.5614273233681636,0.7698185873149774,-2.67516544196298,1.2199883336494337,-0.1321187500758674,-0.1044973976397296,1
121.050318,14.540867,0.5614273233681636,0.7698185873149774,-2.625261995349132,0.3117263298139545,-0.4877319067121393,-0.2618140223777498,1
121.050318,14.540867,0.3679147961599165,0.7698185873149774,-2.675186650319707,1.20309700319785,-0.1364902470408914,-0.1032462892042222,1
121.0436,14.55206,0.2975466044478267,0.4403887097429553,-2.1906741471860123,-0.1348336237009578,0.5709311269801253,1.545720790906826,1
121.050318,14.540867,-0.0542943541126223,0.7698185873149774,-2.6752078586764343,1.1862056727462664,-0.1408617440059153,-0.1019951807687147,1
121.050318,14.540867,0.5614273233681636,0.7698185873149774,-2.675271483746616,1.1355316813915155,-0.1539762349009871,-0.0982418554621925,1
121.04748,14.5479,0.2095863648077144,0.6313825012089548,-2.01395507515554,1.0577005440985852,0.0053845669036167,1.6145404744756628,1
121.050318,14.540867,0.2975466044478267,0.7698185873149774,-2.6752926921033438,1.118640350939932,-0.158347731866011,-0.096990747026685,1
121.050318,14.540867,0.2975466044478267,0.7698185873149774,-2.7216033811411315,2.814293263423789,0.4646038337548415,0.1212538008983428,1
121.0503029,14.53332095,0.0160738375994674,0.7872558211101823,-2.6600569976605635,0.7573500673404622,0.6938258203650679,1.313652639280385,1
121.050318,14.540867,0.0336658855274902,0.7698185873149774,-2.6752078586764343,1.1862056727462664,-0.1408617440059153,-0.1019951807687147,1
121.0553,14.53712,0.2975466044478267,1.122106438111597,-2.9363511409855665,0.8566528100183888,0.5893147617658828,-0.3437500744250273,1
121.050318,14.540867,-0.3181750730329591,0.7698185873149774,-2.675335108816798,1.0848576900367646,-0.1670907257960588,-0.0944885301556701,1
121.050318,14.540867,0.2095863648077144,0.7698185873149774,-2.675388129708616,1.0426293639078057,-0.1780194682086188,-0.0913607590669015,1
121.050318,14.540867,-0.3357671209609815,0.7698185873149774,-2.675335108816798,1.0848576900367646,-0.1670907257960588,-0.0944885301556701,1
121.050318,14.540867,1.7720241015350289,0.7698185873149774,-2.678588532685221,0.5677280686137277,-0.364485183340257,-0.175434188310797,1
121.050318,14.540867,0.9132682819286126,0.7698185873149774,-2.6750806085360708,1.2875536554557685,-0.1146327622157718,-0.1095018313817594,1
121.050318,14.540867,1.6169501990495108,0.7698185873149774,-2.675101816892798,1.2706623250041849,-0.1190042591807957,-0.1082507229462519,1
121.0553,14.53712,1.1771490008489494,1.122106438111597,-2.936393557699021,0.8228701491152214,0.580571767835835,-0.3412478575540124,1
121.050318,14.540867,1.1771490008489494,0.7698185873149774,-2.681969206694008,-0.0507495355188116,-0.5881086226745987,-0.2488731958528791,1
121.050318,14.540867,0.923823510685426,0.7698185873149774,-2.681969206694008,-0.0507495355188116,-0.5881086226745987,-0.2488731958528791,1
121.0553,14.53712,-0.1422545937527345,1.122106438111597,-2.88987078509396,-0.7038694588527976,0.0013351718652213,-0.5720034898341146,1
121.0553,14.53712,0.8253080422885003,1.122106438111597,-2.94322913496514,-0.4732047157303999,0.1180246497895675,-0.4837469931139007,1
121.050318,14.540867,-0.4061353126730714,0.7698185873149774,-2.671869601381102,1.7709006159756384,0.0740187013983784,-0.0260539563556177,1
121.050318,14.540867,-0.0542943541126223,0.7698185873149774,-2.6753597105106013,1.0652637467129276,-0.1721616622754866,-0.0930372443704815,1
121.050318,14.540867,0.2975466044478267,0.7698185873149774,-2.7250900969335543,2.1113590070333306,0.2191229095953803,0.0540703355337977,1
121.050318,14.540867,-0.4767043176122595,0.7698185873149774,-2.632070638002208,-0.9628965453581562,-0.944727223612826,-0.4059020656507326,1
121.050318,14.540867,-0.2038267615008131,0.7698185873149774,-2.682169413581513,-0.2102036949817613,-0.6293755540244246,-0.2370627322216889,1
121.050318,14.540867,0.6493875630082758,0.7698185873149774,-2.675250275389889,1.1524230118430991,-0.1496047379359631,-0.0994929638976999,1
121.050318,14.540867,0.6054074431882197,0.7698185873149774,-2.671827184667648,1.804683276878806,0.0827616953284263,-0.0285561732266327,1
121.04926814896,14.549470020945,1.7049104386896237,0.7795941544323844,-1.7388633797983803,1.8401401099266248,0.0527871974135821,1.8368515093420088,1
121.0448,14.54931,0.2095863648077144,0.4679716793987983,-2.440579097576815,0.7958859552794363,0.6956247703009223,1.526699057786891,1
121.050318,14.540867,-0.4061353126730714,0.7698185873149774,-2.675335108816798,1.0848576900367646,-0.1670907257960588,-0.0944885301556701,1
121.050318,14.540867,0.1216261251676022,0.7698185873149774,-2.628854752925192,-0.4756645788344214,-0.7550703156967202,-0.3227419455647575,1
121.050318,14.540867,0.9093100711448076,0.7698185873149774,-2.6717682254359456,1.8516411755342084,0.0949144568911928,-0.0320342546773434,1
121.050318,14.540867,0.191994316879692,0.7698185873149774,-2.675335108816798,1.0848576900367646,-0.1670907257960588,-0.0944885301556701,1
121.050318,14.540867,-0.1422545937527345,0.7698185873149774,-2.682168565247244,-0.2095280417636983,-0.6292006941458237,-0.2371127765591092,1
121.050318,14.540867,0.1216261251676022,0.7698185873149774,-2.6786364635714244,0.5295536617931483,-0.3743647664812112,-0.1726066832465501,1
121.050318,14.540867,-0.1862347135727908,0.7698185873149774,-2.6752926921033438,1.118640350939932,-0.158347731866011,-0.096990747026685,1
121.050318,14.540867,-1.0658371099739137,0.7698185873149774,-2.725302180500827,1.9424457025174933,0.1754079399451411,0.0665814198888721,1
121.050318,14.540867,1.1771490008489494,0.7698185873149774,-2.6751230252495253,1.253770994552601,-0.1233757561458196,-0.1069996145107444,1
121.050318,14.540867,1.0012285215687249,0.7698185873149774,-2.6820116234074622,-0.084532196421979,-0.5968516166046466,-0.2463709789818643,1
121.050318,14.540867,0.6493875630082758,0.7698185873149774,-2.6821388735478258,-0.1858801791314809,-0.6230805983947901,-0.2388643283688196,1
121.050318,14.540867,0.4558750358000291,0.7698185873149774,-2.675324504638434,1.0933033552625564,-0.1649049773135469,-0.0951140843734239,1
121.050318,14.540867,0.7373478026483884,0.7698185873149774,-2.675250275389889,1.1524230118430991,-0.1496047379359631,-0.0994929638976999,1
121.050318,14.540867,0.878084186072568,0.7698185873149774,-2.67180597631092,1.8215746073303896,0.0871331922934502,-0.0298072816621401,1
121.050318,14.540867,0.5614273233681636,0.7698185873149774,-2.6251983702789508,0.3624003211687055,-0.4746174158170674,-0.2655673476842721,1
121.050318,14.540867,1.7049104386896237,0.7698185873149774,-2.671699934527284,1.906031259588308,0.1089906771185698,-0.0360628238396773,1
121.050318,14.540867,0.3468528926985709,0.7698185873149774,-2.671949132718829,1.7075581267821998,0.0576255877795387,-0.0213622997224649,1
121.050318,14.540867,-0.1422545937527345,0.7698185873149774,-2.675279967089307,1.1287751492108815,-0.1557248336869968,-0.0977414120879894,1
121.050318,14.540867,1.4410297197692865,0.7698185873149774,-2.6751230252495253,1.253770994552601,-0.1233757561458196,-0.1069996145107444,1
121.0553,14.53712,0.3415267242678829,1.122106438111597,-2.932906841906598,1.5258044055056783,0.826052691995296,-0.2740643921894674,1
121.050318,14.540867,0.5614273233681636,0.7698185873149774,-2.6752926921033438,1.118640350939932,-0.158347731866011,-0.096990747026685,1
121.050318,14.540867,0.2535664846277706,0.7698185873149774,-2.675271483746616,1.1355316813915155,-0.1539762349009871,-0.0982418554621925,1
121.050318,14.540867,0.4734670837280513,0.7698185873149774,-2.628812336211737,-0.441881917931254,-0.7463273217666724,-0.3252441624357725,1
121.050318,14.540867,0.4294869639079951,0.7698185873149774,-2.682160081904553,-0.2027715095830644,-0.627452095359814,-0.2376132199333122,1
121.050318,14.540867,-0.2302148333928468,0.7698185873149774,-2.675335108816798,1.0848576900367646,-0.1670907257960588,-0.0944885301556701,1
121.050318,14.540867,0.9748404496766911,0.7698185873149774,-2.6753775255302523,1.0510750291335973,-0.1758337197261068,-0.0919863132846553,1
121.0553,14.53712,0.6493875630082758,1.122106438111597,-2.9431549057165944,-0.4140850591498572,0.1333248891671513,-0.4881258726381767,1
121.050318,14.540867,0.4734670837280513,0.7698185873149774,-2.6788324287875844,0.3734777684205155,-0.4147573984380322,-0.1610464413024613,1
121.050318,14.540867,0.6493875630082758,0.7698185873149774,-2.671721142884011,1.889139929136724,0.1046191801535459,-0.0348117154041699,1
121.050318,14.540867,0.0336658855274902,0.7698185873149774,-2.7218578814218586,2.611597298004785,0.4121458701745544,0.136267102124432,1
121.050318,14.540867,0.5614273233681636,0.7698185873149774,-2.675286329596325,1.123707750075407,-0.1570362827765039,-0.0973660795573373,1
121.05008,14.54844,0.8253080422885003,0.8202475731689297,-1.7423076788773488,1.1709885144393344,-0.1839507328158313,1.767165827106449,1
121.04993,14.54805,0.6054074431882197,0.8042660444786396,-1.7930696143577216,0.3876676276096114,-0.5512361609166506,1.677637828737636,1
121.050318,14.540867,0.8745657764869632,0.7698185873149774,-2.6287062944281008,-0.3574252656733357,-0.7244698369415528,-0.3314997046133097,1
121.050318,14.540867,0.2095863648077144,0.7698185873149774,-2.682168565247244,-0.2095280417636983,-0.6292006941458237,-0.2371127765591092,1
121.050318,14.540867,0.4734670837280513,0.7698185873149774,-2.675271483746616,1.1355316813915155,-0.1539762349009871,-0.0982418554621925,1
121.05399,14.5362,0.3648361877725126,1.0317402411107783,-2.697682253762414,0.6868651622238013,0.810263124144626,1.2610559595843884,1
121.04993,14.54805,2.8483935540110825,0.8042660444786396,-1.7859901409892391,1.8779927926484443,-0.0384168277726084,1.8057492172891885,1
121.0553,14.53712,0.8692881621085565,1.122106438111597,-2.9363299326288392,0.8735441404699724,0.5936862587309067,-0.3450011828605347,1
121.050318,14.540867,0.5614273233681636,0.7698185873149774,-2.675186650319707,1.20309700319785,-0.1364902470408914,-0.1032462892042222,1
121.0447013,14.55336919,0.8253080422885003,0.5446298226180137,-2.070155783761299,0.6632001985692212,1.191791615656168,1.80780463950216,1
121.0553,14.53712,-0.0718864020406447,1.122106438111597,-2.93624509920193,0.9411094622763072,0.6111722465910024,-0.3500056166025646,1
121.050318,14.540867,0.2095863648077144,0.7698185873149774,-2.67516544196298,1.2199883336494337,-0.1321187500758674,-0.1044973976397296,1
121.0459956,14.5381342,0.8692881621085565,0.4595401463375056,-2.731279678385242,0.7208048028724542,0.6865254262002213,1.294777078382294,1
121.050318,14.540867,0.2095863648077144,0.7698185873149774,-2.675229067033161,1.1693143422946828,-0.1452332409709392,-0.1007440723332072,1
121.050318,14.540867,0.5614273233681636,0.7698185873149774,-2.628854752925192,-0.4756645788344214,-0.7550703156967202,-0.3227419455647575,1
121.050318,14.540867,0.2975466044478267,0.7698185873149774,-2.675271483746616,1.1355316813915155,-0.1539762349009871,-0.0982418554621925,1
121.0447036,14.55357756,-0.2478068813208693,0.5404954533393229,-2.070367867328572,0.4942868940533844,1.1480766460059286,1.820315723857234,1
121.05013,14.53526,0.3648361877725126,0.7620845557378797,-2.689140940840002,0.7202375398371363,0.6934475699538208,1.304694508452547,1
121.050318,14.540867,0.4958969448362799,0.7698185873149774,-2.628804489119748,-0.435632125664168,-0.7447098678896135,-0.3257070725569102,1
121.044563,14.55437884,-0.1862347135727908,0.5386292213342744,-2.1086781000430177,0.381159647959582,1.4310443643103048,1.7585604317961916,1
121.0553,14.53712,0.5614273233681636,1.122106438111597,-2.939784835886172,0.1959468797568902,0.354762580018981,-0.4140613108783408,1
121.0494379,14.54595709,0.5605477209717624,0.7437502786346868,-2.3508459647456044,1.3054052854854803,-0.7167135878746415,0.0076250340257457,1
121.05399,14.5362,0.3648361877725126,1.0317402411107783,-2.6976716495840507,0.6953108274495932,0.812448872627138,1.2604304053666346,1
121.0443129,14.55336714,-0.0982744739326784,0.5184792200253593,-2.079957154258678,1.2180096105309022,1.3826421798580135,1.887790998414872,1
121.050318,14.540867,-0.0542943541126223,0.7698185873149774,-2.6717476533299203,1.8680257660722448,0.0991548089472661,-0.0332478298597855,1
121.050318,14.540867,0.5174472035481075,0.7698185873149774,-2.6718483930243746,1.7877919464272225,0.0783901983634024,-0.0273050647911252,1
121.0553,14.53712,0.7373478026483884,1.122106438111597,-2.9328856335498705,1.5426957359572622,0.8304241889603199,-0.2753155006249749,1
121.0553,14.53712,0.923823510685426,1.122106438111597,-2.9429852388627764,-0.278954415537188,0.1682968648873429,-0.4981347401222362,1
121.050318,14.540867,1.0715967132808146,0.7698185873149774,-2.628727502784828,-0.3743165961249195,-0.7288413339065767,-0.3302485961778022,1
121.0553,14.53712,0.8253080422885003,1.122106438111597,-2.943282155856958,-0.5154330418593591,0.1070959073770077,-0.4806192220251319,1
121.0494379,14.54595709,0.5614273233681636,0.7437502786346868,-2.350667814549096,1.4472924612787823,-0.6799930133684405,-0.0028842768325166,1
121.0553,14.53712,-0.0103142342925661,1.122106438111597,-2.936098761540512,1.057659642392234,0.6413355756496676,-0.3586382648075659,1
121.0553,14.53712,0.077646005347546,1.122106438111597,-2.936340536807202,0.8650984752441806,0.5915005102483947,-0.344375628642781,1
121.050318,14.540867,0.5614273233681636,0.7698185873149774,-2.725165598683504,2.051225870625693,0.2035603803998951,0.0585242815642042,1
121.050318,14.540867,-0.0718864020406447,0.7698185873149774,-2.6821176651910985,-0.1689888486798972,-0.6187091014297662,-0.2401154368043271,1
121.050318,14.540867,0.5614273233681636,0.7698185873149774,-2.628642669357919,-0.3067512743185847,-0.7113553460464809,-0.3352530299198321,1
121.050318,14.540867,0.8756212993626445,0.7698185873149774,-2.6821388735478258,-0.1858801791314809,-0.6230805983947901,-0.2388643283688196,1
121.050318,14.540867,-0.0630903780766335,0.7698185873149774,-2.6752926921033438,1.118640350939932,-0.158347731866011,-0.096990747026685,1
121.050318,14.540867,0.0160738375994674,0.7698185873149774,-2.675229067033161,1.1693143422946828,-0.1452332409709392,-0.1007440723332072,1
121.050318,14.540867,0.2975466044478267,0.7698185873149774,-2.6752820879249795,1.1270860161657237,-0.156161983383499,-0.0976163012444387,1
121.050318,14.540867,0.3415267242678829,0.7698185873149774,-2.628822940390101,-0.4503275831570458,-0.7485130702491843,-0.3246186082180188,1
121.0494379,14.54595709,0.1216261251676022,0.7437502786346868,-2.350854448088296,1.2986487533048467,-0.7184621866606511,0.0081254773999486,1
121.050318,14.540867,0.5614273233681636,0.7698185873149774,-2.682160081904553,-0.2027715095830644,-0.627452095359814,-0.2376132199333122,1
121.0553,14.53712,-0.1422545937527345,1.122106438111597,-2.936340536807202,0.8650984752441806,0.5915005102483947,-0.344375628642781,1
121.050318,14.540867,0.4958969448362799,0.7698185873149774,-2.6253601900407797,0.2335194698231222,-0.5079719376602001,-0.2560213903213504,1
121.050318,14.540867,-0.3181750730329591,0.7698185873149774,-2.625389245489496,0.2103783471044525,-0.5139608885022828,-0.2543073717647052,1
121.050318,14.540867,-0.1862347135727908,0.7698185873149774,-2.6717476533299203,1.8680257660722448,0.0991548089472661,-0.0332478298597855,1
121.050318,14.540867,1.2651092404890616,0.7698185873149774,-2.6751230252495253,1.253770994552601,-0.1233757561458196,-0.1069996145107444,1
121.050318,14.540867,0.737259842408748,0.7698185873149774,-2.67180597631092,1.8215746073303896,0.0871331922934502,-0.0298072816621401,1
121.050318,14.540867,0.9132682819286126,0.7698185873149774,-2.675250275389889,1.1524230118430991,-0.1496047379359631,-0.0994929638976999,1
121.050318,14.540867,0.3855068440879393,0.7698185873149774,-2.6822661236881893,-0.2872281618409829,-0.6493095801849337,-0.2313576777557749,1
121.050318,14.540867,0.3855068440879393,0.7698185873149774,-2.6753775255302523,1.0510750291335973,-0.1758337197261068,-0.0919863132846553,1
121.050318,14.540867,-0.0290392101071532,0.7698185873149774,-2.675103513561336,1.269311018568058,-0.1193539789379976,-0.1081506342714113,1
121.050318,14.540867,0.6493875630082758,0.7698185873149774,-2.675186650319707,1.20309700319785,-0.1364902470408914,-0.1032462892042222,1
121.050318,14.540867,0.5614273233681636,0.7698185873149774,-2.671636309457102,1.9567052509430587,0.1221051680136416,-0.0398161491461996,1
121.050318,14.540867,1.6169501990495108,0.7698185873149774,-2.6786309493986757,0.5339454077105604,-0.3732281772703049,-0.172931971439782,1
121.050318,14.540867,0.1216261251676022,0.7698185873149774,-2.682223706974735,-0.2534455009378155,-0.6405665862548858,-0.2338598946267899,1
121.050318,14.540867,0.4294869639079951,0.7698185873149774,-2.725069312743962,2.1279125108758827,0.2234069766211038,0.0528442492670004,1
121.065172,14.531149,-0.9272997325407366,1.8549839220253697,-2.40227068134952,-1.459235509303669,2.054111689288083,2.564600457256044,1
121.050318,14.540867,0.4734670837280513,0.7698185873149774,-2.725068888576827,2.1282503374849147,0.2234944065604042,0.0528192270982902,1
121.050318,14.540867,0.3415267242678829,0.7698185873149774,-2.6751045739791723,1.268466452045479,-0.1195725537862487,-0.108088078849636,1
121.050318,14.540867,0.4294869639079951,0.7698185873149774,-2.675335108816798,1.0848576900367646,-0.1670907257960588,-0.0944885301556701,1
121.050318,14.540867,0.5614273233681636,0.7698185873149774,-2.678694574468857,0.4832714163558093,-0.3863426681653766,-0.1691786461332597,1
121.050318,14.540867,0.8253080422885003,0.7698185873149774,-2.678694574468857,0.4832714163558093,-0.3863426681653766,-0.1691786461332597,1
121.0553,14.53712,-0.0718864020406447,1.122106438111597,-2.943133697359867,-0.3971937286982736,0.1376963861321753,-0.4893769810736841,1
121.050318,14.540867,0.8253080422885003,0.7698185873149774,-2.628621461001192,-0.2898599438670011,-0.7069838490814571,-0.3365041383553394,1
121.0553,14.53712,0.1216261251676022,1.122106438111597,-2.936340536807202,0.8650984752441806,0.5915005102483947,-0.344375628642781,1
121.0503029,14.53332095,-0.1158665218607009,0.7872558211101823,-2.6599933725903817,0.8080240586952132,0.7069403112601397,1.3098993139738626,1
121.050318,14.540867,0.3855068440879393,0.7698185873149774,-2.6750806085360708,1.2875536554557685,-0.1146327622157718,-0.1095018313817594,1
121.050318,14.540867,-0.0103142342925661,0.7698185873149774,-2.678736991182312,0.449488755452642,-0.3950856620954245,-0.1666764292622448,1
121.050318,14.540867,0.9572484017486688,0.7698185873149774,-2.675250275389889,1.1524230118430991,-0.1496047379359631,-0.0994929638976999,1
121.0553,14.53712,0.5614273233681636,1.122106438111597,-2.943027655576231,-0.3127370764403553,0.159553870957295,-0.4956325232512213,1
121.050318,14.540867,0.3415267242678829,0.7698185873149774,-2.6751442336062525,1.2368796641010174,-0.1277472531108435,-0.1057485060752371,1
121.050318,14.540867,1.0012285215687249,0.7698185873149774,-2.6821388735478258,-0.1858801791314809,-0.6230805983947901,-0.2388643283688196,1
121.050318,14.540867,0.4294869639079951,0.7698185873149774,-2.7250476802201,2.1451416679364983,0.2278659035254281,0.0515681186627828,1
121.050318,14.540867,0.4558750358000291,0.7698185873149774,-2.682213102796372,-0.2449998357120236,-0.6383808377723739,-0.2344854488445436,1
121.065172,14.531149,-1.2087724993890958,1.8549839220253697,-2.4024361065319924,-1.5909878868260217,2.020014012960896,2.574359103053001,1
121.050318,14.540867,0.077646005347546,0.7698185873149774,-2.671699934527284,1.906031259588308,0.1089906771185698,-0.0360628238396773,1
121.050318,14.540867,0.6493875630082758,0.7698185873149774,-2.671827184667648,1.804683276878806,0.0827616953284263,-0.0285561732266327,1
121.0459956,14.5381342,0.4734670837280513,0.4595401463375056,-2.731279678385242,0.7208048028724542,0.6865254262002213,1.294777078382294,1
121.050318,14.540867,1.6609303188695668,0.7698185873149774,-2.6733584589965864,1.6221294531994137,0.0037362028989349,-0.0746589902639795,1
121.050318,14.540867,-0.0542943541126223,0.7698185873149774,-2.628854752925192,-0.4756645788344214,-0.7550703156967202,-0.3227419455647575,1
121.050318,14.540867,1.4410297197692865,0.7698185873149774,-2.6716575178138293,1.9398139204914755,0.1177336710486177,-0.0385650407106922,1
121.0475513,14.54727579,-0.4940955523131836,0.6276744410898554,-2.238814550867055,1.0402382061102224,-0.2181778967671881,1.5710622880806,1
121.050318,14.540867,0.2975466044478267,0.7698185873149774,-2.675229067033161,1.1693143422946828,-0.1452332409709392,-0.1007440723332072,1
121.065172,14.531149,-0.7139961514134645,1.8549839220253697,-2.4986438796766093,1.0179944286287892,2.999890184307528,2.9495449431853973,1
121.050318,14.540867,0.3151386523758495,0.7698185873149774,-2.675101816892798,1.2706623250041849,-0.1190042591807957,-0.1082507229462519,1
121.050318,14.540867,0.5614273233681636,0.7698185873149774,-2.6750806085360708,1.2875536554557685,-0.1146327622157718,-0.1095018313817594,1
121.0499855,14.546318,0.5614273233681636,0.786232481525419,-1.9314823372967649,-0.2171616712743361,-1.2323219456124692,1.3846520598687684,1
121.04562004921,14.54912977672,-0.2302148333928468,0.5215094491786849,-2.2920826301328,-0.8179607707501851,-0.0574525439225959,1.2911797021240012,1
121.050318,14.540867,1.0012285215687249,0.7698185873149774,-2.675335108816798,1.0848576900367646,-0.1670907257960588,-0.0944885301556701,1
121.0553,14.53712,0.8253080422885003,1.122106438111597,-2.936340536807202,0.8650984752441806,0.5915005102483947,-0.344375628642781,1
121.049625,14.548995,1.1331688810288931,0.7968676778388928,-1.695933364769379,-0.4739904066897698,-0.7937878075416123,1.5451679538748988,1
121.0553,14.53712,0.2975466044478267,1.122106438111597,-2.932673549982598,1.711609040473099,0.8741391586105591,-0.2878265849800493,1
121.050318,14.540867,0.614203467152231,0.7698185873149774,-2.6821176651910985,-0.1689888486798972,-0.6187091014297662,-0.2401154368043271,1
121.050318,14.540867,0.3767108201239278,0.7698185873149774,-2.675186650319707,1.20309700319785,-0.1364902470408914,-0.1032462892042222,1
121.050318,14.540867,0.0336658855274902,0.7698185873149774,-2.675335108816798,1.0848576900367646,-0.1670907257960588,-0.0944885301556701,1
121.050318,14.540867,-0.0982744739326784,0.7698185873149774,-2.675271483746616,1.1355316813915155,-0.1539762349009871,-0.0982418554621925,1
121.050318,14.540867,-0.0103142342925661,0.7698185873149774,-2.6753775255302523,1.0510750291335973,-0.1758337197261068,-0.0919863132846553,1
121.050318,14.540867,0.4734670837280513,0.7698185873149774,-2.6287062944281008,-0.3574252656733357,-0.7244698369415528,-0.3314997046133097,1
121.050318,14.540867,1.8104627262577575,0.7698185873149774,-2.681990415050735,-0.0676408659703952,-0.5924801196396227,-0.2476220874173716,1
121.05597,14.54659,-1.6353356815238205,1.2095816530213677,-1.5369156664043004,-0.3676324652628331,1.3365981933243676,3.1894348799794865,1
121.050318,14.540867,0.0336658855274902,0.7698185873149774,-2.6751919524088885,1.1988741705849542,-0.1375831212821474,-0.1029335120953453,1
121.050318,14.540867,0.6493875630082758,0.7698185873149774,-2.675101816892798,1.2706623250041849,-0.1190042591807957,-0.1082507229462519,1
121.050318,14.540867,0.6493875630082758,0.7698185873149774,-2.671839909681684,1.7945484786078558,0.0801387971494119,-0.0278055081653282,1
121.050318,14.540867,0.5262432275121189,0.7698185873149774,-2.681969206694008,-0.0507495355188116,-0.5881086226745987,-0.2488731958528791,1
121.050318,14.540867,0.3855068440879393,0.7698185873149774,-2.6287062944281008,-0.3574252656733357,-0.7244698369415528,-0.3314997046133097,1
121.050318,14.540867,0.2975466044478267,0.7698185873149774,-2.6718483930243746,1.7877919464272225,0.0783901983634024,-0.0273050647911252,1
121.050318,14.540867,0.6493875630082758,0.7698185873149774,-2.6787157828255843,0.4663800859042257,-0.3907141651304006,-0.1679275376977523,1
121.050318,14.540867,1.0891887612088376,0.7698185873149774,-2.675250275389889,1.1524230118430991,-0.1496047379359631,-0.0994929638976999,1
121.0453819,14.54576546,0.5614273233681636,0.4568918742073934,-2.8939918684353705,1.091095932329088,0.0705435387025676,-0.1969280923055897,1
121.0553,14.53712,1.0080894202606536,1.122106438111597,-2.943027655576231,-0.3127370764403553,0.159553870957295,-0.4956325232512213,1
121.050318,14.540867,0.3415267242678829,0.7698185873149774,-2.6288335445684643,-0.4587732483828377,-0.7506988187316963,-0.323993054000265,1
121.050318,14.540867,0.6054074431882197,0.7698185873149774,-2.725068888576827,2.1282503374849147,0.2234944065604042,0.0528192270982902,1
121.050318,14.540867,-0.0103142342925661,0.7698185873149774,-2.6752926921033438,1.118640350939932,-0.158347731866011,-0.096990747026685,1
121.050318,14.540867,0.0336658855274902,0.7698185873149774,-2.6751230252495253,1.253770994552601,-0.1233757561458196,-0.1069996145107444,1
121.0500612,14.54843956,0.2342152319069459,0.8189319368992823,-1.6960818232664698,-0.5922297198508555,-0.8243882862967797,1.553925712923451,1
121.050318,14.540867,1.6521342949055555,0.7698185873149774,-2.682032831764189,-0.1014235268735626,-0.6012231135696705,-0.2451198705463568,1
121.050318,14.540867,0.3415267242678829,0.7698185873149774,-2.675178166977016,1.2098535353784836,-0.1347416482548818,-0.1037467325784251,1
121.050318,14.540867,-0.0982744739326784,0.7698185873149774,-2.682169413581513,-0.2102036949817613,-0.6293755540244246,-0.2370627322216889,1
121.050318,14.540867,-0.3181750730329591,0.7698185873149774,-2.681969206694008,-0.0507495355188116,-0.5881086226745987,-0.2488731958528791,1
121.050318,14.540867,1.0891887612088376,0.7698185873149774,-2.6750806085360708,1.2875536554557685,-0.1146327622157718,-0.1095018313817594,1
121.050318,14.540867,0.9572484017486688,0.7698185873149774,-2.6821388735478258,-0.1858801791314809,-0.6230805983947901,-0.2388643283688196,1
121.050318,14.540867,0.2095863648077144,0.7698185873149774,-2.675271483746616,1.1355316813915155,-0.1539762349009871,-0.0982418554621925,1
121.050318,14.540867,0.3415267242678829,0.7698185873149774,-2.7250476802201,2.1451416679364983,0.2278659035254281,0.0515681186627828,1
121.050318,14.540867,0.2975466044478267,0.7698185873149774,-2.731978695091492,0.77305581605875,-0.2543529508634465,-0.0853010289373217,1
121.050318,14.540867,-0.274194953212903,0.7698185873149774,-2.675335108816798,1.0848576900367646,-0.1670907257960588,-0.0944885301556701,1
121.050318,14.540867,0.3415267242678829,0.7698185873149774,-2.675279967089307,1.1287751492108815,-0.1557248336869968,-0.0977414120879894,1
121.050318,14.540867,0.8253080422885003,0.7698185873149774,-2.673564180056841,1.4582835478190517,-0.0386673176617972,-0.0625232384395573,1
121.050318,14.540867,1.0891887612088376,0.7698185873149774,-2.675116662742507,1.2588383936880758,-0.1220643070563125,-0.1073749470413967,1
121.050318,14.540867,-1.0218569901538572,0.7698185873149774,-2.6753669213518885,1.0595206943593891,-0.1736479712435948,-0.0926118675024089,1
121.050318,14.540867,0.9572484017486688,0.7698185873149774,-2.6751230252495253,1.253770994552601,-0.1233757561458196,-0.1069996145107444,1
121.050318,14.540867,0.2095863648077144,0.7698185873149774,-2.6822661236881893,-0.2872281618409829,-0.6493095801849337,-0.2313576777557749,1
121.0435842,14.5515268,0.5614273233681636,0.4277141252861472,-2.2593711343297302,0.7533881249826168,0.9886972827746976,1.6756130782048912,1
121.050318,14.540867,0.8253080422885003,0.7698185873149774,-2.6751442336062525,1.2368796641010174,-0.1277472531108435,-0.1057485060752371,1
121.0553,14.53712,0.9748404496766911,1.122106438111597,-2.936393557699021,0.8228701491152214,0.580571767835835,-0.3412478575540124,1
121.050318,14.540867,0.2975466044478267,0.7698185873149774,-2.675101816892798,1.2706623250041849,-0.1190042591807957,-0.1082507229462519,1
121.0448,14.54931,0.2359744366997481,0.4679716793987983,-2.4406003059335424,0.7789946248278525,0.6912532733358984,1.5279501662223989,1
121.050318,14.540867,0.2095863648077144,0.7698185873149774,-2.675324504638434,1.0933033552625564,-0.1649049773135469,-0.0951140843734239,1
121.050318,14.540867,-0.3181750730329591,0.7698185873149774,-2.675176046141343,1.211542668423642,-0.1343044985583794,-0.1038718434219758,1
121.050318,14.540867,0.6054074431882197,0.7698185873149774,-2.6820116234074622,-0.084532196421979,-0.5968516166046466,-0.2463709789818643,1
121.050318,14.540867,0.1216261251676022,0.7698185873149774,-2.675324504638434,1.0933033552625564,-0.1649049773135469,-0.0951140843734239,1
121.050318,14.540867,0.3855068440879393,0.7698185873149774,-2.675324504638434,1.0933033552625564,-0.1649049773135469,-0.0951140843734239,1
121.0553,14.53712,0.8253080422885003,1.122106438111597,-2.939784835886172,0.1959468797568902,0.354762580018981,-0.4140613108783408,1
121.05147,14.54542,0.3855068440879393,0.8810899498025576,-2.277944393524451,-0.0806398315252498,-1.0671192051739922,-0.1960216131071153,1
121.0443039,14.55335428,0.5614273233681636,0.517569255291592,-2.0834226616943736,0.5319666845920286,1.141532752663576,1.8193564246148195,1
121.050318,14.540867,0.5614273233681636,0.7698185873149774,-2.6287062944281008,-0.3574252656733357,-0.7244698369415528,-0.3314997046133097,1
121.0459956,14.5381342,0.6493875630082758,0.4595401463375056,-2.731269074206878,0.729250468098246,0.6887111746827334,1.2941515241645405,1
121.0553,14.53712,0.3239346763398604,1.122106438111597,-2.936340536807202,0.8650984752441806,0.5915005102483947,-0.344375628642781,1
121.0553,14.53712,0.7373478026483884,1.122106438111597,-2.936393557699021,0.8228701491152213,0.5805717678358346,-0.3412478575540125,1
121.05201,14.53583,-0.2302148333928468,0.8926913229132645,-2.6446279920326137,0.8570653662116252,0.8716765798188766,1.3074884247587324,1
121.050318,14.540867,0.2975466044478267,0.7698185873149774,-2.6753775255302523,1.0510750291335973,-0.1758337197261068,-0.0919863132846553,1
121.050318,14.540867,1.0891887612088376,0.7698185873149774,-2.675286329596325,1.123707750075407,-0.1570362827765039,-0.0973660795573373,1
121.05727,14.52245,0.8253080422885003,1.4319070452665097,-2.3497726445746743,-1.4493148940411065,2.470633911736845,-0.2478294374463232,1
121.050318,14.540867,1.353069480129174,0.7698185873149774,-2.62879112785501,-0.4249905874796704,-0.7419558248016485,-0.3264952708712799,1
121.050318,14.540867,0.2095863648077144,0.7698185873149774,-2.6753775255302523,1.0510750291335973,-0.1758337197261068,-0.0919863132846553,1
121.050318,14.540867,0.4734670837280513,0.7698185873149774,-2.721624589497859,2.797401932972205,0.4602323367898176,0.1225049093338502,1
121.050318,14.540867,-0.0542943541126223,0.7698185873149774,-2.67516544196298,1.2199883336494337,-0.1321187500758674,-0.1044973976397296,1
121.050318,14.540867,-0.274194953212903,0.7698185873149774,-2.6753139004600706,1.1017490204883482,-0.1627192288310349,-0.0957396385911775,1
121.050318,14.540867,0.6493875630082758,0.7698185873149774,-2.6752078586764343,1.1862056727462664,-0.1408617440059153,-0.1019951807687147,1
121.0459956,14.5381342,0.3855068440879393,0.4595401463375056,-2.731279678385242,0.7208048028724542,0.6865254262002213,1.294777078382294,1
121.0494379,14.54595709,-0.191952129149398,0.7437502786346868,-2.307764097882436,-0.8877833050975752,-1.5319886745602649,-0.2930164578395975,1
121.0502,14.53352,-0.0542943541126223,0.7784029629484923,-2.6571038515694565,0.8529308454694922,0.676744787126586,1.3219432800589006,1
121.050318,14.540867,0.3855068440879393,0.7698185873149774,-2.721794256351677,2.662271289359536,0.4252603610696262,0.1325137768179097,1
121.050318,14.540867,1.0891886732485976,0.7698185873149774,-2.675116662742507,1.2588383936880758,-0.1220643070563125,-0.1073749470413967,1
121.050318,14.540867,0.2095863648077144,0.7698185873149774,-2.675279967089307,1.1287751492108815,-0.1557248336869968,-0.0977414120879894,1
121.0435842,14.5515268,-0.2478068813208693,0.4277141252861472,-2.213100741169724,-0.974358315359248,0.3574398729202995,1.4597456363073278,1
121.050318,14.540867,-0.274194953212903,0.7698185873149774,-2.62879112785501,-0.4249905874796704,-0.7419558248016485,-0.3264952708712799,1
121.0436,14.55206,0.2975466044478267,0.4403887097429553,-2.2406412188700413,0.722754388779771,0.9134297927213252,1.7067907409513683,1
121.050318,14.540867,0.2095863648077144,0.7698185873149774,-2.6288335445684643,-0.4587732483828377,-0.7506988187316963,-0.323993054000265,1
121.050318,14.540867,0.077646005347546,0.7698185873149774,-2.675335108816798,1.0848576900367646,-0.1670907257960588,-0.0944885301556701,1
121.0553,14.53712,0.8272431675605828,1.122106438111597,-2.943133697359867,-0.3971937286982736,0.1376963861321753,-0.4893769810736841,1
121.0553,14.53712,0.8341040662525115,1.122106438111597,-2.94311248900314,-0.3803023982466899,0.1420678830971992,-0.4906280895091917,1
121.050318,14.540867,1.0029877263615272,0.7698185873149774,-2.625261995349132,0.3117263298139545,-0.4877319067121393,-0.2618140223777498,1
121.050318,14.540867,1.3809229696136118,0.7698185873149774,-2.628642669357919,-0.3067512743185847,-0.7113553460464809,-0.3352530299198321,1
121.0553,14.53712,0.7698930913152296,1.122106438111597,-2.943133697359867,-0.3971937286982736,0.1376963861321753,-0.4893769810736841,1
121.0553,14.53712,0.6353139246658579,1.122106438111597,-2.94311248900314,-0.3803023982466899,0.1420678830971992,-0.4906280895091917,1
121.0553,14.53712,0.0336658855274902,1.122106438111597,-2.9363511409855665,0.8566528100183888,0.5893147617658828,-0.3437500744250273,1
121.050318,14.540867,0.2975466044478267,0.7698185873149774,-2.671678726170557,1.9229225900398916,0.1133621740835938,-0.0373139322751847,1
121.050318,14.540867,0.8253080422885003,0.7698185873149774,-2.678567324328493,0.5846193990653114,-0.3601136863752331,-0.1766852967463043,1
121.0553,14.53712,0.8165120183244892,1.122106438111597,-2.9431549057165944,-0.4140850591498572,0.1333248891671513,-0.4881258726381767,1
121.0553,14.53712,0.4734670837280513,1.122106438111597,-2.9430912806464127,-0.3634110677951062,0.1464393800622232,-0.491879197944699,1
121.050318,14.540867,1.1771490008489494,0.7698185873149774,-2.6287487111415557,-0.3912079265765031,-0.7332128308716006,-0.3289974877422948,1
121.050318,14.540867,1.0012285215687249,0.7698185873149774,-2.675186650319707,1.20309700319785,-0.1364902470408914,-0.1032462892042222,1
121.050318,14.540867,0.6493875630082758,0.7698185873149774,-2.675335108816798,1.0848576900367646,-0.1670907257960588,-0.0944885301556701,1
121.050318,14.540867,0.3855068440879393,0.7698185873149774,-2.721709422924768,2.7298366111658705,0.4427463489297219,0.12750934307588,1
121.0553,14.53712,1.317885384273129,1.122106438111597,-2.932906841906598,1.5258044055056783,0.826052691995296,-0.2740643921894674,1
121.0553,14.53712,0.8253080422885003,1.122106438111597,-2.9430912806464127,-0.3634110677951062,0.1464393800622232,-0.491879197944699,1
121.0553,14.53712,0.2975466044478267,1.122106438111597,-2.94311248900314,-0.3803023982466899,0.1420678830971992,-0.4906280895091917,1
121.050318,14.540867,0.9836364736407024,0.7698185873149774,-2.6821388735478258,-0.1858801791314809,-0.6230805983947901,-0.2388643283688196,1
121.0553,14.53712,0.5174472035481075,1.122106438111597,-2.9430912806464127,-0.3634110677951062,0.1464393800622232,-0.491879197944699,1
121.050318,14.540867,0.8253080422885003,0.7698185873149774,-2.675186650319707,1.20309700319785,-0.1364902470408914,-0.1032462892042222,1
121.050318,14.540867,0.1875963048976864,0.7698185873149774,-2.671784767954193,1.8384659377819728,0.0915046892584741,-0.0310583900976475,1
121.050318,14.540867,-0.1422545937527345,0.7698185873149774,-2.675280815423576,1.1280994959928188,-0.1558996935655976,-0.0976913677505692,1
121.050318,14.540867,0.2095863648077144,0.7698185873149774,-2.7319574867347645,0.7899471465103337,-0.2499814538984226,-0.0865521373728292,1
121.0439095,14.5506408,0.0336658855274902,0.4316239222191583,-2.357328129049772,-0.8719243930649,0.1227663154253295,1.3518925771928143,1
121.050318,14.540867,1.1771490008489494,0.7698185873149774,-2.675186650319707,1.20309700319785,-0.1364902470408914,-0.1032462892042222,1
121.050318,14.540867,1.0012285215687249,0.7698185873149774,-2.682005260900444,-0.0794647972865041,-0.5955401675151395,-0.2467463115125164,1
121.050318,14.540867,0.2975466044478267,0.7698185873149774,-2.675335108816798,1.0848576900367646,-0.1670907257960588,-0.0944885301556701,1
121.050318,14.540867,-0.274194953212903,0.7698185873149774,-2.67516544196298,1.2199883336494337,-0.1321187500758674,-0.1044973976397296,1
121.050318,14.540867,0.8253080422885003,0.7698185873149774,-2.6750806085360708,1.2875536554557685,-0.1146327622157718,-0.1095018313817594,1
121.0553,14.53712,0.1040340772395801,1.122106438111597,-2.9360966407048394,1.0593487754373925,0.6417727253461699,-0.3587633756511166,1
121.050318,14.540867,0.1216261251676022,0.7698185873149774,-2.62855783593101,-0.23918595251225,-0.6938693581863852,-0.3402574636618618,1
121.050318,14.540867,0.5614273233681636,0.7698185873149774,-2.6717423512407383,1.8722485986851405,0.100247683188522,-0.0335606069686624,1
121.050318,14.540867,-0.0982744739326784,0.7698185873149774,-2.6752926921033438,1.118640350939932,-0.158347731866011,-0.096990747026685,1
121.044261,14.54912748,0.3855068440879393,0.4276068365647208,-2.491131897904104,0.8644288234109211,0.8317471625282711,1.4656364282354353,1
121.050318,14.540867,0.4734670837280513,0.7698185873149774,-2.675101816892798,1.2706623250041849,-0.1190042591807957,-0.1082507229462519,1
121.050318,14.540867,-0.0982744739326784,0.7698185873149774,-2.628854752925192,-0.4756645788344214,-0.7550703156967202,-0.3227419455647575,1
121.050318,14.540867,0.6493875630082758,0.7698185873149774,-2.721624589497859,2.797401932972205,0.4602323367898176,0.1225049093338502,1
121.050318,14.540867,-0.0542943541126223,0.7698185873149774,-2.6717635595974656,1.8553572682335568,0.0958761862234981,-0.032309498533155,1
121.050318,14.540867,0.8253080422885003,0.7698185873149774,-2.628642669357919,-0.3067512743185847,-0.7113553460464809,-0.3352530299198321,1
121.050318,14.540867,0.6493875630082758,0.7698185873149774,-2.6751442336062525,1.2368796641010174,-0.1277472531108435,-0.1057485060752371,1
121.050318,14.540867,0.2975466044478267,0.7698185873149774,-2.682206740289353,-0.2399324365765488,-0.6370693886828668,-0.2348607813751958,1
121.050318,14.540867,1.0891887612088376,0.7698185873149774,-2.67180597631092,1.8215746073303896,0.0871331922934502,-0.0298072816621401,1
121.050318,14.540867,0.4734670837280513,0.7698185873149774,-2.6751442336062525,1.2368796641010174,-0.1277472531108435,-0.1057485060752371,1
121.0513868,14.54685232,0.2535664846277706,0.890728222823606,-1.7577396329194872,1.7542236660135433,0.0978913584082893,1.8143064948005327,1
121.050318,14.540867,0.0160738375994674,0.7698185873149774,-2.6752078586764343,1.1862056727462664,-0.1408617440059153,-0.1019951807687147,1
121.050318,14.540867,0.6493875630082758,0.7698185873149774,-2.731936278378037,0.8068384769619172,-0.2456099569333987,-0.0878032458083367,1
121.0436,14.55206,0.2975466044478267,0.4403887097429553,-2.194118446264981,-0.803985219188248,0.3341931967507119,1.4760351086712664,1
121.065172,14.531149,-0.7579762712335204,1.8549839220253697,-2.498940796670791,0.781515802306618,2.938689226797193,2.9670604612825016,1
121.050318,14.540867,-0.4061353126730714,0.7698185873149774,-2.682223706974735,-0.2534455009378155,-0.6405665862548858,-0.2338598946267899,1
121.050318,14.540867,0.6493875630082758,0.7698185873149774,-2.628642669357919,-0.3067512743185847,-0.7113553460464809,-0.3352530299198321,1
121.050318,14.540867,0.7285517786843768,0.7698185873149774,-2.671636309457102,1.9567052509430587,0.1221051680136416,-0.0398161491461996,1
121.050318,14.540867,0.6054074431882197,0.7698185873149774,-2.6821388735478258,-0.1858801791314809,-0.6230805983947901,-0.2388643283688196,1
121.050318,14.540867,0.6405915390442646,0.7698185873149774,-2.6287699194982825,-0.4080992570280868,-0.7375843278366245,-0.3277463793067874,1
121.050318,14.540867,0.5992854105092679,0.7698185873149774,-2.675116662742507,1.2588383936880758,-0.1220643070563125,-0.1073749470413967,1
121.050318,14.540867,0.4734670837280513,0.7698185873149774,-2.6821176651910985,-0.1689888486798972,-0.6187091014297662,-0.2401154368043271,1
121.050318,14.540867,0.2975466044478267,0.7698185873149774,-2.678736991182312,0.449488755452642,-0.3950856620954245,-0.1666764292622448,1
121.0553,14.53712,0.2975466044478267,1.122106438111597,-2.932906841906598,1.5258044055056783,0.826052691995296,-0.2740643921894674,1
121.04993,14.54805,0.2095863648077144,0.8042660444786396,-1.796598746863599,-0.3490492896840135,-0.8054600790061599,1.612956580244106,1
121.050318,14.540867,0.9132682819286126,0.7698185873149774,-2.6751230252495253,1.253770994552601,-0.1233757561458196,-0.1069996145107444,1
121.050318,14.540867,0.2975466044478267,0.7698185873149774,-2.6750806085360708,1.2875536554557685,-0.1146327622157718,-0.1095018313817594,1
121.050318,14.540867,0.3415267242678829,0.7698185873149774,-2.675106482731278,1.2669462323048364,-0.1199659885131009,-0.1079754790904403,1
121.050318,14.540867,0.3855068440879393,0.7698185873149774,-2.678588532685221,0.5677280686137277,-0.364485183340257,-0.175434188310797,1
121.050318,14.540867,0.0336658855274902,0.7698185873149774,-2.6785461159717663,0.6015107295168951,-0.3557421894102091,-0.1779364051818118,1
121.050318,14.540867,-0.1422545937527345,0.7698185873149774,-2.6752882383484304,1.122187530334764,-0.1574297175033561,-0.0972534797981415,1
121.050318,14.540867,0.8692881621085565,0.7698185873149774,-2.628727502784828,-0.3743165961249195,-0.7288413339065767,-0.3302485961778022,1
121.050318,14.540867,-0.1422545937527345,0.7698185873149774,-2.6787321132602644,0.4533737614565063,-0.394080217793469,-0.1669641842024116,1
121.050318,14.540867,-0.3181750730329591,0.7698185873149774,-2.6753139004600706,1.1017490204883482,-0.1627192288310349,-0.0957396385911775,1
121.050318,14.540867,0.6493875630082758,0.7698185873149774,-2.671636309457102,1.9567052509430587,0.1221051680136416,-0.0398161491461996,1
121.050318,14.540867,0.8253080422885003,0.7698185873149774,-2.675271483746616,1.1355316813915155,-0.1539762349009871,-0.0982418554621925,1
121.050318,14.540867,1.4410297197692865,0.7698185873149774,-2.6321718018637967,-1.0434681916122102,-0.96557926413599,-0.3999342784133621,1
121.050318,14.540867,0.4294869639079951,0.7698185873149774,-2.675229067033161,1.1693143422946828,-0.1452332409709392,-0.1007440723332072,1
121.050318,14.540867,0.7813279224684442,0.7698185873149774,-2.671636309457102,1.9567052509430587,0.1221051680136416,-0.0398161491461996,1
121.050318,14.540867,0.5614273233681636,0.7698185873149774,-2.6788006162524933,0.398814764097891,-0.4082001529904963,-0.1629231039557225,1
121.050318,14.540867,0.9132682819286126,0.7698185873149774,-2.681969206694008,-0.0507495355188116,-0.5881086226745987,-0.2488731958528791,1
121.065172,14.531149,-0.9514887984417676,1.8549839220253697,-2.4524180240657305,-0.745223805661401,2.359452630826579,2.7363048290023992,1
121.050318,14.540867,0.9132682819286126,0.7698185873149774,-2.725165598683504,2.051225870625693,0.2035603803998951,0.0585242815642042,1
121.050318,14.540867,1.596509118959545,0.7698185873149774,-2.6752078586764343,1.1862056727462664,-0.1408617440059153,-0.1019951807687147,1
121.050318,14.540867,0.3855068440879393,0.7698185873149774,-2.678779407895766,0.4157060945494747,-0.4038286560254723,-0.1641742123912299,1
121.050318,14.540867,0.6054074431882197,0.7698185873149774,-2.6751230252495253,1.253770994552601,-0.1233757561458196,-0.1069996145107444,1
121.050318,14.540867,0.579019371296186,0.7698185873149774,-2.6752926921033438,1.118640350939932,-0.158347731866011,-0.096990747026685,1
121.050318,14.540867,1.0012285215687249,0.7698185873149774,-2.675250275389889,1.1524230118430991,-0.1496047379359631,-0.0994929638976999,1
121.050318,14.540867,0.5675845401429714,0.7698185873149774,-2.675271483746616,1.1355316813915155,-0.1539762349009871,-0.0982418554621925,1
121.050318,14.540867,-0.191952129149398,0.7698185873149774,-2.5822352702134546,-1.9253797199432192,-1.3143728855068249,-0.5592026323107737,1
121.050318,14.540867,1.1771490008489494,0.7698185873149774,-2.6287062944281008,-0.3574252656733357,-0.7244698369415528,-0.3314997046133097,1
121.0494379,14.54595709,0.1216261251676022,0.7437502786346868,-2.3507059895912046,1.4168880664659322,-0.6878617079054836,-0.0006322816486033,1
121.050318,14.540867,0.7813279224684442,0.7698185873149774,-2.675229067033161,1.1693143422946828,-0.1452332409709392,-0.1007440723332072,1
121.050318,14.540867,-0.5820557919532959,0.7698185873149774,-2.6287699194982825,-0.4080992570280868,-0.7375843278366245,-0.3277463793067874,1
121.050318,14.540867,1.0452086413887811,0.7698185873149774,-2.6287062944281008,-0.3574252656733357,-0.7244698369415528,-0.3314997046133097,1
121.050318,14.540867,0.3855068440879393,0.7698185873149774,-2.628854752925192,-0.4756645788344214,-0.7550703156967202,-0.3227419455647575,1
121.050318,14.540867,0.5614273233681636,0.7698185873149774,-2.675250275389889,1.1524230118430991,-0.1496047379359631,-0.0994929638976999,1
121.065172,14.531149,-0.9778768703338012,1.8549839220253697,-2.452365003173912,-0.7029954795324419,2.3703813732391392,2.7331770579136307,1
121.050318,14.540867,-0.1862347135727908,0.7698185873149774,-2.675335108816798,1.0848576900367646,-0.1670907257960588,-0.0944885301556701,1
121.0494,14.54595,-0.3181750730329591,0.7410103802210661,-2.350695385412841,1.425333731691724,-0.6856759594229717,-0.001257835866357,1
121.050318,14.540867,0.7373478026483884,0.7698185873149774,-2.675186650319707,1.20309700319785,-0.1364902470408914,-0.1032462892042222,1
121.050318,14.540867,0.5614273233681636,0.7698185873149774,-2.6718420305173565,1.7928593455626969,0.0797016474529095,-0.0276803973217775,1
121.050318,14.540867,2.3206321161704087,0.7698185873149774,-2.675271483746616,1.1355316813915155,-0.1539762349009871,-0.0982418554621925,1
121.050318,14.540867,0.9132682819286126,0.7698185873149774,-2.675116662742507,1.2588383936880758,-0.1220643070563125,-0.1073749470413967,1
121.050318,14.540867,0.5614273233681636,0.7698185873149774,-2.6714411925752115,2.1121054910976294,0.1623229400918619,-0.0513263467528681,1
121.050318,14.540867,1.916015013825892,0.7698185873149774,-2.7214973393574957,2.898749915681708,0.486461318579961,0.1149982587208055,1
121.0553,14.53712,0.112830101203591,1.122106438111597,-2.9358421404241124,1.2620447408563962,0.6942306889264568,-0.3737766768772059,1
121.050318,14.540867,-0.0567041128378028,0.7698185873149774,-2.7215957461327096,2.8203741423863598,0.4661775726622502,0.1208034018615601,1
121.050318,14.540867,1.2052962775337854,0.7698185873149774,-2.7214973393574957,2.898749915681708,0.486461318579961,0.1149982587208055,1
121.050318,14.540867,0.1172281131855966,0.7698185873149774,-2.6819479983372805,-0.033858205067228,-0.5837371257095747,-0.2501243042883866,1
121.050318,14.540867,0.5614273233681636,0.7698185873149774,-2.721443470131408,2.94165389502873,0.4975649208711218,0.1118204432946166,1
121.050318,14.540867,0.3415267242678829,0.7698185873149774,-2.675016983465889,1.3382276468105194,-0.1015182713207,-0.1132551566882818,1
121.050318,14.540867,1.3161261794803267,0.7698185873149774,-2.674940633381671,1.3990364364362204,-0.0857808822466138,-0.1177591470561084,1
121.0495969,14.5461009,1.1419649049929046,0.7565076732106889,-2.2440800138436443,3.28356932369033,-0.2903285014613215,0.2497147353023787,1
121.050318,14.540867,1.2259101115344042,0.7698185873149774,-2.724793179939373,2.3478376333555024,0.2803238671057154,0.0365548174366934,1
121.0495990949,14.546086301,1.1419649049929046,0.7564990945469895,-2.2440800138436443,3.28356932369033,-0.2903285014613215,0.2497147353023787,1
121.050318,14.540867,0.4294869639079951,0.7698185873149774,-2.67493215003898,1.405792968616854,-0.0840322834606043,-0.1182595904303115,1
121.050318,14.540867,0.8253080422885003,0.7698185873149774,-2.67493215003898,1.405792968616854,-0.0840322834606043,-0.1182595904303115,1
121.050318,14.540867,0.8253080422885003,0.7698185873149774,-2.6714878509600117,2.074944564104145,0.1527056467688093,-0.0485739081947517,1
121.050318,14.540867,1.7928706783297352,0.7698185873149774,-2.67493215003898,1.405792968616854,-0.0840322834606043,-0.1182595904303115,1
121.050318,14.540867,0.9572484017486688,0.7698185873149774,-2.674940633381671,1.3990364364362204,-0.0857808822466138,-0.1177591470561084,1
121.050318,14.540867,0.7813279224684442,0.7698185873149774,-2.6714624009319388,2.0952141606460457,0.1579514431268379,-0.0500752383173606,1
121.050318,14.540867,1.7049104386896237,0.7698185873149774,-2.6749957751091618,1.355118977262103,-0.0971467743556761,-0.1145062651237891,1
121.050318,14.540867,0.5262432275121189,0.7698185873149774,-2.6713690841623388,2.169536014633014,0.1771860297729432,-0.0555801154335933,1
121.050318,14.540867,0.2975466044478267,0.7698185873149774,-2.6748685249687982,1.456466959971605,-0.0709177925655325,-0.1220129157368338,1
121.050318,14.540867,1.291497312381095,0.7698185873149774,-2.6749109416822527,1.4226842990684376,-0.0796607864955804,-0.1195106988658189,1
121.050318,14.540867,0.6493875630082758,0.7698185873149774,-2.675006379287525,1.3466733120363112,-0.099332522838188,-0.1138807109060354,1
121.050318,14.540867,1.0012285215687249,0.7698185873149774,-2.675006379287525,1.3466733120363112,-0.099332522838188,-0.1138807109060354,1
121.050318,14.540867,0.5614273233681636,0.7698185873149774,-2.6748685249687982,1.456466959971605,-0.0709177925655325,-0.1220129157368338,1
121.0519920999,14.5535024692,1.8808309179698477,1.0412606764171153,-0.7449674450420758,0.734837366059534,0.9321841964027754,2.413875008813044,1
121.0519920999,14.5535024692,2.0567513972500717,1.0412606764171153,-0.7448826116151668,0.8024026878658685,0.9496701842628712,2.4088705750710138,1
121.050318,14.540867,0.2095863648077144,0.7698185873149774,-2.678503699258312,0.6352933904200623,-0.3469991954801613,-0.1804386220528267,1
121.04993,14.54805,1.6968353368497022,0.8042660444786396,-1.792793905720267,0.607254923480199,-0.4944067003713395,1.6613734190760392,1
121.050318,14.540867,2.144711636890184,0.7698185873149774,-2.6749957751091618,1.355118977262103,-0.0971467743556761,-0.1145062651237891,1
121.050318,14.540867,1.6127720876666054,0.7698185873149774,-2.628377564898829,-0.095609643673789,-0.6567116339836818,-0.3508918853636751,1
121.050318,14.540867,1.1771490008489494,0.7698185873149774,-2.721327672503677,3.0338805592943765,0.5214332943001524,0.104989391236746,1
121.050318,14.540867,0.9924324976047136,0.7698185873149774,-2.6748048998986165,1.507140951326356,-0.0578033016704606,-0.1257662410433562,1
121.050318,14.540867,1.8808309179698477,0.7698185873149774,-2.6750594001793435,1.304444985907352,-0.1102612652507478,-0.1107529398172668,1
121.0553,14.53712,0.4294869639079951,1.122106438111597,-2.9323851163311074,1.941331134614637,0.9335915173348844,-0.3048416597029505,1
121.050318,14.540867,0.6054074431882197,0.7698185873149774,-2.6749957751091618,1.355118977262103,-0.0971467743556761,-0.1145062651237891,1
121.050318,14.540867,0.9924324976047136,0.7698185873149774,-2.6748017186451074,1.5096746508940937,-0.057147577125707,-0.1259539073086823,1
121.050318,14.540867,0.1656062449876583,0.7698185873149774,-2.6750594001793435,1.304444985907352,-0.1102612652507478,-0.1107529398172668,1
121.050318,14.540867,1.2211291206690056,0.7698185873149774,-2.724941638436464,2.229598320194417,0.2497233883505477,0.0453125764852456,1
121.050318,14.540867,1.353069480129174,0.7698185873149774,-2.674783691541889,1.5240322817779397,-0.0534318047054368,-0.1270173494788636,1
121.050318,14.540867,-0.0936565613515725,0.7698185873149774,-2.67503013264706,1.3277550219305374,-0.1042285994390148,-0.1124794694582671,1
121.0553,14.53712,-0.0131289619610497,1.122106438111597,-2.942718013568013,-0.0661236518472339,0.2233777266466443,-0.5138987064096301,1
121.0553,14.53712,1.353069480129174,1.122106438111597,-2.9825133715262635,2.6705450356633307,1.2428668061419026,-0.1342632855485514,1
121.050318,14.540867,1.1771490008489494,0.7698185873149774,-2.6749745667524345,1.3720103077136867,-0.0927752773906521,-0.1157573735592966,1
121.050318,14.540867,0.8253080422885003,0.7698185873149774,-2.724835596652828,2.314054972452335,0.2715808731756675,0.0390570343077084,1
121.05252,14.55303,2.0567513972500717,1.0677084944172452,-0.7920093728060258,0.8402553705876884,0.8584661590766807,2.377768283018193,1
121.050318,14.540867,0.7373478026483884,0.7698185873149774,-2.6749696888303878,1.3758953137175511,-0.0917698330886965,-0.1160451284994633,1
121.050318,14.540867,1.71828039511492,0.7698185873149774,-2.671551476030193,2.0242705727493937,0.1395911558737373,-0.0448205828882294,1
121.050318,14.540867,2.0567513972500717,0.7698185873149774,-2.6750381918226163,1.3213363163589358,-0.1058897682857239,-0.1120040482527743,1
121.0553,14.53712,1.0891887612088376,1.122106438111597,-2.9825133715262635,2.6705450356633307,1.2428668061419026,-0.1342632855485514,1
121.050318,14.540867,2.037034054011865,0.7698185873149774,-2.6749109416822527,1.4226842990684376,-0.0796607864955804,-0.1195106988658189,1
121.050318,14.540867,0.5614273233681636,0.7698185873149774,-2.6750381918226163,1.3213363163589358,-0.1058897682857239,-0.1120040482527743,1
121.050318,14.540867,0.6317955150802533,0.7698185873149774,-2.674940633381671,1.3990364364362204,-0.0857808822466138,-0.1177591470561084,1
121.050318,14.540867,0.4734670837280513,0.7698185873149774,-2.6750381918226163,1.3213363163589358,-0.1058897682857239,-0.1120040482527743,1
121.050318,14.540867,1.1771490008489494,0.7698185873149774,-2.724771971582646,2.364728963807086,0.2846953640707393,0.0353037090011861,1
121.050318,14.540867,0.913268193968373,0.7698185873149774,-2.674940633381671,1.3990364364362204,-0.0857808822466138,-0.1177591470561084,1
121.050318,14.540867,2.2326718765302966,0.7698185873149774,-2.724835596652828,2.314054972452335,0.2715808731756675,0.0390570343077084,1
121.050318,14.540867,0.3855068440879393,0.7698185873149774,-2.724899221723009,2.263380981097584,0.2584663822805957,0.0428103596142308,1
121.05298,14.5529,1.807032276911794,1.0966113508378796,-0.7920942062329348,0.7726900487813538,0.840980171216585,2.3827727167602237,1
121.050318,14.540867,0.5614273233681636,0.7698185873149774,-2.671593892743648,1.9904879118462264,0.1308481619436895,-0.0423183660172144,1
121.050318,14.540867,1.2651092404890616,0.7698185873149774,-2.6748048998986165,1.507140951326356,-0.0578033016704606,-0.1257662410433562,1
121.050318,14.540867,1.0012285215687249,0.7698185873149774,-2.674826108255344,1.4902496208747724,-0.0621747986354846,-0.1245151326078487,1
121.050318,14.540867,1.353069480129174,0.7698185873149774,-2.724835596652828,2.314054972452335,0.2715808731756675,0.0390570343077084,1
121.0553,14.53712,0.5614273233681636,1.122106438111597,-2.9358421404241124,1.2620447408563962,0.6942306889264568,-0.3737766768772059,1
121.050318,14.540867,0.077646005347546,0.7698185873149774,-2.6749745667524345,1.3720103077136867,-0.0927752773906521,-0.1157573735592966,1
121.050318,14.540867,1.203537072740983,0.7698185873149774,-2.7214973393574957,2.898749915681708,0.486461318579961,0.1149982587208055,1
121.050318,14.540867,0.4294869639079951,0.7698185873149774,-2.674921545860616,1.4142386338426458,-0.0818465349780923,-0.1188851446480652,1
121.050318,14.540867,0.2975466044478267,0.7698185873149774,-2.681757123126735,0.1181637689970249,-0.5443936530243594,-0.2613842802079535,1
121.050318,14.540867,1.4410297197692865,0.7698185873149774,-2.681759243962408,0.1164746359518666,-0.5448308027208617,-0.2612591693644028,1
121.050318,14.540867,0.5614273233681636,0.7698185873149774,-2.674970325081089,1.3753885738040037,-0.0919009779976473,-0.1160075952463981,1
121.050318,14.540867,1.872034894005836,0.7698185873149774,-2.721560964427677,2.8480759243269564,0.4733468276848893,0.1187515840273278,1
121.050318,14.540867,1.466766885887983,0.7698185873149774,-2.6749957751091618,1.355118977262103,-0.0971467743556761,-0.1145062651237891,1
121.050318,14.540867,0.8253080422885003,0.7698185873149774,-2.721391297573859,2.9832065679396256,0.5083188034050806,0.1087427165432683,1
121.050318,14.540867,1.0012285215687249,0.7698185873149774,-2.6818631649103715,0.0337071167391066,-0.566251137849479,-0.2551287380304163,1
121.050318,14.540867,1.8808309179698477,0.7698185873149774,-2.674783691541889,1.5240322817779397,-0.0534318047054368,-0.1270173494788636,1
121.050318,14.540867,1.39704959994923,0.7698185873149774,-2.671551476030193,2.0242705727493937,0.1395911558737373,-0.0448205828882294,1
121.050318,14.540867,0.4734670837280513,0.7698185873149774,-2.681926789980553,-0.0169668746156443,-0.5793656287445508,-0.2513754127238941,1
121.050318,14.540867,1.96879115760996,0.7698185873149774,-2.6750381918226163,1.3213363163589358,-0.1058897682857239,-0.1120040482527743,1
121.050318,14.540867,0.1216261251676022,0.7698185873149774,-2.6749745667524345,1.3720103077136867,-0.0927752773906521,-0.1157573735592966,1
121.050318,14.540867,0.1216261251676022,0.7698185873149774,-2.6750594001793435,1.304444985907352,-0.1102612652507478,-0.1107529398172668,1
121.050318,14.540867,1.4850098395893423,0.7698185873149774,-2.675016983465889,1.3382276468105194,-0.1015182713207,-0.1132551566882818,1
121.050318,14.540867,1.7049104386896237,0.7698185873149774,-2.67493215003898,1.405792968616854,-0.0840322834606043,-0.1182595904303115,1
121.050318,14.540867,-0.2302148333928468,0.7698185873149774,-2.675072973527649,1.2936345344183384,-0.1130590233083631,-0.109952230418542,1
121.0435842,14.5515268,1.0012285215687249,0.4277141252861472,-2.2592078299829303,0.883451369459811,1.0223578094053818,1.665979543251484,1
121.050318,14.540867,1.2211291206690056,0.7698185873149774,-2.7214973393574957,2.898749915681708,0.486461318579961,0.1149982587208055,1
121.050318,14.540867,1.0012285215687249,0.7698185873149774,-2.6749533583957072,1.3889016381652703,-0.0884037804256282,-0.117008481994804,1
121.050318,14.540867,0.913268193968373,0.7698185873149774,-2.6783849324606392,0.7298848409489308,-0.3225188124760273,-0.1874448292916684,1
121.050318,14.540867,0.4734670837280513,0.7698185873149774,-2.6784824909015845,0.652184720871646,-0.3426276985151373,-0.1816897304883342,1
121.0553,14.53712,0.7373478026483884,1.122106438111597,-2.935820932067385,1.2789360713079798,0.6986021858914807,-0.3750277853127134,1
121.0435842,14.5515268,1.1771490008489494,0.4277141252861472,-2.316076224838933,0.392601392695009,0.8887577165087406,1.6884287938862113,1
121.050318,14.540867,1.0012285215687249,0.7698185873149774,-2.674940633381671,1.3990364364362204,-0.0857808822466138,-0.1177591470561084,1
121.050318,14.540867,1.8808309179698477,0.7698185873149774,-2.6749957751091618,1.355118977262103,-0.0971467743556761,-0.1145062651237891,1
121.050318,14.540867,0.9572484017486688,0.7698185873149774,-2.6749682042454164,1.3770777068491618,-0.0914638283011449,-0.1161327060899488,1
121.0553,14.53712,0.5174472035481075,1.122106438111597,-2.93238723716678,1.9396420015694784,0.933154367638382,-0.3047165488593998,1
121.050318,14.540867,0.0336658855274902,0.7698185873149774,-2.671381809176375,2.159401216362064,0.1745631315939289,-0.0548294503722889,1
121.050318,14.540867,0.5174472035481075,0.7698185873149774,-2.674921545860616,1.4142386338426458,-0.0818465349780923,-0.1188851446480652,1
121.050318,14.540867,0.2095863648077144,0.7698185873149774,-2.671615101100375,1.9735965813946423,0.1264766649786655,-0.0410672575817071,1
121.050318,14.540867,2.416948578576332,0.7698185873149774,-2.6749109416822527,1.4226842990684376,-0.0796607864955804,-0.1195106988658189,1
121.050318,14.540867,0.5614273233681636,0.7698185873149774,-2.7317878198809464,0.9250777901230028,-0.2150094781782312,-0.0965610048568887,1
121.050318,14.540867,2.4965525954506336,0.7698185873149774,-2.671360600819648,2.176292546813648,0.1789346285589528,-0.0560805588077964,1
121.050318,14.540867,2.144711636890184,0.7698185873149774,-2.631705218015797,-0.6718589216773692,-0.8694063309054637,-0.4274586639945259,1
121.050318,14.540867,1.4410297197692865,0.7698185873149774,-2.67487064580447,1.4547778269264466,-0.0713549422620348,-0.1218878048932831,1
121.050318,14.540867,0.5614273233681636,0.7698185873149774,-2.674921545860616,1.4142386338426458,-0.0818465349780923,-0.1188851446480652,1
121.050318,14.540867,1.5773680912114605,0.7698185873149774,-2.628282127293556,-0.0195986566416625,-0.6370398976410742,-0.3565218733234585,1
121.050318,14.540867,0.5614273233681636,0.7698185873149774,-2.671551476030193,2.0242705727493937,0.1395911558737373,-0.0448205828882294,1
121.050318,14.540867,0.3855068440879393,0.7698185873149774,-2.674921545860616,1.4142386338426458,-0.0818465349780923,-0.1188851446480652,1
121.050318,14.540867,2.0787414571601,0.7698185873149774,-2.6748048998986165,1.507140951326356,-0.0578033016704606,-0.1257662410433562,1
121.050318,14.540867,1.3354774322011516,0.7698185873149774,-2.724835596652828,2.314054972452335,0.2715808731756675,0.0390570343077084,1
121.050318,14.540867,0.2975466044478267,0.7698185873149774,-2.6750381918226163,1.3213363163589358,-0.1058897682857239,-0.1120040482527743,1
121.050318,14.540867,1.0012285215687249,0.7698185873149774,-2.6783849324606392,0.7298848409489308,-0.3225188124760273,-0.1874448292916684,1
121.050318,14.540867,1.6169501990495108,0.7698185873149774,-2.671551476030193,2.0242705727493937,0.1395911558737373,-0.0448205828882294,1
121.0503029,14.53332095,-0.1862347135727908,0.7872558211101823,-2.659590413812564,1.1289593372753024,0.7899987535955945,1.2861282536992211,1
121.050318,14.540867,1.497842183029959,0.7698185873149774,-2.721476131000768,2.915641246133291,0.4908328155449852,0.1137471502852981,1
121.050318,14.540867,1.834036070481308,0.7698185873149774,-2.671551476030193,2.0242705727493937,0.1395911558737373,-0.0448205828882294,1
121.050318,14.540867,1.5423687118586595,0.7698185873149774,-2.6749957751091618,1.355118977262103,-0.0971467743556761,-0.1145062651237891,1
121.050318,14.540867,0.2975466044478267,0.7698185873149774,-2.681926789980553,-0.0169668746156443,-0.5793656287445508,-0.2513754127238941,1
121.050318,14.540867,1.7944539626432574,0.7698185873149774,-2.6749957751091618,1.355118977262103,-0.0971467743556761,-0.1145062651237891,1
121.050318,14.540867,0.3855068440879393,0.7698185873149774,-2.6749745667524345,1.3720103077136867,-0.0927752773906521,-0.1157573735592966,1
121.050318,14.540867,1.883893819297259,0.7698185873149774,-2.671551476030193,2.0242705727493937,0.1395911558737373,-0.0448205828882294,1
121.050318,14.540867,2.145943080245146,0.7698185873149774,-2.67493215003898,1.405792968616854,-0.0840322834606043,-0.1182595904303115,1
121.050318,14.540867,0.5614273233681636,0.7698185873149774,-2.674983050095125,1.3652537755330532,-0.0945238761766617,-0.1152569301850936,1
121.050318,14.540867,1.1771490008489494,0.7698185873149774,-2.675006379287525,1.3466733120363112,-0.099332522838188,-0.1138807109060354,1
121.0553,14.53712,1.0012285215687249,1.122106438111597,-2.9859788789619595,1.984502109724456,1.0017573789474652,-0.2026978593486039,1
121.050318,14.540867,1.7049104386896237,0.7698185873149774,-2.724941638436464,2.229598320194417,0.2497233883505477,0.0453125764852456,1
121.0553,14.53712,0.0336658855274902,1.122106438111597,-2.9359481822077487,1.1775880885984775,0.6723732041013372,-0.3675211346996687,1
121.050318,14.540867,0.6933676828283319,0.7698185873149774,-2.674921545860616,1.4142386338426458,-0.0818465349780923,-0.1188851446480652,1
121.050318,14.540867,1.2870993003990898,0.7698185873149774,-2.7214973393574957,2.898749915681708,0.486461318579961,0.1149982587208055,1
121.050318,14.540867,0.3415267242678829,0.7698185873149774,-2.6750594001793435,1.304444985907352,-0.1102612652507478,-0.1107529398172668,1
121.04993,14.54805,0.1216261251676022,0.8042660444786396,-1.7894132317114806,1.2257325276127378,-0.2707832610369979,1.7348124266181213,1
121.050318,14.540867,0.9131803216889725,0.7698185873149774,-2.6783849324606392,0.7298848409489308,-0.3225188124760273,-0.1874448292916684,1
121.050318,14.540867,0.6054074431882197,0.7698185873149774,-2.671551476030193,2.0242705727493937,0.1395911558737373,-0.0448205828882294,1
121.050318,14.540867,1.1771490008489494,0.7698185873149774,-2.6748017186451074,1.5096746508940937,-0.057147577125707,-0.1259539073086823,1
121.050318,14.540867,2.0831394691421057,0.7698185873149774,-2.675006379287525,1.3466733120363112,-0.099332522838188,-0.1138807109060354,1
121.050318,14.540867,2.0567513972500717,0.7698185873149774,-2.67504879600098,1.3128906511331435,-0.1080755167682359,-0.1113784940350205,1
121.050318,14.540867,0.6750191768394045,0.7698185873149774,-2.678227990620857,0.8548806862906498,-0.2901697349348503,-0.1967030317144234,1
121.050318,14.540867,0.6493875630082758,0.7698185873149774,-2.674921545860616,1.4142386338426458,-0.0818465349780923,-0.1188851446480652,1
121.0553,14.53712,1.4410297197692865,1.122106438111597,-2.9825197340332816,2.6654776365278554,1.2415553570523954,-0.1338879530178992,1
121.0553,14.53712,0.1656062449876583,1.122106438111597,-2.935829415410076,1.272179539127346,0.6968535871054712,-0.3745273419385104,1
121.0531818,14.53824575,0.0336658855274902,0.9700022747446024,-2.530051187516453,0.8754407516016577,0.9189966360484052,1.2807631954627317,1
121.050318,14.540867,1.39704959994923,0.7698185873149774,-2.6749533583957072,1.3889016381652703,-0.0884037804256282,-0.117008481994804,1
121.050318,14.540867,0.077646005347546,0.7698185873149774,-2.671530267673466,2.0411619032009773,0.1439626528387612,-0.0460716913237368,1
121.044261,14.54912748,-0.0103142342925661,0.4276068365647208,-2.487581557041499,1.6180370711561296,1.0903425775828042,1.529066568293458,1
121.0553,14.53712,0.6054074431882197,1.122106438111597,-2.9825345798829908,2.653653705211747,1.2384953091768784,-0.133012177113044,1
121.050318,14.540867,0.9132682819286126,0.7698185873149774,-2.671562080208557,2.015824907523602,0.1374054073912254,-0.0441950286704757,1
121.04476372204,14.553242237196,0.5614273233681636,0.5458502996983973,-2.0698406275803323,0.9142053690797542,1.2567520605564235,1.789213168150519,1
121.0553,14.53712,1.0012285215687249,1.122106438111597,-2.9859640331122503,1.996326041040564,1.004817426822982,-0.2035736352534591,1
121.050318,14.540867,0.4734670837280513,0.7698185873149774,-2.6749533583957072,1.3889016381652703,-0.0884037804256282,-0.117008481994804,1
121.050318,14.540867,2.3206321161704087,0.7698185873149774,-2.6715090593167385,2.058053233652561,0.1483341498037853,-0.0473227997592443,1
121.0503029,14.53332095,0.7813279224684442,0.7872558211101823,-2.659577688798528,1.1390941355462525,0.7926216517746086,1.2853775886379166,1
121.0553,14.53712,1.0891887612088376,1.122106438111597,-2.9825197340332816,2.6654776365278554,1.2415553570523954,-0.1338879530178992,1
121.050318,14.540867,1.8808309179698477,0.7698185873149774,-2.681757123126735,0.1181637689970249,-0.5443936530243594,-0.2613842802079535,1
121.050318,14.540867,-0.0574039245043795,0.7698185873149774,-2.631995348335826,-0.9029323222550336,-0.929208409386991,-0.4103435005967841,1
121.050318,14.540867,-0.0567041128378028,0.7698185873149774,-2.6319945000015568,-0.9022566690369704,-0.92903354950839,-0.4103935449342044,1
121.050318,14.540867,-0.4183729569334812,0.7698185873149774,-2.6319781695668767,-0.8892503445892509,-0.9256674968453216,-0.411356898429545,1
121.0553,14.53712,1.1771490008489494,1.122106438111597,-2.9825133715262635,2.6705450356633307,1.2428668061419026,-0.1342632855485514,1
121.050318,14.540867,2.144711636890184,0.7698185873149774,-2.67493215003898,1.405792968616854,-0.0840322834606043,-0.1182595904303115,1
121.050318,14.540867,1.4850098395893423,0.7698185873149774,-2.724973450971554,2.204261324517041,0.2431661429030119,0.0471892391385067,1
121.050318,14.540867,0.6933676828283319,0.7698185873149774,-2.6749639625740707,1.3804559729394783,-0.0905895289081402,-0.1163829277770504,1
121.050318,14.540867,1.835091593356989,0.7698185873149774,-2.6749957751091618,1.355118977262103,-0.0971467743556761,-0.1145062651237891,1
121.0503029,14.53332095,0.0512579334555124,0.7872558211101823,-2.656133389719559,1.808245731033543,1.0293595820040224,1.3550632708734769,1
121.050318,14.540867,-0.4286745963194123,0.7698185873149774,-2.6319945000015568,-0.9022566690369704,-0.92903354950839,-0.4103935449342044,1
121.050318,14.540867,0.9572484017486688,0.7698185873149774,-2.67493215003898,1.405792968616854,-0.0840322834606043,-0.1182595904303115,1
121.050318,14.540867,0.8253080422885003,0.7698185873149774,-2.674889733325525,1.4395756295200213,-0.0752892895305564,-0.1207618073013263,1
121.050318,14.540867,1.0012285215687249,0.7698185873149774,-2.681757123126735,0.1181637689970249,-0.5443936530243594,-0.2613842802079535,1
121.050318,14.540867,0.8253080422885003,0.7698185873149774,-2.6817995398401897,0.0843811080938576,-0.5531366469544072,-0.2588820633369387,1
121.050318,14.540867,1.2651092404890616,0.7698185873149774,-2.674889733325525,1.4395756295200213,-0.0752892895305564,-0.1207618073013263,1
121.050318,14.540867,2.144711636890184,0.7698185873149774,-2.6750381918226163,1.3213363163589358,-0.1058897682857239,-0.1120040482527743,1
121.050318,14.540867,0.8692881621085565,0.7698185873149774,-2.6749109416822527,1.4226842990684376,-0.0796607864955804,-0.1195106988658189,1
121.050318,14.540867,1.2651092404890616,0.7698185873149774,-2.67488549165418,1.442953895610338,-0.0744149901375516,-0.1210120289884279,1
121.050318,14.540867,2.7604333143709696,0.7698185873149774,-2.6750381918226163,1.3213363163589358,-0.1058897682857239,-0.1120040482527743,1
121.050318,14.540867,0.4734670837280513,0.7698185873149774,-2.674921545860616,1.4142386338426458,-0.0818465349780923,-0.1188851446480652,1
121.0553,14.53712,1.4410297197692865,1.122106438111597,-2.9825133715262635,2.6705450356633307,1.2428668061419026,-0.1342632855485514,1
121.050318,14.540867,0.6493875630082758,0.7698185873149774,-2.724835596652828,2.314054972452335,0.2715808731756675,0.0390570343077084,1
121.050318,14.540867,0.6757756349003095,0.7698185873149774,-2.6749957751091618,1.355118977262103,-0.0971467743556761,-0.1145062651237891,1
121.05207367014,14.553498605986,1.7928706783297352,1.0467388471001555,-0.7920942062329348,0.7726900487813538,0.840980171216585,2.3827727167602237,1
121.050318,14.540867,1.8808309179698477,0.7698185873149774,-2.724835596652828,2.314054972452335,0.2715808731756675,0.0390570343077084,1
121.050318,14.540867,1.4410297197692865,0.7698185873149774,-2.721327672503677,3.0338805592943765,0.5214332943001524,0.104989391236746,1
121.050318,14.540867,0.8389153330323943,0.7698185873149774,-2.7213416700191173,3.0227322811963315,0.5185481063032368,0.1058151228041809,1
121.050318,14.540867,-0.1422545937527345,0.7698185873149774,-2.675070004357707,1.29599932068156,-0.1124470137332598,-0.110127385599513,1
121.050318,14.540867,0.9132682819286126,0.7698185873149774,-2.6749957751091618,1.355118977262103,-0.0971467743556761,-0.1145062651237891,1
121.050318,14.540867,1.085445173409754,0.7698185873149774,-2.7213416700191173,3.0227322811963315,0.5185481063032368,0.1058151228041809,1
121.050318,14.540867,0.6054074431882197,0.7698185873149774,-2.6732736255696774,1.6896947750057485,0.0212221907590306,-0.0796634240060093,1
121.050318,14.540867,0.8692881621085565,0.7698185873149774,-2.67493215003898,1.405792968616854,-0.0840322834606043,-0.1182595904303115,1
121.050318,14.540867,0.2095863648077144,0.7698185873149774,-2.721585778205048,2.8283130676986032,0.4682321762358115,0.1202153808968716,1
121.050318,14.540867,0.3855068440879393,0.7698185873149774,-2.724887769210377,2.2725022995414395,0.2608269906417085,0.0421347610590567,1
121.050318,14.540867,1.2651092404890616,0.7698185873149774,-2.628282127293556,-0.0195986566416625,-0.6370398976410742,-0.3565218733234585,1
121.050318,14.540867,-0.1422545937527345,0.7698185873149774,-2.6750381918226163,1.3213363163589358,-0.1058897682857239,-0.1120040482527743,1
121.050318,14.540867,1.8808309179698477,0.7698185873149774,-2.6750381918226163,1.3213363163589358,-0.1058897682857239,-0.1120040482527743,1
121.050318,14.540867,1.0012284336084851,0.7698185873149774,-2.6748685249687982,1.456466959971605,-0.0709177925655325,-0.1220129157368338,1
121.04993,14.54805,2.7604333143709696,0.8042660444786396,-1.7858416824921484,1.99623210580953,-0.0078163490174407,1.7969914582406366,1
121.050318,14.540867,0.2975466044478267,0.7698185873149774,-2.7215185477142225,2.881858585230124,0.4820898216149371,0.116249367156313,1
121.050318,14.540867,1.0012285215687249,0.7698185873149774,-2.6747985373915983,1.512208350461831,-0.0564918525809535,-0.1261415735740083,1
121.0553,14.53712,0.7373478026483884,1.122106438111597,-2.9428367803656856,-0.1607151023761023,0.1988973436425102,-0.5068924991707884,1
121.0553,14.53712,0.1216261251676022,1.122106438111597,-2.9360118072779304,1.1269140972437268,0.6592587132062654,-0.3637678093931463,1
121.050318,14.540867,1.0012285215687249,0.7698185873149774,-2.6748048998986165,1.507140951326356,-0.0578033016704606,-0.1257662410433562,1
121.049391,14.533167,0.5614273233681636,0.7241599078483238,-2.4524336140377203,1.708519870963705,1.456388399594175,1.6535630542959752,1
121.050318,14.540867,0.5614273233681636,0.7698185873149774,-2.6749533583957072,1.3889016381652703,-0.0884037804256282,-0.117008481994804,1
121.050318,14.540867,0.7373478026483884,0.7698185873149774,-2.724835596652828,2.314054972452335,0.2715808731756675,0.0390570343077084,1
121.050318,14.540867,1.4410297197692865,0.7698185873149774,-2.628282127293556,-0.0195986566416625,-0.6370398976410742,-0.3565218733234585,1
121.050318,14.540867,1.0408106294067754,0.7698185873149774,-2.6749745667524345,1.3720103077136867,-0.0927752773906521,-0.1157573735592966,1
121.050318,14.540867,0.4734670837280513,0.7698185873149774,-2.674970325081089,1.3753885738040037,-0.0919009779976473,-0.1160075952463981,1
121.0553,14.53712,0.1216261251676022,1.122106438111597,-2.9358421404241124,1.2620447408563962,0.6942306889264568,-0.3737766768772059,1
121.04993,14.54805,1.8808309179698477,0.8042660444786396,-1.7858416824921484,1.99623210580953,-0.0078163490174407,1.7969914582406366,1
121.050318,14.540867,1.4410297197692865,0.7698185873149774,-2.731836599101419,0.8862277300843605,-0.2250639211977863,-0.0936834554552216,1
121.050318,14.540867,1.4410297197692865,0.7698185873149774,-2.6818631649103715,0.0337071167391066,-0.566251137849479,-0.2551287380304163,1
121.0503029,14.53332095,0.2535664846277706,0.7872558211101823,-2.6595479970991094,1.1627419981784697,0.7987417475256423,1.2836260368282062,1
121.0494379,14.54595709,0.4734670837280513,0.7437502786346868,-2.3505999478075683,1.501344718723851,-0.6660042230803639,-0.0068878238261406,1
121.050318,14.540867,1.7488905585096792,0.7698185873149774,-2.724941638436464,2.229598320194417,0.2497233883505477,0.0453125764852456,1
121.044261,14.54912748,0.1216261251676022,0.4276068365647208,-2.4910258561204675,0.9488854756688396,0.8536046473533907,1.459380886057898,1
121.0423546,14.5491648,0.2095863648077144,0.2968994016938228,-2.553499737926556,1.6375386317712026,1.0617287012514165,1.470414827957132,1
121.0436,14.55206,0.5614273233681636,0.4403887097429553,-2.24034430187586,0.9592330151019424,0.97463075023166,1.6892752228542645,1
121.0436,14.55206,1.4410297197692865,0.4403887097429553,-2.247338941817433,-0.4635268281305566,0.4792974049477138,1.556159400560682,1
121.0503029,14.53332095,1.1771490008489494,0.7872558211101823,-2.7062680074217336,2.5323922329467616,1.3373234217215333,1.5260169775585275,1
121.050318,14.540867,0.8253080422885003,0.7698185873149774,-2.6748685249687982,1.456466959971605,-0.0709177925655325,-0.1220129157368338,1
121.0494137,14.53341307,1.0012285215687249,0.7237205216225762,-2.515511053122325,1.7340781583144145,1.3875245561096787,1.6098328294463542,1
121.0553,14.53712,0.5614273233681636,1.122106438111597,-2.985957670605232,2.00139344017604,1.0061288759124891,-0.2039489677841114,1
121.050318,14.540867,-0.0982744739326784,0.7698185873149774,-2.671530267673466,2.0411619032009773,0.1439626528387612,-0.0460716913237368,1
121.0553,14.53712,1.0012285215687249,1.122106438111597,-2.942942822149322,-0.2451717546340205,0.1770398588173906,-0.5006369569932512,1
121.050318,14.540867,1.4410297197692865,0.7698185873149774,-2.7215037018645134,2.893682516546232,0.4851498694904541,0.1153735912514577,1
121.050318,14.540867,1.7049104386896237,0.7698185873149774,-2.7215037018645134,2.893682516546232,0.4851498694904541,0.1153735912514577,1
121.050318,14.540867,0.8253080422885003,0.7698185873149774,-2.6818949774454626,0.0083701210617311,-0.5728083832970149,-0.2532520753771552,1
121.065172,14.531149,-0.5820557919532959,1.8549839220253697,-2.4984742128227917,1.153125072241458,3.0348621600277195,2.9395360757013376,1
121.050318,14.540867,0.4558750358000291,0.7698185873149774,-2.72153975607095,2.86496725477854,0.4777183246499132,0.1175004755918204,1
121.050318,14.540867,0.6317955150802533,0.7698185873149774,-2.6749957751091618,1.355118977262103,-0.0971467743556761,-0.1145062651237891,1
121.0553,14.53712,1.471463962684765,1.122106438111597,-2.9927190186228056,0.7644382319109613,0.5588819972438063,-0.3508269828682757,1
121.050318,14.540867,1.0012285215687249,0.7698185873149774,-2.6748685249687982,1.456466959971605,-0.0709177925655325,-0.1220129157368338,1
121.0553,14.53712,-0.2302148333928468,1.122106438111597,-2.935829415410076,1.272179539127346,0.6968535871054712,-0.3745273419385104,1
121.0436,14.55206,0.7373478026483884,0.4403887097429553,-2.240397322767678,0.9170046889729832,0.9637020078191002,1.692402993943033,1
121.050318,14.540867,0.8253080422885003,0.7698185873149774,-2.675016983465889,1.3382276468105194,-0.1015182713207,-0.1132551566882818,1
121.050318,14.540867,1.7049104386896237,0.7698185873149774,-2.6749533583957072,1.3889016381652703,-0.0884037804256282,-0.117008481994804,1
121.050318,14.540867,1.3090893603091178,0.7698185873149774,-2.628282127293556,-0.0195986566416625,-0.6370398976410742,-0.3565218733234585,1
121.0553,14.53712,1.1331688810288931,1.122106438111597,-2.992676601909351,0.7982208928141287,0.5676249911738541,-0.3533291997392905,1
121.044261,14.54912748,0.2051883528257088,0.4276068365647208,-2.487581557041499,1.6180370711561296,1.0903425775828042,1.529066568293458,1
121.0553,14.53712,0.3855068440879393,1.122106438111597,-2.935829415410076,1.272179539127346,0.6968535871054712,-0.3745273419385104,1
121.0553,14.53712,-0.0542943541126223,1.122106438111597,-2.936075432348112,1.076240105888976,0.6461442223111938,-0.360014484086624,1
121.050318,14.540867,0.5614273233681636,0.7698185873149774,-2.67493215003898,1.405792968616854,-0.0840322834606043,-0.1182595904303115,1
121.050318,14.540867,0.5614273233681636,0.7698185873149774,-2.6732736255696774,1.6896947750057485,0.0212221907590306,-0.0796634240060093,1
121.050318,14.540867,0.5614273233681636,0.7698185873149774,-2.6749957751091618,1.355118977262103,-0.0971467743556761,-0.1145062651237891,1
121.050318,14.540867,0.1436161850776302,0.7698185873149774,-2.6284749112562067,-0.1731408504465581,-0.6767768050531416,-0.3451492976446959,1
121.050318,14.540867,1.7049104386896237,0.7698185873149774,-2.681820748196917,0.0674897776422739,-0.5575081439194312,-0.2576309549014313,1
121.0553,14.53712,0.6493875630082758,1.122106438111597,-2.93586334878084,1.2451534104048123,0.6898591919614329,-0.3725255684416985,1
121.0532322,14.53817668,-0.3181750730329591,0.9736337637756248,-2.526606888437484,1.5445923470889478,1.1557345662778191,1.3504488776982917,1
121.050318,14.540867,0.1216261251676022,0.7698185873149774,-2.721463405986732,2.925776044404241,0.4934557137239994,0.1129964852239936,1
121.0518771,14.5380015,-0.0866637223001836,0.8775213476178564,-2.5515120279380104,-1.3148804027396417,0.1210820516365101,1.048942259945421,1
121.050318,14.540867,0.077646005347546,0.7698185873149774,-2.72153975607095,2.86496725477854,0.4777183246499132,0.1175004755918204,1
121.050318,14.540867,1.7049104386896237,0.7698185873149774,-2.6748048998986165,1.507140951326356,-0.0578033016704606,-0.1257662410433562,1
121.050318,14.540867,0.8341040662525115,0.7698185873149774,-2.724835596652828,2.314054972452335,0.2715808731756675,0.0390570343077084,1
121.050318,14.540867,2.3206321161704087,0.7698185873149774,-2.6749533583957072,1.3889016381652703,-0.0884037804256282,-0.117008481994804,1
121.050318,14.540867,1.353069480129174,0.7698185873149774,-2.681757123126735,0.1181637689970249,-0.5443936530243594,-0.2613842802079535,1
121.0553,14.53712,-0.2302148333928468,1.122106438111597,-2.936075432348112,1.076240105888976,0.6461442223111938,-0.360014484086624,1
121.050318,14.540867,0.3415267242678829,0.7698185873149774,-2.67504879600098,1.3128906511331435,-0.1080755167682359,-0.1113784940350205,1
121.050318,14.540867,-0.0936829494234645,0.7698185873149774,-2.5819845874369385,-1.725724194005501,-1.262701791380242,-0.5739907340184718,1
121.050318,14.540867,2.2326718765302966,0.7698185873149774,-2.724941638436464,2.229598320194417,0.2497233883505477,0.0453125764852456,1
121.0553,14.53712,-0.0131289619610497,1.122106438111597,-2.8427838701999546,-1.7812996768086926,-0.4616196048357557,-0.8360386064987151,1
121.050318,14.540867,1.5729700792294543,0.7698185873149774,-2.6749957751091618,1.355118977262103,-0.0971467743556761,-0.1145062651237891,1
121.050318,14.540867,0.5614273233681636,0.7698185873149774,-2.671615101100375,1.9735965813946423,0.1264766649786655,-0.0410672575817071,1
121.050318,14.540867,0.3855068440879393,0.7698185873149774,-2.6750594001793435,1.304444985907352,-0.1102612652507478,-0.1107529398172668,1
121.050318,14.540867,1.7488905585096792,0.7698185873149774,-2.674783691541889,1.5240322817779397,-0.0534318047054368,-0.1270173494788636,1
121.050318,14.540867,1.2870993003990898,0.7698185873149774,-2.6750381918226163,1.3213363163589358,-0.1058897682857239,-0.1120040482527743,1
121.050318,14.540867,1.4410297197692865,0.7698185873149774,-2.6749957751091618,1.355118977262103,-0.0971467743556761,-0.1145062651237891,1
121.050318,14.540867,1.0012285215687249,0.7698185873149774,-2.6714157425471385,2.132375087639529,0.1675687364498906,-0.052827676875477,1
121.0553,14.53712,0.6493875630082758,1.122106438111597,-2.9358421404241124,1.2620447408563962,0.6942306889264568,-0.3737766768772059,1
121.0553,14.53712,0.6933676828283319,1.122106438111597,-2.985851628821596,2.0858500924339585,1.0279863607376087,-0.2102045099616486,1
121.0553,14.53712,0.2007903408437032,1.122106438111597,-2.932397841345144,1.9311963363436864,0.93096861915587,-0.3040909946416461,1
121.0439,14.55194,0.3679147961599165,0.4580698516198547,-2.243382281393876,0.7960869151665774,0.9742257956100464,1.6859890158177786,1
121.0502,14.53352,0.2975466044478267,0.7784029629484923,-2.653286285412088,1.8193698569046544,0.9904210639404206,1.3696094538295294,1
121.050318,14.540867,1.8808309179698477,0.7698185873149774,-2.6748685249687982,1.456466959971605,-0.0709177925655325,-0.1220129157368338,1
121.050318,14.540867,1.0012285215687249,0.7698185873149774,-2.6783764491179483,0.7366413731295642,-0.3207702136900177,-0.1879452726658714,1
121.050318,14.540867,2.5845128350907456,0.7698185873149774,-2.6749533583957072,1.3889016381652703,-0.0884037804256282,-0.117008481994804,1
121.050318,14.540867,1.0012285215687249,0.7698185873149774,-2.671562080208557,2.015824907523602,0.1374054073912254,-0.0441950286704757,1
121.0553,14.53712,0.0336658855274902,1.122106438111597,-2.936075432348112,1.076240105888976,0.6461442223111938,-0.360014484086624,1
121.0553,14.53712,1.353069480129174,1.122106438111597,-2.9825197340332816,2.6654776365278554,1.2415553570523954,-0.1338879530178992,1
121.044261,14.54912748,0.077646005347546,0.4276068365647208,-2.487581557041499,1.6180370711561296,1.0903425775828042,1.529066568293458,1
121.0436,14.55206,0.6493875630082758,0.4403887097429553,-2.2405245729080416,0.8156567062634811,0.9374730260289568,1.6999096445560775,1
121.050318,14.540867,1.0012285215687249,0.7698185873149774,-2.6783976574746755,0.7197500426779806,-0.3251417106550416,-0.1866941642303639,1
121.050318,14.540867,1.4410297197692865,0.7698185873149774,-2.6748685249687982,1.456466959971605,-0.0709177925655325,-0.1220129157368338,1
121.050318,14.540867,0.6054074431882197,0.7698185873149774,-2.6750381918226163,1.3213363163589358,-0.1058897682857239,-0.1120040482527743,1
121.050318,14.540867,1.0012285215687249,0.7698185873149774,-2.674783691541889,1.5240322817779397,-0.0534318047054368,-0.1270173494788636,1
121.050318,14.540867,0.6493875630082758,0.7698185873149774,-2.67504879600098,1.3128906511331435,-0.1080755167682359,-0.1113784940350205,1
121.0439,14.55194,0.0600539574195236,0.4580698516198547,-2.241649527676028,1.139108378136014,1.094780509207265,1.7202063027178047,1
121.050318,14.540867,1.0891887612088376,0.7698185873149774,-2.628282127293556,-0.0195986566416625,-0.6370398976410742,-0.3565218733234585,1
121.0503029,14.53332095,-0.0982744739326784,0.7872558211101823,-2.659590413812564,1.1289593372753024,0.7899987535955945,1.2861282536992211,1
121.050318,14.540867,0.4734670837280513,0.7698185873149774,-2.724941638436464,2.229598320194417,0.2497233883505477,0.0453125764852456,1
121.050318,14.540867,0.3415267242678829,0.7698185873149774,-2.6819479983372805,-0.033858205067228,-0.5837371257095747,-0.2501243042883866,1
121.050318,14.540867,1.8808309179698477,0.7698185873149774,-2.681820748196917,0.0674897776422739,-0.5575081439194312,-0.2576309549014313,1
121.050318,14.540867,1.39704959994923,0.7698185873149774,-2.628282127293556,-0.0195986566416625,-0.6370398976410742,-0.3565218733234585,1
121.050318,14.540867,0.7373478026483884,0.7698185873149774,-2.6749745667524345,1.3720103077136867,-0.0927752773906521,-0.1157573735592966,1
121.050318,14.540867,1.0012285215687249,0.7698185873149774,-2.681820748196917,0.0674897776422739,-0.5575081439194312,-0.2576309549014313,1
121.050318,14.540867,1.0012285215687249,0.7698185873149774,-2.6817783314834625,0.1012724385454413,-0.5487651499893833,-0.2601331717724462,1
121.050318,14.540867,1.6103531810765024,0.7698185873149774,-2.6817147064132807,0.1519464299001923,-0.5356506590943115,-0.2638864970789685,1
121.050318,14.540867,1.0891887612088376,0.7698185873149774,-2.681757123126735,0.1181637689970249,-0.5443936530243594,-0.2613842802079535,1
121.050318,14.540867,0.8318799915932114,0.7698185873149774,-2.681820748196917,0.0674897776422739,-0.5575081439194312,-0.2576309549014313,1
121.050318,14.540867,1.8808309179698477,0.7698185873149774,-2.67493215003898,1.405792968616854,-0.0840322834606043,-0.1182595904303115,1
121.050318,14.540867,1.6134317894639063,0.7698185873149774,-2.681820748196917,0.0674897776422739,-0.5575081439194312,-0.2576309549014313,1
121.050318,14.540867,1.4410297197692865,0.7698185873149774,-2.6817783314834625,0.1012724385454413,-0.5487651499893833,-0.2601331717724462,1
121.050318,14.540867,0.6757756349003095,0.7698185873149774,-2.6818843732670987,0.016815786287523,-0.5706226348145029,-0.2538776295949089,1
121.0553,14.53712,-0.0103142342925661,1.122106438111597,-2.932397841345144,1.9311963363436864,0.93096861915587,-0.3040909946416461,1
121.050318,14.540867,1.2339535476880543,0.7698185873149774,-2.721476131000768,2.915641246133291,0.4908328155449852,0.1137471502852981,1
121.0491649,14.5484647,0.6933676828283319,0.7569038892861311,-1.836412742761976,1.3649331930440598,-0.3357583044330448,1.6962034839522564,1
121.050318,14.540867,0.5614273233681636,0.7698185873149774,-2.6818631649103715,0.0337071167391066,-0.566251137849479,-0.2551287380304163,1
121.050318,14.540867,0.6493875630082758,0.7698185873149774,-2.681926789980553,-0.0169668746156443,-0.5793656287445508,-0.2513754127238941,1
121.050318,14.540867,0.5614273233681636,0.7698185873149774,-2.681820748196917,0.0674897776422739,-0.5575081439194312,-0.2576309549014313,1
121.050318,14.540867,1.471463962684765,0.7698185873149774,-2.7248143882961005,2.330946302903919,0.2759523701406914,0.0378059258722009,1
121.050318,14.540867,1.1771490008489494,0.7698185873149774,-2.6749533583957072,1.3889016381652703,-0.0884037804256282,-0.117008481994804,1
121.044261,14.54912748,0.3767108201239278,0.4276068365647208,-2.4910258561204675,0.9488854756688396,0.8536046473533907,1.459380886057898,1
121.050318,14.540867,0.3855068440879393,0.7698185873149774,-2.681926789980553,-0.0169668746156443,-0.5793656287445508,-0.2513754127238941,1
121.050318,14.540867,1.2651092404890616,0.7698185873149774,-2.67493215003898,1.405792968616854,-0.0840322834606043,-0.1182595904303115,1
121.050318,14.540867,1.0891887612088376,0.7698185873149774,-2.6748685249687982,1.456466959971605,-0.0709177925655325,-0.1220129157368338,1
121.050318,14.540867,0.8253080422885003,0.7698185873149774,-2.674940633381671,1.3990364364362204,-0.0857808822466138,-0.1177591470561084,1
121.050318,14.540867,2.2326718765302966,0.7698185873149774,-2.6749533583957072,1.3889016381652703,-0.0884037804256282,-0.117008481994804,1
121.065172,14.531149,-0.8019563910535766,1.8549839220253697,-2.5055112694778194,-0.3034174318942076,2.530785820813725,2.80892247027877,1
121.0553,14.53712,1.1727509888669438,1.122106438111597,-2.9825133715262635,2.6705450356633307,1.2428668061419026,-0.1342632855485514,1
121.0553,14.53712,-0.340868814860108,1.122106438111597,-2.89299695882202,-1.1196510975663336,-0.1698303038888331,-0.6604557986022862,1
121.0436,14.55206,0.6317955150802533,0.4403887097429553,-2.2404715520162237,0.8578850323924405,0.9484017684415166,1.696781873467309,1
121.050318,14.540867,0.6054074431882197,0.7698185873149774,-2.72153975607095,2.86496725477854,0.4777183246499132,0.1175004755918204,1
121.050318,14.540867,0.6493875630082758,0.7698185873149774,-2.674847316612071,1.4733582904231886,-0.0665462956005086,-0.1232640241723413,1
121.050318,14.540867,0.7373478026483884,0.7698185873149774,-2.674921545860616,1.4142386338426458,-0.0818465349780923,-0.1188851446480652,1
121.0503029,14.53332095,0.428607361511594,0.7872558211101823,-2.656124906376868,1.8150022632141765,1.031108180790032,1.3545628274992736,1
121.050318,14.540867,0.8253080422885003,0.7698185873149774,-2.628345752363737,-0.0702726479964136,-0.6501543885361459,-0.3527685480169362,1
121.0553,14.53712,0.2535664846277706,1.122106438111597,-2.935799723710658,1.2958274017595632,0.7029736828565046,-0.3762788937482209,1
121.0493719,14.5535024,0.5614273233681636,0.8631235472716325,-0.8107371674300419,0.8725782398356926,0.9341707988265552,2.3464655094281657,1
121.050318,14.540867,0.5614273233681636,0.7698185873149774,-2.674847316612071,1.4733582904231886,-0.0665462956005086,-0.1232640241723413,1
121.049391,14.533167,0.6054074431882197,0.7241599078483238,-2.4524399765447384,1.7034524718282298,1.455076950504668,1.6539383868266273,1
121.050318,14.540867,0.5614273233681636,0.7698185873149774,-2.681926789980553,-0.0169668746156443,-0.5793656287445508,-0.2513754127238941,1
121.050318,14.540867,0.5614273233681636,0.7698185873149774,-2.731830236594401,0.8912951292198356,-0.2237524721082791,-0.0940587879858739,1
121.050318,14.540867,-0.4061353126730714,0.7698185873149774,-2.6749109416822527,1.4226842990684376,-0.0796607864955804,-0.1195106988658189,1
121.050318,14.540867,0.1216261251676022,0.7698185873149774,-2.674826108255344,1.4902496208747724,-0.0621747986354846,-0.1245151326078487,1
121.050318,14.540867,0.6713776229183038,0.7698185873149774,-2.678414624160057,0.7062369783167137,-0.3286389082270607,-0.185693277481958,1
121.050318,14.540867,1.242679379380833,0.7698185873149774,-2.6749745667524345,1.3720103077136867,-0.0927752773906521,-0.1157573735592966,1
121.044261,14.54912748,0.2095863648077144,0.4276068365647208,-2.4910258561204675,0.9488854756688396,0.8536046473533907,1.459380886057898,1
121.0553,14.53712,-0.2302148333928468,1.122106438111597,-2.9359269738510214,1.1944794190500614,0.6767447010663611,-0.3687722431351762,1
121.050318,14.540867,1.39704959994923,0.7698185873149774,-2.681841956553644,0.0505984471906903,-0.5618796408844551,-0.2563798464659238,1
121.050318,14.540867,0.8253080422885003,0.7698185873149774,-2.6750381918226163,1.3213363163589358,-0.1058897682857239,-0.1120040482527743,1
121.050318,14.540867,1.7928706783297352,0.7698185873149774,-2.6750381918226163,1.3213363163589358,-0.1058897682857239,-0.1120040482527743,1
121.0553,14.53712,0.1656062449876583,1.122106438111597,-2.935799723710658,1.2958274017595632,0.7029736828565046,-0.3762788937482209,1
121.0553,14.53712,-0.1422545937527345,1.122106438111597,-2.936075432348112,1.076240105888976,0.6461442223111938,-0.360014484086624,1
121.0436,14.55206,0.5614273233681636,0.4403887097429553,-2.240407926946041,0.9085590237471914,0.9615162593365884,1.6930285481607867,1
121.0436,14.55206,0.4734670837280513,0.4403887097429553,-2.240513968729678,0.8241023714892731,0.9396587745114688,1.699284090338324,1
121.050318,14.540867,0.7373478026483884,0.7698185873149774,-2.678414624160057,0.7062369783167137,-0.3286389082270607,-0.185693277481958,1
121.050318,14.540867,2.0567513972500717,0.7698185873149774,-2.674783691541889,1.5240322817779397,-0.0534318047054368,-0.1270173494788636,1
121.043632,14.553602,0.1216261251676022,0.4652429803613047,-2.1837728668518737,1.5932282088169112,1.6551257863523166,1.909354877623846,1
121.050318,14.540867,0.4734670837280513,0.7698185873149774,-2.7215821727844043,2.831184593875373,0.4689753307198654,0.1200026924628353,1
121.0502,14.53352,0.2887505804838155,0.7784029629484923,-2.656743309505093,1.1400834631464138,0.751060235531993,1.300674436655274,1
121.0436,14.55206,0.077646005347546,0.4403887097429553,-2.240407926946041,0.9085590237471914,0.9615162593365884,1.6930285481607867,1
121.050318,14.540867,0.4734670837280513,0.7698185873149774,-2.674826108255344,1.4902496208747724,-0.0621747986354846,-0.1245151326078487,1
121.050318,14.540867,0.8253080422885003,0.7698185873149774,-2.67504879600098,1.3128906511331435,-0.1080755167682359,-0.1113784940350205,1
121.0503029,14.53332095,0.1216261251676022,0.7872558211101823,-2.659590413812564,1.1289593372753024,0.7899987535955945,1.2861282536992211,1
121.050318,14.540867,0.1436161850776302,0.7698185873149774,-2.631919210335175,-0.8422924459338482,-0.9135147352825552,-0.4148349798802557,1
121.0494137,14.53341307,1.4410297197692865,0.7237205216225762,-2.512060391536338,2.4082971529371804,1.6255739354285992,1.679143179151262,1
121.050318,14.540867,0.6713776229183038,0.7698185873149774,-2.681858923239026,0.0370853828294234,-0.5653768384564742,-0.2553789597175179,1
121.0436,14.55206,0.3855068440879393,0.4403887097429553,-2.24034430187586,0.9592330151019424,0.97463075023166,1.6892752228542645,1
121.050318,14.540867,1.1331688810288931,0.7698185873149774,-2.731660569740583,1.0264257728325048,-0.1887804963880875,-0.1040676554699333,1
121.050318,14.540867,1.5729700792294543,0.7698185873149774,-2.6749745667524345,1.3720103077136867,-0.0927752773906521,-0.1157573735592966,1
121.050318,14.540867,1.0012285215687249,0.7698185873149774,-2.724835596652828,2.314054972452335,0.2715808731756675,0.0390570343077084,1
121.050318,14.540867,0.9132682819286126,0.7698185873149774,-2.674940633381671,1.3990364364362204,-0.0857808822466138,-0.1177591470561084,1
121.0553,14.53712,0.3855068440879393,1.122106438111597,-2.986014933168396,1.9557868479567635,0.9943258341069244,-0.2005709750082412,1
121.050318,14.540867,0.6493875630082758,0.7698185873149774,-2.6749745667524345,1.3720103077136867,-0.0927752773906521,-0.1157573735592966,1
121.050318,14.540867,0.6493875630082758,0.7698185873149774,-2.6284517941473737,-0.1547293002543318,-0.6720118733612656,-0.346513005839399,1
121.050318,14.540867,0.6933676828283319,0.7698185873149774,-2.6732736255696774,1.6896947750057485,0.0212221907590306,-0.0796634240060093,1
121.050318,14.540867,1.9679115552135584,0.7698185873149774,-2.6716044969220114,1.9820422466204344,0.1286624134611775,-0.0416928117994608,1
121.050318,14.540867,1.0012285215687249,0.7698185873149774,-2.7317029864540374,0.9926431119293376,-0.1975234903181355,-0.1015654385989185,1
121.050318,14.540867,0.8253080422885003,0.7698185873149774,-2.681820748196917,0.0674897776422739,-0.5575081439194312,-0.2576309549014313,1
121.050318,14.540867,1.9679115552135584,0.7698185873149774,-2.67504879600098,1.3128906511331435,-0.1080755167682359,-0.1113784940350205,1
121.050318,14.540867,1.1771490008489494,0.7698185873149774,-2.6749957751091618,1.355118977262103,-0.0971467743556761,-0.1145062651237891,1
121.0553,14.53712,0.7549398505764106,1.122106438111597,-2.942964030506049,-0.2620630850856044,0.1726683618523667,-0.4993858485577436,1
121.0553,14.53712,0.1216261251676022,1.122106438111597,-2.935829415410076,1.272179539127346,0.6968535871054712,-0.3745273419385104,1
121.065172,14.531149,-0.4501154324931275,1.8549839220253697,-2.4984742128227917,1.153125072241458,3.0348621600277195,2.9395360757013376,1
121.050318,14.540867,0.2975466044478267,0.7698185873149774,-2.6749745667524345,1.3720103077136867,-0.0927752773906521,-0.1157573735592966,1
121.050318,14.540867,0.5614273233681636,0.7698185873149774,-2.67492048544278,1.415083200365225,-0.0816279601298411,-0.1189477000698405,1
121.050318,14.540867,2.0567513972500717,0.7698185873149774,-2.681926789980553,-0.0169668746156443,-0.5793656287445508,-0.2513754127238941,1
121.050318,14.540867,0.5438352754401411,0.7698185873149774,-2.6749745667524345,1.3720103077136867,-0.0927752773906521,-0.1157573735592966,1
121.0553,14.53712,-0.1422545937527345,1.122106438111597,-2.9427307385820494,-0.076258450118184,0.2207548284676299,-0.5131480413483256,1
121.050318,14.540867,1.0012285215687249,0.7698185873149774,-2.681748427700477,0.1250892144821742,-0.5426013392686996,-0.2618972346665116,1
121.050318,14.540867,0.7373478026483884,0.7698185873149774,-2.67504879600098,1.3128906511331435,-0.1080755167682359,-0.1113784940350205,1
121.050318,14.540867,0.8253080422885003,0.7698185873149774,-2.671562080208557,2.015824907523602,0.1374054073912254,-0.0441950286704757,1
121.044261,14.54912748,0.2535664846277706,0.4276068365647208,-2.4910258561204675,0.9488854756688396,0.8536046473533907,1.459380886057898,1
121.0553,14.53712,0.5614273233681636,1.122106438111597,-2.932397841345144,1.9311963363436864,0.93096861915587,-0.3040909946416461,1
121.050318,14.540867,0.5174472035481075,0.7698185873149774,-2.675006379287525,1.3466733120363112,-0.099332522838188,-0.1138807109060354,1
121.05008,14.54844,0.4734670837280513,0.8202475731689297,-1.7421380120235308,1.3061191580520035,-0.1489787570956399,1.7571569596223893,1
121.050318,14.540867,-0.0542943541126223,0.7698185873149774,-2.674826108255344,1.4902496208747724,-0.0621747986354846,-0.1245151326078487,1
121.050318,14.540867,0.2975466044478267,0.7698185873149774,-2.681905581623826,-7.554416406065674e-05,-0.5749941317795269,-0.2526265211594015,1
121.050318,14.540867,2.2326718765302966,0.7698185873149774,-2.7317241948107647,0.975751781477754,-0.2018949872831595,-0.100314330163411,1
121.050318,14.540867,0.3415267242678829,0.7698185873149774,-2.6750381918226163,1.3213363163589358,-0.1058897682857239,-0.1120040482527743,1
121.0453,14.48759,-0.8019563910535766,0.9563834232121864,-2.704694306825633,1.5876446791813357,1.8601848742891252,-0.0281457895842374,1
121.0553,14.53712,-0.4501154324931275,1.122106438111597,-2.936075432348112,1.076240105888976,0.6461442223111938,-0.360014484086624,1
121.050318,14.540867,0.7373478026483884,0.7698185873149774,-2.6748685249687982,1.456466959971605,-0.0709177925655325,-0.1220129157368338,1
121.0553,14.53712,0.5614273233681636,1.122106438111597,-2.935827930825105,1.273361932258957,0.6971595918930228,-0.3746149195289959,1
121.0503029,14.53332095,-0.0131289619610497,0.7872558211101823,-2.659577688798528,1.1390941355462525,0.7926216517746086,1.2853775886379166,1
121.0553,14.53712,0.2975466044478267,1.122106438111597,-2.9358421404241124,1.2620447408563962,0.6942306889264568,-0.3737766768772059,1
121.050318,14.540867,0.2095863648077144,0.7698185873149774,-2.6749745667524345,1.3720103077136867,-0.0927752773906521,-0.1157573735592966,1
121.050318,14.540867,0.4734670837280513,0.7698185873149774,-2.6715260260021205,2.0445401692912943,0.1448369522317661,-0.0463219130108383,1
121.050318,14.540867,0.8253080422885003,0.7698185873149774,-2.681937394158917,-0.0254125398414362,-0.5815513772270627,-0.2507498585061403,1
121.050318,14.540867,1.0891887612088376,0.7698185873149774,-2.674889733325525,1.4395756295200213,-0.0752892895305564,-0.1207618073013263,1
121.050318,14.540867,-0.1568559935329932,0.7698185873149774,-2.6750390401568853,1.3206606631408724,-0.1060646281643249,-0.111954003915354,1
121.050318,14.540867,0.5174472035481075,0.7698185873149774,-2.681903460788153,0.0016135888810975,-0.5745569820830245,-0.2527516320029522,1
121.050318,14.540867,0.5614273233681636,0.7698185873149774,-2.6749745667524345,1.3720103077136867,-0.0927752773906521,-0.1157573735592966,1
121.050318,14.540867,0.7373478026483884,0.7698185873149774,-2.671530267673466,2.0411619032009773,0.1439626528387612,-0.0460716913237368,1
121.050318,14.540867,0.4734670837280513,0.7698185873149774,-2.6284517941473737,-0.1547293002543318,-0.6720118733612656,-0.346513005839399,1
121.050318,14.540867,1.1771490008489494,0.7698185873149774,-2.674889733325525,1.4395756295200213,-0.0752892895305564,-0.1207618073013263,1
121.0436,14.55206,0.6493875630082758,0.4403887097429553,-2.2474237752443424,-0.5310921499368912,0.4618114170876181,1.5611638343027117,1
121.050318,14.540867,0.8253080422885003,0.7698185873149774,-2.6819479983372805,-0.033858205067228,-0.5837371257095747,-0.2501243042883866,1
121.0502,14.53352,0.6493875630082758,0.7784029629484923,-2.656730584491057,1.1502182614173635,0.7536831337110071,1.2999237715939695,1
121.050318,14.540867,1.0012285215687249,0.7698185873149774,-2.6749745667524345,1.3720103077136867,-0.0927752773906521,-0.1157573735592966,1
121.0553,14.53712,-0.0542943541126223,1.122106438111597,-2.9392864395030807,0.5928931453691064,0.4574927586970433,-0.4434623591127657,1
121.044261,14.54912748,1.0012285215687249,0.4276068365647208,-2.4910258561204675,0.9488854756688396,0.8536046473533907,1.459380886057898,1
121.050318,14.540867,0.5614273233681636,0.7698185873149774,-2.6749696888303878,1.3758953137175511,-0.0917698330886965,-0.1160451284994633,1
121.0531818,14.53824575,0.0072778136354562,0.9700022747446024,-2.530051187516453,0.8754407516016577,0.9189966360484052,1.2807631954627317,1
121.050318,14.540867,1.863238870041825,0.7698185873149774,-2.6749109416822527,1.4226842990684376,-0.0796607864955804,-0.1195106988658189,1
121.0553,14.53712,0.6493875630082758,1.122106438111597,-2.9359269738510214,1.1944794190500614,0.6767447010663611,-0.3687722431351762,1
121.0519882,14.55346988,1.7312985105816567,1.0403218130664522,-0.7920942062329348,0.7726900487813538,0.840980171216585,2.3827727167602237,1
121.050318,14.540867,0.8253080422885003,0.7698185873149774,-2.675006379287525,1.3466733120363112,-0.099332522838188,-0.1138807109060354,1
121.0553,14.53712,0.112830101203591,1.122106438111597,-2.9427307385820494,-0.076258450118184,0.2207548284676299,-0.5131480413483256,1
121.050318,14.540867,1.1771490008489494,0.7698185873149774,-2.671562080208557,2.015824907523602,0.1374054073912254,-0.0441950286704757,1
121.050318,14.540867,1.6169501990495108,0.7698185873149774,-2.7214973393574957,2.898749915681708,0.486461318579961,0.1149982587208055,1
121.0503029,14.53332095,0.5614273233681636,0.7872558211101823,-2.6595762042135567,1.140276528677863,0.7929276565621605,1.2852900110474312,1
121.0519882,14.55346988,1.834036070481308,1.0403218130664522,-0.7489308992799337,-1.3556358328676217,0.0424916328766536,2.077326968502531,1
121.0494,14.54595,0.6949796421799767,0.7410103802210661,-2.3969034260040694,3.202740683561246,-0.0415663484914029,0.2109313472308147,1
121.0447036,14.55357756,0.5614273233681636,0.5404954533393229,-2.1163816393721784,2.4264184328594114,1.8322291691371169,2.0210447536851577,1
121.050318,14.540867,2.144711636890184,0.7698185873149774,-2.671360600819648,2.176292546813648,0.1789346285589528,-0.0560805588077964,1
121.0491649,14.5484647,0.9132682819286126,0.7569038892861311,-1.8363703260485216,1.398715853947227,-0.327015310502997,1.6937012670812417,1
121.050318,14.540867,0.7373478026483884,0.7698185873149774,-2.7214549226440408,2.9325325765848747,0.4952043125100089,0.1124960418497906,1
121.0503029,14.53332095,0.5614273233681636,0.7872558211101823,-2.6630347128915326,0.4598077417880124,0.553260823366181,1.2164425714636613,1
121.0553,14.53712,0.5614273233681636,1.122106438111597,-2.9392864395030807,0.5928931453691064,0.4574927586970433,-0.4434623591127657,1
121.0553,14.53712,0.1040340772395801,1.122106438111597,-2.936094519869166,1.061037908482551,0.642209875042672,-0.3588884864946674,1
