Latitude,Longitude,Price,LRTHubDist,PC1,PC2,PC3,PC4,Cluster
121.0769537,14.7471848,-0.4972319077927197,0.3295028210465656,-1.2401006322661232,-1.1526096120937075,1.2758309481657846,-0.9080733280183084,0
120.9718576,14.6391951,0.2913448447728475,-1.1434697351833132,0.3163691822896486,-0.6936717943152357,3.2917730451139957,1.5791752041514564,0
120.9718576,14.6391951,-0.1953604450459007,-1.1434697351833132,0.1827852638564265,-0.5727492174664951,2.843678951930888,2.1094044336629127,0
120.9718576,14.6391951,0.2913448447728475,-1.1434697351833132,0.3343893003187634,-0.7099839307816347,3.3522197556313644,1.507648680522345,0
120.9718576,14.6391951,0.4483465511659923,-1.1434697351833132,0.2846381048905547,-0.6649482496678809,3.185334272246453,1.7051240827157612,0
121.0769537,14.7471848,-0.6536626988898893,0.3295028210465656,-1.304346270456881,-1.094453299474372,1.06032528458212,-0.6530657220362589,0
120.9718576,14.6391951,2.3216623660841957,-1.1434697351833132,0.5729599933563941,-0.9259424331302653,4.152481640524363,0.560699704649978,0
121.0580226,14.7711211,0.5810843574801965,0.5529939355133762,-0.586131934170968,-0.882588127293319,2.2435381206611456,0.0360018373343782,0
121.0422937,14.7760042,1.5116762899195628,0.5704221629060067,-0.6352115488015835,-0.7362867986427971,1.8164540552670811,0.3452855062863703,0
121.0075838,14.6556451,0.9835796411426218,-1.244985001178767,-0.97927626556644,-0.2181157383186251,0.9781058461756303,-0.8097135479914911,0
121.0075838,14.6556451,3.436731303535507,-1.244985001178767,-0.9902450330624232,-0.2081866117738605,0.9413121962954925,-0.7661756640433363,0
121.0769537,14.7471848,-0.7352322218023276,0.3295028210465656,-1.5143198196656986,-0.904381448474592,0.3559897011623378,0.1803737706855615,0
120.9302041,14.432183,-0.735981548128295,-0.688749184231594,-0.4520497033583349,-1.057187696693972,0.2480281565828612,0.5770441399761616,0
120.9504706,14.3957206,-0.5846533124889025,-0.3015847449272645,-1.210678800293307,-1.337152088134271,-0.6219554354200421,0.1672753566717464,0
120.9622969,14.4204905,-0.7213161614629353,-0.6979157982446151,-0.6537871653393299,0.7789464144409113,0.1580481950053346,1.675521936241954,0
120.942726,14.112885,-0.6681924931724549,4.120436861536733,-3.106160520119831,-0.7174876202154455,0.124940654494811,0.1145299694447314,2
120.8900983,14.4012863,-0.7354106328323199,0.0894779975906764,-1.2128271056996804,-1.1970316726362873,-2.1730560949580284,0.5568102677778232,2
120.851162,14.38224,-0.7478993963680451,0.7405278922709069,-0.1627662874289083,-2.108215511597834,-0.6558740363502311,1.3188043828190763,2
120.8900983,14.4012863,-0.6916107249692324,0.0894779975906764,-1.1873638954411485,-1.2200814306866337,-2.0876422648791366,0.455740180041035,2
120.8900983,14.4012863,-0.7309503570825147,0.0894779975906764,-1.21126013891454,-1.1984501192855392,-2.1677998592608656,0.5505905700709439,2
120.904361,14.296605,-0.7881988883864149,1.375732410069121,-0.4362308625416216,0.3907172175780657,-1.216356061019188,3.33006521337146,2
120.851162,14.38224,-0.7031628232826462,0.7405278922709069,-0.1294682432446741,-2.138357502894441,-0.5441790277855266,1.1866358065478917,2
120.851162,14.38224,-0.7432071918099918,0.7405278922709069,-0.1608075789474827,-2.1099885699093988,-0.6493037417287779,1.3110297606854773,2
120.95846,14.3827,-0.4990160180926418,-0.1076454235891928,-1.0787546918078474,-1.117479265956529,-0.579418275529624,0.1208758929932564,0
120.950177,14.285456,-0.7594961218812681,1.4177740825886922,0.3972622487390139,-1.9157735210138416,-0.8431131600564089,0.0385931566483396,2
120.871054,14.29442,-0.7603881770312292,1.6063625363377037,-2.2138883688215643,-0.8800658286879414,1.0752537106658728,1.4958556284560267,0
120.95476,14.119975,-0.7594961218812681,4.003825391356309,-2.25224722221647,1.5067327349493844,1.038906265741377,2.6820050859355606,2
120.95476,14.119975,-0.7546076596594816,4.003825391356309,-2.2393197462390613,1.4950305500930547,1.082270210242968,2.6306925798538066,2
120.973486,14.302195,-0.7603881770312292,1.1608409958418602,0.7780336046465779,-1.726046337775937,-0.4292078011319051,0.1774830226661774,2
120.8584183,14.4089168,-0.6806384466247114,0.4262697773920936,-2.1276100979176875,1.0768891197294364,0.6880257117653229,1.5396277076953004,0
120.9632707,14.24306119,-0.75075398141165,2.077682542577619,-1.4956554464015628,-1.2746047683543926,-1.0478583549206446,0.0759825126849943,2
120.9649482,14.29955636,-0.7553213037794505,1.1944828752297154,2.0414606276654235,1.246856963103981,0.3622294018714311,2.1232217764215897,1
121.0637127,14.3179626,-0.6892021760643375,1.414295943931989,-0.340748620207166,0.076499388010603,-2.381039666096848,-0.3672314401944123,2
120.9943658,14.3810075,-0.5685963197896037,0.0273082356902238,-0.9521223890827576,-1.093340111666716,-0.006390521295827,1.2655053634964486,0
121.0428142,14.3197144,-0.7114678726073653,1.2181886855894164,-0.8921341154283471,-0.7022984769524433,-2.8955000074084247,-0.1790457521080081,2
120.918211,14.2814,-0.7470073497818135,1.5484315293774464,-0.9368723225357088,-1.2376321790813472,-1.6723175317127854,0.4427151190652497,2
120.927049,14.35111,-0.7602811304132339,0.4582836319869864,0.6661120838949514,-1.7361470828736798,-0.5061431216209211,0.1095528522880355,2
120.9677447,14.3830634,-0.6911825384972511,-0.107289272983373,-0.7519418834474505,-0.9671518986279074,-0.2561244336360496,0.4025777550015353,0
120.9677447,14.3830634,-0.689558998124322,-0.107289272983373,-0.7511584000548803,-0.9678611219525336,-0.2534963157874684,0.3994679061480957,0
120.918355,14.312446,-0.7434391291819693,1.0765445193600236,-0.2383195472672417,-0.4371083636544068,-1.1925627585174228,1.2975405795111716,2
120.9426543,14.4004731,-0.738086798282203,-0.3498708581440445,-0.0984035022220928,0.8597272919339602,0.203124389081826,1.397265870542379,0
120.9746966,14.421726,-0.797563326528646,-0.6760774456032125,-1.0521578516684946,-1.3187090524124443,-0.1500676397289437,1.6261427633859926,0
120.9777822,14.3981207,-0.5685963197896037,-0.3105197551360107,0.0070027786150329,0.5498504947756042,0.8559949767926937,2.575591118607944,0
120.9943658,14.3810075,-0.7134660761432781,0.0273082356902238,-0.9595654813121748,-1.0866024900827689,-0.0313576408573492,1.2950489276041248,0
120.9677447,14.3830634,-0.6613700553855528,-0.107289272983373,-0.7405813742551823,-0.977435636834985,-0.2180167248316211,0.3574849466266607,0
120.95476,14.119975,-0.7320208232624679,4.003825391356309,-2.2542059306978954,1.5085057932609496,1.0323359711199238,2.6897797080691594,2
120.96127,14.21598,-0.7459012013958618,2.501088721665741,-0.8542662354741591,1.202524252697285,-0.9144830480483108,0.134008877693776,2
120.964753,14.287385,-0.7606557935762176,1.3847645202335888,1.3747628992103478,-0.6451126373689292,-0.2986565755343254,-0.0680337308865095,1
120.9677447,14.3830634,-0.6362854645686481,-0.107289272983373,-0.7327465403294802,-0.9845278700812454,-0.1917355463458084,0.3263864580922644,0
120.9677447,14.3830634,-0.6735198465280222,-0.107289272983373,-0.7452822746106037,-0.9731802968872288,-0.2337854319231088,0.3761440397472984,0
120.8881928,14.26622296,-0.6926157678244874,1.905728526342109,-2.8850551424842354,-0.9300105836993794,0.1564696971012315,0.1442976680619752,2
121.0428142,14.3197144,-0.6506653935860202,1.2181886855894164,-0.859227812940398,-0.7320858565867371,-2.785119057768011,-0.3096594039524724,2
120.851162,14.38224,-0.7487914600817356,0.7405278922709069,-0.1627662874289083,-2.108215511597834,-0.6558740363502311,1.3188043828190763,2
120.927049,14.35111,-0.7566415454013928,0.4582836319869864,0.6727716927317982,-1.7421754811330017,-0.4838041199079802,0.0831191370337986,2
120.893418,14.387925,-0.7728769491306839,0.1994549269413786,-0.6962395695009892,-0.6591266119195032,-1.813309409441107,1.5852979436254775,2
120.893418,14.387925,-0.7642953785880586,0.1994549269413786,-0.6817451267384403,-0.672247243425085,-1.7646892292423533,1.5277657398368445,2
120.893418,14.387925,-0.7793889517253996,0.1994549269413786,-0.6981982779824148,-0.6573535536079381,-1.81987970406256,1.5930725657590763,2
121.0428142,14.3197144,-0.6844386015635455,1.2181886855894164,-0.8588360712441129,-0.7324404682490501,-2.783804998843721,-0.3112143283791921,2
120.9943658,14.3810075,-0.6592291230256463,0.0273082356902238,-0.981894758000426,-1.0663896253309264,-0.1062589995419153,1.3836796199271544,0
120.893418,14.387925,-0.7777654113524705,0.1994549269413786,-0.695456086108419,-0.6598358352441293,-1.8106812915925257,1.582188094772038,2
120.9943658,14.3810075,-0.7141261969542492,0.0273082356902238,-0.9701425071118728,-1.0770279752003171,-0.0668372318131963,1.33703188712556,0
120.893418,14.387925,-0.7726985381006917,0.1994549269413786,-0.6962395695009892,-0.6591266119195032,-1.813309409441107,1.5852979436254775,2
120.9062254,14.4084872,-0.7733586589116629,-0.1681073066759982,-0.9063426364375122,0.1113501614478104,-0.8926393910386676,0.2572243307693528,0
120.904361,14.296605,-0.7541766186110205,1.375732410069121,-0.3794283165802811,0.3392985265426775,-1.0258175169970454,3.104601171497087,2
120.904361,14.296605,-0.7731267245726731,1.375732410069121,-0.4103759105868046,0.3673128478654062,-1.129628172016006,3.227440201207952,2
120.9528508,14.20684437,-0.7108791162083911,2.645369293517545,-1.2910220998034632,-1.1485163897556256,-0.8383068319823737,0.1245564915670867,2
120.904361,14.296605,-0.7411797318981479,1.375732410069121,-0.3598412317660257,0.3215679434270264,-0.9601145707825136,3.026854950161096,2
120.9668078,14.4475835,2.4108678810803004,-1.0943217764574455,-1.1560731615132631,-1.1617030977030385,-0.2462344344518637,0.2137154748139643,0
120.893418,14.387925,-0.774982199284592,0.1994549269413786,-0.6907551857529978,-0.6640911751918854,-1.794912584501038,1.5635290016514,2
120.893418,14.387925,-0.7580688336413305,0.1994549269413786,-0.676652484686734,-0.6768571950351543,-1.747606463226575,1.507551722289487,2
120.927049,14.35111,-0.781280108643317,0.4582836319869864,0.6120517298076065,-1.6872106734744827,-0.6874832531730292,0.3241324231753699,2
120.893418,14.387925,-0.7798349793003801,0.1994549269413786,-0.6942808610195638,-0.6608996702310682,-1.8067391148196537,1.5775233214918785,2
120.8584183,14.4089168,-0.6528063259459267,0.4262697773920936,-2.1276100979176875,1.0768891197294364,0.6880257117653229,1.5396277076953004,0
120.893418,14.387925,-0.7619938763011591,0.1994549269413786,-0.676652484686734,-0.6768571950351543,-1.747606463226575,1.507551722289487,2
120.893418,14.387925,-0.7703435125047945,0.1994549269413786,-0.6876212521827169,-0.6669280684903897,-1.7844001131067129,1.5510896062376416,2
120.893418,14.387925,-0.7773372248804892,0.1994549269413786,-0.6887964772715723,-0.6658642335034506,-1.7883422898795849,1.555754379517801,2
120.893418,14.387925,-0.7773372248804892,0.1994549269413786,-0.6962395695009892,-0.6591266119195032,-1.813309409441107,1.5852979436254775,2
120.893418,14.387925,-0.7812622675403178,0.1994549269413786,-0.7001569864638403,-0.655580495296373,-1.8264499986840133,1.6008471878926755,2
120.871054,14.29442,-0.7648484527810345,1.6063625363377037,-2.2444442211318028,-0.8524061190275255,0.9727571145712028,1.6171397337401725,0
120.904361,14.296605,-0.7758671179933534,1.375732410069121,-0.415076810942226,0.3715681878131625,-1.1453968791074935,3.24609929432859,2
120.9062254,14.4084872,-0.782493303647264,-0.1681073066759982,-0.9079096032226526,0.1127686080970625,-0.89789562673583,0.2634440284762319,0
120.893418,14.387925,-0.7805486234203489,0.1994549269413786,-0.7001569864638403,-0.655580495296373,-1.8264499986840133,1.6008471878926755,2
120.9943658,14.3810075,-0.7113251437833715,0.0273082356902238,-0.9701425071118728,-1.0770279752003171,-0.0668372318131963,1.33703188712556,0
120.893418,14.387925,-0.7599421494562487,0.1994549269413786,-0.6707763592424573,-0.6821763699698496,-1.7278955793622153,1.4842278558886897,2
120.893418,14.387925,-0.7678992813939013,0.1994549269413786,-0.6833120935235807,-0.670828796775833,-1.769945464939516,1.5339854375437236,2
120.9062254,14.4084872,-0.7784076910604424,-0.1681073066759982,-0.9032087028672312,0.1085132681493062,-0.8821269196443425,0.2447849353555942,0
120.893418,14.387925,-0.7626718382151295,0.1994549269413786,-0.6790029348644445,-0.6747295250612761,-1.7554908167723189,1.516881268849806,2
120.893418,14.387925,-0.7669537029349426,0.1994549269413786,-0.6927138942344234,-0.6623181168803204,-1.8014828791224915,1.571303623784999,2
120.893418,14.387925,-0.7627253615241272,0.1994549269413786,-0.6754772595978785,-0.6779210300220934,-1.743664286453703,1.5028869490093275,2
120.942726,14.112885,-0.7470073497818135,4.120436861536733,-3.0873569186981453,-0.7345089800064705,0.1880154828607616,0.0398935969621803,2
120.918355,14.312446,-0.6691844584992116,1.0765445193600236,-0.2735762999329015,-0.4051933140462349,-1.31082806170358,1.4374837779159548,2
120.973868,14.127131,-0.7177300997600918,3.895768238635193,-2.8209057427851945,-0.6782625812475377,0.5664880174018504,0.034884209387776,2
120.9375653,14.4402677,-0.705473261999627,-0.8570432502350446,-0.7198774111948801,-1.1754651542574437,0.3262535445030493,0.4306968283936372,0
120.9308472,14.4100263,-0.6578018347857085,-0.4188398693854225,-0.1847826048574339,-0.4489356020416288,0.8062690179459567,2.729466980755109,0
120.9677447,14.3830634,-0.6685064965852412,-0.107289272983373,-0.7405813742551823,-0.977435636834985,-0.2180167248316211,0.3574849466266607,0
121.0428142,14.3197144,-0.6952681510840727,1.2181886855894164,-0.859227812940398,-0.7320858565867371,-2.785119057768011,-0.3096594039524724,2
120.9637355,14.13580858,-0.74914828214172,3.755887482491833,-2.8830135072561536,-0.6964022150538708,0.4869815613959206,0.0182549253740992,2
121.0428142,14.3197144,-0.68456348928454,1.2181886855894164,-0.859227812940398,-0.7320858565867371,-2.785119057768011,-0.3096594039524724,2
120.9504706,14.3957206,-0.6019324207436481,-0.3015847449272645,-1.210678800293307,-1.337152088134271,-0.6219554354200421,0.1672753566717464,0
121.0428142,14.3197144,-0.7024581155927587,1.2181886855894164,-0.859619554636683,-0.7317312449244241,-2.7864331166923018,-0.3081044795257526,2
121.0428142,14.3197144,-0.7020477702237766,1.2181886855894164,-0.859227812940398,-0.7320858565867371,-2.785119057768011,-0.3096594039524724,2
120.93635,14.357185,-0.774661059430606,0.3307202752561997,1.187581494076981,-0.2708860793546213,-0.3651329717955026,0.271863940284582,1
121.0428142,14.3197144,-0.7059371306776068,1.2181886855894164,-0.8588360712441129,-0.7324404682490501,-2.783804998843721,-0.3112143283791921,2
120.9375653,14.4402677,-0.6941976849041194,-0.8570432502350446,-0.7179187027134546,-1.1772382125690088,0.3328238391245024,0.4229222062600382,0
120.871054,14.29442,-0.7820044574250854,1.6063625363377037,-2.23504242042096,-0.8609167989230381,1.0042945287541782,1.5798215474988968,0
120.918211,14.2814,-0.7789429241504191,1.5484315293774464,-0.937264064231994,-1.2372775674190342,-1.673631590637076,0.4442700434919696,2
120.897021,14.432395,-0.7666182901985572,-0.2636082016829751,-2.2476066711059195,0.3100233813289951,0.4207749869990722,1.3207860016611102,0
120.9424136,14.3894676,-0.7816904540122991,-0.1822951703284985,-0.1213436319105532,0.344020118829731,0.063401711919123,0.3564099674274205,0
120.904361,14.296605,-0.7698682255208953,1.375732410069121,-0.3915723091651195,0.3502914880743812,-1.0665533436500552,3.152803828725401,2
120.9622969,14.4204905,-0.7605665880612215,-0.6979157982446151,-0.6780751505090066,0.8009323375043187,0.0765765416993149,1.7719272506985826,0
120.893418,14.387925,-0.7660973299909799,0.1994549269413786,-0.6962395695009892,-0.6591266119195032,-1.813309409441107,1.5852979436254775,2
120.893418,14.387925,-0.7283098738386299,0.1994549269413786,-0.6476635991616359,-0.703098458046318,-1.6503661028290677,1.3924873147122208,2
120.893418,14.387925,-0.7819759116602866,0.1994549269413786,-0.7001569864638403,-0.655580495296373,-1.8264499986840133,1.6008471878926755,2
120.893418,14.387925,-0.7782292800304502,0.1994549269413786,-0.6962395695009892,-0.6591266119195032,-1.813309409441107,1.5852979436254775,2
120.893418,14.387925,-0.7736262754566512,0.1994549269413786,-0.6962395695009892,-0.6591266119195032,-1.813309409441107,1.5852979436254775,2
120.893418,14.387925,-0.7676495059519122,0.1994549269413786,-0.6938891193232787,-0.6612542818933813,-1.805425055895363,1.5759683970651586,2
120.9943658,14.3810075,-0.4900954665930313,0.0273082356902238,-0.968183798630447,-1.0788010335118825,-0.0602669371917432,1.329257264991961,0
120.9563561,14.4487873,-0.7083635206855008,-1.1341845057925235,0.1120866333031521,0.9105061417647748,0.743335113698654,0.6347143940524966,0
120.9943658,14.3810075,-0.7525737739175704,0.0273082356902238,-0.974843407467294,-1.0727726352525608,-0.082605938904684,1.3556909802461978,0
120.918355,14.312446,-0.7470073497818135,1.0765445193600236,-0.2383195472672417,-0.4371083636544068,-1.1925627585174228,1.2975405795111716,2
120.8900983,14.4012863,-0.7576049649633507,0.0894779975906764,-1.2096931721293995,-1.1998685659347914,-2.1625436235637028,0.5443708723640646,2
120.964753,14.287385,-0.7603881770312292,1.3847645202335888,1.3747628992103478,-0.6451126373689292,-0.2986565755343254,-0.0680337308865095,1
120.893418,14.387925,-0.7726985381006917,0.1994549269413786,-0.6844873186124362,-0.6697649617888939,-1.7738876417123877,1.538650210823883,2
120.893418,14.387925,-0.7699866904448102,0.1994549269413786,-0.6868377687901467,-0.6676372918150157,-1.7817719952581317,1.547979757384202,2
120.8845532,14.4341085,-0.7648716462149334,-0.0964657159557607,-1.504256372006907,0.1424317271865239,0.4565443425661996,0.3786269383408835,0
120.983047,14.41497,-0.7507218674262514,-0.5274567891588438,-0.8531184589502517,-1.3850810522049692,0.2949143153968181,2.5688267414473307,0
120.98341,14.124996,-0.738086798282203,3.937153970520188,-3.0028961163156427,-0.5089249390940158,0.2410081318138376,-0.0671362996410935,2
120.927049,14.35111,-0.7708698250432715,0.4582836319869864,0.6610194418432449,-1.7315371312636103,-0.5232258876366993,0.129766869835393,2
121.0428142,14.3197144,-0.69303801320917,1.2181886855894164,-0.8588360712441129,-0.7324404682490501,-2.783804998843721,-0.3112143283791921,2
120.9702145,14.43501577,-0.6941976849041194,-0.89456117193475,-0.931699759669526,0.7914183697761272,-0.2914525564065298,0.7255180712442809,0
120.9566736,14.4418331,-0.6941976849041194,-1.029192575507105,-0.4198293086685145,0.950438504666144,0.017031909683919,0.3427325641918167,0
120.904361,14.296605,-0.7731534862271718,1.375732410069121,-0.3986236596982513,0.3566744979960154,-1.0902064042872868,3.180792468406357,2
120.961453,14.123215,-0.755927901281424,3.952646773377657,-2.1894205789569856,0.7156099453620488,1.2305695522809124,2.4075228575067293,2
120.973486,14.302195,-0.7708698250432715,1.1608409958418602,0.7878271470537056,-1.7349116293337623,-0.3963563280246391,0.1386099119981821,2
120.893418,14.387925,-0.7496835152316966,0.1994549269413786,-0.676652484686734,-0.6768571950351543,-1.747606463226575,1.507551722289487,2
120.931183,14.309111,-0.7714853430967447,1.0836939567121568,0.6453260127685478,-1.9450099366290536,-0.4743730788709046,0.2269923351981071,2
120.893418,14.387925,-0.7690411119858515,0.1994549269413786,-0.6962395695009892,-0.6591266119195032,-1.813309409441107,1.5852979436254775,2
120.893418,14.387925,-0.7710928388307619,0.1994549269413786,-0.6962395695009892,-0.6591266119195032,-1.813309409441107,1.5852979436254775,2
120.9537148,14.4100751,-0.7679884869088973,-0.5307277705159666,-0.9607953362586584,-0.3829359113750455,-0.5376310013404663,0.7794367264707698,0
120.964753,14.287385,-0.7652766392530158,1.3847645202335888,1.3755463826029182,-0.6458218606935552,-0.2960284576857441,-0.0711435797399491,1
120.9062254,14.4084872,-0.7826895557802555,-0.1681073066759982,-0.9079096032226526,0.1127686080970625,-0.89789562673583,0.2634440284762319,0
120.9563561,14.4487873,-0.698122727563948,-1.1341845057925235,0.10425179937745,0.9175983750110352,0.7170539352128412,0.6658128825868929,0
120.893418,14.387925,-0.7726985381006917,0.1994549269413786,-0.6609828168353297,-0.6910416615276752,-1.6950441062549493,1.4453547452206943,2
120.893418,14.387925,-0.7705576057407852,0.1994549269413786,-0.6809616433458702,-0.672956466749711,-1.762061111393772,1.524655890983405,2
120.893418,14.387925,-0.7716280719207385,0.1994549269413786,-0.6915386691455679,-0.6633819518672595,-1.7975407023496193,1.56663885050484,2
120.893418,14.387925,-0.7776940469404736,0.1994549269413786,-0.7001569864638403,-0.655580495296373,-1.8264499986840133,1.6008471878926755,2
120.99031,14.30488,-0.7024045922837611,1.154419318606493,0.861687162413218,-1.72741034539682,-0.2774281042899902,0.1085914632102644,2
120.961453,14.123215,-0.7429931016069887,3.952646773377657,-2.1835444535127086,0.7102907704273536,1.250280436145272,2.384198991105932,2
120.9661056,14.1189304,-0.7470073497818135,4.020510000010336,-2.132340851933688,1.5469127308474937,1.1834645295860398,2.732367822656832,2
120.9233328,14.3750128,-0.7261511003757242,0.1243371417034587,-1.1666691991683482,-0.9867068206950952,-0.7950394701900806,0.2921702509175066,2
120.9563561,14.4487873,-0.7083635206855008,-1.1341845057925235,0.1171792753548585,0.9058961901547052,0.7604178797144323,0.6145003765051391,0
120.95476,14.119975,-0.7113251437833715,4.003825391356309,-2.238536262846491,1.4943213267684288,1.0848983280915494,2.6275827310003668,2
120.98341,14.124996,-0.7594961218812681,3.937153970520188,-3.059698662276983,-0.4575062480586275,0.0504695877916949,0.1583277422332795,2
120.99031,14.30488,-0.7113251437833715,1.154419318606493,0.8573780037540817,-1.7235096171113768,-0.2918827524571872,0.1256956319041824,2
120.9943658,14.3810075,-0.424440207555898,0.0273082356902238,-0.9278344039130808,-1.1153260347301237,0.0750811320101924,1.1691000490398202,0
120.968037,14.426675,-0.7965093276867611,-0.7806121759529764,-0.7535500316479348,0.0606418824305328,-0.0668510885416085,1.7832485392530788,0
120.945944,14.459142,-0.720245695282982,-1.0996223387682045,-0.4472121763127808,-1.2109538323713436,0.6812709330289294,1.7851040968691363,0
120.9777822,14.3981207,-0.7470073497818135,-0.3105197551360107,-0.0063164390586606,0.561907291294247,0.8113169733668119,2.6284585491164174,0
121.0428142,14.3197144,-0.6677928524652723,1.2181886855894164,-0.859227812940398,-0.7320858565867371,-2.785119057768011,-0.3096594039524724,2
120.950415,14.214615,-0.7666325630809566,2.525019706397404,-1.4890976441048938,-1.1922969413052338,-1.1162479677288826,0.1213163723276507,2
120.907591,14.416975,-0.7493802164807098,-0.2727877341830807,-1.133738659534928,-1.4185489877716575,-0.5369948290949269,1.5091129593474906,0
120.9943658,14.3810075,-0.4957154140377859,0.0273082356902238,-0.9462462636384812,-1.098659286601411,0.0133203625685324,1.2421814970956513,0
120.9460917,14.4439849,-0.7619938763011591,-0.989888362990506,0.4334289584460927,1.072516226576401,1.198580941534256,1.569187852355583,0
120.950415,14.214615,-0.7809946509953295,2.525019706397404,-1.486747193927183,-1.194424611279112,-1.1083636141831388,0.1119868257673319,2
120.9746966,14.421726,-0.720245695282982,-0.6760774456032125,-1.0170734653492004,-1.350468072889199,-0.0323805224694742,1.486883731728966,0
120.9719364,14.3960108,-0.6477216115911487,-0.2988568934411579,-0.4726720580177555,-0.5378352152572278,0.3250289713034181,1.1777425310734062,0
120.973486,14.302195,-0.7517637878414059,1.1608409958418602,0.7364776455046537,-1.6884291326377716,-0.5686031718206561,0.3424294058526155,2
120.924102,14.276865,-0.7789429241504191,1.5995498986142307,-1.1489487613632252,-1.356982936096167,-1.9068361742125783,0.4236847042908337,2
120.904361,14.296605,-0.77869314870843,1.375732410069121,-0.3974484346093961,0.3556106630090765,-1.0862642275144148,3.1761276951261985,2
120.918355,14.312446,-0.7562668822384092,1.0765445193600236,-0.2947303515322972,-0.3860442842813317,-1.381787243615275,1.5214496969588247,2
121.0275697,14.3134419,-0.7470073497818135,1.1991314454823585,-2.6135322232466995,-0.562022830795563,0.2853131530059548,0.1206115699706429,0
120.918355,14.312446,-0.7435818580059631,1.0765445193600236,-0.293555126443442,-0.3871081192682707,-1.377845066842403,1.5167849236786652,2
120.954651,14.410685,-0.755767331354431,-0.5417785856489636,-0.9341569009112712,-0.4070495044123311,-0.4482749944887026,0.6737018654538223,0
121.0361144,14.2174433,-0.7984628749418667,2.653243713863972,-1.351326559808077,-0.8662489219014561,-1.1420870720605525,0.3289863649880168,2
120.871054,14.29442,-0.7811909031283208,1.6063625363377037,-2.2232901695324068,-0.8715551487924288,1.0437162964828974,1.5331738146973024,0
120.95476,14.119975,-0.744866417421907,4.003825391356309,-2.2228665949950868,1.480136860275908,1.137460685063175,2.5653857539315745,2
120.9746966,14.421726,-0.741842350463539,-0.6760774456032125,-0.9931772218758088,-1.372099384290293,0.0477770719122548,1.3920333416990571,0
120.9289746,14.4234269,-0.7375694062952256,-0.5756709021366685,-0.595726749351038,-0.936415334641503,0.012625747140228,0.514735730093984,0
120.9345919,14.3681662,-0.7510215979566383,0.1701909483066598,0.3488995619055478,1.5464599071559737,0.3747627338031633,1.3166797230420209,0
120.9356405,14.3841135,-0.7416550188820472,-0.073996064410639,0.279445585498759,0.0904238646366153,0.9001446847741175,1.32268406643388,0
120.862904,14.4199556,-0.5988655351380819,0.2912570678548538,-2.219162407595385,-0.0530146738332839,0.7729370309461154,1.506971698458804,0
120.968782,14.143115,-0.7804594179053528,3.643112414208173,-1.4644952759371272,-1.228450813225331,-1.0721625539336752,0.2154508264095365,2
120.8900983,14.4012863,-0.7398709085821251,0.0894779975906764,-1.2049922717739785,-1.2041239058825477,-2.146774916472215,0.5257117792434268,2
120.9376723,14.3730865,-0.7470073497818135,0.0838844543290052,-0.0657014994331892,1.3364191972774486,-0.0213953721436133,1.2548317621294391,0
120.9156346,14.31807483,-0.7632962768201023,1.0034427217850543,-0.6551429960119847,0.1706269794937429,-1.8177824431419611,0.709926481462013,2
120.9537148,14.4100751,-0.7702007836808008,-0.5307277705159666,-0.9615788196512288,-0.3822266880504195,-0.5402591191890475,0.7825465753242093,0
120.9644,14.4296,-0.6627955595151905,-0.8363530393520245,-1.0274443991647917,0.9197382386259484,-0.4972960975524272,0.5301904768949338,0
120.904361,14.296605,-0.7886805981673939,1.375732410069121,-0.4362308625416216,0.3907172175780657,-1.216356061019188,3.33006521337146,2
120.904361,14.296605,-0.7781222334124549,1.375732410069121,-0.3958814678242556,0.3541922163598243,-1.0810079918172524,3.169907997419319,2
120.871054,14.29442,-0.7821186404842804,1.6063625363377037,-2.2232901695324068,-0.8715551487924288,1.0437162964828974,1.5331738146973024,0
120.927049,14.35111,-0.7739920180681352,0.4582836319869864,0.6610194418432449,-1.7315371312636103,-0.5232258876366993,0.129766869835393,2
120.943011,14.27931,-0.7730553601606761,1.521568117981986,0.4141315895212562,-2.033171384996159,-0.7345803102258358,0.0920585243677281,2
120.871054,14.29442,-0.7812622675403178,1.6063625363377037,-2.2256406197101177,-0.8694274788185506,1.0358319429371536,1.542503361257621,0
120.9677447,14.3830634,-0.6693985517352022,-0.107289272983373,-0.7405813742551823,-0.977435636834985,-0.2180167248316211,0.3574849466266607,0
120.8896934,14.43152587,-0.7106471818694011,-0.1554933218859847,-1.9195784808946048,1.3699896762425774,0.5864539768944185,1.7654976359099572,0
120.9909738,14.3824796,-0.539551004106872,-0.0137088621678177,-1.111594459993824,-0.7977991047317982,-0.3793041118625085,0.1449607516677709,0
120.8529,14.37486,-0.7613872787991856,0.7900837899671693,-1.402273900996264,-1.3124381498290971,-1.0069864824098915,0.4014637900402011,2
120.871054,14.29442,-0.7690589530888506,1.6063625363377037,-2.21506359391042,-0.8790019937010022,1.0713115338930008,1.5005204017361862,0
120.9777822,14.3981207,-0.7398709085821251,-0.3105197551360107,0.0199302545924415,0.5381483099192744,0.8993589212942846,2.5242786125261896,0
120.9622969,14.4204905,-0.5989261948882794,-0.6979157982446151,-0.6580963239984661,0.7828471427263546,0.1435935468381375,1.692626104935872,0
120.954393,14.339195,-0.5158708649180659,0.5747302250026753,-2.679465753093797,0.49627421659573,0.7123243038609792,-0.3498538636925186,0
120.871054,14.29442,-0.7816190896003022,1.6063625363377037,-2.2244653946212622,-0.8704913138054896,1.0397741197100254,1.537838587977462,0
120.9622969,14.4204905,-0.6667223862853191,-0.6979157982446151,-0.6655394162278832,0.789584764310302,0.1186264272766154,1.7221696690435486,0
120.9943658,14.3810075,-0.7223866276428885,0.0273082356902238,-0.9391949131053492,-1.1050422965230458,0.0369734232057639,1.2141928574146947,0
120.9425499,14.3860111,-0.755927901281424,-0.1301091472508888,-0.4158923283875375,-0.4441889439306605,0.0239913449976506,0.3145971107452885,0
120.9156346,14.31807483,-0.7777118880434728,1.0034427217850543,-0.6625860882414017,0.1773646010776903,-1.842749562703484,0.7394700455696896,2
120.918355,14.312446,-0.7623506983611436,1.0765445193600236,-0.2926502031250234,-0.3879272722082139,-1.3748095907272917,1.5131930482529423,2
120.9363861,14.3993471,-0.7487914600817356,-0.3031821589355677,0.1752488291329323,0.646856939878473,0.7422271244986448,2.6050281403706514,0
120.95476,14.119975,-0.7234570938228418,4.003825391356309,-2.2322683957059293,1.4886475401714203,1.1059232708801996,2.60270394017285,2
120.9719364,14.3960108,-0.6988363716839169,-0.2988568934411579,-0.4906921760468705,-0.5215230787908288,0.2645822607860487,1.2492690547025176,0
120.973868,14.127131,-0.7291662467825926,3.895768238635193,-2.8397093442068795,-0.6612412214565129,0.5034131890358998,0.109520581870327,2
120.937451,14.3805,-0.7603881770312292,-0.0274937412361139,0.2838946637085491,0.1373332659507125,0.7838430124745925,1.36226149333261,0
120.9777822,14.3981207,-0.755927901281424,-0.3105197551360107,0.0050440701336073,0.5516235530871693,0.8494246821712405,2.5833657407415425,0
120.9943658,14.3810075,-0.4598547970093518,0.0273082356902238,-0.9462462636384812,-1.098659286601411,0.0133203625685324,1.2421814970956513,0
120.918355,14.312446,-0.7657405079309956,1.0765445193600236,-0.2814111338586036,-0.3981010807999745,-1.3371092401893931,1.4685822664503512,2
120.9589927,14.4143526,-0.7403169361571056,-0.6030138722304543,-0.7403557944935104,0.4880623383719854,0.1149515930158028,0.704921764257456,0
120.927049,14.35111,-0.7755531145805671,0.4582836319869864,0.6512258994361173,-1.722671839705785,-0.5560773607439653,0.1686399805033884,2
120.9777822,14.3981207,-0.7134660761432781,-0.3105197551360107,0.0089614870964584,0.5480774364640391,0.8625652714141467,2.5678164964743444,0
120.95476,14.119975,-0.7233881379597498,4.003825391356309,-2.2228665949950868,1.480136860275908,1.137460685063175,2.5653857539315745,2
121.0428142,14.3197144,-0.6756429377849296,1.2181886855894164,-0.8580525878515427,-0.733149691573676,-2.78117688099514,-0.3143241772326318,2
120.851162,14.38224,-0.7331791010320399,0.7405278922709069,-0.1529727450217806,-2.1170808031556594,-0.623022563242965,1.2799312721510807,2
120.93635,14.357185,-0.770379194710793,0.3307202752561997,1.1950245863063984,-0.2776237009385687,-0.3401658522339804,0.2423203761769056,1
120.9622969,14.4204905,-0.74914828214172,-0.6979157982446151,-0.6780751505090066,0.8009323375043187,0.0765765416993149,1.7719272506985826,0
120.922673,14.276441,-0.7828679668102476,1.6102109013415158,-1.1489487613632252,-1.356982936096167,-1.9068361742125783,0.4236847042908337,2
120.9438218,14.3546493,-0.7809054454803334,0.3490038002166957,1.2209275366299794,-0.475425586235533,-0.2071894375134786,1.4522232359939249,1
120.937335,14.31086,-0.7714853430967447,1.0413250684257154,0.696464323124834,-1.5871343419171349,-0.5851037545686085,0.1318038967976766,2
120.9537148,14.4100751,-0.5944837602414733,-0.5307277705159666,-0.9137863327044456,-0.4254893108526082,-0.3799439304255896,0.592845795264392,0
120.9943658,14.3810075,-0.5858486663898503,0.0273082356902238,-0.9662250901490216,-1.0805740918234474,-0.05369664257029,1.321482642858362,0
120.9708,14.36743,-0.6680604690102606,0.1409676432400227,-1.3697593402046,-1.341870917801078,-0.8979195916937686,0.2724050626224564,2
120.9777822,14.3981207,-0.4908447929189986,-0.3105197551360107,0.0312907637847095,0.5278645717121968,0.937466630098713,2.479185804151315,0
120.9746966,14.421726,-0.7095410334834494,-0.6760774456032125,-0.9731983953652684,-1.3901845790682572,0.1147940770510773,1.3127321959363467,0
120.9943658,14.3810075,-0.7648484527810345,0.0273082356902238,-0.985420433266992,-1.0631981203701093,-0.1180855298605313,1.3976739397676328,0
120.904361,14.296605,-0.7908964631598971,1.375732410069121,-0.4362308625416216,0.3907172175780657,-1.216356061019188,3.33006521337146,2
120.95476,14.119975,-0.7234570938228418,4.003825391356309,-2.2228665949950868,1.480136860275908,1.137460685063175,2.5653857539315745,2
120.97983545177,14.400573720691,-0.74914828214172,-0.3379564351463934,0.1604455745148401,1.6332704553507404,0.94264613564945,2.760289509230704,0
120.9622969,14.4204905,-0.7345185776823588,-0.6979157982446151,-0.6976622353232619,0.8186629206199698,0.0108735954847831,1.849673472034573,0
120.950177,14.285456,-0.755927901281424,1.4177740825886922,0.3972622487390139,-1.9157735210138416,-0.8431131600564089,0.0385931566483396,2
120.9363861,14.3993471,-0.738086798282203,-0.3031821589355677,0.18504237154006,0.6379916483206475,0.7750785976059108,2.566155029702656,0
120.9677447,14.3830634,-0.6758570310209202,-0.107289272983373,-0.7405813742551823,-0.977435636834985,-0.2180167248316211,0.3574849466266607,0
120.9677447,14.3830634,-0.6712540264471212,-0.107289272983373,-0.7444987912180334,-0.9738895202118548,-0.2311573140745275,0.3730341908938588,0
120.9356405,14.3841135,-0.7512178500896296,-0.073996064410639,0.2445805745293844,0.1219843025824743,0.7831934405122507,1.4610723404119437,0
120.964753,14.287385,-0.7994387832759241,1.3847645202335888,1.31893970748972,-0.5945804754893236,-0.4859099722457415,0.153542999921064,2
120.949412,14.34094,-0.7670072262439402,0.5523362837240935,-2.6882876834924256,0.6807481237835772,0.5019577784842276,-0.1721103765108959,0
120.938476,14.315595,-0.7687021310288662,0.965497736141591,-2.499883458492693,1.983623065123068,0.6067864823001617,0.0447969996826386,0
120.9777822,14.3981207,-0.7342509611373705,-0.3105197551360107,-0.0165017231620735,0.5711271945143855,0.7771514413352553,2.6688865842111325,0
120.9289746,14.4234269,-0.7840454796081963,-0.5756709021366685,-0.6178601551911466,-0.9163797757208172,-0.061618582082193,0.6025889602036535,0
120.95476,14.119975,-0.7363026879822809,4.003825391356309,-2.238536262846491,1.4943213267684288,1.0848983280915494,2.6275827310003668,2
120.9523855,14.4560866,-0.7607985224002113,-1.1856202836625604,0.4089804264639987,-0.5947785284396823,1.57449055740811,2.5895790922426745,0
120.918355,14.312446,-0.7795495216523926,1.0765445193600236,-0.3064826024208505,-0.3754059344119411,-1.421209011343994,1.568097429760419,2
120.918355,14.312446,-0.778372008854444,1.0765445193600236,-0.2951220932285824,-0.3856896726190186,-1.383101302539565,1.5230046213855446,2
120.9289746,14.4234269,-0.761262391078191,-0.5756709021366685,-0.6025822290360274,-0.9302096305510252,-0.0103702840348581,0.5419469075615807,0
120.950415,14.214615,-0.7164990636531456,2.525019706397404,-1.4796958433940512,-1.2008076212007464,-1.0847105535459072,0.0839981860863753,2
120.9769106,14.4231999,-0.6578196758887078,-0.6841925465061774,-1.3350789304601942,-1.3621806672554684,-0.4491001316918896,0.2410801218560723,0
120.9363861,14.3993471,-0.732110028777464,-0.3031821589355677,0.1752488291329323,0.646856939878473,0.7422271244986448,2.6050281403706514,0
120.918211,14.2814,-0.7613515965931872,1.5484315293774464,-0.9842730677862068,-1.1947241679414715,-1.8313186615519528,0.6308609746983472,2
120.943005,14.44953,-0.729041359061598,-1.0106892884023526,-0.9913974679362452,-0.9994443295483432,-0.1707169217912379,0.420891745221478,0
120.950177,14.285456,-0.7684166733808787,1.4177740825886922,0.3776751639247585,-1.8980429378981905,-0.9088161062709408,0.1163393779843303,2
120.904361,14.296605,-0.7844736660801775,1.375732410069121,-0.4103759105868046,0.3673128478654062,-1.129628172016006,3.227440201207952,2
120.9951553,14.38664784,-0.6426012150303723,-0.0481979879662885,-0.9925971408670832,-0.8962309320585469,-0.2266874146501854,0.3052294004332968,0
120.886854,14.290812,-0.780868335986095,1.554630475949075,-2.869172898174919,-0.8700267737401098,0.080917200040866,0.3444080344285901,2
120.964753,14.287385,-0.799510147687921,1.3847645202335888,1.31893970748972,-0.5945804754893236,-0.4859099722457415,0.153542999921064,2
120.9777822,14.3981207,-0.6307190404328912,-0.3105197551360107,-0.0067081807549458,0.56226190295656,0.8100029144425213,2.630013473543137,0
120.9630131,14.3331887,-0.7605219853037234,0.6675760840084566,1.6199201039732494,-0.6205273384446338,0.1396130975617909,-0.0457587950106916,1
120.93635,14.357185,-0.6578018347857085,0.3307202752561997,1.222838246742641,-0.3028011289627932,-0.2468676686093451,0.1319207418797988,1
120.927049,14.35111,-0.7363026879822809,0.4582836319869864,0.6880496188869173,-1.7560053359632093,-0.4325558218606453,0.0224770843917259,2
120.959807,14.14031,-0.6858837309064824,3.685084726197767,-1.110449574767903,-1.249362491791859,-0.534549523676521,1.318201389024207,2
120.9622969,14.4204905,-0.6042785257880456,-0.6979157982446151,-0.6584880656947512,0.7832017543886676,0.1422794879138469,1.694181029362592,0
120.9376723,14.3730865,-0.7731003197402342,0.0838844543290052,-0.0657014994331892,1.3364191972774486,-0.0213953721436133,1.2548317621294391,0
120.9566736,14.4418331,-0.706686457003574,-1.029192575507105,-0.4449007772307614,0.9731336510541772,-0.0670678614706817,0.4422477275018849,0
120.9566736,14.4418331,-0.6780978735576224,-1.029192575507105,-0.443725552141906,0.9720698160672384,-0.0631256846978099,0.4375829542217256,0
120.9777822,14.3981207,-0.628979532890467,-0.3105197551360107,0.0050440701336073,0.5516235530871693,0.8494246821712405,2.5833657407415425,0
120.9375653,14.4402677,-0.5595904878176569,-0.8570432502350446,-0.6924554924549227,-1.2002879706193552,0.4182376692033939,0.3218521185232504,0
120.9677447,14.3830634,-0.627471959687033,-0.107289272983373,-0.7229529979223525,-0.993393161639071,-0.1588840732385423,0.2875133474242691,0
120.927049,14.35111,-0.7345185776823588,0.4582836319869864,0.6880496188869173,-1.7560053359632093,-0.4325558218606453,0.0224770843917259,2
121.0361144,14.2174433,-0.7675246182309177,2.653243713863972,-1.3141110986609916,-0.8999370298211935,-1.0172514742529415,0.1812685444496344,2
120.9426543,14.4004731,2.284552871845816,-0.3498708581440445,0.3861809760825854,0.4210726656527514,1.8286152784293457,-0.5261756453100308,0
120.9426543,14.4004731,2.132546674292453,-0.3498708581440445,0.3583673156463427,0.4462500936769759,1.7353170948047103,-0.415776011012924,0
121.0428142,14.3197144,-0.0868865388106371,1.2181886855894164,-0.5615041237637162,-1.001590719944634,-1.786434275307126,-1.4914019682595312,2
121.0428142,14.3197144,-0.0435041127577314,1.2181886855894164,-0.4753209505809923,-1.0796052856534988,-1.497341311963185,-1.8334853421378905,2
121.0428142,14.3197144,-0.1411591741342673,1.2181886855894164,-0.5274225961869118,-1.0324419345658669,-1.6721111488938407,-1.626680393384155,2
120.9661056,14.1189304,-0.176092053806742,4.020510000010336,-1.7942677680396395,1.2408828662713558,2.3174973812488604,1.3904680423976326,2
120.91246287836,14.442014572049,0.0023189761854677,-0.5387792980704664,-2.175250635233913,-0.9799278317710972,1.2262304718587609,-1.2156118805265756,0
121.0428142,14.3197144,-0.7999240612775029,1.2181886855894164,-0.4753209505809923,-1.0796052856534988,-1.497341311963185,-1.8334853421378905,2
120.90712,14.43758,1.536653834118472,-0.4372153280511875,-1.5906776005205647,-1.323393744104574,2.415943522849036,0.7397730275580124,0
120.926176,14.460075,-0.6399607317864876,-0.7982178216715292,-0.1675518770775104,-1.8337768414760771,2.1288167485802347,0.8147495875083058,0
121.0428142,14.3197144,-0.0387155607127404,1.2181886855894164,-0.4753209505809923,-1.0796052856534988,-1.497341311963185,-1.8334853421378905,2
121.0003387,14.3970876,-0.3723441867981729,-0.1533580378752126,-0.5185890017434128,-1.6551178778181248,1.5167673655649825,-1.420873549535416,0
121.0428142,14.3197144,0.0487058439834424,1.2181886855894164,-0.4048074452496729,-1.1434353848698429,-1.2608107055908706,-2.113371738947457,2
121.0428142,14.3197144,-0.0387155607127404,1.2181886855894164,-0.4048074452496729,-1.1434353848698429,-1.2608107055908706,-2.113371738947457,2
120.9528888,14.4226283,-0.3991058412970043,-0.7232175584531997,-0.1432784790570589,-1.5326740843892857,1.9064961091806616,-0.0680139876313145,0
120.98341,14.124996,-0.3632809064745686,3.937153970520188,-2.6612973571550285,-0.8181463086309709,1.386867513795274,-1.4230303997407718,2
120.9943658,14.3810075,2.6934709525879605,0.0273082356902238,-0.5987713790335906,-1.413199831073062,1.1788906284143288,-0.1370364694048234,0
120.954564,14.12818,0.0817118845320011,3.8754942027153088,-2.33699957706149,-0.9142570633645674,1.8766403818924156,-0.0817784626270543,2
120.8900983,14.4012863,-0.653234512417908,0.0894779975906764,-0.84772384476196,-1.5275297419120235,-0.9483531775191532,-0.8923792979250439,2
120.973486,14.302195,2.8884563672664467,1.1608409958418602,1.2351961642112987,-2.139878147695234,1.1042989635152691,-1.6371137833158456,1
121.0428142,14.3197144,0.0925949573615259,1.2181886855894164,-0.5446592308234566,-1.016839021424094,-1.729929741562629,-1.5582637186084831,2
120.973486,14.302195,3.151915935255943,1.1608409958418602,1.25830892429212,-2.160800235771702,1.181828440048417,-1.7288543244923145,1
120.973486,14.302195,2.273848210046283,1.1608409958418602,1.1411781571028727,-2.0547713487401085,0.7889248216855164,-1.26393192090309,1
120.8900983,14.4012863,-0.6152686452355658,0.0894779975906764,-0.7435205535501214,-1.6218564440872874,-0.5988135036578432,-1.3059891954325145,2
120.9677447,14.3830634,2.499181340926444,-0.107289272983373,-0.262656504787351,-1.4100618648568717,1.3851351628029571,-1.5395228539715122,0
120.9677447,14.3830634,2.670188313173977,-0.107289272983373,-0.2348428443511083,-1.4352392928810962,1.4784333464275927,-1.6499224882686188,0
121.0361144,14.2174433,1.459937091221822,2.653243713863972,-0.8553815723111308,-1.3151872863897418,0.5215115260913958,-1.639547959239268,2
120.94565,14.341615,3.0599985726039565,0.5475749715658391,1.5219046324987189,-1.3404830157935417,0.981388898614745,-1.9187723381921888,1
120.939012,14.344825,-0.6042785257880456,0.512505430231438,1.9018014949061657,-0.3392184741293123,1.1479287236806055,-0.03270793795753,1
120.926176,14.460075,-0.6310401802868771,-0.7982178216715292,-0.1675518770775104,-1.8337768414760771,2.1288167485802347,0.8147495875083058,0
120.9661056,14.1189304,0.0023189761854677,4.020510000010336,-1.7942677680396395,1.2408828662713558,2.3174973812488604,1.3904680423976326,2
121.044654,14.3218714,-0.176092053806742,1.2033777713311171,-0.6221067956833037,-1.387952427166204,-1.5377843948905725,-1.6076716321757063,2
120.9661056,14.1189304,-0.265297568802847,4.020510000010336,-1.6034895619487923,1.068186986724914,2.9574440773784016,0.6332198465850836,2
120.9566736,14.4418331,0.3591410361698874,-1.029192575507105,-0.0723544240636239,0.6358979601944931,1.1826021755297151,-1.0364854023086585,0
120.9677447,14.3830634,2.500073396076405,-0.107289272983373,-0.262656504787351,-1.4100618648568717,1.3851351628029571,-1.5395228539715122,0
121.0637127,14.3179626,1.7257695259102146,1.414295943931989,0.0274885743008352,-0.2568355745636378,-1.145824277263648,-1.8288604013110377,2
120.9661056,14.1189304,-0.6905745137070376,4.020510000010336,-1.6034895619487923,1.068186986724914,2.9574440773784016,0.6332198465850836,2
120.9943658,14.3810075,2.973826045117719,0.0273082356902238,-0.5102377556731562,-1.493342066755805,1.475867945304013,-0.4884493898435013,0
120.9943658,14.3810075,3.291808023872835,0.0273082356902238,-0.4526517263192453,-1.5454699811158197,1.6690346071747368,-0.7170232805713138,0
120.9943658,14.3810075,2.11497318783822,0.0273082356902238,-0.6273685228624034,-1.3873131797242113,1.082964326941112,-0.023526986254277,0
120.968782,14.143115,-0.7804594179053528,3.643112414208173,-1.0159510336906787,-1.634481166573741,0.4324349143791058,-1.5649376421846506,2
120.9943658,14.3810075,3.087331142398763,0.0273082356902238,-0.4812488701480582,-1.5195833297669687,1.5731083057015205,-0.6035137974207673,0
120.9943658,14.3810075,2.273848210046283,0.0273082356902238,-0.6030805376927267,-1.4092991027876187,1.1644359802471316,-0.1199323007109055,0
120.9943658,14.3810075,3.084530089227885,0.0273082356902238,-0.4816406118443433,-1.5192287181046558,1.5717942467772297,-0.6019588729940476,0
120.893418,14.387925,-0.6310401802868771,0.1994549269413786,-0.324084958030137,-0.9960076911168744,-0.5649534313650005,0.1081197382416546,2
120.9943658,14.3810075,2.1573814896673684,0.0273082356902238,-0.611307113314714,-1.401852257879045,1.1368407428370282,-0.0872788877497893,0
120.9943658,14.3810075,2.8884563672664467,0.0273082356902238,-0.5090625305843008,-1.4944059017427442,1.479810122076885,-0.4931141631236606,0
120.9943658,14.3810075,3.207776428746504,0.0273082356902238,-0.4644039772077984,-1.5348316312464287,1.629612839446018,-0.6703755477697194,0
120.9943658,14.3810075,3.0599985726039565,0.0273082356902238,-0.4984855047846029,-1.5039804166251958,1.5152897130327323,-0.5350971226450957,0
120.9943658,14.3810075,3.151915935255943,0.0273082356902238,-0.4859497705034795,-1.5153279898192125,1.5573395986100325,-0.5848547043001294,0
121.0428142,14.3197144,0.4483465511659923,1.2181886855894164,-0.5615041237637162,-1.001590719944634,-1.786434275307126,-1.4914019682595312,2
120.9943658,14.3810075,2.2470151911354543,0.0273082356902238,-0.5987713790335906,-1.413199831073062,1.1788906284143288,-0.1370364694048234,0
120.9537148,14.4100751,-0.0868865388106371,-0.5307277705159666,-0.5886407247878062,-0.7198169905724167,0.7107249767356401,-0.6977414789130535,0
121.0428142,14.3197144,0.0915244911815725,1.2181886855894164,-0.5615041237637162,-1.001590719944634,-1.786434275307126,-1.4914019682595312,2
121.0428142,14.3197144,0.2699355211737825,1.2181886855894164,-0.5615041237637162,-1.001590719944634,-1.786434275307126,-1.4914019682595312,2
120.9943658,14.3810075,2.5164872108356886,0.0273082356902238,-0.5697824935084926,-1.4394410940842255,1.276130988811836,-0.2521008769820894,0
120.9062254,14.4084872,-0.4080263927966148,-0.1681073066759982,-0.4926634051604384,-0.2631197539547411,0.4950068330122465,-1.3847758638467709,0
120.95476,14.119975,-0.5418346652907722,4.003825391356309,-1.8076203969328724,1.1042484982241043,2.530363144811252,0.9171658616085718,2
120.9426543,14.4004731,2.522196363795439,-0.3498708581440445,0.4296643043702324,0.3817107711360059,1.9744758190256064,-0.6987722566759301,0
121.0637127,14.3179626,1.2026683859730554,1.414295943931989,0.1935870535257208,-0.4071909193843592,-0.5886632933644171,-2.488148358240239,2
120.897021,14.432395,1.5313015032187058,-0.2636082016829751,-1.7254149899578706,-0.1626739645342633,2.1724155330784933,-0.7519282591564014,0
120.9677447,14.3830634,2.937537241617304,-0.107289272983373,-0.1913595160634613,-1.4746011873978415,1.6242938870238537,-1.8225190996345184,0
120.98341,14.124996,-0.5397294151368641,3.937153970520188,-2.5073428705149814,-0.957508691919989,1.9032926710414944,-2.0341156994416583,2
120.98341,14.124996,-0.5109695571021199,3.937153970520188,-2.4619008337459087,-0.9986436447482996,2.0557235062592087,-2.2144869329411567,2
120.904361,14.296605,-0.6881317098843842,1.375732410069121,0.1748861836631464,-0.1624769756302489,0.8335758608742077,0.90438310768855,2
120.9677447,14.3830634,2.94610097105693,-0.107289272983373,-0.1913595160634613,-1.4746011873978415,1.6242938870238537,-1.8225190996345184,0
120.9613537,14.28331373,-0.6739123507940051,1.447497743487398,1.9244009469403367,-1.2447823620969565,1.5969964113315158,-2.129265583506068,1
121.0361144,14.2174433,-0.4344312252354619,2.653243713863972,-1.2028564569160212,-1.0006467419180916,-0.6440587397544003,-0.2603299927387928,2
120.9684349955,14.3743181931,-0.5222094519916292,0.0299227011276387,-1.256725155216577,-1.369830800095438,-0.6475854755300559,0.0868941711625573,2
121.0428142,14.3197144,-0.6706474289451477,1.2181886855894164,-0.8513929790146958,-0.7391780898329975,-2.7588378792821984,-0.3407578924868686,2
120.9684349955,14.3743181931,-0.3455825322993414,0.0299227011276387,-1.176809849174415,-1.4421715792072949,-0.3795174549747656,-0.2303104118882848,0
120.866631,14.400861,-0.3622818047066122,0.3808400042201287,-0.1246018523717513,0.0942099387595543,-0.8747658574408421,2.44714203133202,2
120.942726,14.112885,-0.7053662153816317,4.120436861536733,-3.016451671670541,-0.7986936908851275,0.4258601481573671,-0.2415477242741059,2
121.0428142,14.3197144,-0.4437085987950568,1.2181886855894164,-0.75737497190627,-0.8242848887881227,-2.443463737452445,-0.7139397548996245,2
120.95476,14.119975,-0.6849225950057084,4.003825391356309,-2.216598727854525,1.4744630736788995,1.1584856278518252,2.540506963104057,2
120.95476,14.119975,-0.716213606005158,4.003825391356309,-2.2079804105362526,1.4666616171080131,1.1873949241862192,2.506298625716221,2
120.98341,14.124996,-0.7095410334834494,3.937153970520188,-2.9801750979311064,-0.5294924155081712,0.3172235494226947,-0.1573219163908429,2
120.9630131,14.3331887,-0.7113251437833715,0.6675760840084566,1.6432914135736187,-0.6416834702182287,0.2180098529849704,-0.1385255863087957,1
121.0428142,14.3197144,-0.411594613396459,1.2181886855894164,-0.7820546987722318,-0.8019443540624024,-2.5262494496827554,-0.6159795160162761,2
121.0428142,14.3197144,-0.5577489291660773,1.2181886855894164,-0.7628593556542614,-0.8193203255157404,-2.461860562392514,-0.692170812925547,2
121.0428142,14.3197144,-0.5507552167903826,1.2181886855894164,-0.75737497190627,-0.8242848887881227,-2.443463737452445,-0.7139397548996245,2
121.0361144,14.2174433,-0.3671702669283987,2.653243713863972,-1.2157839328934297,-0.9889445570617618,-0.6874226842559913,-0.2090174866570389,2
121.0428142,14.3197144,-0.6191758467923951,1.2181886855894164,-0.7988995917124914,-0.7866960525829424,-2.582753983427253,-0.549117765667324,2
120.83287043168,14.388662190569,-0.7594515191237702,0.9200736697543817,-0.4736430433085752,-2.112497778691361,-1.010240286500312,-0.1470825597000081,2
121.0428142,14.3197144,-0.4999080732426029,1.2181886855894164,-0.7652098058319721,-0.8171926555418623,-2.4697449159382576,-0.6828412663652281,2
120.9677447,14.3830634,-0.2992313467073653,-0.107289272983373,-0.6246258321547905,-1.0824006888796398,0.1709447167584077,-0.1027726836824041,0
120.9677447,14.3830634,-0.4119692765594426,-0.107289272983373,-0.6461716254504714,-1.0628970474524235,0.0986714759224226,-0.0172518402128144,0
120.897021,14.432395,-0.4317550597855787,-0.2636082016829751,-2.198247217373996,0.2653423118775543,0.5863464114596927,1.1248655238944136,0
121.0428142,14.3197144,-0.5034762938424471,1.2181886855894164,-0.7769620567205253,-0.8065543056724717,-2.509166683666977,-0.6361935335636337,2
121.0637127,14.3179626,-0.6384442380315538,1.414295943931989,-0.3141101848597787,0.0523857949733175,-2.291683659245084,-0.4729663012113597,2
121.0428142,14.3197144,-0.6315397311708553,1.2181886855894164,-0.8372902779484319,-0.7519441096762663,-2.711531758007736,-0.396735171848782,2
121.0428142,14.3197144,-0.6006210996732053,1.2181886855894164,-0.7906730160905041,-0.794142897491516,-2.555158746017149,-0.5817711786284401,2
121.0003387,14.3970876,0.4904515542441539,-0.1533580378752126,-0.8531364103708948,-1.352279518202804,0.3945610442207775,-0.092968089116695,0
120.95476,14.119975,-0.6973091732671836,4.003825391356309,-2.216598727854525,1.4744630736788995,1.1584856278518252,2.540506963104057,2
121.0428142,14.3197144,-0.6026549854151165,1.2181886855894164,-0.7906730160905041,-0.794142897491516,-2.555158746017149,-0.5817711786284401,2
121.0428142,14.3197144,-0.5520754584123251,1.2181886855894164,-0.7879308242165084,-0.7966251791277071,-2.545960333547115,-0.5926556496154788,2
121.0361144,14.2174433,-0.5106127350421354,2.653243713863972,-1.2244022502117022,-0.9811431004908754,-0.7163319805903854,-0.174809149269203,2
120.897021,14.432395,-0.5150730107919407,-0.2636082016829751,-2.205298567907128,0.2717253217991888,0.5626933508224612,1.1528541635753702,0
121.0428142,14.3197144,-0.6384442380315538,1.2181886855894164,-0.8357233111632916,-0.7533625563255183,-2.706275522310573,-0.4029548695556613,2
120.9087208,14.436219,-0.4122725753104294,-0.4507751887873931,-2.5279289318082445,-0.8232818374496481,0.2624209085503561,-0.1502548148110435,0
121.0428142,14.3197144,-0.5008179694955631,1.2181886855894164,-0.7652098058319721,-0.8171926555418623,-2.4697449159382576,-0.6828412663652281,2
121.0361144,14.2174433,-0.3892932346474328,2.653243713863972,-1.1711253795169274,-1.0293702865654464,-0.5376199668868586,-0.3862788713030977,2
120.851162,14.38224,-0.5069887609954187,0.7405278922709069,-0.0844179481718867,-2.1791378440604383,-0.3930622514921033,1.007819497475113,2
121.0361144,14.2174433,-0.285930804421446,2.653243713863972,-1.1679914459466465,-1.0322071798639505,-0.5271074954925336,-0.3987182667168562,2
121.0428142,14.3197144,-0.6362141001566511,1.2181886855894164,-0.8329811192892957,-0.7558448379617096,-2.6970771098405386,-0.4138393405426999,2
121.0361144,14.2174433,1.4831305251208091,2.653243713863972,-1.1578061618432338,-1.041427083084089,-0.4929419634609768,-0.4391463018115713,2
120.851162,14.38224,-0.4851827939944748,0.7405278922709069,-0.0844179481718867,-2.1791378440604383,-0.3930622514921033,1.007819497475113,2
121.0361144,14.2174433,-0.466902032694044,2.653243713863972,-1.205206907093732,-0.9985190719442136,-0.6519430933001441,-0.2510004461784739,2
120.9504706,14.3957206,-0.4544132605945893,-0.3015847449272645,-1.155443221117107,-1.3871523325204074,-0.4366731270950621,-0.0519689874957472,0
121.0361144,14.2174433,-0.3815323548427716,2.653243713863972,-1.1844445971906212,-1.0173134900468035,-0.5822979703127403,-0.3334114407946241,2
121.0361144,14.2174433,-0.4544132605945893,2.653243713863972,-1.1997225233457405,-1.0034836352165957,-0.6335462683600752,-0.2727693881525513,2
121.0361144,14.2174433,-0.4276516060957579,2.653243713863972,-1.2028564569160212,-1.0006467419180916,-0.6440587397544003,-0.2603299927387928,2
121.0361144,14.2174433,-0.3403194069145712,2.653243713863972,-1.1679914459466465,-1.0322071798639505,-0.5271074954925336,-0.3987182667168562,2
121.0361144,14.2174433,-0.4204081182780741,2.653243713863972,-1.1942381395977488,-1.008448198488978,-0.6151494434200063,-0.2945383301266288,2
121.0361144,14.2174433,-0.4160192069402658,2.653243713863972,-1.175826279872349,-1.02511494661769,-0.5533886739783463,-0.3676197781824599,2
121.0428142,14.3197144,-0.6384442380315538,1.2181886855894164,-0.8325893775930107,-0.7561994496240226,-2.695763050916248,-0.4153942649694197,2
121.0428142,14.3197144,-0.6453130626862539,1.2181886855894164,-0.8357233111632916,-0.7533625563255183,-2.706275522310573,-0.4029548695556613,2
120.9504706,14.3957206,-0.3991058412970043,-0.3015847449272645,-1.155443221117107,-1.3871523325204074,-0.4366731270950621,-0.0519689874957472,0
121.0361144,14.2174433,-0.4384454734102866,2.653243713863972,-1.2071656155751571,-0.9967460136326484,-0.6585133879215973,-0.2432258240448748,2
121.0428142,14.3197144,-0.575732760989292,1.2181886855894164,-0.7769620567205253,-0.8065543056724717,-2.509166683666977,-0.6361935335636337,2
121.0428142,14.3197144,-0.6239037390871888,1.2181886855894164,-0.7906730160905041,-0.794142897491516,-2.555158746017149,-0.5817711786284401,2
121.0428142,14.3197144,-0.5982125507683105,1.2181886855894164,-0.7887143076090786,-0.7959159558030812,-2.548588451395696,-0.5895458007620392,2
121.0428142,14.3197144,-0.6330241109403905,1.2181886855894164,-0.8255380270598787,-0.7625824595456571,-2.6721099902790164,-0.4433829046503764,2
120.866631,14.400861,-0.4410324333451736,0.3808400042201287,-0.1426219704008663,0.1105220752259534,-0.9352125679582116,2.518668554961132,2
121.0428142,14.3197144,-0.6653843035603775,1.2181886855894164,-0.8345480860744362,-0.7544263913124575,-2.702333345537701,-0.4076196428358207,2
121.0361144,14.2174433,-0.4972319077927197,2.653243713863972,-1.2208765749451362,-0.9843346054516924,-0.7045054502717696,-0.1888034691096813,2
121.0361144,14.2174433,-0.4440654208550412,2.653243713863972,-1.2106912908417231,-0.9935545086718311,-0.670339918240213,-0.2292315042043965,2
121.0428142,14.3197144,-0.5750191168693233,1.2181886855894164,-0.7985078500162063,-0.7870506642452556,-2.5814399245029622,-0.5506726900940438,2
121.0428142,14.3197144,-0.524618000896524,1.2181886855894164,-0.7652098058319721,-0.8171926555418623,-2.4697449159382576,-0.6828412663652281,2
121.0428142,14.3197144,-0.5008001283925639,1.2181886855894164,-0.7652098058319721,-0.8171926555418623,-2.4697449159382576,-0.6828412663652281,2
121.0361144,14.2174433,-0.4055286383767238,2.653243713863972,-1.2071656155751571,-0.9967460136326484,-0.6585133879215973,-0.2432258240448748,2
120.98341,14.124996,-0.7309503570825147,3.937153970520188,-2.9801750979311064,-0.5294924155081712,0.3172235494226947,-0.1573219163908429,2
121.0428142,14.3197144,-0.6651702103243868,1.2181886855894164,-0.8431664033927085,-0.7466249347415709,-2.731242641872095,-0.3734113054479848,2
121.0428142,14.3197144,-0.4615497017942777,1.2181886855894164,-0.75737497190627,-0.8242848887881227,-2.443463737452445,-0.7139397548996245,2
121.0361144,14.2174433,-0.2751993809674146,2.653243713863972,-1.1742593130872083,-1.026533393266942,-0.5481324382811837,-0.3738394758893392,2
120.9358612,14.4230767,-0.4793908047934987,-0.6332773047217304,0.1891950462244211,1.0224060454231396,0.8472728900618458,1.701377692395937,0
120.918355,14.312446,-0.6934840407841506,1.0765445193600236,-0.2226498794158374,-0.4512928301469278,-1.1400004015457972,1.235343602442379,2
120.95476,14.119975,-0.7307184227435247,4.003825391356309,-2.198970351521695,1.4585055488748135,1.2176182794449038,2.4705353639016656,2
121.0428142,14.3197144,-0.537418992298465,1.2181886855894164,-0.786755599127653,-0.7976890141146461,-2.542018156774243,-0.5973204228956382,2
120.866631,14.400861,-0.6934840407841506,0.3808400042201287,-0.1543742212894195,0.121160425095344,-0.9746343356869308,2.565316287762726,2
120.9308472,14.4100263,-0.4437085987950568,-0.4188398693854225,-0.1205369666666762,-0.5070919146609644,1.0217746815296216,2.47445937477306,0
120.9308472,14.4100263,-0.4615497017942777,-0.4188398693854225,-0.1401240514809316,-0.4893613315453133,0.9560717353150896,2.5522055961090504,0
121.0428142,14.3197144,-0.6716465307131041,1.2181886855894164,-0.8521764624072661,-0.7384688665083715,-2.76146599713078,-0.337648043633429,2
121.0361144,14.2174433,-0.4396993639701748,2.653243713863972,-1.2106912908417231,-0.9935545086718311,-0.670339918240213,-0.2292315042043965,2
120.904361,14.296605,-0.738086798282203,1.375732410069121,-0.3398624052554852,0.3034827486490623,-0.893097565643691,2.9475538043983858,2
120.9308472,14.4100263,-0.4793908047934987,-0.4188398693854225,-0.159711136295187,-0.4716307484296622,0.8903687891005576,2.629951817445041,0
121.0361144,14.2174433,-0.2674385011627534,2.653243713863972,-1.1566309367543786,-1.042490918071028,-0.4889997866881049,-0.4438110750917308,2
121.0428142,14.3197144,-0.4793908047934987,1.2181886855894164,-0.7965491415347807,-0.7888237225568205,-2.574869629881509,-0.5584473122276429,2
121.0428142,14.3197144,-0.6670970494483027,1.2181886855894164,-0.844733370177849,-0.7452064880923189,-2.7364988775692574,-0.3671916077411055,2
120.866631,14.400861,-0.0956286792802554,0.3808400042201287,-0.0920872915800874,0.0647771707875735,-0.7656989667247192,2.318083303914275,2
121.0637127,14.3179626,-0.577017320405236,1.414295943931989,-0.2984405170083744,0.0382013284807966,-2.239121302273459,-0.5351632782801524,2
120.9504706,14.3957206,-0.5453550972473558,-0.3015847449272645,-1.1930504239604771,-1.3531096129383573,-0.5628227838269634,0.0973037574693548,0
121.0361144,14.2174433,-0.305350845036098,2.653243713863972,-1.1844445971906212,-1.0173134900468035,-0.5822979703127403,-0.3334114407946241,2
120.981767,14.36958,-0.7612802321811902,0.1370091389845888,-0.9507543335870358,-0.9276309173568807,-0.1465326826406496,1.0051003747753626,0
120.981771,14.382335,-0.7612802321811902,-0.0562623925617685,0.1434026676003631,1.7857447883678783,0.7985513113177988,1.5010923327216028,0
120.9087208,14.436219,-0.1225687448090789,-0.4507751887873931,-2.5212693229713974,-0.8293102357089693,0.2847599102632969,-0.1766885300652804,0
121.0003387,14.3970876,0.2884902682929725,-0.1533580378752126,-0.8550951188523205,-1.3505064598912389,0.3879907495993243,-0.0851934669830959,0
121.0003387,14.3970876,-0.6592291230256463,-0.1533580378752126,-0.8398171926972012,-1.364336314721447,0.4392390476466592,-0.1458355196251687,0
121.0361144,14.2174433,-0.4169469442962253,2.653243713863972,-1.1942381395977488,-1.008448198488978,-0.6151494434200063,-0.2945383301266288,2
121.0428142,14.3197144,-0.6600319726606112,1.2181886855894164,-0.829847185719015,-0.7586817312602138,-2.6865646384462134,-0.4262787359564584,2
121.0428142,14.3197144,-0.6918069771022238,1.2181886855894164,-0.844733370177849,-0.7452064880923189,-2.7364988775692574,-0.3671916077411055,2
121.0428142,14.3197144,-0.6502193660110397,1.2181886855894164,-0.8212288684007425,-0.7664831878311001,-2.6576553421118194,-0.4604870733442944,2
121.0428142,14.3197144,-0.628364014836994,1.2181886855894164,-0.8020335252827723,-0.7838591592844383,-2.593266454821578,-0.5366783702535655,2
121.0361144,14.2174433,-0.4588735363443946,2.653243713863972,-1.201681231827166,-1.0017105769050303,-0.6401165629815284,-0.2649947660189523,2
121.0428142,14.3197144,-0.6515574487359812,1.2181886855894164,-0.8224040934895979,-0.7654193528441612,-2.661597518884691,-0.455822300064135,2
120.866631,14.400861,-0.4642258672441609,0.3808400042201287,-0.116375276749764,0.0867630938509808,-0.8471706200307387,2.414488618370904,2
121.0428142,14.3197144,-0.6902369600382924,1.2181886855894164,-0.8431664033927085,-0.7466249347415709,-2.731242641872095,-0.3734113054479848,2
120.9909738,14.3824796,-0.2784999850222704,-0.0137088621678177,-1.0626267479581857,-0.8421255625209259,-0.2150467463261786,-0.0494048016722059,0
121.0428142,14.3197144,-0.4972319077927197,1.2181886855894164,-0.7612923888691211,-0.8207387721649926,-2.4566043266953512,-0.6983905106324263,2
120.918211,14.2814,-0.7470073497818135,1.5484315293774464,-0.8471634740864192,-1.3188382497510294,-1.371398038050229,0.0866374253464124,2
120.9622969,14.4204905,-0.4865272459931871,-0.6979157982446151,-0.6153964791033893,0.744194471534235,0.2868259695858171,1.5231393424234123,0
121.0428142,14.3197144,-0.6401391428164798,1.2181886855894164,-0.8357233111632916,-0.7533625563255183,-2.706275522310573,-0.4029548695556613,2
120.8777587,14.4378995,-0.7563091656525174,-0.0149099273650783,-2.034403091245974,-1.09709004920302,0.0104701788976799,0.0530204923106136,0
120.918211,14.2814,-0.7758028900225562,1.5484315293774464,-0.9137595624548874,-1.2585542671578154,-1.5947880551796376,0.3509745778887807,2
120.9504706,14.3957206,-0.5685963197896037,-0.3015847449272645,-1.191091715479052,-1.3548826712499222,-0.5562524892055102,0.0895291353357557,0
120.9909738,14.3824796,-0.4868840680531716,-0.0137088621678177,-1.0685028734024624,-0.8368063875862306,-0.2347576301905382,-0.0260809352714087,0
120.961453,14.123215,-0.720245695282982,3.952646773377657,-2.1502464093284748,0.6801487791307467,1.3619754447099763,2.252030414834748,2
120.918211,14.2814,-0.7539207771940116,1.5484315293774464,-0.8373699316792914,-1.3277035413088547,-1.338546564942963,0.0477643146784169,2
120.937451,14.3805,-0.720245695282982,-0.0274937412361139,0.3426559181513152,0.0841415166037592,0.9809518511181884,1.1290228293246378,0
121.0361144,14.2174433,-0.3314880609299568,2.653243713863972,-1.1644657706800807,-1.0353986848247676,-0.5152809651739177,-0.4127125865573345,2
120.973868,14.127131,-0.6221196287872666,3.895768238635193,-2.740598695046747,-0.7509579720217073,0.8358700968814313,-0.2838752980897858,2
120.866631,14.400861,-0.4708003136993738,0.3808400042201287,-0.1543742212894195,0.121160425095344,-0.9746343356869308,2.565316287762726,2
120.8439671,14.405604,-0.7755531145805671,0.6467996168912087,-0.3351456480620199,-2.1635074190360672,-0.6744923402577075,-0.4336635388966952,2
120.918211,14.2814,-0.7731299359712128,1.5484315293774464,-0.8879046105000704,-1.281958636870475,-1.5080601661764554,0.248349565725273,2
120.918211,14.2814,-0.775508511823069,1.5484315293774464,-0.9235531048620153,-1.2496889755999898,-1.6276395282869036,0.389847688556776,2
120.918211,14.2814,-0.772760981961189,1.5484315293774464,-0.9125843373660322,-1.2596181021447546,-1.5908458784067656,0.3463098046086212,2
120.8818388,14.4464724,-0.6533415590359033,-0.1047252502435907,-2.2699066731524016,-1.1813507692846814,-0.2641917006244483,-0.0648091498258473,0
120.95476,14.119975,-0.5685963197896037,4.003825391356309,-2.1210137539609586,1.387937828074522,1.4791160053787409,2.1611054029844228,2
121.0428142,14.3197144,-0.6156968317075471,1.2181886855894164,-0.851784720710981,-0.7388234781706845,-2.760151938206489,-0.3392029680601489,2
121.0361144,14.2174433,-0.4437085987950568,2.653243713863972,-1.1997225233457405,-1.0034836352165957,-0.6335462683600752,-0.2727693881525513,2
121.0361144,14.2174433,-0.4168755798842284,2.653243713863972,-1.176218021568634,-1.024760334955377,-0.5547027329026369,-0.36606485375574,2
120.8584183,14.4089168,-0.7077569231835273,0.4262697773920936,-2.1197752639919853,1.069796886483176,0.7143068902511356,1.5085292191609043,0
121.0361144,14.2174433,-0.4667057805610526,2.653243713863972,-1.1707336378206423,-1.0297248982277594,-0.536305907962568,-0.3878337957298174,2
121.0361144,14.2174433,-0.298482020381398,2.653243713863972,-1.1679914459466465,-1.0322071798639505,-0.5271074954925336,-0.3987182667168562,2
121.0428142,14.3197144,-0.6599427671456151,1.2181886855894164,-0.7988995917124914,-0.7866960525829424,-2.582753983427253,-0.549117765667324,2
120.9171206,14.4479637,-0.4502206013897724,-0.6354316398648234,-1.9630744140044276,-0.3192745098980299,0.958536393526313,0.8494523636777122,0
121.0361144,14.2174433,-0.3256004969402138,2.653243713863972,-1.16211532050237,-1.0375263547986455,-0.5073966116281738,-0.4220421331176534,2
121.0428142,14.3197144,-0.5685963197896037,1.2181886855894164,-0.8180949348304617,-0.7693200811296045,-2.647142870717494,-0.4729264687580529,2
121.0428142,14.3197144,-0.5162148413838908,1.2181886855894164,-0.7581584552988402,-0.8235756654634967,-2.4460918553010265,-0.7108299060461848,2
120.973868,14.127131,-0.7298798909025613,3.895768238635193,-2.7848655067269643,-0.7108868541803358,0.6873814384365892,-0.1081688378704468,2
120.9576041,14.38126685,-0.5150730107919407,-0.0849439435406866,-1.102471770042866,-1.1703708426695374,-0.5301469569550712,-0.0481359848389619,0
120.9576041,14.38126685,-0.4972319077927197,-0.0849439435406866,-1.122058854857121,-1.1526402595538865,-0.5958499031696032,0.0296102364970287,0
120.928207,14.3894762,-0.3477234646592479,-0.1129715137302284,-1.1429074868359836,-1.398499905714424,-0.3946232415177617,-0.1017265691507813,0
120.866631,14.400861,-0.3241732087002762,0.3808400042201287,-0.1246018523717513,0.0942099387595543,-0.8747658574408421,2.44714203133202,2
120.93635,14.357185,-0.6242605611471731,0.3307202752561997,1.3223406375990585,-0.3928724911903009,0.0869032981604769,-0.2630300625070339,1
120.975627,14.19658,-0.755927901281424,2.811713523207531,-1.435539801631568,-1.4033832408023883,-0.7173784265478952,-0.4257831924652644,2
120.9842049,14.30086133,-0.7222438988188947,1.2006797951402803,0.7376752465516554,-1.940362063626447,-0.2549837872594925,-0.0682022546108756,2
120.9842049,14.30086133,-0.706525887076581,1.2006797951402803,0.7556953645807704,-1.9566742000928457,-0.1945370767421232,-0.1397287782399871,2
120.9826243,14.29251179,-0.7389788534321641,1.3266554174787444,0.97558241394766,-0.3764234991750642,-0.5609513158601926,0.0607388325449323,2
120.9576041,14.38126685,-0.4446006539450178,-0.0849439435406866,-1.102471770042866,-1.1703708426695374,-0.5301469569550712,-0.0481359848389619,0
121.0428142,14.3197144,-0.6881317098843842,1.2181886855894164,-0.829847185719015,-0.7586817312602138,-2.6865646384462134,-0.4262787359564584,2
121.0428142,14.3197144,-0.6813520907446803,1.2181886855894164,-0.8224040934895979,-0.7654193528441612,-2.661597518884691,-0.455822300064135,2
121.0428142,14.3197144,-0.5907192875086377,1.2181886855894164,-0.7887143076090786,-0.7959159558030812,-2.548588451395696,-0.5895458007620392,2
121.0428142,14.3197144,-0.6609061867075731,1.2181886855894164,-0.8353315694670064,-0.7537171679878315,-2.704961463386282,-0.4045097939823811,2
120.8462622,14.4060169,-0.7648484527810345,0.6124557121647275,-0.3743198176905308,-2.128046252804765,-0.8058982326867713,-0.2781710962247138,2
120.8628005,14.2881542,-0.7826895557802555,1.7523447791012223,-1.9339760119326797,-0.0135096891842316,1.427575834382922,1.5338857809969828,0
120.9377895,14.40971334,-0.6554824913958098,-0.4616554158760693,-0.2147545716832105,0.0749493596140698,0.407558660834387,2.4381003398093464,0
120.9842049,14.30086133,-0.7224936742608838,1.2006797951402803,0.7372835048553703,-1.9400074519641335,-0.2562978461837832,-0.0666473301841558,2
120.9842049,14.30086133,-0.6996035391128833,1.2006797951402803,0.7744989660024556,-1.973695559883871,-0.1314622483761725,-0.2143651507225381,2
120.93048,14.40656,-0.7103438831184143,-0.3686664466069428,-0.2081079413961673,-0.5021817904169509,0.8568543954448001,2.5589001784961707,0
121.0306046,14.319066,-0.5868834503638052,1.139289604444634,-0.5431891223731848,-0.9993425403990632,-2.007589553637869,-0.5337973010190197,2
121.0428142,14.3197144,-0.5692385994975756,1.2181886855894164,-0.771869414668819,-0.8111642572825409,-2.492083917651198,-0.6564075511109912,2
120.942726,14.112885,-0.664938275985397,4.120436861536733,-3.0168434133668263,-0.7983390792228146,0.4245460892330766,-0.2399927998473861,2
120.886854,14.290812,-0.7733194084850646,1.554630475949075,-2.723444987156859,-1.001942312120554,0.5697471198769833,-0.2340238523111807,0
120.8768284,14.432646,-0.7563091656525174,0.0224351579505168,-1.4747503877185648,-0.0447483258768808,0.6400475860404203,1.38244078535219,0
120.9842049,14.30086133,-0.7260975770667265,1.2006797951402803,0.7314073794110937,-1.9346882770294385,-0.2760087300481428,-0.0433234637833587,2
120.951556,14.135545,-0.770379194710793,3.7611858760974526,-1.389580372248139,-1.5760632348941008,0.3494087862984785,1.2955617283645595,2
120.9746966,14.421726,-0.2682413507977184,-0.6760774456032125,-0.8733042628125661,-1.480610552958078,0.4498791027451901,0.9162264671227944,0
120.9842049,14.30086133,-0.7123777688603256,1.2006797951402803,0.7537366560993448,-1.9549011417812807,-0.2011073713635764,-0.131954156106388,2
120.93635,14.357185,-0.647097172986176,0.3307202752561997,1.2960939439479562,-0.3691135098153285,-0.0011386497669958,-0.1588501259168063,1
120.9598006,14.4478257,-0.72258287977588,-1.1268956593956132,-0.3248627641561919,0.4834762151222542,0.4097496468051029,0.2988051729488722,0
121.0428142,14.3197144,-0.4936636871928755,1.2181886855894164,-0.7965491415347807,-0.7888237225568205,-2.574869629881509,-0.5584473122276429,2
120.8462622,14.4060169,-0.7743042373706216,0.6124557121647275,-0.4158444374967521,-2.090457416599585,-0.9451884786615792,-0.1133491069924135,2
121.0306046,14.319066,-0.6756429377849296,1.139289604444634,-0.6176200446673553,-0.9319663245595888,-2.2572607492530903,-0.2383616599422549,2
120.9842049,14.30086133,-0.7282741916326315,1.2006797951402803,0.7278817041445277,-1.9314967720686211,-0.2878352603667585,-0.0293291439428804,2
121.0361144,14.2174433,-0.2612833206280222,2.653243713863972,-1.1683831876429318,-1.0318525682016375,-0.5284215544168243,-0.3971633422901364,2
121.0361144,14.2174433,-0.3422819282444855,2.653243713863972,-1.168774929339217,-1.0314979565393243,-0.5297356133411149,-0.3956084178634166,2
120.893418,14.387925,-0.5061524592923302,0.1994549269413786,-0.5983041454297123,-0.7477795274977588,-1.4847946783684471,1.196566836945524,2
121.0361144,14.2174433,-0.3795519924098581,2.653243713863972,-1.2157839328934297,-0.9889445570617618,-0.6874226842559913,-0.2090174866570389,2
120.9943658,14.3810075,-0.265297568802847,0.0273082356902238,-0.862413540633468,-1.174546182336398,0.2945289723667291,0.9094276697776116,0
121.0361144,14.2174433,-0.4437085987950568,2.653243713863972,-1.2040316820048764,-0.9995829069311524,-0.6480009165272722,-0.2556652194586334,2
120.95476,14.119975,-0.6977659055039636,4.003825391356309,-2.191527259292278,1.451767927290866,1.242585399006426,2.440991799793989,2
121.0428142,14.3197144,-0.5150730107919407,1.2181886855894164,-0.7624676139579764,-0.8196749371780534,-2.4605465034682235,-0.6937257373522668,2
121.0361144,14.2174433,-0.2852082397499776,2.653243713863972,-1.1566309367543786,-1.042490918071028,-0.4889997866881049,-0.4438110750917308,2
120.934575,14.3911253,-0.7133075044198209,-0.1729030035577184,-0.14133142179865,0.111264586538944,0.3059567898546488,0.0298686199609369,0
121.0428142,14.3197144,-0.4586951253144024,1.2181886855894164,-0.7656015475282573,-0.8168380438795493,-2.471058974862548,-0.6812863419385083,2
120.97934,14.124231,-0.7184615849830599,3.945197091366981,-3.0544506162101963,-0.7642963596407645,0.2983964325011753,-0.090720054882284,2
121.0428142,14.3197144,-0.6881317098843842,1.2181886855894164,-0.8357233111632916,-0.7533625563255183,-2.706275522310573,-0.4029548695556613,2
120.9427151,14.3962166,-0.6756429377849296,-0.2858405946141877,0.3346432761201365,1.267119879988824,0.7317261840693987,1.307853354390086,0
121.0361144,14.2174433,-0.4936636871928755,2.653243713863972,-1.2169591579822852,-0.9878807220748228,-0.6913648610288632,-0.2043527133768795,2
121.05775,14.3129599,-0.6560177244857864,1.4276307699738098,0.6164813218423894,1.1940752476085756,-1.117375537752037,1.9776414338703543,2
120.866631,14.400861,-0.018983300795602,0.3808400042201287,-0.0889533580098064,0.0619402774890693,-0.7551864953303941,2.305643908500517,2
120.96127,14.21598,-0.6321106464668304,2.501088721665741,-0.7281254092703544,1.088339297432492,-0.4913560744267252,-0.3666767877100038,2
120.91702,14.4479,-0.4330039369955241,-0.6336860610595041,-1.9807027903372572,-0.3033169850939439,0.8994037419332344,0.9194239628801036,0
121.0428142,14.3197144,-0.5042613023744128,1.2181886855894164,-0.7820546987722318,-0.8019443540624024,-2.5262494496827554,-0.6159795160162761,2
121.0361144,14.2174433,-0.4374642127453294,2.653243713863972,-1.2067738738788722,-0.9971006252949614,-0.6571993289973066,-0.2447807484715947,2
120.95476,14.119975,-0.6881317098843842,4.003825391356309,-2.18016675010001,1.4414841890837884,1.2806931078108543,2.3958989914191147,2
120.866631,14.400861,-0.1716317780569368,0.3808400042201287,-0.079943298995249,0.0537842092558698,-0.7249631400717095,2.2698806466859613,2
121.0428142,14.3197144,-0.5953579742884352,1.2181886855894164,-0.7887143076090786,-0.7959159558030812,-2.548588451395696,-0.5895458007620392,2
120.902028,14.305,-0.7612802321811902,1.2633194769358644,-1.118784650749272,-1.3842880340942696,-1.8056536370421992,0.3039555234334081,2
121.044654,14.3218714,-0.5907192875086377,1.2033777713311171,-0.9037690753122962,-1.1329866419631411,-2.482592761455541,-0.4896809693641604,2
121.0446877,14.32191671,-0.6784618320588065,1.203035035480542,-0.9464689202073728,-1.0943339707710218,-2.625825184203221,-0.3201942068517006,2
121.0428142,14.3197144,-0.6249920463701412,1.2181886855894164,-0.8302389274153,-0.7583271195979008,-2.687878697370504,-0.4247238115297386,2
121.006989,14.37357768,0.0915244911815725,0.215764365983944,-0.8105962114641404,0.052057631681127,0.1195668742128567,1.3198427732598146,0
121.0361144,14.2174433,-0.3668134448684144,2.653243713863972,-1.1785684717463445,-1.022632664981499,-0.5625870864483808,-0.3567353071954212,2
121.0428142,14.3197144,-0.5317366009932131,1.2181886855894164,-0.7628593556542614,-0.8193203255157404,-2.461860562392514,-0.692170812925547,2
121.0361144,14.2174433,-0.4429771135720887,2.653243713863972,-1.191495947723753,-1.010930480125169,-0.6059510309499718,-0.3054228011136674,2
121.0428142,14.3197144,-0.5204253416917071,1.2181886855894164,-0.786755599127653,-0.7976890141146461,-2.542018156774243,-0.5973204228956382,2
121.0428142,14.3197144,-0.5436187755906943,1.2181886855894164,-0.7965491415347807,-0.7888237225568205,-2.574869629881509,-0.5584473122276429,2
121.0446877,14.32191671,-0.6780693277928236,1.203035035480542,-0.9460771785110876,-1.0946885824333348,-2.6245111252789304,-0.3217491312784205,2
120.9308472,14.4100263,-0.5257776725914733,-0.4188398693854225,-0.1565772027249061,-0.4744676417281664,0.9008812604948828,2.6175124220312824,0
120.904361,14.296605,-0.755927901281424,1.375732410069121,-0.2716993501018764,0.2417803194065964,-0.6644513128171199,2.676996954149138,2
121.0428142,14.3197144,-0.5868834503638052,1.2181886855894164,-0.7656015475282573,-0.8168380438795493,-2.471058974862548,-0.6812863419385083,2
120.973486,14.302195,-0.720245695282982,1.1608409958418602,0.8450214347113313,-1.786684932031464,-0.204503725078206,-0.0884090543029107,2
121.0361144,14.2174433,-0.4198015207761006,2.653243713863972,-1.1997225233457405,-1.0034836352165957,-0.6335462683600752,-0.2727693881525513,2
120.942726,14.112885,-0.619889490912364,4.120436861536733,-3.018802121848252,-0.7965660209112494,0.4179757946116234,-0.232218177713787,2
121.0428142,14.3197144,-0.6078467463878898,1.2181886855894164,-0.8357233111632916,-0.7533625563255183,-2.706275522310573,-0.4029548695556613,2
121.0428142,14.3197144,-0.5864374227888246,1.2181886855894164,-0.8063426839419084,-0.779958430998995,-2.607721102988775,-0.5195742015596475,2
121.0361144,14.2174433,-0.3652077455984844,2.653243713863972,-1.1605483537172296,-1.038944801447898,-0.5021403759310114,-0.4282618308245326,2
121.0361144,14.2174433,-0.4472768193949009,2.653243713863972,-1.2106912908417231,-0.9935545086718311,-0.670339918240213,-0.2292315042043965,2
120.961453,14.123215,-0.6734127999100269,3.952646773377657,-2.1561225347727517,0.6854679540654419,1.3422645608456167,2.275354281235545,2
120.9909738,14.3824796,-0.4164830756182455,-0.0137088621678177,-1.0775129324170198,-0.828650319353031,-0.264980985449223,0.0096823265431469,0
121.0076045,14.2841434,-0.5048143765673887,1.529843117991076,0.0389948623234097,0.7503052994801717,-1.8524025843712693,-0.3701346647183124,2
120.9203,14.27422,-0.7539207771940116,1.651457278554445,-1.049054628810523,-1.4474089099859877,-1.5717511485184654,0.0271789754772811,2
120.942726,14.112885,-0.566366181914701,4.120436861536733,-3.018802121848252,-0.7965660209112494,0.4179757946116234,-0.232218177713787,2
121.0428142,14.3197144,-0.6613700553855528,1.2181886855894164,-0.8357233111632916,-0.7533625563255183,-2.706275522310573,-0.4029548695556613,2
120.9861742493,14.124292102018,-0.7363026879822809,3.9512074074716015,-2.9402948036082206,-0.5794761422584762,0.4125572612652368,-0.1238295149510301,2
120.95476,14.119975,-0.6787615625891934,4.003825391356309,-2.19857860982541,1.4581509372125006,1.2189323383691946,2.468980439474946,2
120.88385,14.41233,-0.6007103051882015,0.0628798990846409,-1.046883343871185,-1.3750136918457625,-1.6932957079290034,0.2817116967790895,2
121.0428142,14.3197144,-0.6179626517884481,1.2181886855894164,-0.804775717156768,-0.7813768776482471,-2.602464867291612,-0.5257938992665268,2
121.0428142,14.3197144,-0.6020662290161423,1.2181886855894164,-0.7918482411793595,-0.7930790625045768,-2.559100922790021,-0.5771064053482806,2
121.0428142,14.3197144,-0.6801032135347348,1.2181886855894164,-0.851784720710981,-0.7388234781706845,-2.760151938206489,-0.3392029680601489,2
121.0361144,14.2174433,-0.4437085987950568,2.653243713863972,-1.1558474533618082,-1.0432001413956542,-0.4863716688395236,-0.4469209239451704,2
121.0428142,14.3197144,-0.5736453519383832,1.2181886855894164,-0.7687354810985381,-0.8140011505810453,-2.481571446256873,-0.6688469465247497,2
121.0428142,14.3197144,-0.6057058140279833,1.2181886855894164,-0.7887143076090786,-0.7959159558030812,-2.548588451395696,-0.5895458007620392,2
121.0428142,14.3197144,-0.5659379954427197,1.2181886855894164,-0.7624676139579764,-0.8196749371780534,-2.4605465034682235,-0.6937257373522668,2
121.0428142,14.3197144,-0.577499030186215,1.2181886855894164,-0.771869414668819,-0.8111642572825409,-2.492083917651198,-0.6564075511109912,2
120.973868,14.127131,-0.7189611358670381,3.895768238635193,-2.8146378756446326,-0.6839363678445461,0.5875129601905007,0.010005418560259,2
120.973868,14.127131,-0.6924135746041973,3.895768238635193,-2.796617757615518,-0.7002485043109451,0.64795967070787,-0.0615211050688524,2
120.962827394,14.2318731889,-0.7713069320667525,2.252634070495795,-1.2519741845571128,-0.9934917681755904,-0.849657870160564,-0.0794954942763419,2
120.9909738,14.3824796,-0.0512043328121953,-0.0137088621678177,-1.0688946150987475,-0.8364517759239175,-0.2360716891148289,-0.0245260108446888,0
120.9087208,14.436219,-0.4457068023309695,-0.4507751887873931,-2.527537190111959,-0.8236364491119611,0.2637349674746467,-0.1518097392377633,0
120.9424136,14.3894676,-0.6832967709715954,-0.1822951703284985,-0.0273256248021272,0.2589133198746056,0.3787758537488763,-0.016771894985335,0
120.9233328,14.3750128,-0.7402634128481079,0.1243371417034587,-1.1118253616884333,-1.0363524534189184,-0.6110712207893912,0.0744808311767326,2
120.936807,14.409725,-0.6470436496771783,-0.4557985625957442,-0.2147545716832105,0.0749493596140698,0.407558660834387,2.4381003398093464,0
120.9842049,14.30086133,-0.6488812832860981,1.2006797951402803,0.8062300434015494,-2.0024191045312256,-0.0250234755086308,-0.3403140292868431,2
120.93635,14.357185,-0.6991039882289052,0.3307202752561997,1.2667133167265732,-0.3425176351418518,-0.0996930690887936,-0.0422307939128203,1
120.93635,14.357185,-0.7063296349435897,0.3307202752561997,1.2667133167265732,-0.3425176351418518,-0.0996930690887936,-0.0422307939128203,1
120.9909738,14.3824796,-0.0155221268137532,-0.0137088621678177,-1.059492814387905,-0.8449624558194301,-0.2045342749318535,-0.0618441970859644,0
120.98056,14.37148,-0.664046220835436,0.1038599943372609,-0.8584050998039282,-0.9229830443542736,0.0728566089707622,0.7099057849663799,0
120.851162,14.38224,-0.5097843904709847,0.7405278922709069,-0.0797170478164653,-2.1833931840081946,-0.3772935444006156,0.9891604043544752,2
121.0428142,14.3197144,-0.3634236352985623,1.2181886855894164,-0.6676661234569804,-0.905490959457805,-2.142544243789889,-1.0700174486184617,2
121.0637127,14.3179626,-0.4340565620724782,1.414295943931989,-0.1460529971534675,-0.099742608158969,-1.7279523807244006,-1.14002888027416,2
121.0428142,14.3197144,-0.3157878902906423,1.2181886855894164,-0.6731505072049718,-0.9005263961854225,-2.160941068729958,-1.0482485066443843,2
121.0428142,14.3197144,-0.3723441867981729,1.2181886855894164,-0.7182008022777593,-0.8597460550194249,-2.3120578450233813,-0.8694321975716058,2
121.0361144,14.2174433,-0.3482586977492245,2.653243713863972,-1.1531052614878126,-1.045682423031845,-0.4771732563694891,-0.4578053949322092,2
120.905811,14.4449237,-0.1638708982522757,-0.4565302755211866,-1.6840912894747933,-1.164473280359971,1.9737685859115823,1.3737073089794551,0
121.0003387,14.3970876,0.317036033091726,-0.1533580378752126,-0.8233640414532267,-1.3792300045385937,0.494429522466866,-0.2111423455474009,0
121.0428142,14.3197144,-0.5314689844482248,1.2181886855894164,-0.7499318796768529,-0.8310225103720701,-2.418496617890923,-0.7434833190073009,2
120.87632274276,14.403580525928,-0.5061524592923302,0.2342529392815217,-1.082565249452669,-1.491435195141171,-1.5553313030511786,-0.1029597916869419,2
120.9677447,14.3830634,-0.20499464066548,-0.107289272983373,-0.5991626218962585,-1.1054504469299862,0.2563585468372993,-0.2038427714191921,0
121.0428142,14.3197144,-0.0249779114033403,1.2181886855894164,-0.5748233414374099,-0.9895339234259912,-1.831112278733008,-1.4385345377510574,2
121.0428142,14.3197144,-0.393753510397238,1.2181886855894164,-0.7182008022777593,-0.8597460550194249,-2.3120578450233813,-0.8694321975716058,2
121.0428142,14.3197144,-0.1277426646788532,1.2181886855894164,-0.6249662785619036,-0.9441436306499243,-1.9993118210422092,-1.2395042111309214,2
121.0428142,14.3197144,-0.1306864466737246,1.2181886855894164,-0.6782431492566783,-0.8959164445753532,-2.178023834745736,-1.0280344890970263,2
121.0361144,14.2174433,-0.4025313330728547,2.653243713863972,-1.1531052614878126,-1.045682423031845,-0.4771732563694891,-0.4578053949322092,2
121.0361144,14.2174433,-0.2851011931319822,2.653243713863972,-1.100220132489323,-1.0935549974441032,-0.299775301590253,-0.6677201925393842,2
120.95974,14.1227,-0.6247957942371498,3.960640831468579,-1.881903347373176,0.4372397904463263,2.262105807849064,1.1869071825316757,2
121.0361144,14.2174433,-0.3822459989627405,2.653243713863972,-1.147620877739821,-1.0506469863042276,-0.4587764314294203,-0.4795743369062867,2
121.0361144,14.2174433,-0.2396063804839687,2.653243713863972,-1.1464456526509657,-1.0517108212911668,-0.4548342546565484,-0.484239110186446,2
121.0361144,14.2174433,-0.3161447123506267,2.653243713863972,-1.1390025604215486,-1.0584484428751142,-0.4298671350950262,-0.5137826742941225,2
121.0361144,14.2174433,-0.28492278210199,2.653243713863972,-1.12529160105157,-1.0708598510560698,-0.3838750727448539,-0.568205029229316,2
121.0361144,14.2174433,0.0258692321444395,2.653243713863972,-1.0492937119722592,-1.1396545135447962,-0.1289476414324701,-0.8698603680129602,2
121.0361144,14.2174433,-0.5674544891976535,2.653243713863972,-1.129209018014421,-1.0673137344329398,-0.3970156619877603,-0.5526557849621179,2
121.0428142,14.3197144,-0.4213715378400321,1.2181886855894164,-0.7550245217285594,-0.8264125587620008,-2.4355793839067013,-0.7232693014599433,2
121.0361144,14.2174433,-0.2260471422045608,2.653243713863972,-1.0994366490967529,-1.0942642207687292,-0.2971471837416717,-0.6708300413928239,2
121.0361144,14.2174433,0.0849232830718609,2.653243713863972,-1.073973438838221,-1.1173139788190758,-0.2117333536627803,-0.7719001291296118,2
120.866631,14.400861,-0.1135589877944725,0.3808400042201287,-0.0368517124038871,0.0147769264014374,-0.5804166583997392,2.098838959746782,2
121.0428142,14.3197144,-0.42096119247105,1.2181886855894164,-0.7550245217285594,-0.8264125587620008,-2.4355793839067013,-0.7232693014599433,2
121.0428142,14.3197144,-0.5008714928045608,1.2181886855894164,-0.7001806842486443,-0.876058191485824,-2.251611134506012,-0.9409587212007172,2
121.0361144,14.2174433,-0.0049958760442128,2.653243713863972,-1.1021788409707485,-1.091781939132538,-0.3063455962117062,-0.6599455704057852,2
121.0637127,14.3179626,-0.1218551006891102,1.414295943931989,-0.0622202741484545,-0.1756295038939558,-1.446743770926204,-1.4727827075922004,2
121.0428142,14.3197144,-0.5723072692134417,1.2181886855894164,-0.7444474959288615,-0.8359870736444523,-2.400099792950854,-0.7652522609813783,2
121.0428142,14.3197144,-0.4883113562931092,1.2181886855894164,-0.6790266326492485,-0.8952072212507273,-2.1806519525943173,-1.024924640243587,2
121.0428142,14.3197144,-0.281854112386124,1.2181886855894164,-0.7056650679966358,-0.8710936282134417,-2.270007959446081,-0.9191897792266398,2
121.0361144,14.2174433,-0.3901852897973937,2.653243713863972,-1.0696642801790848,-1.1212147071045189,-0.1972787054955833,-0.7890042978235297,2
121.0361144,14.2174433,-0.2470996437436415,2.653243713863972,-1.130775984799561,-1.0658952877836876,-0.4022718976849228,-0.5464360872552386,2
120.97934,14.124231,-0.5376776882919537,3.945197091366981,-2.845260550393949,-0.9536589873159186,1.000103898072376,-0.9210496987506646,2
121.0428142,14.3197144,-0.5047965354643894,1.2181886855894164,-0.7503236213731381,-0.8306678987097571,-2.4198106768152137,-0.741928394580581,2
121.0361144,14.2174433,0.0485631151594485,2.653243713863972,-1.092777040259906,-1.1002926190280506,-0.2748081820287309,-0.6972637566470606,2
120.866631,14.400861,0.0093840529731592,0.3808400042201287,-0.0360682290113169,0.0140677030768113,-0.5777885405511579,2.095729110893342,2
121.0003387,14.3970876,0.7054368453847667,-0.1533580378752126,-0.770087170758452,-1.4274571906131646,0.673141536170393,-0.4226120675812956,0
120.866631,14.400861,-0.0900087318355008,0.3808400042201287,-0.0560470555218574,0.0321528978547754,-0.6448055456899804,2.1750302566560524,2
121.0361144,14.2174433,-0.096163912370232,2.653243713863972,-1.130775984799561,-1.0658952877836876,-0.4022718976849228,-0.5464360872552386,2
120.942726,14.112885,-0.4347880472954463,4.120436861536733,-2.936536365628379,-0.8710344699969842,0.6939281687126575,-0.5587523073249481,2
121.0361144,14.2174433,-0.0972343785501853,2.653243713863972,-1.0943440070450463,-1.0988741723787985,-0.2800644177258934,-0.6910440589401815,2
121.0361144,14.2174433,-0.3509348631991076,2.653243713863972,-1.1542804865766678,-1.044618588044906,-0.4811154331423611,-0.4531406216520497,2
120.9909738,14.3824796,-0.5864374227888246,-0.0137088621678177,-0.8894769182001682,-0.9988639172632816,0.3657672982102833,-0.7366813982823636,0
121.0361144,14.2174433,-0.1967877332858384,2.653243713863972,-1.130775984799561,-1.0658952877836876,-0.4022718976849228,-0.5464360872552386,2
120.9943658,14.3810075,0.5495056051715753,0.0273082356902238,-0.7672203084361869,-1.2607168162784623,0.6138452909693544,0.5315810340846965,0
120.927049,14.35111,-0.7465220717802347,0.4582836319869864,0.8619829320375052,-1.913452914030191,0.1508863405243981,-0.6679093610718715,1
120.866631,14.400861,0.0825294530769404,0.3808400042201287,-0.0560470555218574,0.0321528978547754,-0.6448055456899804,2.1750302566560524,2
120.9661056,14.1189304,-0.3455825322993414,4.020510000010336,-1.9678093394939424,1.3979758326760243,1.7353692777881078,2.07929956343451,2
121.0361144,14.2174433,-0.2867068924019121,2.653243713863972,-1.100220132489323,-1.0935549974441032,-0.299775301590253,-0.6677201925393842,2
121.0361144,14.2174433,-0.1154323036093907,2.653243713863972,-1.1010036158818932,-1.0928457741194773,-0.3024034194388343,-0.6646103436859446,2
120.983519,14.21333,-0.6631541656854749,2.559520002747073,-1.010699412655963,-1.3510789070684328,0.1812873621903695,-1.1657781116252883,2
120.866631,14.400861,0.5628993672206655,0.3808400042201287,0.0544241028305428,-0.0678475909174967,-0.2742409290400205,1.736541568321065,2
120.8692158,14.4280788,-0.755927901281424,0.1554933029698374,-2.17778940108765,-0.8340039400098133,1.1391842924216966,0.6850446390112132,0
121.0361144,14.2174433,0.1167696519254703,2.653243713863972,-1.041850619742842,-1.1463921351287436,-0.103980521870948,-0.8994039321206366,2
120.973486,14.302195,1.8800772257504768,1.1608409958418602,1.09416915354866,-2.012217949262546,0.6312377507706399,-1.0773409896967123,1
120.973486,14.302195,1.1602065608349097,1.1608409958418602,0.9934915376033872,-1.9210827520480995,0.2935246072279459,-0.6777254120297204,2
120.973486,14.302195,1.599971908662707,1.1608409958418602,1.0549949839201491,-1.976756783031244,0.499831858341576,-0.9218485470247312,1
120.8462622,14.4060169,-0.7209775016458041,0.6124557121647275,-0.15337750098573,-2.3280472303493096,-0.0647689993868515,-1.1551484728946888,2
120.9677447,14.3830634,-0.0704370418453554,-0.107289272983373,-0.5094537734469687,-1.1866565175996675,0.5572780404998555,-0.5599204651380297,0
120.904361,14.296605,-0.7386523612472783,1.375732410069121,-0.2242986048513784,0.1988723082667208,-0.5054501829779529,2.48885109851604,2
120.9029065,14.445935,-0.6465619398961994,-0.4176883598143021,-1.7793952915898088,-1.2408071481781775,1.8732957358621272,1.4174790263400692,0
121.0428142,14.3197144,-0.4527361969126626,1.2181886855894164,-0.7522823298545637,-0.828894840398192,-2.426380971436666,-0.734153772446982,2
120.973486,14.302195,1.8856793320922325,1.1608409958418602,1.09495263694123,-2.012927172587172,0.6338658686192212,-1.0804508385501523,1
121.0361144,14.2174433,-0.2121132407621692,2.653243713863972,-1.0512524204536846,-1.137881455233231,-0.1355179360539233,-0.8620857458793612,2
120.904361,14.296605,-0.7345185776823588,1.375732410069121,-0.2242986048513784,0.1988723082667208,-0.5054501829779529,2.48885109851604,2
121.0361144,14.2174433,-0.3621747580886169,2.653243713863972,-1.137827335332693,-1.0595122778620532,-0.4259249583221543,-0.518447447574282,2
121.0428142,14.3197144,-0.1218551006891102,1.2181886855894164,-0.5806994668816864,-0.984214748491296,-1.8508231625973677,-1.4152106713502604,2
121.0428142,14.3197144,-0.2750209699374224,1.2181886855894164,-0.6849027580935251,-0.889888046316032,-2.200362836458677,-1.00160077384279,2
121.0428142,14.3197144,-0.3062964234950568,1.2181886855894164,-0.6676661234569804,-0.905490959457805,-2.142544243789889,-1.0700174486184617,2
120.8840034,14.4275368,4.230660387000841,-0.0512705813744308,-1.4460317270163894,0.1082057575365403,0.9752828760034512,-0.8686569372324658,0
121.0361144,14.2174433,-0.2474564658036259,2.653243713863972,-1.1495795862212466,-1.0488739279926624,-0.4653467260508735,-0.4717997147726875,2
121.0361144,14.2174433,-0.1636032817072873,2.653243713863972,-1.151930036398957,-1.0467462580187843,-0.4732310795966173,-0.4624701682123686,2
121.0428142,14.3197144,-0.2098117384752697,1.2181886855894164,-0.651604713909291,-0.920030037612639,-2.088667827893973,-1.1337693501139738,2
121.0428142,14.3197144,-0.4490609296948231,1.2181886855894164,-0.7134999019223379,-0.8640013949671813,-2.2962891379318933,-0.8880912906922435,2
121.0428142,14.3197144,-0.461406972970284,1.2181886855894164,-0.7205512524554699,-0.8576183850455468,-2.319942198569125,-0.8601026510112869,2
120.9842049,14.30086133,-0.6169992322264902,1.2006797951402803,0.9088663678282476,-2.095327360057237,0.3192599626555162,-0.7477042290874345,2
120.9842049,14.30086133,-0.6469901263681807,1.2006797951402803,0.8477546632077707,-2.0400079407364062,0.1142667704661766,-0.5051360185191435,2
121.0003387,14.3970876,0.7054368453847667,-0.1533580378752126,-0.7403148018407838,-1.4544076769489542,0.7730100144164815,-0.5407863240120014,0
120.9661056,14.1189304,-0.3723441867981729,4.020510000010336,-1.936470003791133,1.3696068996909827,1.840493991731359,1.954905609296925,2
121.0361144,14.2174433,-0.2630139076189466,2.653243713863972,-1.1409612689029742,-1.056675384563549,-0.4364374297164794,-0.5060080521605235,2
120.954564,14.12818,-0.6881317098843842,3.8754942027153088,-2.523076882796917,-0.7458165237658813,1.2524623928543623,0.6568106400648572,2
120.9842049,14.30086133,-0.66372508098145,1.2006797951402803,0.8218997112529536,-2.016603571023747,0.0275388814629945,-0.4025110063556357,2
121.0003387,14.3970876,0.5495056051715753,-0.1533580378752126,-0.770087170758452,-1.4274571906131646,0.673141536170393,-0.4226120675812956,0
121.0428142,14.3197144,-0.5040115269324237,1.2181886855894164,-0.7362209203068741,-0.843433918553026,-2.3725045555407505,-0.7979056739424943,2
121.044654,14.3218714,-0.519533286541746,1.2033777713311171,-0.8626361972023598,-1.1702208665060083,-2.344616574405024,-0.6529480341697412,2
120.904361,14.296605,-0.7550358461314629,1.375732410069121,-0.2242986048513784,0.1988723082667208,-0.5054501829779529,2.48885109851604,2
120.866631,14.400861,0.0286346031093187,0.3808400042201287,0.0160334165946023,-0.0330956480108205,-0.403018703620503,1.888924162139607,2
120.8462622,14.4060169,-0.7557494902514318,0.6124557121647275,-0.3343621646694498,-2.164216642360693,-0.6718642224091264,-0.4367733877501349,2
120.866631,14.400861,-0.1061549300497958,0.3808400042201287,-0.0462535131147297,0.02328760629695,-0.6119540725827145,2.136157145988057,2
120.942726,14.112885,-0.6502564755052781,4.120436861536733,-2.8879603952890256,-0.915006316123799,0.8568714753246967,-0.751562936238205,2
120.9842049,14.30086133,-0.6625118859775029,1.2006797951402803,0.8348271872303622,-2.0283057558800763,0.0709028259645856,-0.4538235124373895,2
120.9842049,14.30086133,-0.6562496588247764,1.2006797951402803,0.845012471333775,-2.037525659100215,0.1050683579961422,-0.4942515475321047,2
120.9842049,14.30086133,-0.6446886240812811,1.2006797951402803,0.8638160727554601,-2.05454701889124,0.1681431863620929,-0.5688879200146559,2
120.942726,14.112885,-0.443887009825049,4.120436861536733,-2.926742823221252,-0.8798997615548098,0.7267796418199234,-0.5976254179929434,2
120.93635,14.357185,-0.3545030837989519,0.3307202752561997,1.408523810781782,-0.4708870568991658,0.3759962615044173,-0.605113436385393,1
120.904361,14.296605,-0.7122171989333326,1.375732410069121,-0.2242986048513784,0.1988723082667208,-0.5054501829779529,2.48885109851604,2
120.9943658,14.3810075,1.8800772257504768,0.0273082356902238,-0.6500895412469396,-1.366745703310056,1.0067489093322552,0.066658630495472,0
121.0428142,14.3197144,-0.428222521391733,1.2181886855894164,-0.7323035033440232,-0.846980035176156,-2.359363966297844,-0.8134549182096925,2
120.904361,14.296605,-0.7527611054990623,1.375732410069121,-0.2242986048513784,0.1988723082667208,-0.5054501829779529,2.48885109851604,2
120.9943658,14.3810075,1.599971908662707,0.0273082356902238,-0.6892637108754504,-1.3312845370787538,0.8753430169031914,0.2221510731674534,0
120.9943658,14.3810075,1.1602065608349097,0.0273082356902238,-0.7507671571922123,-1.275610506095609,0.6690357657895611,0.4662742081624642,0
120.8584183,14.4089168,-0.6149831875875782,0.4262697773920936,-2.017922422957857,0.9775978542817902,1.0559622105667017,1.1042488682137526,0
121.0428142,14.3197144,-0.3616395249986402,1.2181886855894164,-0.7182008022777593,-0.8597460550194249,-2.3120578450233813,-0.8694321975716058,2
121.0003387,14.3970876,-0.1047276418098581,-0.1533580378752126,-0.7693036873658818,-1.4281664139377903,0.6757696540189743,-0.4257219164347353,0
120.95476,14.119975,-0.5775168712892141,4.003825391356309,-1.9553070164323576,1.237937094916114,2.0349629303536805,1.5033723704819415,2
121.0361144,14.2174433,-0.334574571748822,2.653243713863972,-1.1429199773843997,-1.054902326251984,-0.4430077243379326,-0.4982334300269244,2
121.0428142,14.3197144,-0.4145205542883313,1.2181886855894164,-0.7178090605814741,-0.8601006666817379,-2.3107437860990907,-0.8709871219983256,2
120.9943658,14.3810075,1.8856793320922325,0.0273082356902238,-0.6493060578543695,-1.367454926634682,1.0093770271808364,0.0635487816420324,0
121.0361144,14.2174433,-0.3573041369698296,2.653243713863972,-1.1531052614878126,-1.045682423031845,-0.4771732563694891,-0.4578053949322092,2
121.0361144,14.2174433,-0.0608385284317745,2.653243713863972,-1.081024789371353,-1.1109309688974414,-0.2353864143000117,-0.7439114894486551,2
121.0003387,14.3970876,0.3448681537705106,-0.1533580378752126,-0.8182713994015204,-1.383839956148663,0.5115122884826444,-0.2313563630947585,0
121.0428142,14.3197144,-0.163175095235306,1.2181886855894164,-0.5944104262516652,-0.9718033403103402,-1.89681522494754,-1.3607883164150667,2
120.866631,14.400861,0.3164115944867531,0.3808400042201287,-0.0059041183973636,-0.0132373949212913,-0.4766060033807787,1.9759999300359163,2
121.0361144,14.2174433,-0.3545030837989519,2.653243713863972,-1.1468373943472507,-1.0513562096288536,-0.456148313580839,-0.4826841857597262,2
121.0361144,14.2174433,-0.265297568802847,2.653243713863972,-1.100220132489323,-1.0935549974441032,-0.299775301590253,-0.6677201925393842,2
120.908086,14.338052,-0.6152686452355658,0.7476685042935715,-0.3038926577464831,-0.9698262188644576,-0.5682431738033374,-0.7807476999294948,2
120.9426543,14.4004731,-0.0786711390659677,-0.3498708581440445,1.855290747233588,-0.0596429131567622,1.0648800977238868,0.2797747876558441,1
120.9746966,14.421726,-0.4437085987950568,-0.6760774456032125,-0.7593074291935997,-1.5838025466911674,0.8322702497137658,0.4637434589473282,0
121.0076045,14.2841434,-0.4080977572086117,1.529843117991076,0.0934469581070397,0.7010142784186616,-1.6697483938948707,-0.5862691600323667,2
121.0361144,14.2174433,-0.211774259805184,2.653243713863972,-1.1358686268512677,-1.0612853361736183,-0.4193546637007011,-0.5262220697078811,2
120.9426543,14.4004731,-0.2231511386835212,-0.3498708581440445,0.0669114936102226,0.7100811704378646,0.7576572551324755,0.7410877624666176,0
121.0361144,14.2174433,-0.0738268514152073,2.653243713863972,-1.1386108187252637,-1.0588030545374272,-0.4285530761707355,-0.5153375987208424,2
120.9426543,14.4004731,0.0677030504570128,-0.3498708581440445,0.1742487183923421,0.6129175749640964,1.1177094003881105,0.3150384695453883,0
120.93809,14.35822,-0.2339864330392141,0.3092958063464027,1.4297552210793731,-0.4762227494696922,0.4856557418512148,-0.8811740483934969,1
121.0361144,14.2174433,-0.1627112265573263,2.653243713863972,-1.136260368547553,-1.060930724511305,-0.4206687226249918,-0.5246671452811612,2
121.0428142,14.3197144,-0.3637804573585468,1.2181886855894164,-0.7134999019223379,-0.8640013949671813,-2.2962891379318933,-0.8880912906922435,2
120.9661056,14.1189304,-0.6359464836116628,4.020510000010336,-1.9501809631611124,1.3820183078719384,1.7945019293811866,2.0093279642321185,2
120.9824766,14.1220688,-0.6221196287872666,3.98189775819168,-2.9485547904497467,-0.7207204619157964,0.6425057908434061,-0.6173457132874485,2
121.0361144,14.2174433,-0.1136481933094686,2.653243713863972,-1.136260368547553,-1.060930724511305,-0.4206687226249918,-0.5246671452811612,2
120.8793899,14.4306963,-0.6467403509261915,-0.0043353407806916,-1.1756388969951157,-0.2411487477699264,1.5145596912421864,0.4583407912003796,0
120.9842049,14.30086133,-0.5329141137911617,1.2006797951402803,0.9480405374567584,-2.13078852628854,0.45066585508458,-0.903196671759416,2
121.0428142,14.3197144,-0.5143950488779703,1.2181886855894164,-0.7205512524554699,-0.8576183850455468,-2.319942198569125,-0.8601026510112869,2
120.9677447,14.3830634,-0.4080263927966148,-0.107289272983373,-0.5878021127039903,-1.115734185137064,0.2944662556417278,-0.2489355797940667,0
121.0428142,14.3197144,-0.0338984629029508,1.2181886855894164,-0.5806994668816864,-0.984214748491296,-1.8508231625973677,-1.4152106713502604,2
120.93635,14.357185,-0.4124866685464201,0.3307202752561997,1.4128329694409183,-0.4747877851846091,0.3904509096716143,-0.6222176050793111,1
121.0428142,14.3197144,-0.3923262221573003,1.2181886855894164,-0.7291695697737423,-0.8498169284746604,-2.348851494903519,-0.825894313623451,2
120.934575,14.3911253,-0.6399607317864876,-0.1729030035577184,-0.0187162708614113,0.000271136234968,0.7172572331576186,-0.456822725602365,0
121.044654,14.3218714,-0.4793908047934987,1.2033777713311171,-0.8332555699809767,-1.1968167411794852,-2.2460621550832265,-0.7695673661737273,2
121.0078767,14.4023926,-0.7990141650245427,-0.1532796206110201,-2.807152075621396,-0.5611332824876687,0.517041104574375,-0.4253268773223113,0
121.0080137,14.417168,-0.7470073497818135,-0.3195174072363355,-2.6112435546726838,-0.3293624123516618,0.5708958846567013,0.1269434546525039,0
121.0029123,14.41362132,-0.7330734483394219,-0.3356974461851998,-2.5707925641116507,-0.7541288638177953,0.89260794374848,1.1222479060095771,0
121.0029123,14.41362132,-0.7303616006835403,-0.3356974461851998,-2.56765863054137,-0.7569657571162997,0.9031204151428052,1.1098085105958186,0
121.0022999,14.42737997,-0.7049915522186481,-0.4889923807028827,-1.7460296342856787,-0.694500715867168,2.068959288646779,2.3904451024269964,0
120.9957576,14.4675605,-0.6988363716839169,-1.0151925845458143,-2.0906358976557624,0.0867586970121021,1.092319880392539,-0.0037593245077784,0
120.987483,14.461456,-0.6753753212399413,-1.036830357097724,-1.6130671270705017,0.3579447639881206,1.5515047521740983,0.9513870144436518,0
121.0140532,14.4324914,-0.6720747171850854,-0.4288945218099637,-2.261028753798531,1.9788082256538235,0.3284586264093526,-0.1950796244633744,0
121.0080137,14.417168,-0.6702906068851633,-0.3195174072363355,-2.5642345511184708,-0.3719158118292245,0.7285829555715779,-0.0596474765538738,0
121.0078767,14.4023926,-0.3395165572796063,-0.1532796206110201,-2.852594112390468,-0.5199983296593582,0.3646102693566611,-0.2449556438228129,0
121.0140532,14.4324914,-0.5179275872718161,-0.4288945218099637,-2.14820714526842,1.876680066907673,0.7069075966050564,-0.6428978593586809,0
121.0078767,14.4023926,0.0413909917537617,-0.1532796206110201,-2.8036264003548297,-0.564324787448486,0.5288676348929907,-0.4393211971627897,0
121.0078767,14.4023926,0.0558422851831307,-0.1532796206110201,-2.7691531310817403,-0.595530613732032,0.6445048202305669,-0.5761545467141335,0
121.0078767,14.4023926,-0.2224789216047166,-0.1532796206110201,-2.844759278464766,-0.5270905629056186,0.3908914478424736,-0.2760541323572092,0
121.0078767,14.4023926,2.7480290455595786,-0.1532796206110201,-2.5995289765902885,-0.7490774635135703,1.2134923344484132,-1.249436823483813,0
121.0078767,14.4023926,-0.3009797748012889,-0.1532796206110201,-2.834573994361353,-0.5363104661257572,0.4250569798740303,-0.3164821674519243,0
121.0078767,14.4023926,-0.3038343512811643,-0.1532796206110201,-2.835357477753923,-0.5356012428011312,0.422428862025449,-0.3133723185984847,0
121.0140532,14.4324914,-0.1542367026326963,-0.4288945218099637,-2.2198958756885947,1.941574001110956,0.4664348134598696,-0.3583466892689548,0
121.0078767,14.4023926,0.2752878520735488,-0.1532796206110201,-2.735463345201221,-0.6260272166909517,0.7575138877195617,-0.7098780474120374,0
121.0078767,14.4023926,-0.2379114756990427,-0.1532796206110201,-2.826347418739366,-0.5437573110343306,0.4526522172841337,-0.3491355804130404,0
121.0078767,14.4023926,-0.2903643185167524,-0.1532796206110201,-2.853769337479324,-0.518934494672419,0.3606680925837892,-0.2402908705426535,0
121.0078767,14.4023926,-0.3011581858312811,-0.1532796206110201,-2.8498519205164725,-0.5224806112955493,0.3738086818266954,-0.2558401148098516,0
121.0078767,14.4023926,-0.2697578445526522,-0.1532796206110201,-2.834573994361353,-0.5363104661257572,0.4250569798740303,-0.3164821674519243,0
121.0078767,14.4023926,-0.100035431721063,-0.1532796206110201,-2.8032346586585444,-0.564679399110799,0.5301816938172814,-0.4408761215895095,0
121.01451,14.4298,-0.2073139840553787,-0.3925186023159621,-2.1371513690779955,1.8015981702652148,0.6262729436694447,-0.3173323366806134,0
121.0078767,14.4023926,-0.2599452379030806,-0.1532796206110201,-2.852985854086753,-0.5196437179970452,0.3632962104323703,-0.2434007193960931,0
121.0078767,14.4023926,-0.4151628339963032,-0.1532796206110201,-2.8659133300641617,-0.5079415331407153,0.3199322659307793,-0.1920882133143392,0
121.0078767,14.4023926,-0.2513815084634546,-0.1532796206110201,-2.844759278464766,-0.5270905629056186,0.3908914478424736,-0.2760541323572092,0
121.0078767,14.4023926,-0.3470811849512759,-0.1532796206110201,-2.833398769272498,-0.5373743011126964,0.4289991566469022,-0.3211469407320838,0
121.0078767,14.4023926,-0.3880443574374873,-0.1532796206110201,-2.8651298466715915,-0.5086507564653415,0.3225603837793606,-0.1951980621677788,0
121.0078767,14.4023926,-0.0529884431121172,-0.1532796206110201,-2.8032346586585444,-0.564679399110799,0.5301816938172814,-0.4408761215895095,0
121.0078767,14.4023926,-0.0346121070229196,-0.1532796206110201,-2.8067603339251104,-0.5614878941499817,0.5183551634986656,-0.4268818017490312,0
121.0078767,14.4023926,-0.3954840973881625,-0.1532796206110201,-2.8498519205164725,-0.5224806112955493,0.3738086818266954,-0.2558401148098516,0
121.0078767,14.4023926,3.87981509652116,-0.1532796206110201,-2.478089050741905,-0.8590070788306075,1.620850600978511,-1.7314633957669552,0
121.0078767,14.4023926,-0.2276528414744907,-0.1532796206110201,-2.8392748947167745,-0.5320551261780009,0.4092882727825426,-0.2978230743312866,0
121.0078767,14.4023926,-0.1636032817072873,-0.1532796206110201,-2.807152075621396,-0.5611332824876687,0.517041104574375,-0.4253268773223113,0
121.0140532,14.4324914,0.0558422851831307,-0.4288945218099637,-2.2296894180957225,1.9504392926687817,0.4335833403526036,-0.3194735786009595,0
121.0078767,14.4023926,-0.4839402860583001,-0.1532796206110201,-2.8647381049753067,-0.5090053681276545,0.3238744427036513,-0.1967529865944986,0
121.0078767,14.4023926,3.4117805209910963,-0.1532796206110201,-2.478089050741905,-0.8590070788306075,1.620850600978511,-1.7314633957669552,0
121.0078767,14.4023926,-0.1673499133371237,-0.1532796206110201,-2.773070548044591,-0.5919844971089017,0.6313642309876605,-0.5606053024469352,0
121.0078767,14.4023926,-0.2224789216047166,-0.1532796206110201,-2.8400583781093447,-0.5313459028533749,0.4066601549339613,-0.294713225477847,0
121.0078767,14.4023926,-0.3152526572006657,-0.1532796206110201,-2.8651298466715915,-0.5086507564653415,0.3225603837793606,-0.1951980621677788,0
121.0140532,14.4324914,-0.0157897433587415,-0.4288945218099637,-2.1736703555269523,1.89972982495802,0.6214937665261648,-0.5418277716218929,0
121.0140532,14.4324914,-0.3501320135641427,-0.4288945218099637,-2.23869947711028,1.9585953609019813,0.4033599850939189,-0.2837103167864038,0
121.0078767,14.4023926,-0.4004439240219459,-0.1532796206110201,-2.854552820871893,-0.5182252713477931,0.3580399747352079,-0.2371810216892138,0
121.0078767,14.4023926,-0.2073139840553787,-0.1532796206110201,-2.834573994361353,-0.5363104661257572,0.4250569798740303,-0.3164821674519243,0
121.0078767,14.4023926,-0.2157885079800087,-0.1532796206110201,-2.8365327028427787,-0.534537407814192,0.4184866852525771,-0.3087075453183253,0
121.0078767,14.4023926,-0.0055311091341895,-0.1532796206110201,-2.753483463230336,-0.6097150802245528,0.6970671772021925,-0.638351523782926,0
121.0078767,14.4023926,-0.0740409446511981,-0.1532796206110201,-2.772287064652021,-0.5926937204335276,0.6339923488362418,-0.5637151513003749,0
121.0078767,14.4023926,-0.2229606313856955,-0.1532796206110201,-2.8435840533759107,-0.5281543978925576,0.3948336246153456,-0.2807189056373687,0
121.0078767,14.4023926,-0.135052164577634,-0.1532796206110201,-2.825563935346796,-0.5444665343589568,0.455280335132715,-0.35224542926648,0
121.0078767,14.4023926,3.879815042997851,-0.1532796206110201,-2.478089050741905,-0.8590070788306075,1.620850600978511,-1.7314633957669552,0
121.0078767,14.4023926,-0.4080105498971515,-0.1532796206110201,-2.893335248804119,-0.4831187167788039,0.2279481412304346,-0.0832435034439523,0
120.987483,14.461456,-0.498302373972673,-1.036830357097724,-1.5770268910122718,0.3253204910553225,1.672398173208837,0.808333967185429,0
121.0078767,14.4023926,-0.4793908047934987,-0.1532796206110201,-2.8725729389010084,-0.5019131348813941,0.2975932642178384,-0.1656544980601025,0
121.0078767,14.4023926,-0.3134685469007436,-0.1532796206110201,-2.889417831841268,-0.4866648334019341,0.2410887304733409,-0.0987927477111504,0
121.0078767,14.4023926,-0.0928633083153761,-0.1532796206110201,-2.809502525799106,-0.5590056125137906,0.5091567510286311,-0.4159973307619924,0
121.0098092,14.38461931,-0.2907211405767368,0.0888709507909699,-2.741671996147365,0.5275514139937938,0.4374579184220195,-0.1546327585497206,0
121.0078767,14.4023926,-0.3020502409812421,-0.1532796206110201,-2.89490221558926,-0.4817002701295518,0.222691905533272,-0.0770238057370731,0
121.0078767,14.4023926,-0.0622658166717121,-0.1532796206110201,-2.8572950127458894,-0.5157429897116019,0.3488415622651734,-0.2262965507021751,0
121.0078767,14.4023926,-0.375912407398017,-0.1532796206110201,-2.861995913101311,-0.5114876497638456,0.3330728551736857,-0.2076374575815373,0
121.0078767,14.4023926,-0.3393738284556124,-0.1532796206110201,-2.831048319094787,-0.5395019710865745,0.436883510192646,-0.3304764872924026,0
121.0078767,14.4023926,-0.291702401241694,-0.1532796206110201,-2.8502436622127574,-0.5221259996332364,0.3724946229024048,-0.2542851903831318,0
121.0078767,14.4023926,-0.0023197105943296,-0.1532796206110201,-2.847893212035047,-0.5242536696071145,0.3803789764481486,-0.2636147369434507,0
121.0061146,14.4508188,-0.6506654649504322,-0.7125254649024017,-2.271408231295942,0.3846340494288331,0.5853560685898694,-0.37971587713526,0
121.0078767,14.4023926,0.3748412068092018,-0.1532796206110201,-2.684928666380442,-0.6717721211293317,0.9270274889530542,-0.9104632984588936,0
121.0078767,14.4023926,-0.2786783960522627,-0.1532796206110201,-2.844367536768481,-0.5274451745679316,0.3922055067667643,-0.277609056783929,0
121.0078767,14.4023926,-0.2621753757779833,-0.1532796206110201,-2.832615285879928,-0.5380835244373223,0.4316272744954835,-0.3242567895855233,0
121.0078767,14.4023926,-0.1700849544269043,-0.1532796206110201,-2.8032346586585444,-0.564679399110799,0.5301816938172814,-0.4408761215895095,0
121.0078767,14.4023926,-0.3991058412970043,-0.1532796206110201,-2.8541610791756087,-0.518579883010106,0.3593540336594985,-0.2387359461159337,0
121.0078767,14.4023926,-0.4258674957958358,-0.1532796206110201,-2.8541610791756087,-0.518579883010106,0.3593540336594985,-0.2387359461159337,0
121.0078767,14.4023926,-0.1935602777532793,-0.1532796206110201,-2.809502525799106,-0.5590056125137906,0.5091567510286311,-0.4159973307619924,0
121.0078767,14.4023926,0.1788334969288604,-0.1532796206110201,-2.710000134942689,-0.6490769747412983,0.8429277177984533,-0.8109481351488252,0
121.0078767,14.4023926,-0.158250950807521,-0.1532796206110201,-2.8177291014210937,-0.5515587676052172,0.4815615136185277,-0.3833439178008763,0
121.0078767,14.4023926,-0.2658328018928236,-0.1532796206110201,-2.8412336031982,-0.5302820678664357,0.4027179781610894,-0.2900484521976875,0
121.0078767,14.4023926,-0.3634236352985623,-0.1532796206110201,-2.834573994361353,-0.5363104661257572,0.4250569798740303,-0.3164821674519243,0
121.0078767,14.4023926,-0.2545929070033144,-0.1532796206110201,-2.8384914113242043,-0.5327643495026271,0.4119163906311239,-0.3009329231847262,0
121.0078767,14.4023926,-0.0740409446511981,-0.1532796206110201,-2.773070548044591,-0.5919844971089017,0.6313642309876605,-0.5606053024469352,0
121.0078767,14.4023926,-0.1129880724984974,-0.1532796206110201,-2.8067603339251104,-0.5614878941499817,0.5183551634986656,-0.4268818017490312,0
121.0061146,14.4508188,-0.5499522957910058,-0.7125254649024017,-2.271408231295942,0.3846340494288331,0.5853560685898694,-0.37971587713526,0
121.0078767,14.4023926,-0.4258674957958358,-0.1532796206110201,-2.812244717673102,-0.5565233308775994,0.4999583385585967,-0.4051128597749537,0
121.0078767,14.4023926,-0.3763584349729976,-0.1532796206110201,-2.8475014703387616,-0.5246082812694275,0.3816930353724393,-0.2651696613701705,0
121.0078767,14.4023926,-0.0567707569479521,-0.1532796206110201,-2.820471293295089,-0.549076485969026,0.4723631011484933,-0.3724594468138376,0
121.0078767,14.4023926,-0.0066015753141427,-0.1532796206110201,-2.7699366144743105,-0.5948213904074058,0.6418767023819856,-0.5730446978606938,0
121.0078767,14.4023926,-0.3666350338384221,-0.1532796206110201,-2.852594112390468,-0.5199983296593582,0.3646102693566611,-0.2449556438228129,0
121.0140532,14.4324914,-0.2988388424413823,-0.4288945218099637,-2.239091218806565,1.9589499725642945,0.4020459261696282,-0.282155392359684,0
121.0078767,14.4023926,0.4483465511659923,-0.1532796206110201,-2.801275950177119,-0.5664524574223642,0.5367519884387345,-0.4486507437231085,0
121.0078767,14.4023926,-0.3710061040732313,-0.1532796206110201,-2.845934503553621,-0.5260267279186794,0.3869492710696017,-0.2713893590770498,0
121.0078767,14.4023926,-0.3723441867981729,-0.1532796206110201,-2.8541610791756087,-0.518579883010106,0.3593540336594985,-0.2387359461159337,0
121.0078767,14.4023926,0.1182861456804041,-0.1532796206110201,-2.7342881201123657,-0.6270910516778909,0.7614560644924336,-0.7145428206921968,0
121.0078767,14.4023926,-0.2920592233016784,-0.1532796206110201,-2.8224300017765147,-0.5473034276574609,0.4657928065270401,-0.3646848246802386,0
121.0078767,14.4023926,-0.2385359143040155,-0.1532796206110201,-2.834573994361353,-0.5363104661257572,0.4250569798740303,-0.3164821674519243,0
120.987483,14.461456,1.3404017011270413,-1.036830357097724,-1.1649146265203385,-0.0477309776979767,3.0547881615625885,-0.8274465297238154,0
121.0078767,14.4023926,-0.1781616217546517,-0.1532796206110201,-2.7707200978668807,-0.5941121670827798,0.6392485845334044,-0.5699348490072542,0
121.0140532,14.4324914,-0.1969661443158306,-0.4288945218099637,-2.199133565785484,1.922779583008366,0.5360799364472734,-0.4407576838851049,0
121.0078767,14.4023926,-0.3491507528991855,-0.1532796206110201,-2.8091107841028213,-0.5593602241761035,0.5104708099529218,-0.4175522551887122,0
121.0080137,14.417168,-0.6399607317864876,-0.3195174072363355,-2.5313282486305217,-0.4017031914635183,0.8389639052119915,-0.1902611283983382,0
121.0101034,14.409826,-0.4422813105551191,-0.2170628185592987,-2.698925985938599,-0.1571499555070975,0.4713755853015536,-0.2780462663189478,0
121.0078767,14.4023926,-0.2979467872914214,-0.1532796206110201,-2.8490684371239023,-0.5231898346201753,0.3764367996752767,-0.2589499636632913,0
121.0078767,14.4023926,-0.4397300328262305,-0.1532796206110201,-2.845934503553621,-0.5260267279186794,0.3869492710696017,-0.2713893590770498,0
121.0078767,14.4023926,-0.2843393780339155,-0.1532796206110201,-2.8404501198056296,-0.5309912911910619,0.4053460960096707,-0.2931583010511271,0
121.0078767,14.4023926,0.1184645567103963,-0.1532796206110201,-2.7342881201123657,-0.6270910516778909,0.7614560644924336,-0.7145428206921968,0
121.0078767,14.4023926,-0.2474564658036259,-0.1532796206110201,-2.838883153020489,-0.5324097378403139,0.4106023317068333,-0.2993779987580064,0
121.0078767,14.4023926,-0.4633338120941999,-0.1532796206110201,-2.848284953731332,-0.5238990579448015,0.379064917523858,-0.2620598125167309,0
121.0078767,14.4023926,-0.2465644106536649,-0.1532796206110201,-2.8365327028427787,-0.534537407814192,0.4184866852525771,-0.3087075453183253,0
121.0078767,14.4023926,-0.3334505822598711,-0.1532796206110201,-2.8533775957830385,-0.5192891063347322,0.3619821515080798,-0.2418457949693733,0
121.00975,14.36481,-0.1863506880312941,0.3568226449871104,-2.860907010088207,-0.7772055490139127,0.6078868165858028,-0.426050031125657,0
121.0078767,14.4023926,-0.3501320135641427,-0.1532796206110201,-2.855336304264464,-0.5175160480231671,0.3554118568866266,-0.2340711728357742,0
121.0061146,14.4508188,-0.3116844366008215,-0.7125254649024017,-2.250254179696546,0.3654850196639299,0.6563152505015639,-0.4636817961781301,0
121.0078767,14.4023926,-0.2907211405767368,-0.1532796206110201,-2.8224300017765147,-0.5473034276574609,0.4657928065270401,-0.3646848246802386,0
121.0078767,14.4023926,-0.1605702941974198,-0.1532796206110201,-2.806368592228825,-0.5618425058122947,0.5196692224229563,-0.428436726175751,0
121.0078767,14.4023926,-0.271274338307586,-0.1532796206110201,-2.8349657360576384,-0.5359558544634442,0.4237429209497396,-0.3149272430252045,0
121.0078767,14.4023926,-0.176092053806742,-0.1532796206110201,-2.8091107841028213,-0.5593602241761035,0.5104708099529218,-0.4175522551887122,0
121.0078767,14.4023926,-0.3437984219994193,-0.1532796206110201,-2.8463262452499065,-0.5256721162563665,0.3856352121453111,-0.2698344346503299,0
121.0140532,14.4324914,-0.3763584349729976,-0.4288945218099637,-2.230864643184578,1.9515031276557209,0.4296411635797316,-0.3148088053208001,0
121.0078767,14.4023926,-0.4924148099829301,-0.1532796206110201,-2.848676695427617,-0.5235444462824883,0.3777508585995674,-0.2605048880900111,0
121.0078767,14.4023926,-0.2606588820230495,-0.1532796206110201,-2.8322235441836425,-0.5384381360996353,0.4329413334197741,-0.3258117140122432,0
121.0078767,14.4023926,-0.1317569128536779,-0.1532796206110201,-2.798925499999408,-0.5685801273962423,0.5446363419844784,-0.4579802902834274,0
121.0078767,14.4023926,-0.3146995830076898,-0.1532796206110201,-2.8490684371239023,-0.5231898346201753,0.3764367996752767,-0.2589499636632913,0
121.0078767,14.4023926,-0.0570918968019381,-0.1532796206110201,-2.790307182681136,-0.5763815839671287,0.5735456383188724,-0.4921886276712633,0
121.0078767,14.4023926,-0.2578043055431741,-0.1532796206110201,-2.8392748947167745,-0.5320551261780009,0.4092882727825426,-0.2978230743312866,0
121.0078767,14.4023926,-0.3425495447894738,-0.1532796206110201,-2.8533775957830385,-0.5192891063347322,0.3619821515080798,-0.2418457949693733,0
121.0078767,14.4023926,0.0545042024581891,-0.1532796206110201,-2.721360644134957,-0.6387932365342206,0.8048200089940247,-0.7658553267739506,0
121.0078767,14.4023926,-0.537053249686981,-0.1532796206110201,-2.86042894631617,-0.5129060964130978,0.3383290908708483,-0.2138571552884166,0
121.0078767,14.4023926,-0.4229237138009643,-0.1532796206110201,-2.874139905686149,-0.5004946882321419,0.2923370285206759,-0.1594348003532232,0
121.0078767,14.4023926,-0.4437085987950568,-0.1532796206110201,-2.848284953731332,-0.5238990579448015,0.379064917523858,-0.2620598125167309,0
121.0078767,14.4023926,-0.2802840953221926,-0.1532796206110201,-2.844759278464766,-0.5270905629056186,0.3908914478424736,-0.2760541323572092,0
121.0078767,14.4023926,-0.309543504240915,-0.1532796206110201,-2.840841861501915,-0.5306366795287489,0.4040320370853801,-0.2916033766244074,0
121.01064,14.37073,-0.5222094519916292,0.2815861276888664,-2.6217710142742097,0.9070830539105976,0.3925138684428142,0.1380948126172823,0
121.0078767,14.4023926,-0.1969661443158306,-0.1532796206110201,-2.815770392939668,-0.5533318259167823,0.4881318082399809,-0.3911185399344755,0
121.01064,14.37073,-0.4265811399158046,0.2815861276888664,-2.595524320623108,0.883324072535625,0.4805558163702871,0.0339148760270548,0
121.0092051,14.38762948,-0.3009797748012889,0.044489311265448,-2.6896979620565022,-0.4304893913072012,0.5629864003521152,-0.2938670191438276,0
121.0140532,14.4324914,0.0915244911815725,-0.4288945218099637,-2.080827573507382,1.8156868609898331,0.9329257315830464,-0.910344860754489,0
121.0078767,14.4023926,-0.3024070630412266,-0.1532796206110201,-2.8349657360576384,-0.5359558544634442,0.4237429209497396,-0.3149272430252045,0
121.0078767,14.4023926,-0.1683311740020809,-0.1532796206110201,-2.825563935346796,-0.5444665343589568,0.455280335132715,-0.35224542926648,0
121.0078767,14.4023926,-0.2667248570427846,-0.1532796206110201,-2.8251721936505105,-0.5448211460212697,0.4565943940570056,-0.3538003536931999,0
121.0078767,14.4023926,-0.0509902395762045,-0.1532796206110201,-2.8032346586585444,-0.564679399110799,0.5301816938172814,-0.4408761215895095,0
121.0140532,14.4324914,-0.296555181257482,-0.4288945218099637,-2.2292976763994377,1.9500846810064687,0.4348973992768942,-0.3210285030276793,0
121.0036251,14.4431313,0.0023189761854677,-0.6589389902399388,-0.8479550193111464,2.0604014839385267,2.382618901880075,1.2972959205265886,0
121.0078767,14.4023926,-0.31721517853058,-0.1532796206110201,-2.853769337479324,-0.518934494672419,0.3606680925837892,-0.2402908705426535,0
121.0092051,14.38762948,0.3859026906687189,0.044489311265448,-2.5486709513938632,-0.5581495897398892,1.036047613096745,-0.8536398127629609,0
121.0140532,14.4324914,-0.2276528414744907,-0.4288945218099637,-2.2226380675625905,1.9440562827471477,0.457236400989835,-0.3474622182819161,0
121.0101034,14.409826,-0.0570918968019381,-0.2170628185592987,-2.637422539621837,-0.212823986490242,0.677682836415184,-0.5221694013139585,0
121.0101034,14.409826,-0.2578043055431741,-0.2170628185592987,-2.686390251657475,-0.1684975287011142,0.5134254708788542,-0.3278038479739817,0
121.0078767,14.4023926,0.6205131951084748,-0.1532796206110201,-2.6249921868488206,-0.7260277054632239,1.1280785043695218,-1.148366735747025,0
121.01064,14.37073,0.1015155088611364,0.2815861276888664,-2.450579892997617,0.7521177574798068,0.9667576183578231,-0.5414071618592763,0
121.01064,14.37073,-0.0412133151326314,0.2815861276888664,-2.4897540626261283,0.7875789237111089,0.8353517259287595,-0.3859147191872949,0
121.01064,14.37073,0.2956267094926607,0.2815861276888664,-2.397303022302843,0.7038905714052358,1.14546963206135,-0.7528768838931711,0
121.01064,14.37073,0.5725206280405701,0.2815861276888664,-2.321305133223532,0.6350959089165095,1.400397063373734,-1.0545322226768152,0
121.01064,14.37073,-0.4708270753538727,0.2815861276888664,-2.6076683132079457,0.8943170340673287,0.4398199897172773,0.082117533255369,0
121.01064,14.37073,-0.5207821637516914,0.2815861276888664,-2.6213792725779244,0.9067284422482844,0.3938279273671049,0.1365398881905624,0
121.0078767,14.4023926,-0.3694896103182975,-0.1532796206110201,-2.8533775957830385,-0.5192891063347322,0.3619821515080798,-0.2418457949693733,0
121.0078767,14.4023926,-0.3423711337594816,-0.1532796206110201,-2.845934503553621,-0.5260267279186794,0.3869492710696017,-0.2713893590770498,0
121.01064,14.37073,-0.2581611276031585,0.2815861276888664,-2.5492988004614645,0.8414798963826884,0.6356147694365823,-0.1495662063258832,0
121.01064,14.37073,-0.4422813105551191,0.2815861276888664,-2.5998334792822435,0.8872248008210682,0.46610116820309,0.0510190447209727,0
121.0078767,14.4023926,-0.3366619807997309,-0.1532796206110201,-2.844367536768481,-0.5274451745679316,0.3922055067667643,-0.277609056783929,0
121.0078767,14.4023926,-0.2470104382286454,-0.1532796206110201,-2.8286978689170765,-0.5416296410604524,0.4447678637383898,-0.3398060338527215,0
121.0078767,14.4023926,-0.4437085987950568,-0.1532796206110201,-2.840841861501915,-0.5306366795287489,0.4040320370853801,-0.2916033766244074,0
121.0140532,14.4324914,2.7480290455595786,-0.4288945218099637,-1.9828921494361045,1.7270339454115775,1.261440462655706,-1.2990759674344423,0
121.0078767,14.4023926,1.732905967109903,-0.1532796206110201,-2.523922829207262,-0.8175175143399838,1.467105706836506,-1.5495372378407368,0
121.0078767,14.4023926,-0.3958944427571444,-0.1532796206110201,-2.848284953731332,-0.5238990579448015,0.379064917523858,-0.2620598125167309,0
121.0140532,14.4324914,-0.1118640830095465,-0.4288945218099637,-2.203834466140905,1.9270349229561223,0.5203112293557857,-0.4220985907644672,0
121.0078767,14.4023926,-0.0922388697104034,-0.1532796206110201,-2.816162134635953,-0.5529772142544693,0.4868177493156903,-0.3895636155077556,0
121.01064,14.37073,-0.3666350338384221,0.2815861276888664,-2.579071169379133,0.8684303827184781,0.5357462911904939,-0.0313919498951774,0
121.01064,14.37073,-0.1511145096078326,0.2815861276888664,-2.519918173240081,0.8148840217092117,0.7341691887583803,-0.2661855383298693,0
121.01064,14.37073,0.382691292128859,0.2815861276888664,-2.3734067788294517,0.6822592600041414,1.225627226443079,-0.8477272739230798,0
121.01064,14.37073,-0.4765362283136234,0.2815861276888664,-2.609235279993086,0.8957354807165807,0.4345637540201147,0.0883372309622483,0
121.01064,14.37073,-0.2424609569638441,0.2815861276888664,-2.5449896418023283,0.8375791680972451,0.6500694176037795,-0.1666703750198012,0
121.01064,14.37073,-0.1596782390474587,0.2815861276888664,-2.5222686234177925,0.8170116916830898,0.7262848352126364,-0.2568559917695504,0
121.01064,14.37073,-0.5008001283925639,0.2815861276888664,-2.615894888829933,0.9017638789759022,0.4122247523071738,0.1147709462164851,0
121.0078767,14.4023926,-0.1542367026326963,-0.1532796206110201,-2.825563935346796,-0.5444665343589568,0.455280335132715,-0.35224542926648,0
121.0078767,14.4023926,-0.3964296758471212,-0.1532796206110201,-2.8533775957830385,-0.5192891063347322,0.3619821515080798,-0.2418457949693733,0
121.0078767,14.4023926,-0.4169469442962253,-0.1532796206110201,-2.840841861501915,-0.5306366795287489,0.4040320370853801,-0.2916033766244074,0
121.0078767,14.4023926,-0.5578916579900711,-0.1532796206110201,-2.86042894631617,-0.5129060964130978,0.3383290908708483,-0.2138571552884166,0
121.0078767,14.4023926,0.6312178569080074,-0.1532796206110201,-2.7201854190461017,-0.6398570715211596,0.8087621857668966,-0.7705201000541101,0
121.0078767,14.4023926,-0.176092053806742,-0.1532796206110201,-2.7691531310817403,-0.595530613732032,0.6445048202305669,-0.5761545467141335,0
121.0101034,14.409826,-0.2470104382286454,-0.2170628185592987,-2.675813225857777,-0.1780720435835658,0.5489050618347013,-0.3697868074954167,0
121.01064,14.37073,0.0915244911815725,0.2815861276888664,-2.4533220848716133,0.7546000391159979,0.9575592058877888,-0.5305226908722376,0
121.01064,14.37073,-0.34950757495917,0.2815861276888664,-2.574370269023712,0.8641750427707218,0.5515149982819816,-0.0500510430158151,0
121.01064,14.37073,0.1157883912605132,0.2815861276888664,-2.4466624760347666,0.7485716408566765,0.9798982076007297,-0.5569564061264745,0
121.01064,14.37073,-0.1725238332068978,0.2815861276888664,-2.5257942986843585,0.8202031966439071,0.7144583048940207,-0.242861671929072,0
121.0078767,14.4023926,-0.3116844366008215,-0.1532796206110201,-2.840841861501915,-0.5306366795287489,0.4040320370853801,-0.2916033766244074,0
121.0078767,14.4023926,-0.393753510397238,-0.1532796206110201,-2.852594112390468,-0.5199983296593582,0.3646102693566611,-0.2449556438228129,0
121.0078767,14.4023926,-0.0157897433587415,-0.1532796206110201,-2.790307182681136,-0.5763815839671287,0.5735456383188724,-0.4921886276712633,0
121.0078767,14.4023926,-0.3954840973881625,-0.1532796206110201,-2.8357492194502085,-0.5352466311388182,0.4211148031011584,-0.3118173941717649,0
121.0140532,14.4324914,-0.3613540673506527,-0.4288945218099637,-2.213236266851748,1.935545602851635,0.4887738151728104,-0.3847804045231917,0
121.01066390787,14.382012207709,-0.3812647382977833,0.1302169195152423,-2.5978992186428007,0.9876013050123602,0.4206431467384676,-0.0770826954809668,0
121.0078767,14.4023926,-0.2474564658036259,-0.1532796206110201,-2.842408828287055,-0.5292182328794968,0.3987758013882175,-0.2853836789175281,0
121.0078767,14.4023926,-0.298482020381398,-0.1532796206110201,-2.814203426154528,-0.5547502725660343,0.4933880439371435,-0.3973382376413547,0
121.0078767,14.4023926,-0.193933156805963,-0.1532796206110201,-2.814986909547098,-0.5540410492414083,0.4907599260885622,-0.394228388787915,0
121.0101034,14.409826,-0.1636032817072873,-0.2170628185592987,-2.6542674325620963,-0.197575685010782,0.6211783026706865,-0.4553076509650064,0
121.0078767,14.4023926,-0.5222094519916292,-0.1532796206110201,-2.8952939572855447,-0.4813456584672387,0.2213778466089814,-0.0754688813103532,0
121.0078767,14.4023926,-0.4708270753538727,-0.1532796206110201,-2.8811912562192807,-0.4941116783105076,0.2686839678834444,-0.1314461606722665,0
121.0078767,14.4023926,-0.1596782390474587,-0.1532796206110201,-2.7957915664291275,-0.5714170206947464,0.5551488133788035,-0.4704196856971859,0
121.0078767,14.4023926,-0.2581611276031585,-0.1532796206110201,-2.8228217434728,-0.5469488159951479,0.4644787476027494,-0.3631299002535187,0
121.0078767,14.4023926,-0.5008001283925639,-0.1532796206110201,-2.889417831841268,-0.4866648334019341,0.2410887304733409,-0.0987927477111504,0
121.0078767,14.4023926,0.0915244911815725,-0.1532796206110201,-2.7268450278829484,-0.6338286732618383,0.7864231840539558,-0.7440863847998732,0
121.0078767,14.4023926,-0.4622633459142466,-0.1532796206110201,-2.87884080604157,-0.4962393482843856,0.2765683214291882,-0.1407757072325854,0
121.0078767,14.4023926,-0.3066889277610396,-0.1532796206110201,-2.8361409611464934,-0.534892019476505,0.4198007441768677,-0.3102624697450451,0
121.0078767,14.4023926,-0.2952706218415382,-0.1532796206110201,-2.8330070275762127,-0.5377289127750093,0.4303132155711928,-0.3227018651588036,0
121.0078767,14.4023926,-0.2424609569638441,-0.1532796206110201,-2.818512584813664,-0.5508495442805912,0.4789333957699465,-0.3802340689474368,0
121.0078767,14.4023926,0.0007311180185371,-0.1532796206110201,-2.790307182681136,-0.5763815839671287,0.5735456383188724,-0.4921886276712633,0
121.0078767,14.4023926,-0.3509348631991076,-0.1532796206110201,-2.848284953731332,-0.5238990579448015,0.379064917523858,-0.2620598125167309,0
121.0078767,14.4023926,-0.2124879039251528,-0.1532796206110201,-2.8102860091916764,-0.5582963891891646,0.5065286331800499,-0.4128874819085528,0
121.0078767,14.4023926,-0.0412133151326314,-0.1532796206110201,-2.763277005637464,-0.6008497886667272,0.6642157040949265,-0.5994784131149307,0
121.0078767,14.4023926,-0.1725238332068978,-0.1532796206110201,-2.799317241695693,-0.5682255157339291,0.5433222830601877,-0.4564253658567077,0
121.0078767,14.4023926,-0.5207821637516914,-0.1532796206110201,-2.89490221558926,-0.4817002701295518,0.222691905533272,-0.0770238057370731,0
121.0078767,14.4023926,-0.1468326448880196,-0.1532796206110201,-2.792265891162561,-0.5746085256555635,0.5669753436974192,-0.4844140055376643,0
121.0078767,14.4023926,-0.0683317916914474,-0.1532796206110201,-2.7707200978668807,-0.5941121670827798,0.6392485845334044,-0.5699348490072542,0
121.0078767,14.4023926,0.2956267094926607,-0.1532796206110201,-2.670825965314178,-0.6845381409726004,0.9743336102275172,-0.9664405778208066,0
121.0078767,14.4023926,0.5725206280405701,-0.1532796206110201,-2.5948280762348674,-0.7533328034613266,1.229261041539901,-1.2680959166044508,0
121.0078767,14.4023926,0.7784069566515806,-0.1532796206110201,-2.6249921868488206,-0.7260277054632239,1.1280785043695218,-1.148366735747025,0
121.0078767,14.4023926,-0.0026765326543139,-0.1532796206110201,-2.752699979837766,-0.6104243035491788,0.6996952950507737,-0.6414613726363656,0
121.0078767,14.4023926,-0.02979500921313,-0.1532796206110201,-2.7601430720671827,-0.6036866819652313,0.6747281754892516,-0.6119178085286892,0
121.0078767,14.4023926,0.1015155088611364,-0.1532796206110201,-2.724102836008953,-0.6363109548980295,0.7956215965239902,-0.7549708557869119,0
121.0078767,14.4023926,-0.4265811399158046,-0.1532796206110201,-2.869047263634443,-0.5051046398422112,0.3094197945364543,-0.1796488179005808,0
121.0078767,14.4023926,-0.4422813105551191,-0.1532796206110201,-2.873356422293579,-0.5012039115567679,0.2949651463692571,-0.1625446492066628,0
121.0078767,14.4023926,0.1157883912605132,-0.1532796206110201,-2.7201854190461017,-0.6398570715211596,0.8087621857668966,-0.7705201000541101,0
121.0078767,14.4023926,-0.2938433336016005,-0.1532796206110201,-2.840841861501915,-0.5306366795287489,0.4040320370853801,-0.2916033766244074,0
121.0078767,14.4023926,-0.3366619807997309,-0.1532796206110201,-2.852202370694183,-0.5203529413216712,0.3659243282809516,-0.2465105682495327,0
121.0078767,14.4023926,3.407320245241291,-0.1532796206110201,-2.478089050741905,-0.8590070788306075,1.620850600978511,-1.7314633957669552,0
121.0078767,14.4023926,-0.2310426510443426,-0.1532796206110201,-2.8153786512433827,-0.5536864375790953,0.4894458671642716,-0.3926734643611952,0
121.0078767,14.4023926,0.0308647409842213,-0.1532796206110201,-2.724886319401523,-0.6356017315734035,0.792993478675409,-0.7518610069334724,0
121.0078767,14.4023926,-0.3736822695231144,-0.1532796206110201,-2.8467179869461914,-0.5253175045940535,0.3843211532210206,-0.2682795102236102,0
121.0078767,14.4023926,-0.3884011794974717,-0.1532796206110201,-2.8651298466715915,-0.5086507564653415,0.3225603837793606,-0.1951980621677788,0
121.0078767,14.4023926,-0.4765362283136234,-0.1532796206110201,-2.882758223004421,-0.4926932316612555,0.2634277321862818,-0.1252264629653872,0
121.0078767,14.4023926,-0.34950757495917,-0.1532796206110201,-2.847893212035047,-0.5242536696071145,0.3803789764481486,-0.2636147369434507,0
121.0078767,14.4023926,0.2085621268564624,-0.1532796206110201,-2.694722208787569,-0.6629068295715062,0.8941760158457882,-0.8715901877908981,0
121.0078767,14.4023926,0.0115963497450625,-0.1532796206110201,-2.7487825628749145,-0.6139704201723091,0.71283588429368,-0.6570106169035638,0
121.0078767,14.4023926,-0.1511145096078326,-0.1532796206110201,-2.793441116251417,-0.5735446906686246,0.5630331669245473,-0.4797492322575049,0
121.0078767,14.4023926,0.382691292128859,-0.1532796206110201,-2.6469297218407863,-0.7061694523736947,1.054491204609246,-1.0612909678507154,0
121.0078767,14.4023926,0.92934268802499,-0.1532796206110201,-2.49689265216359,-0.8419857190395823,1.55777577261256,-1.656827023284404,0
121.0078767,14.4023926,-0.3452257102393569,-0.1532796206110201,-2.8467179869461914,-0.5253175045940535,0.3843211532210206,-0.2682795102236102,0
121.0078767,14.4023926,-0.3709168985582352,-0.1532796206110201,-2.836924444539064,-0.534182796151879,0.4171726263282864,-0.3071526208916055,0
121.0078767,14.4023926,-0.265297568802847,-0.1532796206110201,-2.816162134635953,-0.5529772142544693,0.4868177493156903,-0.3895636155077556,0
121.0078767,14.4023926,-0.4545916716245816,-0.1532796206110201,-2.863171138190166,-0.5104238147769065,0.3291306784008138,-0.2029726843013779,0
121.0078767,14.4023926,-0.1311324742487051,-0.1532796206110201,-2.7879567325034253,-0.5785092539410068,0.5814299918646163,-0.5015181742315823,0
121.0078767,14.4023926,-0.2039241744855268,-0.1532796206110201,-2.807935559013966,-0.5604240591630427,0.5144129867257937,-0.4222170284688717,0
121.0078767,14.4023926,-0.2510246864034702,-0.1532796206110201,-2.8208630349913744,-0.548721874306713,0.4710490422242026,-0.3709045223871178,0
121.0078767,14.4023926,-0.3166799454406034,-0.1532796206110201,-2.838883153020489,-0.5324097378403139,0.4106023317068333,-0.2993779987580064,0
121.0078767,14.4023926,-0.1297051860087675,-0.1532796206110201,-2.78756499080714,-0.5788638656033198,0.5827440507889069,-0.5030730986583021,0
121.0078767,14.4023926,-0.265297568802847,-0.1532796206110201,-2.8541610791756087,-0.518579883010106,0.3593540336594985,-0.2387359461159337,0
121.0078767,14.4023926,-0.2988388424413823,-0.1532796206110201,-2.855728045960749,-0.5171614363608541,0.354097797962336,-0.2325162484090544,0
121.0078767,14.4023926,-0.4259388602078326,-0.1532796206110201,-2.829873094005932,-0.5405658060735135,0.4408256869655179,-0.335141260572562,0
121.0078767,14.4023926,-0.4453142980649867,-0.1532796206110201,-2.829873094005932,-0.5405658060735135,0.4408256869655179,-0.335141260572562,0
121.0121,14.40264,-0.2940217446315927,-0.1142667923530359,-2.7779506136383856,-0.513206269047042,0.4861666109398912,-0.2780839414641702,0
121.0121,14.40264,-0.3395165572796063,-0.1142667923530359,-2.7897028645269386,-0.5025679191776513,0.4467448432111721,-0.2314362086625757,0
121.0078767,14.4023926,-0.472789596683787,-0.1532796206110201,-2.840841861501915,-0.5306366795287489,0.4040320370853801,-0.2916033766244074,0
121.0078767,14.4023926,-0.4283652502157267,-0.1532796206110201,-2.854944562568179,-0.5178706596854801,0.3567259158109171,-0.235626097262494,0
120.9957576,14.4675605,-0.0626226387316967,-1.0151925845458143,-1.871260547736102,-0.1118238338831902,1.8281928779952965,-0.8745170034708744,0
121.0078767,14.4023926,0.4976772009588383,-0.1532796206110201,-2.760534813763468,-0.6033320703029184,0.673414116564961,-0.6103628841019694,0
121.0078767,14.4023926,-0.4021388288068719,-0.1532796206110201,-2.8126364593693878,-0.5561687192152864,0.498644279634306,-0.403557935348234,0
121.0078767,14.4023926,-0.4914335493179729,-0.1532796206110201,-2.848284953731332,-0.5238990579448015,0.379064917523858,-0.2620598125167309,0
121.0078767,14.4023926,-0.2626214033529638,-0.1532796206110201,-2.814203426154528,-0.5547502725660343,0.4933880439371435,-0.3973382376413547,0
121.0078767,14.4023926,-0.176092053806742,-0.1532796206110201,-2.834573994361353,-0.5363104661257572,0.4250569798740303,-0.3164821674519243,0
120.9957576,14.4675605,-0.5235475347165707,-1.0151925845458143,-2.030699418124141,0.0325031126782097,1.2933708958090069,-0.24166276179591,0
121.0078767,14.4023926,-0.3310420333549763,-0.1532796206110201,-2.863171138190166,-0.5104238147769065,0.3291306784008138,-0.2029726843013779,0
121.0078767,14.4023926,-0.3188208778005098,-0.1532796206110201,-2.8541610791756087,-0.518579883010106,0.3593540336594985,-0.2387359461159337,0
121.0121,14.40264,-0.2465644106536649,-0.1142667923530359,-2.746611277935577,-0.5415752020320836,0.5912913248831423,-0.4024778956017553,0
121.0121,14.40264,0.3859026906687189,-0.1142667923530359,-2.634573152798036,-0.6429941374536081,0.9671121772302648,-0.8471862816436223,0
121.0078767,14.4023926,-0.4920579879229456,-0.1532796206110201,-2.867480296849302,-0.5065230864914634,0.3146760302336168,-0.1858685156074599,0
121.0092051,14.38762948,-0.3666350338384221,0.044489311265448,-2.7038006631227662,-0.4177233714639324,0.5156802790776522,-0.2378897397819142,0
121.01213,14.40263,-0.4665452106340596,-0.1138448138061762,-2.8588619795310297,-0.5143245430623498,0.3435853265680109,-0.2200768529952959,0
121.0092866,14.39714538,-0.4258674957958358,-0.0756568394732114,-2.7452479242307923,-0.3663211980643751,0.4150903315379476,-0.2651624435148479,0
121.01213,14.40263,-0.3009797748012889,-0.1138448138061762,-2.834573994361353,-0.5363104661257572,0.4250569798740303,-0.3164821674519243,0
121.0121,14.40264,0.7605658536523595,-0.1142667923530359,-2.566018355948142,-0.7050511783583867,1.1970724889811266,-1.1192980563195898,0
120.9957576,14.4675605,0.0915244911815725,-1.0151925845458143,-1.8841880237135105,-0.1001216490268605,1.7848289334937053,-0.8232044973891205,0
121.0078767,14.4023926,0.3769821391691083,-0.1532796206110201,-2.684928666380442,-0.6717721211293317,0.9270274889530542,-0.9104632984588936,0
121.0078767,14.4023926,-0.0137380165138311,-0.1532796206110201,-2.724886319401523,-0.6356017315734035,0.792993478675409,-0.7518610069334724,0
121.0078767,14.4023926,-0.3009797748012889,-0.1532796206110201,-2.855728045960749,-0.5171614363608541,0.354097797962336,-0.2325162484090544,0
121.0078767,14.4023926,-0.2760022306023795,-0.1532796206110201,-2.8181208431173785,-0.5512041559429042,0.4802474546942371,-0.3817889933741565,0
121.0121,14.40264,-0.2786783960522627,-0.1142667923530359,-2.781476288904952,-0.5100147640862247,0.4743400806212755,-0.2640896216236919,0
121.0078767,14.4023926,-0.3552167279189207,-0.1532796206110201,-2.82125477668766,-0.5483672626443998,0.469734983299912,-0.369349597960398,0
121.0078767,14.4023926,-0.4130219016363966,-0.1532796206110201,-2.829873094005932,-0.5405658060735135,0.4408256869655179,-0.335141260572562,0
121.0078767,14.4023926,-0.4282760447007306,-0.1532796206110201,-2.845934503553621,-0.5260267279186794,0.3869492710696017,-0.2713893590770498,0
121.0078767,14.4023926,-0.2617293482030027,-0.1532796206110201,-2.8028429169622595,-0.565034010773112,0.531495752741572,-0.4424310460162293,0
121.00974,14.36478,0.7104323542245485,0.3571703611759318,-2.672087512478785,-0.9481283702487892,1.2412632180938905,-1.1755236048046074,0
121.0078767,14.4023926,-0.2693118169776717,-0.1532796206110201,-2.816162134635953,-0.5529772142544693,0.4868177493156903,-0.3895636155077556,0
121.01213,14.40263,0.084209638951892,-0.1138448138061762,-2.7558339134080465,-0.6075874102506746,0.6891828236564486,-0.6290219772226071,0
121.0078767,14.4023926,0.0449592123536059,-0.1532796206110201,-2.706474459676123,-0.6522684797021154,0.854754248117069,-0.8249424549893036,0
121.0078767,14.4023926,-0.3721657757681806,-0.1532796206110201,-2.837316186235349,-0.533828184489566,0.4158585674039958,-0.3055976964648857,0
121.0078767,14.4023926,-0.3834056706576899,-0.1532796206110201,-2.840841861501915,-0.5306366795287489,0.4040320370853801,-0.2916033766244074,0
121.0061146,14.4508188,-0.5814062317430443,-0.7125254649024017,-2.2765008733476484,0.3892440010389024,0.5682733025740911,-0.3595018595879025,0
121.0140532,14.4324914,2.529689627055112,-0.4288945218099637,-1.9488106218593,1.6961827307903448,1.3757635890689912,-1.4343543925590665,0
121.0092051,14.38762948,-0.2073139840553787,0.044489311265448,-2.685780545093651,-0.4340355079303314,0.5761269895950216,-0.3094162634110258,0
121.0080137,14.417168,-0.6168386622994972,-0.3195174072363355,-2.554832750407628,-0.3804264917247369,0.7601203697545532,-0.0969656627951493,0
121.0078767,14.4023926,0.2079020060454911,-0.1532796206110201,-2.704907492890982,-0.6536869263513676,0.8600104838142316,-0.8311621526961829,0
121.0078767,14.4023926,-0.3087228135029508,-0.1532796206110201,-2.8314400607910724,-0.5391473594242613,0.4355694512683554,-0.3289215628656828,0
120.9957576,14.4675605,0.5231899782477244,-1.0151925845458143,-1.6373907550538926,-0.3235269962840646,2.612686055796808,-1.802806886222604,0
121.005383,14.45026524,-0.3053865272420965,-0.7182590838890414,-2.0516411396799965,0.1856969068712277,1.3225431251169175,-1.252028480525076,0
121.01064,14.37073,0.6445986841574232,0.2815861276888664,-2.3455931183932086,0.6570818319799169,1.3189254100677144,-0.9581269082201864,0
120.9985271,14.47104576,-0.3744851191580793,-1.0463989954641648,-2.169950911768305,-0.2620501590134435,1.4669440417603417,0.3935153454140933,0
120.992011,14.45621553,-0.5775168712892141,-0.9296507211688104,-1.3975383565023671,0.7805527035506946,1.64176497673428,0.5954417551725678,0
121.0078767,14.4023926,-0.3666350338384221,-0.1532796206110201,-2.8228217434728,-0.5469488159951479,0.4644787476027494,-0.3631299002535187,0
121.0078767,14.4023926,0.2699355211737825,-0.1532796206110201,-2.8541610791756087,-0.518579883010106,0.3593540336594985,-0.2387359461159337,0
121.0080137,14.417168,-0.5856345731538597,-0.3195174072363355,-2.515266839082832,-0.4162422696183522,0.8928403211079076,-0.2540130298938506,0
121.0078767,14.4023926,-0.1350575169085338,-0.1532796206110201,-2.825563935346796,-0.5444665343589568,0.455280335132715,-0.35224542926648,0
121.0078767,14.4023926,-0.4639582506991726,-0.1532796206110201,-2.837316186235349,-0.533828184489566,0.4158585674039958,-0.3055976964648857,0
121.01064,14.37073,-0.557320742694096,0.2815861276888664,-2.586906003304835,0.8755226159647385,0.5094651127046811,-0.000293461360781,0
121.0121,14.40264,0.084209638951892,-0.1142667923530359,-2.692942665544517,-0.5901569997689677,0.7713173975109597,-0.61550254206237,0
121.0078767,14.4023926,0.6445986841574232,-0.1532796206110201,-2.619116061404544,-0.7313468803979192,1.1477893882338814,-1.1716906021478222,0
121.0078767,14.4023926,-0.5179275872718161,-0.1532796206110201,-2.8588619795310297,-0.5143245430623498,0.3435853265680109,-0.2200768529952959,0
121.0078767,14.4023926,-0.557320742694096,-0.1532796206110201,-2.86042894631617,-0.5129060964130978,0.3383290908708483,-0.2138571552884166,0
121.01213,14.40263,-0.3709168985582352,-0.1138448138061762,-2.853769337479324,-0.518934494672419,0.3606680925837892,-0.2402908705426535,0
121.0078767,14.4023926,-0.4856351908432261,-0.1532796206110201,-2.833398769272498,-0.5373743011126964,0.4289991566469022,-0.3211469407320838,0
121.0078767,14.4023926,-0.1683311740020809,-0.1532796206110201,-2.853769337479324,-0.518934494672419,0.3606680925837892,-0.2402908705426535,0
121.0101034,14.409826,-0.3723441867981729,-0.2170628185592987,-2.7012764361163093,-0.1550222855332194,0.4634912317558098,-0.2687167197586289,0
121.0078767,14.4023926,-0.4051718163167395,-0.1532796206110201,-2.863171138190166,-0.5104238147769065,0.3291306784008138,-0.2029726843013779,0
121.0078767,14.4023926,0.084209638951892,-0.1532796206110201,-2.7558339134080465,-0.6075874102506746,0.6891828236564486,-0.6290219772226071,0
121.0061146,14.4508188,0.0087417732651874,-0.7125254649024017,-2.084939183864231,0.2158388981678346,1.2108481165522134,-1.1198599042538917,0
121.0078767,14.4023926,0.5191757300728996,-0.1532796206110201,-2.7487825628749145,-0.6139704201723091,0.71283588429368,-0.6570106169035638,0
121.0078767,14.4023926,-0.2189107010048723,-0.1532796206110201,-2.843975795072196,-0.5277997862302446,0.3935195656910549,-0.2791639812106488,0
121.0092051,14.38762948,0.084209638951892,0.044489311265448,-2.6070404641403444,-0.5053124520552488,0.8402528333774398,-0.6219560731817085,0
121.0092051,14.38762948,-0.3011581858312811,0.044489311265448,-2.7010584712487704,-0.4202056531001236,0.5248786915476867,-0.2487742107689529,0
121.0078767,14.4023926,-0.1154323036093907,-0.1532796206110201,-2.771111839563165,-0.5937575554204668,0.6379345256091137,-0.5683799245805344,0
121.0092051,14.38762948,-0.3043695843711409,0.044489311265448,-2.7018419546413406,-0.4194964297754975,0.5222505736991054,-0.2456643619155133,0
121.0092051,14.38762948,-0.1725238332068978,0.044489311265448,-2.6849970617010808,-0.4347447312549575,0.5787551074436028,-0.3125261122644654,0
121.0092051,14.38762948,-0.0922388697104034,0.044489311265448,-2.6673686853682512,-0.4507022560590434,0.6378877590366816,-0.382497711466857,0
121.0092051,14.38762948,-0.3395165572796063,0.044489311265448,-2.7038006631227662,-0.4177233714639324,0.5156802790776522,-0.2378897397819142,0
121.0078767,14.4023926,-0.2851011931319822,-0.1532796206110201,-2.845934503553621,-0.5260267279186794,0.3869492710696017,-0.2713893590770498,0
121.0092051,14.38762948,-0.3425495447894738,0.044489311265448,-2.7045841465153364,-0.4170141481393064,0.5130521612290709,-0.2347798909284747,0
121.0092051,14.38762948,-0.2465644106536649,0.044489311265448,-2.660709076531404,-0.4567306543183649,0.6602267607496224,-0.4089314267210938,0
121.0092051,14.38762948,-0.2834954938620523,0.044489311265448,-2.6967493125896342,-0.4241063813855668,0.5393333397148837,-0.2658783794628709,0
121.0078767,14.4023926,-0.5503091892154022,-0.1532796206110201,-2.8717894555084382,-0.5026223582060201,0.3002213820664197,-0.1687643469135421,0
121.01213,14.40263,-0.4258674957958358,-0.1138448138061762,-2.8428005699833405,-0.5288636212171838,0.3974617424639269,-0.2838287544908083,0
121.0078767,14.4023926,-0.0517395659021718,-0.1532796206110201,-2.8467179869461914,-0.5253175045940535,0.3843211532210206,-0.2682795102236102,0
121.0078767,14.4023926,-0.4080263927966148,-0.1532796206110201,-2.8463262452499065,-0.5256721162563665,0.3856352121453111,-0.2698344346503299,0
121.0078767,14.4023926,0.92820085743304,-0.1532796206110201,-2.6751351239733143,-0.6806374126871573,0.95987896206032,-0.9493364091268888,0
121.0078767,14.4023926,-0.1623544044973419,-0.1532796206110201,-2.779730156881438,-0.5859560988495802,0.6090252292747197,-0.5341715871926984,0
120.973539,14.448666,-0.4437085987950568,-1.0396447881667774,-1.970674572765181,1.0144580002713244,1.28347803280303,-0.2265930237888949,0
121.0078767,14.4023926,-0.4080263927966148,-0.1532796206110201,-2.848284953731332,-0.5238990579448015,0.379064917523858,-0.2620598125167309,0
120.973539,14.448666,-0.4437085987950568,-1.0396447881667774,-1.9855607572240157,1.0279332434392192,1.2335437936799856,-0.167505895573542,0
121.0078767,14.4023926,0.3798367156489839,-0.1532796206110201,-2.7879567325034253,-0.5785092539410068,0.5814299918646163,-0.5015181742315823,0
121.0078767,14.4023926,0.1063326066709261,-0.1532796206110201,-2.818512584813664,-0.5508495442805912,0.4789333957699465,-0.3802340689474368,0
121.0078767,14.4023926,-0.0954502682502632,-0.1532796206110201,-2.852594112390468,-0.5199983296593582,0.3646102693566611,-0.2449556438228129,0
121.0078767,14.4023926,-0.4526291502946672,-0.1532796206110201,-2.8647381049753067,-0.5090053681276545,0.3238744427036513,-0.1967529865944986,0
121.0078767,14.4023926,0.6490589599072284,-0.1532796206110201,-2.7268450278829484,-0.6338286732618383,0.7864231840539558,-0.7440863847998732,0
121.040194,14.434669,-0.0226585680134417,-0.2014576487494155,-1.5584546338091074,-0.2246147051791349,0.5156566052851072,-0.5987255080819893,0
121.040194,14.434669,0.1093655941807936,-0.2014576487494155,-1.4436743167975707,-0.3285159222368503,0.900675870102264,-1.054318365110895,0
121.040194,14.434669,-0.0512043328121953,-0.2014576487494155,-1.420169815020465,-0.3497926219756316,0.9795194055597024,-1.147613830714084,0
121.040194,14.434669,-0.3209618101604164,-0.2014576487494155,-1.5396510323874222,-0.24163606497016,0.5787314336510577,-0.6733618805645404,0
121.038168,14.572223,3.3029230310413493,-0.6355394467276592,2.047214544627056,2.333861805697772,3.1254400190161475,-2.4501538667950227,1
121.021325,14.584713,0.5709149287706404,-0.8035647121659095,1.620769581641638,0.8190779833654236,2.612933957365533,1.5371299170256574,1
121.027059,14.586459,-0.4080263927966148,-0.7129781635254847,2.1328083802917543,3.877738417064737,1.7519427321861034,-0.9017394771587076,1
121.0140532,14.4324914,0.4928601031490486,-0.4288945218099637,0.8321003033931361,2.2949706894339994,0.9794800807681924,-1.780231052111148,1
121.027059,14.586459,0.3591410361698874,-0.7129781635254847,2.2236924538299,3.795468511408116,2.0568044026215317,-1.2624819441577049,1
121.021325,14.584713,-0.3366619807997309,-0.8035647121659095,1.5322359582812035,0.8992202190481666,2.3159566404758483,1.888542837464335,1
121.0034823,14.5723066,-0.3884011794974717,-1.1257536317304389,2.079058518959663,0.3528961898611348,0.5686539442796108,-0.5628755139138513,1
121.0034823,14.5723066,-0.3901852897973937,-1.1257536317304389,2.098253862077633,0.3355202184077968,0.6330428315698521,-0.6390668108231221,1
121.0034823,14.5723066,-0.3901852897973937,-1.1257536317304389,2.075532843693097,0.356087694821952,0.556827413960995,-0.5488811940733729,1
120.965967,14.620565,0.9717509898541384,-1.0500035430613222,2.8506333724032937,1.479303680103241,0.7608047034272074,-1.2734517625435926,1
121.0034823,14.5723066,-0.7434391291819693,-1.1257536317304389,2.0081532719320587,0.4170809007397919,0.3308092789830051,-0.2814341926775647,1
121.0034823,14.5723066,-0.7434391291819693,-1.1257536317304389,2.0093284970209138,0.4160170657528528,0.334751455755877,-0.2860989659577242,1
121.0034823,14.5723066,3.659745091025769,-1.1257536317304389,2.3920601342914645,0.0695614716730301,1.618587024787831,-1.8052601308629823,1
120.965967,14.620565,1.4474483191223673,-1.0500035430613222,2.9556593211773308,1.3842322934371198,1.1131039010295276,-1.690327001347175,1
120.965967,14.620565,2.0897280270943224,-1.0500035430613222,2.998750907768693,1.3452250105826873,1.2576503827014978,-1.8613686882863545,1
120.965967,14.620565,1.8756347911036708,-1.0500035430613222,3.1515301693198845,1.206926462280609,1.7701333631748466,-2.467789214707082,1
121.0034823,14.5723066,-0.3188208778005098,-1.1257536317304389,2.0786667772633782,0.3532508015234479,0.5673398853553202,-0.5613205894871314,1
121.0034823,14.5723066,0.0558422851831307,-1.1257536317304389,2.06808975146368,0.3628253164058995,0.5318602943994729,-0.5193376299656965,1
121.0034823,14.5723066,-0.3009797748012889,-1.1257536317304389,2.074749360300527,0.3567969181465781,0.5541992961124137,-0.5457713452199332,1
121.127294,14.6599719,-0.5566249396771263,0.3080820908551352,-2.340909824817445,-0.2489320713586823,1.2376383237967277,-0.3594561265569558,0
121.090174,14.65753,1.3404017011270413,-0.2578394448316354,-2.526375851107486,-0.8804392299953757,1.5395217689608385,-1.252755848091585,0
121.094395,14.647586,1.608018246115356,-0.1825437010868985,-1.4387127657923124,-0.6293220064007322,2.972682695540703,0.975972798367413,0
121.109133,14.668873,-0.4793908047934987,0.0424879088620565,-1.9514667648132171,-0.5807555042946638,1.916203818596813,0.8153884396078414,0
121.094395,14.647586,-0.6345655822395232,-0.1825437010868985,-1.750539156035258,-0.3470511231995668,1.926691791805355,2.213692642036384,0
121.094395,14.647586,-0.6276503707170251,-0.1825437010868985,-1.750539156035258,-0.3470511231995668,1.926691791805355,2.213692642036384,0
121.127294,14.6599719,-0.7414766078520549,0.3080820908551352,-2.4940808280649223,-0.1102789113942906,0.7238412843990879,0.2485193242904917,0
121.094395,14.647586,-0.3543603549749581,-0.1825437010868985,-1.626357038312879,-0.4594630201527946,2.343248470805487,1.7207815987662038,0
121.127294,14.6599719,-0.7561063123114162,0.3080820908551352,-2.48624599413922,-0.1173711446405511,0.7501224628849007,0.2174208357560953,0
121.094395,14.647586,1.3404017011270413,-0.1825437010868985,-1.2036677480212477,-0.8420890037885452,3.761118050115086,0.0430181423355247,0
121.094395,14.647586,-0.6258305782111045,-0.1825437010868985,-1.750539156035258,-0.3470511231995668,1.926691791805355,2.213692642036384,0
121.081519,14.634065,0.0023189761854677,-0.318642806747469,-1.2859772621799015,3.3638175943247366,1.640372829506969,-0.2593371747999392,0
121.11262,14.66223,-0.3545030837989519,0.0859736404353706,-1.6664694385939758,0.2441202160537701,2.210961693052884,0.2766397873471449,0
121.109133,14.668873,-0.3545030837989519,0.0424879088620565,-1.9573428902574936,-0.5754363293599684,1.8964929347324533,0.8387123060086386,0
121.109133,14.668873,-0.4080263927966148,0.0424879088620565,-2.011403244344838,-0.5264999199607713,1.7151528031803454,1.0532918768959727,0
121.081519,14.634065,1.5989192835857533,-0.318642806747469,-1.4125098300799914,3.478357161251843,1.215931796961093,0.2429034150305607,0
121.0926225,14.65473514,-0.6380231880007722,-0.219602289130235,-2.46310429512199,-0.5498928298171618,1.0113744628731602,1.0755162140460808,0
121.094395,14.647586,1.5188127311192512,-0.1825437010868985,-1.2271722497983542,-0.820812304049764,3.682274514657648,0.1363136079387135,0
121.086534,14.637853,-0.7971408492096245,-0.2664051747741416,-2.075059167635108,1.6895356483445838,0.668651512529701,0.3558521971481185,0
121.127294,14.6599719,-0.5640914412823004,0.3080820908551352,-2.3315080241066024,-0.2574427512541949,1.269175737979703,-0.3967743127982313,0
121.0833863,14.63475897,-0.5864374227888246,-0.2960575193505076,-1.748332010836256,3.0063790277955995,1.0158580816323295,0.1523204211990995,0
121.127294,14.6599719,-0.5775168712892141,0.3080820908551352,-2.34051808312116,-0.2492866830209953,1.2389523827210185,-0.3610110509836756,0
121.081519,14.634065,1.3404017011270413,-0.318642806747469,-1.00666543272862,3.110979479095552,2.5772968425261937,-1.3679982910511663,0
121.094395,14.647586,-0.3188208778005098,-0.1825437010868985,2.709599496780641,-1.4921171507664883,0.1818585417184458,1.7872631756772908,1
121.0245799,14.4521766,-0.5404073770508345,-0.5635249149514543,-0.6040889749151482,1.4683594672877704,-0.4097296338019155,-0.5621356205157995,0
121.0245799,14.4521766,-0.5685963197896037,-0.5635249149514543,-0.613882517322276,1.477224758845596,-0.4425811069091815,-0.5232625098478041,0
120.989915,14.516398,2.76768994106472,-1.2533864021161445,-0.5356770685463212,1.3088770195803716,-0.0876011848607159,-1.8452142188467031,0
121.0245799,14.4521766,-0.5550370815101957,-0.5635249149514543,-0.6056559417002887,1.4697779139370224,-0.4149858694990782,-0.5559159228089202,0
121.0245799,14.4521766,-0.5172853075638442,-0.5635249149514543,-0.5829349233157525,1.4492104375228672,-0.3387704518902211,-0.6461015395586693,0
121.0245799,14.4521766,-0.4169469442962253,-0.5635249149514543,-0.562956096805212,1.431125242744903,-0.2717534467513986,-0.7254026853213797,0
120.989915,14.516398,3.659745091025769,-1.2533864021161445,-0.4824001978515466,1.2606498335058005,0.0911108288428107,-2.056683940880597,0
121.0245799,14.4521766,0.6267575811582021,-0.5635249149514543,-0.4176199274834369,1.2995643160267718,0.2157624141604281,-1.3022796476344312,0
121.025633,14.499387,0.8051686111504119,-0.8326245996458913,-0.7952797269002448,-1.3806910789358648,1.2197194619883334,-0.8178514087612927,0
121.0245799,14.4521766,-0.3807295052078067,-0.5635249149514543,-0.5892027904563142,1.4548842241198756,-0.3597953946788714,-0.6212227487311522,0
121.0168,14.44673,-0.6131990772876561,-0.5752824534871749,-2.530774110366273,0.6868854000996362,0.7726656990607917,-0.2710203847547267,0
121.011835,14.468547,1.1159606253968417,-0.8785507753751136,-1.7793558826721914,0.0886344170305381,3.12968757982902,-0.7827047290927439,0
121.0245799,14.4521766,-0.6078467463878898,-0.5635249149514543,-0.6369952774030972,1.4981468469220642,-0.5201105834423293,-0.431521968671335,0
121.008496,14.492371,-0.2519167415534312,-1.0704307735025418,-1.0448725742122495,-0.6410542904394706,0.1469130876740096,-0.8975275864755661,0
121.0245799,14.4521766,-0.4573392014864616,-0.5635249149514543,-0.5515955876129438,1.420841504537825,-0.2336457379469701,-0.7704954936962544,0
121.04211,14.469863,-0.54440378412266,-0.4706350994571808,-1.4702399226438572,-0.7533589517685269,-0.586251607521452,-0.6103797792894636,0
121.0245799,14.4521766,-0.4758225841936546,-0.5635249149514543,-0.621325609551693,1.4839623804295434,-0.4675482264707036,-0.4937189457401275,0
121.0245799,14.4521766,-0.4408540223151814,-0.5635249149514543,-0.621325609551693,1.4839623804295434,-0.4675482264707036,-0.4937189457401275,0
120.989915,14.516398,2.0540458210958805,-1.2533864021161445,-0.4420508031341805,1.2241248322875593,0.2264588980447464,-2.2168411568327384,0
121.0245799,14.4521766,0.8051686111504119,-0.5635249149514543,-0.4567940971119477,1.335025482258074,0.0843565217313643,-1.1467872049624497,0
121.04211,14.469863,-0.57394865068937,-0.4706350994571808,-1.488260040672972,-0.7370468153021279,-0.6466983180388214,-0.5388532556603522,0
121.0245799,14.4521766,-0.5907192875086377,-0.5635249149514543,-0.621325609551693,1.4839623804295434,-0.4675482264707036,-0.4937189457401275,0
121.011835,14.468547,-0.6346084008867213,-0.8785507753751136,-2.178932412883001,0.4503383125898207,1.7893474770525688,0.8033181861614664,0
121.0245799,14.4521766,-0.5329141137911617,-0.5635249149514543,-0.6056559417002887,1.4697779139370224,-0.4149858694990782,-0.5559159228089202,0
121.0245799,14.4521766,-0.0589652126168563,-0.5635249149514543,-0.4117438020391603,1.2942451410920768,0.2354732980247876,-1.3256035140352282,0
121.011835,14.468547,0.2699355211737825,-0.8785507753751136,-1.720594628229425,0.0354426676835847,3.3267964184726155,-1.0159433931007158,0
121.008496,14.492371,-0.6000858665832287,-1.0704307735025418,-1.160044632920071,-0.5367984617194421,-0.2394202360674379,-0.4403798050199408,0
121.025633,14.499387,-0.3723441867981729,-0.8326245996458913,-1.14157938641628,-1.067214369451153,0.0580913729154095,0.5567017844590231,0
121.043543,14.496788,-0.0422837813125846,-0.5588271730938471,-1.590520271749354,1.3489370650393038,2.455343104466327,0.1700788458073507,0
121.043543,14.496788,-0.4508450399947452,-0.5588271730938471,-1.5732836371128092,1.3333341518975308,2.513161697135115,0.1016621710316788,0
121.0362973,14.4464492,-0.2809977394421614,-0.370902789259769,-0.91754664846769,0.5305734266630923,-0.1573321071999849,-0.5088171229548093,0
121.04211,14.469863,-0.5596757682899932,-0.4706350994571808,-1.4459519374741805,-0.7753448748319343,-0.5047799542154324,-0.706785093746092,0
121.04211,14.469863,-0.5661877708847088,-0.4706350994571808,-1.4831673986212657,-0.7416567669121972,-0.6296155520230431,-0.5590672732077098,0
121.0245799,14.4521766,-0.4465810163779313,-0.5635249149514543,-0.5786257646566163,1.445309709237424,-0.3243158037230241,-0.6632057082525873,0
120.9990993,14.50392439,-0.7755531145805671,-1.203865430394334,-0.498301529531986,1.152505649569621,0.0119101889668968,1.2606391730255908,0
121.025633,14.499387,-0.187474677520245,-0.8326245996458913,-1.1360950026682886,-1.0721789327235354,0.0764881978554785,0.5349328424849457,0
121.024909,14.467199,0.0736833881823516,-0.6986298466083484,-1.8451059267956305,0.1852059687042894,2.739469061646368,-0.2727011368459335,0
121.043543,14.496788,0.2877766241730035,-0.5588271730938471,-1.605014714511903,1.3620576965448856,2.4067229242675734,0.2276110495959839,0
121.025633,14.499387,-0.3850113699276197,-0.8326245996458913,-1.181537039437361,-1.031043979895225,-0.0759426373622355,0.715304075984444,0
120.997102,14.529416,1.8756347911036708,-1.2437395575106054,0.8723275693639855,3.258510462363971,0.8911856677641162,1.1664930328551175,1
120.989915,14.516398,2.285980160085753,-1.2533864021161445,-0.6273446254770365,1.391856148561619,-0.3950909731447251,-1.4813619029942666,0
121.024909,14.467199,-0.3009797748012889,-0.6986298466083484,-2.0460694169898908,0.3671217514708697,2.06535683348527,0.524975094061331,0
121.0245799,14.4521766,-0.4080263927966148,-0.5635249149514543,-0.5135966430732883,1.3864441732934625,-0.1061820222907782,-0.9213231630880764,0
120.989915,14.516398,2.4108678810803004,-1.2533864021161445,-0.4769158141035551,1.2556852702334182,0.1095076537828796,-2.078452882854675,0
121.008496,14.492371,-0.176092053806742,-1.0704307735025418,-1.0115745300280157,-0.6711962817360775,0.2586080962387139,-1.0296961627467505,0
121.008496,14.492371,-0.4080263927966148,-1.0704307735025418,-1.097757703210739,-0.5931817160272126,-0.0304848671052265,-0.6876127888683912,0
121.025633,14.499387,-0.7131092540832936,-0.8326245996458913,-1.2022993493404717,-1.0122495617926348,-0.1455877603496393,0.7977150706005942,0
121.0245799,14.4521766,-0.42943571639568,-0.5635249149514543,-0.5680487388569183,1.4357351943549723,-0.2888362127671769,-0.7051886677740222,0
121.025633,14.499387,-0.5507552167903826,-0.8326245996458913,-1.2199277256733014,-0.9962920369885488,-0.204720411942718,0.8676866698029857,0
121.008496,14.492371,0.7159630961543071,-1.0704307735025418,-1.089922869285037,-0.6002739492734731,-0.0042036886194137,-0.7187112774027875,0
121.011835,14.468547,-0.5150730107919407,-0.8785507753751136,-2.062585129086324,0.3450186488828531,2.179622977566888,0.3415056314256815,0
121.025633,14.499387,0.8030276787905054,-0.8326245996458913,-0.8093824279665087,-1.3679250590925962,1.1724133407138704,-0.7618741293993794,0
120.989915,14.516398,2.088835971944361,-1.2533864021161445,-0.5646659540714192,1.3351182825915353,-0.1848415452582231,-1.730149811269437,0
121.0245799,14.4521766,-0.265297568802847,-0.5635249149514543,-0.5950789159005908,1.4602033990545709,-0.3795062785432309,-0.5978988823303552,0
121.01296,14.49336,-0.6578018347857085,-1.012552764447902,-1.2058784113854288,-0.4953088972288185,-0.3931651302094426,-0.2584536470937226,0
121.0245799,14.4521766,0.0911676691215882,-0.5635249149514543,-0.2648406659322448,1.161265767724693,0.728245394633777,-1.9087001740551588,0
121.0245799,14.4521766,-0.3188208778005098,-0.5635249149514543,-0.5950789159005908,1.4602033990545709,-0.3795062785432309,-0.5978988823303552,0
121.04211,14.469863,-0.3509348631991076,-0.4706350994571808,-1.2696681741458815,-0.934920122872794,0.0865465617153546,-1.4065010857700089,0
120.989915,14.516398,2.370725399332053,-1.2533864021161445,-0.5956135480779428,1.363132603914264,-0.2886522002771834,-1.6073107815585717,0
121.04211,14.469863,-0.4686219150231689,-0.4706350994571808,-1.4580959300590188,-0.7643519133002306,-0.5455157808684422,-0.6585824365177779,0
121.011835,14.468547,-0.4793908047934987,-0.8785507753751136,-2.0382971439166475,0.3230327258194458,2.261094630872908,0.2451003169690529,0
121.038006,14.491803,-0.5423877394837481,-0.6346072634587692,-0.7611179573281589,1.457948435055821,-0.3322858583463456,-0.3454558702861726,0
121.0245799,14.4521766,-0.3991058412970043,-0.5635249149514543,-0.5805844731380417,1.447082767548989,-0.3308860983444773,-0.6554310861189883,0
121.011835,14.468547,-0.4258674957958358,-0.8785507753751136,-1.9908963986661492,0.28012471467957,2.420095760712075,0.0569544613359555,0
121.0245799,14.4521766,-0.4105955116285026,-0.5635249149514543,-0.4634537059487946,1.3410538805173955,0.0620175200184234,-1.1203534897082128,0
121.0245799,14.4521766,-0.5239935622915513,-0.5635249149514543,-0.599388074559727,1.4641041273400142,-0.393960926710428,-0.5807947136364372,0
121.0245799,14.4521766,-0.6417448420864097,-0.5635249149514543,-0.6601080374839187,1.5190689349985325,-0.5976400599754769,-0.339781427494866,0
121.0250534,14.44490551,0.3279191059212507,-0.4756619541907799,-0.0613190615898103,0.761030176154486,1.3417036656769197,-0.8284489250732332,0
121.008496,14.492371,-0.7041887025836832,-1.0704307735025418,-1.238784713873378,-0.4655215175945246,-0.5035460798498563,-0.1278399952492581,0
121.008496,14.492371,-0.3901852897973937,-1.0704307735025418,-1.0918815777664626,-0.598500890961908,-0.0107739832408669,-0.7109366552691884,0
121.038006,14.491803,-0.6399607317864876,-0.6346072634587692,-0.7505409315284609,1.4483739201733692,-0.2968062673904983,-0.3874388298076077,0
121.0245799,14.4521766,-0.4526291502946672,-0.5635249149514543,-0.621325609551693,1.4839623804295434,-0.4675482264707036,-0.4937189457401275,0
121.008496,14.492371,-0.0868865388106371,-1.0704307735025418,-0.9724003603995048,-0.7066574479673798,0.3900139886677778,-1.185188605418732,0
121.038006,14.491803,-0.6488812832860981,-0.6346072634587692,-0.7505409315284609,1.4483739201733692,-0.2968062673904983,-0.3874388298076077,0
120.989915,14.516398,1.80694654455667,-1.2533864021161445,-0.5646659540714192,1.3351182825915353,-0.1848415452582231,-1.730149811269437,0
121.011835,14.468547,-0.4080263927966148,-0.8785507753751136,-2.0382971439166475,0.3230327258194458,2.261094630872908,0.2451003169690529,0
121.011835,14.468547,-0.4169469442962253,-0.8785507753751136,-2.1225216086179457,0.3992742332167455,1.9785719621504207,0.5794090687138131,0
120.989915,14.516398,0.4037437936679399,-1.2533864021161445,-0.756619385251122,1.5088779971249162,-0.828730418160636,-0.968236842176728,0
121.011835,14.468547,-0.5507552167903826,-0.8785507753751136,-2.088440081041141,0.3684230185955126,2.092895088563706,0.4441306435891892,0
121.008496,14.492371,-0.3616395249986402,-1.0704307735025418,-1.0448725742122495,-0.6410542904394706,0.1469130876740096,-0.8975275864755661,0
121.0019708,14.5015561,0.207491660676509,-1.186672678164651,-0.6555638507570213,0.6978426386920685,0.6496993021423336,-1.6758001366108557,0
121.024909,14.467199,1.2155139801324943,-0.6986298466083484,-1.8501985688473368,0.1898159203143587,2.722386295630589,-0.252487119298576,0
121.025633,14.499387,0.0023189761854677,-0.8326245996458913,-0.930038870422322,-1.2587046671001851,0.7676831920323541,-0.2829574059696766,0
121.04211,14.469863,-0.7587824777612994,-0.4706350994571808,-1.586978948136819,-0.6476846763992464,-0.9778411669600626,-0.1470123001269589,0
120.9936313,14.5259741,3.838156121017979,-1.2425318754778154,0.5927614754763858,2.707841575145898,0.802935840662999,1.2361903075064713,0
121.038006,14.491803,-0.6363925111866434,-0.6346072634587692,-0.7446648060841843,1.443054745238674,-0.2770953835261387,-0.4107626962084048,0
121.008496,14.492371,-0.591789753688591,-1.0704307735025418,-1.183940876393463,-0.5151671503183477,-0.3195778304491669,-0.3455294149900321,0
121.024909,14.467199,-0.7758499905344741,-0.6986298466083484,-2.2381168661767017,0.5409665728032058,1.4211525864410277,1.2872612450164524,0
121.024909,14.467199,-0.7450805106578976,-0.6986298466083484,-2.2033537080483616,0.5094983338895482,1.5377621753825788,1.1492772513893363,0
121.0416257,14.47545918,-0.6734127999100269,-0.5003001891125621,-1.420281539167363,-0.3848747124117958,-0.7369832919923998,-0.3031830036017411,0
121.024909,14.467199,-0.588399944118739,-0.6986298466083484,-2.1510561915943,0.4621576769707597,1.713189041775379,0.9416948404222412,0
120.997102,14.529416,-0.265297568802847,-1.2437395575106054,0.8464726174091682,3.2819148320766303,0.804457778760934,1.2691180450186257,1
121.0245799,14.4521766,0.2164122121761195,-0.5635249149514543,-0.5065452925401565,1.3800611633718278,-0.0825289616535467,-0.949311802769033,0
121.04689,14.49879,0.1082951280008404,-0.5085850556902953,-1.312136993090787,0.9902153914539212,3.1561098015159126,0.0099150639314868,0
121.0245799,14.4521766,-0.5522717105453164,-0.5635249149514543,-0.6319026353513909,1.493536895311995,-0.503027817426551,-0.4517359862186926,0
121.0245799,14.4521766,-0.3545030837989519,-0.5635249149514543,-0.5280910858358373,1.399564804799044,-0.1548022024895318,-0.8637909592994433,0
121.008496,14.492371,-0.4437085987950568,-1.0704307735025418,-1.1290970389135475,-0.5648127830421709,-0.1356095810484776,-0.5632188347308063,0
121.0245799,14.4521766,-0.3009797748012889,-0.5635249149514543,-0.57431660599748,1.4414089809519808,-0.3098611555558271,-0.6803098769465051,0
121.0154212,14.4668317,1.3404017011270413,-0.8186953074406816,-1.5950395068060148,0.0193186674059949,3.4110235028767004,-0.8103408846925333,0
121.0245799,14.4521766,-0.5414778432307877,-0.5635249149514543,-0.6362117940105271,1.4974376235974385,-0.517482465593748,-0.4346318175247746,0
121.04211,14.469863,-0.5827264733649867,-0.4706350994571808,-1.451436321222172,-0.770380311559552,-0.5231767791555014,-0.6850161517720146,0
121.011835,14.468547,1.1177447356967636,-0.8785507753751136,-1.7793558826721914,0.0886344170305381,3.12968757982902,-0.7827047290927439,0
121.011835,14.468547,-0.0155221268137532,-0.8785507753751136,-2.1910764054678395,0.4613312741215243,1.748611650399559,0.8515208433897805,0
121.0250534,14.44490551,-0.265297568802847,-0.4756619541907799,-0.3374969574708112,1.0110313980851664,0.4152921240520198,0.2677727957642355,0
121.024909,14.467199,-0.7255980261827483,-0.6986298466083484,-2.191797328007951,0.499037289851314,1.5765269136491529,1.1034069808011016,0
121.04211,14.469863,-0.5443324197106632,-0.4706350994571808,-1.481600431836125,-0.7430752135614493,-0.6243593163258806,-0.565286970914589,0
121.04211,14.469863,-0.6035113583590791,-0.4706350994571808,-1.46201334702187,-0.7608057966771002,-0.5586563701113486,-0.6430331922505798,0
121.011835,14.468547,0.6089164781589812,-0.8785507753751136,-1.9141150261942683,0.2106208288662177,2.677651309873041,-0.247810726301128,0
121.0245799,14.4521766,-0.5284538380413565,-0.5635249149514543,-0.6115320671445653,1.475097088871718,-0.4346967533634377,-0.532592056408123,0
121.008496,14.492371,-0.4080263927966148,-1.0704307735025418,-1.1388905813206756,-0.5559474914843453,-0.1684610541557435,-0.5243457240628109,0
121.038006,14.491803,-0.283138671802068,-0.6346072634587692,-0.6048130205104009,1.316458381792925,0.192023652445619,-0.9658707165473784,0
121.025633,14.499387,0.3109700580719907,-0.8326245996458913,-0.9496259552365772,-1.240974083984534,0.7019802458178223,-0.2052111846336859,0
121.0245799,14.4521766,0.2699355211737825,-0.5635249149514543,-0.5939036908117354,1.4591395640676317,-0.375564101770359,-0.6025636556105145,0
121.011835,14.468547,-0.4044581721967705,-0.8785507753751136,-2.0382971439166475,0.3230327258194458,2.261094630872908,0.2451003169690529,0
121.00197,14.501556,0.0023189761854677,-1.1866847189165848,-0.7151085885923576,0.7517436113636479,0.4499623456501567,-1.439451623749444,0
121.024909,14.467199,0.0915244911815725,-0.6986298466083484,-2.104830671432657,0.4203135008178231,1.8682479948416744,0.7582137580693031,0
121.025633,14.499387,-0.0868865388106371,-0.8326245996458913,-0.8908647007938112,-1.2941658333314874,0.899089084461418,-0.438449848641658,0
120.997102,14.529416,-0.000892422354392,-1.2437395575106054,0.9040586467630792,3.229786917716616,0.997624440631658,1.040544154290813,1
121.038006,14.491803,-0.4570894260444725,-0.6346072634587692,-0.7309538467142056,1.430643337057718,-0.2311033211759664,-0.4651850511435983,0
121.011835,14.468547,-0.5953579742884352,-0.8785507753751136,-2.141716951735916,0.4166502046700835,1.9141830748601796,0.6556003656230841,0
121.0245799,14.4521766,-0.4437085987950568,-0.5635249149514543,-0.621325609551693,1.4839623804295434,-0.4675482264707036,-0.4937189457401275,0
121.0245799,14.4521766,-0.4242617965259059,-0.5635249149514543,-0.5135966430732883,1.3864441732934625,-0.1061820222907782,-0.9213231630880764,0
121.025633,14.499387,-0.4972319077927197,-0.8326245996458913,-1.2058250246070377,-1.0090580568318177,-0.1574142906682551,0.8117093904410725,0
121.008496,14.492371,-0.6970522613839948,-1.0704307735025418,-1.2289911714662505,-0.4743868091523502,-0.4706946067425903,-0.1667131059172535,0
121.011835,14.468547,-0.5685963197896037,-0.8785507753751136,-2.2059625899266733,0.4748065172894193,1.6986774112765146,0.9106079716051334,0
121.043543,14.496788,-0.4793908047934987,-0.5588271730938471,-1.720970256612295,1.4670227485895402,2.0177614826775443,0.687868679905049,0
121.008496,14.492371,-0.5935738639885131,-1.0704307735025418,-1.1721886255049097,-0.5258055001877384,-0.2801560627204477,-0.3921771477916266,0
121.011835,14.468547,0.6267575811582021,-0.8785507753751136,-1.9141150261942683,0.2106208288662177,2.677651309873041,-0.247810726301128,0
121.0245799,14.4521766,-0.2110606156852151,-0.5635249149514543,-0.5116379345918628,1.384671114981897,-0.099611727669325,-0.9290977852216754,0
121.025633,14.499387,-0.4793908047934987,-0.8326245996458913,-1.199557157466476,-1.014731843428826,-0.1363893478796048,0.7868305996135555,0
121.043543,14.496788,-0.378410161817908,-0.5588271730938471,-1.702558396886895,1.4503560004608282,2.0795222521192045,0.6147872318492177,0
121.0274593,14.5034535,-0.339338146249614,-0.8000134641171474,-0.9203673208107356,-0.8166986341200492,0.3121468194576456,0.4331728742280686,0
121.0245799,14.4521766,-0.176092053806742,-0.5635249149514543,-0.5641313218940672,1.432189077731842,-0.2756956235242705,-0.7207379120412203,0
121.0245799,14.4521766,0.7024038578748991,-0.5635249149514543,-0.5476781706500927,1.4172953879146952,-0.2205051487040636,-0.7860447379634525,0
121.0245799,14.4521766,-0.1279210757088454,-0.5635249149514543,-0.5038031006661606,1.3775788817356367,-0.0733305491835122,-0.9601962737560716,0
121.043543,14.496788,-0.1234607999590401,-0.5588271730938471,-1.7162693562568738,1.462767408641784,2.033530189769032,0.6692095867844112,0
121.0245799,14.4521766,-0.3837624927176742,-0.5635249149514543,-0.5026278755773054,1.3765150467486975,-0.0693883724106403,-0.9648610470362312,0
121.024909,14.467199,-0.7937510396397724,-0.6986298466083484,-2.240028565654573,0.5426970777152933,1.414739978890489,1.2948492762188453,0
121.0245799,14.4521766,-0.5257776725914733,-0.5635249149514543,-0.621325609551693,1.4839623804295434,-0.4675482264707036,-0.4937189457401275,0
121.0245799,14.4521766,-0.629256069986955,-0.5635249149514543,-0.6475723032027951,1.5077213618045158,-0.5555901743981766,-0.3895390091499,0
121.0245799,14.4521766,-0.7291662467825926,-0.5635249149514543,-0.7192610336229699,1.572615296007799,-0.7960629575433634,-0.1049878390601739,0
121.0245799,14.4521766,-0.3545030837989519,-0.5635249149514543,-0.5472864289538076,1.4169407762523822,-0.219191089779773,-0.7875996623901723,0
121.011835,14.468547,2.052261710795958,-0.8785507753751136,-1.888260074239451,0.1872164591535582,2.7643791988762225,-0.3504357384646357,0
121.0245799,14.4521766,-0.158250950807521,-0.5635249149514543,-0.7008491738975698,1.5559485478790869,-0.7343021881017034,-0.1780692871160052,0
121.0245799,14.4521766,-0.4970534967627275,-0.5635249149514543,-0.5829349233157525,1.4492104375228672,-0.3387704518902211,-0.6461015395586693,0
121.011835,14.468547,-0.4615497017942777,-0.8785507753751136,-2.0382971439166475,0.3230327258194458,2.261094630872908,0.2451003169690529,0
121.04211,14.469863,-0.4451358870349944,-0.4706350994571808,-1.4271483360524952,-0.7923662346229594,-0.4417051258494818,-0.7814214662286431,0
121.024909,14.467199,0.3234588301714454,-0.6986298466083484,-1.8501985688473368,0.1898159203143587,2.722386295630589,-0.252487119298576,0
121.025633,14.499387,0.6472748496073063,-0.8326245996458913,-0.8744115495498367,-1.3090595231486344,0.9542795592816248,-0.5037566745638902,0
121.0245799,14.4521766,0.1066894287309105,-0.5635249149514543,-0.4007750345431773,1.284316014547312,0.2722669479049254,-1.369141397983383,0
121.0245799,14.4521766,-0.5418346652907722,-0.5635249149514543,-0.621325609551693,1.4839623804295434,-0.4675482264707036,-0.4937189457401275,0
121.0245799,14.4521766,-0.3794806279978612,-0.5635249149514543,-0.562956096805212,1.431125242744903,-0.2717534467513986,-0.7254026853213797,0
120.989915,14.516398,1.897044114702736,-1.2533864021161445,-0.6273446254770365,1.391856148561619,-0.3950909731447251,-1.4813619029942666,0
121.038006,14.491803,-0.6500231138780482,-0.6346072634587692,-0.7810967838386993,1.476033629833785,-0.3993028634851681,-0.2661547245234622,0
120.989915,14.516398,2.186069983290116,-1.2533864021161445,-0.5098221165915041,1.2854726498677125,-0.0008732958575338,-1.9478392310102104,0
121.025633,14.499387,0.8030276787905054,-0.8326245996458913,-0.7952797269002448,-1.3806910789358648,1.2197194619883334,-0.8178514087612927,0
121.008496,14.492371,-0.3366619807997309,-1.0704307735025418,-1.0546661166193771,-0.632188998881645,0.1140616145667436,-0.8586544758075707,0
121.008496,14.492371,0.3591410361698874,-1.0704307735025418,-0.7569424274426954,-0.9016938622395416,1.112746397027628,-2.0403970401146294,0
121.0245799,14.4521766,-0.1161459477293595,-0.5635249149514543,-0.3016643853830449,1.194599263982117,0.604723855750457,-1.762537277943496,0
121.04211,14.469863,-0.5589621241700243,-0.4706350994571808,-1.371912756876295,-0.8423664790090953,-0.2564228175245018,-1.000665810396137,0
121.04211,14.469863,-0.6734127999100269,-0.4706350994571808,-1.550155228686019,-0.6810181726566705,-0.8543196280767422,-0.2931751962386215,0
121.0430901,14.49373099,1.4308560933330916,-0.5619825083433405,-1.8541238274168896,1.2784623150936938,2.501440151899263,-1.381791201491177,0
121.038006,14.491803,-0.3188208778005098,-0.6346072634587692,-0.7054906364556736,1.4075935790073717,-0.145689491097075,-0.5662551388803864,0
121.04211,14.469863,-0.7844736660801775,-0.4706350994571808,-1.619101767232198,-0.6186065200895786,-1.085593998751895,-0.0195084971359342,0
121.0245799,14.4521766,-0.6042785257880456,-0.5635249149514543,-0.621325609551693,1.4839623804295434,-0.4675482264707036,-0.4937189457401275,0
121.092265,14.567197,-0.7384436203421875,0.1492177007828221,0.6489034302210707,-0.1563165189006017,0.7064536860444461,2.3256876718482498,1
121.086626,14.548791,-0.783570460240842,0.0094615708133148,-0.1101331419957966,-0.9142956356136778,-0.4707560573503097,0.0200165414125308,2
121.0977,14.549724,-0.7363026879822809,0.1787999302581558,-0.0230242120472627,-0.7793527958147378,-0.3184934108681659,-0.1688879388613152,2
121.092265,14.567197,-0.7008167341168303,0.1492177007828221,0.6559547807542028,-0.1626995288222361,0.7301067466816776,2.297699032167293,1
121.081755,14.590053,2.4108678810803004,0.0940350587177773,1.3855759802838656,1.118457534405069,1.3995376815623188,0.736741617105978,1
121.092265,14.567197,-0.2318722623338064,0.1492177007828221,0.9101951416432376,-0.3928424976633876,1.5829309885463014,1.288553079226134,1
121.092265,14.567197,-0.7094875101744518,0.1492177007828221,0.6512538803987814,-0.1584441888744798,0.7143380395901899,2.316358125287931,1
121.092265,14.567197,-0.6731451833650386,0.1492177007828221,0.6684905150353262,-0.1740471020162528,0.772156632258978,2.247941450512259,1
121.092265,14.567197,-0.5143950488779703,0.1492177007828221,0.7570241383957604,-0.2541893376989959,1.0691339491486624,1.8965285300735812,1
121.092265,14.567197,-0.6966954393240103,0.1492177007828221,0.6778923157461687,-0.1825577819117654,0.8036940464419534,2.210623264270984,1
121.092265,14.567197,-0.7024045922837611,0.1492177007828221,0.650078655309926,-0.1573803538875408,0.710395862817318,2.3210228985680903,1
121.101245,14.583952,-0.6512898321909929,0.3429100387725554,1.0235374986134804,-0.4398392206050667,1.0560763625039735,2.045321596528915,1
121.092265,14.567197,-0.658158656845693,0.1492177007828221,0.6763253489610284,-0.1811393352625133,0.7984378107447908,2.216842961977863,1
121.092265,14.567197,-0.7059728128836052,0.1492177007828221,0.650078655309926,-0.1573803538875408,0.710395862817318,2.3210228985680903,1
121.092265,14.567197,-0.6906294643042752,0.1492177007828221,0.6622226478947644,-0.1683733154192445,0.7511316894703278,2.272820241339776,1
121.101245,14.583952,0.2699355211737825,0.3429100387725554,1.1694612804796831,-0.5719320648166675,1.545563311802236,1.466112247575784,1
121.093698,14.601887,-0.6025836210031197,0.0983600668827574,0.3791059549764378,0.0160109241265912,0.3499481587723588,0.8535998691948978,0
121.081755,14.590053,-0.6221196287872666,0.0940350587177773,1.070223914774354,1.4039199225670518,0.341720247508355,1.988455780615428,1
121.092265,14.567197,-0.5267767743594297,0.1492177007828221,0.6673152899464708,-0.1729832670293137,0.7682144554861061,2.2526062237924185,1
121.101245,14.583952,-0.710076266573426,0.3429100387725554,1.023733369461623,-0.4400165264362232,1.0567333919661188,2.0445441343155557,1
121.0977,14.549724,-0.5650280991897595,0.1787999302581558,0.0592415441726099,-0.8538212449004725,-0.0425410367671318,-0.4954220684724763,0
121.082236,14.665648,-0.158250950807521,-0.3703371894271761,2.453647512047014,-0.942039342302016,-0.448913557494059,0.5597994481271247,1
121.004121,14.636398,-0.1368416272084558,-0.981555978355177,2.8740459668944527,-0.09151747583092,-0.3786318297650176,0.4797070228796188,1
121.0443089,14.6621443,0.3983914627681735,-0.9495361902599384,2.702339801512591,-0.60447735953063,0.0198372494337333,0.3695739170850801,1
121.035979,14.637561,3.0709886920514764,-0.9230831265247637,3.923243245619105,3.012976896825658,0.4509410153937113,1.4380676448918717,1
121.082236,14.665648,-0.3188208778005098,-0.3703371894271761,2.453647512047014,-0.942039342302016,-0.448913557494059,0.5597994481271247,1
121.082236,14.665648,0.2271168739756521,-0.3703371894271761,2.497130840334661,-0.9814012368187616,-0.303053016897798,0.3872028367612251,1
121.076504,14.640624,-0.1404098478083001,-0.4251984560598393,3.4223714593155026,0.962466893931638,0.407839115325749,-0.4673133232659693,1
121.042788,14.6820013,-0.3819783824177521,-0.8053534451176755,2.5116450291482555,-1.0871266211693271,-0.2384633526133408,0.8477181918489262,1
121.0521,14.7214,-0.4793908047934987,-0.2059060928123979,2.264167210459253,-1.5510854566412964,-0.4430867493452575,0.7127350861560362,1
121.076504,14.640624,-0.2543252904583261,-0.4251984560598393,3.4140273611846297,0.9700201223389052,0.3798496602383583,-0.4341934329768372,1
121.076504,14.640624,0.0023189761854677,-0.4251984560598393,3.444113123459326,0.9427859466732652,0.4807693856238793,-0.5536116289489189,1
121.031359,14.649214,1.148609843885416,-1.1059654165715245,4.141281455598208,1.6252346586597342,0.7347208750364932,1.3220730966841847,1
121.082236,14.665648,0.4840287571644343,-0.3703371894271761,2.4928216816755246,-0.9775005085333184,-0.3175076650649951,0.4043070054551431,1
121.0245,14.66958,-0.5418346652907722,-1.1158355208517268,2.724016580844995,-1.519051119466447,0.1917784234820963,1.9218256648538916,1
121.082236,14.696697,-0.5864374227888246,-0.1959687439919038,2.628726665291496,-0.7542786199949513,-0.3734784283786641,-0.4807390497765091,1
121.06821,14.702178,-0.5329141137911617,-0.3094767900953608,3.596190787128429,0.1497782113771682,1.0284078641698549,2.064360025330224,1
121.06821,14.702178,-0.6399607317864876,-0.3094767900953608,3.596190787128429,0.1497782113771682,1.0284078641698549,2.064360025330224,1
121.096563,14.681641,-0.2010695980056514,-0.1006322315036086,2.1509442102366108,-1.3696365789407623,-0.6667211772143995,0.6009101458866065,1
121.082236,14.696697,-0.158250950807521,-0.1959687439919038,2.628726665291496,-0.7542786199949513,-0.3734784283786641,-0.4807390497765091,1
121.0944213,14.6774248,-0.0868865388106371,-0.1509505351873253,1.6436077725246192,-1.6234169692388645,-1.1897156952416754,-0.6337823774421116,1
121.0944213,14.6774248,-0.158250950807521,-0.1509505351873253,1.6040418611998235,-1.5876011913452492,-1.3224356465950298,-0.4767350103434105,1
121.082236,14.665648,-0.211774259805184,-0.3703371894271761,2.453647512047014,-0.942039342302016,-0.448913557494059,0.5597994481271247,1
121.0944213,14.6774248,-0.176092053806742,-0.1509505351873253,1.6436077725246192,-1.6234169692388645,-1.1897156952416754,-0.6337823774421116,1
121.0944213,14.6774248,-0.2385359143040155,-0.1509505351873253,1.6040418611998235,-1.5876011913452492,-1.3224356465950298,-0.4767350103434105,1
121.082236,14.665648,-0.1850126053063525,-0.3703371894271761,2.453647512047014,-0.942039342302016,-0.448913557494059,0.5597994481271247,1
121.0245,14.66958,-0.738086798282203,-1.1158355208517268,2.65154436703225,-1.453447961938538,-0.0513224775116717,2.209486683797057,1
121.0306,14.61633,1.0727851561387267,-0.6481593435764931,1.9230037151249213,1.3762772708911546,-0.0083790698201927,-0.9687249067692584,1
121.096563,14.681641,-0.5838504628539376,-0.1006322315036086,2.1693560699620105,-1.386303327069475,-0.6049604077727395,0.5278286978307752,1
121.096563,14.681641,-0.158250950807521,-0.1006322315036086,2.1509442102366108,-1.3696365789407623,-0.6667211772143995,0.6009101458866065,1
121.096563,14.681641,-0.1850126053063525,-0.1006322315036086,2.1509442102366108,-1.3696365789407623,-0.6667211772143995,0.6009101458866065,1
121.082236,14.665648,-0.1314892963086896,-0.3703371894271761,2.453647512047014,-0.942039342302016,-0.448913557494059,0.5597994481271247,1
121.0944213,14.6774248,-0.1850126053063525,-0.1509505351873253,1.6040418611998235,-1.5876011913452492,-1.3224356465950298,-0.4767350103434105,1
121.0944213,14.6774248,-0.1018730653299827,-0.1509505351873253,1.6259793961917894,-1.6074594444347785,-1.248848346834754,-0.56381077823972,1
121.0944213,14.6774248,-0.2847443710719978,-0.1509505351873253,1.648308672880041,-1.6276723091866208,-1.1739469881501878,-0.6524414705627495,1
121.0944213,14.6774248,-0.193933156805963,-0.1509505351873253,1.6040418611998235,-1.5876011913452492,-1.3224356465950298,-0.4767350103434105,1
121.0944213,14.6774248,-0.211774259805184,-0.1509505351873253,1.6040418611998235,-1.5876011913452492,-1.3224356465950298,-0.4767350103434105,1
121.096563,14.681641,-0.1314892963086896,-0.1006322315036086,2.1509442102366108,-1.3696365789407623,-0.6667211772143995,0.6009101458866065,1
121.0944362,14.67746243,-0.265297568802847,-0.1505743013981397,1.6040418611998235,-1.5876011913452492,-1.3224356465950298,-0.4767350103434105,1
121.0944213,14.6774248,-0.2263325998525482,-0.1509505351873253,1.6616278905537345,-1.6397291057052634,-1.129268984724306,-0.705308901071223,1
121.076504,14.640624,-0.3188208778005098,-0.4251984560598393,3.371640909646581,1.0083891042011743,0.2376684846301114,-0.2659506100057535,1
121.0944213,14.6774248,-0.1603918831674275,-0.1509505351873253,1.6087427615552448,-1.5918565312930055,-1.3066669395035422,-0.4953941034640483,1
121.096563,14.681641,-0.211774259805184,-0.1006322315036086,2.1509442102366108,-1.3696365789407623,-0.6667211772143995,0.6009101458866065,1
121.076504,14.640624,-0.211774259805184,-0.4251984560598393,3.371640909646581,1.0083891042011743,0.2376684846301114,-0.2659506100057535,1
121.082236,14.665648,0.4412101099663039,-0.3703371894271761,2.462265829365286,-0.9498407988729024,-0.4200042611596649,0.5255911107392888,1
121.0944213,14.6774248,-0.3034061648091829,-0.1509505351873253,1.6381233887766278,-1.6184524059664822,-1.2081125201817442,-0.6120134354680342,1
121.0944213,14.6774248,-0.2160561245249969,-0.1509505351873253,1.6698544661757215,-1.647175950613837,-1.1016737473142026,-0.7379623140323391,1
121.0944213,14.6774248,-0.1214982786291258,-0.1509505351873253,1.6220619792289384,-1.6039133278116482,-1.2619889360776604,-0.5482615339725219,1
121.0443089,14.6621443,0.6445986841574232,-0.9495361902599384,2.703123284905161,-0.605186582855256,0.0224653672823146,0.3664640682316404,1
121.082236,14.665648,0.6445986841574232,-0.3703371894271761,2.5124087664897803,-0.9952310916489694,-0.2518047188504632,0.3265607841191524,1
121.082236,14.665648,-0.0106158234889674,-0.3703371894271761,2.486945556231248,-0.9721813335986228,-0.3372185489293547,0.4276308718559404,1
121.031359,14.649214,0.8051686111504119,-1.1059654165715245,4.086829359814578,1.6745256797212442,0.5520666845600946,1.538207591998239,1
121.096563,14.681641,-0.6271151376270485,-0.1006322315036086,2.1286149335483597,-1.3494237141889205,-0.741622535898966,0.689540838209636,1
121.082236,14.665648,-0.2385359143040155,-0.3703371894271761,2.453647512047014,-0.942039342302016,-0.448913557494059,0.5597994481271247,1
121.082236,14.665648,-0.3455825322993414,-0.3703371894271761,2.453647512047014,-0.942039342302016,-0.448913557494059,0.5597994481271247,1
121.0664987,14.6305058,-0.4080263927966148,-0.4987875201156169,4.298018230251858,1.8417575819289236,0.7546208327495555,1.430120543361565,1
121.06821,14.702178,-0.5329141137911617,-0.3094767900953608,3.627530122831238,0.1214092783921265,1.133532578113106,1.9399660711926388,1
121.082236,14.665648,1.1619906711348316,-0.3703371894271761,2.453647512047014,-0.942039342302016,-0.448913557494059,0.5597994481271247,1
121.017741,14.650571,-0.5150730107919407,-1.1886892024054776,3.610739179936872,2.4619454130389644,-0.1447836728432282,0.4939616705277865,1
121.06821,14.702178,-0.3378216524946802,-0.3094767900953608,3.634973215060656,0.114671656808179,1.158499697674628,1.9104225070849623,1
121.096563,14.681641,-0.705384056484631,-0.1006322315036086,2.0757298045498698,-1.3015511397766624,-0.9190204906782022,0.8994556358168105,1
121.096563,14.681641,0.0558422851831307,-0.1006322315036086,2.158779044162313,-1.3767288121870231,-0.6404399987285867,0.5698116573522103,1
121.0521,14.7214,-0.5418346652907722,-0.2059060928123979,2.308042280443185,-1.590801962820355,-0.295912149824706,0.538583550363417,1
121.096563,14.681641,0.0747538543623049,-0.1006322315036086,2.2081384978942364,-1.421409881638464,-0.4748685742679664,0.3738911795855135,1
121.06821,14.702178,-0.3901852897973937,-0.3094767900953608,3.670229967726315,0.082756607200007,1.2767650008607856,1.7704793086801789,1
121.000537,14.64016,0.1985711091768985,-1.0432477445532928,2.6661954578418365,0.4052235968697144,-1.0225142330610608,-1.1014876162847225,1
121.0944213,14.6774248,0.0066008409052808,-0.1509505351873253,1.6342059718137767,-1.614906289343352,-1.2212531094246506,-0.5964641912008362,1
121.096563,14.681641,-0.3723441867981729,-0.1006322315036086,2.1509442102366108,-1.3696365789407623,-0.6667211772143995,0.6009101458866065,1
121.096563,14.681641,0.0556638741531385,-0.1006322315036086,2.158779044162313,-1.3767288121870231,-0.6404399987285867,0.5698116573522103,1
121.0443089,14.6621443,0.1227464214302094,-0.9495361902599384,2.6901958089277525,-0.5934843979989263,-0.0208985772192764,0.4177765743133943,1
121.06821,14.702178,-0.6131990772876561,-0.3094767900953608,3.596190787128429,0.1497782113771682,1.0284078641698549,2.064360025330224,1
121.096563,14.681641,-0.1430860132581832,-0.1006322315036086,2.164655169606589,-1.3820479871217184,-0.6207291148642272,0.5464877909514131,1
121.059136,14.682138,-0.1404098478083001,-0.6151403418315272,1.5198709939734278,-1.7252036186115367,-1.4648428511449938,-0.299492463269963,1
121.0521,14.7214,-0.7113251437833715,-0.2059060928123979,2.1971793803945,-1.4904468623857696,-0.6677908253989565,0.9786271631251244,1
121.000537,14.653102,-0.1225687448090789,-1.227501250791881,2.638206430745277,-0.1171308130281227,-0.6870026527080673,-0.6372957255477625,1
121.0798,14.60892,-0.7862577763800996,-0.1352330680166125,2.2332870100315256,1.114086403569143,-1.335949350679162,0.3288164867284072,1
121.0443089,14.6621443,0.4868833336443096,-0.9495361902599384,2.7035150266014463,-0.6055411945175689,0.0237794262066052,0.3649091438049207,1
120.99982,14.620208,-0.265297568802847,-1.049617187588489,4.153461969354725,1.3824169142349827,0.7688074865845264,1.3556803291462505,1
121.082236,14.696697,-0.7987750942443531,-0.1959687439919038,2.5182555069390955,-0.654278131222679,-0.7440430450286242,-0.0422503614415213,1
121.0521,14.7214,-0.6221196287872666,-0.2059060928123979,2.2481058009115635,-1.5365463784864626,-0.4969631652411737,0.7764869876515486,1
121.0163774,14.6403865,1.4296072161231463,-1.0311852278754774,3.807746483402741,1.7791967053089246,0.5050815898441193,1.4149633959108645,1
121.042788,14.6820013,-0.7523061573725821,-0.8053534451176755,2.462285575416332,-1.0424455517178866,-0.4040347770739614,1.0436386696156226,1
121.0521,14.7214,-0.6999068378638701,-0.2059060928123979,2.175073396473131,-1.4704361262814458,-0.7419431704966775,1.0663715485249234,1
121.0521,14.7214,-0.6822441458946413,-0.2059060928123979,2.187193884556192,-1.4814078111134106,-0.7012861873791251,1.0182621867622124,1
121.057875,14.636902,-0.5446714006676483,-0.6629084913678163,3.651515405024207,0.970185579448018,0.0260546919689441,0.6325773914664998,1
121.0521,14.7214,-0.6018342946771523,-0.2059060928123979,2.255548893140981,-1.54328400007041,-0.4719960456796516,0.7469434235438721,1
121.082236,14.665648,-0.2920592233016784,-0.3703371894271761,2.453647512047014,-0.942039342302016,-0.448913557494059,0.5597994481271247,1
121.0245,14.66958,-0.6199786964273601,-1.1158355208517268,2.6632966179208037,-1.4640863118079286,-0.0119007097829524,2.162838950995462,1
121.06821,14.702178,-0.176092053806742,-0.3094767900953608,3.553490942233353,0.1884308825692877,0.8851754414221753,2.2338467878426838,1
121.0867,14.66593,0.7980321699507236,-0.3023417188529426,1.7070163298479042,-1.4670201238699865,-1.1169536136791152,-0.728613929899409,1
121.0521,14.7214,-0.6784083087498088,-0.2059060928123979,2.1862106128985164,-1.480517735841005,-0.7045844752790946,1.0221650470732793,1
121.0521,14.7214,-0.7074001011235429,-0.2059060928123979,2.202076151598064,-1.4948795081646824,-0.6513650888453236,0.9591906077911266,1
121.01559,14.634713,-0.176092053806742,-0.9421396568131089,3.5015419541677546,1.252641411128138,0.3274757558912386,1.5903955315791651,1
121.06821,14.702178,-0.7036534694937066,-0.3094767900953608,3.5080489054642805,0.2295658353975982,0.732744606204461,2.4142180213421818,1
121.082236,14.665648,-0.30187182995125,-0.3703371894271761,2.4928216816755246,-0.9775005085333184,-0.3175076650649951,0.4043070054551431,1
121.076504,14.640624,0.6981219931550858,-0.4251984560598393,3.4421544149779004,0.9445590049848304,0.4741990910024261,-0.5458370068153199,1
121.082236,14.665648,-0.265297568802847,-0.3703371894271761,2.453647512047014,-0.942039342302016,-0.448913557494059,0.5597994481271247,1
121.0306,14.61633,-0.0886706491105592,-0.6481593435764931,1.9137977852622212,1.384610644955511,-0.0392594545410227,-0.9321841827413428,1
121.031359,14.649214,0.7962480596508015,-1.1059654165715245,4.135797071850217,1.6301992219321164,0.7163240500964242,1.343842038658262,1
121.096563,14.681641,-0.3714521316482118,-0.1006322315036086,2.178366128976568,-1.3944593953026745,-0.5747370525140548,0.4920654360162195,1
121.04377201255,14.677581345126,-0.5685963197896037,-0.8443814920232046,2.720766013025174,-0.7096550246092856,-0.0384717503750871,0.4599701278127114,1
121.076504,14.640624,-0.5214958078716603,-0.4251984560598393,3.3261988728775083,1.049524057029485,0.0852376494123974,-0.085579376506255,1
121.0232,14.63518,0.1807300061776776,-0.9576936031112676,3.428315406595359,1.2072594198199424,0.1698338851353369,1.6037730766361171,1
121.0521,14.7214,-0.6144836367036001,-0.2059060928123979,2.277878169829232,-1.5634968648222525,-0.3970946869950852,0.6583127312208428,1
121.049276,14.695099,-0.7255980261827483,-0.5832779196426434,1.8029878975882656,-1.6096826332179606,-1.1592946958156891,-0.107501333331192,1
121.076504,14.640624,0.6253302929182645,-0.4251984560598393,3.4233508135562154,0.9615803647758554,0.4111242626364755,-0.4712006343327689,1
121.076504,14.687194,-0.3901852897973937,-0.347535967062333,2.774988287162316,0.2710755753493651,-0.007625924355861,-0.3678841557805622,1
121.082236,14.665648,-0.193933156805963,-0.3703371894271761,2.4928216816755246,-0.9775005085333184,-0.3175076650649951,0.4043070054551431,1
121.082236,14.696697,-0.2010695980056514,-0.1959687439919038,2.628726665291496,-0.7542786199949513,-0.3734784283786641,-0.4807390497765091,1
121.096563,14.681641,-0.6399607317864876,-0.1006322315036086,2.1509442102366108,-1.3696365789407623,-0.6667211772143995,0.6009101458866065,1
121.0306,14.61633,0.4305054481667713,-0.6481593435764931,1.886375866522264,1.4094334613174222,-0.1312435792413674,-0.8233394728709559,1
121.0306,14.61633,0.4394259996663818,-0.6481593435764931,1.9157564937436469,1.3828375866439455,-0.0326891599195695,-0.939958804874942,1
121.014157,14.637511,-0.4437085987950568,-0.978315830911308,3.229519150450328,1.501090108939536,-0.3758273627302425,0.6251898526018954,1
121.0306,14.61633,0.6624397871566441,-0.6481593435764931,1.9177152022250723,1.3810645283323804,-0.0261188652981164,-0.947733427008541,1
121.06821,14.702178,-0.4615497017942777,-0.3094767900953608,3.635364956756941,0.1143170451458659,1.1598137565989188,1.9088675826582424,1
121.031359,14.649214,0.3056177271722246,-1.1059654165715245,4.09153026017,1.670270339773488,0.5678353916515821,1.5195484988776011,1
121.076504,14.640624,-0.1368416272084558,-0.4251984560598393,3.351270341439756,1.0268289106414514,0.1693374205669982,-0.185094539816323,1
121.059136,14.682138,-0.4816209426684014,-0.6151403418315272,1.5492516211948109,-1.7517994932850134,-1.366288431823196,-0.416111795273949,1
121.0306,14.61633,0.7113244093745096,-0.6481593435764931,1.9239830693656343,1.375390741735372,-0.0050939225094661,-0.972612217836058,1
121.082236,14.665648,-0.2572690724531975,-0.3703371894271761,2.449730095084163,-0.9384932256788858,-0.4620541467369654,0.5753486923943228,1
121.0245,14.66958,-0.500340541579304,-1.1158355208517268,2.749659992283818,-1.5422639988814577,0.2777967206661616,1.8200403118808128,1
121.096563,14.681641,-0.3246192362752567,-0.1006322315036086,2.2234164240493555,-1.4352397364686718,-0.4236202762206315,0.3132491269434407,1
121.0521,14.7214,-0.5864374227888246,-0.2059060928123979,2.280620361703228,-1.5659791464584434,-0.3878962745250507,0.6474282602338041,1
121.0521,14.7214,-0.5517302687514961,-0.2059060928123979,2.3139184058874616,-1.5961211377550502,-0.2762012659603464,0.5152596839626198,1
121.0521,14.7214,-0.6756429377849296,-0.2059060928123979,2.2872799705400744,-1.5720075447177648,-0.3655572728121098,0.6209945449795672,1
121.000537,14.64016,-0.2162345355549892,-1.0432477445532928,2.625650192276328,0.4419259039191123,-1.158519331725142,-0.9405529381192216,1
121.042788,14.6820013,-0.4080263927966148,-0.8053534451176755,2.524964246821949,-1.09918341768797,-0.1937853491874591,0.7948507613404526,1
121.06821,14.702178,-0.629256069986955,-0.3094767900953608,3.596190787128429,0.1497782113771682,1.0284078641698549,2.064360025330224,1
121.0306,14.61633,0.0915244911815725,-0.6481593435764931,1.937302287039328,1.3633339452167292,0.0395840809164155,-1.025479648344532,1
121.076504,14.687194,-0.6532523535209073,-0.347535967062333,2.6453217856919458,0.3884520355749756,-0.4425794282960623,0.1467958294636961,1
121.0443089,14.6621443,-0.6018342946771523,-0.9495361902599384,2.6283006209147053,-0.5374557553534686,-0.2285198872571973,0.663454633735125,1
121.049276,14.695099,-0.7148933643832157,-0.5832779196426434,1.8029878975882656,-1.6096826332179606,-1.1592946958156891,-0.107501333331192,1
121.082236,14.665648,0.3713621917243538,-0.3703371894271761,2.5135839915786358,-0.9962949266359084,-0.2478625420775912,0.3218960108389929,1
121.082236,14.665648,-0.5150730107919407,-0.3703371894271761,2.4066385084928013,-0.8994859428244534,-0.6066006284089356,0.7463903793335023,1
121.076504,14.640624,-0.3009797748012889,-0.4251984560598393,3.4499892489036026,0.9374667717385698,0.500480269488239,-0.5769354953497161,1
121.0366,14.66025,0.1807300061776776,-1.0704384677155525,3.558241165563442,1.2220983932943426,0.2337420785601151,0.5856066529046382,1
121.082236,14.665648,-0.3991058412970043,-0.3703371894271761,2.453647512047014,-0.942039342302016,-0.448913557494059,0.5597994481271247,1
121.000537,14.64016,0.6981219931550858,-1.0432477445532928,2.671679841589828,0.4002590335973321,-1.004117408120992,-1.1232565582588,1
121.06821,14.702178,-0.5061524592923302,-0.3094767900953608,3.596190787128429,0.1497782113771682,1.0284078641698549,2.064360025330224,1
121.06821,14.702178,-0.5864374227888246,-0.3094767900953608,3.596190787128429,0.1497782113771682,1.0284078641698549,2.064360025330224,1
121.082236,14.696697,-0.4080263927966148,-0.1959687439919038,2.6679008349200064,-0.7897397862262535,-0.2420725359496003,-0.6362314924484903,1
121.096563,14.681641,-0.147992316582969,-0.1006322315036086,2.1842422544208446,-1.3997785702373695,-0.5550261686496953,0.4687415696154223,1
121.0521,14.7214,-0.592681808838552,-0.2059060928123979,2.255548893140981,-1.54328400007041,-0.4719960456796516,0.7469434235438721,1
121.04262,14.61639,0.6267575811582021,-0.5865657712646724,3.098740424947879,1.3865968501727517,-0.6024899152700486,0.1920275248390135,1
121.0443089,14.6621443,-0.176092053806742,-0.9495361902599384,2.71761772766771,-0.6183072143608378,0.0710855474810682,0.3089318644430073,1
121.06821,14.702178,-0.4080263927966148,-0.3094767900953608,3.557016617499919,0.1852393776084704,0.8970019717407911,2.219852468002205,1
121.096563,14.681641,-0.5543234373902269,-0.1006322315036086,2.123522291496653,-1.344813762578851,-0.7587053019147443,0.7097548557569935,1
121.0366,14.66025,-0.4972319077927197,-1.0704384677155525,3.5298007184131426,1.247843199978268,0.1383414006566149,0.6984941662844967,1
121.0521,14.7214,-0.5329141137911617,-0.2059060928123979,2.3131349224948914,-1.5954119144304242,-0.2788293838089277,0.5183695328160595,1
121.076504,14.640624,-0.3159663013206344,-0.4251984560598393,3.372424393039151,1.0076798808765484,0.2402966024786926,-0.269060458859193,1
121.0521,14.7214,-0.6207993871653242,-0.2059060928123979,2.325670656776015,-1.6067594876244409,-0.2367794982316273,0.4686119511610253,1
121.0366,14.66025,0.2699355211737825,-1.0704384677155525,3.558241165563442,1.2220983932943426,0.2337420785601151,0.5856066529046382,1
121.0866273,14.6650233,0.6445986841574232,-0.3051741162841115,1.7077998132404746,-1.467729347194613,-1.114325495830534,-0.7317237787528487,1
121.0306,14.61633,0.4868833336443096,-0.6481593435764931,1.92594177784706,1.373617683423807,0.001476372111987,-0.9803868399696573,1
121.059136,14.682138,-0.7826895557802555,-0.6151403418315272,1.4436968211307886,-1.6562493808747696,-1.7203616089733087,0.002862591505705,1
121.049634,14.721256,-0.5971420845883573,-0.223505040270922,2.387826630312249,-1.4631121444630009,-0.206659891877042,0.5705398649491213,1
121.096563,14.681641,-0.3634236352985623,-0.1006322315036086,2.170531295050866,-1.3873671620564136,-0.6010182309998676,0.5231639245506158,1
121.042788,14.6820013,-0.265297568802847,-0.8053534451176755,2.620549220715515,-1.1857086632923477,0.1268450283394566,0.4154492012208178,1
121.082236,14.665648,-0.2010695980056514,-0.3703371894271761,2.453647512047014,-0.942039342302016,-0.448913557494059,0.5597994481271247,1
121.076504,14.687194,-0.6160536537675315,-0.347535967062333,2.6351365015885326,0.3976719387951141,-0.476744960327619,0.1872238645584114,1
121.0521,14.7214,0.2164122121761195,-0.2059060928123979,2.3411444537792767,-1.6207666482858052,-0.1848741707221471,0.4071924363055926,1
121.096563,14.681641,-0.3123980807207903,-0.1006322315036086,2.1822835459394194,-1.3980055119258044,-0.5615964632711484,0.4765161917490213,1
121.082236,14.665648,-0.319802138465467,-0.3703371894271761,2.460307120883861,-0.9480677405613376,-0.4265745557811181,0.5333657328728878,1
121.0306,14.61633,0.5375520661620973,-0.6481593435764931,1.9451371209650297,1.3562417119704688,0.0658652594022283,-1.056578136878928,1
121.057875,14.636902,-0.0645851600616109,-0.6629084913678163,3.779614939709437,0.8542275658716598,0.4557519602119831,0.1241171039291203,1
121.076504,14.687194,-0.4437085987950568,-0.347535967062333,2.754617718955491,0.2895153817896422,-0.0759569884189741,-0.2870280855911319,1
121.031359,14.649214,0.7917877839009962,-1.1059654165715245,4.136972296939072,1.6291353869451777,0.7202662268692962,1.3391772653781029,1
121.076504,14.640624,1.8756347911036708,-0.4251984560598393,3.410815079275092,0.972927937969872,0.3690743770591752,-0.4214430526777349,1
121.0495,14.67297,0.1619968480284955,-0.8152345195711039,2.678999667128121,-0.6345400926951653,-0.1377342904043514,0.6398780963492573,1
121.096563,14.681641,-0.3901852897973937,-0.1006322315036086,2.1854174795097,-1.4008424052243085,-0.5510839918768234,0.4640767963352628,1
121.031359,14.649214,0.3038336168723023,-1.1059654165715245,4.09153026017,1.670270339773488,0.5678353916515821,1.5195484988776011,1
121.0521,14.7214,-0.629256069986955,-0.2059060928123979,2.27161030268867,-1.5578230782252438,-0.4181196297837354,0.6831915220483598,1
121.0521,14.7214,-0.7952159012426265,-0.2059060928123979,2.1550671480438504,-1.4523261086871198,-0.8090521597602004,1.1457815389975043,1
121.06821,14.702178,-0.4437085987950568,-0.3094767900953608,3.635364956756941,0.1143170451458659,1.1598137565989188,1.9088675826582424,1
121.0521,14.7214,-0.5935738639885131,-0.2059060928123979,2.310784472317181,-1.593284244456546,-0.2867137373546716,0.5276990793763783,1
121.096563,14.681641,-0.5596757682899932,-0.1006322315036086,2.0921829557938443,-1.3164448295938094,-0.8638300158579955,0.8341488098945783,1
121.06821,14.702178,-0.5877755055137662,-0.3094767900953608,3.596190787128429,0.1497782113771682,1.0284078641698549,2.064360025330224,1
121.047541,14.714922,-0.578230515409183,-0.3270428570528958,2.239047743528242,-1.3539927946689578,-0.5734350462171781,-0.5002776225144224,1
121.096563,14.681641,-0.3099003263008994,-0.1006322315036086,2.1901183798651216,-1.4050977451720648,-0.5353152847853357,0.445417703214625,1
121.0443089,14.6621443,-0.0991612176741013,-0.9495361902599384,2.54125718296694,-0.4586624624341643,-0.52049852399888,1.0089526216545608,1
121.053576,14.669878,-0.5596757682899932,-0.7794775420954605,2.558498628687388,-0.8274998606748223,-0.3116203603921661,0.8899610402107542,1
121.0306,14.61633,0.6731890517136747,-0.6481593435764931,1.9241789402137768,1.3752134359042156,-0.0044368930473208,-0.973389680049418,1
121.096563,14.681641,-0.4591233117863837,-0.1006322315036086,2.150552468540325,-1.3692819672784495,-0.6680352361386901,0.6024650703133264,1
121.004121,14.636398,-0.0586975960718679,-0.981555978355177,2.924972387411517,-0.1376169919316129,-0.2078041696072345,0.2775668474060428,1
121.059136,14.682138,-0.3991058412970043,-0.6151403418315272,1.539458078787683,-1.7429342017271878,-1.3991399049304618,-0.3772386846059536,1
121.053576,14.669878,-0.2474564658036259,-0.7794775420954605,2.6435065767812564,-0.904450591396748,-0.0264695738210976,0.5525424396125548,1
121.082236,14.665648,-0.5381415569699335,-0.3703371894271761,2.4857703311423927,-0.9711174986116838,-0.3411607257022266,0.4322956451360997,1
121.06821,14.702178,-0.5329141137911617,-0.3094767900953608,3.5523157171444977,0.1894947175562267,0.8812332646493033,2.2385115611228428,1
121.099349,14.709116,-0.79838972641957,0.1287119002624182,1.945827862713496,-1.5159018372822162,-1.0666358683941608,0.1149831300757377,1
121.096563,14.681641,-0.4419244884951347,-0.1006322315036086,2.1509442102366108,-1.3696365789407623,-0.6667211772143995,0.6009101458866065,1
121.0306,14.61633,0.4483465511659923,-0.6481593435764931,1.886767608218549,1.4090788496551092,-0.1299295203170768,-0.8248943972976757,1
121.082236,14.665648,-0.3723441867981729,-0.3703371894271761,2.453647512047014,-0.942039342302016,-0.448913557494059,0.5597994481271247,1
121.076504,14.640624,0.0558422851831307,-0.4251984560598393,3.444113123459326,0.9427859466732652,0.4807693856238793,-0.5536116289489189,1
121.082236,14.665648,0.5375520661620973,-0.3703371894271761,2.497522582030946,-0.9817558484810746,-0.3017389579735074,0.3856479123345053,1
121.06928,14.70423,-0.176092053806742,-0.2753456855414498,3.628409337735669,0.7015223081385363,0.8839435148355022,1.9520978755257756,1
121.059136,14.682138,-0.0512043328121953,-0.6151403418315272,1.5982193332304493,-1.7961259510741412,-1.2020310662868663,-0.6104773486139257,1
121.031359,14.649214,0.8051686111504119,-1.1059654165715245,4.135797071850217,1.6301992219321164,0.7163240500964242,1.343842038658262,1
120.996952,14.633569,0.0380011821839097,-1.083943625077901,3.2797856115867066,0.8234644550490742,-0.2782422778540832,0.2801380877597577,1
121.082236,14.665648,-0.4793908047934987,-0.3703371894271761,2.453647512047014,-0.942039342302016,-0.448913557494059,0.5597994481271247,1
121.082236,14.696697,-0.4615497017942777,-0.1959687439919038,2.628726665291496,-0.7542786199949513,-0.3734784283786641,-0.4807390497765091,1
121.0443089,14.6621443,0.1807300061776776,-0.9495361902599384,2.653372089476952,-0.5601509017415021,-0.1444201161025964,0.563939470425057,1
121.059136,14.682138,0.0201600791846888,-0.6151403418315272,1.5590451636019385,-1.760664784842839,-1.33343695871593,-0.4549849059419443,1
121.0443089,14.6621443,-0.211774259805184,-0.9495361902599384,2.5816833590567776,-0.495256967538219,-0.3848928992477832,0.8484906405147828,1
121.0521,14.7214,-0.7702007836808008,-0.2059060928123979,2.188169321379942,-1.48229079415257,-0.6980141806576413,1.01439042493968,1
121.06821,14.702178,-0.473681651833748,-0.3094767900953608,3.6580859751414767,0.0937495687317107,1.2360291742077758,1.8186819659084927,1
121.059136,14.682138,-0.4437085987950568,-0.6151403418315272,1.5915597243936024,-1.79009755281482,-1.224370067999807,-0.5840436333596888,1
121.082236,14.665648,-0.0496878390572613,-0.3703371894271761,2.5096665746157845,-0.9927488100127784,-0.2610031313204977,0.3374452551061911,1
121.0245,14.66958,-0.176092053806742,-1.1158355208517268,2.79648879465774,-1.584654276994356,0.4348793244758644,1.634164645910726,1
121.096563,14.681641,-0.6042785257880456,-0.1006322315036086,2.1658303946954445,-1.3831118221086576,-0.6167869380913553,0.5418230176712536,1
121.0443089,14.6621443,-0.2224789216047166,-0.9495361902599384,2.632609779573841,-0.5413564836389119,-0.2140652390900003,0.6463504650412071,1
121.0443089,14.6621443,-0.3545030837989519,-0.9495361902599384,2.6247749456481397,-0.5342642503926515,-0.240346417575813,0.6774489535756034,1
121.0521,14.7214,-0.4793908047934987,-0.2059060928123979,2.27161030268867,-1.5578230782252438,-0.4181196297837354,0.6831915220483598,1
121.047541,14.714922,-0.6131990772876561,-0.3270428570528958,2.217110208536276,-1.3341345415794286,-0.6470223459774539,-0.4132018546181129,1
121.06821,14.702178,-0.5793009815891362,-0.3094767900953608,3.635364956756941,0.1143170451458659,1.1598137565989188,1.9088675826582424,1
121.0306,14.61633,0.5867935104399472,-0.6481593435764931,1.8761905824188512,1.4186533645375607,-0.1654091112729241,-0.7829114377762407,1
121.0232,14.63518,0.4126643451675503,-0.9576936031112676,3.474540926757001,1.1654152436670058,0.3248928382016321,1.420291994283179,1
121.0443089,14.6621443,-0.5507552167903826,-0.9495361902599384,2.605187860833884,-0.5165336672770003,-0.3060493637903449,0.7551951749115942,1
121.0443089,14.6621443,-0.5472762017055346,-0.9495361902599384,2.592260384856476,-0.5048314824206706,-0.349413308291936,0.8065076809933479,1
121.047541,14.714922,-0.575732760989292,-0.3270428570528958,2.217110208536276,-1.3341345415794286,-0.6470223459774539,-0.4132018546181129,1
121.0443089,14.6621443,0.0915244911815725,-0.9495361902599384,2.692546259105463,-0.5956120679728044,-0.0130142236735326,0.4084470277530755,1
121.014874,14.643229,0.0915244911815725,-1.0659318052883369,3.509523597406455,1.4706831479256803,-0.0673515459855714,-0.0043377320395233,1
121.082236,14.665648,0.3591410361698874,-0.3703371894271761,2.5135839915786358,-0.9962949266359084,-0.2478625420775912,0.3218960108389929,1
121.042788,14.6820013,0.1985711091768985,-0.8053534451176755,2.590385110101562,-1.1584035652942448,0.0256624911690774,0.5351783820782436,1
121.0306,14.61633,0.5375520661620973,-0.6481593435764931,1.9036125011588083,1.3938305481756492,-0.0734249865725794,-0.8917561476466277,1
121.0521,14.7214,-0.5596757682899932,-0.2059060928123979,2.27161030268867,-1.5578230782252438,-0.4181196297837354,0.6831915220483598,1
121.0521,14.7214,-0.4672588547540285,-0.2059060928123979,2.337031165968283,-1.6170432258315186,-0.1986717894271988,0.4235191427861506,1
120.996952,14.633569,0.0647628366827412,-1.083943625077901,3.2797856115867066,0.8234644550490742,-0.2782422778540832,0.2801380877597577,1
121.076504,14.640624,0.0045491140603703,-0.4251984560598393,3.3955371531199727,0.98675779280008,0.3178260790118402,-0.3608010000356621,1
121.06821,14.702178,-0.6137343103776327,-0.3094767900953608,3.6428080489863577,0.1075794235619185,1.1847808761604408,1.8793240185505655,1
121.096563,14.681641,-0.6221196287872666,-0.1006322315036086,2.0553592363430444,-1.2831113333363853,-0.9873515547413154,0.9803117060062412,1
121.0443089,14.6621443,-0.6506653935860202,-0.9495361902599384,-0.3891845279417103,-0.0850838467847597,0.1818943143456988,1.0467042318236812,0
121.0443089,14.6621443,-0.5329141137911617,-0.9495361902599384,2.6247749456481397,-0.5342642503926515,-0.240346417575813,0.6774489535756034,1
121.082236,14.665648,-0.229615362804405,-0.3703371894271761,2.4928216816755246,-0.9775005085333184,-0.3175076650649951,0.4043070054551431,1
121.082236,14.665648,-0.1404098478083001,-0.3703371894271761,2.4928216816755246,-0.9775005085333184,-0.3175076650649951,0.4043070054551431,1
121.076504,14.687194,-0.3545030837989519,-0.347535967062333,2.782039637695448,0.2646925654277307,0.0160271362813704,-0.3958727954615189,1
121.076504,14.687194,-0.3723441867981729,-0.347535967062333,2.762452552881193,0.2824231485433818,-0.0496758099331614,-0.3181265741255283,1
121.014874,14.643229,-0.265297568802847,-1.0659318052883369,3.4915034793773403,1.486995284392079,-0.1277982565029407,0.0671887915895881,1
121.049276,14.695099,-0.6578018347857085,-0.5832779196426434,1.8452960007870567,-1.647980692747767,-1.0173763319923004,-0.2754331714169319,1
121.054099,14.67069377,-0.4793908047934987,-0.7673579711829974,2.656434052758665,-0.9161527762530778,0.0168943706804934,0.5012299335308008,1
121.049276,14.695099,-0.7229218607328651,-0.5832779196426434,1.8147401484768189,-1.6203209830873513,-1.11987292808697,-0.1541490661327865,1
121.096563,14.681641,-0.4280084281557423,-0.1006322315036086,2.1470267932737594,-1.3660904623176324,-0.6798617664573059,0.6164593901538047,1
121.082236,14.665648,-0.162443610012338,-0.3703371894271761,2.45795667070615,-0.9459400705874592,-0.4344589093268619,0.5426952794332067,1
121.096563,14.681641,-0.5664553874296971,-0.1006322315036086,2.1619129777325936,-1.3795657054855273,-0.6299275273342616,0.5573722619384518,1
121.0521,14.7214,-0.2369302150340856,-0.2059060928123979,2.3444742581977,-1.623780847415466,-0.1737046698656766,0.3939755786784742,1
121.096563,14.681641,-0.2224789216047166,-0.1006322315036086,2.155253368895747,-1.3735373072262058,-0.6522665290472025,0.5838059771926887,1
121.076504,14.640624,-0.3009797748012889,-0.4251984560598393,3.371640909646581,1.0083891042011743,0.2376684846301114,-0.2659506100057535,1
121.0306,14.61633,0.3591410361698874,-0.6481593435764931,1.937302287039328,1.3633339452167292,0.0395840809164155,-1.025479648344532,1
121.0532797,14.71884115,-0.5596757682899932,-0.2338994436076662,1.919523310000872,-1.5386844579702803,-0.9491623654194364,-0.4273336626999101,1
121.096563,14.681641,-0.3884011794974717,-0.1006322315036086,2.162696461125164,-1.3802749288101532,-0.6272994094856803,0.5542624130850121,1
121.042788,14.6820013,-0.4972319077927197,-0.8053534451176755,2.5257477302145195,-1.0998926410125962,-0.1911572313388778,0.7917409124870131,1
121.082236,14.665648,-0.5793009815891362,-0.3703371894271761,2.453647512047014,-0.942039342302016,-0.448913557494059,0.5597994481271247,1
121.060025,14.643699,0.1432636898793135,-0.6784334902508429,2.696521739972112,-0.5879691657171399,-0.2475614002138038,-0.7847694638929581,1
121.0867,14.66593,1.3671633556258729,-0.3023417188529426,1.7219025143067384,-1.480495367037881,-1.067019374556071,-0.787701058114762,1
121.06821,14.702178,-0.5864374227888246,-0.3094767900953608,3.5766037023141743,0.1675087944928193,0.9627049179553232,2.142106246666214,1
121.057875,14.636902,0.0023189761854677,-0.6629084913678163,3.793521769927559,0.8416388518595475,0.5024010520243009,0.0689172867805669,1
121.082236,14.665648,-0.5329141137911617,-0.3703371894271761,2.4066385084928013,-0.8994859428244534,-0.6066006284089356,0.7463903793335023,1
121.0443089,14.6621443,-0.3188208778005098,-0.9495361902599384,2.644362030462395,-0.5519948335083025,-0.1746434713612811,0.5997027322396127,1
121.0664987,14.6305058,-0.4177364131039408,-0.4987875201156169,4.306577786315688,1.834009317107384,0.783333020245306,1.3961454446377368,1
121.0521,14.7214,-0.6131990772876561,-0.2059060928123979,2.27161030268867,-1.5578230782252438,-0.4181196297837354,0.6831915220483598,1
121.0443089,14.6621443,0.6381758870777036,-0.9495361902599384,2.702339801512591,-0.60447735953063,0.0198372494337333,0.3695739170850801,1
121.082236,14.665648,-0.0868865388106371,-0.3703371894271761,2.4928216816755246,-0.9775005085333184,-0.3175076650649951,0.4043070054551431,1
121.0443089,14.6621443,0.2360374254752626,-0.9495361902599384,2.703123284905161,-0.605186582855256,0.0224653672823146,0.3664640682316404,1
121.047541,14.714922,-0.5507552167903826,-0.3270428570528958,2.2562843781647866,-1.3695957078107308,-0.5156164535483901,-0.5686942972900941,1
121.059136,14.682138,-0.3766260515179859,-0.6151403418315272,1.6107550675115727,-1.8074735242681577,-1.1599811807095657,-0.6602349302689597,1
121.082236,14.696697,-0.5507552167903826,-0.1959687439919038,2.667117351527436,-0.7890305629016274,-0.2447006537981814,-0.6331216435950507,1
121.0245,14.66958,-0.5507552167903826,-1.1158355208517268,2.7259752893264206,-1.5208241777780125,0.1983487181035496,1.9140510427202928,1
121.082236,14.665648,0.5982118163594485,-0.3703371894271761,2.51162528309721,-0.9945218683243432,-0.2544328366990445,0.3296706329725919,1
121.101626,14.6752022,-0.5381415569699335,-0.0529170062223754,2.069037471112174,-1.7740207404440564,-0.5303722435793745,0.555075346135775,1
121.096563,14.681641,-0.5061524592923302,-0.1006322315036086,2.1509442102366108,-1.3696365789407623,-0.6667211772143995,0.6009101458866065,1
121.06821,14.702178,-0.4793908047934987,-0.3094767900953608,3.596190787128429,0.1497782113771682,1.0284078641698549,2.064360025330224,1
121.0443089,14.6621443,-0.2572690724531975,-0.9495361902599384,2.640444613499544,-0.5484487168851723,-0.1877840606041874,0.6152519765068108,1
121.06821,14.702178,-0.6599784493516135,-0.3094767900953608,3.5578001008924893,0.1845301542838444,0.8996300895893723,2.216742619148765,1
121.082236,14.665648,0.72666775795384,-0.3703371894271761,2.503790449171508,-0.9874296350780828,-0.2807140151848572,0.3607691215069883,1
121.0443089,14.6621443,-0.1850126053063525,-0.9495361902599384,2.644362030462395,-0.5519948335083025,-0.1746434713612811,0.5997027322396127,1
121.0306,14.61633,-0.5260452891364616,-0.6481593435764931,1.8201715198500807,1.469362832248323,-0.3533195374464852,-0.5605572447553073,1
121.0443089,14.6621443,1.2558348729107338,-0.9495361902599384,2.703906768297731,-0.605895806179882,0.0250934851308959,0.3633542193782009,1
121.059136,14.682138,-0.5329141137911617,-0.6151403418315272,1.5198709939734278,-1.7252036186115367,-1.4648428511449938,-0.299492463269963,1
121.096563,14.681641,-0.3790346004228807,-0.1006322315036086,2.1568203356808877,-1.374955753875458,-0.6470102933500399,0.5775862794858094,1
121.082236,14.665648,-0.4793908047934987,-0.3703371894271761,2.4226999180404905,-0.9140250209792872,-0.5527242125130194,0.6826384778379899,1
121.0537034,14.69782951,-0.6450454461412656,-0.5084391960977196,2.105087567863161,-1.5857058957295127,-0.6612427991641524,-0.2540088437370995,1
121.053576,14.669878,0.0023189761854677,-0.7794775420954605,2.6952164806908905,-0.951259330822067,0.1469862041852667,0.347292415285539,1
121.0944362,14.67746243,-0.2010695980056514,-0.1505743013981397,1.6040418611998235,-1.5876011913452492,-1.3224356465950298,-0.4767350103434105,1
121.0521,14.7214,-0.6239037390871888,-0.2059060928123979,2.27161030268867,-1.5578230782252438,-0.4181196297837354,0.6831915220483598,1
121.031359,14.649214,0.8765330231472959,-1.1059654165715245,4.135797071850217,1.6301992219321164,0.7163240500964242,1.343842038658262,1
121.0306,14.61633,0.6731890517136747,-0.6481593435764931,1.9239830693656343,1.375390741735372,-0.0050939225094661,-0.972612217836058,1
121.06821,14.702178,-0.68456348928454,-0.3094767900953608,3.5515322337519275,0.1902039408808527,0.8786051468007221,2.2416214099762826,1
121.082236,14.665648,0.0023189761854677,-0.3703371894271761,2.4771520138241203,-0.9633160420407972,-0.3700700220366207,0.4665039825239358,1
121.082236,14.665648,-0.0892058822005358,-0.3703371894271761,2.5096665746157845,-0.9927488100127784,-0.2610031313204977,0.3374452551061911,1
121.0867,14.66593,1.077245431888532,-0.3023417188529426,1.6964393040482064,-1.457445608987535,-1.1524332046349623,-0.6866309703779742,1
121.082236,14.665648,0.2097217985514116,-0.3703371894271761,2.5135839915786358,-0.9962949266359084,-0.2478625420775912,0.3218960108389929,1
121.082236,14.665648,1.964840306099776,-0.3703371894271761,2.49242993997924,-0.9771458968710052,-0.3188217239892858,0.405861929881863,1
121.099349,14.709116,-0.7113251437833715,0.1287119002624182,2.01516614295596,-1.578668101511621,-0.8340474387947178,-0.1602384934536695,1
121.082236,14.696697,-0.4649395113641297,-0.1959687439919038,2.6749521854531384,-0.796122796147888,-0.2184194753123688,-0.664220132129447,1
121.082236,14.665648,-0.5290782766463292,-0.3703371894271761,2.406246766796516,-0.8991313311621403,-0.6079146873332262,0.7479453037602222,1
121.0443089,14.6621443,-0.6399607317864876,-0.9495361902599384,-0.3656800261646038,-0.106360546523541,0.2607378498031371,0.9534087662204924,0
121.082236,14.665648,-0.1458335431200632,-0.3703371894271761,2.499481290512372,-0.9835289067926396,-0.2951686633520542,0.3778732902009063,1
121.0443089,14.6621443,-0.5685963197896037,-0.9495361902599384,2.6365271965366928,-0.5449026002620421,-0.2009246498470938,0.630801220774009,1
121.096563,14.681641,-0.4472768193949009,-0.1006322315036086,2.162696461125164,-1.3802749288101532,-0.6272994094856803,0.5542624130850121,1
121.0443089,14.6621443,0.4483465511659923,-0.9495361902599384,2.7227103697194166,-0.6229171659709071,0.0881683134968465,0.2887178468956498,1
121.0443089,14.6621443,-0.4832444830413305,-0.9495361902599384,2.710174635438293,-0.6115695927768904,0.0461184279195461,0.3384754285506838,1
121.076504,14.640624,-0.1818012067664927,-0.4251984560598393,3.413949012845373,0.970091044671368,0.3795868484535001,-0.4338824480914934,1
121.082236,14.696697,-0.4437085987950568,-0.1959687439919038,2.6679008349200064,-0.7897397862262535,-0.2420725359496003,-0.6362314924484903,1
121.0521,14.7214,-0.5329141137911617,-0.2059060928123979,2.27161030268867,-1.5578230782252438,-0.4181196297837354,0.6831915220483598,1
121.096563,14.681641,-0.5150730107919407,-0.1006322315036086,2.14937724345147,-1.3682181322915106,-0.6719774129115621,0.6071298435934859,1
121.096563,14.681641,-0.4793908047934987,-0.1006322315036086,2.1509442102366108,-1.3696365789407623,-0.6667211772143995,0.6009101458866065,1
121.014157,14.637511,-0.2208732223347867,-0.978315830911308,3.2859299547153835,1.4500260295664609,-0.1866028776323905,0.401280735154242,1
121.049276,14.695099,-0.6524495038859423,-0.5832779196426434,1.826492399365372,-1.6309593329567418,-1.080451160358251,-0.2007967989343809,1
121.096563,14.681641,-0.5793009815891362,-0.1006322315036086,2.1509442102366108,-1.3696365789407623,-0.6667211772143995,0.6009101458866065,1
121.007705,14.65593,-0.5953579742884352,-1.245001712860616,2.02852210040275,-0.7919648744006001,-1.3177413340037285,-0.3953679661971261,1
121.0443089,14.6621443,-0.4649395113641297,-0.9495361902599384,2.6905875506240378,-0.5938390096612393,-0.0195845182949858,0.4162216498866745,1
121.059136,14.682138,-0.3188208778005098,-0.6151403418315272,1.608796359030147,-1.805700465956593,-1.1665514753310189,-0.6524603081353607,1
121.082236,14.696697,-0.1239960330490167,-0.1959687439919038,2.696889720445105,-0.8159810492374171,-0.144832175552093,-0.7512959000257564,1
121.082236,14.665648,-0.1239960330490167,-0.3703371894271761,2.521810567200623,-1.003741771544482,-0.2202673046674879,0.2892425978778767,1
121.0443089,14.6621443,-0.3455825322993414,-0.9495361902599384,2.644362030462395,-0.5519948335083025,-0.1746434713612811,0.5997027322396127,1
121.096563,14.681641,-0.685776684288487,-0.1006322315036086,2.138408475955487,-1.3582890057467458,-0.7087710627917,0.6506677275416406,1
121.082236,14.696697,-0.469399787113935,-0.1959687439919038,2.692972303482253,-0.8124349326142869,-0.1579727647949994,-0.7357466557585584,1
121.076504,14.640624,0.0201600791846888,-0.4251984560598393,3.444113123459326,0.9427859466732652,0.4807693856238793,-0.5536116289489189,1
121.06821,14.702178,-0.6232614593792167,-0.3094767900953608,3.647900691038064,0.1029694719518492,1.2018636421762192,1.859110001003208,1
121.076504,14.640624,-0.3991058412970043,-0.4251984560598393,3.371640909646581,1.0083891042011743,0.2376684846301114,-0.2659506100057535,1
121.082236,14.696697,-0.7549466406164669,-0.1959687439919038,2.553512259604755,-0.686193180830851,-0.6257777418424666,-0.1821935598463046,1
121.0366,14.66025,-0.1119532885245426,-1.0704384677155525,3.5944380983001856,1.1893322756966194,0.3551611231645701,0.4419316358757272,1
121.096563,14.681641,-0.5381415569699335,-0.1006322315036086,2.1830670293319896,-1.3987147352504306,-0.5589683454225672,0.4734063428955817,1
121.096563,14.681641,-0.5715222606814759,-0.1006322315036086,2.120780099622657,-1.34233148094266,-0.7679037143847788,0.7206393267440322,1
121.06821,14.702178,-0.752948437080554,-0.3094767900953608,3.5225433482268294,0.2164452038920164,0.7813647864032148,2.356685817553549,1
121.059136,14.682138,-0.722743449702873,-0.6151403418315272,1.5982193332304493,-1.7961259510741412,-1.2020310662868663,-0.6104773486139257,1
121.0524179,14.67479772,-0.229615362804405,-0.7624781963113475,2.598659208170135,-0.7105358664868896,-0.1495726028956595,0.4324679925292846,1
121.096563,14.681641,-0.6256521671811124,-0.1006322315036086,2.1658303946954445,-1.3831118221086576,-0.6167869380913553,0.5418230176712536,1
121.0521,14.7214,-0.5329141137911617,-0.2059060928123979,2.310784472317181,-1.593284244456546,-0.2867137373546716,0.5276990793763783,1
121.06821,14.702178,-0.6720747171850854,-0.3094767900953608,3.5256772817971105,0.2136083105935122,0.7918772577975398,2.3442464221397903,1
121.096563,14.681641,-0.3509348631991076,-0.1006322315036086,2.1568203356808877,-1.374955753875458,-0.6470102933500399,0.5775862794858094,1
121.0630947,14.72807804,-0.6613700553855528,-0.0353558870317688,2.873392841491699,-0.4991581357362168,0.2817553346809439,1.036668609022478,1
121.017741,14.650571,-0.229615362804405,-1.1886892024054776,3.67498481812763,2.403789100419629,0.0707219907404365,0.2389540645457368,1
121.0521,14.7214,-0.3545030837989519,-0.2059060928123979,2.3452577415902702,-1.624490070740092,-0.1710765520170953,0.3908657298250345,1
121.0521,14.7214,-0.6506653935860202,-0.2059060928123979,2.27161030268867,-1.5578230782252438,-0.4181196297837354,0.6831915220483598,1
121.0521,14.7214,-0.4433517767350723,-0.2059060928123979,2.296681771250917,-1.5805182246132772,-0.3340198586291346,0.5836763587382917,1
121.017741,14.650571,-0.2474564658036259,-1.1886892024054776,3.67498481812763,2.403789100419629,0.0707219907404365,0.2389540645457368,1
121.0443089,14.6621443,-0.4080263927966148,-0.9495361902599384,2.626733654129565,-0.5360373087042165,-0.2337761229543598,0.6696743314420043,1
121.082236,14.665648,0.3056177271722246,-0.3703371894271761,2.5135839915786358,-0.9962949266359084,-0.2478625420775912,0.3218960108389929,1
121.04015,14.65954,-0.3545030837989519,-1.018373422103948,2.998783209918927,0.0935186503007156,-0.0545146700586796,0.5674007953024195,1
121.014874,14.643229,-0.176092053806742,-1.0659318052883369,3.513441014369306,1.46713703130255,-0.054210956742665,-0.0198869763067214,1
121.0498783,14.68304618,-0.7291662467825926,-0.7180310100675832,1.9420516831819667,-1.3730488585760945,-1.090410446496337,0.0236741141750521,1
121.0521,14.7214,-0.1762347826307358,-0.2059060928123979,2.3444742581977,-1.623780847415466,-0.1737046698656766,0.3939755786784742,1
121.096563,14.681641,-0.4579814811944336,-0.1006322315036086,2.133707575600066,-1.3540336657989895,-0.7245397698831877,0.6693268206622783,1
121.0532797,14.71884115,-0.647097172986176,-0.2338994436076662,1.919523310000872,-1.5386844579702803,-0.9491623654194364,-0.4273336626999101,1
121.082236,14.696697,-0.5364823343910059,-0.1959687439919038,2.6679008349200064,-0.7897397862262535,-0.2420725359496003,-0.6362314924484903,1
121.0232,14.63518,3.1371791841785863,-0.9576936031112676,3.713503361490917,0.9491021296560622,1.1264687820189214,0.4717880939840931,1
121.020608,14.673444,0.0023189761854677,-1.0622877977514984,2.781173406392974,-1.6799958985172545,0.8911703331228582,-0.8621550889880308,1
121.0306,14.61633,2.2462837059124867,-0.6481593435764931,2.1547189284775627,1.166524472633002,0.7688867838977197,-1.8884627051740288,1
120.996952,14.633569,2.76768994106472,-1.083943625077901,3.5884780682593718,0.5440304651464128,0.7572361544869396,-0.9451423604954556,1
121.0521,14.7214,2.2955251501903366,-0.2059060928123979,2.745226013497365,-1.986548577961688,1.1705776096836462,-1.1967121098558955,1
121.049634,14.721256,2.2955251501903366,-0.223505040270922,2.830103005418136,-1.863468711214403,1.2769126336470886,-1.1849698128175488,1
121.0800336,14.6521428,3.057914731773648,-0.408245985349249,3.53668038972578,1.5370848413099425,0.8078245013066995,-2.247926941737319,1
121.082236,14.665648,1.2511961861309364,-0.3703371894271761,2.727866699446589,-1.1902675059211314,0.4709276895093875,-0.5286476505767452,1
121.076504,14.640624,1.608018246115356,-0.4251984560598393,3.6458600970461568,0.760160940582059,1.157509731633558,-1.3543977087096235,1
121.082236,14.665648,1.608018246115356,-0.3703371894271761,2.727866699446589,-1.1902675059211314,0.4709276895093875,-0.5286476505767452,1
121.0944213,14.6774248,1.6272866373545147,-0.1509505351873253,1.9307544359016031,-1.8833473177143096,-0.2265105037366378,-1.7735419822277354,1
121.0521,14.7214,1.837847334951321,-0.2059060928123979,2.745226013497365,-1.986548577961688,1.1705776096836462,-1.1967121098558955,1
121.0306,14.61633,3.6936431867242887,-0.6481593435764931,2.242860810141712,1.086736848612572,1.0645500418631135,-2.2383207011859865,1
121.0800336,14.6521428,1.7921384290673166,-0.408245985349249,3.481574085309353,1.586968063847515,0.6229758324267356,-2.029195722630643,1
121.0306,14.61633,3.477765840433715,-0.6481593435764931,2.2193563083646057,1.1080135483513534,0.985706506405675,-2.1450252355827977,1
121.011409,14.671224,0.9835796411426218,-1.0639266445807574,2.9756223908683923,-2.1090722142594256,1.6438618678091406,0.0050831332505679,1
121.011409,14.671224,-0.3545030837989519,-1.0639266445807574,2.787978118347825,-1.939213228011488,1.0144276430739254,0.7498919336493594,1
121.0306,14.61633,4.335922894696244,-0.6481593435764931,2.2193563083646057,1.1080135483513534,0.985706506405675,-2.1450252355827977,1
121.0521,14.7214,1.6893736757918036,-0.2059060928123979,2.609683386582718,-1.863852942801382,0.7159132218790852,-0.6587082582108398,1
121.042788,14.6820013,0.5817980016001653,-0.8053534451176755,2.898685825077942,-1.4374829435345935,1.05982686458581,-0.6885471417502501,1
121.017024,14.63709,0.4126643451675503,-0.9830886569728564,3.783861462807157,1.1874521904117863,1.1321553096975343,0.4207354767427324,1
121.082236,14.665648,1.5188127311192512,-0.3703371894271761,2.727866699446589,-1.1902675059211314,0.4709276895093875,-0.5286476505767452,1
121.0306,14.61633,3.4706293992340265,-0.6481593435764931,2.242860810141712,1.086736848612572,1.0645500418631135,-2.2383207011859865,1
121.082236,14.665648,1.0727851561387267,-0.3703371894271761,2.755288618186547,-1.215090322283043,0.5629118142097325,-0.6374923604471321,1
121.0437003,14.6760413,2.58927891107251,-0.861032381558638,3.079397793741977,-0.8578068566710532,0.9837489952327804,-0.8208054972688515,1
121.0800336,14.6521428,2.070459635855164,-0.408245985349249,3.532500505826418,1.5408685477468222,0.7938034925845184,-2.2313358981042186,1
121.0521,14.7214,0.8167296458939072,-0.2059060928123979,2.6472905894260883,-1.897895662383432,0.8420628786109866,-0.8079810031759419,1
121.06821,14.702178,2.009443063597828,-0.3094767900953608,3.870409974528005,-0.0984499522419473,1.948249111173301,0.975912926626354,1
121.0521,14.7214,0.3412999331706664,-0.2059060928123979,2.699392235032008,-1.945059013471064,1.0168327155416417,-1.0147859519296774,1
121.0521,14.7214,0.9375495954046316,-0.2059060928123979,2.6629602572774926,-1.912080128875953,0.8946252355826123,-0.8701779802447346,1
121.0800336,14.6521428,2.330582917583806,-0.408245985349249,3.536026181092984,1.537677042786005,0.8056300229031342,-2.245330217944697,1
121.0521,14.7214,0.8137323405900381,-0.2059060928123979,2.699392235032008,-1.945059013471064,1.0168327155416417,-1.0147859519296774,1
121.0800336,14.6521428,1.8820575881833903,-0.408245985349249,3.498027236553328,1.5720743740303682,0.6781663072469423,-2.094502548552875,1
121.0800336,14.6521428,1.9163125059418944,-0.408245985349249,3.50429510369389,1.56640058743336,0.6991912500355925,-2.1193813393803924,1
121.002687,14.663787,1.608018246115356,-1.2089231725991885,2.813764639264143,-1.3658084949340368,0.8854940404505884,-1.3386641157332717,1
121.06821,14.702178,1.1862545712137722,-0.3094767900953608,4.023972719471767,-0.237457723868652,2.4633602094952307,0.3663825513521872,1
121.049276,14.695099,-0.176092053806742,-0.5832779196426434,2.18376082637739,-1.954365168986218,0.1179705785948108,-1.6188878761028511,1
121.0451159,14.6573016,2.1432513360919856,-0.9442515408702452,3.127720574552555,0.1442575153092826,0.6542718983191312,-0.6691560843486617,1
121.06821,14.702178,0.8167296458939072,-0.3094767900953608,3.971871073865848,-0.19029437278102,2.288590372564576,0.5731875001059228,1
121.014874,14.643229,1.8777757234635768,-1.0659318052883369,3.8468131979079327,1.165362506674168,1.0640531878286683,-1.3431276634452831,1
121.043543,14.613141,0.9835796411426218,-0.5347988795562423,3.500372557692844,0.6444232557118847,0.8947256400173267,0.1514120955684121,1
121.0800336,14.6521428,1.8756347911036708,-0.408245985349249,3.498027236553328,1.5720743740303682,0.6781663072469423,-2.094502548552875,1
121.043543,14.613141,2.5312953263250417,-0.5347988795562423,3.518000934025674,0.6284657309077988,0.9538582916104053,0.0814404963660204,1
121.06821,14.702178,0.8137323405900381,-0.3094767900953608,4.023972719471767,-0.237457723868652,2.4633602094952307,0.3663825513521872,1
121.076504,14.640624,1.3404017011270413,-0.4251984560598393,3.679549882926676,0.729664337623139,1.2705187991225528,-1.4881212094075276,1
121.06821,14.702178,0.6267575811582021,-0.3094767900953608,3.874719133187141,-0.1023506805273905,1.9627037593404977,0.958808757932436,1
121.076504,14.640624,1.0727851561387267,-0.4251984560598393,3.6458600970461568,0.760160940582059,1.157509731633558,-1.3543977087096235,1
121.035979,14.637561,3.659745091025769,-0.9230831265247637,4.128124152776216,2.827514997435947,1.138193832797715,0.6248421697174092,1
121.0800336,14.6521428,2.2934734233454264,-0.408245985349249,3.529758313952422,1.5433508293830136,0.7846050801144838,-2.22045142711718,1
121.082236,14.665648,3.5860613356389863,-0.3703371894271761,2.7548968764902617,-1.21473571062073,0.5615977552854416,-0.6359374360204122,1
121.0800336,14.6521428,1.3207764878278982,-0.408245985349249,3.555613265907239,1.5199464596703538,0.871332969117666,-2.323076439280688,1
121.0443089,14.6621443,0.9817955308426995,-0.9495361902599384,2.9185812178619703,-0.8002229971274181,0.7451977756421658,-0.488744366464257,1
121.082236,14.665648,1.2601167376305469,-0.3703371894271761,2.747453784260845,-1.2079980890367823,0.5366306357239197,-0.6063938719127359,1
121.0800336,14.6521428,1.8585073322244183,-0.408245985349249,3.4937180778941923,1.5759751023158115,0.6637116590797453,-2.0773983798589573,1
120.996952,14.633569,3.7953374738198487,-1.083943625077901,3.615508245303044,0.5195622604468143,0.8479062202629938,-1.0524321459391228,1
121.0306,14.61633,3.9016704476952055,-0.6481593435764931,2.218572824972036,1.108722771675979,0.9830783885570938,-2.141915386729358,1
121.0306,14.61633,3.1031026774500745,-0.6481593435764931,2.1778316885583844,1.1456023845565335,0.8464162604308674,-1.9802032463504973,1
121.0800336,14.6521428,1.884198520543297,-0.408245985349249,3.4984189782496133,1.5717197623680552,0.6794803661712331,-2.096057472979595,1
121.082236,14.665648,1.9826814090989968,-0.3703371894271761,2.8453892083321217,-1.296651004615038,0.8651453667965793,-0.9951249785926892,1
121.0794,14.64897,3.057911163553048,-0.4117268660833392,3.7243289238329655,1.627611391788629,1.0916278109671953,-2.1891728080989226,1
121.076504,14.640624,1.5188127311192512,-0.4251984560598393,3.6458600970461568,0.760160940582059,1.157509731633558,-1.3543977087096235,1
121.0443089,14.6621443,2.356630927962668,-0.9495361902599384,3.022001025681239,-0.8938404759780559,1.0921093316548944,-0.8992444151182878,1
121.076504,14.640624,2.289316446346608,-0.4251984560598393,3.8148182906539234,0.6072169306264523,1.7242633456801095,-2.02503661395388,1
121.0443089,14.6621443,0.2162338011461273,-0.9495361902599384,2.9338591440170894,-0.814052851957626,0.7964460736895006,-0.5493864191063298,1
121.0306,14.61633,2.1218420124929205,-0.6481593435764931,2.1500180281221417,1.1707798125807585,0.7531180768062321,-1.8698036120533907,1
121.082236,14.665648,2.732007735066278,-0.3703371894271761,2.870852418590653,-1.3197007626653845,0.9505591968754707,-1.0961950663294773,1
121.035979,14.637561,4.3044511890056185,-0.9230831265247637,4.292616491046333,2.6786135604307093,1.689967175107354,-0.028070597062241,1
121.076504,14.687194,0.3468306751004249,-0.347535967062333,3.032754323317917,0.0377411015473965,0.8570248478273789,-1.3910244285622,1
121.0521,14.7214,1.67938265811224,-0.2059060928123979,2.609683386582718,-1.863852942801382,0.7159132218790852,-0.6587082582108398,1
121.082236,14.665648,-0.7946430947897335,-0.3703371894271761,2.80073065495562,-1.2562252751113536,0.7153426494274465,-0.8178635939466307,1
121.053576,14.669878,0.2949130653726919,-0.7794775420954605,3.1327919554413564,-1.3473605576257128,1.6147900226179095,-1.389558169360493,1
121.0306,14.61633,3.909520533014863,-0.6481593435764931,2.2193563083646057,1.1080135483513534,0.985706506405675,-2.1450252355827977,1
121.0800336,14.6521428,2.356630927962668,-0.408245985349249,3.5023363952124646,1.568173645744925,0.6926209554141393,-2.111606717246793,1
121.0794,14.64897,2.330582917583806,-0.4117268660833392,3.7236747152001697,1.6282035932646917,1.08943333256363,-2.1865760843063,1
121.0521,14.7214,2.493829010026678,-0.2059060928123979,2.636321821930105,-1.8879665358386677,0.8052692287308488,-0.7644431192277873,1
121.076504,14.640624,1.625859349114577,-0.4251984560598393,3.661490590727933,0.7460119352557694,1.2099406827127546,-1.416439193335744,1
121.035979,14.637561,4.3044511890056185,-0.9230831265247637,4.332613318237042,2.6424077097085497,1.824132591277428,-0.1868283810303337,1
121.082236,14.665648,1.2690372891301571,-0.3703371894271761,2.747453784260845,-1.2079980890367823,0.5366306357239197,-0.6063938719127359,1
121.0800336,14.6521428,2.2392364702277945,-0.408245985349249,3.4984189782496133,1.5717197623680552,0.6794803661712331,-2.096057472979595,1
121.0794,14.64897,1.5919612534160572,-0.4117268660833392,3.720149039933604,1.631395098225509,1.0776068022450145,-2.172581764465822,1
121.0800336,14.6521428,1.964661895069783,-0.408245985349249,3.559138941173805,1.516754954709537,0.8831594994362819,-2.337070759121166,1
121.063607,14.615364,1.0817057076383372,-0.384690533634682,4.555054452820717,2.618139187412803,1.9939994135134624,0.8845507119946828,1
121.082236,14.665648,2.678484426068615,-0.3703371894271761,2.8453892083321217,-1.296651004615038,0.8651453667965793,-0.9951249785926892,1
121.082236,14.665648,1.46639557050754,-0.3703371894271761,2.9742722264099224,-1.4133182415160224,1.2974707528881992,-1.5066951149835082,1
121.0794,14.64897,1.8820575881833903,-0.4117268660833392,3.685675770660514,1.662600924509055,0.961969616907438,-2.035748414914478,1
121.0800336,14.6521428,3.056002165532131,-0.408245985349249,3.5364179227892687,1.537322431123692,0.8069440818274248,-2.2468851423714167,1
121.042788,14.6820013,1.3225605981278203,-0.8053534451176755,2.9801680979052443,-1.511242169295702,1.3331511208382627,-1.0119714225079717,1
121.0443089,14.6621443,0.3270270507712896,-0.9495361902599384,3.022001025681239,-0.8938404759780559,1.0921093316548944,-0.8992444151182878,1
121.082236,14.665648,0.6267575811582021,-0.3703371894271761,2.727866699446589,-1.1902675059211314,0.4709276895093875,-0.5286476505767452,1
121.082236,14.696697,1.8756347911036708,-0.1959687439919038,2.902945852691071,-1.0025067836140669,0.5463628186247826,-1.5691861484803789,1
121.0521,14.7214,1.2172980904324164,-0.2059060928123979,2.722113253416544,-1.9656264898852196,1.0930481331504986,-1.1049715686794266,1
121.0800336,14.6521428,2.3038212630849744,-0.408245985349249,3.5752003507214947,1.502215876554703,0.937035915332198,-2.4008226606166785,1
121.0800336,14.6521428,2.6089041243716533,-0.408245985349249,3.5419023065372603,1.5323578678513097,0.8253409067674936,-2.268654084345494,1
121.0800336,14.6521428,2.286693804205722,-0.408245985349249,3.4913676277164813,1.5781027722896894,0.6558273055340015,-2.0680688332986383,1
121.0306,14.61633,2.807475600752982,-0.6481593435764931,2.1895839394469374,1.134964034687143,0.8858380281595865,-2.026850979152092,1
121.0521,14.7214,0.7159630961543071,-0.2059060928123979,2.5850036597167563,-1.8415124080756613,0.6331275096487751,-0.5607480193274913,1
121.082236,14.665648,1.0727851561387267,-0.3703371894271761,2.727866699446589,-1.1902675059211314,0.4709276895093875,-0.5286476505767452,1
121.0794,14.64897,1.9163125059418944,-0.4117268660833392,3.691943637801076,1.6569271379120467,0.982994559696088,-2.060627205741996,1
121.076504,14.640624,0.9835796411426218,-0.4251984560598393,3.677199432748965,0.7317920075970171,1.2626344455768093,-1.4787916628472086,1
121.0800336,14.6521428,2.291154079955528,-0.408245985349249,3.5293665722561367,1.5437054410453266,0.7832910211901932,-2.21889650269046,1
121.011409,14.671224,0.9835796411426218,-1.0639266445807574,2.9446747968618685,-2.0810578929366965,1.5400512127901802,0.1279221629614334,1
121.082236,14.665648,0.823009714149633,-0.3703371894271761,2.751371201223696,-1.2115442056599128,0.5497712249668258,-0.621943116179934,1
121.0800336,14.6521428,2.864031897260513,-0.408245985349249,3.6261267712385594,1.4561163604540095,1.107863575489981,-2.602962836090254,1
121.076504,14.640624,2.3038212630849744,-0.4251984560598393,3.661490590727933,0.7460119352557694,1.2099406827127546,-1.416439193335744,1
121.0306,14.61633,3.1958764130460238,-0.6481593435764931,2.188016972661797,1.136382481336395,0.880581792462424,-2.0206312814452128,1
121.0800336,14.6521428,2.1882109156500222,-0.408245985349249,3.5540462991220987,1.5213649063196062,0.8660767334205036,-2.3168567415738086,1
121.06821,14.702178,2.0754551446949456,-0.3094767900953608,4.1101558926544906,-0.3154722895775169,2.752453172839171,0.024299177473828,1
121.0443089,14.6621443,0.0558422851831307,-0.9495361902599384,-0.0667811118990666,-0.3769292448683769,1.263364809036894,-0.2329985713667254,0
121.0443089,14.6621443,2.277487795058124,-0.9495361902599384,3.090046558325962,-0.955436521721828,1.3203613668041785,-1.1693347880395195,1
121.0579107,14.72802107,1.697223761111461,-0.0738859551144224,3.319657917230315,-0.2200890035368563,1.4742229522357204,-0.8394757778931544,1
121.06821,14.702178,2.564747394448581,-0.3094767900953608,4.069806497937125,-0.2789472883592756,2.6171051036372357,0.1844563934259687,1
121.079377,14.64916932,1.7921384290673166,-0.4125379935646048,3.6472368753592974,1.571845158060624,0.8825786919783001,-1.968664450870356,1
121.079377,14.64916932,2.785798660608929,-0.4125379935646048,3.756141066926558,1.4732631159376035,1.2478870729310974,-2.400933441498464,1
121.0800336,14.6521428,2.785798660608929,-0.408245985349249,3.5904782768766137,1.4883860217244949,0.9882842133795328,-2.461464713258751,1
121.0800336,14.6521428,2.2392364702277945,-0.408245985349249,3.4839245354870645,1.584840393873637,0.6308601859724793,-2.038525269190962,1
121.079377,14.64916932,2.2934734233454264,-0.4125379935646048,3.6954211040023663,1.528227923596122,1.0442079396660484,-2.1599201553568927,1
121.079377,14.64916932,1.884198520543297,-0.4125379935646048,3.6640817682995577,1.556596856581164,0.9390832257227976,-2.035526201219308,1
121.079377,14.64916932,1.8585073322244183,-0.4125379935646048,3.6593808679441366,1.56085219652892,0.92331451863131,-2.01686710809867,1
121.079377,14.64916932,2.2392364702277945,-0.4125379935646048,3.649587325537009,1.569717488086746,0.8904630455240439,-1.9779939974306744,1
121.076504,14.640624,3.057914731773648,-0.4251984560598393,3.78362389937874,0.6354546572964384,1.6196248335388468,-1.9012179818541808,1
121.0800336,14.6521428,3.057914731773648,-0.408245985349249,3.5364179227892687,1.537322431123692,0.8069440818274248,-2.2468851423714167,1
121.082236,14.665648,1.3404017011270413,-0.3703371894271761,2.727866699446589,-1.1902675059211314,0.4709276895093875,-0.5286476505767452,1
121.0443089,14.6621443,2.345783537339142,-0.9495361902599384,2.840859665319005,-0.7298680433245146,0.484488485062903,-0.1802473602030462,1
121.0306,14.61633,0.751645302152749,-0.6481593435764931,1.992146124519243,1.3136883124929062,0.2235523303171049,-1.2431690680853058,1
121.096563,14.681641,-0.2826658825725885,-0.1006322315036086,2.2383026085081896,-1.4487149796365666,-0.3736860370975872,0.2541619987280877,1
121.082236,14.696697,1.3404017011270413,-0.1959687439919038,2.8857092180545263,-0.986903870472294,0.4885442259559945,-1.5007694737047073,1
121.082236,14.665648,0.8051686111504119,-0.3703371894271761,2.552758161207146,-1.0317560928672107,-0.1164566496485274,0.1664035681670115,1
121.0232,14.63518,2.196774645089648,-0.9576936031112676,3.63084586357476,1.02392519040411,0.8492023489935968,0.7998771480219735,1
121.082236,14.665648,2.571437808073289,-0.3703371894271761,2.54766551915544,-1.0271461412571414,-0.1335394156643058,0.1866175857143691,1
121.060025,14.643699,0.2039234400766648,-0.6784334902508429,2.736871134689478,-0.6244941669353811,-0.112213331011868,-0.9449266798450991,1
121.082236,14.665648,2.502392739466304,-0.3703371894271761,2.5558920947774277,-1.0345929861657148,-0.1059441782542023,0.1539641727532529,1
121.076504,14.687194,0.8051686111504119,-0.347535967062333,2.840800892138214,0.2115008160807774,0.2131359749249661,-0.629111459469491,1
121.082236,14.665648,0.9304131542049432,-0.3703371894271761,2.6076019986870613,-1.0814017255910338,0.0675115997521619,-0.0512858515737625,1
121.082236,14.665648,0.4483465511659923,-0.3703371894271761,2.5711700209325463,-1.0484228409959226,-0.0546958802068674,0.0933221201111802,1
121.042788,14.6820013,0.0023189761854677,-0.8053534451176755,2.816028327161784,-1.3626598827865457,0.7825604315604852,-0.3604580877123695,1
121.05875,14.68188,0.1807300061776776,-0.6222718748246528,1.6934125654277303,-1.8822965850162057,-0.8827147476842412,-0.9883239843068408,1
121.0944213,14.6774248,-0.1623544044973419,-0.1509505351873253,1.6866993591159811,-1.6624242520932968,-1.0451692135697053,-0.8048240643812911,1
121.0944213,14.6774248,0.7901820846310663,-0.1509505351873253,1.777583432654126,-1.744694157749918,-0.7403075431342772,-1.165566531380288,1
121.060025,14.643699,0.4711831630049952,-0.6784334902508429,2.7701691788737124,-0.654636158231988,-0.0005183224471638,-1.0770952561162834,1
121.076504,14.687194,0.0915244911815725,-0.347535967062333,2.872140227841023,0.1831318830957356,0.3182606888682173,-0.753505413607076,1
121.06821,14.702178,-0.265297568802847,-0.3094767900953608,3.737217797791069,0.0221180129444802,1.5014690769144845,1.5045872317110909,1
121.023475,14.649728,0.9835796411426218,-1.181603835216777,4.145333373838461,2.7068898366942293,0.5067506593840579,-0.3813632064195816,1
121.082236,14.665648,1.3211333098878826,-0.3703371894271761,2.724341024180023,-1.1870760009603143,0.4591011591907717,-0.514653330736267,1
121.014874,14.643229,0.5791218361502821,-1.0659318052883369,3.675622076631341,1.3203278031049588,0.4898094379136591,-0.6636256889687243,1
121.082236,14.665648,2.658859212769472,-0.3703371894271761,2.5531499029034315,-1.0321107045295237,-0.1151425907242367,0.1648486437402917,1
121.082236,14.665648,-0.211774259805184,-0.3703371894271761,2.5468820357628696,-1.0264369179325152,-0.136167533512887,0.1897274345678087,1
121.076504,14.687194,0.0130236379850003,-0.347535967062333,2.9034795635438315,0.1547629501106939,0.4233854028114683,-0.8778993677446613,1
121.082236,14.665648,2.6713479848689268,-0.3703371894271761,2.5539333862960016,-1.0328199278541497,-0.1125144728756555,0.161738794886852,1
121.0443089,14.6621443,0.5375520661620973,-0.9495361902599384,2.771678081755055,-0.6672436237600349,0.2524256790331762,0.094352293555673,1
121.0443089,14.6621443,0.8322870877092279,-0.9495361902599384,2.7548331888147954,-0.6519953222805749,0.1959211452886788,0.161214043904625,1
121.014874,14.643229,0.2560194608343901,-1.0659318052883369,3.743393390088664,1.2589799855248058,0.7171416318159395,-0.932627614791252,1
121.10406,14.67573,0.4615489673854158,-0.0149302106359472,2.505058993345163,-1.957382481742487,0.3726077163757018,1.261079128669111,1
121.082236,14.665648,1.3404017011270413,-0.3703371894271761,2.6456009432267167,-1.1157990568353968,0.1949753154083537,-0.2021135209655844,1
121.0521,14.7214,-0.3188208778005098,-0.2059060928123979,2.3891328115742025,-1.6642065769191503,-0.0239019524965438,0.2167141940324154,1
121.0443089,14.6621443,0.179391923452736,-0.9495361902599384,2.8578612549377787,-0.7452581894688998,0.541518642377117,-0.247731080322686,1
121.0944213,14.6774248,0.4840287571644343,-0.1509505351873253,1.839086878970888,-1.8003681887330625,-0.534000292020647,-1.4096896663752991,1
121.0443089,14.6621443,3.0174653830538136,-0.9495361902599384,2.8833244651963104,-0.7683079475192461,0.6269324724560084,-0.3488011680594738,1
121.082236,14.665648,0.1628889031784567,-0.3703371894271761,2.54766551915544,-1.0271461412571414,-0.1335394156643058,0.1866175857143691,1
121.076504,14.687194,-0.1111504388895775,-0.347535967062333,2.858037526774759,0.1958979029390045,0.2709545675937543,-0.6975281342451628,1
121.0443089,14.6621443,-0.4033877060168174,-0.9495361902599384,2.775987240414191,-0.6711443520454781,0.2668803272003732,0.077248124861755,1
121.076504,14.640624,0.757782641584481,-0.4251984560598393,3.493864318887535,0.8977502655595113,0.6476548690087905,-0.7510870311423353,1
121.042788,14.6820013,-0.3009797748012889,-0.8053534451176755,2.705948910505669,-1.2630140056765864,0.4133098738348156,0.0764756761958983,1
121.035979,14.637561,1.479562304520965,-0.9230831265247637,4.014519060853536,2.9303523795067234,0.75711674475343,1.0757702534661548,1
121.0306,14.61633,2.65707510246955,-0.6481593435764931,2.129255718219031,1.1895742306833486,0.6834729538188282,-1.7873926174372408,1
121.0366,14.66025,0.2972324087625906,-1.0704384677155525,3.661425928364939,1.1286936814410924,0.5798651992182695,0.176039558906639,1
121.05944157843,14.644571895081,0.4711831630049952,-0.6914088644766756,2.718535947043584,-0.2642072472514706,-0.288717283841921,-1.219295531116764,1
121.011409,14.671224,0.2520944181745615,-1.0639266445807574,2.597591653953263,-1.766871960127359,0.3757950058686752,1.5055852050351886,1
121.057875,14.636902,0.2039234400766648,-0.6629084913678163,3.838572065000346,0.80085851069355,0.6535178283177242,-0.1098990222922117,1
121.035979,14.637561,1.352890473226496,-0.9230831265247637,4.014519060853536,2.9303523795067234,0.75711674475343,1.0757702534661548,1
121.076504,14.640624,1.177690841774146,-0.4251984560598393,3.616087728128488,0.7871114269178485,1.0576412533874695,-1.2362234522789175,1
121.096563,14.681641,-0.193933156805963,-0.1006322315036086,2.2383026085081896,-1.4487149796365666,-0.3736860370975872,0.2541619987280877,1
121.06821,14.702178,-0.3317913596809436,-0.3094767900953608,3.697651886466272,0.0579337908380954,1.3687491255611304,1.661634598809792,1
121.076504,14.687194,-0.1671715023071315,-0.347535967062333,2.858037526774759,0.1958979029390045,0.2709545675937543,-0.6975281342451628,1
121.057875,14.636902,0.7942498561148887,-0.6629084913678163,3.8875397770359847,0.7565320529044223,0.8177751938540542,-0.3042645756321885,1
121.082236,14.696697,0.4773383435397264,-0.1959687439919038,2.885317476358241,-0.9865492588099808,0.4872301670317039,-1.4992145492779874,1
121.082236,14.696697,-0.1225687448090789,-0.1959687439919038,2.785423343805539,-0.8961232849201601,0.1521451413375913,-1.1027088204644346,1
121.0867,14.66593,1.608018246115356,-0.3023417188529426,1.74579875778013,-1.5021266784389755,-0.986861780174342,-0.8825514481446707,1
121.002687,14.663787,0.1807300061776776,-1.2089231725991885,2.5732352377450867,-1.1480769342738413,0.0786618609361362,-0.3839405177273057,1
121.082236,14.665648,1.5249233088964844,-0.3703371894271761,2.7141557400766105,-1.1778560977401755,0.4249356271592153,-0.4742252956415519,1
121.082236,14.665648,0.2984812859725361,-0.3703371894271761,2.555500353081142,-1.0342383745034018,-0.1072582371784929,0.1555190971799728,1
121.082236,14.665648,0.5568204574012559,-0.3703371894271761,2.7086713563286198,-1.1728915344677937,0.4065388022191464,-0.4524563536674745,1
120.996952,14.633569,0.8265779347494772,-1.083943625077901,3.4000503123462344,0.7145986747189764,0.1251738119031428,-0.1972237112432251,1
121.043543,14.613141,1.697223761111461,-0.5347988795562423,3.391468366125584,0.7430052978349052,0.5294172590645292,0.5836810861965206,1
121.082236,14.665648,1.9291581001013336,-0.3703371894271761,2.688692529818079,-1.1548063396898292,0.3395217970803239,-0.373155207904764,1
121.0306,14.61633,3.3029230310413493,-0.6481593435764931,2.101833799479073,1.21439704704526,0.5914888291184836,-1.6785479075668537,1
121.0245,14.66958,0.0023189761854677,-1.1158355208517268,2.925763554431825,-1.7016761255576534,0.868518769491775,1.1210395850931874,1
121.06821,14.702178,-0.0595004457068329,-0.3094767900953608,3.728991222169081,0.0295648578530536,1.4738738395043811,1.537240644672207,1
121.042788,14.6820013,-0.211774259805184,-0.8053534451176755,2.6859700839951284,-1.2449288108986225,0.3462928686959931,0.1557768219586088,1
121.082236,14.665648,0.2913448447728475,-0.3703371894271761,2.5923240725319423,-1.067571870760826,0.016263301704827,0.0093562010683102,1
121.076504,14.640624,1.0175223395986397,-0.4251984560598393,3.4822295905078677,0.9082822319302082,0.6086273189573586,-0.7049057756687568,1
121.0443089,14.6621443,0.6802808901558651,-0.9495361902599384,2.798316517102442,-0.6913572167973203,0.3417816858849395,-0.0113825674612743,1
121.0443089,14.6621443,0.8508418348284177,-0.9495361902599384,2.8057596093318597,-0.6980948383812677,0.3667488054464617,-0.0409261315689508,1
121.076504,14.640624,0.9202437254953874,-0.4251984560598393,3.506008311472373,0.8867573040278078,0.6883906956618003,-0.7992896883706496,1
121.0361368,14.6109081,1.3404017011270413,-0.5442635024960716,3.058114132195992,2.063156390434382,-0.358589330866908,-0.7938267112068,1
121.01559,14.634713,0.3440653041355457,-0.9421396568131089,3.750297931308798,1.0274630055593688,1.1619031728157942,0.6030185206120836,1
121.0521,14.7214,0.179391923452736,-0.2059060928123979,2.4851095271640538,-1.751086434185841,0.2980424839546624,-0.164242290513939,1
121.042788,14.6820013,0.0915244911815725,-0.8053534451176755,2.6581564235588857,-1.2197513828743975,0.2529946850713578,0.2661764562557156,1
121.0245,14.66958,-0.375912407398017,-1.1158355208517268,2.8282198720568337,-1.613377821641711,0.5413180973434062,1.508215767346421,1
121.0232,14.63518,2.1700129905908176,-0.9576936031112676,3.654350365351866,1.0026484906653286,0.9280458844510352,0.7065816824187848,1
121.0443089,14.6621443,0.3591410361698874,-0.9495361902599384,2.804192642546719,-0.6966763917320157,0.3614925697492991,-0.0347064338620716,1
121.082236,14.665648,0.3084723036520997,-0.3703371894271761,2.6405083011750103,-1.1111891052253275,0.1778925493925755,-0.1818995034182268,1
121.063607,14.615364,0.3418351662606431,-0.384690533634682,4.4273466598317714,2.733742589326848,1.5656162041947148,1.391456075105342,1
121.07087,14.64357,0.4218079104546511,-0.5207125606513193,3.647423417170844,2.2128326809720744,0.4971801235230151,-0.9563757600130486,1
121.076504,14.687194,0.2699355211737825,-0.347535967062333,2.840800892138214,0.2115008160807774,0.2131359749249661,-0.629111459469491,1
121.082236,14.665648,3.545133845358773,-0.3703371894271761,2.575870921287968,-1.052678180943679,-0.0389271731153797,0.0746630269905425,1
121.082236,14.665648,0.3948232421683293,-0.3703371894271761,2.6405083011750103,-1.1111891052253275,0.1778925493925755,-0.1818995034182268,1
121.082236,14.665648,0.5741263273105003,-0.3703371894271761,2.598591939672504,-1.0732456573578342,0.0372882444934772,-0.0155225897592067,1
121.0443089,14.6621443,0.5464726176617077,-0.9495361902599384,2.7959660669247315,-0.6892295468234423,0.3338973323391958,-0.0020530209009555,1
121.002687,14.663787,-0.158250950807521,-1.2089231725991885,2.6222029497807253,-1.1924033920629689,0.2429192264724659,-0.5783060710672823,1
120.996952,14.633569,-0.5754651444443037,-1.083943625077901,3.5062201468734244,0.6184918219989013,0.4813100615643913,-0.618639329372829,1
121.0443089,14.6621443,0.0023189761854677,-0.9495361902599384,2.7266277866822675,-0.6264632825940373,0.1013089027397529,0.2731686026284516,1
121.05689,14.64925,1.7960634717271453,-0.7494214314750065,3.449950150142517,1.3663481463734926,0.0265140965108961,-0.6918792712836397,1
121.082236,14.665648,0.3662774773695758,-0.3703371894271761,2.5923240725319423,-1.067571870760826,0.016263301704827,0.0093562010683102,1
121.04479,14.65931,1.524379155255008,-0.9482724418932452,2.8973199713127697,-0.3533860980353401,0.3940076653854247,-0.0906460380787624,1
121.076504,14.687194,-0.2028537083055735,-0.347535967062333,2.838058700264219,0.2139830977169686,0.2039375624549316,-0.6182269884824523,1
121.082236,14.665648,0.604456202409176,-0.3703371894271761,2.552758161207146,-1.0317560928672107,-0.1164566496485274,0.1664035681670115,1
121.101626,14.6752022,-0.1566987748465888,-0.0529170062223754,2.124273050288374,-1.8240209848301925,-0.3450899352543944,0.335831001968281,1
121.076504,14.687194,-0.1154323036093907,-0.347535967062333,2.8419761172270697,0.2104369810938384,0.217078151697838,-0.6337762327496504,1
121.0443089,14.6621443,-0.240676846663922,-0.9495361902599384,2.731720428733974,-0.6310732342041065,0.1183916687555312,0.252954585081094,1
121.0361368,14.6109081,0.8180142053098511,-0.5442635024960716,3.08631953432852,2.0376243507478446,-0.263977088317982,-0.9057812699306268,1
121.0306,14.61633,1.625859349114577,-0.6481593435764931,1.984703032289826,1.3204259340768536,0.1985852107555828,-1.2136255039776294,1
121.0306,14.61633,1.2547644067307806,-0.6481593435764931,2.12533830125618,1.1931203473064786,0.6703323645759218,-1.7718433731700425,1
121.082236,14.665648,1.5651995989172256,-0.3703371894271761,2.602509356635355,-1.0767917739809645,0.0504288337363836,-0.0310718340264049,1
121.0443089,14.6621443,0.8051686111504119,-0.9495361902599384,2.7434726796225277,-0.6417115840734973,0.1578134364842504,0.2063068522794996,1
121.053576,14.669878,0.6267575811582021,-0.7794775420954605,2.875025919285755,-1.114026083823744,0.7501392504346699,-0.3664178965788554,1
121.082236,14.696697,-0.5329141137911617,-0.1959687439919038,2.7227446723999216,-0.8393854189500767,-0.0581042865489109,-0.8539209121892642,1
121.076504,14.640624,0.8051686111504119,-0.4251984560598393,3.489163418532113,0.9020056055072676,0.631886161917303,-0.7324279380216976,1
121.082236,14.665648,0.8943741261465169,-0.3703371894271761,2.551582936118291,-1.0306922578802715,-0.1203988264213993,0.1710683414471709,1
121.0306,14.61633,1.8542254675046057,-0.6481593435764931,2.137874035537304,1.181772774112462,0.7123822501532222,-1.8216009548250764,1
121.057875,14.636902,0.2699355211737825,-0.6629084913678163,3.853066507762895,0.7877378791879681,0.702138008516478,-0.1674312260808448,1
121.0443089,14.6621443,-0.0806064705549113,-0.9495361902599384,2.724434033183071,-0.6244774572850844,0.0939501727637253,0.2818761794180826,1
121.0867,14.66593,1.796687910332118,-0.3023417188529426,1.7849729274086408,-1.537587844670278,-0.8554558877452783,-1.0380438908166525,1
121.076504,14.640624,0.7489691367028659,-0.4251984560598393,3.6321491376761776,0.7725723487630145,1.111517669283386,-1.29997535377443,1
121.082236,14.665648,-0.0012492444143764,-0.3703371894271761,2.555500353081142,-1.0342383745034018,-0.1072582371784929,0.1555190971799728,1
121.0443089,14.6621443,0.0244419439045017,-0.9495361902599384,2.7399470043559613,-0.63852007911268,0.1459869061656346,0.2203011721199779,1
121.076504,14.640624,0.6285416914581242,-0.4251984560598393,3.602768510454794,0.7991682234364912,1.012963249961588,-1.1833560217704435,1
121.076504,14.640624,1.2868783921293785,-0.4251984560598393,3.606685927417646,0.7956221068133611,1.0261038392044943,-1.198905266037642,1
121.039742,14.711837,0.823009714149633,-0.4153543067805889,3.2186046779543256,-0.6330519113867289,0.8799857393593111,0.9570349375272889,1
121.0764,14.67796,-0.1154323036093907,-0.4095494506493709,3.3312845953032446,1.5656297860145436,0.4718204047193249,-0.4724105122516202,1
120.994084,14.640461,0.4879537998242629,-1.138456972854323,2.888637032629829,0.1110247281894704,-0.4709576637499337,-1.231391898104887,1
121.05563,14.73014,0.6775155191909858,-0.0592457342445228,3.4111343994261607,0.7146374162550541,0.7916090315048082,-0.0057431230476846,1
121.053576,14.669878,-0.0431758364625457,-0.7794775420954605,2.721463174341993,-0.9750183121970396,0.2350281521127394,0.2431124786953115,1
121.082236,14.665648,2.6713479848689268,-0.3703371894271761,2.5531499029034315,-1.0321107045295237,-0.1151425907242367,0.1648486437402917,1
121.0443089,14.6621443,1.2511961861309364,-0.9495361902599384,2.833573269768102,-0.7232722664054924,0.4600469890710972,-0.1513257658660576,1
121.0443089,14.6621443,0.0915244911815725,-0.9495361902599384,2.837098945034668,-0.7264637713663096,0.4718735193897128,-0.1653200857065359,1
121.0443089,14.6621443,3.2758045544825336,-0.9495361902599384,2.806543092724429,-0.6988040617058938,0.3693769232950429,-0.0440359804223904,1
121.0443089,14.6621443,2.964834129206112,-0.9495361902599384,2.7630597644367825,-0.6594421671891484,0.2235163826987822,0.1285606309435089,1
121.063607,14.615364,1.4296072161231463,-0.384690533634682,4.544869168717304,2.6273590906329414,1.959833881481906,0.924978747089398,1
121.076504,14.640624,0.8051686111504119,-0.4251984560598393,3.4707515588067133,0.9186723536359798,0.5701253924756429,-0.6593464899658663,1
121.0306,14.61633,0.8586919201480749,-0.6481593435764931,1.9843112905935407,1.3207805457391666,0.1972711518312921,-1.2120705795509097,1
121.0306,14.61633,1.3404017011270413,-0.6481593435764931,1.9843112905935407,1.3207805457391666,0.1972711518312921,-1.2120705795509097,1
121.082236,14.665648,1.0717146899587735,-0.3703371894271761,2.5645104120957,-1.0423944427366012,-0.0770348819198082,0.119755835365417,1
121.082236,14.665648,0.6267575811582021,-0.3703371894271761,2.5868396887839507,-1.0626073074884437,-0.0021335232352418,0.0311251430423876,1
121.0443089,14.6621443,1.3404017011270413,-0.9495361902599384,2.761884539347927,-0.6583783322022093,0.2195742059259103,0.1332254042236683,1
121.0798,14.60892,3.0888297950506978,-0.1352330680166125,2.5711642230774308,0.808233844824161,-0.2025735284784865,-1.0123058313174325,1
120.99982,14.634442,2.196774645089648,-1.0425606784990205,3.465940276020328,0.6688372526447656,0.384636009619073,-0.6505457078973876,1
121.06821,14.702178,0.1985711091768985,-0.3094767900953608,3.792061635270984,-0.0275276197793429,1.6854373263151732,1.2868978119703167,1
121.082236,14.665648,0.0665469469826633,-0.3703371894271761,2.54766551915544,-1.0271461412571414,-0.1335394156643058,0.1866175857143691,1
121.082236,14.665648,-0.1225686020802551,-0.3703371894271761,2.610344190561057,-1.0838840072272249,0.0767100122221964,-0.0621703225608011,1
121.082236,14.696697,0.6267575811582021,-0.1959687439919038,2.7599601335470068,-0.8730735268698137,0.0667313112586996,-1.0016387327276468,1
121.060025,14.643699,0.3562150952780152,-0.6784334902508429,2.770310205884375,-0.6547638184304206,-4.526123441928608e-05,-1.0776550289099025,1
121.0443089,14.6621443,3.2529679426435307,-0.9495361902599384,2.804976125939289,-0.6973856150566418,0.3641206875978804,-0.0378162827155112,1
121.0443089,14.6621443,2.6151485104213803,-0.9495361902599384,2.7411222294448163,-0.6395839140996191,0.1499290829385065,0.2156363988398185,1
121.0443089,14.6621443,-0.7113251437833715,-0.9495361902599384,2.727803011771123,-0.6275271175809763,0.1052510795126248,0.2685038293482921,1
121.0443089,14.6621443,1.3404017011270413,-0.9495361902599384,2.8821492401074558,-0.7672441125323071,0.6229902956831364,-0.3441363947793144,1
121.001253,14.647173,0.733804199153528,-1.1459393834821494,2.347863107105128,-0.7931358597117983,-0.7258120126830315,-1.0080125921866991,1
121.0306,14.61633,0.9122152291457378,-0.6481593435764931,1.957281113549868,1.3452487504387651,0.1066010860552381,-1.1047807941072425,1
121.0306,14.61633,1.4249685293433487,-0.6481593435764931,1.9960635414820944,1.310142195869776,0.2366929195600113,-1.258718312352504,1
121.0911981,14.67372884,0.0665469469826633,-0.2128971319702061,1.81563218395209,-0.9473548337144516,-0.9305294575000376,-0.5875215556599265,1
121.05640715196,14.725692592848,0.4483465511659923,-0.1167396267964573,2.6145930726794577,-0.7483594163539308,0.1457659807441065,0.4708788418874257,1
121.0306,14.61633,1.3404017011270413,-0.6481593435764931,2.12533830125618,1.1931203473064786,0.6703323645759218,-1.7718433731700425,1
121.031359,14.649214,2.5114917019959067,-1.1059654165715245,4.264288348231732,1.5138865966934452,1.1473353772637538,0.8338268266941632,1
121.059136,14.682138,-0.0849240174807228,-0.6151403418315272,1.665990646687773,-1.857473768654294,-0.974698872384586,-0.8794792744364536,1
121.0521,14.7214,-0.0512043328121953,-0.2059060928123979,2.3891328115742025,-1.6642065769191503,-0.0239019524965438,0.2167141940324154,1
121.0521,14.7214,-0.211774259805184,-0.2059060928123979,2.3891328115742025,-1.6642065769191503,-0.0239019524965438,0.2167141940324154,1
121.0306,14.61633,0.9436155704243668,-0.6481593435764931,1.952971954890732,1.3491494787242084,0.0921464378880411,-1.0876766254133243,1
121.0521,14.7214,0.9436155704243668,-0.2059060928123979,2.357793475871394,-1.635837643934109,-0.1290266664397949,0.3411081481700005,1
121.082236,14.665648,0.7159630961543071,-0.3703371894271761,2.7106300648100445,-1.1746645927793584,0.4131090968405995,-0.4602309758010736,1
121.0521,14.7214,-0.4875977121731404,-0.2059060928123979,2.4976452614451774,-1.7624340073798577,0.3400923695319628,-0.2139998721689731,1
121.031359,14.649214,2.7025699151175635,-1.1059654165715245,4.249793905469183,1.527007228199027,1.0987151970650002,0.8913590304827962,1
121.076504,14.640624,-0.6027085087241142,-0.4251984560598393,3.616087728128488,0.7871114269178485,1.0576412533874695,-1.2362234522789175,1
121.06821,14.702178,-0.5307731814312552,-0.3094767900953608,3.690208794236856,0.0646714124220428,1.3437820059996082,1.6911781629174685,1
121.0443089,14.6621443,2.839946408211565,-0.9495361902599384,2.7552249305110803,-0.6523499339428879,0.1972352042129694,0.1596591194779051,1
121.076504,14.640624,0.1628889031784567,-0.4251984560598393,3.489163418532113,0.9020056055072676,0.631886161917303,-0.7324279380216976,1
121.0306,14.61633,2.1432513360919856,-0.6481593435764931,2.056391762710001,1.2555319998735706,0.4390579939007696,-1.4981766740673552,1
120.996952,14.633569,3.12451200104914,-1.083943625077901,3.4901509024918096,0.6330379923869813,0.4274073644899894,-0.5548563293887824,1
121.06821,14.702178,-0.1276356180608578,-0.3094767900953608,3.830452321506925,-0.062279562686019,1.814215100895656,1.134515218151775,1
121.057875,14.636902,0.0380011821839097,-0.6629084913678163,3.823685880541512,0.8143337538614448,0.6035835891946801,-0.0508118940768587,1
121.082236,14.665648,0.1821572944176152,-0.3703371894271761,2.575870921287968,-1.052678180943679,-0.0389271731153797,0.0746630269905425,1
121.06821,14.702178,0.0023189761854677,-0.3094767900953608,3.6937344695034215,0.0614799074612256,1.3556085363182238,1.67718384307699,1
121.076504,14.687194,-0.283138671802068,-0.347535967062333,2.8529448847230525,0.2005078545490737,0.2538718015779759,-0.6773141166978052,1
121.047541,14.714922,-0.4793908047934987,-0.3270428570528958,2.334632717421808,-1.4405180402733355,-0.2528046686902624,-0.8796791826340572,1
121.0306,14.61633,0.3591410361698874,-0.6481593435764931,1.9819608404158304,1.3229082157130447,0.1893867982855483,-1.2027410329905903,1
121.082236,14.665648,0.9657385381434008,-0.3703371894271761,2.551582936118291,-1.0306922578802715,-0.1203988264213993,0.1710683414471709,1
121.0289,14.65054,2.7025699151175635,-1.1477852296485875,3.7342936636841744,1.6175757001540745,0.2830334473571312,-1.2891330335330318,1
121.0443089,14.6621443,3.545133845358773,-0.9495361902599384,2.7665854397033485,-0.6626336721499656,0.2353429130173979,0.1145663111030306,1
121.082236,14.665648,2.571437808073289,-0.3703371894271761,2.6322817255530238,-1.1037422603167542,0.1502973119824721,-0.1492460904571107,1
121.0721205,14.6368215,0.7569976330525153,-0.4675100137345497,3.6124833209263474,1.436103263405932,0.7002274609867593,-1.3408456521977294,1
121.082236,14.696697,1.1263084651363895,-0.1959687439919038,2.8034434618346538,-0.9124354213865592,0.2125918518549606,-1.174235344093546,1
121.0521,14.7214,-0.5329141137911617,-0.2059060928123979,2.5015626784080283,-1.7659801240029878,0.3532329587748691,-0.2295491164361712,1
121.057875,14.636902,0.1414795795793914,-0.6629084913678163,3.823685880541512,0.8143337538614448,0.6035835891946801,-0.0508118940768587,1
121.0443089,14.6621443,0.0915244911815725,-0.9495361902599384,2.7567918972962207,-0.65376838059214,0.202491439910132,0.1534394217710259,1
121.0443089,14.6621443,1.697223761111461,-0.9495361902599384,2.7411222294448163,-0.6395839140996191,0.1499290829385065,0.2156363988398185,1
121.082236,14.665648,0.7293439234037228,-0.3703371894271761,2.604859806813065,-1.0789194439548426,0.0583131872821274,-0.0404013805867237,1
121.076504,14.687194,-0.3009797748012889,-0.347535967062333,2.879975061766725,0.1760396498494752,0.3445418673540301,-0.7846039021414724,1
121.082236,14.665648,-0.02979500921313,-0.3703371894271761,2.54766551915544,-1.0271461412571414,-0.1335394156643058,0.1866175857143691,1
121.096563,14.681641,0.4849208123143953,-0.1006322315036086,2.290012512417824,-1.4955237190618855,-0.200230259091223,0.0489119744010723,1
121.082236,14.665648,1.608018246115356,-0.3703371894271761,2.550407711029436,-1.0296284228933326,-0.1243410031942713,0.1757331147273304,1
121.0443089,14.6621443,-0.0012492444143764,-0.9495361902599384,2.746214871496523,-0.6441938657096884,0.1670118489542849,0.1954223812924609,1
121.0867,14.66593,1.9291581001013336,-0.3023417188529426,1.884083576568773,-1.6273045952354726,-0.5229989798997469,-1.4314397707767652,1
121.0917505,14.6588799,1.4296072161231463,-0.2336430102905479,1.8648162631622345,-1.9630936049952057,-0.4365858518012232,-1.4055186153479922,1
121.055367,14.636301,1.2511961861309364,-0.690674649000979,3.970777145264357,0.8576722194487092,0.9162125156856028,-0.4919283287297222,1
121.0443089,14.6621443,-0.375912407398017,-0.9495361902599384,2.723102111415701,-0.6232717776332201,0.0894823724211372,0.2871629224689299,1
121.004121,14.636398,2.1432513360919856,-0.981555978355177,3.0871534496735515,-0.2844262201292041,0.3362162250490896,-0.3661718652559603,1
121.082236,14.665648,0.2110598812763532,-0.3703371894271761,2.5829222718211,-1.0590611908653134,-0.0152741124781482,0.0466743873095857,1
121.053576,14.669878,0.1875988308323778,-0.7794775420954605,2.72812278317884,-0.9810467104563608,0.2573671538256802,0.2166787634410747,1
120.996952,14.633569,2.1432513360919856,-1.083943625077901,3.4870169689215285,0.6358748856854854,0.4168948930956644,-0.5424169339750238,1
121.0521,14.7214,0.6189074958385449,-0.2059060928123979,2.393833711929624,-1.6684619168669068,-0.0081332454050562,0.1980551009117777,1
121.06821,14.702178,-0.211774259805184,-0.3094767900953608,3.680806993526013,0.0731820923175555,1.3122445918166328,1.728496349158744,1
120.996952,14.633569,2.1783626267944523,-1.083943625077901,3.540137142937789,0.5877895442758396,0.5950812832294752,-0.7532646862382305,1
121.096563,14.681641,0.9304131542049432,-0.1006322315036086,2.2445704756487515,-1.454388766233575,-0.352661094308937,0.2292832079005707,1
121.076504,14.640624,0.8943741261465169,-0.4251984560598393,3.623530820357905,0.7803738053339011,1.0826083729489917,-1.2657670163865942,1
120.996952,14.633569,1.0299665089405965,-1.083943625077901,3.4000503123462344,0.7145986747189764,0.1251738119031428,-0.1972237112432251,1
121.0521,14.7214,1.164845247614707,-0.2059060928123979,2.393833711929624,-1.6684619168669068,-0.0081332454050562,0.1980551009117777,1
121.0521,14.7214,0.1099008272707702,-0.2059060928123979,2.3762053355967936,-1.6525043920628208,-0.0672658969981349,0.2680267001141693,1
121.059136,14.682138,-0.0811773858508864,-0.6151403418315272,1.6671658717766282,-1.858537603641233,-0.970756695611714,-0.884144047716613,1
121.06821,14.702178,-0.2021400641856046,-0.3094767900953608,3.680806993526013,0.0731820923175555,1.3122445918166328,1.728496349158744,1
121.076504,14.640624,0.5643137206609287,-0.4251984560598393,3.453906665866454,0.9339206551154398,0.5136208587311454,-0.5924847396169143,1
121.082236,14.696697,-0.4608717398803074,-0.1959687439919038,2.7074667462448025,-0.8255555641198687,-0.1093525845962458,-0.7932788595471915,1
121.06821,14.702178,-0.5222094519916292,-0.3094767900953608,3.713713296013962,0.0433947126832615,1.422625541457046,1.5978826973142797,1
121.0521,14.7214,0.2297930394255353,-0.2059060928123979,2.4557288999426707,-1.7244905595123643,0.1994880646328646,-0.0476229585099529,1
121.076504,14.640624,0.4218079104546511,-0.4251984560598393,3.552331767058087,0.8448244749592928,0.8437781634591682,-0.9831595018302676,1
121.063607,14.615364,1.6749223823624348,-0.384690533634682,4.525673825599334,2.6447350620862795,1.895444994191665,1.0011700439986686,1
121.042788,14.6820013,0.6146434722217311,-0.8053534451176755,2.705948910505669,-1.2630140056765864,0.4133098738348156,0.0764756761958983,1
121.0232,14.63518,3.2103723092328904,-0.9576936031112676,3.654056559079652,1.0029144494120634,0.9270603402578173,0.7077478757388247,1
121.042788,14.6820013,0.0380011821839097,-0.8053534451176755,2.6287757963375027,-1.1931555082009209,0.15444026574956,0.3827957882597017,1
121.0245,14.66958,-0.1689556126070536,-1.1158355208517268,2.867002299989059,-1.6484843762107002,0.6714099308481792,1.3542782491011591,1
121.082236,14.696697,0.8943741261465169,-0.1959687439919038,2.8034434618346538,-0.9124354213865592,0.2125918518549606,-1.174235344093546,1
121.0521,14.7214,0.4773383435397264,-0.2059060928123979,2.5282011137554155,-1.790093717040273,0.4425889656266324,-0.3352839774531185,1
121.03287,14.66923,0.1638523227404145,-1.054798995625584,3.0926383093437217,-0.91910284270182,0.6036919071813192,0.9946440413383318,1
121.06821,14.702178,-0.1661010361271783,-0.3094767900953608,3.7274242553839407,0.0309833045023057,1.4686176038072185,1.543460342379086,1
120.99556,14.63321,0.8408508171488539,-1.1035885754867871,3.1517600713282534,0.6629486596717755,-0.265800226132467,-1.27893288754913,1
121.06821,14.702178,-0.6578018347857085,-0.3094767900953608,1.408324919478208,0.2715958755912002,1.3633682846968995,2.398056808418538,1
121.04131186255,14.679485727481,-0.7080423808315148,-0.8497490044495407,2.29077336557883,-1.3993830864406578,-1.5788906555127968,0.6816124959101061,1
121.111381,14.683595,-0.5329141137911617,0.1240059128932201,-1.9950868793241596,0.249022649070235,2.685306721224537,1.5875789375159983,0
121.0239029,14.611378,2.658413185194491,-0.6791486151691547,-1.0680596564345892,0.4832741132279156,4.353207819331328,0.3841201940223296,0
121.02987,14.611702,3.659745091025769,-0.5794352103084782,-0.8636877870305202,2.6751715263508813,3.534306697668083,0.2366495285846476,0
121.0239029,14.611378,2.660643323069394,-0.6791486151691547,-1.0680596564345892,0.4832741132279156,4.353207819331328,0.3841201940223296,0
121.036376,14.517219,-0.4615497017942777,-0.6722720163169105,-1.0542637097686318,-0.3969585182388458,-0.0855993725435759,1.0188367069563375,0
121.077937,14.520191,0.0092770063551639,-0.0971828185894361,-0.9380157623153708,-0.9782532850649044,1.1351155353903928,-2.093358317515896,0
121.036376,14.517219,0.0826039396819622,-0.6722720163169105,-0.9563282856973548,-0.4856114338171014,0.2429153585290835,0.6301056002763841,0
121.050318,14.540867,0.6089164781589812,-0.5526466005788399,-0.5028587360674138,4.045766178572158,-0.7798366876097421,-0.1278649122644613,0
121.050318,14.540867,0.4037437936679399,-0.5526466005788399,-0.478179009201452,4.023425643846438,-0.6970509753794318,-0.2258251511478095,0
121.050318,14.540867,0.8051686111504119,-0.5526466005788399,-0.2627210762446427,3.828389229574277,0.0256814329804191,-1.0810335858437077,0
121.071489,14.530826,0.4840287571644343,-0.2236180484205404,0.3474905506465108,-0.3296612254038053,2.90489990717537,-0.0448097195906008,0
121.050318,14.540867,2.4059615777555146,-0.5526466005788399,-0.4213764632401114,3.97200695281105,-0.5065124313572893,-0.4512891930221826,0
121.050318,14.540867,-0.7744380456431158,-0.5526466005788399,-0.5712176620691651,4.107645913645781,-1.0091399698984589,0.1434694001981463,0
121.065172,14.531149,-0.176092053806742,-0.3198418764541902,-0.1105389260372918,0.7402249490252572,0.9871189305971476,2.052000856293565,0
121.0632793,14.5139759,2.571437808073289,-0.2802121022592543,0.1483647033169615,-0.4235883068716278,1.7276304050133342,2.4151551330799075,0
121.06934,14.524033,-0.3589633595487571,-0.2384702187654707,-0.5241479485520294,-0.0518765405527061,0.6363217987777684,2.205491702594604,0
121.0632793,14.5139759,0.3948232421683293,-0.2802121022592543,0.2502175443510895,-0.5157873390730134,2.069285725328901,2.010874782132756,0
121.036376,14.517219,-0.7487914600817356,-0.6722720163169105,-1.124965251114168,-0.3329582054245917,-0.3227607271995505,1.29946946749073,0
121.050318,14.540867,-0.3775002655649477,-0.5526466005788399,-0.4977660940157073,4.041156226962089,-0.7627539215939637,-0.1480789298118189,0
121.050318,14.540867,0.0915244911815725,-0.5526466005788399,-0.3998306699444305,3.952503311383834,-0.4342391905213043,-0.5368100364917724,0
121.036376,14.517219,3.481334061033559,-0.6722720163169105,-0.8192186919975671,-0.6097255156266592,0.702835982030807,0.085882050924449,0
121.036376,14.517219,-0.4526291502946672,-0.6722720163169105,-1.0542637097686318,-0.3969585182388458,-0.0855993725435759,1.0188367069563375,0
121.050318,14.540867,0.7423679285931541,-0.5526466005788399,-0.5024669943711287,4.045411566909845,-0.7785226286854515,-0.1294198366911811,0
121.065172,14.531149,-0.3009797748012889,-0.3198418764541902,-0.1301260108515473,0.7579555321409082,0.9214159843826156,2.129747077629556,0
121.036376,14.517219,0.2342533151753404,-0.6722720163169105,-0.97591537051161,-0.4678808507014503,0.1772124123145516,0.7078518216123747,0
121.077937,14.520191,-0.7791213351804113,-0.0971828185894361,-1.483711945240526,-0.4842792394628648,-0.695368546146466,0.0726514089048044,0
121.0420019,14.5373376,1.1283958741872986,-0.6797754321529877,-0.5678551118932561,0.8864746167262176,0.0439556878612863,0.620991056309586,0
121.0453,14.48759,0.0915244911815725,-0.5126221234202494,-0.381065165428738,2.0353586859384443,0.2507231120862339,-0.3130541354082649,0
121.077937,14.520191,-0.6756429377849296,-0.0971828185894361,-1.385384779472964,-0.5732867667034334,-0.365539756149516,-0.3176346222018688,0
121.0548016,14.53912925,0.5924669811936994,-0.4850213688818499,-0.4358122888043583,3.576564795471435,-0.3471507531041694,0.0877069754824847,0
121.036376,14.517219,-0.1729698607818783,-0.6722720163169105,-0.97591537051161,-0.4678808507014503,0.1772124123145516,0.7078518216123747,0
121.036376,14.517219,-0.0868865388106371,-0.6722720163169105,-0.97591537051161,-0.4678808507014503,0.1772124123145516,0.7078518216123747,0
121.036376,14.517219,-0.0022305050793335,-0.6722720163169105,-0.9481017100753676,-0.4930582787256748,0.2705105959391868,0.597452187315268,0
121.0548016,14.53912925,0.6374622429577348,-0.4850213688818499,-0.4349896312421595,3.5758201109805774,-0.3443912293631591,0.0844416341863731,0
121.050318,14.540867,0.8765330231472959,-0.5526466005788399,-0.5024669943711287,4.045411566909845,-0.7785226286854515,-0.1294198366911811,0
121.076427,14.527596,-0.5516472719403437,-0.142337713801286,-0.5086370489871234,-0.0541679932211927,0.8614790985852439,0.4966919352129837,0
121.050318,14.540867,3.815319509178976,-0.5526466005788399,-0.3649656589750559,3.920942873437975,-0.3172879462594375,-0.6751983104698358,0
121.06934,14.524033,-0.3901852897973937,-0.2384702187654707,-0.5355084577442975,-0.0415928023456284,0.5982140899733397,2.250584510969478,0
121.050318,14.540867,0.6267575811582021,-0.5526466005788399,-0.5024669943711287,4.045411566909845,-0.7785226286854515,-0.1294198366911811,0
121.050318,14.540867,-0.6578018347857085,-0.5526466005788399,-0.529105429718516,4.069525159947131,-0.867878635537215,-0.0236849756742336,0
121.036376,14.517219,0.3056177271722246,-0.6722720163169105,-0.97591537051161,-0.4678808507014503,0.1772124123145516,0.7078518216123747,0
121.06934,14.524033,-0.4472768193949009,-0.2384702187654707,-0.5370754245294379,-0.0401743556963763,0.5929578542761772,2.256804208676358,0
121.036376,14.517219,0.1807300061776776,-0.6722720163169105,-0.97591537051161,-0.4678808507014503,0.1772124123145516,0.7078518216123747,0
121.036376,14.517219,-0.158250950807521,-0.6722720163169105,-0.97591537051161,-0.4678808507014503,0.1772124123145516,0.7078518216123747,0
121.065172,14.531149,0.4215848966671608,-0.3198418764541902,0.1162795161117853,0.5349047965460173,1.7479590477614269,1.151699613222793,0
121.036376,14.517219,-0.0868865388106371,-0.6722720163169105,-0.9629878945342016,-0.47958303555778,0.2205763568161427,0.6565393155306208,0
121.06934,14.524033,-0.4858136018732183,-0.2384702187654707,-0.5449102584551401,-0.0330821224501159,0.5666766757903645,2.2879026972107543,0
121.06934,14.524033,-0.4205151648960695,-0.2384702187654707,-0.5331580075665868,-0.0437204723195066,0.6060984435190836,2.24125496440916,0
121.050318,14.540867,1.608018246115356,-0.5526466005788399,-0.4585919243871966,4.005695060730787,-0.6313480291649,-0.3035713724838003,0
121.036376,14.517219,0.1789458958777555,-0.6722720163169105,-0.9524108687345038,-0.4891575504402317,0.2560559477719898,0.6145563560091859,0
121.0632793,14.5139759,0.62497347085828,-0.2802121022592543,0.1444472863541104,-0.4200421902484977,1.7144898157704278,2.430704377347105,0
121.036376,14.517219,0.3591410361698874,-0.6722720163169105,-0.9676887948896228,-0.4753276956100237,0.204807649724655,0.6751984086512586,0
121.0699072,14.5232819,-0.5017813890575211,-0.2274602523555517,-0.5116122142709059,-0.0632241137467228,0.6783716843550688,2.15573412093957,0
121.050318,14.540867,-0.7666325630809566,-0.5526466005788399,-0.5713351845780507,4.107752297144475,-1.009534187575746,0.1439358775261623,0
121.036376,14.517219,0.0558422851831307,-0.6722720163169105,-0.9187210828539843,-0.5196541533991514,0.3690650152609848,0.480832855311282,0
121.0508645,14.5176184,1.697223761111461,-0.4768087492411061,-0.0726525376071328,-0.4419302820332954,2.001579785102072,-1.8217910653317773,0
121.0503183,14.5408671,3.481334061033559,-0.5526419630335165,-0.2063102719795873,3.777325150201201,0.214905918078271,-1.3049427032913603,0
121.0503183,14.5408671,3.659745091025769,-0.5526419630335165,-0.1890736373430426,3.761722237059428,0.272724510747059,-1.3733593780670323,0
121.050318,14.540867,1.659757444813097,-0.5526466005788399,-0.4585919243871966,4.005695060730787,-0.6313480291649,-0.3035713724838003,0
121.036376,14.517219,-0.265297568802847,-0.6722720163169105,-0.97591537051161,-0.4678808507014503,0.1772124123145516,0.7078518216123747,0
121.050318,14.540867,-0.265297568802847,-0.5526466005788399,-0.4194177547586859,3.970233894499485,-0.4999421367358361,-0.4590638151557817,0
121.0503183,14.5408671,4.029947978259605,-0.5526419630335165,-0.1518581761959573,3.728034129139691,0.3975601085546696,-1.5210771986054146,0
121.0503183,14.5408671,3.481334061033559,-0.5526419630335165,-0.2074854970684426,3.77838898518814,0.2109637413053991,-1.300277930011201,0
121.0420019,14.5373376,0.9982985511169792,-0.6797754321529877,-0.4691362044294089,0.797112477823336,0.3750985367825271,0.2291501007761928,0
121.050318,14.540867,-0.6706474289451477,-0.5526466005788399,-0.5271467212370905,4.067752101635565,-0.8613083409157618,-0.0314595978078328,0
121.0503183,14.5408671,4.105772666006294,-0.5526419630335165,-0.3410694155016642,3.899311562036881,-0.2371303518777085,-0.7700487004997445,0
121.0503183,14.5408671,3.659745091025769,-0.5526419630335165,-0.2000424048390256,3.771651363604193,0.2359308608669212,-1.3298214941188775,0
121.036376,14.517219,0.6713603386562547,-0.6722720163169105,-0.8192186919975671,-0.6097255156266592,0.702835982030807,0.085882050924449,0
121.050318,14.540867,4.121829658705592,-0.5526466005788399,-0.3410694155016642,3.899311562036881,-0.2371303518777085,-0.7700487004997445,0
121.06934,14.524033,-0.4615497017942777,-0.2384702187654707,-0.5449102584551401,-0.0330821224501159,0.5666766757903645,2.2879026972107543,0
121.036376,14.517219,0.5910753751597602,-0.6722720163169105,-0.97591537051161,-0.4678808507014503,0.1772124123145516,0.7078518216123747,0
121.036376,14.517219,-0.7630643424811123,-0.6722720163169105,-1.131045082240513,-0.3274546324254936,-0.3431549217045412,1.3236018945934214,0
121.036376,14.517219,-0.4972319077927197,-0.6722720163169105,-1.0542637097686318,-0.3969585182388458,-0.0855993725435759,1.0188367069563375,0
121.050318,14.540867,-0.7684166733808787,-0.5526466005788399,-0.5712176620691651,4.107645913645781,-1.0091399698984589,0.1434694001981463,0
121.036376,14.517219,-0.0442463026424989,-0.6722720163169105,-0.9481017100753676,-0.4930582787256748,0.2705105959391868,0.597452187315268,0
121.050318,14.540867,1.8756347911036708,-0.5526466005788399,-0.4585919243871966,4.005695060730787,-0.6313480291649,-0.3035713724838003,0
121.036376,14.517219,-0.0226585680134417,-0.6722720163169105,-0.97591537051161,-0.4678808507014503,0.1772124123145516,0.7078518216123747,0
121.036376,14.517219,-0.176092053806742,-0.6722720163169105,-0.97591537051161,-0.4678808507014503,0.1772124123145516,0.7078518216123747,0
121.036376,14.517219,0.4215848966671608,-0.6722720163169105,-0.8192186919975671,-0.6097255156266592,0.702835982030807,0.085882050924449,0
121.06934,14.524033,-0.5331638892331508,-0.2384702187654707,-0.5390341330108634,-0.0384012973848112,0.586387559654724,2.264578830809957,0
121.036376,14.517219,0.1807300061776776,-0.6722720163169105,-0.9802245291707464,-0.463980122416007,0.1627577641473546,0.7249559903062927,0
121.036376,14.517219,-0.176092053806742,-0.6722720163169105,-1.0346766249543764,-0.4146891013544969,-0.019896426329044,0.9410904856203468,0
121.0420019,14.5373376,1.409982002824003,-0.6797754321529877,-0.5439588684198645,0.8648433053251232,0.1241132822430152,0.5261406662796773,0
121.036376,14.517219,-0.1047276418098581,-0.6722720163169105,-0.97591537051161,-0.4678808507014503,0.1772124123145516,0.7078518216123747,0
121.04712,14.54168,-0.7675246182309177,-0.600626219773861,-0.782874566700373,2.774882930783218,-1.0607418297808184,-0.0383790304115669,0
121.065172,14.531149,-0.4026740618968485,-0.3198418764541902,-0.1387443281698197,0.7657569887117947,0.8925066880482215,2.163955415017392,0
121.036376,14.517219,3.481334061033559,-0.6722720163169105,-0.6625220134835241,-0.751570180551868,1.228459551747062,-0.5360877197634764,0
121.050318,14.540867,-0.211774259805184,-0.5526466005788399,-0.4194177547586859,3.970233894499485,-0.4999421367358361,-0.4590638151557817,0
121.036376,14.517219,-0.1404098478083001,-0.6722720163169105,-0.97591537051161,-0.4678808507014503,0.1772124123145516,0.7078518216123747,0
121.0482255,14.52017224,-0.0868865388106371,-0.5293067348203848,-0.7038598668588656,0.296651438553534,-0.049969155200473,0.1937616614192802,0
121.06934,14.524033,-0.3723441867981729,-0.2384702187654707,-0.5217974983743187,-0.0540042105265842,0.6442061523235122,2.196162156034285,0
121.0521,14.52655,-0.4080263927966148,-0.5034033708702144,-0.3109631121268886,1.7047062383136613,0.3373592855656225,1.474435056746105,0
121.050318,14.540867,1.1744794432342862,-0.5526466005788399,-0.4155003377958348,3.9666877778763543,-0.4868015474929297,-0.4746130594229798,0
121.077937,14.520191,-0.773769004280645,-0.0971828185894361,-1.4962476795216493,-0.4729316662688479,-0.7374184317237666,0.1224089905598386,0
121.071489,14.530826,-0.7112805410258735,-0.2236180484205404,-0.2751828755986678,0.2339940118427436,0.8162032470154006,2.426742656680544,0
121.0033514,14.7020199,-0.7607449990912136,-0.6118026875725268,-2.22020802541553,-0.8324445503574871,0.2602420808857307,0.2557058093389479,0
120.992352,14.686287,-0.6747508826349685,-0.8260932595822144,-1.1740892336266984,0.7717170529121306,1.7753837396618093,2.762735683386541,0
120.992352,14.686287,-0.7166774746831378,-0.8260932595822144,-1.2132634032552092,0.8071782191434328,1.6439778472327455,2.9182281260585223,0
120.9780147,14.7000435,0.1985711091768985,-0.5891442795766084,-1.791396622002171,-0.9975302679102492,1.3121639230394253,-0.6569045587595868,0
120.9607903,14.7136928,-0.3009797748012889,-0.3168997236508121,-0.8304497719722167,-0.4226018299010419,2.711869023955765,0.774659764686011,0
120.9667657,14.7144374,-0.6859907775244777,-0.3340885634836165,-2.392530424302321,-0.8112932463112745,-0.0216997803787746,0.2216082528328976,0
120.9607903,14.7136928,0.3591410361698874,-0.3168997236508121,-0.9272099709546384,-0.3350127493097255,2.387296469655977,1.1587260980858047,0
121.0117673,14.6948781,-0.6809952686846958,-0.7108485727693301,-2.0542887114290176,-0.9082770070641052,0.6879741518286795,-0.139719879728126,0
120.9750281,14.7184929,-0.7291662467825926,-0.2969896523330946,-2.0887032353777144,-1.0351324633628631,1.0767379492514069,-1.1620218159626663,0
120.992352,14.686287,-0.69166424827823,-0.8260932595822144,-1.2030781191517963,0.7979583159232942,1.678143379264302,2.8778000909638077,0
120.992352,14.686287,-0.7460974535288533,-0.8260932595822144,-1.2473449308320137,0.8380294337646658,1.5296547208194602,3.0535065511831463,0
121.0443089,14.6621443,-0.1404098478083001,-0.9495361902599384,-1.0785471767290962,0.027778992472186,2.123347587314776,0.0341451074777824,0
120.992352,14.686287,-0.6372310430276068,-0.8260932595822144,-1.1588113074715791,0.7578871980819227,1.826632037709144,2.7020936307444683,0
120.97906212983,14.700154685864,-0.5587837131400322,-0.589203370228027,-1.3657191521590932,-1.1597790921645066,2.353573293798794,-1.5570755314443627,0
121.0117673,14.6948781,-0.7734300233236597,-0.7108485727693301,-2.1866974047733843,-0.7884182652023035,0.2438222354184438,0.3858445765031712,0
120.9607903,14.7136928,0.3591410361698874,-0.3168997236508121,-0.9272099709546382,-0.3350127493097256,2.3872964696559773,1.158726098085805,0
