Price,Num_Bedrooms,Num_Bathrooms,Floor_Area,Land_Area,LRTHubDist,BusCount,MallCount,SchoolCount,HospitalCount,ATMCount,employment_generation,local_economy_growth,local_economy_size,presence_of_business_and_professional_organizations,safety_compliant_business,Cluster
520000000.0,0.0,0.0,0.0,1300.0,0.421714679829262,8,0,19,6,8,0.1654,0.3167,0.0555,0.0567,0.8881,0
17000000.0,0.0,0.0,264.0,264.0,8.98246784641458,0,0,12,0,0,0.1654,0.3167,0.0555,0.0567,0.8881,1
235000000.0,0.0,0.0,0.0,2783.0,1.38953813992555,4,0,23,1,2,0.1654,0.3167,0.0555,0.0567,0.8881,1
78000000.0,0.0,0.0,480.0,594.0,0.421714679829262,8,0,19,6,8,0.1654,0.3167,0.0555,0.0567,0.8881,0
120000000.0,0.0,0.0,1600.0,650.0,0.790786555433662,15,2,15,10,12,0.1654,0.3167,0.0555,0.0567,0.8881,0
4420000.0,0.0,0.0,0.0,240.0,12.5795303635035,3,0,2,0,0,0.1654,0.3167,0.0555,0.0567,0.8881,1
130000000.0,0.0,0.0,1800.0,650.0,0.790786555433662,15,2,15,10,12,0.1654,0.3167,0.0555,0.0567,0.8881,0
35000000.0,0.0,0.0,1500.0,348.0,2.80419759670723,2,0,9,1,0,0.1654,0.3167,0.0555,0.0567,0.8881,1
5200000.0,0.0,0.0,0.0,240.0,12.5080339159468,3,0,3,0,0,0.1654,0.3167,0.0555,0.0567,0.8881,1
75000000.0,0.0,0.0,0.0,540.0,1.04076497460512,10,0,15,5,4,0.1654,0.3167,0.0555,0.0567,0.8881,0
233000000.0,0.0,0.0,2000.0,720.0,1.04076497460512,10,0,15,5,4,0.1654,0.3167,0.0555,0.0567,0.8881,0
150000000.0,0.0,0.0,1600.0,650.0,0.790786555433662,15,2,15,10,12,0.1654,0.3167,0.0555,0.0567,0.8881,0
38000000.00000001,0.0,0.0,0.0,1033.0,1.6541972965121,0,0,8,2,1,0.1654,0.3167,0.0555,0.0567,0.8881,1
279500000.0,0.0,0.0,0.0,4300.0,1.6541972965121,0,0,8,2,1,0.1654,0.3167,0.0555,0.0567,0.8881,1
373100000.00000006,0.0,0.0,0.0,2665.0,0.790786555433662,15,2,15,10,12,0.1654,0.3167,0.0555,0.0567,0.8881,0
248000000.0,0.0,0.0,0.0,2700.0,1.85923471695954,6,3,17,2,3,0.1654,0.3167,0.0555,0.0567,0.8881,1
169100000.0,0.0,0.0,0.0,1780.0,0.46083552558969,10,0,6,0,1,0.1654,0.3167,0.0555,0.0567,0.8881,1
160000000.0,0.0,0.0,2100.0,683.0,0.421714679829262,8,0,19,6,8,0.1654,0.3167,0.0555,0.0567,0.8881,0
29000000.0,0.0,0.0,0.0,290.0,0.421714679829262,8,0,19,6,8,0.1654,0.3167,0.0555,0.0567,0.8881,0
80000000.0,0.0,0.0,2241.7,674.0,1.26838903895747,6,1,20,1,3,0.1654,0.3167,0.0555,0.0567,0.8881,1
65000000.0,0.0,0.0,0.0,790.0,3.17052059906158,15,0,11,3,1,0.1654,0.3167,0.0555,0.0567,0.8881,1
250000000.0,0.0,0.0,1782.6,3891.0,11.5935890362897,0,0,5,0,0,0.1654,0.3167,0.0555,0.0567,0.8881,1
60000000.0,0.0,0.0,0.0,350.0,1.38953813992555,4,0,23,1,2,0.1654,0.3167,0.0555,0.0567,0.8881,0
2551900000.0,0.0,0.0,51038.0,0.0,20.080852301341,13,1,10,0,1,0.7907,0.0009,0.9584,0.035,0.4702,1
167474999.99999997,0.0,0.0,4272.0,3000.0,19.7659485925217,12,1,0,0,0,0.5837,0.0121,0.1525,0.2494,1.4727,1
167474999.99999997,0.0,0.0,3760.0,3000.0,19.7659485925217,12,1,0,0,0,0.5837,0.0121,0.1525,0.2494,1.4727,1
130000000.0,0.0,0.0,3325.0,2087.0,11.8524835874247,0,0,2,0,0,0.3407,0.0132,0.703,0.0155,1.4269,1
63560000.0,0.0,0.0,0.0,1589.0,9.45685746964893,3,0,3,1,1,0.3538,0.0121,0.1372,0.0301,0.947,1
33000000.0,0.0,0.0,0.0,600.0,13.2835905668804,5,0,0,0,1,0.5837,0.0121,0.1525,0.2494,1.4727,1
24937500.0,0.0,0.0,0.0,525.0,13.2835905668804,5,0,0,0,1,0.5837,0.0121,0.1525,0.2494,1.4727,1
184950000.0,0.0,0.0,0.0,1370.0,9.43386668635108,0,0,1,0,0,0.254,0.0116,0.2906,0.0843,1.043,1
194535000.0,0.0,0.0,0.0,1441.0,9.43386668635108,0,0,1,0,0,0.254,0.0116,0.2906,0.0843,1.043,1
1250000000.0,0.0,0.0,35922.5,81285.0,22.1043837216916,0,0,1,0,0,0.3407,0.0132,0.703,0.0155,1.4269,1
120000000.0,0.0,0.0,1300.0,579.0,38.391373263807,4,2,0,1,2,0.5438,0.0007,0.3241,0.0006,0.6486,1
5000000000.0,0.0,0.0,60000.0,0.0,16.875707431962,14,0,7,1,0,0.5438,0.0007,0.3241,0.0006,0.6486,1
635000000.0,0.0,0.0,5000.0,18000.0,20.080852301341,13,1,10,0,1,0.7907,0.0009,0.9584,0.035,0.4702,1
63560000.0,0.0,0.0,0.0,1589.0,9.45685746964893,3,0,3,1,1,0.3538,0.0121,0.1372,0.0301,0.947,1
12300000.0,0.0,0.0,310.0,360.0,20.0223421407022,0,0,2,0,0,0.5837,0.0121,0.1525,0.2494,1.4727,1
90000000.0,0.0,0.0,0.0,2000.0,36.6662808957857,0,0,4,1,1,0.1088,0.0136,0.0487,0.0026,0.2485,1
22000000.0,0.0,0.0,805.0,1785.0,18.9911795198585,4,2,2,2,0,0.3407,0.0132,0.703,0.0155,1.4269,1
608000000.0000001,0.0,0.0,14950.33,4431.0,42.5688392787028,0,0,0,0,0,0.1218,0.0016,0.0136,0.0152,0.2777,1
35000000.0,0.0,0.0,450.0,727.0,29.1681702241791,0,0,2,0,0,0.0734,0.0008,0.0158,0.0076,0.2389,1
170000000.0,0.0,0.0,3000.0,3690.0,19.7659485925217,12,1,0,0,0,0.5837,0.0121,0.1525,0.2494,1.4727,1
146541000.0,0.0,0.0,2112.0,3000.0,19.1867240762826,13,1,0,0,0,0.5837,0.0121,0.1525,0.2494,1.4727,1
165700000.0,0.0,0.0,4272.0,3000.0,19.7659485925217,12,1,0,0,0,0.5837,0.0121,0.1525,0.2494,1.4727,1
150000000.0,0.0,0.0,0.0,4995.0,20.7715988540879,3,0,5,0,0,0.5438,0.0007,0.3241,0.0006,0.6486,1
10800000.0,0.0,0.0,60.0,900.0,11.9565795898763,13,1,3,2,0,0.3407,0.0132,0.703,0.0155,1.4269,1
167474999.99999997,0.0,0.0,3750.0,3000.0,19.7659485925217,12,1,0,0,0,0.5837,0.0121,0.1525,0.2494,1.4727,1
162500000.0,0.0,0.0,13000.0,0.0,12.3221941799372,0,2,6,1,1,0.169,0.0006,0.0934,0.0181,0.3365,1
230000000.0,0.0,0.0,0.0,1698.0,9.43386668635108,0,0,1,0,0,0.254,0.0116,0.2906,0.0843,1.043,1
195000000.0,0.0,0.0,0.0,1441.0,9.43386668635108,0,0,1,0,0,0.254,0.0116,0.2906,0.0843,1.043,1
210000000.0,0.0,0.0,0.0,1552.0,9.43386668635108,0,0,1,0,0,0.254,0.0116,0.2906,0.0843,1.043,1
60000000.0,0.0,0.0,1354.0,3696.0,19.7659485925217,12,1,0,0,0,0.5837,0.0121,0.1525,0.2494,1.4727,1
68000000.0,0.0,0.0,1500.0,1331.0,39.6732735102295,2,0,3,0,2,0.4558,0.0,0.0527,0.0,1.3514,1
170000000.0,0.0,0.0,4873.0,0.0,18.4137582278993,1,0,1,1,0,1.2716,0.0014,0.1551,0.0274,1.3626,1
35000000.0,0.0,0.0,450.0,727.0,29.1681702241791,0,0,2,0,0,0.0734,0.0008,0.0158,0.0076,0.2389,1
185000000.0,0.0,0.0,0.0,1370.0,9.43386668635108,0,0,1,0,0,0.254,0.0116,0.2906,0.0843,1.043,1
70000000.0,0.0,0.0,0.0,1681.0,11.7321528216741,6,0,1,0,0,0.3407,0.0132,0.703,0.0155,1.4269,1
35000000.0,0.0,0.0,450.0,727.0,29.1681702241791,0,0,2,0,0,0.0734,0.0008,0.0158,0.0076,0.2389,1
167474999.99999997,0.0,0.0,3705.0,3000.0,4.89585595178816,12,1,7,2,2,0.5837,0.0121,0.1525,0.2494,1.4727,0
167999999.99999997,0.0,0.0,3705.0,3000.0,19.3578342682839,17,1,3,1,0,0.5837,0.0121,0.1525,0.2494,1.4727,1
167474999.99999997,0.0,0.0,2112.0,3000.0,19.2884441736279,2,0,1,0,0,0.5837,0.0121,0.1525,0.2494,1.4727,1
150000000.0,0.0,0.0,1500.0,2000.0,37.5736740624449,2,2,1,2,4,0.1088,0.0136,0.0487,0.0026,0.2485,1
20000000.0,0.0,0.0,800.0,1000.0,32.0299260687064,0,0,3,0,0,0.6885,0.0,0.0578,0.0008,1.3152,1
49999999.99999999,0.0,0.0,1200.0,1671.0,4.01047919768598,13,3,23,2,1,0.254,0.0116,0.2906,0.0843,1.043,0
65000000.0,0.0,0.0,0.0,1700.0,25.1629703948562,17,0,8,4,1,0.5438,0.0007,0.3241,0.0006,0.6486,1
167476000.0,0.0,0.0,3750.0,3000.0,19.7659485925217,12,1,0,0,0,0.5837,0.0121,0.1525,0.2494,1.4727,1
4300000.0,0.0,0.0,19.05,0.0,26.1110877080702,0,0,1,0,1,0.5438,0.0007,0.3241,0.0006,0.6486,1
32000000.0,0.0,0.0,948.0,375.0,14.0265999105002,0,0,0,0,0,0.3407,0.0132,0.703,0.0155,1.4269,1
80000000.0,0.0,0.0,1982.0,2582.0,19.263851248999,10,0,6,0,3,0.7907,0.0009,0.9584,0.035,0.4702,1
165700000.0,0.0,0.0,0.0,0.0,19.7659485925217,12,1,0,0,0,0.5837,0.0121,0.1525,0.2494,1.4727,1
135000000.0,0.0,0.0,2000.0,743.0,4.32900554481097,4,2,4,1,2,0.3538,0.0121,0.1372,0.0301,0.947,1
165700000.0,0.0,0.0,0.0,0.0,19.7659485925217,12,1,0,0,0,0.5837,0.0121,0.1525,0.2494,1.4727,1
32000000.0,0.0,0.0,350.0,1000.0,44.1829170234738,2,1,4,0,1,0.1218,0.0016,0.0136,0.0152,0.2777,1
150000000.0,0.0,0.0,2690.0,4873.0,18.4137582278993,1,0,1,1,0,1.2716,0.0014,0.1551,0.0274,1.3626,1
28000000.0,0.0,0.0,1200.0,570.0,5.19336427601247,0,0,13,0,1,0.254,0.0116,0.2906,0.0843,1.043,1
165700000.0,0.0,0.0,4272.0,3000.0,19.3578342682839,17,1,3,1,0,0.5837,0.0121,0.1525,0.2494,1.4727,1
320000000.0,0.0,0.0,8641.0,16652.0,18.8978177000929,8,2,2,2,2,0.3407,0.0132,0.703,0.0155,1.4269,1
135000000.0,0.0,0.0,0.0,4873.0,18.4137582278993,1,0,1,1,0,1.2716,0.0014,0.1551,0.0274,1.3626,1
167474999.99999997,0.0,0.0,3750.0,3000.0,16.0905273573523,12,1,6,0,4,0.0141,0.2089,0.0335,0.0034,0.0981,1
170000000.0,0.0,0.0,5341.75,4873.0,18.4137582278993,1,0,1,1,0,1.2716,0.0014,0.1551,0.0274,1.3626,1
10000000.0,0.0,0.0,300.0,175.0,16.8169713053737,0,0,2,0,0,0.3407,0.0132,0.703,0.0155,1.4269,1
900000000.0,0.0,0.0,11487.0,2541.8,1.72884790506147,0,0,4,0,0,0.3538,0.0121,0.1372,0.0301,0.947,1
167474999.99999997,0.0,0.0,2112.0,3000.0,19.7659485925217,12,1,0,0,0,0.5837,0.0121,0.1525,0.2494,1.4727,1
63520000.0,0.0,0.0,0.0,1588.0,9.45685746964893,3,0,3,1,1,0.3538,0.0121,0.1372,0.0301,0.947,1
229230000.0,0.0,0.0,0.0,1698.0,9.43386668635108,0,0,1,0,0,0.254,0.0116,0.2906,0.0843,1.043,1
209520000.0,0.0,0.0,0.0,1552.0,9.43386668635108,0,0,1,0,0,0.254,0.0116,0.2906,0.0843,1.043,1
250000000.0,0.0,0.0,0.0,10471.0,38.5912020719823,0,0,2,0,0,0.6064,0.0034,0.1271,0.1166,0.8427,1
170000000.0,0.0,0.0,6563.0,2354.0,4.48341829644017,1,0,4,1,0,0.3538,0.0121,0.1372,0.0301,0.947,1
7123200.0,0.0,0.0,104.0,132.0,14.6402542171749,0,0,2,0,0,0.3407,0.0132,0.703,0.0155,1.4269,1
38794000.0,0.0,0.0,0.0,683.0,13.2835905668804,5,0,0,0,1,0.5837,0.0121,0.1525,0.2494,1.4727,1
55000000.0,0.0,0.0,0.0,982.0,13.6579758608846,1,1,5,1,0,1.2716,0.0014,0.1551,0.0274,1.3626,1
9000000.0,0.0,0.0,200.0,75.0,13.2835905668804,5,0,0,0,1,0.5837,0.0121,0.1525,0.2494,1.4727,1
48705000.0,0.0,0.0,0.0,850.0,13.2835905668804,5,0,0,0,1,0.5837,0.0121,0.1525,0.2494,1.4727,1
3800000.0,0.0,0.0,76.0,69.75,15.103758477951,0,0,2,0,0,0.3407,0.0132,0.703,0.0155,1.4269,1
28500000.0,0.0,0.0,0.0,600.0,13.2835905668804,5,0,0,0,1,0.5837,0.0121,0.1525,0.2494,1.4727,1
40922000.0,0.0,0.0,0.0,740.0,13.2835905668804,5,0,0,0,1,0.5837,0.0121,0.1525,0.2494,1.4727,1
36725000.0,0.0,0.0,0.0,650.0,13.2835905668804,5,0,0,0,1,0.5837,0.0121,0.1525,0.2494,1.4727,1
36725000.0,0.0,0.0,0.0,650.0,13.2835905668804,5,0,0,0,1,0.5837,0.0121,0.1525,0.2494,1.4727,1
24727500.0,0.0,0.0,0.0,525.0,13.2835905668804,5,0,0,0,1,0.5837,0.0121,0.1525,0.2494,1.4727,1
170000000.0,0.0,0.0,4873.0,4873.0,18.4137582278993,1,0,1,1,0,1.2716,0.0014,0.1551,0.0274,1.3626,1
25000000.0,0.0,0.0,800.0,1330.0,36.3070263709476,0,0,2,0,0,0.6885,0.0,0.0578,0.0008,1.3152,1
167474999.99999997,0.0,0.0,3760.0,3000.0,19.7659485925217,12,1,0,0,0,0.5837,0.0121,0.1525,0.2494,1.4727,1
14600000.0,0.0,0.0,0.0,1106.0,14.0180684711808,0,0,7,2,1,0.0141,0.2089,0.0335,0.0034,0.0981,1
40000000.0,0.0,0.0,642.0,1500.0,12.0062153833743,0,2,5,1,1,0.5438,0.0007,0.3241,0.0006,0.6486,1
115500000.0,0.0,0.0,2700.0,3300.0,19.263851248999,10,0,6,0,3,0.7907,0.0009,0.9584,0.035,0.4702,1
401870000.0,0.0,0.0,0.0,11482.0,8.2851422098801,0,0,3,1,0,0.0346,0.0122,0.0176,0.006,0.1979,1
120000.0,0.0,0.0,18246.0,0.0,1.98664210889069,10,1,10,0,4,0.3538,0.0121,0.1372,0.0301,0.947,1
17500000.0,0.0,0.0,0.0,308.0,6.30227169708128,0,1,9,2,1,0.254,0.0116,0.2906,0.0843,1.043,1
4996734.0,0.0,0.0,108.0,90.0,20.2561166269411,0,0,3,0,0,0.119,0.0092,0.0505,0.0034,0.6701,1
3600000.0,0.0,0.0,67.0,120.0,41.0392922991833,2,0,1,0,0,0.1088,0.0136,0.0487,0.0026,0.2485,1
25000000.0,0.0,0.0,1000.0,1785.0,19.2654915501224,9,2,4,2,3,0.3407,0.0132,0.703,0.0155,1.4269,1
36500000.0,0.0,0.0,1200.0,322.0,6.30227169708128,0,1,9,2,1,0.254,0.0116,0.2906,0.0843,1.043,1
7500000.0,0.0,0.0,0.0,389.0,6.30227169708128,0,1,9,2,1,0.254,0.0116,0.2906,0.0843,1.043,1
750000000.0,0.0,0.0,0.0,14836.0,20.080852301341,13,1,10,0,1,0.7907,0.0009,0.9584,0.035,0.4702,1
63560000.0,0.0,0.0,0.0,1589.0,9.45685746964893,3,0,3,1,1,0.3538,0.0121,0.1372,0.0301,0.947,1
21300000.0,0.0,0.0,0.0,370.0,10.0544559272852,0,0,2,0,0,0.3407,0.0132,0.703,0.0155,1.4269,1
62000000.00000001,0.0,0.0,1417.0,1876.0,25.1629703948562,17,0,8,4,1,0.5438,0.0007,0.3241,0.0006,0.6486,1
40000000.0,0.0,0.0,0.0,704.0,7.37997823376534,0,0,6,1,1,0.0346,0.0122,0.0176,0.006,0.1979,1
4500000.0,0.0,0.0,19.5,0.0,25.9421389435253,0,0,1,0,1,0.5438,0.0007,0.3241,0.0006,0.6486,1
271750000.0,0.0,0.0,0.0,10870.0,19.7659485925217,12,1,0,0,0,0.5837,0.0121,0.1525,0.2494,1.4727,1
130000000.0,0.0,0.0,0.0,1331.0,22.698437081916,0,0,3,0,0,0.1088,0.0136,0.0487,0.0026,0.2485,1
75000000.0,0.0,0.0,0.0,1700.0,25.1629703948562,17,0,8,4,1,0.5438,0.0007,0.3241,0.0006,0.6486,1
75000000.0,0.0,0.0,1292.0,2545.0,21.9819243507927,0,0,0,0,0,0.5438,0.0007,0.3241,0.0006,0.6486,1
45000000.0,0.0,0.0,0.0,833.0,16.875707431962,14,0,7,1,0,0.3407,0.0132,0.703,0.0155,1.4269,1
11731000.0,0.0,0.0,0.0,2483.0,14.4924039067914,32,1,14,3,15,0.5837,0.0121,0.1525,0.2494,1.4727,0
150000000.0,0.0,0.0,3069.0,4873.0,18.4137582278993,1,0,1,1,0,1.2716,0.0014,0.1551,0.0274,1.3626,1
120000000.0,0.0,0.0,1000.0,300.0,22.698437081916,0,0,3,0,0,0.1088,0.0136,0.0487,0.0026,0.2485,1
54871000.0,0.0,0.0,0.0,4045.0,22.4871737866629,11,0,7,0,0,0.5438,0.0007,0.3241,0.0006,0.6486,1
110000000.0,0.0,0.0,2248.81,2000.0,28.3398402910932,1,0,0,0,1,0.5438,0.0007,0.3241,0.0006,0.6486,1
80000000.0,0.0,0.0,2700.0,2895.0,20.080852301341,13,1,10,0,1,0.7907,0.0009,0.9584,0.035,0.4702,1
90000000.0,0.0,0.0,0.0,1251.0,15.025145400055,5,0,6,0,0,0.5837,0.0121,0.1525,0.2494,1.4727,1
150000000.0,0.0,0.0,1986.0,4696.0,25.1629703948562,17,0,8,4,1,0.5438,0.0007,0.3241,0.0006,0.6486,1
30000000.0,0.0,0.0,450.0,886.0,22.698437081916,0,0,3,0,0,0.1088,0.0136,0.0487,0.0026,0.2485,1
9091000.0,0.0,0.0,528.0,318.0,16.9852038218158,3,0,8,0,0,0.1307,0.0011,0.0418,0.0228,0.3339,1
9990000.0,0.0,0.0,170.0,200.0,17.877232859216,7,0,1,0,0,0.7907,0.0009,0.9584,0.035,0.4702,1
98500000.0,0.0,0.0,1968.0,2895.0,19.263851248999,10,0,6,0,3,0.7907,0.0009,0.9584,0.035,0.4702,1
60000000.0,0.0,0.0,1050.0,0.0,5.55838205042449,0,0,10,0,1,0.254,0.0116,0.2906,0.0843,1.043,1
110000000.0,0.0,0.0,2248.81,2000.0,20.7715988540879,3,0,5,0,0,0.5438,0.0007,0.3241,0.0006,0.6486,1
40000000.0,0.0,0.0,900.0,1200.0,7.83006498323309,0,0,3,1,0,0.0346,0.0122,0.0176,0.006,0.1979,1
65000000.0,0.0,0.0,1500.0,650.0,12.0062153833743,0,2,5,1,1,0.5438,0.0007,0.3241,0.0006,0.6486,1
167999999.99999997,0.0,0.0,2112.0,3000.0,17.4263378861759,3,0,8,0,0,0.5837,0.0121,0.1525,0.2494,1.4727,1
14499999.999999998,0.0,0.0,250.0,423.0,7.23198363358339,2,0,12,0,0,0.254,0.0116,0.2906,0.0843,1.043,1
90000000.0,0.0,0.0,0.0,1251.0,15.2105601369867,25,0,23,9,1,0.5837,0.0121,0.1525,0.2494,1.4727,0
450000000.0,0.0,0.0,8000.0,3400.0,5.99630274551664,1,0,6,2,0,0.3124,0.0012,0.1131,0.0053,0.3589,1
5800000.0,0.0,0.0,224.0,100.0,15.2625731562865,12,0,13,9,1,0.0141,0.2089,0.0335,0.0034,0.0981,1
75000000.0,0.0,0.0,400.0,400.0,19.2884441736279,2,0,1,0,0,0.5837,0.0121,0.1525,0.2494,1.4727,1
2000000000.0,0.0,0.0,0.0,45000.0,25.1629703948562,17,0,8,4,1,0.5438,0.0007,0.3241,0.0006,0.6486,1
18000000.0,0.0,0.0,0.0,466.0,7.06817227450536,10,1,9,2,3,0.3538,0.0121,0.1372,0.0301,0.947,1
90000000.0,0.0,0.0,0.0,1251.0,13.1355149025997,15,0,7,0,0,0.5837,0.0121,0.1525,0.2494,1.4727,1
49999999.99999999,0.0,0.0,1000.0,1000.0,6.42475224775468,0,0,8,0,0,0.3538,0.0121,0.1372,0.0301,0.947,1
60000000.0,0.0,0.0,0.0,1388.0,35.9479690462094,0,0,0,0,0,0.1088,0.0136,0.0487,0.0026,0.2485,1
80000000.0,0.0,0.0,465.0,814.0,16.875707431962,14,0,7,1,0,0.3407,0.0132,0.703,0.0155,1.4269,1
4725961.99,0.0,0.0,108.0,90.0,20.2561166269411,0,0,3,0,0,0.119,0.0092,0.0505,0.0034,0.6701,1
200000000.0,0.0,0.0,2112.0,3000.0,15.2105601369867,25,0,23,9,1,0.5837,0.0121,0.1525,0.2494,1.4727,0
40000000.0,0.0,0.0,2889.0,2889.0,27.0550789815397,0,0,1,0,0,0.5438,0.0007,0.3241,0.0006,0.6486,1
850000000.0,0.0,0.0,2700.0,648.0,5.79922797480873,5,2,6,3,5,0.3538,0.0121,0.1372,0.0301,0.947,1
195000000.0,0.0,0.0,0.0,2000.0,41.0392922991833,2,0,1,0,0,0.1088,0.0136,0.0487,0.0026,0.2485,1
110000000.0,0.0,0.0,2248.81,2000.0,20.7715988540879,3,0,5,0,0,0.5438,0.0007,0.3241,0.0006,0.6486,1
60000000.0,0.0,0.0,0.0,1388.0,37.1223648512146,0,0,0,0,0,0.1088,0.0136,0.0487,0.0026,0.2485,1
271750000.0,0.0,0.0,0.0,10870.0,19.7659485925217,12,1,0,0,0,0.5837,0.0121,0.1525,0.2494,1.4727,1
121535500.0,0.0,0.0,1500.0,13461.5,29.3095239958289,1,0,2,0,0,0.0734,0.0008,0.0158,0.0076,0.2389,1
90000000.0,0.0,0.0,0.0,5000.0,14.6402542171749,0,0,2,0,0,0.3407,0.0132,0.703,0.0155,1.4269,1
150000000.0,0.0,0.0,3069.0,4873.0,15.8279021897259,0,0,0,0,1,1.2716,0.0014,0.1551,0.0274,1.3626,1
160000000.0,0.0,0.0,2690.0,4873.0,18.4137582278993,1,0,1,1,0,1.2716,0.0014,0.1551,0.0274,1.3626,1
577952000.0,0.0,0.0,5000.0,18061.0,7.2068086293078,0,0,4,1,1,0.0346,0.0122,0.0176,0.006,0.1979,1
50507000.0,0.0,0.0,0.0,2971.0,39.1732617547246,0,0,1,0,0,0.1218,0.0016,0.0136,0.0152,0.2777,1
105000000.0,0.0,0.0,3200.0,5040.0,17.1385687783732,0,0,1,0,1,1.2716,0.0014,0.1551,0.0274,1.3626,1
7500000.0,0.0,0.0,140.0,70.0,8.74056370943242,6,0,17,1,5,0.254,0.0116,0.2906,0.0843,1.043,1
2551900000.0,0.0,0.0,15000.0,51038.0,20.080852301341,13,1,10,0,1,0.7907,0.0009,0.9584,0.035,0.4702,1
150000000.0,0.0,0.0,3069.0,4873.0,18.4137582278993,1,0,1,1,0,1.2716,0.0014,0.1551,0.0274,1.3626,1
80000000.0,0.0,0.0,340.0,1010.0,7.37997823376534,0,0,6,1,1,0.0346,0.0122,0.0176,0.006,0.1979,1
35000000.0,0.0,0.0,0.0,546.0,22.698437081916,0,0,3,0,0,0.1088,0.0136,0.0487,0.0026,0.2485,1
2551900000.0,0.0,0.0,15000.0,51038.0,20.080852301341,13,1,10,0,1,0.7907,0.0009,0.9584,0.035,0.4702,1
16650000.0,0.0,0.0,310.0,103.0,9.45685746964893,3,0,3,1,1,0.3538,0.0121,0.1372,0.0301,0.947,1
2551900000.0,0.0,0.0,0.0,51038.0,20.080852301341,13,1,10,0,1,0.7907,0.0009,0.9584,0.035,0.4702,1
120000000.0,0.0,0.0,3000.0,3690.0,19.7659485925217,12,1,0,0,0,0.5837,0.0121,0.1525,0.2494,1.4727,1
105000000.0,0.0,0.0,3200.0,5040.0,13.0794174810537,10,1,3,1,0,1.2716,0.0014,0.1551,0.0274,1.3626,1
90000000.0,0.0,0.0,0.0,1251.0,11.6021973071414,12,1,9,0,0,0.5837,0.0121,0.1525,0.2494,1.4727,0
167474999.99999997,0.0,0.0,3750.0,3000.0,19.7659485925217,12,1,0,0,0,0.5837,0.0121,0.1525,0.2494,1.4727,1
2700000.0,0.0,0.0,70.0,65.0,20.2561166269411,0,0,3,0,0,0.119,0.0092,0.0505,0.0034,0.6701,1
18000000.0,0.0,0.0,400.0,185.0,3.59794852654164,0,0,17,4,1,0.1593,0.1281,0.0403,0.0,0.2772,1
85000000.0,0.0,0.0,2000.0,603.0,6.231178122715,12,1,3,0,6,0.1593,0.1281,0.0403,0.0,0.2772,1
105000000.0,0.0,0.0,1500.0,519.5,6.231178122715,12,1,3,0,6,0.1593,0.1281,0.0403,0.0,0.2772,1
326680000.0,0.0,0.0,0.0,8167.0,4.60459941732289,24,1,12,2,3,0.1593,0.1281,0.0403,0.0,0.2772,1
16000000.0,0.0,0.0,0.0,240.0,5.71267280725422,0,0,12,2,0,0.1593,0.1281,0.0403,0.0,0.2772,1
8500000.0,0.0,0.0,180.0,216.0,5.71267280725422,0,0,12,2,0,0.1593,0.1281,0.0403,0.0,0.2772,1
85000000.0,0.0,0.0,2200.0,603.0,6.231178122715,12,1,3,0,6,0.1593,0.1281,0.0403,0.0,0.2772,1
75000000.0,0.0,0.0,1200.0,300.0,8.17997233732319,3,0,2,0,0,0.1593,0.1281,0.0403,0.0,0.2772,1
200000000.0,0.0,0.0,1000.0,427.0,6.231178122715,12,1,3,0,6,0.1593,0.1281,0.0403,0.0,0.2772,1
53000000.0,0.0,0.0,970.0,480.0,8.17997233732319,3,0,2,0,0,0.1593,0.1281,0.0403,0.0,0.2772,1
90000000.0,0.0,0.0,1208.0,420.0,2.08563204474411,6,0,13,0,1,0.1593,0.1281,0.0403,0.0,0.2772,1
40000000.0,0.0,0.0,300.0,148.0,7.00455244741367,1,0,7,0,1,0.1593,0.1281,0.0403,0.0,0.2772,1
90000000.0,0.0,0.0,1208.0,420.0,1.86498042978491,4,0,5,1,2,0.1593,0.1281,0.0403,0.0,0.2772,1
326680000.0,0.0,0.0,0.0,8167.0,4.60459941732289,24,1,12,2,3,0.1593,0.1281,0.0403,0.0,0.2772,1
45000000.0,0.0,0.0,770.0,291.0,4.89259455886982,12,1,15,3,3,0.1593,0.1281,0.0403,0.0,0.2772,1
342300000.0,0.0,0.0,1141.0,1141.0,5.75559936205357,15,1,9,1,6,0.1593,0.1281,0.0403,0.0,0.2772,1
110000000.0,0.0,0.0,1500.0,391.0,3.33459740098565,21,1,11,4,2,0.1593,0.1281,0.0403,0.0,0.2772,1
12000000.0,0.0,0.0,300.0,351.0,5.71267280725422,0,0,12,2,0,0.1593,0.1281,0.0403,0.0,0.2772,1
16000000.0,0.0,0.0,0.0,286.0,2.1701569035164,9,1,7,2,2,0.1593,0.1281,0.0403,0.0,0.2772,1
43220000.0,0.0,0.0,300.0,546.0,8.17997233732319,3,0,2,0,0,0.1593,0.1281,0.0403,0.0,0.2772,1
45000000.0,0.0,0.0,622.5,0.0,2.1701569035164,9,1,7,2,2,0.1593,0.1281,0.0403,0.0,0.2772,1
68300000.0,0.0,0.0,0.0,683.0,0.857412969935431,10,0,10,8,0,0.1593,0.1281,0.0403,0.0,0.2772,1
316560000.0,0.0,0.0,0.0,2638.0,2.1701569035164,9,1,7,2,2,0.1593,0.1281,0.0403,0.0,0.2772,1
140000000.0,0.0,0.0,1633.0,427.0,6.231178122715,12,1,3,0,6,0.1593,0.1281,0.0403,0.0,0.2772,1
48000000.0,0.0,0.0,800.0,220.0,6.231178122715,12,1,3,0,6,0.1593,0.1281,0.0403,0.0,0.2772,1
85000000.0,0.0,0.0,2200.0,603.0,8.17997233732319,3,0,2,0,0,0.1593,0.1281,0.0403,0.0,0.2772,1
228634000.0,0.0,0.0,0.0,4666.0,0.857412969935431,10,0,10,8,0,0.1593,0.1281,0.0403,0.0,0.2772,1
19000000.000000004,0.0,0.0,530.0,500.0,5.71267280725422,0,0,12,2,0,0.1593,0.1281,0.0403,0.0,0.2772,1
80000000.0,0.0,0.0,800.0,787.0,4.60459941732289,24,1,12,2,3,0.1593,0.1281,0.0403,0.0,0.2772,1
25000000.0,0.0,0.0,0.0,180.0,5.71267280725422,0,0,12,2,0,0.1593,0.1281,0.0403,0.0,0.2772,1
85000000.0,0.0,0.0,1168.0,243.0,2.1701569035164,9,1,7,2,2,0.1593,0.1281,0.0403,0.0,0.2772,1
15000000.0,0.0,0.0,352.0,197.0,5.71267280725422,0,0,12,2,0,0.1593,0.1281,0.0403,0.0,0.2772,1
65000000.0,0.0,0.0,1200.0,391.0,4.89259455886982,12,1,15,3,3,0.1593,0.1281,0.0403,0.0,0.2772,1
65000000.0,0.0,0.0,1200.0,391.0,0.857412969935431,10,0,10,8,0,0.1593,0.1281,0.0403,0.0,0.2772,1
60000000.0,0.0,0.0,1200.0,334.0,6.231178122715,12,1,3,0,6,0.1593,0.1281,0.0403,0.0,0.2772,1
7500000.0,0.0,0.0,250.0,140.0,2.29178686701429,4,0,13,0,1,0.1593,0.1281,0.0403,0.0,0.2772,1
35000000.0,0.0,0.0,500.0,511.0,3.59794852654164,0,0,17,4,1,0.1593,0.1281,0.0403,0.0,0.2772,1
1976590000.0,0.0,0.0,0.0,28237.0,7.2974884757683,5,0,3,0,0,0.2558,0.1939,0.1235,0.0954,0.2329,1
1976590000.0,0.0,0.0,17871.0,28237.0,7.2974884757683,5,0,3,0,0,0.2558,0.1939,0.1235,0.0954,0.2329,1
118204000.0,0.0,0.0,2038.0,2038.0,6.97968730728669,0,0,6,1,0,0.1081,0.3501,0.5038,0.0238,0.3209,1
1035000000.0,0.0,0.0,5000.0,9000.0,6.97968730728669,0,0,6,1,0,0.1081,0.3501,0.5038,0.0238,0.3209,1
280000000.0,0.0,0.0,3000.0,2320.0,6.97968730728669,0,0,6,1,0,0.1081,0.3501,0.5038,0.0238,0.3209,1
380000000.0,0.0,0.0,3560.0,0.0,6.5750481198903,15,2,25,1,1,1.0473,0.2141,1.3742,0.0185,0.7263,2
275000000.0,0.0,0.0,2156.78,264.0,3.28337341710908,19,10,11,0,45,1.0473,0.2141,1.3742,0.0185,0.7263,2
385000000.0,0.0,0.0,2566.0,308.0,3.27706030645861,29,9,8,0,45,1.0473,0.2141,1.3742,0.0185,0.7263,2
25734350.0,0.0,0.0,96.0,96.0,2.90785711770434,4,0,16,2,1,1.0473,0.2141,1.3742,0.0185,0.7263,2
130000000.0,0.0,0.0,938.0,400.0,1.29813630709615,25,3,14,1,14,1.0473,0.2141,1.3742,0.0185,0.7263,2
21947348.000000004,0.0,0.0,87.0,0.0,2.90785711770434,4,0,16,2,1,1.0473,0.2141,1.3742,0.0185,0.7263,2
588341000.0,0.0,0.0,1602.0,0.0,2.66827863582235,34,9,6,1,57,1.0473,0.2141,1.3742,0.0185,0.7263,2
80000000.0,0.0,0.0,216.0,0.0,2.66827863582235,34,9,6,1,57,1.0473,0.2141,1.3742,0.0185,0.7263,2
41999999.99999999,0.0,0.0,230.0,0.0,2.59692881341465,31,7,9,1,49,1.0473,0.2141,1.3742,0.0185,0.7263,2
211243300.0,0.0,0.0,681.43,0.0,3.97002691103628,8,3,14,0,15,1.0473,0.2141,1.3742,0.0185,0.7263,2
19605357.0,0.0,0.0,81.0,0.0,2.90785711770434,4,0,16,2,1,1.0473,0.2141,1.3742,0.0185,0.7263,2
98000000.0,0.0,0.0,1000.0,161.0,3.28373814655962,5,4,8,0,7,0.2002,0.13,0.102,0.0343,0.7127,1
90000000.0,0.0,0.0,355.0,1561.0,1.56937611929952,3,0,19,0,8,1.0473,0.2141,1.3742,0.0185,0.7263,2
44000000.0,0.0,0.0,230.0,1500.0,2.42165355521861,27,4,13,1,43,1.0473,0.2141,1.3742,0.0185,0.7263,2
44000000.0,0.0,0.0,230.0,1000.0,2.42165355521861,27,4,13,1,43,1.0473,0.2141,1.3742,0.0185,0.7263,2
275000000.0,0.0,0.0,2156.78,264.0,3.28337341710908,19,10,11,0,45,1.0473,0.2141,1.3742,0.0185,0.7263,2
98500000.0,0.0,0.0,656.67,0.0,3.28337341710908,19,10,11,0,45,1.0473,0.2141,1.3742,0.0185,0.7263,2
220000000.0,0.0,0.0,2566.0,308.0,2.20527060073623,35,8,9,1,52,1.0473,0.2141,1.3742,0.0185,0.7263,2
274022000.0,0.0,0.0,782.9199999999998,0.0,4.33088103995613,7,3,15,0,9,1.0473,0.2141,1.3742,0.0185,0.7263,2
124000000.0,0.0,0.0,450.0,436.0,1.54070787187374,16,2,18,1,24,1.0473,0.2141,1.3742,0.0185,0.7263,2
200000000.0,0.0,0.0,987.76,0.0,3.97002691103628,8,3,14,0,15,1.0473,0.2141,1.3742,0.0185,0.7263,2
60000000.0,0.0,0.0,969.7,189.0,1.55922466738988,40,4,15,1,40,1.0473,0.2141,1.3742,0.0185,0.7263,2
113085000.0,0.0,0.0,323.1,0.0,2.66827863582235,34,9,6,1,57,1.0473,0.2141,1.3742,0.0185,0.7263,2
250000000.0,0.0,0.0,987.76,208.0,3.97002691103628,8,3,14,0,15,1.0473,0.2141,1.3742,0.0185,0.7263,2
185000000.0,0.0,0.0,0.0,486.0,2.66827863582235,34,9,6,1,57,1.0473,0.2141,1.3742,0.0185,0.7263,2
149000000.0,0.0,0.0,0.0,156.0,3.97002691103628,8,3,14,0,15,1.0473,0.2141,1.3742,0.0185,0.7263,2
330000000.0,0.0,0.0,2876.0,550.0,1.54070787187374,16,2,18,1,24,1.0473,0.2141,1.3742,0.0185,0.7263,2
320000000.0,0.0,0.0,1280.0,200.0,3.97002691103628,8,3,14,0,15,1.0473,0.2141,1.3742,0.0185,0.7263,2
200000000.0,0.0,0.0,1200.0,230.0,6.47012028641756,3,1,16,4,7,1.0473,0.2141,1.3742,0.0185,0.7263,2
250000000.0,0.0,0.0,830.0,0.0,2.59692881341465,31,7,9,1,49,1.0473,0.2141,1.3742,0.0185,0.7263,2
45000000.0,0.0,0.0,612.0,241.0,0.891694090278903,20,2,21,2,13,1.0473,0.2141,1.3742,0.0185,0.7263,2
21208000.000000004,0.0,0.0,81.0,0.0,2.90785711770434,4,0,16,2,1,1.0473,0.2141,1.3742,0.0185,0.7263,2
671999999.9999999,0.0,0.0,3360.0,650.0,1.54070787187374,16,2,18,1,24,1.0473,0.2141,1.3742,0.0185,0.7263,2
16000000.0,0.0,0.0,79.0,0.0,2.90785711770434,4,0,16,2,1,1.0473,0.2141,1.3742,0.0185,0.7263,2
179990000.0,0.0,0.0,42.0,43.0,1.90326606202875,6,2,6,0,2,1.0473,0.2141,1.3742,0.0185,0.7263,2
5200000.0,0.0,0.0,64.8,0.0,2.42165355521861,27,4,13,1,43,1.0473,0.2141,1.3742,0.0185,0.7263,2
6000000.0,0.0,0.0,30.0,0.0,3.97002691103628,8,3,14,0,15,1.0473,0.2141,1.3742,0.0185,0.7263,2
275000000.0,0.0,0.0,2156.78,264.0,3.28337341710908,19,10,11,0,45,1.0473,0.2141,1.3742,0.0185,0.7263,2
250000000.0,0.0,0.0,1635.0,327.0,1.54070787187374,16,2,18,1,24,1.0473,0.2141,1.3742,0.0185,0.7263,2
8500000.0,0.0,0.0,31.92,0.0,3.97002691103628,8,3,14,0,15,1.0473,0.2141,1.3742,0.0185,0.7263,2
344100000.00000006,0.0,0.0,1147.0,0.0,3.28337341710908,19,10,11,0,45,1.0473,0.2141,1.3742,0.0185,0.7263,2
344100000.00000006,0.0,0.0,1147.0,0.0,3.28337341710908,19,10,11,0,45,1.0473,0.2141,1.3742,0.0185,0.7263,2
19300000.0,0.0,0.0,4920.0,0.0,2.90785711770434,4,0,16,2,1,1.0473,0.2141,1.3742,0.0185,0.7263,2
21000000.0,0.0,0.0,0.0,4920.0,2.90785711770434,4,0,16,2,1,1.0473,0.2141,1.3742,0.0185,0.7263,2
33000000.0,0.0,0.0,100.0,4920.0,2.90785711770434,4,0,16,2,1,1.0473,0.2141,1.3742,0.0185,0.7263,2
380000000.0,0.0,0.0,1155.0,0.0,2.90785711770434,4,0,16,2,1,1.0473,0.2141,1.3742,0.0185,0.7263,2
193985446.0,0.0,0.0,579.0,0.0,2.20527060073623,35,8,9,1,52,1.0473,0.2141,1.3742,0.0185,0.7263,2
35000000.0,0.0,0.0,108.0,0.0,2.66827863582235,34,9,6,1,57,1.0473,0.2141,1.3742,0.0185,0.7263,2
33060000.0,0.0,0.0,114.0,0.0,2.19965115397783,29,7,14,1,45,1.0473,0.2141,1.3742,0.0185,0.7263,2
209785714.0,0.0,0.0,609.0,0.0,2.66827863582235,34,9,6,1,57,1.0473,0.2141,1.3742,0.0185,0.7263,2
22000000.0,0.0,0.0,87.0,0.0,2.90785711770434,4,0,16,2,1,1.0473,0.2141,1.3742,0.0185,0.7263,2
19203118.0,0.0,0.0,79.0,0.0,2.90785711770434,4,0,16,2,1,1.0473,0.2141,1.3742,0.0185,0.7263,2
610000000.0,0.0,0.0,1271.0,0.0,2.24023092088096,29,8,7,0,48,1.0473,0.2141,1.3742,0.0185,0.7263,2
18142857.14,0.0,0.0,79.0,0.0,2.90785711770434,4,0,16,2,1,1.0473,0.2141,1.3742,0.0185,0.7263,2
19500000.0,0.0,0.0,79.0,0.0,2.90785711770434,4,0,16,2,1,1.0473,0.2141,1.3742,0.0185,0.7263,2
90000000.0,0.0,0.0,15.0,186.0,2.66827863582235,34,9,6,1,57,1.0473,0.2141,1.3742,0.0185,0.7263,2
70000000.0,0.0,0.0,313.0,258.0,3.27706030645861,29,9,8,0,45,1.0473,0.2141,1.3742,0.0185,0.7263,2
18000000.0,0.0,0.0,79.0,4920.0,2.90785711770434,4,0,16,2,1,1.0473,0.2141,1.3742,0.0185,0.7263,2
250000000.0,0.0,0.0,2003.0,413.0,5.91711800371476,17,2,23,1,12,1.0473,0.2141,1.3742,0.0185,0.7263,2
35000000.0,0.0,0.0,108.0,0.0,2.66827863582235,34,9,6,1,57,1.0473,0.2141,1.3742,0.0185,0.7263,2
320000000.0,0.0,0.0,1280.0,200.0,3.97002691103628,8,3,14,0,15,1.0473,0.2141,1.3742,0.0185,0.7263,2
4950000.000000001,0.0,0.0,0.0,50.0,3.32274828600465,15,6,12,0,19,1.0473,0.2141,1.3742,0.0185,0.7263,2
57999999.99999999,0.0,0.0,286.26,0.0,3.32274828600465,15,6,12,0,19,1.0473,0.2141,1.3742,0.0185,0.7263,2
250000000.0,0.0,0.0,1000.0,327.0,3.27706030645861,29,9,8,0,45,1.0473,0.2141,1.3742,0.0185,0.7263,2
188575000.0,0.0,0.0,397.0,0.0,4.33088103995613,7,3,15,0,9,1.0473,0.2141,1.3742,0.0185,0.7263,2
576722966.0,0.0,0.0,1602.0,0.0,2.66827863582235,34,9,6,1,57,1.0473,0.2141,1.3742,0.0185,0.7263,2
650000000.0,0.0,0.0,5128.0,492.0,3.97002691103628,8,3,14,0,15,1.0473,0.2141,1.3742,0.0185,0.7263,2
17152560.0,0.0,0.0,81.0,0.0,2.90785711770434,4,0,16,2,1,1.0473,0.2141,1.3742,0.0185,0.7263,2
41999999.99999999,0.0,0.0,114.0,0.0,2.66827863582235,34,9,6,1,57,1.0473,0.2141,1.3742,0.0185,0.7263,2
44000000.0,0.0,0.0,230.0,0.0,2.42165355521861,27,4,13,1,43,1.0473,0.2141,1.3742,0.0185,0.7263,2
550000000.0,0.0,0.0,1700.0,500.0,3.32274828600465,15,6,12,0,19,1.0473,0.2141,1.3742,0.0185,0.7263,2
170000000.0,0.0,0.0,12000.0,230.0,3.28373814655962,5,4,8,0,7,0.2002,0.13,0.102,0.0343,0.7127,1
114000000.0,0.0,0.0,381.0,133.0,5.35473689858411,19,1,22,1,7,1.0473,0.2141,1.3742,0.0185,0.7263,2
19000000.000000004,0.0,0.0,92.0,0.0,2.90785711770434,4,0,16,2,1,1.0473,0.2141,1.3742,0.0185,0.7263,2
19500000.0,0.0,0.0,79.0,0.0,2.90785711770434,4,0,16,2,1,1.0473,0.2141,1.3742,0.0185,0.7263,2
6000000.0,0.0,0.0,27.81,0.0,3.97002691103628,8,3,14,0,15,1.0473,0.2141,1.3742,0.0185,0.7263,2
56300000.0,0.0,0.0,266.55,0.0,2.20527060073623,35,8,9,1,52,1.0473,0.2141,1.3742,0.0185,0.7263,2
21500000.0,0.0,0.0,86.47,0.0,3.97002691103628,8,3,14,0,15,1.0473,0.2141,1.3742,0.0185,0.7263,2
120000000.0,0.0,0.0,1000.0,300.0,5.35473689858411,19,1,22,1,7,1.0473,0.2141,1.3742,0.0185,0.7263,2
41999999.99999999,0.0,0.0,230.08,0.0,2.42165355521861,27,4,13,1,43,1.0473,0.2141,1.3742,0.0185,0.7263,2
17820000.0,0.0,0.0,81.0,0.0,2.90785711770434,4,0,16,2,1,1.0473,0.2141,1.3742,0.0185,0.7263,2
40000000.0,0.0,0.0,550.0,98.0,3.28373814655962,5,4,8,0,7,0.2002,0.13,0.102,0.0343,0.7127,1
70000000.0,0.0,0.0,147.0,0.0,2.72494144120094,35,9,6,1,52,1.0473,0.2141,1.3742,0.0185,0.7263,2
39000000.0,0.0,0.0,147.5,0.0,2.59692881341465,31,7,9,1,49,1.0473,0.2141,1.3742,0.0185,0.7263,2
39000000.0,0.0,0.0,131.0,0.0,2.90785711770434,4,0,16,2,1,1.0473,0.2141,1.3742,0.0185,0.7263,2
514815000.0,0.0,0.0,1271.0,0.0,2.24023092088096,29,8,7,0,48,1.0473,0.2141,1.3742,0.0185,0.7263,2
38406237.0,0.0,0.0,158.0,0.0,2.90785711770434,4,0,16,2,1,1.0473,0.2141,1.3742,0.0185,0.7263,2
140000000.0,0.0,0.0,1000.0,200.0,3.28337341710908,19,10,11,0,45,1.0473,0.2141,1.3742,0.0185,0.7263,2
250000000.0,0.0,0.0,987.0,208.0,3.97002691103628,8,3,14,0,15,1.0473,0.2141,1.3742,0.0185,0.7263,2
1500000000.0,0.0,0.0,0.0,759.0,3.28337341710908,19,10,11,0,45,1.0473,0.2141,1.3742,0.0185,0.7263,2
180000000.0,0.0,0.0,760.0,0.0,3.02791777745804,33,10,6,0,49,1.0473,0.2141,1.3742,0.0185,0.7263,2
110000000.0,0.0,0.0,800.0,260.0,1.55922466738988,40,4,15,1,40,1.0473,0.2141,1.3742,0.0185,0.7263,2
398000000.0,0.0,0.0,3560.0,0.0,3.27706030645861,29,9,8,0,45,1.0473,0.2141,1.3742,0.0185,0.7263,2
275000000.0,0.0,0.0,2156.0,264.0,3.97002691103628,8,3,14,0,15,1.0473,0.2141,1.3742,0.0185,0.7263,2
230000000.0,0.0,0.0,2566.0,307.0,2.42165355521861,27,4,13,1,43,1.0473,0.2141,1.3742,0.0185,0.7263,2
40000000.0,0.0,0.0,230.0,0.0,2.42165355521861,27,4,13,1,43,1.0473,0.2141,1.3742,0.0185,0.7263,2
508400000.0,0.0,0.0,1603.0,0.0,2.66827863582235,34,9,6,1,57,1.0473,0.2141,1.3742,0.0185,0.7263,2
300000000.0,0.0,0.0,2156.78,264.0,3.28337341710908,19,10,11,0,45,1.0473,0.2141,1.3742,0.0185,0.7263,2
60000000.0,0.0,0.0,539.0,120.0,1.29813630709615,25,3,14,1,14,1.0473,0.2141,1.3742,0.0185,0.7263,2
300000000.0,0.0,0.0,2156.78,264.0,3.97002691103628,8,3,14,0,15,1.0473,0.2141,1.3742,0.0185,0.7263,2
33894450.0,0.0,0.0,149.0,0.0,2.90785711770434,4,0,16,2,1,1.0473,0.2141,1.3742,0.0185,0.7263,2
250000000.0,0.0,0.0,1635.0,327.0,1.54070787187374,16,2,18,1,24,1.0473,0.2141,1.3742,0.0185,0.7263,2
74000000.0,0.0,0.0,216.0,0.0,2.66827863582235,34,9,6,1,57,1.0473,0.2141,1.3742,0.0185,0.7263,2
275000000.0,0.0,0.0,2156.0,264.0,3.97002691103628,8,3,14,0,15,1.0473,0.2141,1.3742,0.0185,0.7263,2
242984673.0,0.0,0.0,1276.18,0.0,2.66827863582235,34,9,6,1,57,1.0473,0.2141,1.3742,0.0185,0.7263,2
300000000.0,0.0,0.0,2438.0,682.0,1.54070787187374,16,2,18,1,24,1.0473,0.2141,1.3742,0.0185,0.7263,2
75000000.0,0.0,0.0,108.0,216.0,2.66827863582235,34,9,6,1,57,1.0473,0.2141,1.3742,0.0185,0.7263,2
300000000.0,0.0,0.0,2156.78,264.0,3.28337341710908,19,10,11,0,45,1.0473,0.2141,1.3742,0.0185,0.7263,2
55188000.0,0.0,0.0,189.0,0.0,2.66827863582235,34,9,6,1,57,1.0473,0.2141,1.3742,0.0185,0.7263,2
120000000.0,0.0,0.0,1000.0,161.0,3.28373814655962,5,4,8,0,7,0.2002,0.13,0.102,0.0343,0.7127,1
513484000.0,0.0,0.0,0.0,1271.0,2.66827863582235,34,9,6,1,57,1.0473,0.2141,1.3742,0.0185,0.7263,2
45000000.0,0.0,0.0,533.0,0.0,4.82308338829801,5,2,21,0,4,1.0473,0.2141,1.3742,0.0185,0.7263,2
275000000.0,0.0,0.0,2156.78,264.0,2.24023092088096,29,8,7,0,48,1.0473,0.2141,1.3742,0.0185,0.7263,2
9900000.0,0.0,0.0,46.0,0.0,2.30898913515352,30,9,10,1,55,1.0473,0.2141,1.3742,0.0185,0.7263,2
9500000.0,0.0,0.0,41.23,0.0,3.67222066396867,9,5,15,0,16,1.0473,0.2141,1.3742,0.0185,0.7263,2
380000000.0,0.0,0.0,3560.0,418.0,5.91711800371476,17,2,23,1,12,1.0473,0.2141,1.3742,0.0185,0.7263,2
5000000.0,0.0,0.0,23.0,0.0,2.21681529443205,30,9,11,1,52,1.0473,0.2141,1.3742,0.0185,0.7263,2
17800000.0,0.0,0.0,79.0,0.0,2.90785711770434,4,0,16,2,1,1.0473,0.2141,1.3742,0.0185,0.7263,2
6550000.000000001,0.0,0.0,65.39,0.0,2.42165355521861,27,4,13,1,43,1.0473,0.2141,1.3742,0.0185,0.7263,2
250000000.0,0.0,0.0,1635.0,327.0,1.54070787187374,16,2,18,1,24,1.0473,0.2141,1.3742,0.0185,0.7263,2
20542800.0,0.0,0.0,87.0,0.0,2.90785711770434,4,0,16,2,1,1.0473,0.2141,1.3742,0.0185,0.7263,2
45000000.0,0.0,0.0,533.0,0.0,4.82308338829801,5,2,21,0,4,1.0473,0.2141,1.3742,0.0185,0.7263,2
300000000.0,0.0,0.0,0.0,300.0,4.82308338829801,5,2,21,0,4,1.0473,0.2141,1.3742,0.0185,0.7263,2
43680000.0,0.0,0.0,208.0,0.0,2.90785711770434,4,0,16,2,1,1.0473,0.2141,1.3742,0.0185,0.7263,2
70000000.0,0.0,0.0,245.0,0.0,2.59692881341465,31,7,9,1,49,1.0473,0.2141,1.3742,0.0185,0.7263,2
30334500.0,0.0,0.0,96.3,0.0,2.66827863582235,34,9,6,1,57,1.0473,0.2141,1.3742,0.0185,0.7263,2
3000000.0,0.0,0.0,33.9,0.0,1.40681957769825,32,4,16,1,29,1.0473,0.2141,1.3742,0.0185,0.7263,2
580000000.0,0.0,0.0,2250.0,580.0,3.14203845430606,6,1,2,0,3,1.0473,0.2141,1.3742,0.0185,0.7263,2
274022000.0,0.0,0.0,782.9199999999998,0.0,4.33088103995613,7,3,15,0,9,1.0473,0.2141,1.3742,0.0185,0.7263,2
85000000.0,0.0,0.0,600.0,297.0,6.47012028641756,3,1,16,4,7,1.0473,0.2141,1.3742,0.0185,0.7263,2
450000000.0,0.0,0.0,3090.0,462.0,1.69524983145894,39,4,16,1,42,1.0473,0.2141,1.3742,0.0185,0.7263,2
30350000.0,0.0,0.0,90.0,0.0,2.66827863582235,34,9,6,1,57,1.0473,0.2141,1.3742,0.0185,0.7263,2
180000000.0,0.0,0.0,1260.0,472.0,0.891694090278903,20,2,21,2,13,1.0473,0.2141,1.3742,0.0185,0.7263,2
650000000.0,0.0,0.0,5128.0,0.0,3.97002691103628,8,3,14,0,15,1.0473,0.2141,1.3742,0.0185,0.7263,2
33680000.0,0.0,0.0,108.0,0.0,2.66827863582235,34,9,6,1,57,1.0473,0.2141,1.3742,0.0185,0.7263,2
180000000.0,0.0,0.0,760.0,0.0,3.02791777745804,33,10,6,0,49,1.0473,0.2141,1.3742,0.0185,0.7263,2
18499970.0,0.0,0.0,80.0,0.0,1.54070787187374,16,2,18,1,24,1.0473,0.2141,1.3742,0.0185,0.7263,2
152190000.0,0.0,0.0,855.0,0.0,2.20527060073623,35,8,9,1,52,1.0473,0.2141,1.3742,0.0185,0.7263,2
33000000.0,0.0,0.0,108.0,0.0,2.66827863582235,34,9,6,1,57,1.0473,0.2141,1.3742,0.0185,0.7263,2
200000000.0,0.0,0.0,1350.0,347.0,4.82308338829801,5,2,21,0,4,1.0473,0.2141,1.3742,0.0185,0.7263,2
17500000.0,0.0,0.0,79.0,0.0,2.90785711770434,4,0,16,2,1,1.0473,0.2141,1.3742,0.0185,0.7263,2
9450000.0,0.0,0.0,94.06,0.0,3.32274828600465,15,6,12,0,19,1.0473,0.2141,1.3742,0.0185,0.7263,2
5000000000.0,0.0,0.0,18000.0,3500.0,2.20527060073623,35,8,9,1,52,1.0473,0.2141,1.3742,0.0185,0.7263,2
3100000.0,0.0,0.0,26.0,0.0,1.55922466738988,40,4,15,1,40,1.0473,0.2141,1.3742,0.0185,0.7263,2
120000000.0,0.0,0.0,1200.0,531.0,5.35473689858411,19,1,22,1,7,1.0473,0.2141,1.3742,0.0185,0.7263,2
39531575.47,0.0,0.0,131.0,0.0,2.90785711770434,4,0,16,2,1,1.0473,0.2141,1.3742,0.0185,0.7263,2
398000000.0,0.0,0.0,3560.0,418.0,5.91711800371476,17,2,23,1,12,1.0473,0.2141,1.3742,0.0185,0.7263,2
25000000.0,0.0,0.0,167.0,0.0,1.69524983145894,39,4,16,1,42,1.0473,0.2141,1.3742,0.0185,0.7263,2
23583928.57,0.0,0.0,1300.0,0.0,2.90785711770434,4,0,16,2,1,1.0473,0.2141,1.3742,0.0185,0.7263,2
135000000.0,0.0,0.0,206.0,0.0,3.97002691103628,8,3,14,0,15,1.0473,0.2141,1.3742,0.0185,0.7263,2
11000000.0,0.0,0.0,111.0,0.0,1.55922466738988,40,4,15,1,40,1.0473,0.2141,1.3742,0.0185,0.7263,2
36919800.0,0.0,0.0,108.0,0.0,2.20527060073623,35,8,9,1,52,1.0473,0.2141,1.3742,0.0185,0.7263,2
72000000.0,0.0,0.0,0.0,402.0,6.73847589464718,14,5,37,2,9,1.0473,0.2141,1.3742,0.0185,0.7263,2
787050000.0,0.0,0.0,160.0,0.0,2.90785711770434,4,0,16,2,1,1.0473,0.2141,1.3742,0.0185,0.7263,2
135000000.0,0.0,0.0,1000.0,400.0,1.29813630709615,25,3,14,1,14,1.0473,0.2141,1.3742,0.0185,0.7263,2
15000000.0,0.0,0.0,87.0,0.0,2.59692881341465,31,7,9,1,49,1.0473,0.2141,1.3742,0.0185,0.7263,2
15000000.0,0.0,0.0,82.0,0.0,2.90785711770434,4,0,16,2,1,1.0473,0.2141,1.3742,0.0185,0.7263,2
33680000.0,0.0,0.0,108.0,0.0,2.66827863582235,34,9,6,1,57,1.0473,0.2141,1.3742,0.0185,0.7263,2
43680000.0,0.0,0.0,208.0,0.0,2.90785711770434,4,0,16,2,1,1.0473,0.2141,1.3742,0.0185,0.7263,2
125000000.0,0.0,0.0,1000.0,200.0,1.55922466738988,40,4,15,1,40,1.0473,0.2141,1.3742,0.0185,0.7263,2
384000000.0,0.0,0.0,1200.0,0.0,2.66827863582235,34,9,6,1,57,1.0473,0.2141,1.3742,0.0185,0.7263,2
650000000.0,0.0,0.0,5345.25,1196.0,5.35473689858411,19,1,22,1,7,1.0473,0.2141,1.3742,0.0185,0.7263,2
300000000.0,0.0,0.0,2156.78,264.0,3.28337341710908,19,10,11,0,45,1.0473,0.2141,1.3742,0.0185,0.7263,2
333000000.00000006,0.0,0.0,830.0,527.0,3.32286201231306,15,6,12,0,19,1.0473,0.2141,1.3742,0.0185,0.7263,2
150000000.0,0.0,0.0,2252.32,436.0,1.29813630709615,25,3,14,1,14,1.0473,0.2141,1.3742,0.0185,0.7263,2
29705000.0,0.0,0.0,114.0,0.0,2.66827863582235,34,9,6,1,57,1.0473,0.2141,1.3742,0.0185,0.7263,2
150000000.0,0.0,0.0,2252.32,436.0,1.29813630709615,25,3,14,1,14,1.0473,0.2141,1.3742,0.0185,0.7263,2
300000000.0,0.0,0.0,1635.0,327.0,1.54070787187374,16,2,18,1,24,1.0473,0.2141,1.3742,0.0185,0.7263,2
380000000.0,0.0,0.0,3560.0,418.0,6.5750481198903,15,2,25,1,1,1.0473,0.2141,1.3742,0.0185,0.7263,2
39000000.0,0.0,0.0,192.0,0.0,2.59692881341465,31,7,9,1,49,1.0473,0.2141,1.3742,0.0185,0.7263,2
150000000.0,0.0,0.0,820.0,137.0,4.58177327137671,11,1,16,1,6,1.0473,0.2141,1.3742,0.0185,0.7263,2
51485500.0,0.0,0.0,115.0,0.0,2.66827863582235,34,9,6,1,57,1.0473,0.2141,1.3742,0.0185,0.7263,2
23583929.0,0.0,0.0,101.0,0.0,2.90785711770434,4,0,16,2,1,1.0473,0.2141,1.3742,0.0185,0.7263,2
2800000000.0,0.0,0.0,7139.0,762.0,3.02791777745804,33,10,6,0,49,1.0473,0.2141,1.3742,0.0185,0.7263,2
250000000.0,0.0,0.0,1800.0,318.0,6.5750481198903,15,2,25,1,1,1.0473,0.2141,1.3742,0.0185,0.7263,2
150000000.0,0.0,0.0,2252.32,436.0,1.29813630709615,25,3,14,1,14,1.0473,0.2141,1.3742,0.0185,0.7263,2
140000000.0,0.0,0.0,2252.32,436.0,1.29813630709615,25,3,14,1,14,1.0473,0.2141,1.3742,0.0185,0.7263,2
8500000.0,0.0,0.0,31.92,0.0,3.97002691103628,8,3,14,0,15,1.0473,0.2141,1.3742,0.0185,0.7263,2
60000000.0,0.0,0.0,267.19,0.0,2.46847997219837,35,10,8,1,54,1.0473,0.2141,1.3742,0.0185,0.7263,2
150000000.0,0.0,0.0,2252.32,436.0,1.29813630709615,25,3,14,1,14,1.0473,0.2141,1.3742,0.0185,0.7263,2
400000000.0,0.0,0.0,2633.75,355.0,3.97002691103628,8,3,14,0,15,1.0473,0.2141,1.3742,0.0185,0.7263,2
27990000.0,0.0,0.0,349.0,94.0,5.69538512235101,19,4,29,1,7,1.0473,0.2141,1.3742,0.0185,0.7263,2
33680000.0,0.0,0.0,108.0,0.0,2.66827863582235,34,9,6,1,57,1.0473,0.2141,1.3742,0.0185,0.7263,2
43680000.0,0.0,0.0,208.0,0.0,2.90785711770434,4,0,16,2,1,1.0473,0.2141,1.3742,0.0185,0.7263,2
150000000.0,0.0,0.0,2252.0,0.0,1.29813630709615,25,3,14,1,14,1.0473,0.2141,1.3742,0.0185,0.7263,2
380000000.0,0.0,0.0,3560.0,418.0,3.27706030645861,29,9,8,0,45,1.0473,0.2141,1.3742,0.0185,0.7263,2
44000000.0,0.0,0.0,230.0,0.0,2.42165355521861,27,4,13,1,43,1.0473,0.2141,1.3742,0.0185,0.7263,2
99837100.0,0.0,0.0,223.0,0.0,2.66827863582235,34,9,6,1,57,1.0473,0.2141,1.3742,0.0185,0.7263,2
35000000.0,0.0,0.0,250.0,102.0,1.29813630709615,25,3,14,1,14,1.0473,0.2141,1.3742,0.0185,0.7263,2
150000000.0,0.0,0.0,820.0,137.0,4.58177327137671,11,1,16,1,6,1.0473,0.2141,1.3742,0.0185,0.7263,2
188575000.0,0.0,0.0,397.0,0.0,4.33088103995613,7,3,15,0,9,1.0473,0.2141,1.3742,0.0185,0.7263,2
140000000.0,0.0,0.0,2252.32,436.0,1.29813630709615,25,3,14,1,14,1.0473,0.2141,1.3742,0.0185,0.7263,2
31320000.000000004,0.0,0.0,1271.0,0.0,2.66827863582235,34,9,6,1,57,1.0473,0.2141,1.3742,0.0185,0.7263,2
136360000.0,0.0,0.0,800.0,250.0,1.55922466738988,40,4,15,1,40,1.0473,0.2141,1.3742,0.0185,0.7263,2
100000000.0,0.0,0.0,1000.0,200.0,3.76000533078107,8,5,15,0,16,1.0473,0.2141,1.3742,0.0185,0.7263,2
8500000.0,0.0,0.0,31.92,0.0,3.67222066396867,9,5,15,0,16,1.0473,0.2141,1.3742,0.0185,0.7263,2
22500000.0,0.0,0.0,150.0,0.0,1.55922466738988,40,4,15,1,40,1.0473,0.2141,1.3742,0.0185,0.7263,2
49800000.0,0.0,0.0,533.0,0.0,4.82308338829801,5,2,21,0,4,1.0473,0.2141,1.3742,0.0185,0.7263,2
150000000.0,0.0,0.0,820.0,137.0,4.58177327137671,11,1,16,1,6,1.0473,0.2141,1.3742,0.0185,0.7263,2
200000000.0,0.0,0.0,2566.0,308.0,1.54070787187374,16,2,18,1,24,1.0473,0.2141,1.3742,0.0185,0.7263,2
104900000.0,0.0,0.0,750.0,200.0,0.891694090278903,20,2,21,2,13,1.0473,0.2141,1.3742,0.0185,0.7263,2
380000000.0,0.0,0.0,3560.0,418.0,6.5750481198903,15,2,25,1,1,1.0473,0.2141,1.3742,0.0185,0.7263,2
31320000.000000004,0.0,0.0,108.0,0.0,2.66827863582235,34,9,6,1,57,1.0473,0.2141,1.3742,0.0185,0.7263,2
210000000.0,0.0,0.0,2000.0,430.0,0.891694090278903,20,2,21,2,13,1.0473,0.2141,1.3742,0.0185,0.7263,2
49999999.99999999,0.0,0.0,969.0,189.0,1.55922466738988,40,4,15,1,40,1.0473,0.2141,1.3742,0.0185,0.7263,2
5417000.0,0.0,0.0,66.87,0.0,2.42165355521861,27,4,13,1,43,1.0473,0.2141,1.3742,0.0185,0.7263,2
3784000.0,0.0,0.0,47.3,0.0,2.42165355521861,27,4,13,1,43,1.0473,0.2141,1.3742,0.0185,0.7263,2
10124000.0,0.0,0.0,126.54,0.0,2.42165355521861,27,4,13,1,43,1.0473,0.2141,1.3742,0.0185,0.7263,2
8857000.0,0.0,0.0,113.55,0.0,2.42165355521861,27,4,13,1,43,1.0473,0.2141,1.3742,0.0185,0.7263,2
20500000.0,0.0,0.0,79.0,0.0,2.90785711770434,4,0,16,2,1,1.0473,0.2141,1.3742,0.0185,0.7263,2
35000000.0,0.0,0.0,191.0,0.0,3.32274828600465,15,6,12,0,19,1.0473,0.2141,1.3742,0.0185,0.7263,2
4093600.0,0.0,0.0,51.17,0.0,1.82900376881317,20,4,17,1,32,1.0473,0.2141,1.3742,0.0185,0.7263,2
10128799.999999998,0.0,0.0,126.61,0.0,1.82900376881317,20,4,17,1,32,1.0473,0.2141,1.3742,0.0185,0.7263,2
73000000.0,0.0,0.0,780.0,180.0,6.73847589464718,14,5,37,2,9,1.0473,0.2141,1.3742,0.0185,0.7263,2
110000000.0,0.0,0.0,800.0,260.0,1.55922466738988,40,4,15,1,40,1.0473,0.2141,1.3742,0.0185,0.7263,2
501000000.0,0.0,0.0,1580.0,1580.0,1.56937611929952,3,0,19,0,8,1.0473,0.2141,1.3742,0.0185,0.7263,2
41999999.99999999,0.0,0.0,230.0,0.0,2.70740336990033,20,6,8,1,41,1.0473,0.2141,1.3742,0.0185,0.7263,2
3733600.0,0.0,0.0,34.17,0.0,1.55922466738988,40,4,15,1,40,1.0473,0.2141,1.3742,0.0185,0.7263,2
5671200.0,0.0,0.0,70.89,0.0,1.55922466738988,40,4,15,1,40,1.0473,0.2141,1.3742,0.0185,0.7263,2
140000000.0,0.0,0.0,1000.0,207.0,1.29813630709615,25,3,14,1,14,1.0473,0.2141,1.3742,0.0185,0.7263,2
63000000.0,0.0,0.0,286.0,0.0,3.32274828600465,15,6,12,0,19,1.0473,0.2141,1.3742,0.0185,0.7263,2
32800000.0,0.0,0.0,486.0,243.0,6.47012028641756,3,1,16,4,7,1.0473,0.2141,1.3742,0.0185,0.7263,2
225000000.0,0.0,0.0,3680.0,796.0,1.29813630709615,25,3,14,1,14,1.0473,0.2141,1.3742,0.0185,0.7263,2
275000000.0,0.0,0.0,2156.78,264.0,3.28337341710908,19,10,11,0,45,1.0473,0.2141,1.3742,0.0185,0.7263,2
10195999.999999998,0.0,0.0,127.44,0.0,2.42165355521861,27,4,13,1,43,1.0473,0.2141,1.3742,0.0185,0.7263,2
13441000.0,0.0,0.0,172.31,0.0,2.42165355521861,27,4,13,1,43,1.0473,0.2141,1.3742,0.0185,0.7263,2
4839000.0,0.0,0.0,60.48,0.0,2.42165355521861,27,4,13,1,43,1.0473,0.2141,1.3742,0.0185,0.7263,2
4839000.0,0.0,0.0,60.48,0.0,2.42165355521861,27,4,13,1,43,1.0473,0.2141,1.3742,0.0185,0.7263,2
3620000.0,0.0,0.0,45.25,0.0,2.42165355521861,27,4,13,1,43,1.0473,0.2141,1.3742,0.0185,0.7263,2
131320000.0,0.0,0.0,469.0,0.0,2.66827863582235,34,9,6,1,57,1.0473,0.2141,1.3742,0.0185,0.7263,2
55000000.0,0.0,0.0,750.0,212.0,3.00150108604283,4,3,8,0,3,1.0473,0.2141,1.3742,0.0185,0.7263,2
17820000.0,0.0,0.0,81.0,0.0,2.90785711770434,4,0,16,2,1,1.0473,0.2141,1.3742,0.0185,0.7263,2
275000000.0,0.0,0.0,2156.78,264.0,3.28337341710908,19,10,11,0,45,1.0473,0.2141,1.3742,0.0185,0.7263,2
10123200.0,0.0,0.0,126.54,0.0,1.82900376881317,20,4,17,1,32,1.0473,0.2141,1.3742,0.0185,0.7263,2
3749600.0,0.0,0.0,46.87,0.0,1.82900376881317,20,4,17,1,32,1.0473,0.2141,1.3742,0.0185,0.7263,2
4093600.0,0.0,0.0,51.17,0.0,1.82900376881317,20,4,17,1,32,1.0473,0.2141,1.3742,0.0185,0.7263,2
90000000.0,0.0,0.0,297.0,0.0,2.90785711770434,4,0,16,2,1,1.0473,0.2141,1.3742,0.0185,0.7263,2
17820000.0,0.0,0.0,81.0,0.0,2.90785711770434,4,0,16,2,1,1.0473,0.2141,1.3742,0.0185,0.7263,2
650000000.0,0.0,0.0,5345.25,1196.0,5.35473689858411,19,1,22,1,7,1.0473,0.2141,1.3742,0.0185,0.7263,2
429361200.0,0.0,0.0,1484.0,0.0,2.23852616340581,29,8,14,1,45,1.0473,0.2141,1.3742,0.0185,0.7263,2
6000000.0,0.0,0.0,27.81,0.0,3.97002691103628,8,3,14,0,15,1.0473,0.2141,1.3742,0.0185,0.7263,2
160000000.0,0.0,0.0,600.0,287.0,1.29813630709615,25,3,14,1,14,1.0473,0.2141,1.3742,0.0185,0.7263,2
71990000.0,0.0,0.0,700.0,172.0,1.29813630709615,25,3,14,1,14,1.0473,0.2141,1.3742,0.0185,0.7263,2
55188000.0,0.0,0.0,189.0,0.0,2.66827863582235,34,9,6,1,57,1.0473,0.2141,1.3742,0.0185,0.7263,2
22000000.0,0.0,0.0,150.0,0.0,1.55922466738988,40,4,15,1,40,1.0473,0.2141,1.3742,0.0185,0.7263,2
5300000000.0,0.0,0.0,43703.0,1004.0,2.59692881341465,31,7,9,1,49,1.0473,0.2141,1.3742,0.0185,0.7263,2
200000000.0,0.0,0.0,2000.0,465.0,2.28037737500924,15,2,12,1,15,1.0473,0.2141,1.3742,0.0185,0.7263,2
7910000.000000002,0.0,0.0,40.42,0.0,1.55922466738988,40,4,15,1,40,1.0473,0.2141,1.3742,0.0185,0.7263,2
300000000.0,0.0,0.0,2438.0,682.0,1.56937611929952,3,0,19,0,8,1.0473,0.2141,1.3742,0.0185,0.7263,2
119000000.0,0.0,0.0,968.0,400.0,1.29813630709615,25,3,14,1,14,1.0473,0.2141,1.3742,0.0185,0.7263,2
4407000.0,0.0,0.0,54.4,0.0,2.42165355521861,27,4,13,1,43,1.0473,0.2141,1.3742,0.0185,0.7263,2
5232000.0,0.0,0.0,65.39,0.0,2.42165355521861,27,4,13,1,43,1.0473,0.2141,1.3742,0.0185,0.7263,2
3620000.0,0.0,0.0,45.25,0.0,2.42165355521861,27,4,13,1,43,1.0473,0.2141,1.3742,0.0185,0.7263,2
3455000.0000000005,0.0,0.0,42.65,0.0,2.42165355521861,27,4,13,1,43,1.0473,0.2141,1.3742,0.0185,0.7263,2
3620000.0,0.0,0.0,45.25,0.0,1.82900376881317,20,4,17,1,32,1.0473,0.2141,1.3742,0.0185,0.7263,2
140000000.0,0.0,0.0,1100.0,250.0,3.00150108604283,4,3,8,0,3,1.0473,0.2141,1.3742,0.0185,0.7263,2
60000000.0,0.0,0.0,969.7,189.0,1.55922466738988,40,4,15,1,40,1.0473,0.2141,1.3742,0.0185,0.7263,2
17000000.0,0.0,0.0,54.44,0.0,3.97002691103628,8,3,14,0,15,1.0473,0.2141,1.3742,0.0185,0.7263,2
57999999.99999999,0.0,0.0,286.26,0.0,3.97002691103628,8,3,14,0,15,1.0473,0.2141,1.3742,0.0185,0.7263,2
650000000.0,0.0,0.0,2250.0,580.0,3.27706030645861,29,9,8,0,45,1.0473,0.2141,1.3742,0.0185,0.7263,2
3666000.0,0.0,0.0,45.25,0.0,2.42165355521861,27,4,13,1,43,1.0473,0.2141,1.3742,0.0185,0.7263,2
3750000.0,0.0,0.0,46.87,0.0,2.42165355521861,27,4,13,1,43,1.0473,0.2141,1.3742,0.0185,0.7263,2
120000000.0,0.0,0.0,1336.0,531.0,5.35473689858411,19,1,22,1,7,1.0473,0.2141,1.3742,0.0185,0.7263,2
24000000.0,0.0,0.0,190.0,190.0,2.59692881341465,31,7,9,1,49,1.0473,0.2141,1.3742,0.0185,0.7263,2
5231200.0,0.0,0.0,65.39,0.0,1.82900376881317,20,4,17,1,32,1.0473,0.2141,1.3742,0.0185,0.7263,2
10040000.0,0.0,0.0,125.5,0.0,1.82900376881317,20,4,17,1,32,1.0473,0.2141,1.3742,0.0185,0.7263,2
10123200.0,0.0,0.0,126.54,0.0,1.82900376881317,20,4,17,1,32,1.0473,0.2141,1.3742,0.0185,0.7263,2
21000000.0,0.0,0.0,321.0,107.0,1.56937611929952,3,0,19,0,8,1.0473,0.2141,1.3742,0.0185,0.7263,2
14647000.0,0.0,0.0,256.95,0.0,4.82308338829801,5,2,21,0,4,1.0473,0.2141,1.3742,0.0185,0.7263,2
4094000.0,0.0,0.0,51.17,0.0,2.42165355521861,27,4,13,1,43,1.0473,0.2141,1.3742,0.0185,0.7263,2
5184000.0,0.0,0.0,64.8,0.0,2.42165355521861,27,4,13,1,43,1.0473,0.2141,1.3742,0.0185,0.7263,2
117880000.0,0.0,0.0,0.0,319.0,3.32274828600465,15,6,12,0,19,1.0473,0.2141,1.3742,0.0185,0.7263,2
54000000.00000001,0.0,0.0,145.0,0.0,4.33088103995613,7,3,15,0,9,1.0473,0.2141,1.3742,0.0185,0.7263,2
70000000.0,0.0,0.0,780.0,180.0,6.73847589464718,14,5,37,2,9,1.0473,0.2141,1.3742,0.0185,0.7263,2
4838400.0,0.0,0.0,60.48,0.0,1.82900376881317,20,4,17,1,32,1.0473,0.2141,1.3742,0.0185,0.7263,2
37000000.0,0.0,0.0,108.0,0.0,2.66827863582235,34,9,6,1,57,1.0473,0.2141,1.3742,0.0185,0.7263,2
67800000.0,0.0,0.0,290.0,0.0,2.90785711770434,4,0,16,2,1,1.0473,0.2141,1.3742,0.0185,0.7263,2
56000000.0,0.0,0.0,264.0,264.0,0.982768023612321,45,4,25,1,21,1.0473,0.2141,1.3742,0.0185,0.7263,2
125000000.0,0.0,0.0,2100.0,370.0,3.27706030645861,29,9,8,0,45,1.0473,0.2141,1.3742,0.0185,0.7263,2
34000000.0,0.0,0.0,97.0,0.0,3.32274828600465,15,6,12,0,19,1.0473,0.2141,1.3742,0.0185,0.7263,2
68500000.0,0.0,0.0,145.0,0.0,4.61043975902277,4,3,21,0,6,1.0473,0.2141,1.3742,0.0185,0.7263,2
275400000.0,0.0,0.0,1530.0,0.0,2.41433499632596,27,4,13,1,43,1.0473,0.2141,1.3742,0.0185,0.7263,2
3846000.0,0.0,0.0,32.05,120.0,0.421179545088278,43,3,25,5,8,1.0473,0.2141,1.3742,0.0185,0.7263,2
41999999.99999999,0.0,0.0,230.0,0.0,2.42165355521861,27,4,13,1,43,1.0473,0.2141,1.3742,0.0185,0.7263,2
380000000.0,0.0,0.0,3560.0,418.0,6.5750481198903,15,2,25,1,1,1.0473,0.2141,1.3742,0.0185,0.7263,2
450000000.0,0.0,0.0,3873.0,1365.0,1.29813630709615,25,3,14,1,14,1.0473,0.2141,1.3742,0.0185,0.7263,2
250000000.0,0.0,0.0,2080.0,520.0,2.24023092088096,29,8,7,0,48,1.0473,0.2141,1.3742,0.0185,0.7263,2
157000000.0,0.0,0.0,453.0,0.0,2.24023092088096,29,8,7,0,48,1.0473,0.2141,1.3742,0.0185,0.7263,2
220000000.0,0.0,0.0,1200.0,230.0,3.28373814655962,5,4,8,0,7,0.2002,0.13,0.102,0.0343,0.7127,1
41999999.99999999,0.0,0.0,230.0,0.0,2.59692881341465,31,7,9,1,49,1.0473,0.2141,1.3742,0.0185,0.7263,2
43680000.0,0.0,0.0,208.0,0.0,2.90785711770434,4,0,16,2,1,1.0473,0.2141,1.3742,0.0185,0.7263,2
261469800.0,0.0,0.0,1452.61,0.0,2.42165355521861,27,4,13,1,43,1.0473,0.2141,1.3742,0.0185,0.7263,2
92400000.0,0.0,0.0,427.0,0.0,2.66827863582235,34,9,6,1,57,1.0473,0.2141,1.3742,0.0185,0.7263,2
15000000.0,0.0,0.0,45.49,0.0,3.97002691103628,8,3,14,0,15,1.0473,0.2141,1.3742,0.0185,0.7263,2
2500000000.0,0.0,0.0,2000.0,0.0,3.32274828600465,15,6,12,0,19,1.0473,0.2141,1.3742,0.0185,0.7263,2
39000000.0,0.0,0.0,127.0,0.0,2.24023092088096,29,8,7,0,48,1.0473,0.2141,1.3742,0.0185,0.7263,2
61740000.0,0.0,0.0,441.0,0.0,2.88833113471223,34,7,5,0,47,1.0473,0.2141,1.3742,0.0185,0.7263,2
36000000.0,0.0,0.0,97.0,0.0,3.32274828600465,15,6,12,0,19,1.0473,0.2141,1.3742,0.0185,0.7263,2
550000000.0,0.0,0.0,3068.0,532.0,2.96139041015803,19,9,7,1,36,1.0473,0.2141,1.3742,0.0185,0.7263,2
7100000.0,0.0,0.0,27.31,0.0,2.90785711770434,4,0,16,2,1,1.0473,0.2141,1.3742,0.0185,0.7263,2
344100000.00000006,0.0,0.0,1147.0,2400.0,2.66827863582235,34,9,6,1,57,1.0473,0.2141,1.3742,0.0185,0.7263,2
363000000.0,0.0,0.0,1368.0,1545.0,1.29813630709615,25,3,14,1,14,1.0473,0.2141,1.3742,0.0185,0.7263,2
188575000.0,0.0,0.0,398.0,0.0,4.33088103995613,7,3,15,0,9,1.0473,0.2141,1.3742,0.0185,0.7263,2
49999999.99999999,0.0,0.0,0.0,295.0,3.27706030645861,29,9,8,0,45,1.0473,0.2141,1.3742,0.0185,0.7263,2
850000000.0,0.0,0.0,3399.37,0.0,3.27706030645861,29,9,8,0,45,1.0473,0.2141,1.3742,0.0185,0.7263,2
56000000.0,0.0,0.0,189.0,0.0,2.66827863582235,34,9,6,1,57,1.0473,0.2141,1.3742,0.0185,0.7263,2
18200000.0,0.0,0.0,81.0,0.0,2.90785711770434,4,0,16,2,1,1.0473,0.2141,1.3742,0.0185,0.7263,2
62000000.00000001,0.0,0.0,224.0,0.0,2.66827863582235,34,9,6,1,57,1.0473,0.2141,1.3742,0.0185,0.7263,2
550000000.0,0.0,0.0,3345.0,532.0,3.27706030645861,29,9,8,0,45,1.0473,0.2141,1.3742,0.0185,0.7263,2
25000000.0,0.0,0.0,190.0,190.0,1.54070787187374,16,2,18,1,24,1.0473,0.2141,1.3742,0.0185,0.7263,2
39000000.0,0.0,0.0,108.0,0.0,2.66827863582235,34,9,6,1,57,1.0473,0.2141,1.3742,0.0185,0.7263,2
502520000.0,0.0,0.0,0.0,0.0,3.28337341710908,19,10,11,0,45,1.0473,0.2141,1.3742,0.0185,0.7263,2
105000000.0,0.0,0.0,340.0,340.0,1.69524983145894,39,4,16,1,42,1.0473,0.2141,1.3742,0.0185,0.7263,2
74000000.0,0.0,0.0,216.0,0.0,2.20527060073623,35,8,9,1,52,1.0473,0.2141,1.3742,0.0185,0.7263,2
12000000.0,0.0,0.0,50.0,0.0,0.891694090278903,20,2,21,2,13,1.0473,0.2141,1.3742,0.0185,0.7263,2
230000000.0,0.0,0.0,987.0,208.0,3.97002691103628,8,3,14,0,15,1.0473,0.2141,1.3742,0.0185,0.7263,2
160000000.0,0.0,0.0,2000.0,400.0,1.29813630709615,25,3,14,1,14,1.0473,0.2141,1.3742,0.0185,0.7263,2
55000000.0,0.0,0.0,226.0,0.0,2.90785711770434,4,0,16,2,1,1.0473,0.2141,1.3742,0.0185,0.7263,2
75750000.0,0.0,0.0,400.0,505.0,1.29813630709615,25,3,14,1,14,1.0473,0.2141,1.3742,0.0185,0.7263,2
33000000.0,0.0,0.0,213.74,0.0,2.66827863582235,34,9,6,1,57,1.0473,0.2141,1.3742,0.0185,0.7263,2
45000000.0,0.0,0.0,105.0,0.0,2.20527060073623,35,8,9,1,52,1.0473,0.2141,1.3742,0.0185,0.7263,2
27090000.0,0.0,0.0,129.0,0.0,2.90785711770434,4,0,16,2,1,1.0473,0.2141,1.3742,0.0185,0.7263,2
250000000.0,0.0,0.0,1000.0,327.0,3.27706030645861,29,9,8,0,45,1.0473,0.2141,1.3742,0.0185,0.7263,2
247000000.0,0.0,0.0,0.0,346.0,3.27706030645861,29,9,8,0,45,1.0473,0.2141,1.3742,0.0185,0.7263,2
890000000.0,0.0,0.0,6368.78,827.0,3.27706030645861,29,9,8,0,45,1.0473,0.2141,1.3742,0.0185,0.7263,2
197880000.0,0.0,0.0,0.0,585.0,1.54070787187374,16,2,18,1,24,1.0473,0.2141,1.3742,0.0185,0.7263,2
3000000000.0,184.0,0.0,0.0,759.0,3.28337341710908,19,10,11,0,45,1.0473,0.2141,1.3742,0.0185,0.7263,2
850000000.0,0.0,0.0,3399.0,832.0,2.20527060073623,35,8,9,1,52,1.0473,0.2141,1.3742,0.0185,0.7263,2
63000000.0,0.0,0.0,286.26,0.0,3.32274828600465,15,6,12,0,19,1.0473,0.2141,1.3742,0.0185,0.7263,2
75000000.0,0.0,0.0,698.0,220.0,1.55922466738988,40,4,15,1,40,1.0473,0.2141,1.3742,0.0185,0.7263,2
238000000.0,0.0,0.0,681.0,800.0,3.27706030645861,29,9,8,0,45,1.0473,0.2141,1.3742,0.0185,0.7263,2
32000000.0,0.0,0.0,202.0,0.0,1.54070787187374,16,2,18,1,24,1.0473,0.2141,1.3742,0.0185,0.7263,2
220000000.0,0.0,0.0,1200.0,220.0,3.28373814655962,5,4,8,0,7,0.2002,0.13,0.102,0.0343,0.7127,1
53500000.0,0.0,0.0,198.0,0.0,2.66827863582235,34,9,6,1,57,1.0473,0.2141,1.3742,0.0185,0.7263,2
120000000.0,0.0,0.0,1000.0,300.0,3.28337341710908,19,10,11,0,45,1.0473,0.2141,1.3742,0.0185,0.7263,2
534960726.0,0.0,0.0,1602.0,1602.0,2.66827863582235,34,9,6,1,57,1.0473,0.2141,1.3742,0.0185,0.7263,2
23583929.0,0.0,0.0,1300.0,0.0,2.90785711770434,4,0,16,2,1,1.0473,0.2141,1.3742,0.0185,0.7263,2
5009999.999999999,0.0,0.0,27.81,0.0,3.65011177925826,9,5,15,0,16,1.0473,0.2141,1.3742,0.0185,0.7263,2
7019000.0,0.0,0.0,68.14,0.0,1.82900376881317,20,4,17,1,32,1.0473,0.2141,1.3742,0.0185,0.7263,2
41999999.99999999,0.0,0.0,0.0,324.0,2.28037737500924,15,2,12,1,15,1.0473,0.2141,1.3742,0.0185,0.7263,2
130000000.0,0.0,0.0,1000.0,167.0,3.27706030645861,29,9,8,0,45,1.0473,0.2141,1.3742,0.0185,0.7263,2
78000000.0,0.0,0.0,480.0,310.0,1.29813630709615,25,3,14,1,14,1.0473,0.2141,1.3742,0.0185,0.7263,2
398000000.0,0.0,0.0,0.0,0.0,6.5750481198903,15,2,25,1,1,1.0473,0.2141,1.3742,0.0185,0.7263,2
120000000.0,0.0,0.0,800.0,260.0,1.55922466738988,40,4,15,1,40,1.0473,0.2141,1.3742,0.0185,0.7263,2
120000000.0,0.0,0.0,800.0,260.0,1.55922466738988,40,4,15,1,40,1.0473,0.2141,1.3742,0.0185,0.7263,2
48714000.0,0.0,0.0,208.0,0.0,2.90785711770434,4,0,16,2,1,1.0473,0.2141,1.3742,0.0185,0.7263,2
9900000.0,0.0,0.0,79.0,0.0,3.27706030645861,29,9,8,0,45,1.0473,0.2141,1.3742,0.0185,0.7263,2
145000000.0,0.0,0.0,230.0,0.0,3.99413916759027,6,3,16,0,12,1.0473,0.2141,1.3742,0.0185,0.7263,2
25000000.0,0.0,0.0,92.0,0.0,2.8025270742079,4,0,20,2,1,1.0473,0.2141,1.3742,0.0185,0.7263,2
375000000.0,0.0,0.0,3680.0,604.32,1.90326606202875,6,2,6,0,2,1.0473,0.2141,1.3742,0.0185,0.7263,2
170000000.0,0.0,0.0,1726.0,325.0,0.891800956558672,20,2,21,2,13,1.0473,0.2141,1.3742,0.0185,0.7263,2
345000000.0,0.0,0.0,3000.0,715.0,2.20521630409971,35,8,9,1,52,1.0473,0.2141,1.3742,0.0185,0.7263,2
120000000.0,0.0,0.0,600.0,498.0,3.32286201231306,15,6,12,0,19,1.0473,0.2141,1.3742,0.0185,0.7263,2
300000000.0,0.0,0.0,800.0,550.0,1.54070787187374,16,2,18,1,24,1.0473,0.2141,1.3742,0.0185,0.7263,2
120000000.0,0.0,0.0,870.0,350.0,3.9701058277237,8,3,14,0,15,1.0473,0.2141,1.3742,0.0185,0.7263,2
600000000.0,0.0,0.0,3500.0,975.0,2.20521630409971,35,8,9,1,52,1.0473,0.2141,1.3742,0.0185,0.7263,2
1300000000.0,0.0,0.0,9000.0,1500.0,3.9701058277237,8,3,14,0,15,1.0473,0.2141,1.3742,0.0185,0.7263,2
2900000000.0,0.0,0.0,15000.0,1000.0,1.98804416808779,35,6,14,1,46,1.0473,0.2141,1.3742,0.0185,0.7263,2
700000000.0,0.0,0.0,5335.0,2020.0,2.29822971916178,32,8,9,1,56,1.0473,0.2141,1.3742,0.0185,0.7263,2
380000000.0,0.0,0.0,2300.0,848.0,2.20527060073623,35,8,9,1,52,1.0473,0.2141,1.3742,0.0185,0.7263,2
875000000.0,0.0,0.0,7500.0,3500.0,2.27854715251425,28,7,15,1,44,1.0473,0.2141,1.3742,0.0185,0.7263,2
14000000000.0,0.0,0.0,60000.0,2240.0,2.66827863582235,34,9,6,1,57,1.0473,0.2141,1.3742,0.0185,0.7263,2
39000000.0,0.0,0.0,1000.0,200.0,3.27706030645861,29,9,8,0,45,1.0473,0.2141,1.3742,0.0185,0.7263,2
145000000.0,0.0,0.0,2920.0,737.0,3.97002691103628,8,3,14,0,15,1.0473,0.2141,1.3742,0.0185,0.7263,2
650000000.0,0.0,0.0,5345.25,1196.0,5.35473689858411,19,1,22,1,7,1.0473,0.2141,1.3742,0.0185,0.7263,2
5500000.0,0.0,0.0,28.0,0.0,3.97002691103628,8,3,14,0,15,1.0473,0.2141,1.3742,0.0185,0.7263,2
250000000.0,0.0,0.0,1000.0,327.0,1.57218655750274,19,2,16,1,24,1.0473,0.2141,1.3742,0.0185,0.7263,2
350000000.0,0.0,0.0,0.0,848.0,2.96139041015803,19,9,7,1,36,1.0473,0.2141,1.3742,0.0185,0.7263,2
28000000.0,0.0,0.0,134.0,0.0,2.90785711770434,4,0,16,2,1,1.0473,0.2141,1.3742,0.0185,0.7263,2
890000000.0,0.0,0.0,6368.78,827.0,3.27706030645861,29,9,8,0,45,1.0473,0.2141,1.3742,0.0185,0.7263,2
280000000.0,0.0,0.0,2100.0,581.0,1.96822857316398,34,5,12,0,46,1.0473,0.2141,1.3742,0.0185,0.7263,2
300000000.0,0.0,0.0,2000.0,580.0,1.96822857316398,34,5,12,0,46,1.0473,0.2141,1.3742,0.0185,0.7263,2
270000000.0,0.0,0.0,1580.0,520.0,2.24023092088096,29,8,7,0,48,1.0473,0.2141,1.3742,0.0185,0.7263,2
270000000.0,0.0,0.0,2080.0,520.0,2.24023092088096,29,8,7,0,48,1.0473,0.2141,1.3742,0.0185,0.7263,2
6000000.0,0.0,0.0,32.0,0.0,3.97002691103628,8,3,14,0,15,1.0473,0.2141,1.3742,0.0185,0.7263,2
830000000.0,0.0,0.0,3800.0,1800.0,1.98566514236917,36,5,15,1,43,1.0473,0.2141,1.3742,0.0185,0.7263,2
790000000.0,0.0,0.0,3540.0,1750.0,1.98566514236917,36,5,15,1,43,1.0473,0.2141,1.3742,0.0185,0.7263,2
250000000.0,0.0,0.0,2284.0,480.0,5.35473689858411,19,1,22,1,7,1.0473,0.2141,1.3742,0.0185,0.7263,2
200000000.0,0.0,0.0,1700.0,0.0,3.27706030645861,29,9,8,0,45,1.0473,0.2141,1.3742,0.0185,0.7263,2
1968900000.0,0.0,0.0,5276.0,6563.0,0.982768023612321,45,4,25,1,21,1.0473,0.2141,1.3742,0.0185,0.7263,2
120000000.0,0.0,0.0,1343.25,308.0,6.47012028641756,3,1,16,4,7,1.0473,0.2141,1.3742,0.0185,0.7263,2
1200000000.0,0.0,0.0,6368.78,827.0,1.56937611929952,3,0,19,0,8,1.0473,0.2141,1.3742,0.0185,0.7263,2
73440000.0,0.0,0.0,216.0,0.0,2.66827863582235,34,9,6,1,57,1.0473,0.2141,1.3742,0.0185,0.7263,2
351000000.0,0.0,0.0,848.0,0.0,3.32274828600465,15,6,12,0,19,1.0473,0.2141,1.3742,0.0185,0.7263,2
330000000.0,0.0,0.0,0.0,747.0,2.20527060073623,35,8,9,1,52,1.0473,0.2141,1.3742,0.0185,0.7263,2
39000000.0,0.0,0.0,1000.0,200.0,0.982768023612321,45,4,25,1,21,1.0473,0.2141,1.3742,0.0185,0.7263,2
1400000000.0,0.0,0.0,0.0,1108.0,3.97002691103628,8,3,14,0,15,1.0473,0.2141,1.3742,0.0185,0.7263,2
135000000.0,0.0,0.0,0.0,935.0,1.54070787187374,16,2,18,1,24,1.0473,0.2141,1.3742,0.0185,0.7263,2
46000000.00000001,0.0,0.0,266.55,0.0,4.82308338829801,5,2,21,0,4,1.0473,0.2141,1.3742,0.0185,0.7263,2
43890000.0,0.0,0.0,208.0,0.0,2.90785711770434,4,0,16,2,1,1.0473,0.2141,1.3742,0.0185,0.7263,2
17820000.0,0.0,0.0,81.0,0.0,2.90785711770434,4,0,16,2,1,1.0473,0.2141,1.3742,0.0185,0.7263,2
114000000.0,0.0,0.0,381.0,113.0,5.35473689858411,19,1,22,1,7,1.0473,0.2141,1.3742,0.0185,0.7263,2
167560000.0,0.0,0.0,568.0,0.0,2.66827863582235,34,9,6,1,57,1.0473,0.2141,1.3742,0.0185,0.7263,2
19500000.0,0.0,0.0,79.0,0.0,2.90785711770434,4,0,16,2,1,1.0473,0.2141,1.3742,0.0185,0.7263,2
350000000.0,0.0,0.0,7529.0,11393.0,3.97002691103628,8,3,14,0,15,1.0473,0.2141,1.3742,0.0185,0.7263,2
356160000.0,0.0,0.0,1453.0,0.0,2.90785711770434,4,0,16,2,1,1.0473,0.2141,1.3742,0.0185,0.7263,2
16200000.0,0.0,0.0,81.0,0.0,2.90785711770434,4,0,16,2,1,1.0473,0.2141,1.3742,0.0185,0.7263,2
7000000.0,0.0,0.0,31.92,0.0,3.97002691103628,8,3,14,0,15,1.0473,0.2141,1.3742,0.0185,0.7263,2
660000000.0,0.0,0.0,6200.0,1200.0,3.27706030645861,29,9,8,0,45,1.0473,0.2141,1.3742,0.0185,0.7263,2
16200000.0,0.0,0.0,81.0,0.0,2.90785711770434,4,0,16,2,1,1.0473,0.2141,1.3742,0.0185,0.7263,2
400000000.0,0.0,0.0,4000.0,858.0,2.29822971916178,32,8,9,1,56,1.0473,0.2141,1.3742,0.0185,0.7263,2
131200000.0,0.0,0.0,656.0,0.0,5.35473689858411,19,1,22,1,7,1.0473,0.2141,1.3742,0.0185,0.7263,2
43000000.0,0.0,0.0,266.55,533.1,4.82308338829801,5,2,21,0,4,1.0473,0.2141,1.3742,0.0185,0.7263,2
60000000.0,0.0,0.0,305.0,0.0,2.59692881341465,31,7,9,1,49,1.0473,0.2141,1.3742,0.0185,0.7263,2
48351600.0,0.0,0.0,108.0,0.0,2.66827863582235,34,9,6,1,57,1.0473,0.2141,1.3742,0.0185,0.7263,2
5000000000.0,0.0,0.0,4000.0,1822.0,2.59692881341465,31,7,9,1,49,1.0473,0.2141,1.3742,0.0185,0.7263,2
65000000.0,0.0,0.0,969.7,189.0,1.55922466738988,40,4,15,1,40,1.0473,0.2141,1.3742,0.0185,0.7263,2
36830000.0,0.0,0.0,127.0,0.0,2.20527060073623,35,8,9,1,52,1.0473,0.2141,1.3742,0.0185,0.7263,2
37410000.0,0.0,0.0,129.0,0.0,2.66827863582235,34,9,6,1,57,1.0473,0.2141,1.3742,0.0185,0.7263,2
258000000.0,0.0,0.0,2639.0,747.0,2.20527060073623,35,8,9,1,52,1.0473,0.2141,1.3742,0.0185,0.7263,2
500000000.0,0.0,0.0,890.0,0.0,2.24023092088096,29,8,7,0,48,1.0473,0.2141,1.3742,0.0185,0.7263,2
715000000.0,0.0,0.0,4000.0,900.0,6.47012028641756,3,1,16,4,7,1.0473,0.2141,1.3742,0.0185,0.7263,2
150000000.0,0.0,0.0,1100.0,250.0,3.00150108604283,4,3,8,0,3,1.0473,0.2141,1.3742,0.0185,0.7263,2
128888888.0,0.0,0.0,1300.0,303.0,1.29813630709615,25,3,14,1,14,1.0473,0.2141,1.3742,0.0185,0.7263,2
13500000.0,0.0,0.0,63.8,0.0,3.65011177925826,9,5,15,0,16,1.0473,0.2141,1.3742,0.0185,0.7263,2
90000000.0,0.0,0.0,600.0,252.0,5.35473689858411,19,1,22,1,7,1.0473,0.2141,1.3742,0.0185,0.7263,2
90000000.0,0.0,0.0,600.0,252.0,5.35473689858411,19,1,22,1,7,1.0473,0.2141,1.3742,0.0185,0.7263,2
73440000.0,0.0,0.0,216.0,0.0,2.66827863582235,34,9,6,1,57,1.0473,0.2141,1.3742,0.0185,0.7263,2
257000000.0,0.0,0.0,350.0,350.0,3.27706030645861,29,9,8,0,45,1.0473,0.2141,1.3742,0.0185,0.7263,2
840000000.0,0.0,0.0,3850.0,1850.0,1.98566514236917,36,5,15,1,43,1.0473,0.2141,1.3742,0.0185,0.7263,2
68000000.0,0.0,0.0,350.0,250.0,3.9701058277237,8,3,14,0,15,1.0473,0.2141,1.3742,0.0185,0.7263,2
420000000.0,0.0,0.0,5000.0,876.0,1.69603964374809,39,4,16,1,42,1.0473,0.2141,1.3742,0.0185,0.7263,2
220000000.0,0.0,0.0,2000.0,550.0,2.20521630409971,35,8,9,1,52,1.0473,0.2141,1.3742,0.0185,0.7263,2
10200000.0,0.0,0.0,250.0,56.0,3.28217662905164,19,10,11,0,45,1.0473,0.2141,1.3742,0.0185,0.7263,2
2000000000.0,0.0,0.0,4000.0,2500.0,2.24024321849594,29,8,7,0,48,1.0473,0.2141,1.3742,0.0185,0.7263,2
100000000.0,0.0,0.0,1600.0,487.0,1.98566514236917,36,5,15,1,43,1.0473,0.2141,1.3742,0.0185,0.7263,2
333000000.00000006,0.0,0.0,830.0,527.0,3.32274828600465,15,6,12,0,19,1.0473,0.2141,1.3742,0.0185,0.7263,2
65000000.0,0.0,0.0,830.0,166.0,3.97002691103628,8,3,14,0,15,1.0473,0.2141,1.3742,0.0185,0.7263,2
85000000.0,0.0,0.0,1065.0,213.0,3.00150108604283,4,3,8,0,3,1.0473,0.2141,1.3742,0.0185,0.7263,2
42700000.0,0.0,0.0,0.0,228.0,3.27706030645861,29,9,8,0,45,1.0473,0.2141,1.3742,0.0185,0.7263,2
45000000.0,0.0,0.0,1026.0,0.0,1.54070787187374,16,2,18,1,24,1.0473,0.2141,1.3742,0.0185,0.7263,2
16974000.0,0.0,0.0,113.16,120.0,0.421179545088278,43,3,25,5,8,1.0473,0.2141,1.3742,0.0185,0.7263,2
344100000.00000006,0.0,0.0,1147.0,0.0,2.66827863582235,34,9,6,1,57,1.0473,0.2141,1.3742,0.0185,0.7263,2
78000000.0,0.0,0.0,934.8,270.0,0.891694090278903,20,2,21,2,13,1.0473,0.2141,1.3742,0.0185,0.7263,2
33350000.0,0.0,0.0,115.0,0.0,2.20527060073623,35,8,9,1,52,1.0473,0.2141,1.3742,0.0185,0.7263,2
37410000.0,0.0,0.0,129.0,0.0,2.66827863582235,34,9,6,1,57,1.0473,0.2141,1.3742,0.0185,0.7263,2
35000000.0,0.0,0.0,563.43,200.0,6.1884056296837,10,3,14,3,15,1.0473,0.2141,1.3742,0.0185,0.7263,2
16200000.0,0.0,0.0,81.0,0.0,2.73066029333302,4,1,9,0,4,1.0473,0.2141,1.3742,0.0185,0.7263,2
16499999.999999998,0.0,0.0,100.04,0.0,1.54070787187374,16,2,18,1,24,1.0473,0.2141,1.3742,0.0185,0.7263,2
1000000000.0,0.0,0.0,2848.0,832.0,3.27706030645861,29,9,8,0,45,1.0473,0.2141,1.3742,0.0185,0.7263,2
219900000.0,0.0,0.0,972.0,144.0,3.97002691103628,8,3,14,0,15,1.0473,0.2141,1.3742,0.0185,0.7263,2
78651000.0,0.0,0.0,1000.0,213.0,3.00150108604283,4,3,8,0,3,1.0473,0.2141,1.3742,0.0185,0.7263,2
740000000.0,0.0,0.0,3400.0,1650.0,1.98566514236917,36,5,15,1,43,1.0473,0.2141,1.3742,0.0185,0.7263,2
870000000.0,0.0,0.0,3900.0,1900.0,1.98566514236917,36,5,15,1,43,1.0473,0.2141,1.3742,0.0185,0.7263,2
810000000.0,0.0,0.0,3675.0,1887.0,1.98566514236917,36,5,15,1,43,1.0473,0.2141,1.3742,0.0185,0.7263,2
500000000.0,0.0,0.0,14000.0,2000.0,2.41433499632596,27,4,13,1,43,1.0473,0.2141,1.3742,0.0185,0.7263,2
400000000.0,0.0,0.0,3991.0,858.0,2.20521630409971,35,8,9,1,52,1.0473,0.2141,1.3742,0.0185,0.7263,2
250000000.0,0.0,0.0,500.0,2000.0,1.54070787187374,16,2,18,1,24,1.0473,0.2141,1.3742,0.0185,0.7263,2
600000000.0,0.0,0.0,3761.0,969.0,2.20521630409971,35,8,9,1,52,1.0473,0.2141,1.3742,0.0185,0.7263,2
400000000.0,0.0,0.0,2500.0,1009.0,2.20527060073623,35,8,9,1,52,1.0473,0.2141,1.3742,0.0185,0.7263,2
120000000.0,0.0,0.0,1600.0,333.0,2.27854715251425,28,7,15,1,44,1.0473,0.2141,1.3742,0.0185,0.7263,2
8500000000.0,0.0,0.0,48000.0,2000.0,2.66827863582235,34,9,6,1,57,1.0473,0.2141,1.3742,0.0185,0.7263,2
95000000.0,0.0,0.0,750.0,200.0,0.891694090278903,20,2,21,2,13,1.0473,0.2141,1.3742,0.0185,0.7263,2
190000000.0,0.0,0.0,1400.0,295.0,3.27706030645861,29,9,8,0,45,1.0473,0.2141,1.3742,0.0185,0.7263,2
73000000.0,0.0,0.0,780.0,180.0,6.73847589464718,14,5,37,2,9,1.0473,0.2141,1.3742,0.0185,0.7263,2
250000000.0,0.0,0.0,4907.95,286.9,3.27706030645861,29,9,8,0,45,1.0473,0.2141,1.3742,0.0185,0.7263,2
5671200.0,0.0,0.0,70.89,0.0,1.55922466738988,40,4,15,1,40,1.0473,0.2141,1.3742,0.0185,0.7263,2
45000000.0,0.0,0.0,0.0,270.0,3.27706030645861,29,9,8,0,45,1.0473,0.2141,1.3742,0.0185,0.7263,2
65000000.0,0.0,0.0,800.0,200.0,2.66827863582235,34,9,6,1,57,1.0473,0.2141,1.3742,0.0185,0.7263,2
43000000.0,0.0,0.0,0.0,307.0,5.35473689858411,19,1,22,1,7,1.0473,0.2141,1.3742,0.0185,0.7263,2
45000000.0,0.0,0.0,0.0,270.0,1.29813630709615,25,3,14,1,14,1.0473,0.2141,1.3742,0.0185,0.7263,2
31320000.000000004,0.0,0.0,108.0,0.0,2.20527060073623,35,8,9,1,52,1.0473,0.2141,1.3742,0.0185,0.7263,2
55000000.0,0.0,0.0,1000.0,0.0,6.1884056296837,10,3,14,3,15,1.0473,0.2141,1.3742,0.0185,0.7263,2
900000000.0,0.0,0.0,1108.0,0.0,2.24023092088096,29,8,7,0,48,1.0473,0.2141,1.3742,0.0185,0.7263,2
400000000.0,0.0,0.0,1019.0,0.0,2.24023092088096,29,8,7,0,48,1.0473,0.2141,1.3742,0.0185,0.7263,2
30000000.0,0.0,0.0,747.0,0.0,0.891694090278903,20,2,21,2,13,1.0473,0.2141,1.3742,0.0185,0.7263,2
60000000.0,0.0,0.0,305.0,0.0,5.84760557427349,23,6,18,3,14,1.0473,0.2141,1.3742,0.0185,0.7263,2
140000000.0,0.0,0.0,1000.0,207.0,3.97002691103628,8,3,14,0,15,1.0473,0.2141,1.3742,0.0185,0.7263,2
160000000.0,0.0,0.0,1000.0,280.0,3.97002691103628,8,3,14,0,15,1.0473,0.2141,1.3742,0.0185,0.7263,2
280000000.0,0.0,0.0,1635.0,327.0,1.54070787187374,16,2,18,1,24,1.0473,0.2141,1.3742,0.0185,0.7263,2
15800000.0,0.0,0.0,79.0,0.0,2.90785711770434,4,0,16,2,1,1.0473,0.2141,1.3742,0.0185,0.7263,2
26000000.0,0.0,0.0,113.0,100.0,2.41433499632596,27,4,13,1,43,1.0473,0.2141,1.3742,0.0185,0.7263,2
70000000.0,0.0,0.0,347.0,347.0,3.97002691103628,8,3,14,0,15,1.0473,0.2141,1.3742,0.0185,0.7263,2
180000000.0,0.0,0.0,527.0,527.0,3.32274828600465,15,6,12,0,19,1.0473,0.2141,1.3742,0.0185,0.7263,2
1200000000.0,0.0,0.0,4500.0,4500.0,1.90326606202875,6,2,6,0,2,1.0473,0.2141,1.3742,0.0185,0.7263,2
400000000.0,0.0,0.0,850.0,720.0,2.25448487076441,30,7,13,1,45,1.0473,0.2141,1.3742,0.0185,0.7263,2
290000000.0,0.0,0.0,2048.0,550.0,1.54070787187374,16,2,18,1,24,1.0473,0.2141,1.3742,0.0185,0.7263,2
450000000.0,0.0,0.0,1200.0,900.0,2.20521630409971,35,8,9,1,52,1.0473,0.2141,1.3742,0.0185,0.7263,2
3000000000.0,0.0,0.0,13000.0,640.0,3.32286201231306,15,6,12,0,19,1.0473,0.2141,1.3742,0.0185,0.7263,2
110000000.0,0.0,0.0,1800.0,500.0,3.9701058277237,8,3,14,0,15,1.0473,0.2141,1.3742,0.0185,0.7263,2
1400000000.0,0.0,0.0,7978.0,12967.0,2.20521630409971,35,8,9,1,52,1.0473,0.2141,1.3742,0.0185,0.7263,2
275000000.0,0.0,0.0,1830.0,620.0,3.32286201231306,15,6,12,0,19,1.0473,0.2141,1.3742,0.0185,0.7263,2
215000000.0,0.0,0.0,800.0,600.0,1.98804416808779,35,6,14,1,46,1.0473,0.2141,1.3742,0.0185,0.7263,2
350000000.0,0.0,0.0,3991.0,860.0,2.29822971916178,32,8,9,1,56,1.0473,0.2141,1.3742,0.0185,0.7263,2
770000000.0,0.0,0.0,3092.0,2400.0,2.29822971916178,32,8,9,1,56,1.0473,0.2141,1.3742,0.0185,0.7263,2
450000000.0,0.0,0.0,1600.0,880.0,2.29822971916178,32,8,9,1,56,1.0473,0.2141,1.3742,0.0185,0.7263,2
410000000.0,0.0,0.0,1600.0,2212.0,3.32274828600465,15,6,12,0,19,1.0473,0.2141,1.3742,0.0185,0.7263,2
131320000.0,0.0,0.0,469.0,0.0,2.68357506809029,33,9,6,1,56,1.0473,0.2141,1.3742,0.0185,0.7263,2
4872000.0,0.0,0.0,47.3,0.0,1.82900376881317,20,4,17,1,32,1.0473,0.2141,1.3742,0.0185,0.7263,2
600000000.0,0.0,0.0,6200.0,1192.0,5.35473689858411,19,1,22,1,7,1.0473,0.2141,1.3742,0.0185,0.7263,2
250000000.0,0.0,0.0,2240.0,510.0,2.24023092088096,29,8,7,0,48,1.0473,0.2141,1.3742,0.0185,0.7263,2
750000000.0,0.0,0.0,3500.0,1700.0,1.98566514236917,36,5,15,1,43,1.0473,0.2141,1.3742,0.0185,0.7263,2
700000000.0,0.0,0.0,3250.0,1600.0,1.98566514236917,36,5,15,1,43,1.0473,0.2141,1.3742,0.0185,0.7263,2
800000000.0,0.0,0.0,3700.0,1800.0,1.98566514236917,36,5,15,1,43,1.0473,0.2141,1.3742,0.0185,0.7263,2
875000000.0,0.0,0.0,1955.0,4000.0,2.59692881341465,31,7,9,1,49,1.0473,0.2141,1.3742,0.0185,0.7263,2
1200000000.0,0.0,0.0,6378.78,827.0,1.53878248264486,9,2,15,0,9,1.0473,0.2141,1.3742,0.0185,0.7263,2
33046200.0,0.0,0.0,183.59,0.0,1.99526528584294,35,6,14,1,47,1.0473,0.2141,1.3742,0.0185,0.7263,2
25000000.0,0.0,0.0,78.65,0.0,3.97002691103628,8,3,14,0,15,1.0473,0.2141,1.3742,0.0185,0.7263,2
49088000.0,0.0,0.0,208.0,0.0,2.90785711770434,4,0,16,2,1,1.0473,0.2141,1.3742,0.0185,0.7263,2
140000000.0,0.0,0.0,1000.0,281.0,1.29813630709615,25,3,14,1,14,1.0473,0.2141,1.3742,0.0185,0.7263,2
37361607.0,0.0,0.0,149.0,54.0,3.28337341710908,19,10,11,0,45,1.0473,0.2141,1.3742,0.0185,0.7263,2
28000000.0,0.0,0.0,7139.0,762.0,1.90326606202875,6,2,6,0,2,1.0473,0.2141,1.3742,0.0185,0.7263,2
1501800000.0000002,0.0,0.0,5276.0,5006.0,0.982768023612321,45,4,25,1,21,1.0473,0.2141,1.3742,0.0185,0.7263,2
184700000.0,0.0,0.0,1000.0,241.0,3.32274828600465,15,6,12,0,19,1.0473,0.2141,1.3742,0.0185,0.7263,2
63222500.0,0.0,0.0,197.0,0.0,3.27706030645861,29,9,8,0,45,1.0473,0.2141,1.3742,0.0185,0.7263,2
73440000.0,0.0,0.0,216.0,0.0,2.66827863582235,34,9,6,1,57,1.0473,0.2141,1.3742,0.0185,0.7263,2
100000000.0,0.0,0.0,0.0,538.0,0.891694090278903,20,2,21,2,13,1.0473,0.2141,1.3742,0.0185,0.7263,2
350000000.0,0.0,0.0,848.0,0.0,1.54070787187374,16,2,18,1,24,1.0473,0.2141,1.3742,0.0185,0.7263,2
23825000.0,0.0,0.0,261.64,0.0,3.97002691103628,8,3,14,0,15,1.0473,0.2141,1.3742,0.0185,0.7263,2
17000000.0,0.0,0.0,79.0,0.0,2.90785711770434,4,0,16,2,1,1.0473,0.2141,1.3742,0.0185,0.7263,2
7000000.0,0.0,0.0,31.92,0.0,3.97002691103628,8,3,14,0,15,1.0473,0.2141,1.3742,0.0185,0.7263,2
720000000.0,0.0,0.0,3300.0,1640.0,1.98566514236917,36,5,15,1,43,1.0473,0.2141,1.3742,0.0185,0.7263,2
780000000.0,0.0,0.0,3500.0,1750.0,1.98566514236917,36,5,15,1,43,1.0473,0.2141,1.3742,0.0185,0.7263,2
850000000.0,0.0,0.0,1000.0,500.0,2.59692881341465,31,7,9,1,49,1.0473,0.2141,1.3742,0.0185,0.7263,2
3000000000.0,0.0,0.0,14000.0,600.0,3.28566390466952,18,6,1,0,25,1.0473,0.2141,1.3742,0.0185,0.7263,2
120000000.0,0.0,0.0,1300.0,540.0,1.56946648802885,3,0,19,0,8,1.0473,0.2141,1.3742,0.0185,0.7263,2
200000000.0,0.0,0.0,915.0,700.0,3.9701058277237,8,3,14,0,15,1.0473,0.2141,1.3742,0.0185,0.7263,2
1300000000.0,0.0,0.0,13000.0,1108.0,3.32274828600465,15,6,12,0,19,1.0473,0.2141,1.3742,0.0185,0.7263,2
130000000.0,0.0,0.0,1200.0,400.0,1.56937611929952,3,0,19,0,8,1.0473,0.2141,1.3742,0.0185,0.7263,2
220000000.0,0.0,0.0,1500.0,324.0,0.891800956558672,20,2,21,2,13,1.0473,0.2141,1.3742,0.0185,0.7263,2
875000000.0,0.0,0.0,4000.0,1953.0,1.98566514236917,36,5,15,1,43,1.0473,0.2141,1.3742,0.0185,0.7263,2
1500000000.0,0.0,0.0,170000.0,2400.0,2.82741042205058,36,8,6,0,49,1.0473,0.2141,1.3742,0.0185,0.7263,2
250000000.0,0.0,0.0,1635.0,327.0,1.54070787187374,16,2,18,1,24,1.0473,0.2141,1.3742,0.0185,0.7263,2
35000000.0,0.0,0.0,97.0,0.0,2.66827863582235,34,9,6,1,57,1.0473,0.2141,1.3742,0.0185,0.7263,2
6200000.0,0.0,0.0,38.0,0.0,3.32274828600465,15,6,12,0,19,1.0473,0.2141,1.3742,0.0185,0.7263,2
1200000000.0,0.0,0.0,6368.78,0.0,1.55922466738988,40,4,15,1,40,1.0473,0.2141,1.3742,0.0185,0.7263,2
35000000.0,0.0,0.0,563.43,200.0,6.1884056296837,10,3,14,3,15,1.0473,0.2141,1.3742,0.0185,0.7263,2
120000000.0,0.0,0.0,1000.0,161.0,0.891694090278903,20,2,21,2,13,1.0473,0.2141,1.3742,0.0185,0.7263,2
500000000.0,0.0,0.0,4871.95,550.0,2.66827863582235,34,9,6,1,57,1.0473,0.2141,1.3742,0.0185,0.7263,2
74000000.0,0.0,0.0,216.0,0.0,2.66827863582235,34,9,6,1,57,1.0473,0.2141,1.3742,0.0185,0.7263,2
220000000.0,0.0,0.0,2566.0,308.0,3.27706030645861,29,9,8,0,45,1.0473,0.2141,1.3742,0.0185,0.7263,2
3733600.0,0.0,0.0,34.17,0.0,1.55922466738988,40,4,15,1,40,1.0473,0.2141,1.3742,0.0185,0.7263,2
6830000.000000001,0.0,0.0,66.31,0.0,1.82900376881317,20,4,17,1,32,1.0473,0.2141,1.3742,0.0185,0.7263,2
220000000.0,0.0,0.0,2566.0,306.0,2.65591458214771,33,9,6,1,53,1.0473,0.2141,1.3742,0.0185,0.7263,2
95000000.0,0.0,0.0,1100.0,313.0,3.27706030645861,29,9,8,0,45,1.0473,0.2141,1.3742,0.0185,0.7263,2
188575000.0,0.0,0.0,397.0,0.0,4.33088103995613,7,3,15,0,9,1.0473,0.2141,1.3742,0.0185,0.7263,2
850000000.0,0.0,0.0,2137.0,0.0,1.55922466738988,40,4,15,1,40,1.0473,0.2141,1.3742,0.0185,0.7263,2
60000000.0,0.0,0.0,305.0,0.0,2.59692881341465,31,7,9,1,49,1.0473,0.2141,1.3742,0.0185,0.7263,2
15000000.0,0.0,0.0,0.0,107.0,1.54070787187374,16,2,18,1,24,1.0473,0.2141,1.3742,0.0185,0.7263,2
95000000.0,0.0,0.0,1100.0,313.0,5.35473689858411,19,1,22,1,7,1.0473,0.2141,1.3742,0.0185,0.7263,2
1785000000.0,0.0,0.0,12987.53,1108.0,3.97002691103628,8,3,14,0,15,1.0473,0.2141,1.3742,0.0185,0.7263,2
135000000.0,0.0,0.0,2065.0,228.0,3.27706030645861,29,9,8,0,45,1.0473,0.2141,1.3742,0.0185,0.7263,2
17130000.0,0.0,0.0,114.2,0.0,0.421179545088278,43,3,25,5,8,1.0473,0.2141,1.3742,0.0185,0.7263,2
275000000.0,0.0,0.0,2050.0,579.0,1.96822857316398,34,5,12,0,46,1.0473,0.2141,1.3742,0.0185,0.7263,2
420000000.0,0.0,0.0,4707.0,600.0,1.69524983145894,39,4,16,1,42,1.0473,0.2141,1.3742,0.0185,0.7263,2
350000000.0,0.0,0.0,1000.0,1000.0,2.20527060073623,35,8,9,1,52,1.0473,0.2141,1.3742,0.0185,0.7263,2
21000000.0,0.0,0.0,79.09999999999998,0.0,3.97002691103628,8,3,14,0,15,1.0473,0.2141,1.3742,0.0185,0.7263,2
3800000.0,0.0,0.0,25.0,0.0,2.24023092088096,29,8,7,0,48,1.0473,0.2141,1.3742,0.0185,0.7263,2
508349160.0,0.0,0.0,1271.0,0.0,2.66827863582235,34,9,6,1,57,1.0473,0.2141,1.3742,0.0185,0.7263,2
60000000.0,0.0,0.0,533.0,0.0,2.24023092088096,29,8,7,0,48,1.0473,0.2141,1.3742,0.0185,0.7263,2
143500000.0,0.0,0.0,1200.0,410.0,2.2691232871012,4,0,16,0,5,1.0473,0.2141,1.3742,0.0185,0.7263,2
79500000.0,0.0,0.0,216.0,216.0,2.66827863582235,34,9,6,1,57,1.0473,0.2141,1.3742,0.0185,0.7263,2
895000000.0,0.0,0.0,3150.0,850.0,2.24023092088096,29,8,7,0,48,1.0473,0.2141,1.3742,0.0185,0.7263,2
180000000.0,0.0,0.0,720.0,720.0,5.35473689858411,19,1,22,1,7,1.0473,0.2141,1.3742,0.0185,0.7263,2
1968900000.0,0.0,0.0,5276.0,6563.0,0.982768023612321,45,4,25,1,21,1.0473,0.2141,1.3742,0.0185,0.7263,2
15800000.0,0.0,0.0,79.0,0.0,2.90785711770434,4,0,16,2,1,1.0473,0.2141,1.3742,0.0185,0.7263,2
1599999999.9999995,0.0,0.0,12987.5,1108.0,6.47012028641756,3,1,16,4,7,1.0473,0.2141,1.3742,0.0185,0.7263,2
4071540.0,0.0,0.0,43.78,0.0,3.32274828600465,15,6,12,0,19,1.0473,0.2141,1.3742,0.0185,0.7263,2
120000000.0,0.0,0.0,1000.0,161.0,3.28373814655962,5,4,8,0,7,0.2002,0.13,0.102,0.0343,0.7127,1
131320000.0,0.0,0.0,469.0,0.0,2.24023092088096,29,8,7,0,48,1.0473,0.2141,1.3742,0.0185,0.7263,2
90000000.0,0.0,0.0,700.0,200.0,4.58177327137671,11,1,16,1,6,1.0473,0.2141,1.3742,0.0185,0.7263,2
29750000.0,0.0,0.0,119.0,0.0,2.90785711770434,4,0,16,2,1,1.0473,0.2141,1.3742,0.0185,0.7263,2
143000000.0,0.0,0.0,1200.0,410.0,3.97002691103628,8,3,14,0,15,1.0473,0.2141,1.3742,0.0185,0.7263,2
2000000000.0,0.0,0.0,4676.0,6000.0,0.982768023612321,45,4,25,1,21,1.0473,0.2141,1.3742,0.0185,0.7263,2
54000000.00000001,0.0,0.0,145.0,0.0,4.33088103995613,7,3,15,0,9,1.0473,0.2141,1.3742,0.0185,0.7263,2
250000000.0,0.0,0.0,413.0,0.0,3.00150108604283,4,3,8,0,3,1.0473,0.2141,1.3742,0.0185,0.7263,2
17000000.0,0.0,0.0,79.0,0.0,2.90785711770434,4,0,16,2,1,1.0473,0.2141,1.3742,0.0185,0.7263,2
2500000000.0,0.0,0.0,10276.0,1741.0,2.20527060073623,35,8,9,1,52,1.0473,0.2141,1.3742,0.0185,0.7263,2
250000000.0,0.0,0.0,988.0,208.0,3.97002691103628,8,3,14,0,15,1.0473,0.2141,1.3742,0.0185,0.7263,2
320400000.0,0.0,0.0,534.0,534.0,3.28337341710908,19,10,11,0,45,1.0473,0.2141,1.3742,0.0185,0.7263,2
550000000.0,0.0,0.0,2200.0,800.0,1.54070787187374,16,2,18,1,24,1.0473,0.2141,1.3742,0.0185,0.7263,2
42286011.0,0.0,0.0,108.0,0.0,2.66827863582235,34,9,6,1,57,1.0473,0.2141,1.3742,0.0185,0.7263,2
35000000.0,0.0,0.0,0.0,134.0,2.66827863582235,34,9,6,1,57,1.0473,0.2141,1.3742,0.0185,0.7263,2
170000000.0,0.0,0.0,409.0,409.0,2.66827863582235,34,9,6,1,57,1.0473,0.2141,1.3742,0.0185,0.7263,2
26000000.0,0.0,0.0,260.0,130.0,6.90395319130916,10,3,39,2,8,1.0473,0.2141,1.3742,0.0185,0.7263,2
117250000.0,0.0,0.0,469.0,0.0,3.02791777745804,33,10,6,0,49,1.0473,0.2141,1.3742,0.0185,0.7263,2
51999999.1,0.0,0.0,214.0,0.0,2.66827863582235,34,9,6,1,57,1.0473,0.2141,1.3742,0.0185,0.7263,2
39999999.6,0.0,0.0,220.0,0.0,2.66827863582235,34,9,6,1,57,1.0473,0.2141,1.3742,0.0185,0.7263,2
350000000.0,0.0,0.0,2800.0,550.0,1.54070787187374,16,2,18,1,24,1.0473,0.2141,1.3742,0.0185,0.7263,2
242474200.0,0.0,0.0,1276.18,0.0,2.66827863582235,34,9,6,1,57,1.0473,0.2141,1.3742,0.0185,0.7263,2
200000000.0,0.0,0.0,2566.0,308.0,1.55922466738988,40,4,15,1,40,1.0473,0.2141,1.3742,0.0185,0.7263,2
60000000.0,0.0,0.0,305.0,0.0,2.59692881341465,31,7,9,1,49,1.0473,0.2141,1.3742,0.0185,0.7263,2
98000000.0,0.0,0.0,656.67,0.0,2.42165355521861,27,4,13,1,43,1.0473,0.2141,1.3742,0.0185,0.7263,2
76000000.00000001,0.0,0.0,2150.0,298.0,1.54070787187374,16,2,18,1,24,1.0473,0.2141,1.3742,0.0185,0.7263,2
51360000.0,0.0,0.0,321.0,0.0,3.32274828600465,15,6,12,0,19,1.0473,0.2141,1.3742,0.0185,0.7263,2
130000000.0,0.0,0.0,800.0,207.0,1.29813630709615,25,3,14,1,14,1.0473,0.2141,1.3742,0.0185,0.7263,2
645000000.0,0.0,0.0,2150.66,0.0,3.97002691103628,8,3,14,0,15,1.0473,0.2141,1.3742,0.0185,0.7263,2
98000000.0,0.0,0.0,656.0,0.0,3.32274828600465,15,6,12,0,19,1.0473,0.2141,1.3742,0.0185,0.7263,2
240000000.0,0.0,0.0,1158.0,540.0,3.27706030645861,29,9,8,0,45,1.0473,0.2141,1.3742,0.0185,0.7263,2
30000000.0,0.0,0.0,195.0,0.0,2.59692881341465,31,7,9,1,49,1.0473,0.2141,1.3742,0.0185,0.7263,2
35000000.0,0.0,0.0,212.0,0.0,2.20527060073623,35,8,9,1,52,1.0473,0.2141,1.3742,0.0185,0.7263,2
180000000.0,0.0,0.0,672.0,0.0,2.20527060073623,35,8,9,1,52,1.0473,0.2141,1.3742,0.0185,0.7263,2
200000000.0,0.0,0.0,650.0,200.0,3.97002691103628,8,3,14,0,15,1.0473,0.2141,1.3742,0.0185,0.7263,2
9500000.0,0.0,0.0,76.0,0.0,2.90785711770434,4,0,16,2,1,1.0473,0.2141,1.3742,0.0185,0.7263,2
23000000.000000004,0.0,0.0,78.0,1200.0,3.16339581654074,25,11,8,0,47,1.0473,0.2141,1.3742,0.0185,0.7263,2
49999999.99999999,0.0,0.0,219.0,0.0,2.66827863582235,34,9,6,1,57,1.0473,0.2141,1.3742,0.0185,0.7263,2
750000000.0,0.0,0.0,2500.0,750.0,2.20527060073623,35,8,9,1,52,1.0473,0.2141,1.3742,0.0185,0.7263,2
325400000.0,0.0,0.0,4334.0,310.0,1.55922466738988,40,4,15,1,40,1.0473,0.2141,1.3742,0.0185,0.7263,2
40000000.0,0.0,0.0,0.0,200.0,1.29813630709615,25,3,14,1,14,1.0473,0.2141,1.3742,0.0185,0.7263,2
90000000.0,0.0,0.0,700.0,200.0,4.58177327137671,11,1,16,1,6,1.0473,0.2141,1.3742,0.0185,0.7263,2
43000000.0,0.0,0.0,114.0,0.0,2.24023092088096,29,8,7,0,48,1.0473,0.2141,1.3742,0.0185,0.7263,2
32000000.0,0.0,0.0,108.0,0.0,2.66827863582235,34,9,6,1,57,1.0473,0.2141,1.3742,0.0185,0.7263,2
20672400.0,0.0,0.0,84.0,0.0,3.97002691103628,8,3,14,0,15,1.0473,0.2141,1.3742,0.0185,0.7263,2
250000000.0,0.0,0.0,1453.0,0.0,2.90785711770434,4,0,16,2,1,1.0473,0.2141,1.3742,0.0185,0.7263,2
281500008.0,0.0,0.0,992.0,0.0,3.28337341710908,19,10,11,0,45,1.0473,0.2141,1.3742,0.0185,0.7263,2
248000000.0,0.0,0.0,522.0,0.0,4.33088103995613,7,3,15,0,9,1.0473,0.2141,1.3742,0.0185,0.7263,2
5000000.0,0.0,0.0,31.92,0.0,3.97002691103628,8,3,14,0,15,1.0473,0.2141,1.3742,0.0185,0.7263,2
18000000.0,0.0,0.0,80.0,0.0,2.20527060073623,35,8,9,1,52,1.0473,0.2141,1.3742,0.0185,0.7263,2
4000000.0,0.0,0.0,40.0,0.0,3.32274828600465,15,6,12,0,19,1.0473,0.2141,1.3742,0.0185,0.7263,2
4000000.0,0.0,0.0,40.0,0.0,3.32274828600465,15,6,12,0,19,1.0473,0.2141,1.3742,0.0185,0.7263,2
300000000.0,0.0,0.0,1920.0,1260.0,0.982768023612321,45,4,25,1,21,1.0473,0.2141,1.3742,0.0185,0.7263,2
49800000.0,0.0,0.0,533.1,0.0,4.82308338829801,5,2,21,0,4,1.0473,0.2141,1.3742,0.0185,0.7263,2
210000000.0,0.0,0.0,2000.0,645.0,0.891694090278903,20,2,21,2,13,1.0473,0.2141,1.3742,0.0185,0.7263,2
28714245.000000004,0.0,0.0,111.62,0.0,3.97002691103628,8,3,14,0,15,1.0473,0.2141,1.3742,0.0185,0.7263,2
8500000.0,0.0,0.0,27.7,0.0,1.54070787187374,16,2,18,1,24,1.0473,0.2141,1.3742,0.0185,0.7263,2
130000000.0,0.0,0.0,0.0,382.0,3.97002691103628,8,3,14,0,15,1.0473,0.2141,1.3742,0.0185,0.7263,2
4000000.0,0.0,0.0,40.0,0.0,3.32274828600465,15,6,12,0,19,1.0473,0.2141,1.3742,0.0185,0.7263,2
8500000.0,0.0,0.0,31.9,0.0,3.97002691103628,8,3,14,0,15,1.0473,0.2141,1.3742,0.0185,0.7263,2
33640000.0,0.0,0.0,116.0,0.0,2.66827863582235,34,9,6,1,57,1.0473,0.2141,1.3742,0.0185,0.7263,2
34200000.0,0.0,0.0,114.0,0.0,2.66827863582235,34,9,6,1,57,1.0473,0.2141,1.3742,0.0185,0.7263,2
68000000.0,0.0,0.0,197.73,0.0,2.66827863582235,34,9,6,1,57,1.0473,0.2141,1.3742,0.0185,0.7263,2
145000000.0,0.0,0.0,230.0,0.0,3.27706030645861,29,9,8,0,45,1.0473,0.2141,1.3742,0.0185,0.7263,2
21780000.0,0.0,0.0,121.0,0.0,3.28337341710908,19,10,11,0,45,1.0473,0.2141,1.3742,0.0185,0.7263,2
43000000.0,0.0,0.0,111.0,0.0,4.33088103995613,7,3,15,0,9,1.0473,0.2141,1.3742,0.0185,0.7263,2
420000000.0,0.0,0.0,208.0,1341.0,3.97002691103628,8,3,14,0,15,1.0473,0.2141,1.3742,0.0185,0.7263,2
140000000.0,0.0,0.0,467.0,467.0,1.54070787187374,16,2,18,1,24,1.0473,0.2141,1.3742,0.0185,0.7263,2
25000000.0,0.0,0.0,66.78,0.0,3.27706030645861,29,9,8,0,45,1.0473,0.2141,1.3742,0.0185,0.7263,2
43890000.0,0.0,0.0,208.0,0.0,2.90785711770434,4,0,16,2,1,1.0473,0.2141,1.3742,0.0185,0.7263,2
37000000.0,0.0,0.0,97.0,112.5,3.00150108604283,4,3,8,0,3,1.0473,0.2141,1.3742,0.0185,0.7263,2
40000000.0,0.0,0.0,108.0,0.0,2.66827863582235,34,9,6,1,57,1.0473,0.2141,1.3742,0.0185,0.7263,2
68000000.0,0.0,0.0,145.0,0.0,4.33088103995613,7,3,15,0,9,1.0473,0.2141,1.3742,0.0185,0.7263,2
98000000.0,0.0,0.0,227.0,862.0,4.82308338829801,5,2,21,0,4,1.0473,0.2141,1.3742,0.0185,0.7263,2
131200000.0,0.0,0.0,0.0,656.0,5.35473689858411,19,1,22,1,7,1.0473,0.2141,1.3742,0.0185,0.7263,2
344100000.00000006,0.0,0.0,1147.0,0.0,2.66827863582235,34,9,6,1,57,1.0473,0.2141,1.3742,0.0185,0.7263,2
18500000.0,0.0,0.0,79.0,0.0,2.90785711770434,4,0,16,2,1,1.0473,0.2141,1.3742,0.0185,0.7263,2
250000000.0,0.0,0.0,830.0,0.0,2.58519094756005,33,9,8,1,53,1.0473,0.2141,1.3742,0.0185,0.7263,2
155000000.0,0.0,0.0,200.0,400.0,1.29813630709615,25,3,14,1,14,1.0473,0.2141,1.3742,0.0185,0.7263,2
4000000.0,0.0,0.0,40.0,0.0,3.32274828600465,15,6,12,0,19,1.0473,0.2141,1.3742,0.0185,0.7263,2
4000000.0,0.0,0.0,40.0,0.0,3.32274828600465,15,6,12,0,19,1.0473,0.2141,1.3742,0.0185,0.7263,2
31320000.000000004,0.0,0.0,108.0,0.0,2.66827863582235,34,9,6,1,57,1.0473,0.2141,1.3742,0.0185,0.7263,2
33640000.0,0.0,0.0,116.0,0.0,2.66827863582235,34,9,6,1,57,1.0473,0.2141,1.3742,0.0185,0.7263,2
85000000.0,0.0,0.0,0.0,329.0,1.55922466738988,40,4,15,1,40,1.0473,0.2141,1.3742,0.0185,0.7263,2
155000000.0,0.0,0.0,0.0,368.0,0.891694090278903,20,2,21,2,13,1.0473,0.2141,1.3742,0.0185,0.7263,2
52350000.0,0.0,0.0,0.0,349.0,3.28373814655962,5,4,8,0,7,0.2002,0.13,0.102,0.0343,0.7127,1
2000000000.0,0.0,0.0,4300.0,5000.0,3.27706030645861,29,9,8,0,45,1.0473,0.2141,1.3742,0.0185,0.7263,2
4800000.0,0.0,0.0,36.0,0.0,2.20527060073623,35,8,9,1,52,1.0473,0.2141,1.3742,0.0185,0.7263,2
150000000.0,0.0,0.0,650.0,368.0,0.891694090278903,20,2,21,2,13,1.0473,0.2141,1.3742,0.0185,0.7263,2
140000000.0,0.0,0.0,547.0,0.0,1.54070787187374,16,2,18,1,24,1.0473,0.2141,1.3742,0.0185,0.7263,2
25000000.0,0.0,0.0,108.0,0.0,2.90785711770434,4,0,16,2,1,1.0473,0.2141,1.3742,0.0185,0.7263,2
28000000.0,0.0,0.0,160.0,0.0,2.90785711770434,4,0,16,2,1,1.0473,0.2141,1.3742,0.0185,0.7263,2
4000000.0,0.0,0.0,40.0,0.0,4.08816765892531,6,0,0,0,4,1.0473,0.2141,1.3742,0.0185,0.7263,2
70000000.0,0.0,0.0,0.0,225.0,3.97002691103628,8,3,14,0,15,1.0473,0.2141,1.3742,0.0185,0.7263,2
160000000.0,0.0,0.0,1600.0,0.0,2.66827863582235,34,9,6,1,57,1.0473,0.2141,1.3742,0.0185,0.7263,2
33680000.0,0.0,0.0,108.0,0.0,2.66827863582235,34,9,6,1,57,1.0473,0.2141,1.3742,0.0185,0.7263,2
37000000.0,0.0,0.0,108.0,0.0,2.66827863582235,34,9,6,1,57,1.0473,0.2141,1.3742,0.0185,0.7263,2
110000000.0,0.0,0.0,800.0,260.0,1.55922466738988,40,4,15,1,40,1.0473,0.2141,1.3742,0.0185,0.7263,2
250000000.0,0.0,0.0,1635.0,327.0,1.54070787187374,16,2,18,1,24,1.0473,0.2141,1.3742,0.0185,0.7263,2
39600000.00000001,0.0,0.0,198.31,0.0,2.12327546918328,22,3,16,1,26,1.0473,0.2141,1.3742,0.0185,0.7263,2
39759999.99999999,0.0,0.0,142.0,0.0,2.90785711770434,4,0,16,2,1,1.0473,0.2141,1.3742,0.0185,0.7263,2
149000000.0,0.0,0.0,0.0,156.0,4.33088103995613,7,3,15,0,9,1.0473,0.2141,1.3742,0.0185,0.7263,2
160000000.0,0.0,0.0,2000.0,400.0,3.97002691103628,8,3,14,0,15,1.0473,0.2141,1.3742,0.0185,0.7263,2
96000000.0,0.0,0.0,0.0,223.0,3.00150108604283,4,3,8,0,3,1.0473,0.2141,1.3742,0.0185,0.7263,2
5000000000.0,0.0,0.0,17640.0,3500.0,1.69524983145894,39,4,16,1,42,1.0473,0.2141,1.3742,0.0185,0.7263,2
65000000.0,0.0,0.0,0.0,200.0,0.982768023612321,45,4,25,1,21,1.0473,0.2141,1.3742,0.0185,0.7263,2
250000000.0,0.0,0.0,1453.0,0.0,2.90785711770434,4,0,16,2,1,1.0473,0.2141,1.3742,0.0185,0.7263,2
56000000.0,0.0,0.0,268.0,0.0,3.32274828600465,15,6,12,0,19,1.0473,0.2141,1.3742,0.0185,0.7263,2
30500000.0,0.0,0.0,101.0,101.0,2.24023092088096,29,8,7,0,48,1.0473,0.2141,1.3742,0.0185,0.7263,2
40630000.0,0.0,0.0,111.0,0.0,4.33088103995613,7,3,15,0,9,1.0473,0.2141,1.3742,0.0185,0.7263,2
185000000.0,0.0,0.0,800.0,0.0,3.28337341710908,19,10,11,0,45,1.0473,0.2141,1.3742,0.0185,0.7263,2
12000000.0,0.0,0.0,110.0,0.0,3.97002691103628,8,3,14,0,15,1.0473,0.2141,1.3742,0.0185,0.7263,2
6500000.0,0.0,0.0,65.0,0.0,3.97002691103628,8,3,14,0,15,1.0473,0.2141,1.3742,0.0185,0.7263,2
300000000.0,0.0,0.0,0.0,220.0,3.97002691103628,8,3,14,0,15,1.0473,0.2141,1.3742,0.0185,0.7263,2
33000000.0,0.0,0.0,115.0,0.0,2.66827863582235,34,9,6,1,57,1.0473,0.2141,1.3742,0.0185,0.7263,2
45000000.0,0.0,0.0,513.02,0.0,4.82308338829801,5,2,21,0,4,1.0473,0.2141,1.3742,0.0185,0.7263,2
140000000.0,0.0,0.0,1100.0,250.0,3.27706030645861,29,9,8,0,45,1.0473,0.2141,1.3742,0.0185,0.7263,2
3900000.0,0.0,0.0,23.88,0.0,3.97002691103628,8,3,14,0,15,1.0473,0.2141,1.3742,0.0185,0.7263,2
466895514.0,0.0,0.0,1271.0,0.0,2.66827863582235,34,9,6,1,57,1.0473,0.2141,1.3742,0.0185,0.7263,2
63043900.0,0.0,0.0,331.81,0.0,3.27706030645861,29,9,8,0,45,1.0473,0.2141,1.3742,0.0185,0.7263,2
24000000.0,0.0,0.0,190.0,0.0,2.59692881341465,31,7,9,1,49,1.0473,0.2141,1.3742,0.0185,0.7263,2
26000000.0,0.0,0.0,251.0,0.0,1.29813630709615,25,3,14,1,14,1.0473,0.2141,1.3742,0.0185,0.7263,2
10200000.0,0.0,0.0,56.0,0.0,3.58369273868738,9,5,15,0,16,1.0473,0.2141,1.3742,0.0185,0.7263,2
300000000.0,0.0,0.0,2156.0,264.0,3.28337341710908,19,10,11,0,45,1.0473,0.2141,1.3742,0.0185,0.7263,2
419430000.0,0.0,0.0,1271.0,0.0,2.18774979952252,29,7,14,1,45,1.0473,0.2141,1.3742,0.0185,0.7263,2
400000000.0,0.0,0.0,2400.0,500.0,1.54070787187374,16,2,18,1,24,1.0473,0.2141,1.3742,0.0185,0.7263,2
63043900.0,0.0,0.0,331.0,5000.0,2.20527060073623,35,8,9,1,52,1.0473,0.2141,1.3742,0.0185,0.7263,2
250000000.0,0.0,0.0,830.0,0.0,2.59692881341465,31,7,9,1,49,1.0473,0.2141,1.3742,0.0185,0.7263,2
185000000.0,0.0,0.0,1200.0,230.0,3.27706030645861,29,9,8,0,45,1.0473,0.2141,1.3742,0.0185,0.7263,2
508000000.0,0.0,0.0,1271.0,0.0,2.66827863582235,34,9,6,1,57,1.0473,0.2141,1.3742,0.0185,0.7263,2
19500000.0,0.0,0.0,189.0,0.0,1.69524983145894,39,4,16,1,42,1.0473,0.2141,1.3742,0.0185,0.7263,2
80000000.0,0.0,0.0,517.0,0.0,2.59692881341465,31,7,9,1,49,1.0473,0.2141,1.3742,0.0185,0.7263,2
457514294.0,0.0,0.0,1271.0,0.0,2.66827863582235,34,9,6,1,57,1.0473,0.2141,1.3742,0.0185,0.7263,2
476000000.0,0.0,0.0,1271.0,0.0,2.66827863582235,34,9,6,1,57,1.0473,0.2141,1.3742,0.0185,0.7263,2
850000000.0,0.0,0.0,3999.0,0.0,2.20527060073623,35,8,9,1,52,1.0473,0.2141,1.3742,0.0185,0.7263,2
63000000.0,0.0,0.0,286.26,0.0,3.32274828600465,15,6,12,0,19,1.0473,0.2141,1.3742,0.0185,0.7263,2
40000000.0,0.0,0.0,214.0,0.0,2.66827863582235,34,9,6,1,57,1.0473,0.2141,1.3742,0.0185,0.7263,2
38000000.00000001,0.0,0.0,108.0,0.0,2.66827863582235,34,9,6,1,57,1.0473,0.2141,1.3742,0.0185,0.7263,2
167999999.99999997,0.0,0.0,430.0,720.0,0.982768023612321,45,4,25,1,21,1.0473,0.2141,1.3742,0.0185,0.7263,2
17380000.0,0.0,0.0,79.0,0.0,2.90785711770434,4,0,16,2,1,1.0473,0.2141,1.3742,0.0185,0.7263,2
300000000.0,0.0,0.0,1635.0,327.0,1.14635326780845,3,2,18,0,12,1.0473,0.2141,1.3742,0.0185,0.7263,2
49800000.0,0.0,0.0,533.1,0.0,4.82308338829801,5,2,21,0,4,1.0473,0.2141,1.3742,0.0185,0.7263,2
179430300.0,0.0,0.0,944.37,0.0,3.27706030645861,29,9,8,0,45,1.0473,0.2141,1.3742,0.0185,0.7263,2
290000000.0,0.0,0.0,987.0,208.0,3.97002691103628,8,3,14,0,15,1.0473,0.2141,1.3742,0.0185,0.7263,2
25000000.0,0.0,0.0,202.0,0.0,2.42165355521861,27,4,13,1,43,1.0473,0.2141,1.3742,0.0185,0.7263,2
895000000.0,0.0,0.0,3150.0,850.0,2.20527060073623,35,8,9,1,52,1.0473,0.2141,1.3742,0.0185,0.7263,2
90000000.0,0.0,0.0,0.0,223.0,3.00150108604283,4,3,8,0,3,1.0473,0.2141,1.3742,0.0185,0.7263,2
130000000.0,0.0,0.0,1000.0,167.0,3.28373814655962,5,4,8,0,7,0.2002,0.13,0.102,0.0343,0.7127,1
37000000.0,0.0,0.0,97.0,112.5,3.00150108604283,4,3,8,0,3,1.0473,0.2141,1.3742,0.0185,0.7263,2
450000000.0,0.0,0.0,3930.0,463.0,2.2691232871012,4,0,16,0,5,1.0473,0.2141,1.3742,0.0185,0.7263,2
120000000.0,0.0,0.0,1200.0,531.0,5.35473689858411,19,1,22,1,7,1.0473,0.2141,1.3742,0.0185,0.7263,2
225000000.0,0.0,0.0,1685.0,720.0,1.81866514144521,3,0,17,0,6,1.0473,0.2141,1.3742,0.0185,0.7263,2
900000000.0,0.0,0.0,6600.0,345.0,3.97002691103628,8,3,14,0,15,1.0473,0.2141,1.3742,0.0185,0.7263,2
43050000.0,0.0,0.0,123.0,0.0,4.33088103995613,7,3,15,0,9,1.0473,0.2141,1.3742,0.0185,0.7263,2
88000000.0,0.0,0.0,427.0,427.0,2.66827863582235,34,9,6,1,57,1.0473,0.2141,1.3742,0.0185,0.7263,2
30500000.0,0.0,0.0,101.0,0.0,2.20527060073623,35,8,9,1,52,1.0473,0.2141,1.3742,0.0185,0.7263,2
188575000.0,0.0,0.0,397.0,0.0,4.33088103995613,7,3,15,0,9,1.0473,0.2141,1.3742,0.0185,0.7263,2
550000000.0,0.0,0.0,3345.0,532.0,3.97002691103628,8,3,14,0,15,1.0473,0.2141,1.3742,0.0185,0.7263,2
40630000.0,0.0,0.0,111.0,0.0,4.33088103995613,7,3,15,0,9,1.0473,0.2141,1.3742,0.0185,0.7263,2
65000000.0,0.0,0.0,265.0,0.0,2.42165355521861,27,4,13,1,43,1.0473,0.2141,1.3742,0.0185,0.7263,2
38850000.0,0.0,0.0,111.0,0.0,4.33088103995613,7,3,15,0,9,1.0473,0.2141,1.3742,0.0185,0.7263,2
28000000.0,0.0,0.0,202.0,0.0,3.27706030645861,29,9,8,0,45,1.0473,0.2141,1.3742,0.0185,0.7263,2
15000000000.0,0.0,0.0,63101.0,0.0,3.97002691103628,8,3,14,0,15,1.0473,0.2141,1.3742,0.0185,0.7263,2
21780000.0,0.0,0.0,121.0,121.0,2.66827863582235,34,9,6,1,57,1.0473,0.2141,1.3742,0.0185,0.7263,2
22500000.0,0.0,0.0,150.0,0.0,1.6151312324677,31,3,15,0,32,1.0473,0.2141,1.3742,0.0185,0.7263,2
380000000.0,0.0,0.0,3560.0,418.0,3.41675033423916,10,6,14,0,17,1.0473,0.2141,1.3742,0.0185,0.7263,2
513484000.0,0.0,0.0,1271.0,0.0,2.66827863582235,34,9,6,1,57,1.0473,0.2141,1.3742,0.0185,0.7263,2
260000000.0,0.0,0.0,1635.0,327.0,2.66827863582235,34,9,6,1,57,1.0473,0.2141,1.3742,0.0185,0.7263,2
130000000.0,0.0,0.0,1000.0,200.0,1.55922466738988,40,4,15,1,40,1.0473,0.2141,1.3742,0.0185,0.7263,2
650000000.0,0.0,0.0,5345.0,1196.0,4.82308338829801,5,2,21,0,4,1.0473,0.2141,1.3742,0.0185,0.7263,2
49999999.99999999,0.0,0.0,166.92,0.0,2.59692881341465,31,7,9,1,49,1.0473,0.2141,1.3742,0.0185,0.7263,2
149000000.0,0.0,0.0,300.0,156.0,3.27706030645861,29,9,8,0,45,1.0473,0.2141,1.3742,0.0185,0.7263,2
60000000.0,0.0,0.0,450.0,312.0,0.982768023612321,45,4,25,1,21,1.0473,0.2141,1.3742,0.0185,0.7263,2
1599999999.9999995,0.0,0.0,11900.0,0.0,3.97002691103628,8,3,14,0,15,1.0473,0.2141,1.3742,0.0185,0.7263,2
150000000.0,0.0,0.0,835.0,167.0,3.00150108604283,4,3,8,0,3,1.0473,0.2141,1.3742,0.0185,0.7263,2
100000000.0,0.0,0.0,900.0,220.0,1.29813630709615,25,3,14,1,14,1.0473,0.2141,1.3742,0.0185,0.7263,2
73920000.0,0.0,0.0,990.0,336.0,3.97002691103628,8,3,14,0,15,1.0473,0.2141,1.3742,0.0185,0.7263,2
40000000.0,0.0,0.0,126.0,0.0,2.66827863582235,34,9,6,1,57,1.0473,0.2141,1.3742,0.0185,0.7263,2
120000000.0,0.0,0.0,0.0,340.0,3.00150108604283,4,3,8,0,3,1.0473,0.2141,1.3742,0.0185,0.7263,2
120000000.0,0.0,0.0,1200.0,531.0,5.35473689858411,19,1,22,1,7,1.0473,0.2141,1.3742,0.0185,0.7263,2
39200000.0,0.0,0.0,112.0,0.0,2.66827863582235,34,9,6,1,57,1.0473,0.2141,1.3742,0.0185,0.7263,2
85000000.0,0.0,0.0,1000.0,262.0,3.97002691103628,8,3,14,0,15,1.0473,0.2141,1.3742,0.0185,0.7263,2
8000000.0,0.0,0.0,65.09,0.0,2.20527060073623,35,8,9,1,52,1.0473,0.2141,1.3742,0.0185,0.7263,2
45500000.0,0.0,0.0,130.0,0.0,2.66827863582235,34,9,6,1,57,1.0473,0.2141,1.3742,0.0185,0.7263,2
44450000.0,0.0,0.0,127.0,0.0,3.32274828600465,15,6,12,0,19,1.0473,0.2141,1.3742,0.0185,0.7263,2
38850000.0,0.0,0.0,111.0,0.0,2.66827863582235,34,9,6,1,57,1.0473,0.2141,1.3742,0.0185,0.7263,2
450000000.0,0.0,0.0,3680.0,796.0,1.24434815687643,17,2,16,1,13,1.0473,0.2141,1.3742,0.0185,0.7263,2
32000000.0,0.0,0.0,400.0,150.0,4.93258263102134,10,0,23,1,16,0.0841,1.1379,0.4071,0.2414,0.2642,0
85000000.0,0.0,0.0,222.0,848.0,4.43250525295726,16,1,23,0,15,0.0841,1.1379,0.4071,0.2414,0.2642,0
195000000.0,0.0,0.0,1633.0,292.0,5.4752531996667,10,2,16,2,17,0.0841,1.1379,0.4071,0.2414,0.2642,0
52000000.0,0.0,0.0,700.0,381.0,4.39146317958788,5,0,23,0,7,0.0841,1.1379,0.4071,0.2414,0.2642,0
230000000.0,0.0,0.0,0.0,1400.0,4.93258263102134,10,0,23,1,16,0.0841,1.1379,0.4071,0.2414,0.2642,0
120000000.0,0.0,0.0,0.0,561.0,5.19310262470845,8,1,19,2,12,0.0841,1.1379,0.4071,0.2414,0.2642,0
69000000.0,0.0,0.0,762.0,381.0,4.93258263102134,10,0,23,1,16,0.0841,1.1379,0.4071,0.2414,0.2642,0
85000000.0,0.0,0.0,866.0,224.0,4.43250525295726,16,1,23,0,15,0.0841,1.1379,0.4071,0.2414,0.2642,0
85000008.0,0.0,0.0,847.0,221.0,4.43250525295726,16,1,23,0,15,0.0841,1.1379,0.4071,0.2414,0.2642,0
35000000.0,0.0,0.0,800.0,236.0,4.22250386369727,20,1,22,0,9,0.0841,1.1379,0.4071,0.2414,0.2642,0
69900000.0,0.0,0.0,700.0,200.0,4.77005090351916,9,1,19,0,7,0.0841,1.1379,0.4071,0.2414,0.2642,0
1500000000.0,0.0,0.0,800.0,0.0,6.63294689309311,12,8,10,1,64,0.0841,1.1379,0.4071,0.2414,0.2642,0
200000000.0,0.0,0.0,1633.0,292.0,5.19310262470845,8,1,19,2,12,0.0841,1.1379,0.4071,0.2414,0.2642,0
21000000.0,0.0,0.0,324.0,105.0,4.39146317958788,5,0,23,0,7,0.0841,1.1379,0.4071,0.2414,0.2642,0
200000000.0,0.0,0.0,1600.0,292.0,5.6424406496599,5,1,15,2,20,0.0841,1.1379,0.4071,0.2414,0.2642,0
85000000.0,0.0,0.0,222.0,848.0,4.43250525295726,16,1,23,0,15,0.0841,1.1379,0.4071,0.2414,0.2642,0
85000000.0,0.0,0.0,222.0,848.0,4.43250525295726,16,1,23,0,15,0.0841,1.1379,0.4071,0.2414,0.2642,0
195000000.0,0.0,0.0,1633.0,292.0,5.48501131576174,10,2,15,2,17,0.0841,1.1379,0.4071,0.2414,0.2642,0
85000000.0,0.0,0.0,222.0,848.0,4.43250525295726,16,1,23,0,15,0.0841,1.1379,0.4071,0.2414,0.2642,0
85000000.0,0.0,0.0,222.0,848.0,4.43250525295726,16,1,23,0,15,0.0841,1.1379,0.4071,0.2414,0.2642,0
85000000.0,0.0,0.0,222.0,0.0,4.43250525295726,16,1,23,0,15,0.0841,1.1379,0.4071,0.2414,0.2642,0
60000000.0,0.0,0.0,381.0,0.0,4.39146317958788,5,0,23,0,7,0.0841,1.1379,0.4071,0.2414,0.2642,0
250000000.0,0.0,0.0,2010.0,277.0,6.39031758893631,13,6,10,1,64,0.0841,1.1379,0.4071,0.2414,0.2642,0
90000000.0,0.0,0.0,640.0,432.0,5.6424406496599,5,1,15,2,20,0.0841,1.1379,0.4071,0.2414,0.2642,0
3000000.0,0.0,0.0,42.0,0.0,6.63294689309311,12,8,10,1,64,0.0841,1.1379,0.4071,0.2414,0.2642,0
16000000.0,0.0,0.0,201.0,0.0,5.63457293396497,12,2,10,1,20,0.0841,1.1379,0.4071,0.2414,0.2642,0
753000000.0,0.0,0.0,0.0,1980.0,5.4752531996667,10,2,16,2,17,0.0841,1.1379,0.4071,0.2414,0.2642,0
11288000.0,0.0,0.0,41.22,0.0,6.39031758893631,13,6,10,1,64,0.0841,1.1379,0.4071,0.2414,0.2642,0
85000000.0,0.0,0.0,847.0,221.0,5.58451552097837,6,1,15,2,22,0.0841,1.1379,0.4071,0.2414,0.2642,0
85000000.0,0.0,0.0,847.84,221.82,4.43250525295726,16,1,23,0,15,0.0841,1.1379,0.4071,0.2414,0.2642,0
82450000.0,0.0,0.0,866.0,224.0,4.43250525295726,16,1,23,0,15,0.0841,1.1379,0.4071,0.2414,0.2642,0
189000000.0,0.0,0.0,1633.0,292.0,5.4752531996667,10,2,16,2,17,0.0841,1.1379,0.4071,0.2414,0.2642,0
32000000.0,0.0,0.0,400.0,136.0,4.43250525295726,16,1,23,0,15,0.0841,1.1379,0.4071,0.2414,0.2642,0
82450000.0,0.0,0.0,221.82,847.84,4.43250525295726,16,1,23,0,15,0.0841,1.1379,0.4071,0.2414,0.2642,0
72000000.0,0.0,0.0,0.0,346.0,5.19310262470845,8,1,19,2,12,0.0841,1.1379,0.4071,0.2414,0.2642,0
79000000.0,0.0,0.0,640.0,432.0,4.39146317958788,5,0,23,0,7,0.0841,1.1379,0.4071,0.2414,0.2642,0
200000000.0,0.0,0.0,1633.0,292.0,6.63294689309311,12,8,10,1,64,0.0841,1.1379,0.4071,0.2414,0.2642,0
1000000000.0,0.0,0.0,0.0,1980.0,5.4752531996667,10,2,16,2,17,0.0841,1.1379,0.4071,0.2414,0.2642,0
52000000.0,0.0,0.0,700.0,381.0,4.39146317958788,5,0,23,0,7,0.0841,1.1379,0.4071,0.2414,0.2642,0
54000000.00000001,0.0,0.0,0.0,400.0,4.77005090351916,9,1,19,0,7,0.0841,1.1379,0.4071,0.2414,0.2642,0
79000000.0,0.0,0.0,1340.0,449.0,7.0629243397588,11,4,9,1,24,0.0841,1.1379,0.4071,0.2414,0.2642,0
85000000.0,0.0,0.0,866.0499999999998,224.0,4.43250525295726,16,1,23,0,15,0.0841,1.1379,0.4071,0.2414,0.2642,0
115000000.0,0.0,0.0,1500.0,444.0,6.39031758893631,13,6,10,1,64,0.0841,1.1379,0.4071,0.2414,0.2642,0
3800000.0,0.0,0.0,26.11,0.0,6.39031758893631,13,6,10,1,64,0.0841,1.1379,0.4071,0.2414,0.2642,0
81760000.00000001,0.0,0.0,0.0,511.0,4.77005090351916,9,1,19,0,7,0.0841,1.1379,0.4071,0.2414,0.2642,0
37500000.0,0.0,0.0,326.0,0.0,7.0629243397588,11,4,9,1,24,0.0841,1.1379,0.4071,0.2414,0.2642,0
3700000.0,0.0,0.0,26.0,26.0,6.54189246806542,13,8,11,1,62,0.0841,1.1379,0.4071,0.2414,0.2642,0
160000000.0,0.0,0.0,1600.0,600.0,6.63294689309311,12,8,10,1,64,0.0841,1.1379,0.4071,0.2414,0.2642,0
583000000.0,0.0,0.0,7329.0,852.0,7.0629243397588,11,4,9,1,24,0.0841,1.1379,0.4071,0.2414,0.2642,0
68000000.0,0.0,0.0,0.0,338.0,5.69125923871978,10,0,19,2,20,0.0841,1.1379,0.4071,0.2414,0.2642,0
60000000.0,0.0,0.0,0.0,381.0,4.39146317958788,5,0,23,0,7,0.0841,1.1379,0.4071,0.2414,0.2642,0
13000000.0,0.0,0.0,300.0,57.0,4.03878603790133,4,3,23,0,8,0.0841,1.1379,0.4071,0.2414,0.2642,0
69990000.0,0.0,0.0,375.0,142.5,4.43250525295726,16,1,23,0,15,0.0841,1.1379,0.4071,0.2414,0.2642,0
18200000.0,0.0,0.0,135.47,0.0,5.63457293396497,12,2,10,1,20,0.0841,1.1379,0.4071,0.2414,0.2642,0
12499999.999999998,0.0,0.0,90.4,0.0,5.63457293396497,12,2,10,1,20,0.0841,1.1379,0.4071,0.2414,0.2642,0
49500000.0,0.0,0.0,250.0,219.0,5.69125923871978,10,0,19,2,20,0.0841,1.1379,0.4071,0.2414,0.2642,0
200000000.0,0.0,0.0,1633.0,292.0,5.69125923871978,10,0,19,2,20,0.0841,1.1379,0.4071,0.2414,0.2642,0
75000000.0,0.0,0.0,700.0,334.0,4.73712459032428,5,0,20,1,8,0.0841,1.1379,0.4071,0.2414,0.2642,0
12499999.999999998,0.0,0.0,90.4,0.0,5.63457293396497,12,2,10,1,20,0.0841,1.1379,0.4071,0.2414,0.2642,0
20300000.0,0.0,0.0,151.95,0.0,5.63457293396497,12,2,10,1,20,0.0841,1.1379,0.4071,0.2414,0.2642,0
200000000.0,0.0,0.0,1633.0,292.0,5.69125923871978,10,0,19,2,20,0.0841,1.1379,0.4071,0.2414,0.2642,0
147990000.0,0.0,0.0,1064.0,435.0,5.69125923871978,10,0,19,2,20,0.0841,1.1379,0.4071,0.2414,0.2642,0
15500000.0,0.0,0.0,0.0,0.0,6.01265548419665,11,3,7,1,26,0.0841,1.1379,0.4071,0.2414,0.2642,0
60000000.0,0.0,0.0,307.0,100.0,4.22250386369727,20,1,22,0,9,0.0841,1.1379,0.4071,0.2414,0.2642,0
160000000.0,0.0,0.0,1586.0,600.0,4.39146317958788,5,0,23,0,7,0.0841,1.1379,0.4071,0.2414,0.2642,0
63112500.0,0.0,0.0,765.0,0.0,6.16081823403046,3,1,6,1,18,0.0841,1.1379,0.4071,0.2414,0.2642,0
255000000.0,0.0,0.0,495.0,800.0,5.69125923871978,10,0,19,2,20,0.0841,1.1379,0.4071,0.2414,0.2642,0
800000000.0,0.0,0.0,0.0,4000.0,5.69125923871978,10,0,19,2,20,0.0841,1.1379,0.4071,0.2414,0.2642,0
14099999.999999998,0.0,0.0,102.46,0.0,5.63457293396497,12,2,10,1,20,0.0841,1.1379,0.4071,0.2414,0.2642,0
10200000.0,0.0,0.0,71.66,0.0,5.63457293396497,12,2,10,1,20,0.0841,1.1379,0.4071,0.2414,0.2642,0
5772900.0,0.0,0.0,82.47,0.0,5.69125923871978,10,0,19,2,20,0.0841,1.1379,0.4071,0.2414,0.2642,0
2750000.0,0.0,0.0,31.22,0.0,6.63294689309311,12,8,10,1,64,0.0841,1.1379,0.4071,0.2414,0.2642,0
80000000.0,0.0,0.0,248.94,161.5,4.30047816709243,21,1,19,3,7,0.0841,1.1379,0.4071,0.2414,0.2642,0
16300000.0,0.0,0.0,133.11,0.0,5.63457293396497,12,2,10,1,20,0.0841,1.1379,0.4071,0.2414,0.2642,0
28500000.0,0.0,0.0,216.27,0.0,5.63457293396497,12,2,10,1,20,0.0841,1.1379,0.4071,0.2414,0.2642,0
16099999.999999998,0.0,0.0,118.43,0.0,5.63457293396497,12,2,10,1,20,0.0841,1.1379,0.4071,0.2414,0.2642,0
28000000.0,0.0,0.0,145.0,0.0,6.63294689309311,12,8,10,1,64,0.0841,1.1379,0.4071,0.2414,0.2642,0
59360000.0,0.0,0.0,800.0,236.0,4.35898401425477,18,1,21,0,13,0.0841,1.1379,0.4071,0.2414,0.2642,0
189000000.0,0.0,0.0,1633.0,292.0,5.4752531996667,10,2,16,2,17,0.0841,1.1379,0.4071,0.2414,0.2642,0
12499999.999999998,0.0,0.0,90.4,0.0,5.63457293396497,12,2,10,1,20,0.0841,1.1379,0.4071,0.2414,0.2642,0
14380000.0,0.0,0.0,171.2,0.0,6.39031758893631,13,6,10,1,64,0.0841,1.1379,0.4071,0.2414,0.2642,0
13120000.0,0.0,0.0,156.19,0.0,6.39031758893631,13,6,10,1,64,0.0841,1.1379,0.4071,0.2414,0.2642,0
700000000.0,0.0,0.0,7348.0,852.0,4.93258263102134,10,0,23,1,16,0.0841,1.1379,0.4071,0.2414,0.2642,0
185000000.0,0.0,0.0,1633.0,292.0,5.4752531996667,10,2,16,2,17,0.0841,1.1379,0.4071,0.2414,0.2642,0
380000000.0,0.0,0.0,3800.0,2000.0,7.0629243397588,11,4,9,1,24,0.0841,1.1379,0.4071,0.2414,0.2642,0
7500000.0,0.0,0.0,45.0,0.0,5.63457293396497,12,2,10,1,20,0.0841,1.1379,0.4071,0.2414,0.2642,0
115000000.0,0.0,0.0,650.0,524.0,4.39146317958788,5,0,23,0,7,0.0841,1.1379,0.4071,0.2414,0.2642,0
140500000.0,0.0,0.0,0.0,852.0,6.63294689309311,12,8,10,1,64,0.0841,1.1379,0.4071,0.2414,0.2642,0
1584000000.0,0.0,0.0,0.0,1980.0,5.19310262470845,8,1,19,2,12,0.0841,1.1379,0.4071,0.2414,0.2642,0
1584000000.0,0.0,0.0,0.0,1980.0,4.93258263102134,10,0,23,1,16,0.0841,1.1379,0.4071,0.2414,0.2642,0
1584000000.0,0.0,0.0,0.0,1980.0,5.19310262470845,8,1,19,2,12,0.0841,1.1379,0.4071,0.2414,0.2642,0
1584000000.0,0.0,0.0,0.0,1980.0,4.93258263102134,10,0,23,1,16,0.0841,1.1379,0.4071,0.2414,0.2642,0
1584000000.0,0.0,0.0,0.0,1980.0,6.63294689309311,12,8,10,1,64,0.0841,1.1379,0.4071,0.2414,0.2642,0
1584000000.0,0.0,0.0,0.0,1980.0,4.93258263102134,10,0,23,1,16,0.0841,1.1379,0.4071,0.2414,0.2642,0
25000000.0,0.0,0.0,189.0,0.0,6.63294689309311,12,8,10,1,64,0.0841,1.1379,0.4071,0.2414,0.2642,0
49999999.99999999,0.0,0.0,0.0,277.0,5.4752531996667,10,2,16,2,17,0.0841,1.1379,0.4071,0.2414,0.2642,0
8000000.0,0.0,0.0,90.92,0.0,7.52168755860175,12,3,11,0,17,0.0841,1.1379,0.4071,0.2414,0.2642,0
120000000.0,0.0,0.0,0.0,250.0,6.63294689309311,12,8,10,1,64,0.0841,1.1379,0.4071,0.2414,0.2642,0
60000000.0,0.0,0.0,600.0,381.0,4.39146317958788,5,0,23,0,7,0.0841,1.1379,0.4071,0.2414,0.2642,0
220000000.0,0.0,0.0,1633.0,292.0,5.4752531996667,10,2,16,2,17,0.0841,1.1379,0.4071,0.2414,0.2642,0
1584000000.0,0.0,0.0,0.0,1980.0,6.63294689309311,12,8,10,1,64,0.0841,1.1379,0.4071,0.2414,0.2642,0
77700000.0,0.0,0.0,1656.0,324.0,5.6424406496599,5,1,15,2,20,0.0841,1.1379,0.4071,0.2414,0.2642,0
65700000.0,0.0,0.0,438.0,0.0,5.63457293396497,12,2,10,1,20,0.0841,1.1379,0.4071,0.2414,0.2642,0
200000000.0,0.0,0.0,1600.0,0.0,6.63294689309311,12,8,10,1,64,0.0841,1.1379,0.4071,0.2414,0.2642,0
88000000.0,0.0,0.0,1700.0,325.0,4.93258263102134,10,0,23,1,16,0.0841,1.1379,0.4071,0.2414,0.2642,0
120000000.0,0.0,0.0,1586.0,600.0,4.39146317958788,5,0,23,0,7,0.0841,1.1379,0.4071,0.2414,0.2642,0
3700000.0,0.0,0.0,26.0,0.0,4.93258263102134,10,0,23,1,16,0.0841,1.1379,0.4071,0.2414,0.2642,0
90000000.0,0.0,0.0,600.0,400.0,4.77005090351916,9,1,19,0,7,0.0841,1.1379,0.4071,0.2414,0.2642,0
245000000.0,0.0,0.0,0.0,779.0,4.39146317958788,5,0,23,0,7,0.0841,1.1379,0.4071,0.2414,0.2642,0
45000000.0,0.0,0.0,250.0,200.0,4.77005090351916,9,1,19,0,7,0.0841,1.1379,0.4071,0.2414,0.2642,0
32000000.0,0.0,0.0,0.0,249.0,4.27359519715232,3,0,23,0,5,0.0841,1.1379,0.4071,0.2414,0.2642,0
65000000.0,0.0,0.0,820.0,338.0,6.63294689309311,12,8,10,1,64,0.0841,1.1379,0.4071,0.2414,0.2642,0
6000000.0,0.0,0.0,55.0,0.0,5.58451552097837,6,1,15,2,22,0.0841,1.1379,0.4071,0.2414,0.2642,0
120000000.0,0.0,0.0,1586.0,600.0,4.39146317958788,5,0,23,0,7,0.0841,1.1379,0.4071,0.2414,0.2642,0
85000000.0,0.0,0.0,640.0,432.0,6.63294689309311,12,8,10,1,64,0.0841,1.1379,0.4071,0.2414,0.2642,0
65000000.0,0.0,0.0,820.0,338.0,6.63294689309311,12,8,10,1,64,0.0841,1.1379,0.4071,0.2414,0.2642,0
19500000.0,0.0,0.0,167.0,89.0,6.63294689309311,12,8,10,1,64,0.0841,1.1379,0.4071,0.2414,0.2642,0
125000000.0,0.0,0.0,1300.0,326.0,4.93258263102134,10,0,23,1,16,0.0841,1.1379,0.4071,0.2414,0.2642,0
255000000.0,0.0,0.0,800.0,495.0,4.93258263102134,10,0,23,1,16,0.0841,1.1379,0.4071,0.2414,0.2642,0
220000000.0,0.0,0.0,1633.0,292.0,5.4752531996667,10,2,16,2,17,0.0841,1.1379,0.4071,0.2414,0.2642,0
275000000.0,0.0,0.0,2500.0,590.0,4.77005090351916,9,1,19,0,7,0.0841,1.1379,0.4071,0.2414,0.2642,0
6500000.0,0.0,0.0,47.0,0.0,7.0629243397588,11,4,9,1,24,0.0841,1.1379,0.4071,0.2414,0.2642,0
916500000.0,0.0,0.0,3000.0,3900.0,4.93258263102134,10,0,23,1,16,0.0841,1.1379,0.4071,0.2414,0.2642,0
180000000.0,0.0,0.0,3000.0,411.2,0.414274761486772,45,4,30,3,19,0.46,0.3905,0.3591,0.359,0.6528,0
140000.0,0.0,0.0,0.0,0.0,0.722770186563335,40,6,23,3,15,0.46,0.3905,0.3591,0.359,0.6528,0
150000000.0,0.0,0.0,1257.0,0.0,1.21867969724882,35,5,36,5,7,0.46,0.3905,0.3591,0.359,0.6528,0
70450000.0,0.0,0.0,0.0,200.0,1.48085838609163,58,1,26,11,9,0.46,0.3905,0.3591,0.359,0.6528,0
660000000.0,0.0,0.0,14780.0,1065.0,0.25149080030171,50,1,22,14,4,0.46,0.3905,0.3591,0.359,0.6528,0
148102500.0,0.0,0.0,0.0,1139.25,1.83949370365703,31,0,20,0,3,0.46,0.3905,0.3591,0.359,0.6528,0
12000000.0,0.0,0.0,63.0,0.0,0.412095738654931,26,1,9,3,28,0.46,0.3905,0.3591,0.359,0.6528,0
12000000.0,0.0,0.0,29.5,0.0,1.48085838609163,58,1,26,11,9,0.46,0.3905,0.3591,0.359,0.6528,0
8907000.0,0.0,0.0,29.69,0.0,0.0118193352597599,26,1,12,7,27,0.46,0.3905,0.3591,0.359,0.6528,0
100000000.0,0.0,0.0,1900.0,189.0,1.83949370365703,31,0,20,0,3,0.46,0.3905,0.3591,0.359,0.6528,0
70000000.0,0.0,0.0,465.0,167.0,1.48085838609163,58,1,26,11,9,0.46,0.3905,0.3591,0.359,0.6528,0
369900000.0,0.0,0.0,3000.0,516.5,0.0118193352597599,26,1,12,7,27,0.46,0.3905,0.3591,0.359,0.6528,0
25000000.0,0.0,0.0,145.79,0.0,0.750902828443414,38,2,15,17,17,0.46,0.3905,0.3591,0.359,0.6528,0
5500000.0,0.0,0.0,60.8,0.0,0.722770186563335,40,6,23,3,15,0.46,0.3905,0.3591,0.359,0.6528,0
270000000.0,0.0,0.0,700.0,510.0,0.0118193352597599,26,1,12,7,27,0.46,0.3905,0.3591,0.359,0.6528,0
390000000.0,0.0,0.0,5000.0,300.0,1.48085838609163,58,1,26,11,9,0.46,0.3905,0.3591,0.359,0.6528,0
187850000.0,0.0,0.0,0.0,578.0,0.0118193352597599,26,1,12,7,27,0.46,0.3905,0.3591,0.359,0.6528,0
35000000.0,0.0,0.0,700.0,212.0,1.48085838609163,58,1,26,11,9,0.46,0.3905,0.3591,0.359,0.6528,0
8000000.0,0.0,0.0,120.0,70.0,3.94362164227761,16,1,16,6,4,0.46,0.3905,0.3591,0.359,0.6528,0
90000000.0,0.0,0.0,1600.0,189.0,1.83949370365703,31,0,20,0,3,0.46,0.3905,0.3591,0.359,0.6528,0
24000000.0,0.0,0.0,0.0,82.59999999999998,0.0118193352597599,26,1,12,7,27,0.46,0.3905,0.3591,0.359,0.6528,0
17799120.0,0.0,0.0,41.0,0.0,2.81413643712142,5,0,27,2,1,0.46,0.3905,0.3591,0.359,0.6528,0
6049999.999999999,0.0,0.0,24.0,0.0,0.115768189621523,26,1,11,4,18,0.46,0.3905,0.3591,0.359,0.6528,0
798300000.0,0.0,0.0,7000.0,8870.0,1.04534542808435,23,1,14,8,8,0.46,0.3905,0.3591,0.359,0.6528,0
210600000.0,0.0,0.0,0.0,810.0,0.722770186563335,40,6,23,3,15,0.46,0.3905,0.3591,0.359,0.6528,0
35000000.0,0.0,0.0,440.0,110.0,0.25149080030171,50,1,22,14,4,0.46,0.3905,0.3591,0.359,0.6528,0
235000000.0,0.0,0.0,3464.1,384.9,0.0118193352597599,26,1,12,7,27,0.46,0.3905,0.3591,0.359,0.6528,0
970350000.0,0.0,0.0,0.0,6400.0,3.94362164227761,16,1,16,6,4,0.46,0.3905,0.3591,0.359,0.6528,0
60000000.0,0.0,0.0,580.0,145.0,0.0118193352597599,26,1,12,7,27,0.46,0.3905,0.3591,0.359,0.6528,0
25000000.0,0.0,0.0,210.0,0.0,0.722770186563335,40,6,23,3,15,0.46,0.3905,0.3591,0.359,0.6528,0
300000000.0,0.0,0.0,1770.0,270.0,1.33256072438415,27,3,7,2,12,0.46,0.3905,0.3591,0.359,0.6528,0
25500000.0,0.0,0.0,240.0,86.0,1.83949370365703,31,0,20,0,3,0.46,0.3905,0.3591,0.359,0.6528,0
339539200.0,0.0,0.0,3217.0,1061.06,0.450409906581854,41,2,14,15,23,0.46,0.3905,0.3591,0.359,0.6528,0
415935000.0,0.0,0.0,3217.0,1061.0,0.450409906581854,41,2,14,15,23,0.46,0.3905,0.3591,0.359,0.6528,0
68250000.0,0.0,0.0,526.0,117.0,0.465934721043205,26,1,19,13,18,0.46,0.3905,0.3591,0.359,0.6528,0
26000000.0,0.0,0.0,300.0,75.0,1.48085838609163,58,1,26,11,9,0.46,0.3905,0.3591,0.359,0.6528,0
850000000.0,0.0,0.0,7260.0,492.21,0.0118193352597599,26,1,12,7,27,0.46,0.3905,0.3591,0.359,0.6528,0
415935000.0,0.0,0.0,3217.0,1061.0,0.450409906581854,41,2,14,15,23,0.46,0.3905,0.3591,0.359,0.6528,0
38000000.00000001,0.0,0.0,126.28,211.8,3.94362164227761,16,1,16,6,4,0.46,0.3905,0.3591,0.359,0.6528,0
80000000.0,0.0,0.0,510.0,180.0,0.0118193352597599,26,1,12,7,27,0.46,0.3905,0.3591,0.359,0.6528,0
3700000.0,0.0,0.0,26.73,0.0,0.450409906581854,41,2,14,15,23,0.46,0.3905,0.3591,0.359,0.6528,0
415935000.0,0.0,0.0,3217.0,1061.06,0.450409906581854,41,2,14,15,23,0.46,0.3905,0.3591,0.359,0.6528,0
4200000.0,0.0,0.0,20.33,0.0,0.0118193352597599,26,1,12,7,27,0.46,0.3905,0.3591,0.359,0.6528,0
38000000.00000001,0.0,0.0,126.0,211.8,3.94362164227761,16,1,16,6,4,0.46,0.3905,0.3591,0.359,0.6528,0
415935000.0,0.0,0.0,3217.0,1061.0,0.450409906581854,41,2,14,15,23,0.46,0.3905,0.3591,0.359,0.6528,0
28500000.0,0.0,0.0,225.0,75.0,1.48085838609163,58,1,26,11,9,0.46,0.3905,0.3591,0.359,0.6528,0
230000000.0,0.0,0.0,1700.0,348.0,7.532880960218,9,3,11,0,17,0.46,0.3905,0.3591,0.359,0.6528,0
650000000.0,0.0,0.0,8687.0,1357.0,0.450409906581854,41,2,14,15,23,0.46,0.3905,0.3591,0.359,0.6528,0
580000000.0,0.0,0.0,6788.32,1200.5,0.450409906581854,41,2,14,15,23,0.46,0.3905,0.3591,0.359,0.6528,0
110000000.0,0.0,0.0,0.0,270.0,0.25149080030171,50,1,22,14,4,0.46,0.3905,0.3591,0.359,0.6528,0
12000000.0,0.0,0.0,157.0,0.0,0.450409906581854,41,2,14,15,23,0.46,0.3905,0.3591,0.359,0.6528,0
1028089999.9999998,0.0,0.0,4300.0,2900.0,0.0118193352597599,26,1,12,7,27,0.46,0.3905,0.3591,0.359,0.6528,0
110000000.0,0.0,0.0,510.0,180.0,0.0118193352597599,26,1,12,7,27,0.46,0.3905,0.3591,0.359,0.6528,0
57700000.0,0.0,0.0,0.0,430.0,3.94362164227761,16,1,16,6,4,0.46,0.3905,0.3591,0.359,0.6528,0
28000000.0,0.0,0.0,175.0,282.0,2.1480503507855,18,1,15,3,2,0.46,0.3905,0.3591,0.359,0.6528,0
56000000.0,0.0,0.0,722.0,377.4,1.48085838609163,58,1,26,11,9,0.46,0.3905,0.3591,0.359,0.6528,0
56000000.0,0.0,0.0,377.4,377.4,1.48085838609163,58,1,26,11,9,0.46,0.3905,0.3591,0.359,0.6528,0
1700000000.0,0.0,0.0,0.0,17000.0,7.532880960218,9,3,11,0,17,0.46,0.3905,0.3591,0.359,0.6528,0
47300000.0,0.0,0.0,0.0,430.0,3.94362164227761,16,1,16,6,4,0.46,0.3905,0.3591,0.359,0.6528,0
485000000.0,0.0,0.0,8648.34,0.0,1.83949370365703,31,0,20,0,3,0.46,0.3905,0.3591,0.359,0.6528,0
25000000.0,0.0,0.0,294.0,84.0,0.25149080030171,50,1,22,14,4,0.46,0.3905,0.3591,0.359,0.6528,0
6713500.0,0.0,0.0,37.04,0.0,0.0118193352597599,26,1,12,7,27,0.46,0.3905,0.3591,0.359,0.6528,0
3600000.0,0.0,0.0,15.15,0.0,1.48085838609163,58,1,26,11,9,0.46,0.3905,0.3591,0.359,0.6528,0
358000000.0,0.0,0.0,3200.0,1197.0,0.450409906581854,41,2,14,15,23,0.46,0.3905,0.3591,0.359,0.6528,0
56000000.0,0.0,0.0,0.0,377.4,1.48085838609163,58,1,26,11,9,0.46,0.3905,0.3591,0.359,0.6528,0
125000000.0,0.0,0.0,0.0,384.0,0.0118193352597599,26,1,12,7,27,0.46,0.3905,0.3591,0.359,0.6528,0
65000000.0,0.0,0.0,1263.6,380.6,3.94362164227761,16,1,16,6,4,0.46,0.3905,0.3591,0.359,0.6528,0
350000000.0,0.0,0.0,0.0,433.0,0.871377000779436,42,2,9,4,3,0.46,0.3905,0.3591,0.359,0.6528,0
900000000.0,0.0,0.0,6500.0,3165.0,0.25149080030171,50,1,22,14,4,0.46,0.3905,0.3591,0.359,0.6528,0
43120000.00000001,0.0,0.0,0.0,385.0,0.421479018594296,51,1,21,10,4,0.46,0.3905,0.3591,0.359,0.6528,0
21000000.0,0.0,0.0,250.0,226.0,7.532880960218,9,3,11,0,17,0.46,0.3905,0.3591,0.359,0.6528,0
57999999.99999999,0.0,0.0,650.0,150.0,0.0118193352597599,26,1,12,7,27,0.46,0.3905,0.3591,0.359,0.6528,0
18000000.0,0.0,0.0,240.0,60.0,0.722770186563335,40,6,23,3,15,0.46,0.3905,0.3591,0.359,0.6528,0
440000000.0,0.0,0.0,8648.0,913.0,1.83949370365703,31,0,20,0,3,0.46,0.3905,0.3591,0.359,0.6528,0
350000000.0,0.0,0.0,0.0,1318.0,0.722770186563335,40,6,23,3,15,0.46,0.3905,0.3591,0.359,0.6528,0
175000000.0,0.0,0.0,1500.0,918.31,0.412095738654931,26,1,9,3,28,0.46,0.3905,0.3591,0.359,0.6528,0
524550000.0,0.0,0.0,0.0,1748.5,0.210959556313026,54,4,38,3,11,0.46,0.3905,0.3591,0.359,0.6528,0
4700000.0,0.0,0.0,60.0,0.0,0.394503958256811,56,7,40,7,9,0.46,0.3905,0.3591,0.359,0.6528,0
43164799.99999999,0.0,0.0,0.0,385.4,0.25149080030171,50,1,22,14,4,0.46,0.3905,0.3591,0.359,0.6528,0
250000000.0,0.0,0.0,1500.0,300.0,1.48085838609163,58,1,26,11,9,0.46,0.3905,0.3591,0.359,0.6528,0
48000000.0,0.0,0.0,388.0,97.8,1.83949370365703,31,0,20,0,3,0.46,0.3905,0.3591,0.359,0.6528,0
275452800.0,0.0,0.0,0.0,0.0,1.83949370365703,31,0,20,0,3,0.46,0.3905,0.3591,0.359,0.6528,0
21300000.0,0.0,0.0,284.0,0.0,0.722770186563335,40,6,23,3,15,0.46,0.3905,0.3591,0.359,0.6528,0
49999999.99999999,0.0,0.0,0.0,147.0,0.722770186563335,40,6,23,3,15,0.46,0.3905,0.3591,0.359,0.6528,0
90000000.0,0.0,0.0,816.0,204.0,7.532880960218,9,3,11,0,17,0.46,0.3905,0.3591,0.359,0.6528,0
220000.0,0.0,0.0,0.0,0.0,1.46849453338305,21,0,25,4,9,0.46,0.3905,0.3591,0.359,0.6528,0
108000000.0,0.0,0.0,0.0,390.8,0.450409906581854,41,2,14,15,23,0.46,0.3905,0.3591,0.359,0.6528,0
23000000.000000004,0.0,0.0,200.0,88.0,1.04534542808435,23,1,14,8,8,0.46,0.3905,0.3591,0.359,0.6528,0
22234750.0,0.0,0.0,234.0,0.0,0.722770186563335,40,6,23,3,15,0.46,0.3905,0.3591,0.359,0.6528,0
22000000.0,0.0,0.0,200.0,88.0,1.04534542808435,23,1,14,8,8,0.46,0.3905,0.3591,0.359,0.6528,0
78900000.0,0.0,0.0,203.0,0.0,0.450409906581854,41,2,14,15,23,0.46,0.3905,0.3591,0.359,0.6528,0
1200000000.0,0.0,0.0,6000.0,832.0,7.532880960218,9,3,11,0,17,0.46,0.3905,0.3591,0.359,0.6528,0
59250000.0,0.0,0.0,800.0,456.6,1.48085838609163,58,1,26,11,9,0.46,0.3905,0.3591,0.359,0.6528,0
49500000.0,0.0,0.0,382.0,126.0,0.25149080030171,50,1,22,14,4,0.46,0.3905,0.3591,0.359,0.6528,0
42593249.99999999,0.0,0.0,448.0,0.0,0.722770186563335,40,6,23,3,15,0.46,0.3905,0.3591,0.359,0.6528,0
22234750.0,0.0,0.0,285.0,0.0,0.722770186563335,40,6,23,3,15,0.46,0.3905,0.3591,0.359,0.6528,0
17185500.0,0.0,0.0,181.0,0.0,0.722770186563335,40,6,23,3,15,0.46,0.3905,0.3591,0.359,0.6528,0
200000000.0,0.0,0.0,3492.0,385.0,2.71147038013795,3,0,28,2,1,0.46,0.3905,0.3591,0.359,0.6528,0
299900000.0,0.0,0.0,3000.0,625.0,0.210959556313026,54,4,38,3,11,0.46,0.3905,0.3591,0.359,0.6528,0
14390000.0,0.0,0.0,51.0,0.0,0.0118193352597599,26,1,12,7,27,0.46,0.3905,0.3591,0.359,0.6528,0
160000000.0,0.0,0.0,0.0,867.0,0.0118193352597599,26,1,12,7,27,0.46,0.3905,0.3591,0.359,0.6528,0
99890000.0,0.0,0.0,1763.0,740.0,0.745851633191693,33,1,9,3,16,0.46,0.3905,0.3591,0.359,0.6528,0
160000000.0,0.0,0.0,0.0,867.0,0.0118193352597599,26,1,12,7,27,0.46,0.3905,0.3591,0.359,0.6528,0
126000000.0,0.0,0.0,0.0,700.0,7.532880960218,9,3,11,0,17,0.46,0.3905,0.3591,0.359,0.6528,0
100000000.0,0.0,0.0,1900.0,189.0,7.532880960218,9,3,11,0,17,0.46,0.3905,0.3591,0.359,0.6528,0
110000000.0,0.0,0.0,1000.0,348.4,7.7827223725762,0,0,4,1,0,0.46,0.3905,0.3591,0.359,0.6528,0
20090000.0,0.0,0.0,94.0,0.0,0.0118193352597599,26,1,12,7,27,0.46,0.3905,0.3591,0.359,0.6528,0
22400000.0,0.0,0.0,200.0,88.0,1.04534542808435,23,1,14,8,8,0.46,0.3905,0.3591,0.359,0.6528,0
100000000.0,0.0,0.0,1900.0,189.0,7.532880960218,9,3,11,0,17,0.46,0.3905,0.3591,0.359,0.6528,0
38104500.0,0.0,0.0,401.0,0.0,0.722770186563335,40,6,23,3,15,0.46,0.3905,0.3591,0.359,0.6528,0
33568250.0,0.0,0.0,353.0,0.0,0.722770186563335,40,6,23,3,15,0.46,0.3905,0.3591,0.359,0.6528,0
285000000.0,0.0,0.0,1814.0,866.0,0.450409906581854,41,2,14,15,23,0.46,0.3905,0.3591,0.359,0.6528,0
125000000.0,0.0,0.0,940.97,241.9,0.722770186563335,40,6,23,3,15,0.46,0.3905,0.3591,0.359,0.6528,0
445645200.00000006,0.0,0.0,3217.0,1061.06,0.450409906581854,41,2,14,15,23,0.46,0.3905,0.3591,0.359,0.6528,0
180000000.0,0.0,0.0,1200.0,245.0,0.722770186563335,40,6,23,3,15,0.46,0.3905,0.3591,0.359,0.6528,0
12530662.0,0.0,0.0,40.0,0.0,0.294602666521799,26,1,13,3,28,0.46,0.3905,0.3591,0.359,0.6528,0
160000000.0,0.0,0.0,897.0,0.0,0.0118193352597599,26,1,12,7,27,0.46,0.3905,0.3591,0.359,0.6528,0
300000000.0,0.0,0.0,2600.0,516.0,0.745851633191693,33,1,9,3,16,0.46,0.3905,0.3591,0.359,0.6528,0
160000000.0,0.0,0.0,0.0,867.0,0.0118193352597599,26,1,12,7,27,0.46,0.3905,0.3591,0.359,0.6528,0
23000000.000000004,0.0,0.0,200.0,88.0,1.04534542808435,23,1,14,8,8,0.46,0.3905,0.3591,0.359,0.6528,0
45000000.0,0.0,0.0,400.0,200.0,3.94362164227761,16,1,16,6,4,0.46,0.3905,0.3591,0.359,0.6528,0
44990000.0,0.0,0.0,360.0,100.0,0.722770186563335,40,6,23,3,15,0.46,0.3905,0.3591,0.359,0.6528,0
95000000.0,0.0,0.0,510.0,180.0,0.0118193352597599,26,1,12,7,27,0.46,0.3905,0.3591,0.359,0.6528,0
115000000.0,0.0,0.0,940.97,241.9,0.722770186563335,40,6,23,3,15,0.46,0.3905,0.3591,0.359,0.6528,0
12000000.0,0.0,0.0,165.0,86.25,1.48085838609163,58,1,26,11,9,0.46,0.3905,0.3591,0.359,0.6528,0
78000000.0,0.0,0.0,510.0,180.0,0.0118193352597599,26,1,12,7,27,0.46,0.3905,0.3591,0.359,0.6528,0
12340500.0,0.0,0.0,47.25,0.0,0.722770186563335,40,6,23,3,15,0.46,0.3905,0.3591,0.359,0.6528,0
59358000.0,0.0,0.0,0.0,456.6,7.532880960218,9,3,11,0,17,0.46,0.3905,0.3591,0.359,0.6528,0
295000000.0,0.0,0.0,1800.0,866.0,0.450409906581854,41,2,14,15,23,0.46,0.3905,0.3591,0.359,0.6528,0
78000000.0,0.0,0.0,437.0,172.0,0.0118193352597599,26,1,12,7,27,0.46,0.3905,0.3591,0.359,0.6528,0
22000000.0,0.0,0.0,200.0,88.0,1.04534542808435,23,1,14,8,8,0.46,0.3905,0.3591,0.359,0.6528,0
80000000.0,0.0,0.0,510.0,180.0,0.0118193352597599,26,1,12,7,27,0.46,0.3905,0.3591,0.359,0.6528,0
42300000.0,0.0,0.0,273.0,0.0,0.722770186563335,40,6,23,3,15,0.46,0.3905,0.3591,0.359,0.6528,0
409305000.0,0.0,0.0,1200.0,629.0,0.722770186563335,40,6,23,3,15,0.46,0.3905,0.3591,0.359,0.6528,0
79000000.0,0.0,0.0,832.5,229.4,0.0118193352597599,26,1,12,7,27,0.46,0.3905,0.3591,0.359,0.6528,0
476470000.0,0.0,0.0,2002.0,0.0,7.532880960218,9,3,11,0,17,0.46,0.3905,0.3591,0.359,0.6528,0
55000000.0,0.0,0.0,0.0,155.0,0.0118193352597599,26,1,12,7,27,0.46,0.3905,0.3591,0.359,0.6528,0
295000000.0,0.0,0.0,1413.0,1300.0,0.25149080030171,50,1,22,14,4,0.46,0.3905,0.3591,0.359,0.6528,0
43000000.0,0.0,0.0,1200.0,335.6,1.83949370365703,31,0,20,0,3,0.46,0.3905,0.3591,0.359,0.6528,0
160000000.0,0.0,0.0,0.0,867.0,0.0118193352597599,26,1,12,7,27,0.46,0.3905,0.3591,0.359,0.6528,0
24000000.0,0.0,0.0,110.0,110.0,0.25149080030171,50,1,22,14,4,0.46,0.3905,0.3591,0.359,0.6528,0
82500000.0,0.0,0.0,37345.0,1100.0,1.83949370365703,31,0,20,0,3,0.46,0.3905,0.3591,0.359,0.6528,0
180000000.0,0.0,0.0,1200.0,231.0,0.722770186563335,40,6,23,3,15,0.46,0.3905,0.3591,0.359,0.6528,0
27900000.0,0.0,0.0,0.0,66.0,1.83949370365703,31,0,20,0,3,0.46,0.3905,0.3591,0.359,0.6528,0
84700000.0,0.0,0.0,110.0,0.0,0.722770186563335,40,6,23,3,15,0.46,0.3905,0.3591,0.359,0.6528,0
40000000.0,0.0,0.0,464.0,125.9,1.83949370365703,31,0,20,0,3,0.46,0.3905,0.3591,0.359,0.6528,0
100000000.0,0.0,0.0,369.0,529.0,2.71147038013795,3,0,28,2,1,0.46,0.3905,0.3591,0.359,0.6528,0
100000000.0,0.0,0.0,1200.0,710.0,2.71147038013795,3,0,28,2,1,0.46,0.3905,0.3591,0.359,0.6528,0
400000000.0,0.0,0.0,70238.95,7500.0,7.532880960218,9,3,11,0,17,0.46,0.3905,0.3591,0.359,0.6528,0
6000000.0,0.0,0.0,49.0,0.0,0.450409906581854,41,2,14,15,23,0.46,0.3905,0.3591,0.359,0.6528,0
180000000.0,0.0,0.0,0.0,578.4,0.0118193352597599,26,1,12,7,27,0.46,0.3905,0.3591,0.359,0.6528,0
20000000.0,0.0,0.0,350.0,100.0,1.48085838609163,58,1,26,11,9,0.46,0.3905,0.3591,0.359,0.6528,0
100000000.0,0.0,0.0,950.0,171.6,0.0118193352597599,26,1,12,7,27,0.46,0.3905,0.3591,0.359,0.6528,0
45500000.0,0.0,0.0,504.0,126.0,0.25149080030171,50,1,22,14,4,0.46,0.3905,0.3591,0.359,0.6528,0
99390200.0,0.0,0.0,0.0,764.5399999999998,0.210959556313026,54,4,38,3,11,0.46,0.3905,0.3591,0.359,0.6528,0
700000000.0,0.0,0.0,8874.0,493.0,0.0118193352597599,26,1,12,7,27,0.46,0.3905,0.3591,0.359,0.6528,0
25000000.0,0.0,0.0,400.0,94.5,0.25149080030171,50,1,22,14,4,0.46,0.3905,0.3591,0.359,0.6528,0
350000000.0,0.0,0.0,660.0,0.0,0.0118193352597599,26,1,12,7,27,0.46,0.3905,0.3591,0.359,0.6528,0
300000000.0,0.0,0.0,1119.0,338.0,7.532880960218,9,3,11,0,17,0.46,0.3905,0.3591,0.359,0.6528,0
75000000.0,0.0,0.0,510.0,180.0,0.0118193352597599,26,1,12,7,27,0.46,0.3905,0.3591,0.359,0.6528,0
25000000.0,0.0,0.0,197.0,197.0,1.30388647083954,4,0,16,0,7,0.46,0.3905,0.3591,0.359,0.6528,0
900000000.0,0.0,0.0,8539.0,0.0,0.0118193352597599,26,1,12,7,27,0.46,0.3905,0.3591,0.359,0.6528,0
262825000.0,0.0,0.0,0.0,1051.3,0.25149080030171,50,1,22,14,4,0.46,0.3905,0.3591,0.359,0.6528,0
1300000000.0,0.0,0.0,0.0,2937.3,0.0118193352597599,26,1,12,7,27,0.46,0.3905,0.3591,0.359,0.6528,0
250000000.0,0.0,0.0,0.0,1563.6,1.33256072438415,27,3,7,2,12,0.46,0.3905,0.3591,0.359,0.6528,0
75000000.0,0.0,0.0,350.0,357.0,0.745851633191693,33,1,9,3,16,0.46,0.3905,0.3591,0.359,0.6528,0
250000000.0,0.0,0.0,1563.6,0.0,0.722770186563335,40,6,23,3,15,0.46,0.3905,0.3591,0.359,0.6528,0
20000000.0,0.0,0.0,68.0,0.0,1.48085838609163,58,1,26,11,9,0.46,0.3905,0.3591,0.359,0.6528,0
8000000.0,0.0,0.0,66.5,0.0,0.722770186563335,40,6,23,3,15,0.46,0.3905,0.3591,0.359,0.6528,0
59358800.0,0.0,0.0,0.0,456.6,1.48085838609163,58,1,26,11,9,0.46,0.3905,0.3591,0.359,0.6528,0
280000000.0,0.0,0.0,0.0,961.3,1.48085838609163,58,1,26,11,9,0.46,0.3905,0.3591,0.359,0.6528,0
26250000.0,0.0,0.0,100.0,378.0,1.04534542808435,23,1,14,8,8,0.46,0.3905,0.3591,0.359,0.6528,0
72520000.0,0.0,0.0,600.0,259.0,0.0118193352597599,26,1,12,7,27,0.46,0.3905,0.3591,0.359,0.6528,0
280000000.0,0.0,0.0,2000.0,250.0,0.722770186563335,40,6,23,3,15,0.46,0.3905,0.3591,0.359,0.6528,0
150000000.0,0.0,0.0,0.0,946.0,1.04534542808435,23,1,14,8,8,0.46,0.3905,0.3591,0.359,0.6528,0
184999999.0,0.0,0.0,1374.0,0.0,1.27323477364331,63,1,33,9,8,0.46,0.3905,0.3591,0.359,0.6528,0
40000000.0,0.0,0.0,620.0,268.0,1.30388647083954,4,0,16,0,7,0.46,0.3905,0.3591,0.359,0.6528,0
55000000.0,0.0,0.0,750.0,150.0,1.48085838609163,58,1,26,11,9,0.46,0.3905,0.3591,0.359,0.6528,0
4500000.0,0.0,0.0,40.0,0.0,1.21867969724882,35,5,36,5,7,0.46,0.3905,0.3591,0.359,0.6528,0
55000000.0,0.0,0.0,433.0,151.0,0.25149080030171,50,1,22,14,4,0.46,0.3905,0.3591,0.359,0.6528,0
19699200.0,0.0,0.0,109.44,0.0,0.450409906581854,41,2,14,15,23,0.46,0.3905,0.3591,0.359,0.6528,0
78000000.0,0.0,0.0,510.0,172.5,0.0118193352597599,26,1,12,7,27,0.46,0.3905,0.3591,0.359,0.6528,0
43500000.0,0.0,0.0,325.0,160.0,0.210959556313026,54,4,38,3,11,0.46,0.3905,0.3591,0.359,0.6528,0
70000000.0,0.0,0.0,960.0,577.1,1.48085838609163,58,1,26,11,9,0.46,0.3905,0.3591,0.359,0.6528,0
46000000.00000001,0.0,0.0,270.0,270.0,1.46849453338305,21,0,25,4,9,0.46,0.3905,0.3591,0.359,0.6528,0
59400000.0,0.0,0.0,0.0,456.6,1.48085838609163,58,1,26,11,9,0.46,0.3905,0.3591,0.359,0.6528,0
103520000.0,0.0,0.0,0.0,647.0,0.0118193352597599,26,1,12,7,27,0.46,0.3905,0.3591,0.359,0.6528,0
20000000.0,0.0,0.0,688.0,172.0,1.30388647083954,4,0,16,0,7,0.46,0.3905,0.3591,0.359,0.6528,0
110000000.0,0.0,0.0,510.0,180.0,0.0118193352597599,26,1,12,7,27,0.46,0.3905,0.3591,0.359,0.6528,0
100000000.0,0.0,0.0,189.0,0.0,1.83949370365703,31,0,20,0,3,0.46,0.3905,0.3591,0.359,0.6528,0
300000000.0,0.0,0.0,3100.0,733.0,7.532880960218,9,3,11,0,17,0.46,0.3905,0.3591,0.359,0.6528,0
31748400.0,0.0,0.0,176.38,0.0,0.450409906581854,41,2,14,15,23,0.46,0.3905,0.3591,0.359,0.6528,0
300000000.0,0.0,0.0,1770.0,270.0,0.722770186563335,40,6,23,3,15,0.46,0.3905,0.3591,0.359,0.6528,0
99000000.0,0.0,0.0,1875.0,715.0,0.599531111068213,49,5,34,3,16,0.46,0.3905,0.3591,0.359,0.6528,0
18000000.0,0.0,0.0,300.0,150.0,1.48085838609163,58,1,26,11,9,0.46,0.3905,0.3591,0.359,0.6528,0
25000000.0,0.0,0.0,210.0,116.0,1.83949370365703,31,0,20,0,3,0.46,0.3905,0.3591,0.359,0.6528,0
25000000.0,0.0,0.0,850.0,170.7,0.717484320075553,4,1,13,0,22,0.46,0.3905,0.3591,0.359,0.6528,0
34000000.0,0.0,0.0,180.0,180.0,0.150857627761002,58,1,23,10,3,0.46,0.3905,0.3591,0.359,0.6528,0
330000000.0,0.0,0.0,862.75,640.0,0.695148101281886,37,1,15,12,23,0.46,0.3905,0.3591,0.359,0.6528,0
45000000.0,0.0,0.0,1200.0,335.6,1.83949370365703,31,0,20,0,3,0.46,0.3905,0.3591,0.359,0.6528,0
30000000.0,0.0,0.0,700.0,150.0,1.48085838609163,58,1,26,11,9,0.46,0.3905,0.3591,0.359,0.6528,0
350000000.0,0.0,0.0,761.7,0.0,0.0118193352597599,26,1,12,7,27,0.46,0.3905,0.3591,0.359,0.6528,0
39099600.0,0.0,0.0,217.22,0.0,0.450409906581854,41,2,14,15,23,0.46,0.3905,0.3591,0.359,0.6528,0
19551600.0,0.0,0.0,108.62,0.0,0.450409906581854,41,2,14,15,23,0.46,0.3905,0.3591,0.359,0.6528,0
415935000.0,0.0,0.0,3200.0,1060.0,0.450409906581854,41,2,14,15,23,0.46,0.3905,0.3591,0.359,0.6528,0
27000000.000000004,0.0,0.0,520.0,150.0,0.25149080030171,50,1,22,14,4,0.46,0.3905,0.3591,0.359,0.6528,0
60000000.0,0.0,0.0,600.0,554.9,0.25149080030171,50,1,22,14,4,0.46,0.3905,0.3591,0.359,0.6528,0
170000000.0,0.0,0.0,0.0,231.0,0.722770186563335,40,6,23,3,15,0.46,0.3905,0.3591,0.359,0.6528,0
80000000.0,0.0,0.0,715.98,250.0,0.210959556313026,54,4,38,3,11,0.46,0.3905,0.3591,0.359,0.6528,0
220000000.0,0.0,0.0,0.0,534.0,0.450409906581854,41,2,14,15,23,0.46,0.3905,0.3591,0.359,0.6528,0
32000000.0,0.0,0.0,680.0,270.0,1.83949370365703,31,0,20,0,3,0.46,0.3905,0.3591,0.359,0.6528,0
25000000.0,0.0,0.0,250.0,108.0,7.532880960218,9,3,11,0,17,0.46,0.3905,0.3591,0.359,0.6528,0
48000000.0,0.0,0.0,0.0,320.0,0.0118193352597599,26,1,12,7,27,0.46,0.3905,0.3591,0.359,0.6528,0
530000000.0,0.0,0.0,0.0,3179.0,3.95226733416052,16,1,17,8,5,0.46,0.3905,0.3591,0.359,0.6528,0
286000000.0,0.0,0.0,1300.0,1413.0,0.25149080030171,50,1,22,14,4,0.46,0.3905,0.3591,0.359,0.6528,0
900000000.0,0.0,0.0,8534.0,832.0,0.0118193352597599,26,1,12,7,27,0.46,0.3905,0.3591,0.359,0.6528,0
70000000.0,0.0,0.0,960.0,577.1,3.94362164227761,16,1,16,6,4,0.46,0.3905,0.3591,0.359,0.6528,0
6400000.0,0.0,0.0,21.0,0.0,7.532880960218,9,3,11,0,17,0.46,0.3905,0.3591,0.359,0.6528,0
12499999.999999998,0.0,0.0,121.3,0.0,0.722770186563335,40,6,23,3,15,0.46,0.3905,0.3591,0.359,0.6528,0
18000000.0,0.0,0.0,0.0,142.5,0.0118193352597599,26,1,12,7,27,0.46,0.3905,0.3591,0.359,0.6528,0
100000000.0,0.0,0.0,0.0,678.9,0.25149080030171,50,1,22,14,4,0.46,0.3905,0.3591,0.359,0.6528,0
80000000.0,0.0,0.0,300.0,303.0,1.46849453338305,21,0,25,4,9,0.46,0.3905,0.3591,0.359,0.6528,0
160000000.0,0.0,0.0,867.0,867.0,0.683531766394274,22,0,21,5,10,0.46,0.3905,0.3591,0.359,0.6528,0
11334000.0,0.0,0.0,103.98,0.0,7.84238654556699,18,6,6,6,28,0.4337,0.1972,0.3283,0.2529,0.4976,0
11334000.0,0.0,0.0,103.98,0.0,7.84238654556699,18,6,6,6,28,0.4337,0.1972,0.3283,0.2529,0.4976,0
8964000.0,0.0,0.0,82.23,0.0,7.84238654556699,18,6,6,6,28,0.4337,0.1972,0.3283,0.2529,0.4976,0
9701000.0,0.0,0.0,89.0,0.0,7.84238654556699,18,6,6,6,28,0.4337,0.1972,0.3283,0.2529,0.4976,0
11334000.0,0.0,0.0,103.98,0.0,7.84238654556699,18,6,6,6,28,0.4337,0.1972,0.3283,0.2529,0.4976,0
185000000.0,0.0,0.0,0.0,1800.0,10.529245823771,1,2,33,2,8,0.0942,0.22,0.0278,0.0071,0.3522,1
45000000.0,0.0,0.0,800.0,1062.0,8.28380359571141,5,1,28,0,4,0.0942,0.22,0.0278,0.0071,0.3522,1
70000000.0,0.0,0.0,0.0,960.0,7.18688019587344,13,2,6,6,5,0.0942,0.22,0.0278,0.0071,0.3522,1
36000000.0,0.0,0.0,500.0,322.0,8.60238151182586,6,1,14,5,2,0.0942,0.22,0.0278,0.0071,0.3522,1
185000000.0,0.0,0.0,1800.0,2000.0,10.529245823771,1,2,33,2,8,0.0942,0.22,0.0278,0.0071,0.3522,1
60000000.0,0.0,0.0,700.0,300.0,9.09658498203312,2,1,26,2,3,0.0942,0.22,0.0278,0.0071,0.3522,1
9500000.0,0.0,0.0,150.0,116.0,9.09658498203312,2,1,26,2,3,0.0942,0.22,0.0278,0.0071,0.3522,1
28000000.0,0.0,0.0,0.0,390.0,7.18688019587344,13,2,6,6,5,0.0942,0.22,0.0278,0.0071,0.3522,1
18000000.0,0.0,0.0,0.0,445.0,9.56418860134111,1,0,11,1,0,0.0942,0.22,0.0278,0.0071,0.3522,1
185000000.0,0.0,0.0,0.0,1800.0,10.529245823771,1,2,33,2,8,0.0942,0.22,0.0278,0.0071,0.3522,1
130000000.0,0.0,0.0,1915.0,700.0,9.25278816732665,32,4,8,3,1,0.0942,0.22,0.0278,0.0071,0.3522,1
125000000.0,0.0,0.0,1000.0,0.0,8.60238151182586,6,1,14,5,2,0.0942,0.22,0.0278,0.0071,0.3522,1
130000000.0,0.0,0.0,1915.5,700.0,9.91321645293529,2,0,15,3,5,0.0942,0.22,0.0278,0.0071,0.3522,1
15000000.0,0.0,0.0,120.0,176.0,10.7947820570279,0,1,26,1,2,0.0942,0.22,0.0278,0.0071,0.3522,1
120000000.0,0.0,0.0,1510.0,1061.0,8.83535435401129,4,1,18,6,4,0.0942,0.22,0.0278,0.0071,0.3522,1
165000000.0,0.0,0.0,3415.0,4125.0,11.4421291736765,0,0,8,0,2,0.0942,0.22,0.0278,0.0071,0.3522,1
10000000.0,0.0,0.0,200.0,75.0,7.97305438593835,5,0,10,2,0,0.0942,0.22,0.0278,0.0071,0.3522,1
35000000.0,0.0,0.0,396.0,296.0,7.38009386733326,9,1,9,0,4,0.0942,0.22,0.0278,0.0071,0.3522,1
130000000.0,0.0,0.0,1915.0,700.0,8.60238151182586,6,1,14,5,2,0.0942,0.22,0.0278,0.0071,0.3522,1
120000000.0,0.0,0.0,1510.0,1061.0,8.83535435401129,4,1,18,6,4,0.0942,0.22,0.0278,0.0071,0.3522,1
130000000.0,0.0,0.0,1915.5,700.0,9.91321645293529,2,0,15,3,5,0.0942,0.22,0.0278,0.0071,0.3522,1
130000000.0,0.0,0.0,1915.5,700.0,9.91321645293529,2,0,15,3,5,0.0942,0.22,0.0278,0.0071,0.3522,1
150000000.0,0.0,0.0,2000.0,1200.0,9.17435008637456,7,0,13,5,4,0.0942,0.22,0.0278,0.0071,0.3522,1
130000000.0,0.0,0.0,1915.5,700.0,9.91321645293529,2,0,15,3,5,0.0942,0.22,0.0278,0.0071,0.3522,1
20500000.0,0.0,0.0,500.0,250.0,9.09658498203312,2,1,26,2,3,0.0942,0.22,0.0278,0.0071,0.3522,1
130000000.0,0.0,0.0,1915.5,700.0,9.91321645293529,2,0,15,3,5,0.0942,0.22,0.0278,0.0071,0.3522,1
185000000.0,0.0,0.0,1800.0,2000.0,10.529245823771,1,2,33,2,8,0.0942,0.22,0.0278,0.0071,0.3522,1
14000000.0,0.0,0.0,312.0,156.0,9.17435008637456,7,0,13,5,4,0.0942,0.22,0.0278,0.0071,0.3522,1
130000000.0,0.0,0.0,1915.0,700.0,9.91321645293529,2,0,15,3,5,0.0942,0.22,0.0278,0.0071,0.3522,1
150000000.0,0.0,0.0,3415.0,4165.0,11.4421291736765,0,0,8,0,2,0.0942,0.22,0.0278,0.0071,0.3522,1
39800000.0,0.0,0.0,200.0,300.0,9.09658498203312,2,1,26,2,3,0.0942,0.22,0.0278,0.0071,0.3522,1
31230000.0,0.0,0.0,347.0,0.0,5.27924508091193,20,1,8,0,1,0.7071,0.2952,0.3623,0.0081,0.3482,1
700000000.0,0.0,0.0,8746.0,12832.0,4.77664210505966,7,1,7,0,6,0.7071,0.2952,0.3623,0.0081,0.3482,1
320000000.0,0.0,0.0,2620.0,655.0,0.469641701905179,36,1,13,2,6,0.7071,0.2952,0.3623,0.0081,0.3482,1
180000000.0,0.0,0.0,2000.0,766.0,5.27924508091193,20,1,8,0,1,0.7071,0.2952,0.3623,0.0081,0.3482,1
65000000.0,0.0,0.0,710.0,142.0,0.469641701905179,36,1,13,2,6,0.7071,0.2952,0.3623,0.0081,0.3482,0
135000000.0,0.0,0.0,1005.0,1005.0,5.27924508091193,20,1,8,0,1,0.7071,0.2952,0.3623,0.0081,0.3482,1
55000000.0,0.0,0.0,600.0,401.0,3.7581294105024,0,0,17,0,4,0.7071,0.2952,0.3623,0.0081,0.3482,1
34000000.0,0.0,0.0,0.0,347.0,5.27924508091193,20,1,8,0,1,0.7071,0.2952,0.3623,0.0081,0.3482,1
78000000.0,0.0,0.0,650.0,299.0,3.7581294105024,0,0,17,0,4,0.7071,0.2952,0.3623,0.0081,0.3482,1
95505617.0,0.0,0.0,1006.0,350.0,5.27924508091193,20,1,8,0,1,0.7071,0.2952,0.3623,0.0081,0.3482,1
78000000.0,0.0,0.0,650.0,229.0,3.7581294105024,0,0,17,0,4,0.7071,0.2952,0.3623,0.0081,0.3482,1
48000000.0,0.0,0.0,717.87,300.0,2.28955007045973,0,0,7,0,2,0.7071,0.2952,0.3623,0.0081,0.3482,1
180000000.0,0.0,0.0,2000.0,766.0,5.27924508091193,20,1,8,0,1,0.7071,0.2952,0.3623,0.0081,0.3482,1
60000000.0,0.0,0.0,1000.0,240.0,1.69505859390372,0,0,7,0,2,0.7071,0.2952,0.3623,0.0081,0.3482,1
2000000000.0,0.0,0.0,25842.19,4000.0,4.32395671285689,5,0,11,1,3,0.0141,0.2089,0.0335,0.0034,0.0981,1
900000000.0,0.0,0.0,11000.0,2800.0,4.89585595178816,12,1,7,2,2,0.0141,0.2089,0.0335,0.0034,0.0981,1
60000000.0,0.0,0.0,1000.0,240.0,1.69505859390372,0,0,7,0,2,0.7071,0.2952,0.3623,0.0081,0.3482,1
60000000.0,0.0,0.0,1000.0,240.0,1.69505859390372,0,0,7,0,2,0.7071,0.2952,0.3623,0.0081,0.3482,1
60000000.0,0.0,0.0,1000.0,240.0,1.69505859390372,0,0,7,0,2,0.7071,0.2952,0.3623,0.0081,0.3482,1
33000000.0,0.0,0.0,180.0,180.0,0.469641701905179,36,1,13,2,6,0.7071,0.2952,0.3623,0.0081,0.3482,0
450000000.0,0.0,0.0,4767.73,0.0,0.41290180608057,9,1,10,2,2,0.7071,0.2952,0.3623,0.0081,0.3482,1
11000000.0,0.0,0.0,81.65999999999998,0.0,5.93604242475582,1,0,2,0,1,0.7071,0.2952,0.3623,0.0081,0.3482,1
23000000.000000004,0.0,0.0,400.0,274.0,5.27924508091193,20,1,8,0,1,0.7071,0.2952,0.3623,0.0081,0.3482,1
300000000.0,0.0,0.0,1574.0,939.0,3.05178723456546,3,0,10,1,4,0.0141,0.2089,0.0335,0.0034,0.0981,1
5500000000.0,0.0,0.0,2500.0,2500.0,0.401431620103655,21,0,3,0,6,0.7071,0.2952,0.3623,0.0081,0.3482,1
115000000.0,0.0,0.0,2000.0,1500.0,0.401431620103655,21,0,3,0,6,0.7071,0.2952,0.3623,0.0081,0.3482,1
300000000.0,0.0,0.0,2600.0,3000.0,0.41290180608057,9,1,10,2,2,0.7071,0.2952,0.3623,0.0081,0.3482,1
580000000.0,0.0,0.0,8208.0,722.27,0.401431620103655,21,0,3,0,6,0.7071,0.2952,0.3623,0.0081,0.3482,1
527250000.0,0.0,0.0,2173.0,2109.0,0.873060163257433,6,1,5,0,4,0.7071,0.2952,0.3623,0.0081,0.3482,1
330000000.0,0.0,0.0,0.0,1170.0,2.28955007045973,0,0,7,0,2,0.7071,0.2952,0.3623,0.0081,0.3482,1
6543000.0,0.0,0.0,21.0,0.0,0.873060163257433,6,1,5,0,4,0.7071,0.2952,0.3623,0.0081,0.3482,1
260000000.0,0.0,0.0,1471.05,1042.0,0.469641701905179,36,1,13,2,6,0.7071,0.2952,0.3623,0.0081,0.3482,1
120000000.0,0.0,0.0,2000.0,766.0,5.27924508091193,20,1,8,0,1,0.7071,0.2952,0.3623,0.0081,0.3482,1
180000000.0,0.0,0.0,2000.0,766.0,5.27924508091193,20,1,8,0,1,0.7071,0.2952,0.3623,0.0081,0.3482,1
350000000.0,0.0,0.0,3920.0,2421.0,0.873060163257433,6,1,5,0,4,0.7071,0.2952,0.3623,0.0081,0.3482,1
45000000.0,0.0,0.0,840.0,385.0,5.93604242475582,1,0,2,0,1,0.7071,0.2952,0.3623,0.0081,0.3482,1
123000000.0,0.0,0.0,900.0,779.0,1.69505859390372,0,0,7,0,2,0.7071,0.2952,0.3623,0.0081,0.3482,1
350000000.0,0.0,0.0,1600.0,400.0,0.469641701905179,36,1,13,2,6,0.7071,0.2952,0.3623,0.0081,0.3482,0
276675000.0,0.0,0.0,0.0,1785.0,3.37651810060664,0,0,4,1,0,0.7071,0.2952,0.3623,0.0081,0.3482,1
98000000.0,0.0,0.0,1006.0,350.0,5.27924508091193,20,1,8,0,1,0.7071,0.2952,0.3623,0.0081,0.3482,1
35000000.0,0.0,0.0,50.0,0.0,3.05178723456546,3,0,10,1,4,0.0141,0.2089,0.0335,0.0034,0.0981,1
260000000.0,0.0,0.0,1500.0,2000.0,2.28955007045973,0,0,7,0,2,0.7071,0.2952,0.3623,0.0081,0.3482,1
260000000.0,0.0,0.0,3000.0,2340.0,5.93604242475582,1,0,2,0,1,0.7071,0.2952,0.3623,0.0081,0.3482,1
215000000.0,0.0,0.0,1800.0,0.0,0.401431620103655,21,0,3,0,6,0.7071,0.2952,0.3623,0.0081,0.3482,1
115000000.0,0.0,0.0,0.0,700.0,5.27924508091193,20,1,8,0,1,0.7071,0.2952,0.3623,0.0081,0.3482,1
550000000.0,0.0,0.0,8417.0,6357.0,2.28955007045973,0,0,7,0,2,0.7071,0.2952,0.3623,0.0081,0.3482,1
140000000.0,0.0,0.0,600.0,500.0,2.28955007045973,0,0,7,0,2,0.7071,0.2952,0.3623,0.0081,0.3482,1
85000000.0,0.0,0.0,1200.0,350.0,5.27924508091193,20,1,8,0,1,0.7071,0.2952,0.3623,0.0081,0.3482,1
68000000.0,0.0,0.0,949.8,298.0,2.28955007045973,0,0,7,0,2,0.7071,0.2952,0.3623,0.0081,0.3482,1
550000000.0,0.0,0.0,12832.8,0.0,4.77664210505966,7,1,7,0,6,0.7071,0.2952,0.3623,0.0081,0.3482,1
3999900000.0,0.0,0.0,17000.0,2450.0,0.469641701905179,36,1,13,2,6,0.7071,0.2952,0.3623,0.0081,0.3482,1
27500000.0,0.0,0.0,700.0,300.0,2.28955007045973,0,0,7,0,2,0.7071,0.2952,0.3623,0.0081,0.3482,1
28000000.0,0.0,0.0,560.0,300.0,4.83912664609192,6,0,10,1,1,0.0141,0.2089,0.0335,0.0034,0.0981,1
2300000000.0,0.0,0.0,0.0,23642.0,2.28955007045973,0,0,7,0,2,0.7071,0.2952,0.3623,0.0081,0.3482,1
276675000.0,0.0,0.0,0.0,1785.0,2.28955007045973,0,0,7,0,2,0.7071,0.2952,0.3623,0.0081,0.3482,1
35000000.0,0.0,0.0,0.0,649.0,3.05178723456546,3,0,10,1,4,0.0141,0.2089,0.0335,0.0034,0.0981,1
10499999.999999998,0.0,0.0,59.0,0.0,5.93604242475582,1,0,2,0,1,0.7071,0.2952,0.3623,0.0081,0.3482,1
720000000.0,0.0,0.0,0.0,4000.0,3.05178723456546,3,0,10,1,4,0.0141,0.2089,0.0335,0.0034,0.0981,1
276675000.0,0.0,0.0,0.0,1785.0,3.05178723456546,3,0,10,1,4,0.0141,0.2089,0.0335,0.0034,0.0981,1
167999999.99999997,0.0,0.0,2000.0,1553.0,0.64827498298941,9,1,5,4,3,0.0141,0.2089,0.0335,0.0034,0.0981,1
67000000.0,0.0,0.0,510.0,510.0,5.27924508091193,20,1,8,0,1,0.7071,0.2952,0.3623,0.0081,0.3482,1
130000000.0,0.0,0.0,280.0,350.0,5.27924508091193,20,1,8,0,1,0.7071,0.2952,0.3623,0.0081,0.3482,1
180000000.0,0.0,0.0,2167.2,766.0,5.27924508091193,20,1,8,0,1,0.7071,0.2952,0.3623,0.0081,0.3482,1
120000000.0,0.0,0.0,2700.0,980.0,5.93604242475582,1,0,2,0,1,0.7071,0.2952,0.3623,0.0081,0.3482,1
335999999.99999994,0.0,0.0,2900.0,3000.0,2.28955007045973,0,0,7,0,2,0.7071,0.2952,0.3623,0.0081,0.3482,1
300000000.0,0.0,0.0,3500.0,1800.0,2.28955007045973,0,0,7,0,2,0.7071,0.2952,0.3623,0.0081,0.3482,1
210000000.0,0.0,0.0,1000.0,1000.0,5.27924508091193,20,1,8,0,1,0.7071,0.2952,0.3623,0.0081,0.3482,1
6500000.0,0.0,0.0,58.0,0.0,5.64626030020507,5,1,6,0,6,0.7071,0.2952,0.3623,0.0081,0.3482,1
29000000.0,0.0,0.0,807.5,439.0,4.59094191124252,1,0,8,0,9,0.7071,0.2952,0.3623,0.0081,0.3482,1
390000000.0,0.0,0.0,4085.0,2421.0,2.28955007045973,0,0,7,0,2,0.7071,0.2952,0.3623,0.0081,0.3482,1
140000000.0,0.0,0.0,1156.0,0.0,0.873060163257433,6,1,5,0,4,0.7071,0.2952,0.3623,0.0081,0.3482,1
150000000.0,0.0,0.0,1009.0,1187.0,2.28955007045973,0,0,7,0,2,0.7071,0.2952,0.3623,0.0081,0.3482,1
167999999.99999997,0.0,0.0,1800.0,1553.0,3.05178723456546,3,0,10,1,4,0.0141,0.2089,0.0335,0.0034,0.0981,1
90000000.0,0.0,0.0,696.0,700.0,5.27924508091193,20,1,8,0,1,0.7071,0.2952,0.3623,0.0081,0.3482,1
70000000.0,0.0,0.0,700.0,700.0,1.63035130890408,12,0,2,0,16,0.7071,0.2952,0.3623,0.0081,0.3482,1
296630000.0,0.0,0.0,0.0,4209.0,2.28955007045973,0,0,7,0,2,0.0141,0.2089,0.0335,0.0034,0.0981,1
140000000.0,0.0,0.0,0.0,1156.0,0.873060163257433,6,1,5,0,4,0.7071,0.2952,0.3623,0.0081,0.3482,1
300000000.0,0.0,0.0,7708.02,754.0,0.469641701905179,36,1,13,2,6,0.7071,0.2952,0.3623,0.0081,0.3482,1
300000000.0,0.0,0.0,7708.02,754.0,0.469641701905179,36,1,13,2,6,0.7071,0.2952,0.3623,0.0081,0.3482,1
67000000.0,0.0,0.0,1200.0,588.0,5.27924508091193,20,1,8,0,1,0.7071,0.2952,0.3623,0.0081,0.3482,1
180000000.0,0.0,0.0,2167.2,766.0,5.27924508091193,20,1,8,0,1,0.7071,0.2952,0.3623,0.0081,0.3482,1
83475000.0,0.0,0.0,700.0,1113.0,4.77664210505966,7,1,7,0,6,0.7071,0.2952,0.3623,0.0081,0.3482,1
392000000.0,0.0,0.0,0.0,2421.0,0.873060163257433,6,1,5,0,4,0.7071,0.2952,0.3623,0.0081,0.3482,1
70000000.0,0.0,0.0,1253.0,301.0,5.27924508091193,20,1,8,0,1,0.7071,0.2952,0.3623,0.0081,0.3482,1
650000000.0,0.0,0.0,2660.0,1152.0,2.28955007045973,0,0,7,0,2,0.7071,0.2952,0.3623,0.0081,0.3482,1
120000000.0,0.0,0.0,900.0,436.0,1.69505859390372,0,0,7,0,2,0.7071,0.2952,0.3623,0.0081,0.3482,1
335999999.99999994,0.0,0.0,3000.0,0.0,2.28955007045973,0,0,7,0,2,0.7071,0.2952,0.3623,0.0081,0.3482,1
6519000.0,0.0,0.0,32.8,0.0,0.873060163257433,6,1,5,0,4,0.7071,0.2952,0.3623,0.0081,0.3482,1
180000000.0,0.0,0.0,2167.0,766.0,5.88891517541451,18,1,9,1,1,0.7071,0.2952,0.3623,0.0081,0.3482,1
180000000.0,0.0,0.0,1280.0,1070.3,0.224542587076022,49,2,24,5,7,2.0,0.2022,2.0,0.1095,1.283,2
18546500.0,0.0,0.0,72.59999999999998,0.0,0.462152655339328,38,1,16,4,18,2.0,0.2022,2.0,0.1095,1.283,2
275000.0,0.0,0.0,1200.0,2381.0,0.381684999506659,28,2,10,4,20,2.0,0.2022,2.0,0.1095,1.283,2
230000000.0,0.0,0.0,2500.0,1000.0,0.126459381726008,54,1,23,4,2,2.0,0.2022,2.0,0.1095,1.283,2
149900000.0,0.0,0.0,1527.0,417.0,0.578802121237024,25,1,18,2,4,2.0,0.2022,2.0,0.1095,1.283,2
150000000.0,0.0,0.0,2400.0,500.0,0.381684999506659,28,2,10,4,20,2.0,0.2022,2.0,0.1095,1.283,2
157500000.0,0.0,0.0,2000.0,1070.0,0.224542587076022,49,2,24,5,7,2.0,0.2022,2.0,0.1095,1.283,2
6200000000.0,0.0,0.0,42798.0,4596.0,1.30128257323162,37,3,5,4,9,2.0,0.2022,2.0,0.1095,1.283,2
41999999.99999999,0.0,0.0,748.0,187.0,0.3691503369788,22,1,15,2,5,2.0,0.2022,2.0,0.1095,1.283,2
25000000.0,0.0,0.0,152.0,68.0,11.1109219134793,0,0,16,0,0,2.0,0.2022,2.0,0.1095,1.283,2
25277500.0,0.0,0.0,101.11,0.0,0.487524306297299,48,3,17,4,7,2.0,0.2022,2.0,0.1095,1.283,2
51472500.0,0.0,0.0,205.89,0.0,0.487524306297299,48,3,17,4,7,2.0,0.2022,2.0,0.1095,1.283,2
25000000.0,0.0,0.0,152.0,68.0,0.384480276576782,51,1,26,5,3,2.0,0.2022,2.0,0.1095,1.283,2
110860000.0,0.0,0.0,443.44,0.0,0.487524306297299,48,3,17,4,7,2.0,0.2022,2.0,0.1095,1.283,2
40000000.0,0.0,0.0,748.0,187.0,0.3691503369788,22,1,15,2,5,2.0,0.2022,2.0,0.1095,1.283,2
25795000.0,0.0,0.0,103.18,0.0,0.487524306297299,48,3,17,4,7,2.0,0.2022,2.0,0.1095,1.283,2
25277500.0,0.0,0.0,101.0,0.0,0.487524306297299,48,3,17,4,7,2.0,0.2022,2.0,0.1095,1.283,2
41999999.99999999,0.0,0.0,748.0,187.0,0.3691503369788,22,1,15,2,5,2.0,0.2022,2.0,0.1095,1.283,2
2924999.9999999995,0.0,0.0,57.556,0.0,0.487524306297299,48,3,17,4,7,2.0,0.2022,2.0,0.1095,1.283,2
154220000.0,0.0,0.0,616.88,0.0,0.487524306297299,48,3,17,4,7,2.0,0.2022,2.0,0.1095,1.283,2
60000000.0,0.0,0.0,800.0,356.0,0.755473573853636,44,2,11,4,6,2.0,0.2022,2.0,0.1095,1.283,2
8000000000.0,0.0,0.0,35000.0,9739.0,1.22105812960494,22,2,1,0,22,2.0,0.2022,2.0,0.1095,1.283,2
330000000.0,0.0,0.0,0.0,1000.0,11.1109219134793,0,0,16,0,0,2.0,0.2022,2.0,0.1095,1.283,2
704165000.0,0.0,0.0,0.0,1829.0,11.1109219134793,0,0,16,0,0,2.0,0.2022,2.0,0.1095,1.283,2
300000000.0,0.0,0.0,5950.0,850.0,0.3691503369788,22,1,15,2,5,2.0,0.2022,2.0,0.1095,1.283,2
3110000.0,0.0,0.0,62.2,0.0,0.0721480211035487,48,1,19,5,7,2.0,0.2022,2.0,0.1095,1.283,2
41999999.99999999,0.0,0.0,748.0,187.0,0.167333345225531,33,1,21,3,5,2.0,0.2022,2.0,0.1095,1.283,2
3256999.9999999995,0.0,0.0,65.14,0.0,0.0721480211035487,48,1,19,5,7,2.0,0.2022,2.0,0.1095,1.283,2
3506000.0,0.0,0.0,70.11,0.0,0.0721480211035487,48,1,19,5,7,2.0,0.2022,2.0,0.1095,1.283,2
3238000.0,0.0,0.0,64.75,0.0,0.0721480211035487,48,1,19,5,7,2.0,0.2022,2.0,0.1095,1.283,2
3214000.0,0.0,0.0,64.28,0.0,0.0721480211035487,48,1,19,5,7,2.0,0.2022,2.0,0.1095,1.283,2
260000000.0,0.0,0.0,2000.0,510.0,11.1109219134793,0,0,16,0,0,2.0,0.2022,2.0,0.1095,1.283,2
3180000.0,0.0,0.0,63.59,0.0,0.0721480211035487,48,1,19,5,7,2.0,0.2022,2.0,0.1095,1.283,2
3467000.0000000005,0.0,0.0,69.33,0.0,0.0721480211035487,48,1,19,5,7,2.0,0.2022,2.0,0.1095,1.283,2
3162000.0,0.0,0.0,63.24,0.0,0.0721480211035487,48,1,19,5,7,2.0,0.2022,2.0,0.1095,1.283,2
3179000.0000000005,0.0,0.0,63.56,0.0,0.0721480211035487,48,1,19,5,7,2.0,0.2022,2.0,0.1095,1.283,2
4015000.0,0.0,0.0,80.29999999999998,0.0,0.0721480211035487,48,1,19,5,7,2.0,0.2022,2.0,0.1095,1.283,2
3051000.0000000005,0.0,0.0,61.02,0.0,0.0721480211035487,48,1,19,5,7,2.0,0.2022,2.0,0.1095,1.283,2
3290000.0,0.0,0.0,65.8,0.0,0.0721480211035487,48,1,19,5,7,2.0,0.2022,2.0,0.1095,1.283,2
3076000.0,0.0,0.0,61.5,0.0,0.0721480211035487,48,1,19,5,7,2.0,0.2022,2.0,0.1095,1.283,2
150000000.0,0.0,0.0,0.0,500.0,0.755473573853636,44,2,11,4,6,2.0,0.2022,2.0,0.1095,1.283,2
69000000.0,0.0,0.0,1220.0,317.0,0.97042398471949,43,3,7,1,3,2.0,0.2022,2.0,0.1095,1.283,2
154220000.0,0.0,0.0,616.88,0.0,0.487524306297299,48,3,17,4,7,2.0,0.2022,2.0,0.1095,1.283,2
3380000.0,0.0,0.0,67.59,0.0,0.0721480211035487,48,1,19,5,7,2.0,0.2022,2.0,0.1095,1.283,2
3186000.0,0.0,0.0,63.7,0.0,0.0721480211035487,48,1,19,5,7,2.0,0.2022,2.0,0.1095,1.283,2
13000000.0,0.0,0.0,450.0,150.0,1.22105812960494,22,2,1,0,22,2.0,0.2022,2.0,0.1095,1.283,2
2000000000.0,0.0,0.0,3545.0,750.0,1.30128257323162,37,3,5,4,9,2.0,0.2022,2.0,0.1095,1.283,2
35000000.0,0.0,0.0,720.0,360.0,0.167333345225531,33,1,21,3,5,2.0,0.2022,2.0,0.1095,1.283,2
900000000.0,0.0,0.0,3895.0,1000.0,0.167333345225531,33,1,21,3,5,2.0,0.2022,2.0,0.1095,1.283,2
54280000.0,0.0,0.0,184.0,0.0,1.30128257323162,37,3,5,4,9,2.0,0.2022,2.0,0.1095,1.283,2
77880000.0,0.0,0.0,264.0,0.0,1.30128257323162,37,3,5,4,9,2.0,0.2022,2.0,0.1095,1.283,2
669600000.0,0.0,0.0,0.0,6696.0,1.03600830585991,14,1,12,2,2,2.0,0.2022,2.0,0.1095,1.283,2
205000000.0,0.0,0.0,0.0,827.0,0.755473573853636,44,2,11,4,6,2.0,0.2022,2.0,0.1095,1.283,2
667200000.0,0.0,0.0,2400.0,0.0,1.30128257323162,37,3,5,4,9,2.0,0.2022,2.0,0.1095,1.283,2
3500000000.0,0.0,0.0,16916.0,2379.0,1.30128257323162,37,3,5,4,9,2.0,0.2022,2.0,0.1095,1.283,2
60000000.0,0.0,0.0,800.0,356.0,0.39934901056532,57,1,24,5,2,2.0,0.2022,2.0,0.1095,1.283,2
261000000.0,0.0,0.0,1842.32,0.0,7.34177037866543,22,11,10,0,62,0.4337,0.1972,0.3283,0.2529,0.4976,0
479100000.0,0.0,0.0,0.0,4791.0,10.318844463984,0,1,8,2,2,0.4337,0.1972,0.3283,0.2529,0.4976,1
16000000.0,0.0,0.0,128.62,0.0,7.34177037866543,22,11,10,0,62,0.4337,0.1972,0.3283,0.2529,0.4976,0
220642500.0,0.0,0.0,882.57,0.0,7.34177037866543,22,11,10,0,62,0.4337,0.1972,0.3283,0.2529,0.4976,0
52500000.0,0.0,0.0,233.76,0.0,9.49002298299294,17,1,8,2,3,0.4337,0.1972,0.3283,0.2529,0.4976,1
260000000.0,0.0,0.0,1512.0,16000.0,8.65135328882825,13,3,8,6,4,0.4337,0.1972,0.3283,0.2529,0.4976,1
1000000000.0,0.0,0.0,4200.0,8760.0,8.93351541410385,15,0,14,4,3,0.4337,0.1972,0.3283,0.2529,0.4976,1
20000000.0,0.0,0.0,150.0,0.0,7.34177037866543,22,11,10,0,62,0.4337,0.1972,0.3283,0.2529,0.4976,0
28798000.0,0.0,0.0,90.0,0.0,7.52953145920842,16,9,6,3,44,0.4337,0.1972,0.3283,0.2529,0.4976,0
25567000.0,0.0,0.0,82.0,0.0,7.52953145920842,16,9,6,3,44,0.4337,0.1972,0.3283,0.2529,0.4976,0
37787000.0,0.0,0.0,115.0,0.0,7.52953145920842,16,9,6,3,44,0.4337,0.1972,0.3283,0.2529,0.4976,0
35356000.0,0.0,0.0,111.0,0.0,7.52953145920842,16,9,6,3,44,0.4337,0.1972,0.3283,0.2529,0.4976,0
34910000.0,0.0,0.0,111.0,0.0,7.52953145920842,16,9,6,3,44,0.4337,0.1972,0.3283,0.2529,0.4976,0
33803000.0,0.0,0.0,108.0,0.0,7.52953145920842,16,9,6,3,44,0.4337,0.1972,0.3283,0.2529,0.4976,0
37247000.0,0.0,0.0,114.0,0.0,7.52953145920842,16,9,6,3,44,0.4337,0.1972,0.3283,0.2529,0.4976,0
29016000.000000004,0.0,0.0,93.0,0.0,7.52953145920842,16,9,6,3,44,0.4337,0.1972,0.3283,0.2529,0.4976,0
29201000.0,0.0,0.0,93.0,0.0,7.52953145920842,16,9,6,3,44,0.4337,0.1972,0.3283,0.2529,0.4976,0
28754000.0,0.0,0.0,90.0,0.0,7.52953145920842,16,9,6,3,44,0.4337,0.1972,0.3283,0.2529,0.4976,0
33642000.0,0.0,0.0,108.0,0.0,7.52953145920842,16,9,6,3,44,0.4337,0.1972,0.3283,0.2529,0.4976,0
35511000.0,0.0,0.0,111.0,0.0,7.52953145920842,16,9,6,3,44,0.4337,0.1972,0.3283,0.2529,0.4976,0
33377000.0,0.0,0.0,108.0,0.0,7.52953145920842,16,9,6,3,44,0.4337,0.1972,0.3283,0.2529,0.4976,0
37656000.0,0.0,0.0,113.0,0.0,7.52953145920842,16,9,6,3,44,0.4337,0.1972,0.3283,0.2529,0.4976,0
29521000.0,0.0,0.0,93.0,0.0,7.52953145920842,16,9,6,3,44,0.4337,0.1972,0.3283,0.2529,0.4976,0
29753000.0,0.0,0.0,93.0,0.0,7.52953145920842,16,9,6,3,44,0.4337,0.1972,0.3283,0.2529,0.4976,0
29895000.0,0.0,0.0,93.0,0.0,7.52953145920842,16,9,6,3,44,0.4337,0.1972,0.3283,0.2529,0.4976,0
29567000.0,0.0,0.0,93.0,0.0,7.52953145920842,16,9,6,3,44,0.4337,0.1972,0.3283,0.2529,0.4976,0
29712000.0,0.0,0.0,93.0,0.0,7.52953145920842,16,9,6,3,44,0.4337,0.1972,0.3283,0.2529,0.4976,0
36698000.0,0.0,0.0,115.0,0.0,7.52953145920842,16,9,6,3,44,0.4337,0.1972,0.3283,0.2529,0.4976,0
30727000.0,0.0,0.0,95.0,0.0,7.52953145920842,16,9,6,3,44,0.4337,0.1972,0.3283,0.2529,0.4976,0
29247000.0,0.0,0.0,93.0,0.0,7.52953145920842,16,9,6,3,44,0.4337,0.1972,0.3283,0.2529,0.4976,0
29614000.0,0.0,0.0,93.0,0.0,7.52953145920842,16,9,6,3,44,0.4337,0.1972,0.3283,0.2529,0.4976,0
30272000.0,0.0,0.0,93.0,0.0,7.52953145920842,16,9,6,3,44,0.4337,0.1972,0.3283,0.2529,0.4976,0
49840000.00000001,0.0,0.0,0.0,1246.0,9.92866376934322,18,1,7,2,4,0.4337,0.1972,0.3283,0.2529,0.4976,1
30775000.0,0.0,0.0,95.0,0.0,7.52953145920842,16,9,6,3,44,0.4337,0.1972,0.3283,0.2529,0.4976,0
29066000.0,0.0,0.0,93.0,0.0,7.52953145920842,16,9,6,3,44,0.4337,0.1972,0.3283,0.2529,0.4976,0
25609000.0,0.0,0.0,82.0,0.0,7.52953145920842,16,9,6,3,44,0.4337,0.1972,0.3283,0.2529,0.4976,0
26485000.0,0.0,0.0,84.0,0.0,7.52953145920842,16,9,6,3,44,0.4337,0.1972,0.3283,0.2529,0.4976,0
33752000.0,0.0,0.0,108.0,0.0,7.52953145920842,16,9,6,3,44,0.4337,0.1972,0.3283,0.2529,0.4976,0
35299000.0,0.0,0.0,111.0,0.0,7.52953145920842,16,9,6,3,44,0.4337,0.1972,0.3283,0.2529,0.4976,0
29253000.0,0.0,0.0,93.0,0.0,7.52953145920842,16,9,6,3,44,0.4337,0.1972,0.3283,0.2529,0.4976,0
37325000.0,0.0,0.0,115.0,0.0,7.52953145920842,16,9,6,3,44,0.4337,0.1972,0.3283,0.2529,0.4976,0
29155000.0,0.0,0.0,93.0,0.0,7.52953145920842,16,9,6,3,44,0.4337,0.1972,0.3283,0.2529,0.4976,0
23883000.0,0.0,0.0,75.0,0.0,7.52953145920842,16,9,6,3,44,0.4337,0.1972,0.3283,0.2529,0.4976,0
30081000.0,0.0,0.0,93.0,0.0,7.52953145920842,16,9,6,3,44,0.4337,0.1972,0.3283,0.2529,0.4976,0
35930000.0,0.0,0.0,109.0,0.0,7.52953145920842,16,9,6,3,44,0.4337,0.1972,0.3283,0.2529,0.4976,0
23476000.0,0.0,0.0,75.0,0.0,7.52953145920842,16,9,6,3,44,0.4337,0.1972,0.3283,0.2529,0.4976,0
29895000.0,0.0,0.0,93.0,0.0,7.52953145920842,16,9,6,3,44,0.4337,0.1972,0.3283,0.2529,0.4976,0
25731000.0,0.0,0.0,82.0,0.0,7.52953145920842,16,9,6,3,44,0.4337,0.1972,0.3283,0.2529,0.4976,0
29207000.0,0.0,0.0,93.0,0.0,7.52953145920842,16,9,6,3,44,0.4337,0.1972,0.3283,0.2529,0.4976,0
36797000.0,0.0,0.0,114.0,0.0,7.52953145920842,16,9,6,3,44,0.4337,0.1972,0.3283,0.2529,0.4976,0
36981000.0,0.0,0.0,115.0,0.0,7.52953145920842,16,9,6,3,44,0.4337,0.1972,0.3283,0.2529,0.4976,0
26821000.0,0.0,0.0,84.0,0.0,7.52953145920842,16,9,6,3,44,0.4337,0.1972,0.3283,0.2529,0.4976,0
25406000.0,0.0,0.0,82.0,0.0,7.52953145920842,16,9,6,3,44,0.4337,0.1972,0.3283,0.2529,0.4976,0
30128000.0,0.0,0.0,93.0,0.0,7.52953145920842,16,9,6,3,44,0.4337,0.1972,0.3283,0.2529,0.4976,0
33911000.0,0.0,0.0,108.0,0.0,7.52953145920842,16,9,6,3,44,0.4337,0.1972,0.3283,0.2529,0.4976,0
36686000.0,0.0,0.0,114.0,0.0,7.52953145920842,16,9,6,3,44,0.4337,0.1972,0.3283,0.2529,0.4976,0
15500000.0,0.0,0.0,110.0,0.0,7.34177037866543,22,11,10,0,62,0.4337,0.1972,0.3283,0.2529,0.4976,0
23999999.0,0.0,0.0,115.0,0.0,7.52972840624064,16,9,6,3,44,0.4337,0.1972,0.3283,0.2529,0.4976,0
7900000.0,0.0,0.0,118.0,118.0,7.34177037866543,22,11,10,0,62,0.4337,0.1972,0.3283,0.2529,0.4976,0
12099999.999999998,0.0,0.0,110.0,0.0,8.65135328882825,13,3,8,6,4,0.4337,0.1972,0.3283,0.2529,0.4976,0
75000000.0,0.0,0.0,1040.0,313.0,10.318844463984,0,1,8,2,2,0.4337,0.1972,0.3283,0.2529,0.4976,1
34312748.16,0.0,0.0,141.88,0.0,7.34177037866543,22,11,10,0,62,0.4337,0.1972,0.3283,0.2529,0.4976,0
98044800.0,0.0,0.0,408.52,0.0,7.34177037866543,22,11,10,0,62,0.4337,0.1972,0.3283,0.2529,0.4976,0
102130000.0,0.0,0.0,408.0,0.0,7.34177037866543,22,11,10,0,62,0.4337,0.1972,0.3283,0.2529,0.4976,0
27000000.000000004,0.0,0.0,100.88,0.0,7.34177037866543,22,11,10,0,62,0.4337,0.1972,0.3283,0.2529,0.4976,0
12499999.999999998,0.0,0.0,61.0,0.0,7.49031821221385,22,11,11,0,65,0.4337,0.1972,0.3283,0.2529,0.4976,0
102130000.0,0.0,0.0,408.52,0.0,7.34177037866543,22,11,10,0,62,0.4337,0.1972,0.3283,0.2529,0.4976,0
80000000.0,0.0,0.0,1040.0,313.0,10.5280119560389,0,0,7,0,2,0.4337,0.1972,0.3283,0.2529,0.4976,1
31250000.0,0.0,0.0,250.0,299.0,7.86738621998867,22,0,11,3,18,0.4337,0.1972,0.3283,0.2529,0.4976,0
530250000.0,0.0,0.0,3000.0,3036.0,7.86738621998867,22,0,11,3,18,0.4337,0.1972,0.3283,0.2529,0.4976,0
11200000.0,0.0,0.0,111.0,0.0,7.49031821221385,22,11,11,0,65,0.4337,0.1972,0.3283,0.2529,0.4976,0
63505600.0,0.0,0.0,566.0,0.0,7.34177037866543,22,11,10,0,62,0.4337,0.1972,0.3283,0.2529,0.4976,0
10499999.999999998,0.0,0.0,91.2,0.0,7.49031821221385,22,11,11,0,65,0.4337,0.1972,0.3283,0.2529,0.4976,0
16000000.0,0.0,0.0,108.0,0.0,7.34177037866543,22,11,10,0,62,0.4337,0.1972,0.3283,0.2529,0.4976,0
24886400.0,0.0,0.0,88.87999999999998,0.0,7.34177037866543,22,11,10,0,62,0.4337,0.1972,0.3283,0.2529,0.4976,0
24886400.0,0.0,0.0,88.87999999999998,0.0,7.34177037866543,22,11,10,0,62,0.4337,0.1972,0.3283,0.2529,0.4976,0
39726400.0,0.0,0.0,141.88,0.0,7.34177037866543,22,11,10,0,62,0.4337,0.1972,0.3283,0.2529,0.4976,0
1000000000.0,0.0,0.0,4200.0,8760.0,9.78035267453982,9,1,13,5,5,0.4337,0.1972,0.3283,0.2529,0.4976,1
114385600.0,0.0,0.0,408.52,0.0,7.34177037866543,22,11,10,0,62,0.4337,0.1972,0.3283,0.2529,0.4976,0
24886400.0,0.0,0.0,88.87999999999998,0.0,7.34177037866543,22,11,10,0,62,0.4337,0.1972,0.3283,0.2529,0.4976,0
40000000.0,0.0,0.0,210.0,0.0,7.34177037866543,22,11,10,0,62,0.4337,0.1972,0.3283,0.2529,0.4976,0
16000000.0,0.0,0.0,165.0,0.0,7.49031821221385,22,11,11,0,65,0.4337,0.1972,0.3283,0.2529,0.4976,0
300000000.0,0.0,0.0,2400.0,672.0,9.92866376934322,18,1,7,2,4,0.4337,0.1972,0.3283,0.2529,0.4976,1
38341500.0,0.0,0.0,255.66,255.66,7.49031821221385,22,11,11,0,65,0.4337,0.1972,0.3283,0.2529,0.4976,0
10917750.0,0.0,0.0,145.57,145.57,7.34177037866543,22,11,10,0,62,0.4337,0.1972,0.3283,0.2529,0.4976,0
18023040.0,0.0,0.0,48.0,0.0,7.49031821221385,22,11,11,0,65,0.4337,0.1972,0.3283,0.2529,0.4976,0
18023040.0,0.0,0.0,48.0,0.0,7.49031821221385,22,11,11,0,65,0.4337,0.1972,0.3283,0.2529,0.4976,0
21400000.000000004,0.0,0.0,201.0,0.0,7.75613019614337,19,7,5,6,37,0.4337,0.1972,0.3283,0.2529,0.4976,0
26208000.0,0.0,0.0,75.0,0.0,7.34177037866543,22,11,10,0,62,0.4337,0.1972,0.3283,0.2529,0.4976,0
26153000.0,0.0,0.0,100.88,0.0,7.34177037866543,22,11,10,0,62,0.4337,0.1972,0.3283,0.2529,0.4976,0
522860000.00000006,0.0,0.0,1566.0,0.0,7.52972840624064,16,9,6,3,44,0.4337,0.1972,0.3283,0.2529,0.4976,0
350000000.0,0.0,0.0,1827.0,440.0,7.18744586637363,18,8,12,0,71,0.4337,0.1972,0.3283,0.2529,0.4976,0
17600000.0,0.0,0.0,108.0,0.0,7.5352466801815,22,11,11,0,62,0.4337,0.1972,0.3283,0.2529,0.4976,0
28000000.0,0.0,0.0,101.88,0.0,9.49002298299294,17,1,8,2,3,0.4337,0.1972,0.3283,0.2529,0.4976,1
28300000.0,0.0,0.0,101.88,0.0,7.34177037866543,22,11,10,0,62,0.4337,0.1972,0.3283,0.2529,0.4976,0
100087400.0,0.0,0.0,408.52,0.0,9.49002298299294,17,1,8,2,3,0.4337,0.1972,0.3283,0.2529,0.4976,1
28056000.000000004,0.0,0.0,82.0,0.0,7.34177037866543,22,11,10,0,62,0.4337,0.1972,0.3283,0.2529,0.4976,0
48000000.0,0.0,0.0,677.0,311.0,7.86738621998867,22,0,11,3,18,0.4337,0.1972,0.3283,0.2529,0.4976,0
28594000.0,0.0,0.0,101.88,0.0,7.34177037866543,22,11,10,0,62,0.4337,0.1972,0.3283,0.2529,0.4976,0
150000000.0,0.0,0.0,1125.1,1726.0,10.318844463984,0,1,8,2,2,0.4337,0.1972,0.3283,0.2529,0.4976,1
140000000.0,0.0,0.0,700.0,320.0,6.9881157109387,19,1,10,1,37,0.4337,0.1972,0.3283,0.2529,0.4976,0
17000000.0,0.0,0.0,101.88,0.0,7.34177037866543,22,11,10,0,62,0.4337,0.1972,0.3283,0.2529,0.4976,0
21232830.46,0.0,0.0,88.87999999999998,0.0,7.34177037866543,22,11,10,0,62,0.4337,0.1972,0.3283,0.2529,0.4976,0
184012737.0,0.0,0.0,1229.0,0.0,7.34177037866543,22,11,10,0,62,0.4337,0.1972,0.3283,0.2529,0.4976,0
22161000.0,0.0,0.0,88.87999999999998,0.0,7.34177037866543,22,11,10,0,62,0.4337,0.1972,0.3283,0.2529,0.4976,0
8000000.0,0.0,0.0,55.5,0.0,7.34177037866543,22,11,10,0,62,0.4337,0.1972,0.3283,0.2529,0.4976,0
17000000.0,0.0,0.0,108.0,0.0,7.49031821221385,22,11,11,0,65,0.4337,0.1972,0.3283,0.2529,0.4976,0
12000000.0,0.0,0.0,120.0,0.0,7.34177037866543,22,11,10,0,62,0.4337,0.1972,0.3283,0.2529,0.4976,0
17000000.0,0.0,0.0,120.5,0.0,7.34177037866543,22,11,10,0,62,0.4337,0.1972,0.3283,0.2529,0.4976,0
63750000.0,0.0,0.0,1000.0,750.0,9.78035267453982,9,1,13,5,5,0.4337,0.1972,0.3283,0.2529,0.4976,0
15000000.0,0.0,0.0,176.0,0.0,7.34177037866543,22,11,10,0,62,0.4337,0.1972,0.3283,0.2529,0.4976,0
184000000.0,0.0,0.0,1229.21,0.0,7.34177037866543,22,11,10,0,62,0.4337,0.1972,0.3283,0.2529,0.4976,0
300000000.0,0.0,0.0,0.0,672.0,10.5925321914152,16,0,11,5,3,0.4337,0.1972,0.3283,0.2529,0.4976,0
18810000.0,0.0,0.0,171.0,0.0,7.49031821221385,22,11,11,0,65,0.4337,0.1972,0.3283,0.2529,0.4976,0
41649300.00000001,0.0,0.0,379.0,0.0,7.49031821221385,22,11,11,0,65,0.4337,0.1972,0.3283,0.2529,0.4976,0
34312748.0,0.0,0.0,141.0,0.0,7.34177037866543,22,11,10,0,62,0.4337,0.1972,0.3283,0.2529,0.4976,0
28400000.0,0.0,0.0,101.88,0.0,7.34177037866543,22,11,10,0,62,0.4337,0.1972,0.3283,0.2529,0.4976,0
14000000.0,0.0,0.0,108.0,0.0,7.48709206515569,21,11,11,0,67,0.4337,0.1972,0.3283,0.2529,0.4976,0
184000000.0,0.0,0.0,1229.21,0.0,7.34177037866543,22,11,10,0,62,0.4337,0.1972,0.3283,0.2529,0.4976,0
300000000.0,0.0,0.0,4600.0,900.0,8.93351541410385,15,0,14,4,3,0.4337,0.1972,0.3283,0.2529,0.4976,0
10732500.0,0.0,0.0,143.1,0.0,7.39573707392539,21,10,11,0,71,0.4337,0.1972,0.3283,0.2529,0.4976,0
102130000.0,0.0,0.0,408.52,0.0,7.34177037866543,22,11,10,0,62,0.4337,0.1972,0.3283,0.2529,0.4976,0
15500000.0,0.0,0.0,75.0,0.0,7.34177037866543,22,11,10,0,62,0.4337,0.1972,0.3283,0.2529,0.4976,0
104404950.0,0.0,0.0,773.37,0.0,7.34177037866543,22,11,10,0,62,0.4337,0.1972,0.3283,0.2529,0.4976,0
110000000.0,0.0,0.0,918.15,0.0,7.49031821221385,22,11,11,0,65,0.4337,0.1972,0.3283,0.2529,0.4976,0
670000000.0,0.0,0.0,4788.0,6411.0,9.55997256254828,10,1,17,3,6,0.4337,0.1972,0.3283,0.2529,0.4976,0
57000000.0,0.0,0.0,388.81,0.0,7.49031821221385,22,11,11,0,65,0.4337,0.1972,0.3283,0.2529,0.4976,0
4200000.0,0.0,0.0,31.0,0.0,7.49031821221385,22,11,11,0,65,0.4337,0.1972,0.3283,0.2529,0.4976,0
3000000000.0,0.0,0.0,26198.0,2957.0,7.55913668078798,20,1,12,1,31,0.4337,0.1972,0.3283,0.2529,0.4976,1
21000000.0,0.0,0.0,203.0,0.0,7.34177037866543,22,11,10,0,62,0.4337,0.1972,0.3283,0.2529,0.4976,0
184000000.0,0.0,0.0,1229.21,0.0,7.34177037866543,22,11,10,0,62,0.4337,0.1972,0.3283,0.2529,0.4976,0
300000000.0,0.0,0.0,0.0,672.0,10.5925321914152,16,0,11,5,3,0.4337,0.1972,0.3283,0.2529,0.4976,0
300000000.0,0.0,0.0,3000.0,2301.0,10.6114816776385,0,0,7,0,2,0.4337,0.1972,0.3283,0.2529,0.4976,1
9500000.0,0.0,0.0,81.86,0.0,7.49031821221385,22,11,11,0,65,0.4337,0.1972,0.3283,0.2529,0.4976,0
300000000.0,0.0,0.0,2065.57,672.0,9.92866376934322,18,1,7,2,4,0.4337,0.1972,0.3283,0.2529,0.4976,1
17000000.0,0.0,0.0,108.0,0.0,8.93351541410385,15,0,14,4,3,0.4337,0.1972,0.3283,0.2529,0.4976,0
20800000.0,0.0,0.0,203.0,0.0,9.92866376934322,18,1,7,2,4,0.4337,0.1972,0.3283,0.2529,0.4976,1
8780000.0,0.0,0.0,91.33,0.0,7.84238654556699,18,6,6,6,28,0.4337,0.1972,0.3283,0.2529,0.4976,0
18522504.0,0.0,0.0,100.23,0.0,7.34177037866543,22,11,10,0,62,0.4337,0.1972,0.3283,0.2529,0.4976,0
67320000.0,0.0,0.0,305.0,306.0,6.9881157109387,19,1,10,1,37,0.4337,0.1972,0.3283,0.2529,0.4976,0
12499999.999999998,0.0,0.0,78.0,0.0,8.65135328882825,13,3,8,6,4,0.4337,0.1972,0.3283,0.2529,0.4976,0
670000000.0,0.0,0.0,4788.0,6411.0,9.55997256254828,10,1,17,3,6,0.4337,0.1972,0.3283,0.2529,0.4976,0
18000000.0,0.0,0.0,127.0,0.0,7.34177037866543,22,11,10,0,62,0.4337,0.1972,0.3283,0.2529,0.4976,0
23000000.000000004,0.0,0.0,168.0,168.0,9.55997256254828,10,1,17,3,6,0.4337,0.1972,0.3283,0.2529,0.4976,0
19113864.0,0.0,0.0,103.43,0.0,7.34177037866543,22,11,10,0,62,0.4337,0.1972,0.3283,0.2529,0.4976,0
270000000.0,0.0,0.0,1160.98,0.0,7.34177037866543,22,11,10,0,62,0.4337,0.1972,0.3283,0.2529,0.4976,0
20735000.0,0.0,0.0,145.0,0.0,7.34177037866543,22,11,10,0,62,0.4337,0.1972,0.3283,0.2529,0.4976,0
25000000.0,0.0,0.0,408.53,0.0,7.34177037866543,22,11,10,0,62,0.4337,0.1972,0.3283,0.2529,0.4976,0
14621200.0,0.0,0.0,132.92,0.0,7.34177037866543,22,11,10,0,62,0.4337,0.1972,0.3283,0.2529,0.4976,0
36184000.0,0.0,0.0,180.92,0.0,7.49031821221385,22,11,11,0,65,0.4337,0.1972,0.3283,0.2529,0.4976,0
145900000.0,0.0,0.0,1110.68,0.0,8.65135328882825,13,3,8,6,4,0.4337,0.1972,0.3283,0.2529,0.4976,0
18907900.0,0.0,0.0,171.89,0.0,7.34177037866543,22,11,10,0,62,0.4337,0.1972,0.3283,0.2529,0.4976,0
17026900.0,0.0,0.0,154.79,0.0,7.34177037866543,22,11,10,0,62,0.4337,0.1972,0.3283,0.2529,0.4976,0
100650000.0,0.0,0.0,915.0,0.0,6.9562227632673,20,10,12,1,77,0.4337,0.1972,0.3283,0.2529,0.4976,0
100686300.0,0.0,0.0,915.33,0.0,7.34177037866543,22,11,10,0,62,0.4337,0.1972,0.3283,0.2529,0.4976,0
15000000.0,0.0,0.0,109.0,0.0,7.34177037866543,22,11,10,0,62,0.4337,0.1972,0.3283,0.2529,0.4976,0
102130000.0,0.0,0.0,408.52,0.0,7.34177037866543,22,11,10,0,62,0.4337,0.1972,0.3283,0.2529,0.4976,0
405384000.0,0.0,0.0,2026.92,0.0,7.49031821221385,22,11,11,0,65,0.4337,0.1972,0.3283,0.2529,0.4976,0
192000000.0,0.0,0.0,524.0,523.77,9.92866376934322,18,1,7,2,4,0.4337,0.1972,0.3283,0.2529,0.4976,1
6248000.0,0.0,0.0,56.8,0.0,7.34177037866543,22,11,10,0,62,0.4337,0.1972,0.3283,0.2529,0.4976,0
14000000.0,0.0,0.0,55.0,0.0,7.34177037866543,22,11,10,0,62,0.4337,0.1972,0.3283,0.2529,0.4976,0
12500400.0,0.0,0.0,113.64,0.0,7.34177037866543,22,11,10,0,62,0.4337,0.1972,0.3283,0.2529,0.4976,0
7885900.0,0.0,0.0,71.69,0.0,7.34177037866543,22,11,10,0,62,0.4337,0.1972,0.3283,0.2529,0.4976,0
705000000.0,0.0,0.0,0.0,4700.0,10.318844463984,0,1,8,2,2,0.4337,0.1972,0.3283,0.2529,0.4976,1
15000000.0,0.0,0.0,176.0,0.0,7.34177037866543,22,11,10,0,62,0.4337,0.1972,0.3283,0.2529,0.4976,0
35910000.0,0.0,0.0,132.88,0.0,9.49002298299294,17,1,8,2,3,0.4337,0.1972,0.3283,0.2529,0.4976,1
184000000.0,0.0,0.0,1229.21,0.0,7.49031821221385,22,11,11,0,65,0.4337,0.1972,0.3283,0.2529,0.4976,0
30000000.0,0.0,0.0,101.88,0.0,7.34177037866543,22,11,10,0,62,0.4337,0.1972,0.3283,0.2529,0.4976,0
20000000.0,0.0,0.0,68.0,0.0,8.93351541410385,15,0,14,4,3,0.4337,0.1972,0.3283,0.2529,0.4976,0
227760000.0,0.0,0.0,0.0,1898.0,8.93351541410385,15,0,14,4,3,0.4337,0.1972,0.3283,0.2529,0.4976,0
28000000.0,0.0,0.0,77.0,0.0,8.93351541410385,15,0,14,4,3,0.4337,0.1972,0.3283,0.2529,0.4976,0
26344000.0,0.0,0.0,101.0,0.0,9.92866376934322,18,1,7,2,4,0.4337,0.1972,0.3283,0.2529,0.4976,1
110000000.0,0.0,0.0,500.0,0.0,6.9881157109387,19,1,10,1,37,0.4337,0.1972,0.3283,0.2529,0.4976,0
27000000.000000004,0.0,0.0,100.88,0.0,7.34177037866543,22,11,10,0,62,0.4337,0.1972,0.3283,0.2529,0.4976,0
13000000.0,0.0,0.0,110.0,0.0,7.49031821221385,22,11,11,0,65,0.4337,0.1972,0.3283,0.2529,0.4976,0
35470000.0,0.0,0.0,141.88,0.0,7.34177037866543,22,11,10,0,62,0.4337,0.1972,0.3283,0.2529,0.4976,0
49999999.99999999,0.0,0.0,550.0,0.0,8.71334749037322,16,0,21,4,9,0.4337,0.1972,0.3283,0.2529,0.4976,0
80000000.0,0.0,0.0,550.0,0.0,8.71334749037322,16,0,21,4,9,0.4337,0.1972,0.3283,0.2529,0.4976,0
100000000.0,0.0,0.0,1500.0,776.0,8.92132045859767,16,1,17,5,8,0.4337,0.1972,0.3283,0.2529,0.4976,0
19000000.000000004,0.0,0.0,90.0,0.0,7.34177037866543,22,11,10,0,62,0.4337,0.1972,0.3283,0.2529,0.4976,0
135000.0,0.0,0.0,183.0,0.0,7.34177037866543,22,11,10,0,62,0.4337,0.1972,0.3283,0.2529,0.4976,0
479100000.0,0.0,0.0,0.0,2097.0,10.318844463984,0,1,8,2,2,0.4337,0.1972,0.3283,0.2529,0.4976,1
26000000.0,0.0,0.0,100.86,0.0,9.49002298299294,17,1,8,2,3,0.4337,0.1972,0.3283,0.2529,0.4976,1
28000000.0,0.0,0.0,101.88,0.0,7.34177037866543,22,11,10,0,62,0.4337,0.1972,0.3283,0.2529,0.4976,0
18023040.0,0.0,0.0,48.0,0.0,7.49031821221385,22,11,11,0,65,0.4337,0.1972,0.3283,0.2529,0.4976,0
33211200.0,0.0,0.0,301.92,0.0,7.67951381071831,20,9,9,6,48,0.4337,0.1972,0.3283,0.2529,0.4976,0
11334000.0,0.0,0.0,103.98,0.0,7.84238654556699,18,6,6,6,28,0.4337,0.1972,0.3283,0.2529,0.4976,0
11334000.0,0.0,0.0,103.98,0.0,7.84238654556699,18,6,6,6,28,0.4337,0.1972,0.3283,0.2529,0.4976,0
11334000.0,0.0,0.0,103.98,0.0,7.84238654556699,18,6,6,6,28,0.4337,0.1972,0.3283,0.2529,0.4976,0
22149000.0,0.0,0.0,203.2,0.0,7.84238654556699,18,6,6,6,28,0.4337,0.1972,0.3283,0.2529,0.4976,0
9574000.0,0.0,0.0,56.0,0.0,7.49031821221385,22,11,11,0,65,0.4337,0.1972,0.3283,0.2529,0.4976,0
9404000.0,0.0,0.0,55.0,0.0,7.49031821221385,22,11,11,0,65,0.4337,0.1972,0.3283,0.2529,0.4976,0
12179999.999999998,0.0,0.0,75.0,0.0,7.49031821221385,22,11,11,0,65,0.4337,0.1972,0.3283,0.2529,0.4976,0
26344000.0,0.0,0.0,101.88,0.0,7.34177037866543,22,11,10,0,62,0.4337,0.1972,0.3283,0.2529,0.4976,0
350000000.0,0.0,0.0,3000.0,2321.0,9.78035267453982,9,1,13,5,5,0.4337,0.1972,0.3283,0.2529,0.4976,0
49999999.99999999,0.0,0.0,380.0,235.0,8.24517142890996,17,0,21,5,13,0.4337,0.1972,0.3283,0.2529,0.4976,0
70000000.0,0.0,0.0,160.35,0.0,7.61207823779751,23,10,11,2,58,0.4337,0.1972,0.3283,0.2529,0.4976,0
25000000.0,0.0,0.0,450.0,114.0,10.5280119560389,0,0,7,0,2,0.4337,0.1972,0.3283,0.2529,0.4976,1
9290000.0,0.0,0.0,91.33,0.0,7.34177037866543,22,11,10,0,62,0.4337,0.1972,0.3283,0.2529,0.4976,0
9500000.0,0.0,0.0,84.56,0.0,7.84238654556699,18,6,6,6,28,0.4337,0.1972,0.3283,0.2529,0.4976,0
20000000.0,0.0,0.0,203.2,0.0,7.49031821221385,22,11,11,0,65,0.4337,0.1972,0.3283,0.2529,0.4976,0
100996500.0,0.0,0.0,918.15,0.0,7.34177037866543,22,11,10,0,62,0.4337,0.1972,0.3283,0.2529,0.4976,0
20282900.0,0.0,0.0,184.0,0.0,7.49031821221385,22,11,11,0,65,0.4337,0.1972,0.3283,0.2529,0.4976,0
23000000.000000004,0.0,0.0,169.0,0.0,7.34177037866543,22,11,10,0,62,0.4337,0.1972,0.3283,0.2529,0.4976,0
260000000.0,0.0,0.0,1827.0,402.0,8.50384163096369,18,0,23,4,11,0.4337,0.1972,0.3283,0.2529,0.4976,0
57999999.99999999,0.0,0.0,720.0,183.0,8.93351541410385,15,0,14,4,3,0.4337,0.1972,0.3283,0.2529,0.4976,0
13000000.0,0.0,0.0,75.0,0.0,7.3915437635579,16,8,10,0,47,0.4337,0.1972,0.3283,0.2529,0.4976,0
35000000.0,0.0,0.0,210.0,210.0,7.34177037866543,22,11,10,0,62,0.4337,0.1972,0.3283,0.2529,0.4976,0
114794120.0,0.0,0.0,408.52,0.0,7.34177037866543,22,11,10,0,62,0.4337,0.1972,0.3283,0.2529,0.4976,0
145000000.0,0.0,0.0,1110.0,0.0,8.65135328882825,13,3,8,6,4,0.4337,0.1972,0.3283,0.2529,0.4976,0
14600000.0,0.0,0.0,170.0,0.0,7.34177037866543,22,11,10,0,62,0.4337,0.1972,0.3283,0.2529,0.4976,0
184000000.0,0.0,0.0,1229.21,0.0,7.34177037866543,22,11,10,0,62,0.4337,0.1972,0.3283,0.2529,0.4976,0
8023000.0,0.0,0.0,73.59999999999998,0.0,7.84238654556699,18,6,6,6,28,0.4337,0.1972,0.3283,0.2529,0.4976,0
8964000.0,0.0,0.0,82.23,0.0,7.84238654556699,18,6,6,6,28,0.4337,0.1972,0.3283,0.2529,0.4976,0
8964000.0,0.0,0.0,82.23,0.0,7.84238654556699,18,6,6,6,28,0.4337,0.1972,0.3283,0.2529,0.4976,0
11253000.0,0.0,0.0,103.23,0.0,7.84238654556699,18,6,6,6,28,0.4337,0.1972,0.3283,0.2529,0.4976,0
55000000.0,0.0,0.0,649.0,0.0,8.75603715311942,10,0,21,3,6,0.4337,0.1972,0.3283,0.2529,0.4976,0
31032000.000000004,0.0,0.0,90.0,0.0,7.62169027865081,20,2,13,0,39,0.4337,0.1972,0.3283,0.2529,0.4976,0
40212000.0,0.0,0.0,114.0,0.0,7.62169027865081,20,2,13,0,39,0.4337,0.1972,0.3283,0.2529,0.4976,0
230000000.0,0.0,0.0,0.0,559.0,6.9881157109387,19,1,10,1,37,0.4337,0.1972,0.3283,0.2529,0.4976,0
106920000.0,0.0,0.0,1038.0,1188.0,8.93351541410385,15,0,14,4,3,0.4337,0.1972,0.3283,0.2529,0.4976,0
40000000.0,0.0,0.0,0.0,427.0,8.71334749037322,16,0,21,4,9,0.4337,0.1972,0.3283,0.2529,0.4976,0
23000000.000000004,0.0,0.0,169.0,0.0,7.34177037866543,22,11,10,0,62,0.4337,0.1972,0.3283,0.2529,0.4976,0
4000000.0,0.0,0.0,19.0,0.0,7.34177037866543,22,11,10,0,62,0.4337,0.1972,0.3283,0.2529,0.4976,0
500000000.0,0.0,0.0,4500.0,2164.0,10.2305325719348,18,0,9,3,3,0.4337,0.1972,0.3283,0.2529,0.4976,1
20500000.0,0.0,0.0,187.0,0.0,7.49031821221385,22,11,11,0,65,0.4337,0.1972,0.3283,0.2529,0.4976,0
670000000.0,0.0,0.0,0.0,6411.0,7.34177037866543,22,11,10,0,62,0.4337,0.1972,0.3283,0.2529,0.4976,0
15000000.0,0.0,0.0,110.0,0.0,7.48709206515569,21,11,11,0,67,0.4337,0.1972,0.3283,0.2529,0.4976,0
12899999.999999998,0.0,0.0,140.0,0.0,7.34177037866543,22,11,10,0,62,0.4337,0.1972,0.3283,0.2529,0.4976,0
45000000.0,0.0,0.0,456.0,0.0,7.34177037866543,22,11,10,0,62,0.4337,0.1972,0.3283,0.2529,0.4976,0
7500000.0,0.0,0.0,180.0,152.0,8.92132045859767,16,1,17,5,8,0.4337,0.1972,0.3283,0.2529,0.4976,0
20000000.0,0.0,0.0,169.0,0.0,7.49031821221385,22,11,11,0,65,0.4337,0.1972,0.3283,0.2529,0.4976,0
6753000.0,0.0,0.0,39.5,0.0,7.49031821221385,22,11,11,0,65,0.4337,0.1972,0.3283,0.2529,0.4976,0
40000000.0,0.0,0.0,201.0,0.0,7.84238654556699,18,6,6,6,28,0.4337,0.1972,0.3283,0.2529,0.4976,0
100000000.0,0.0,0.0,0.0,1000.0,9.55997256254828,10,1,17,3,6,0.4337,0.1972,0.3283,0.2529,0.4976,0
25678000.0,0.0,0.0,75.0,0.0,10.5925321914152,16,0,11,5,3,0.4337,0.1972,0.3283,0.2529,0.4976,0
45000000.0,0.0,0.0,330.0,0.0,7.49031821221385,22,11,11,0,65,0.4337,0.1972,0.3283,0.2529,0.4976,0
254912113.0,0.0,0.0,1081.85,0.0,7.34177037866543,22,11,10,0,62,0.4337,0.1972,0.3283,0.2529,0.4976,0
87750000.0,0.0,0.0,975.7,0.0,7.34177037866543,22,11,10,0,62,0.4337,0.1972,0.3283,0.2529,0.4976,0
17050000.0,0.0,0.0,155.0,0.0,7.49031821221385,22,11,11,0,65,0.4337,0.1972,0.3283,0.2529,0.4976,0
12099999.999999998,0.0,0.0,110.0,0.0,7.34177037866543,22,11,10,0,62,0.4337,0.1972,0.3283,0.2529,0.4976,0
8964000.0,0.0,0.0,82.23,0.0,7.84238654556699,18,6,6,6,28,0.4337,0.1972,0.3283,0.2529,0.4976,0
10008000.0,0.0,0.0,91.81,0.0,7.84238654556699,18,6,6,6,28,0.4337,0.1972,0.3283,0.2529,0.4976,0
11969000.0,0.0,0.0,94.99,0.0,7.67951381071831,20,9,9,6,48,0.4337,0.1972,0.3283,0.2529,0.4976,0
24000000.0,0.0,0.0,0.0,122.0,10.5925321914152,16,0,11,5,3,0.4337,0.1972,0.3283,0.2529,0.4976,0
18352000.0,0.0,0.0,113.0,0.0,7.49031821221385,22,11,11,0,65,0.4337,0.1972,0.3283,0.2529,0.4976,0
22690000.0,0.0,0.0,201.0,0.0,8.93351541410385,15,0,14,4,3,0.4337,0.1972,0.3283,0.2529,0.4976,0
20000000.0,0.0,0.0,169.0,0.0,7.34177037866543,22,11,10,0,62,0.4337,0.1972,0.3283,0.2529,0.4976,0
41341500.0,0.0,0.0,255.61,0.0,7.64471393243402,22,10,9,6,53,0.4337,0.1972,0.3283,0.2529,0.4976,0
7000000.0,0.0,0.0,130.0,71.0,10.5925321914152,16,0,11,5,3,0.4337,0.1972,0.3283,0.2529,0.4976,0
23000000.000000004,0.0,0.0,169.0,0.0,7.34177037866543,22,11,10,0,62,0.4337,0.1972,0.3283,0.2529,0.4976,0
38400000.0,0.0,0.0,192.0,0.0,7.48709206515569,21,11,11,0,67,0.4337,0.1972,0.3283,0.2529,0.4976,0
37800000.0,0.0,0.0,210.0,0.0,7.34177037866543,22,11,10,0,62,0.4337,0.1972,0.3283,0.2529,0.4976,0
22500000.0,0.0,0.0,128.0,0.0,7.34177037866543,22,11,10,0,62,0.4337,0.1972,0.3283,0.2529,0.4976,0
91200000.0,0.0,0.0,456.0,0.0,7.48709206515569,21,11,11,0,67,0.4337,0.1972,0.3283,0.2529,0.4976,0
405200000.0,0.0,0.0,2026.0,0.0,7.34177037866543,22,11,10,0,62,0.4337,0.1972,0.3283,0.2529,0.4976,0
116734000.0,0.0,0.0,264.46,0.0,7.34177037866543,22,11,10,0,62,0.4337,0.1972,0.3283,0.2529,0.4976,0
8964000.0,0.0,0.0,82.23,0.0,7.84238654556699,18,6,6,6,28,0.4337,0.1972,0.3283,0.2529,0.4976,0
8964000.0,0.0,0.0,82.23,0.0,7.84238654556699,18,6,6,6,28,0.4337,0.1972,0.3283,0.2529,0.4976,0
8964000.0,0.0,0.0,82.23,0.0,7.84238654556699,18,6,6,6,28,0.4337,0.1972,0.3283,0.2529,0.4976,0
15000000.0,0.0,0.0,170.0,0.0,7.65980644566343,23,10,9,6,55,0.4337,0.1972,0.3283,0.2529,0.4976,0
494400000.0,0.0,0.0,7500.0,10300.0,7.34177037866543,22,11,10,0,62,0.4337,0.1972,0.3283,0.2529,0.4976,0
10162000.0,0.0,0.0,50.81,0.0,7.34177037866543,22,11,10,0,62,0.4337,0.1972,0.3283,0.2529,0.4976,0
9404000.0,0.0,0.0,55.0,0.0,7.49031821221385,22,11,11,0,65,0.4337,0.1972,0.3283,0.2529,0.4976,0
135000000.0,0.0,0.0,580.49,1500.0,7.34177037866543,22,11,10,0,62,0.4337,0.1972,0.3283,0.2529,0.4976,0
13658000.0,0.0,0.0,176.4,0.0,7.34177037866543,22,11,10,0,62,0.4337,0.1972,0.3283,0.2529,0.4976,0
28000000.0,0.0,0.0,145.0,0.0,7.34177037866543,22,11,10,0,62,0.4337,0.1972,0.3283,0.2529,0.4976,0
32000000.0,0.0,0.0,0.0,195.0,9.95924466628813,0,1,6,1,3,0.4337,0.1972,0.3283,0.2529,0.4976,1
26000000.0,0.0,0.0,140.0,188.0,9.95924466628813,0,1,6,1,3,0.4337,0.1972,0.3283,0.2529,0.4976,1
4000000.0,0.0,0.0,19.33,0.0,7.6792277250654,18,8,3,6,34,0.4337,0.1972,0.3283,0.2529,0.4976,0
419999999.0,0.0,0.0,1566.0,6996.0,7.5213728914739,16,9,6,2,44,0.4337,0.1972,0.3283,0.2529,0.4976,0
7500000.0,0.0,0.0,39.0,0.0,8.35169850039158,18,0,20,5,11,0.4337,0.1972,0.3283,0.2529,0.4976,0
45800000.0,0.0,0.0,229.0,0.0,7.48709206515569,21,11,11,0,67,0.4337,0.1972,0.3283,0.2529,0.4976,0
10162000.0,0.0,0.0,50.81,0.0,7.48709206515569,21,11,11,0,67,0.4337,0.1972,0.3283,0.2529,0.4976,0
70000000.0,0.0,0.0,242.28,0.0,7.61207823779751,23,10,11,2,58,0.4337,0.1972,0.3283,0.2529,0.4976,0
206000000.0,0.0,0.0,1030.0,0.0,7.48709206515569,21,11,11,0,67,0.4337,0.1972,0.3283,0.2529,0.4976,0
13000000.0,0.0,0.0,130.0,0.0,7.34177037866543,22,11,10,0,62,0.4337,0.1972,0.3283,0.2529,0.4976,0
254912113.0,0.0,0.0,1076.45,0.0,7.34177037866543,22,11,10,0,62,0.4337,0.1972,0.3283,0.2529,0.4976,0
400000000.0,0.0,0.0,3750.0,1974.0,8.93351541410385,15,0,14,4,3,0.4337,0.1972,0.3283,0.2529,0.4976,0
21000000.0,0.0,0.0,201.0,0.0,7.34177037866543,22,11,10,0,62,0.4337,0.1972,0.3283,0.2529,0.4976,0
19050000.0,0.0,0.0,127.0,0.0,7.67060350183693,20,9,6,6,41,0.4337,0.1972,0.3283,0.2529,0.4976,0
350000000.0,0.0,0.0,0.0,2321.0,9.78035267453982,9,1,13,5,5,0.4337,0.1972,0.3283,0.2529,0.4976,0
40000000.0,0.0,0.0,0.0,200.0,10.318844463984,0,1,8,2,2,0.4337,0.1972,0.3283,0.2529,0.4976,1
19304000.0,0.0,0.0,203.2,0.0,7.49031821221385,22,11,11,0,65,0.4337,0.1972,0.3283,0.2529,0.4976,0
86900000.0,0.0,0.0,600.0,326.0,6.9881157109387,19,1,10,1,37,0.4337,0.1972,0.3283,0.2529,0.4976,0
28931400.0,0.0,0.0,160.73,0.0,8.93351541410385,15,0,14,4,3,0.4337,0.1972,0.3283,0.2529,0.4976,0
13000000.0,0.0,0.0,110.0,0.0,7.49031821221385,22,11,11,0,65,0.4337,0.1972,0.3283,0.2529,0.4976,0
14000000.0,0.0,0.0,110.0,0.0,7.49031821221385,22,11,11,0,65,0.4337,0.1972,0.3283,0.2529,0.4976,0
49999999.99999999,0.0,0.0,677.0,311.0,7.86738621998867,22,0,11,3,18,0.4337,0.1972,0.3283,0.2529,0.4976,0
36300000.0,0.0,0.0,121.0,0.0,7.34177037866543,22,11,10,0,62,0.4337,0.1972,0.3283,0.2529,0.4976,0
18150000.0,0.0,0.0,121.0,0.0,7.34177037866543,22,11,10,0,62,0.4337,0.1972,0.3283,0.2529,0.4976,0
17000000.0,0.0,0.0,179.0,0.0,7.84238654556699,18,6,6,6,28,0.4337,0.1972,0.3283,0.2529,0.4976,0
18150000.0,0.0,0.0,121.0,0.0,7.34177037866543,22,11,10,0,62,0.4337,0.1972,0.3283,0.2529,0.4976,0
20000000.0,0.0,0.0,84.56,0.0,7.34177037866543,22,11,10,0,62,0.4337,0.1972,0.3283,0.2529,0.4976,0
23000000.000000004,0.0,0.0,103.28,0.0,7.49031821221385,22,11,11,0,65,0.4337,0.1972,0.3283,0.2529,0.4976,0
27000000.000000004,0.0,0.0,101.88,0.0,7.34177037866543,22,11,10,0,62,0.4337,0.1972,0.3283,0.2529,0.4976,0
18000000.0,0.0,0.0,150.0,0.0,7.62280215098611,22,9,9,6,51,0.4337,0.1972,0.3283,0.2529,0.4976,0
184000000.0,0.0,0.0,1229.21,0.0,7.49031821221385,22,11,11,0,65,0.4337,0.1972,0.3283,0.2529,0.4976,0
12220000.0,0.0,0.0,94.0,0.0,7.67060350183693,20,9,6,6,41,0.4337,0.1972,0.3283,0.2529,0.4976,0
15500000.0,0.0,0.0,75.0,0.0,7.34177037866543,22,11,10,0,62,0.4337,0.1972,0.3283,0.2529,0.4976,0
18000000.0,0.0,0.0,103.0,0.0,7.49031821221385,22,11,11,0,65,0.4337,0.1972,0.3283,0.2529,0.4976,0
6000000.0,0.0,0.0,61.4,0.0,7.49031821221385,22,11,11,0,65,0.4337,0.1972,0.3283,0.2529,0.4976,0
721500000.0,0.0,0.0,0.0,2886.0,7.86738621998867,22,0,11,3,18,0.4337,0.1972,0.3283,0.2529,0.4976,0
14499999.999999998,0.0,0.0,85.0,0.0,7.49031821221385,22,11,11,0,65,0.4337,0.1972,0.3283,0.2529,0.4976,0
23500000.0,0.0,0.0,150.0,0.0,7.34177037866543,22,11,10,0,62,0.4337,0.1972,0.3283,0.2529,0.4976,0
28500000.0,0.0,0.0,101.88,0.0,7.34177037866543,22,11,10,0,62,0.4337,0.1972,0.3283,0.2529,0.4976,0
7700000.0,0.0,0.0,77.0,0.0,7.49031821221385,22,11,11,0,65,0.4337,0.1972,0.3283,0.2529,0.4976,0
15800000.0,0.0,0.0,110.0,0.0,7.34177037866543,22,11,10,0,62,0.4337,0.1972,0.3283,0.2529,0.4976,0
28000000.0,0.0,0.0,77.0,0.0,8.65135328882825,13,3,8,6,4,0.4337,0.1972,0.3283,0.2529,0.4976,0
33190000.0,0.0,0.0,305.0,0.0,7.67614949159209,20,9,9,6,48,0.4337,0.1972,0.3283,0.2529,0.4976,0
38400000.0,0.0,0.0,192.0,0.0,7.74814854293633,23,9,9,6,45,0.4337,0.1972,0.3283,0.2529,0.4976,0
62900000.0,0.0,0.0,597.5,0.0,7.56378385753135,20,10,9,4,54,0.4337,0.1972,0.3283,0.2529,0.4976,0
30000000.0,0.0,0.0,141.0,0.0,9.49002298299294,17,1,8,2,3,0.4337,0.1972,0.3283,0.2529,0.4976,1
14000000.0,0.0,0.0,111.0,0.0,7.34177037866543,22,11,10,0,62,0.4337,0.1972,0.3283,0.2529,0.4976,0
15400000.0,0.0,0.0,110.0,0.0,7.34177037866543,22,11,10,0,62,0.4337,0.1972,0.3283,0.2529,0.4976,0
28000000.0,0.0,0.0,77.0,0.0,8.50384163096369,18,0,23,4,11,0.4337,0.1972,0.3283,0.2529,0.4976,0
28000000.0,0.0,0.0,77.0,0.0,9.92866376934322,18,1,7,2,4,0.4337,0.1972,0.3283,0.2529,0.4976,1
320000000.0,0.0,0.0,1827.0,402.0,7.49031821221385,22,11,11,0,65,0.4337,0.1972,0.3283,0.2529,0.4976,0
13820000.0,0.0,0.0,88.0,0.0,7.34177037866543,22,11,10,0,62,0.4337,0.1972,0.3283,0.2529,0.4976,0
15000000.0,0.0,0.0,170.0,0.0,9.92866376934322,18,1,7,2,4,0.4337,0.1972,0.3283,0.2529,0.4976,1
22500000.0,0.0,0.0,150.0,0.0,7.34177037866543,22,11,10,0,62,0.4337,0.1972,0.3283,0.2529,0.4976,0
11800000.0,0.0,0.0,110.0,0.0,8.93351541410385,15,0,14,4,3,0.4337,0.1972,0.3283,0.2529,0.4976,0
18360000.0,0.0,0.0,216.0,0.0,7.34177037866543,22,11,10,0,62,0.4337,0.1972,0.3283,0.2529,0.4976,0
27900000.0,0.0,0.0,77.0,77.0,8.93351541410385,15,0,14,4,3,0.4337,0.1972,0.3283,0.2529,0.4976,0
10200000.0,0.0,0.0,64.0,0.0,7.49031821221385,22,11,11,0,65,0.4337,0.1972,0.3283,0.2529,0.4976,0
11250000.0,0.0,0.0,123.0,0.0,7.49031821221385,22,11,11,0,65,0.4337,0.1972,0.3283,0.2529,0.4976,0
145000000.0,0.0,0.0,1110.08,0.0,8.65135328882825,13,3,8,6,4,0.4337,0.1972,0.3283,0.2529,0.4976,0
12000000.0,0.0,0.0,111.0,0.0,7.34177037866543,22,11,10,0,62,0.4337,0.1972,0.3283,0.2529,0.4976,0
87600000.0,0.0,0.0,0.0,438.0,7.86738621998867,22,0,11,3,18,0.4337,0.1972,0.3283,0.2529,0.4976,0
20000000.0,0.0,0.0,220.0,122.0,10.5925321914152,16,0,11,5,3,0.4337,0.1972,0.3283,0.2529,0.4976,0
57999999.99999999,0.0,0.0,720.0,180.0,7.86738621998867,22,0,11,3,18,0.4337,0.1972,0.3283,0.2529,0.4976,0
19000000.000000004,0.0,0.0,120.58,0.0,7.34177037866543,22,11,10,0,62,0.4337,0.1972,0.3283,0.2529,0.4976,0
15500000.0,0.0,0.0,110.0,0.0,7.48709206515569,21,11,11,0,67,0.4337,0.1972,0.3283,0.2529,0.4976,0
15500000.0,0.0,0.0,110.0,0.0,7.48709206515569,21,11,11,0,67,0.4337,0.1972,0.3283,0.2529,0.4976,0
12099999.999999998,0.0,0.0,110.0,110.0,8.65135328882825,13,3,8,6,4,0.4337,0.1972,0.3283,0.2529,0.4976,0
28500000.0,0.0,0.0,269.0,0.0,7.34177037866543,22,11,10,0,62,0.4337,0.1972,0.3283,0.2529,0.4976,0
25000000.0,0.0,0.0,456.0,114.0,10.5280119560389,0,0,7,0,2,0.4337,0.1972,0.3283,0.2529,0.4976,1
13699999.999999998,0.0,0.0,91.33,0.0,7.49031821221385,22,11,11,0,65,0.4337,0.1972,0.3283,0.2529,0.4976,0
57999999.99999999,0.0,0.0,720.0,180.0,8.93351541410385,15,0,14,4,3,0.4337,0.1972,0.3283,0.2529,0.4976,0
20240000.0,0.0,0.0,184.0,0.0,9.92866376934322,18,1,7,2,4,0.4337,0.1972,0.3283,0.2529,0.4976,1
28000000.0,0.0,0.0,0.0,77.0,8.92132045859767,16,1,17,5,8,0.4337,0.1972,0.3283,0.2529,0.4976,0
17050000.0,0.0,0.0,155.0,0.0,6.9562227632673,20,10,12,1,77,0.4337,0.1972,0.3283,0.2529,0.4976,0
33514600.0,0.0,0.0,239.0,0.0,8.65135328882825,13,3,8,6,4,0.4337,0.1972,0.3283,0.2529,0.4976,0
11880000.0,0.0,0.0,94.99,0.0,7.34177037866543,22,11,10,0,62,0.4337,0.1972,0.3283,0.2529,0.4976,0
75000000.0,0.0,0.0,720.0,180.0,7.86738621998867,22,0,11,3,18,0.4337,0.1972,0.3283,0.2529,0.4976,0
10200000.0,0.0,0.0,64.0,0.0,7.49031821221385,22,11,11,0,65,0.4337,0.1972,0.3283,0.2529,0.4976,0
206000000.0,0.0,0.0,1030.0,0.0,7.34177037866543,22,11,10,0,62,0.4337,0.1972,0.3283,0.2529,0.4976,0
28000000.0,0.0,0.0,0.0,77.0,8.65135328882825,13,3,8,6,4,0.4337,0.1972,0.3283,0.2529,0.4976,0
165000000.0,0.0,0.0,1229.21,0.0,7.34177037866543,22,11,10,0,62,0.4337,0.1972,0.3283,0.2529,0.4976,0
19720000.0,0.0,0.0,145.0,0.0,7.34177037866543,22,11,10,0,62,0.4337,0.1972,0.3283,0.2529,0.4976,0
350000000.0,0.0,0.0,0.0,2321.0,9.78035267453982,9,1,13,5,5,0.4337,0.1972,0.3283,0.2529,0.4976,0
14000000.0,0.0,0.0,75.0,0.0,9.92866376934322,18,1,7,2,4,0.4337,0.1972,0.3283,0.2529,0.4976,1
11500000.0,0.0,0.0,103.28,0.0,7.49031821221385,22,11,11,0,65,0.4337,0.1972,0.3283,0.2529,0.4976,0
23000000.000000004,0.0,0.0,103.28,0.0,7.84238654556699,18,6,6,6,28,0.4337,0.1972,0.3283,0.2529,0.4976,0
12099999.999999998,0.0,0.0,110.0,0.0,8.93351541410385,15,0,14,4,3,0.4337,0.1972,0.3283,0.2529,0.4976,0
15500000.0,0.0,0.0,75.0,0.0,7.34177037866543,22,11,10,0,62,0.4337,0.1972,0.3283,0.2529,0.4976,0
93500000.0,0.0,0.0,1100.0,1100.0,9.2175527811982,16,1,21,5,10,0.4337,0.1972,0.3283,0.2529,0.4976,0
20000000.0,0.0,0.0,250.0,0.0,7.49031821221385,22,11,11,0,65,0.4337,0.1972,0.3283,0.2529,0.4976,0
517140000.0,0.0,0.0,2500.0,11492.0,8.72794195978488,4,3,11,1,6,0.4337,0.1972,0.3283,0.2529,0.4976,1
450000000.0,0.0,0.0,5000.0,1974.0,9.92866376934322,18,1,7,2,4,0.4337,0.1972,0.3283,0.2529,0.4976,1
12348700.0,0.0,0.0,94.99,0.0,7.67060350183693,20,9,6,6,41,0.4337,0.1972,0.3283,0.2529,0.4976,0
9000000.0,0.0,0.0,63.0,0.0,7.49031821221385,22,11,11,0,65,0.4337,0.1972,0.3283,0.2529,0.4976,0
16000000.0,0.0,0.0,142.47,0.0,7.34177037866543,22,11,10,0,62,0.4337,0.1972,0.3283,0.2529,0.4976,0
600000000.0,0.0,0.0,5719.0,1194.0,3.7482436022507,27,0,8,4,6,0.9248,0.5111,0.4807,0.188,1.2403,0
4500000.0,1.0,1.0,28.58,0.0,2.7369117038673,25,2,12,2,9,0.9248,0.5111,0.4807,0.188,1.2403,0
600000000.0,0.0,0.0,5719.0,1194.0,3.7482436022507,27,0,8,4,6,0.9248,0.5111,0.4807,0.188,1.2403,0
600000000.0,0.0,0.0,5719.0,1194.0,2.7369117038673,25,2,12,2,9,0.9248,0.5111,0.4807,0.188,1.2403,0
160000000.0,0.0,0.0,1080.0,0.0,2.54986964866086,2,0,10,1,6,0.9248,0.5111,0.4807,0.188,1.2403,0
110000000.0,0.0,0.0,2372.95,346.0,3.49057038638512,7,1,11,6,3,0.9248,0.5111,0.4807,0.188,1.2403,0
180000000.0,0.0,0.0,2000.0,709.0,0.858887033250895,23,1,14,1,10,0.9248,0.5111,0.4807,0.188,1.2403,0
50561400.0,0.0,0.0,150.0,0.0,5.04344617011479,39,5,19,2,7,0.9248,0.5111,0.4807,0.188,1.2403,0
75000000.0,0.0,0.0,951.0,511.0,0.460717362062384,10,0,6,0,1,0.9248,0.5111,0.4807,0.188,1.2403,0
198000000.0,0.0,0.0,1712.0,401.0,2.97523817431358,36,1,12,6,8,0.9248,0.5111,0.4807,0.188,1.2403,0
10992000.0,0.0,0.0,20.0,0.0,5.04344617011479,39,5,19,2,7,0.9248,0.5111,0.4807,0.188,1.2403,0
120000000.0,33.0,33.0,1000.0,0.0,4.38020564209064,28,0,20,1,4,0.9248,0.5111,0.4807,0.188,1.2403,2
73769759.0,0.0,0.0,228.0,0.0,1.97779678215156,27,2,9,10,6,0.9248,0.5111,0.4807,0.188,1.2403,0
150000000.0,0.0,0.0,1000.0,0.0,7.87812974351034,9,0,15,0,1,0.9248,0.5111,0.4807,0.188,1.2403,0
175000000.0,0.0,0.0,1800.0,500.0,0.393932469897511,37,3,21,4,7,0.9248,0.5111,0.4807,0.188,1.2403,0
193449000.0,0.0,0.0,725.0,0.0,1.97779678215156,27,2,9,10,6,0.9248,0.5111,0.4807,0.188,1.2403,0
600000000.0,0.0,0.0,5490.0,965.0,3.32142102823986,38,0,12,6,6,0.9248,0.5111,0.4807,0.188,1.2403,0
11500000.0,0.0,0.0,78.81999999999998,0.0,1.95893669978476,24,1,14,3,3,0.9248,0.5111,0.4807,0.188,1.2403,0
57999999.99999999,0.0,0.0,224.0,0.0,2.7369117038673,25,2,12,2,9,0.9248,0.5111,0.4807,0.188,1.2403,0
57999999.99999999,0.0,0.0,224.0,0.0,2.7369117038673,25,2,12,2,9,0.9248,0.5111,0.4807,0.188,1.2403,0
94707000.0,0.0,0.0,319.0,0.0,1.97779678215156,27,2,9,10,6,0.9248,0.5111,0.4807,0.188,1.2403,0
67436000.0,0.0,0.0,228.0,0.0,1.97779678215156,27,2,9,10,6,0.9248,0.5111,0.4807,0.188,1.2403,0
90000000.0,0.0,0.0,916.0,0.0,5.8785414560789,28,5,20,2,13,0.9248,0.5111,0.4807,0.188,1.2403,0
90000000.0,0.0,0.0,916.0,0.0,5.8785414560789,28,5,20,2,13,0.9248,0.5111,0.4807,0.188,1.2403,0
461021000.0,0.0,0.0,1614.0,0.0,1.97779678215156,27,2,9,10,6,0.9248,0.5111,0.4807,0.188,1.2403,0
120000000.0,0.0,0.0,1000.0,800.0,3.64076377074438,18,0,12,12,4,0.9248,0.5111,0.4807,0.188,1.2403,0
212800000.0,0.0,0.0,3796.76,1260.0,2.62579453013279,14,0,11,1,2,0.9248,0.5111,0.4807,0.188,1.2403,0
617200000.0,0.0,0.0,0.0,15430.0,6.86611328636998,5,0,7,0,1,0.9248,0.5111,0.4807,0.188,1.2403,0
20000000.0,0.0,0.0,135.5,0.0,7.55974790906917,11,2,10,6,6,0.9248,0.5111,0.4807,0.188,1.2403,0
350000000.0,0.0,0.0,2173.2,881.5499999999998,1.40510830399541,12,0,15,3,2,0.9248,0.5111,0.4807,0.188,1.2403,0
110000000.0,0.0,0.0,1500.0,1000.0,1.37401459894944,4,0,11,2,0,0.9248,0.5111,0.4807,0.188,1.2403,0
212800000.0,0.0,0.0,3303.0,1260.0,2.62579453013279,14,0,11,1,2,0.9248,0.5111,0.4807,0.188,1.2403,0
120972000.0,0.0,0.0,1000.0,1008.1,3.2392658836567,11,1,15,7,5,0.9248,0.5111,0.4807,0.188,1.2403,0
85000000.0,0.0,0.0,0.0,252.0,1.88726202456506,26,0,8,0,2,0.9248,0.5111,0.4807,0.188,1.2403,0
290610000.0,0.0,0.0,1614.5,0.0,3.50583745435805,8,1,13,8,5,0.9248,0.5111,0.4807,0.188,1.2403,0
180000000.0,0.0,0.0,2900.0,380.0,5.8785414560789,28,5,20,2,13,0.9248,0.5111,0.4807,0.188,1.2403,0
260000000.0,0.0,0.0,1241.0,3891.0,7.80786558941098,3,0,8,1,0,0.9248,0.5111,0.4807,0.188,1.2403,0
200000000.0,0.0,0.0,2173.2,881.5499999999998,1.40510830399541,12,0,15,3,2,0.9248,0.5111,0.4807,0.188,1.2403,0
80000000.0,0.0,0.0,0.0,350.0,2.54986964866086,2,0,10,1,6,0.9248,0.5111,0.4807,0.188,1.2403,0
260000000.0,0.0,0.0,1783.0,3891.0,7.80786558941098,3,0,8,1,0,0.9248,0.5111,0.4807,0.188,1.2403,0
260000000.0,0.0,0.0,1782.6,3891.0,7.80786558941098,3,0,8,1,0,0.9248,0.5111,0.4807,0.188,1.2403,0
19800000.000000004,0.0,0.0,220.0,85.0,1.36149198117981,29,0,15,6,8,0.9248,0.5111,0.4807,0.188,1.2403,0
57999999.99999999,0.0,0.0,224.0,0.0,2.7369117038673,25,2,12,2,9,0.9248,0.5111,0.4807,0.188,1.2403,0
461021000.0,0.0,0.0,1614.0,0.0,1.97779678215156,27,2,9,10,6,0.9248,0.5111,0.4807,0.188,1.2403,0
162052000.0,0.0,0.0,547.0,0.0,1.97779678215156,27,2,9,10,6,0.9248,0.5111,0.4807,0.188,1.2403,0
19800000.000000004,0.0,0.0,220.0,85.0,2.76570439475651,19,0,12,6,8,0.9248,0.5111,0.4807,0.188,1.2403,0
600000000.0,0.0,0.0,6956.03,2535.0,1.40510830399541,12,0,15,3,2,0.9248,0.5111,0.4807,0.188,1.2403,0
45000000.0,0.0,0.0,1700.0,410.0,7.07554678230017,7,1,20,2,3,0.9248,0.5111,0.4807,0.188,1.2403,0
19800000.000000004,0.0,0.0,220.0,85.0,1.36149198117981,29,0,15,6,8,0.9248,0.5111,0.4807,0.188,1.2403,0
600000000.0,0.0,0.0,5719.0,1194.0,2.7369117038673,25,2,12,2,9,0.9248,0.5111,0.4807,0.188,1.2403,0
28000000.0,0.0,0.0,112.0,112.0,3.8280010158566,43,0,19,3,4,0.9248,0.5111,0.4807,0.188,1.2403,0
75300000.0,0.0,0.0,425.0,149.62,3.7482436022507,27,0,8,4,6,0.9248,0.5111,0.4807,0.188,1.2403,0
167999999.99999997,0.0,0.0,1206.0,0.0,8.73421801665623,8,3,6,0,2,0.9248,0.5111,0.4807,0.188,1.2403,0
115000000.0,0.0,0.0,1400.0,1851.0,3.56934464205663,1,0,11,1,3,0.9248,0.5111,0.4807,0.188,1.2403,0
115000000.0,0.0,0.0,1400.0,1851.0,3.56934464205663,1,0,11,1,3,0.9248,0.5111,0.4807,0.188,1.2403,0
75300000.0,0.0,0.0,425.0,149.62,3.7482436022507,27,0,8,4,6,0.9248,0.5111,0.4807,0.188,1.2403,0
75300000.0,0.0,0.0,425.0,149.62,3.7482436022507,27,0,8,4,6,0.9248,0.5111,0.4807,0.188,1.2403,0
115000000.0,0.0,0.0,1400.0,1851.0,3.56934464205663,1,0,11,1,3,0.9248,0.5111,0.4807,0.188,1.2403,0
167999999.99999997,0.0,0.0,1206.0,0.0,8.73421801665623,8,3,6,0,2,0.9248,0.5111,0.4807,0.188,1.2403,0
167999999.99999997,0.0,0.0,1206.0,0.0,8.73421801665623,8,3,6,0,2,0.9248,0.5111,0.4807,0.188,1.2403,0
350000000.0,0.0,0.0,6956.03,2535.0,1.40510830399541,12,0,15,3,2,0.9248,0.5111,0.4807,0.188,1.2403,0
7614300.0,0.0,0.0,89.09999999999998,3600.0,7.80786558941098,3,0,8,1,0,0.9248,0.5111,0.4807,0.188,1.2403,0
150000000.0,0.0,0.0,650.0,512.6,4.61678986532562,42,1,22,2,5,0.9248,0.5111,0.4807,0.188,1.2403,0
200000000.0,0.0,0.0,2161.0,881.5499999999998,1.40510830399541,12,0,15,3,2,0.9248,0.5111,0.4807,0.188,1.2403,0
67436000.0,0.0,0.0,228.0,0.0,1.97779678215156,27,2,9,10,6,0.9248,0.5111,0.4807,0.188,1.2403,0
57999999.99999999,0.0,0.0,224.0,0.0,2.7369117038673,25,2,12,2,9,0.9248,0.5111,0.4807,0.188,1.2403,0
193449000.0,0.0,0.0,725.0,0.0,1.97779678215156,27,2,9,10,6,0.9248,0.5111,0.4807,0.188,1.2403,0
162052000.0,0.0,0.0,547.0,0.0,1.97779678215156,27,2,9,10,6,0.9248,0.5111,0.4807,0.188,1.2403,0
600000000.0,0.0,0.0,5719.0,1194.0,2.7369117038673,25,2,12,2,9,0.9248,0.5111,0.4807,0.188,1.2403,0
190000000.0,0.0,0.0,3000.0,814.0,7.80786558941098,3,0,8,1,0,0.9248,0.5111,0.4807,0.188,1.2403,0
1958100.0,0.0,0.0,18.3,0.0,1.37401459894944,4,0,11,2,0,0.9248,0.5111,0.4807,0.188,1.2403,0
65000000.0,0.0,0.0,590.0,205.5,0.393932469897511,37,3,21,4,7,0.9248,0.5111,0.4807,0.188,1.2403,0
461021000.0,0.0,0.0,1614.0,0.0,1.97779678215156,27,2,9,10,6,0.9248,0.5111,0.4807,0.188,1.2403,0
600000000.0,0.0,0.0,5719.0,1194.0,3.64076377074438,18,0,12,12,4,0.9248,0.5111,0.4807,0.188,1.2403,0
19800000.000000004,0.0,0.0,220.0,85.0,1.36149198117981,29,0,15,6,8,0.9248,0.5111,0.4807,0.188,1.2403,0
1958100.0,0.0,0.0,18.3,0.0,1.37401459894944,4,0,11,2,0,0.9248,0.5111,0.4807,0.188,1.2403,0
1048800000.0,0.0,0.0,0.0,13110.0,1.74104743107726,0,0,8,2,1,0.9248,0.5111,0.4807,0.188,1.2403,0
45000000.0,0.0,0.0,540.0,110.0,4.99225858488311,36,5,14,2,7,0.9248,0.5111,0.4807,0.188,1.2403,0
350000000.0,0.0,0.0,3365.0,1338.0,1.40510830399541,12,0,15,3,2,0.9248,0.5111,0.4807,0.188,1.2403,0
75300000.0,0.0,0.0,425.0,149.62,3.7482436022507,27,0,8,4,6,0.9248,0.5111,0.4807,0.188,1.2403,0
167999999.99999997,0.0,0.0,1206.0,0.0,8.73421801665623,8,3,6,0,2,0.9248,0.5111,0.4807,0.188,1.2403,0
94707000.0,0.0,0.0,319.0,0.0,1.97779678215156,27,2,9,10,6,0.9248,0.5111,0.4807,0.188,1.2403,0
498462000.0,0.0,0.0,1648.0,2273.0,1.97779678215156,27,2,9,10,6,0.9248,0.5111,0.4807,0.188,1.2403,0
600000000.0,0.0,0.0,5719.0,1194.0,3.7482436022507,27,0,8,4,6,0.9248,0.5111,0.4807,0.188,1.2403,0
90800000.0,0.0,0.0,0.0,1135.0,6.80644121666006,0,1,15,0,6,0.9248,0.5111,0.4807,0.188,1.2403,0
500000000.0,0.0,0.0,5490.0,962.0,3.32142102823986,38,0,12,6,6,0.9248,0.5111,0.4807,0.188,1.2403,0
90000000.0,0.0,0.0,0.0,450.0,3.8280010158566,43,0,19,3,4,0.9248,0.5111,0.4807,0.188,1.2403,0
14000000.0,0.0,0.0,103.85,0.0,3.64076377074438,18,0,12,12,4,0.9248,0.5111,0.4807,0.188,1.2403,0
290610000.0,0.0,0.0,1614.5,0.0,3.50583745435805,8,1,13,8,5,0.9248,0.5111,0.4807,0.188,1.2403,0
70000000.0,0.0,0.0,0.0,232.0,3.64076377074438,18,0,12,12,4,0.9248,0.5111,0.4807,0.188,1.2403,0
169800000.0,0.0,0.0,1133.0,1132.0,2.81203897891832,18,1,12,0,2,0.9248,0.5111,0.4807,0.188,1.2403,0
25000000.0,0.0,0.0,88.0,0.0,8.73421801665623,8,3,6,0,2,0.9248,0.5111,0.4807,0.188,1.2403,0
110000000.0,0.0,0.0,1700.0,400.0,7.07554678230017,7,1,20,2,3,0.9248,0.5111,0.4807,0.188,1.2403,0
350000000.0,0.0,0.0,3365.84,1338.0,1.40510830399541,12,0,15,3,2,0.9248,0.5111,0.4807,0.188,1.2403,0
420000000.0,0.0,0.0,9114.65,2763.32,1.40510830399541,12,0,15,3,2,0.9248,0.5111,0.4807,0.188,1.2403,0
75300000.0,0.0,0.0,425.0,149.62,2.7369117038673,25,2,12,2,9,0.9248,0.5111,0.4807,0.188,1.2403,0
19800000.000000004,0.0,0.0,220.0,85.0,1.36149198117981,29,0,15,6,8,0.9248,0.5111,0.4807,0.188,1.2403,0
75300000.0,0.0,0.0,425.0,149.0,3.7482436022507,27,0,8,4,6,0.9248,0.5111,0.4807,0.188,1.2403,0
130000000.0,0.0,0.0,1400.0,1851.0,3.64076377074438,18,0,12,12,4,0.9248,0.5111,0.4807,0.188,1.2403,0
650000000.0,0.0,0.0,2207.0,1147.48,5.17178320830773,27,3,11,1,7,0.9248,0.5111,0.4807,0.188,1.2403,0
600000000.0,0.0,0.0,5719.0,1194.0,3.7482436022507,27,0,8,4,6,0.9248,0.5111,0.4807,0.188,1.2403,0
167999999.99999997,0.0,0.0,1206.0,0.0,8.60377104071145,7,0,0,6,1,0.9248,0.5111,0.4807,0.188,1.2403,0
75300000.0,0.0,0.0,425.0,149.0,3.7482436022507,27,0,8,4,6,0.9248,0.5111,0.4807,0.188,1.2403,0
45000000.0,0.0,0.0,1700.0,410.0,7.07554678230017,7,1,20,2,3,0.9248,0.5111,0.4807,0.188,1.2403,0
167999999.99999997,0.0,0.0,1206.0,0.0,8.73421801665623,8,3,6,0,2,0.9248,0.5111,0.4807,0.188,1.2403,0
600000000.0,0.0,0.0,5719.0,1194.0,3.32142102823986,38,0,12,6,6,0.9248,0.5111,0.4807,0.188,1.2403,0
75300000.0,0.0,0.0,425.0,149.62,3.7482436022507,27,0,8,4,6,0.9248,0.5111,0.4807,0.188,1.2403,0
1400000000.0,0.0,0.0,24450.0,1375.0,6.25731194755292,11,1,22,0,5,0.9248,0.5111,0.4807,0.188,1.2403,0
600000000.0,0.0,0.0,5490.0,962.0,3.7482436022507,27,0,8,4,6,0.9248,0.5111,0.4807,0.188,1.2403,0
600000000.0,0.0,0.0,5490.0,962.0,3.7482436022507,27,0,8,4,6,0.9248,0.5111,0.4807,0.188,1.2403,0
600000000.0,0.0,0.0,5719.0,1194.0,3.32142102823986,38,0,12,6,6,0.9248,0.5111,0.4807,0.188,1.2403,0
617200000.0,0.0,0.0,0.0,15430.0,7.80786558941098,3,0,8,1,0,0.9248,0.5111,0.4807,0.188,1.2403,0
103000000.0,0.0,0.0,1701.0,400.0,7.07554678230017,7,1,20,2,3,0.9248,0.5111,0.4807,0.188,1.2403,0
160000000.0,0.0,0.0,0.0,734.0,0.584458128922822,14,0,12,0,3,0.9248,0.5111,0.4807,0.188,1.2403,0
135000000.0,0.0,0.0,700.0,259.71,1.41911133402526,19,0,12,0,1,0.9248,0.5111,0.4807,0.188,1.2403,0
170000000.0,0.0,0.0,0.0,2244.0,1.74104743107726,0,0,8,2,1,0.9248,0.5111,0.4807,0.188,1.2403,0
75300000.0,0.0,0.0,425.0,149.62,2.7369117038673,25,2,12,2,9,0.9248,0.5111,0.4807,0.188,1.2403,0
600000000.0,0.0,0.0,6956.03,2535.0,1.40510830399541,12,0,15,3,2,0.9248,0.5111,0.4807,0.188,1.2403,0
2380000.0,0.0,0.0,18.3,0.0,1.37401459894944,4,0,11,2,0,0.9248,0.5111,0.4807,0.188,1.2403,0
480000000.0,0.0,0.0,5490.0,926.0,3.64076377074438,18,0,12,12,4,0.9248,0.5111,0.4807,0.188,1.2403,0
9040000.0,0.0,0.0,63.0,0.0,8.73421801665623,8,3,6,0,2,0.9248,0.5111,0.4807,0.188,1.2403,0
400600000.0,0.0,0.0,2700.0,7283.0,7.80786558941098,3,0,8,1,0,0.9248,0.5111,0.4807,0.188,1.2403,0
22470000.0,0.0,0.0,1000.0,518.0,3.56934464205663,1,0,11,1,3,0.9248,0.5111,0.4807,0.188,1.2403,0
500000000.0,0.0,0.0,5490.0,965.0,3.32142102823986,38,0,12,6,6,0.9248,0.5111,0.4807,0.188,1.2403,0
9040000.0,0.0,0.0,61.0,0.0,8.73421801665623,8,3,6,0,2,0.9248,0.5111,0.4807,0.188,1.2403,0
350000000.0,0.0,0.0,3540.0,1338.0,1.40510830399541,12,0,15,3,2,0.9248,0.5111,0.4807,0.188,1.2403,0
250000000.0,0.0,0.0,1800.0,500.0,6.25731194755292,11,1,22,0,5,0.9248,0.5111,0.4807,0.188,1.2403,0
1958100.0,0.0,0.0,18.3,0.0,1.37401459894944,4,0,11,2,0,0.9248,0.5111,0.4807,0.188,1.2403,0
75300000.0,0.0,0.0,425.0,149.62,2.7369117038673,25,2,12,2,9,0.9248,0.5111,0.4807,0.188,1.2403,0
350000000.0,0.0,0.0,3365.84,1338.3,1.40510830399541,12,0,15,3,2,0.9248,0.5111,0.4807,0.188,1.2403,0
250000000.0,0.0,0.0,1800.0,417.0,7.85333136183725,9,0,1,0,3,0.9248,0.5111,0.4807,0.188,1.2403,0
1779900000.0,0.0,0.0,5900.0,5933.0,5.8785414560789,28,5,20,2,13,0.9248,0.5111,0.4807,0.188,1.2403,0
661799999.9999999,0.0,0.0,0.0,4412.0,0.584458128922822,14,0,12,0,3,0.9248,0.5111,0.4807,0.188,1.2403,0
55500000.0,0.0,0.0,767.5,153.5,6.25731194755292,11,1,22,0,5,0.9248,0.5111,0.4807,0.188,1.2403,0
200000000.0,0.0,0.0,2161.0,881.5499999999998,1.47959727560549,11,0,13,3,2,0.9248,0.5111,0.4807,0.188,1.2403,0
500000000.0,0.0,0.0,5490.0,965.0,3.7482436022507,27,0,8,4,6,0.9248,0.5111,0.4807,0.188,1.2403,0
290610000.0,0.0,0.0,0.0,1614.5,5.8785414560789,28,5,20,2,13,0.9248,0.5111,0.4807,0.188,1.2403,0
15763999.999999998,0.0,0.0,78.81999999999998,0.0,1.95893669978476,24,1,14,3,3,0.9248,0.5111,0.4807,0.188,1.2403,0
75300000.0,0.0,0.0,425.0,149.62,2.7369117038673,25,2,12,2,9,0.9248,0.5111,0.4807,0.188,1.2403,0
85000000.0,0.0,0.0,1000.0,382.0,5.26968245317765,12,0,10,2,6,0.9248,0.5111,0.4807,0.188,1.2403,0
135000000.0,0.0,0.0,1400.0,1851.0,3.56934464205663,1,0,11,1,3,0.9248,0.5111,0.4807,0.188,1.2403,0
420000000.0,0.0,0.0,9114.65,2763.32,1.40510830399541,12,0,15,3,2,0.9248,0.5111,0.4807,0.188,1.2403,0
420000000.0,0.0,0.0,9173.0,2763.0,1.40510830399541,12,0,15,3,2,0.9248,0.5111,0.4807,0.188,1.2403,0
600000000.0,0.0,0.0,6870.0,2535.0,1.40510830399541,12,0,15,3,2,0.9248,0.5111,0.4807,0.188,1.2403,0
200000000.0,0.0,0.0,2161.0,881.5499999999998,1.47959727560549,11,0,13,3,2,0.9248,0.5111,0.4807,0.188,1.2403,0
200000000.0,0.0,0.0,2161.0,881.5499999999998,1.47959727560549,11,0,13,3,2,0.9248,0.5111,0.4807,0.188,1.2403,0
35000000.0,0.0,0.0,0.0,206.4,7.80786558941098,3,0,8,1,0,0.9248,0.5111,0.4807,0.188,1.2403,0
595000000.0,0.0,0.0,5100.0,1700.0,7.80786558941098,3,0,8,1,0,0.9248,0.5111,0.4807,0.188,1.2403,0
21280000.0,0.0,0.0,135.5,0.0,8.73421801665623,8,3,6,0,2,0.9248,0.5111,0.4807,0.188,1.2403,0
9040000.0,0.0,0.0,61.0,0.0,8.73421801665623,8,3,6,0,2,0.9248,0.5111,0.4807,0.188,1.2403,0
1958100.0,0.0,0.0,18.3,0.0,1.37401459894944,4,0,11,2,0,0.9248,0.5111,0.4807,0.188,1.2403,0
500000000.0,0.0,0.0,1000.0,2000.0,3.2392658836567,11,1,15,7,5,0.9248,0.5111,0.4807,0.188,1.2403,0
70573000.0,0.0,0.0,229.0,0.0,1.97779678215156,27,2,9,10,6,0.9248,0.5111,0.4807,0.188,1.2403,0
65000000.0,0.0,0.0,1300.0,420.0,2.6021684232432,18,1,12,2,6,0.9248,0.5111,0.4807,0.188,1.2403,0
21000000.0,0.0,0.0,0.0,391.0,5.13957722878977,0,0,7,0,0,0.9248,0.5111,0.4807,0.188,1.2403,0
90000000.0,0.0,0.0,916.0,0.0,5.8785414560789,28,5,20,2,13,0.9248,0.5111,0.4807,0.188,1.2403,0
98400000.0,0.0,0.0,0.0,615.0,4.72859644494318,45,3,16,2,9,0.3825,0.001,0.0905,0.1966,1.1,0
60000000.0,0.0,0.0,433.0,433.0,5.8785414560789,28,5,20,2,13,0.9248,0.5111,0.4807,0.188,1.2403,0
170000000.0,0.0,0.0,1500.0,728.5,3.8280010158566,43,0,19,3,4,0.9248,0.5111,0.4807,0.188,1.2403,0
170000000.0,0.0,0.0,1500.0,728.5,3.8280010158566,43,0,19,3,4,0.9248,0.5111,0.4807,0.188,1.2403,0
167999999.99999997,0.0,0.0,1206.0,0.0,8.73421801665623,8,3,6,0,2,0.9248,0.5111,0.4807,0.188,1.2403,0
167999999.99999997,0.0,0.0,1206.0,0.0,8.73421801665623,8,3,6,0,2,0.9248,0.5111,0.4807,0.188,1.2403,0
200000000.0,0.0,0.0,0.0,1080.0,3.50583745435805,8,1,13,8,5,0.9248,0.5111,0.4807,0.188,1.2403,0
350000000.0,0.0,0.0,3366.0,1338.0,1.40510830399541,12,0,15,3,2,0.9248,0.5111,0.4807,0.188,1.2403,0
65000000.0,0.0,0.0,1031.6,809.0,6.25731194755292,11,1,22,0,5,0.9248,0.5111,0.4807,0.188,1.2403,0
167999999.99999997,0.0,0.0,1206.0,0.0,8.73421801665623,8,3,6,0,2,0.9248,0.5111,0.4807,0.188,1.2403,0
600000000.0,0.0,0.0,5490.0,965.0,4.68081921879901,18,1,8,0,4,0.46,0.3905,0.3591,0.359,0.6528,0
110000000.0,0.0,0.0,1000.0,2000.0,5.8785414560789,28,5,20,2,13,0.9248,0.5111,0.4807,0.188,1.2403,0
170000000.0,0.0,0.0,1500.0,728.0,3.64076377074438,18,0,12,12,4,0.9248,0.5111,0.4807,0.188,1.2403,0
170000000.0,0.0,0.0,1500.0,728.5,3.64076377074438,18,0,12,12,4,0.9248,0.5111,0.4807,0.188,1.2403,0
170000000.0,0.0,0.0,1500.0,728.5,3.64076377074438,18,0,12,12,4,0.9248,0.5111,0.4807,0.188,1.2403,0
110000000.0,0.0,0.0,1700.0,400.0,7.80786558941098,3,0,8,1,0,0.9248,0.5111,0.4807,0.188,1.2403,0
167999999.99999997,0.0,0.0,1206.0,0.0,8.73421801665623,8,3,6,0,2,0.9248,0.5111,0.4807,0.188,1.2403,0
167999999.99999997,0.0,0.0,1206.0,0.0,8.73421801665623,8,3,6,0,2,0.9248,0.5111,0.4807,0.188,1.2403,0
250000000.0,0.0,0.0,1800.0,417.0,7.55974790906917,11,2,10,6,6,0.9248,0.5111,0.4807,0.188,1.2403,0
580000000.0,0.0,0.0,7402.0,700.0,1.94417551008589,17,1,11,8,9,0.9248,0.5111,0.4807,0.188,1.2403,0
198000000.0,0.0,0.0,1712.0,401.0,2.97523817431358,36,1,12,6,8,0.9248,0.5111,0.4807,0.188,1.2403,0
350000000.0,0.0,0.0,6956.0,2535.0,1.40510830399541,12,0,15,3,2,0.9248,0.5111,0.4807,0.188,1.2403,0
68000000.0,0.0,0.0,0.0,232.0,2.54986964866086,2,0,10,1,6,0.9248,0.5111,0.4807,0.188,1.2403,0
170000000.0,0.0,0.0,1500.0,728.0,3.8280010158566,43,0,19,3,4,0.9248,0.5111,0.4807,0.188,1.2403,0
200000000.0,0.0,0.0,2175.0,882.0,1.40510830399541,12,0,15,3,2,0.9248,0.5111,0.4807,0.188,1.2403,0
17000000.0,0.0,0.0,178.0,82.0,0.584458128922822,14,0,12,0,3,0.9248,0.5111,0.4807,0.188,1.2403,0
130000000.0,0.0,0.0,840.0,385.0,2.34637703285556,22,1,12,1,5,0.9248,0.5111,0.4807,0.188,1.2403,0
130000000.0,0.0,0.0,840.0,385.0,2.34637703285556,22,1,12,1,5,0.9248,0.5111,0.4807,0.188,1.2403,0
167999999.99999997,0.0,0.0,1206.0,0.0,8.73421801665623,8,3,6,0,2,0.9248,0.5111,0.4807,0.188,1.2403,0
167999999.99999997,0.0,0.0,1206.0,0.0,8.73421801665623,8,3,6,0,2,0.9248,0.5111,0.4807,0.188,1.2403,0
35000000.0,0.0,0.0,414.0,240.0,1.97779678215156,27,2,9,10,6,0.9248,0.5111,0.4807,0.188,1.2403,0
57999999.99999999,0.0,0.0,668.0,167.0,2.60594873270773,21,0,12,5,7,0.9248,0.5111,0.4807,0.188,1.2403,0
59000000.0,0.0,0.0,1491.0,655.0,5.8785414560789,28,5,20,2,13,0.9248,0.5111,0.4807,0.188,1.2403,0
170000011.0,0.0,0.0,1500.0,728.0,3.64076377074438,18,0,12,12,4,0.9248,0.5111,0.4807,0.188,1.2403,0
149000000.0,0.0,0.0,1800.0,498.0,4.68081921879901,18,1,8,0,4,0.46,0.3905,0.3591,0.359,0.6528,0
167999999.99999997,0.0,0.0,1206.0,0.0,8.73421801665623,8,3,6,0,2,0.9248,0.5111,0.4807,0.188,1.2403,0
190000000.0,0.0,0.0,1600.0,420.0,3.64076377074438,18,0,12,12,4,0.9248,0.5111,0.4807,0.188,1.2403,0
420000000.0,0.0,0.0,9115.0,2763.0,1.40510830399541,12,0,15,3,2,0.9248,0.5111,0.4807,0.188,1.2403,0
127981227.0,0.0,0.0,322.0,0.0,1.97779678215156,27,2,9,10,6,0.9248,0.5111,0.4807,0.188,1.2403,0
15500000.0,0.0,0.0,252.0,0.0,3.56934464205663,1,0,11,1,3,0.9248,0.5111,0.4807,0.188,1.2403,0
852150000.0,0.0,0.0,0.0,13110.0,1.74104743107726,0,0,8,2,1,0.9248,0.5111,0.4807,0.188,1.2403,0
500000000.0,0.0,0.0,5490.0,965.0,3.7482436022507,27,0,8,4,6,0.9248,0.5111,0.4807,0.188,1.2403,0
155000000.0,0.0,0.0,596.0,1080.0,3.2392658836567,11,1,15,7,5,0.9248,0.5111,0.4807,0.188,1.2403,0
60000000.0,0.0,0.0,1100.0,220.0,4.61678986532562,42,1,22,2,5,0.9248,0.5111,0.4807,0.188,1.2403,0
61080000.0,0.0,0.0,0.0,509.0,1.72686951265089,24,0,13,1,9,0.9248,0.5111,0.4807,0.188,1.2403,0
75000000.0,0.0,0.0,1249.6,809.0,0.460717362062384,10,0,6,0,1,0.9248,0.5111,0.4807,0.188,1.2403,0
226000000.0,0.0,0.0,1600.0,2085.0,3.15171432406046,14,0,11,3,1,0.9248,0.5111,0.4807,0.188,1.2403,0
60000000.0,0.0,0.0,881.0,246.0,1.97779678215156,27,2,9,10,6,0.9248,0.5111,0.4807,0.188,1.2403,0
102000000.0,0.0,0.0,1600.0,749.0,3.56934464205663,1,0,11,1,3,0.9248,0.5111,0.4807,0.188,1.2403,0
180000000.0,0.0,0.0,3000.0,385.0,5.8785414560789,28,5,20,2,13,0.9248,0.5111,0.4807,0.188,1.2403,0
420000000.0,0.0,0.0,3000.0,914.0,2.54986964866086,2,0,10,1,6,0.9248,0.5111,0.4807,0.188,1.2403,0
290610000.0,0.0,0.0,1614.5,0.0,3.50583745435805,8,1,13,8,5,0.9248,0.5111,0.4807,0.188,1.2403,0
126000000.0,0.0,0.0,0.0,840.0,2.88792906961565,20,1,8,3,5,0.9248,0.5111,0.4807,0.188,1.2403,0
400000000.0,0.0,0.0,3301.9,2000.0,3.2392658836567,11,1,15,7,5,0.9248,0.5111,0.4807,0.188,1.2403,0
714000000.0,0.0,0.0,1450.0,1450.0,7.87812974351034,9,0,15,0,1,0.9248,0.5111,0.4807,0.188,1.2403,0
250000000.0,0.0,0.0,1800.0,417.0,7.55974790906917,11,2,10,6,6,0.9248,0.5111,0.4807,0.188,1.2403,0
1726200000.0,0.0,0.0,0.0,3836.0,4.72859644494318,45,3,16,2,9,0.3825,0.001,0.0905,0.1966,1.1,0
11888200.0,0.0,0.0,110.0,80.0,5.26968245317765,12,0,10,2,6,0.9248,0.5111,0.4807,0.188,1.2403,0
36000000.0,0.0,0.0,600.0,640.0,1.37401459894944,4,0,11,2,0,0.9248,0.5111,0.4807,0.188,1.2403,0
280000000.0,0.0,0.0,2000.0,3000.0,7.80786558941098,3,0,8,1,0,0.9248,0.5111,0.4807,0.188,1.2403,0
280000000.0,0.0,0.0,0.0,3000.0,7.80786558941098,3,0,8,1,0,0.9248,0.5111,0.4807,0.188,1.2403,0
1586589004.0,0.0,0.0,0.0,22324.0,7.80786558941098,3,0,8,1,0,0.9248,0.5111,0.4807,0.188,1.2403,1
35000000.0,0.0,0.0,1158.0,193.0,5.8785414560789,28,5,20,2,13,0.9248,0.5111,0.4807,0.188,1.2403,0
600000000.0,0.0,0.0,5490.0,965.0,3.7482436022507,27,0,8,4,6,0.9248,0.5111,0.4807,0.188,1.2403,0
420000000.0,0.0,0.0,9114.65,2763.32,1.40510830399541,12,0,15,3,2,0.9248,0.5111,0.4807,0.188,1.2403,0
15000000.0,0.0,0.0,165.0,67.5,3.34269701345309,17,2,9,6,7,0.9248,0.5111,0.4807,0.188,1.2403,0
110000000.0,0.0,0.0,0.0,1000.0,5.8785414560789,28,5,20,2,13,0.9248,0.5111,0.4807,0.188,1.2403,0
75300000.0,0.0,0.0,425.0,149.0,3.7482436022507,27,0,8,4,6,0.9248,0.5111,0.4807,0.188,1.2403,0
600000000.0,0.0,0.0,5490.0,965.0,3.7482436022507,27,0,8,4,6,0.9248,0.5111,0.4807,0.188,1.2403,0
7000000.0,0.0,0.0,89.0,80.0,7.80786558941098,3,0,8,1,0,0.9248,0.5111,0.4807,0.188,1.2403,0
600000000.0,0.0,0.0,5719.0,1194.0,4.72859644494318,45,3,16,2,9,0.3825,0.001,0.0905,0.1966,1.1,0
290610000.0,0.0,0.0,1614.5,0.0,3.50583745435805,8,1,13,8,5,0.9248,0.5111,0.4807,0.188,1.2403,0
90800000.0,0.0,0.0,1135.0,0.0,6.80644121666006,0,1,15,0,6,0.9248,0.5111,0.4807,0.188,1.2403,0
138876404.0,0.0,0.0,1648.0,0.0,5.8785414560789,28,5,20,2,13,0.9248,0.5111,0.4807,0.188,1.2403,0
395000000.0,0.0,0.0,0.0,880.0,2.61248239996725,10,0,14,2,2,0.9248,0.5111,0.4807,0.188,1.2403,0
60000000.0,0.0,0.0,1061.0,300.0,6.25731194755292,11,1,22,0,5,0.9248,0.5111,0.4807,0.188,1.2403,0
82776000.0,0.0,0.0,413.88,2812.0,1.95893669978476,24,1,14,3,3,0.9248,0.5111,0.4807,0.188,1.2403,0
7033600.0,0.0,0.0,110.0,71.0,5.26968245317765,12,0,10,2,6,0.9248,0.5111,0.4807,0.188,1.2403,0
115000000.0,0.0,0.0,1400.0,1851.0,3.56934464205663,1,0,11,1,3,0.9248,0.5111,0.4807,0.188,1.2403,0
30485000.0,0.0,0.0,400.0,234.5,4.46675937793218,10,0,14,0,2,0.9248,0.5111,0.4807,0.188,1.2403,0
60000000.0,0.0,0.0,0.0,477.9,1.25091495351108,26,0,16,4,5,0.9248,0.5111,0.4807,0.188,1.2403,0
1779900000.0,0.0,0.0,0.0,5933.0,1.37401459894944,4,0,11,2,0,0.9248,0.5111,0.4807,0.188,1.2403,0
8200000.0,0.0,0.0,73.0,0.0,2.54986964866086,2,0,10,1,6,0.9248,0.5111,0.4807,0.188,1.2403,0
260000000.0,0.0,0.0,1782.6,3891.0,4.47899422617535,14,0,12,4,4,0.9248,0.5111,0.4807,0.188,1.2403,0
420000000.0,0.0,0.0,9173.0,2763.32,1.40510830399541,12,0,15,3,2,0.9248,0.5111,0.4807,0.188,1.2403,0
225000000.0,0.0,0.0,1700.0,597.0,4.72859644494318,45,3,16,2,9,0.3825,0.001,0.0905,0.1966,1.1,0
500000000.0,0.0,0.0,5490.0,965.0,3.64076377074438,18,0,12,12,4,0.9248,0.5111,0.4807,0.188,1.2403,0
600000000.0,0.0,0.0,5490.0,965.0,3.7482436022507,27,0,8,4,6,0.9248,0.5111,0.4807,0.188,1.2403,0
225000000.0,0.0,0.0,2140.0,597.0,4.71590507124514,37,3,16,1,6,0.9248,0.5111,0.4807,0.188,1.2403,0
500000000.0,0.0,0.0,5490.0,965.0,3.7482436022507,27,0,8,4,6,0.9248,0.5111,0.4807,0.188,1.2403,0
260000000.0,0.0,0.0,1782.91,3891.0,4.47899422617535,14,0,12,4,4,0.9248,0.5111,0.4807,0.188,1.2403,0
500000000.0,0.0,0.0,2000.0,1584.0,2.19108855571747,19,2,8,3,3,0.9248,0.5111,0.4807,0.188,1.2403,0
160000000.0,0.0,0.0,1000.0,2628.0,0.460717362062384,10,0,6,0,1,0.9248,0.5111,0.4807,0.188,1.2403,0
200000000.0,0.0,0.0,2161.0,882.0,1.40510830399541,12,0,15,3,2,0.9248,0.5111,0.4807,0.188,1.2403,0
25697117.0,0.0,0.0,104.0,0.0,3.7482436022507,27,0,8,4,6,0.9248,0.5111,0.4807,0.188,1.2403,0
130000000.0,0.0,0.0,1400.0,1851.0,3.56934464205663,1,0,11,1,3,0.9248,0.5111,0.4807,0.188,1.2403,0
395720000.00000006,0.0,0.0,4446.0,4329.0,0.584458128922822,14,0,12,0,3,0.9248,0.5111,0.4807,0.188,1.2403,0
292500000.0,0.0,0.0,0.0,0.0,7.87812974351034,9,0,15,0,1,0.9248,0.5111,0.4807,0.188,1.2403,0
225000000.0,0.0,0.0,1700.0,597.0,4.72859644494318,45,3,16,2,9,0.3825,0.001,0.0905,0.1966,1.1,0
420000000.0,0.0,0.0,9173.0,2763.32,1.40510830399541,12,0,15,3,2,0.9248,0.5111,0.4807,0.188,1.2403,0
151800000.0,0.0,0.0,0.0,690.0,3.64076377074438,18,0,12,12,4,0.9248,0.5111,0.4807,0.188,1.2403,0
175000000.0,0.0,0.0,1800.0,500.0,1.38006743939094,10,0,16,3,1,0.9248,0.5111,0.4807,0.188,1.2403,0
250000000.0,0.0,0.0,1900.0,1900.0,2.49219091321627,20,1,11,2,5,0.9248,0.5111,0.4807,0.188,1.2403,0
40000000.0,0.0,0.0,155.0,0.0,8.73421801665623,8,3,6,0,2,0.9248,0.5111,0.4807,0.188,1.2403,0
84300000.0,0.0,0.0,0.0,562.0,1.59951308145731,24,0,13,1,5,0.9248,0.5111,0.4807,0.188,1.2403,0
420000000.0,0.0,0.0,9114.65,2763.32,1.38006743939094,10,0,16,3,1,0.9248,0.5111,0.4807,0.188,1.2403,0
75300000.0,0.0,0.0,425.0,149.0,3.32142102823986,38,0,12,6,6,0.9248,0.5111,0.4807,0.188,1.2403,0
500000000.0,0.0,0.0,2000.0,2000.0,2.49219091321627,20,1,11,2,5,0.9248,0.5111,0.4807,0.188,1.2403,0
43164799.99999999,0.0,0.0,385.0,384.4,4.68081921879901,18,1,8,0,4,0.46,0.3905,0.3591,0.359,0.6528,0
350000000.0,0.0,0.0,3540.0,1338.3,1.40510830399541,12,0,15,3,2,0.9248,0.5111,0.4807,0.188,1.2403,0
12899999.999999998,0.0,0.0,56.0,0.0,2.35994782718808,15,2,11,3,3,0.9248,0.5111,0.4807,0.188,1.2403,0
290610000.0,0.0,0.0,1614.5,0.0,3.50583745435805,8,1,13,8,5,0.9248,0.5111,0.4807,0.188,1.2403,0
40000000.0,0.0,0.0,600.0,165.0,2.54986964866086,2,0,10,1,6,0.9248,0.5111,0.4807,0.188,1.2403,0
20000000.0,0.0,0.0,195.0,195.0,2.7369117038673,25,2,12,2,9,0.9248,0.5111,0.4807,0.188,1.2403,0
600000000.0,0.0,0.0,6870.0,2535.0,1.40510830399541,12,0,15,3,2,0.9248,0.5111,0.4807,0.188,1.2403,0
480000000.0,0.0,0.0,5490.0,962.0,4.68081921879901,18,1,8,0,4,0.46,0.3905,0.3591,0.359,0.6528,0
200000000.0,0.0,0.0,2161.0,851.5499999999998,1.40510830399541,12,0,15,3,2,0.9248,0.5111,0.4807,0.188,1.2403,0
175000000.0,0.0,0.0,0.0,903.0,2.54986964866086,2,0,10,1,6,0.9248,0.5111,0.4807,0.188,1.2403,0
135000000.0,0.0,0.0,1400.0,1851.0,3.56934464205663,1,0,11,1,3,0.9248,0.5111,0.4807,0.188,1.2403,0
75300000.0,0.0,0.0,146.62,425.0,3.64076377074438,18,0,12,12,4,0.9248,0.5111,0.4807,0.188,1.2403,0
311049000.0,0.0,0.0,0.0,818.5499999999998,2.54986964866086,2,0,10,1,6,0.9248,0.5111,0.4807,0.188,1.2403,0
120000000.0,0.0,0.0,486.0,600.0,0.858887033250895,23,1,14,1,10,0.9248,0.5111,0.4807,0.188,1.2403,0
35000000.0,0.0,0.0,1158.0,193.0,5.8785414560789,28,5,20,2,13,0.9248,0.5111,0.4807,0.188,1.2403,0
75290000.0,0.0,0.0,410.0,149.62,3.64076377074438,18,0,12,12,4,0.9248,0.5111,0.4807,0.188,1.2403,0
20000000.0,0.0,0.0,68.0,136.44,5.8785414560789,28,5,20,2,13,0.9248,0.5111,0.4807,0.188,1.2403,0
3400000.0,0.0,0.0,68.0,0.0,4.5836883786199,38,0,20,2,5,0.9248,0.5111,0.4807,0.188,1.2403,0
11427000.0,0.0,0.0,159.15,0.0,2.16465779305501,22,2,9,4,5,0.9248,0.5111,0.4807,0.188,1.2403,0
500000000.0,0.0,0.0,2312.0,2000.0,3.2392658836567,11,1,15,7,5,0.9248,0.5111,0.4807,0.188,1.2403,0
130000000.0,0.0,0.0,1197.0,1851.0,3.56934464205663,1,0,11,1,3,0.9248,0.5111,0.4807,0.188,1.2403,0
200000000.0,0.0,0.0,2173.2,881.5499999999998,1.40510830399541,12,0,15,3,2,0.9248,0.5111,0.4807,0.188,1.2403,0
70000000.0,0.0,0.0,900.0,339.0,1.695004190322,22,1,18,1,3,0.9248,0.5111,0.4807,0.188,1.2403,0
225000000.0,0.0,0.0,2140.0,587.0,2.49219091321627,20,1,11,2,5,0.9248,0.5111,0.4807,0.188,1.2403,0
130000000.0,0.0,0.0,700.0,863.0,5.8785414560789,28,5,20,2,13,0.9248,0.5111,0.4807,0.188,1.2403,0
110000000.0,0.0,0.0,1700.0,400.0,7.80786558941098,3,0,8,1,0,0.9248,0.5111,0.4807,0.188,1.2403,0
1048800000.0,0.0,0.0,0.0,13110.0,5.13957722878977,0,0,7,0,0,0.9248,0.5111,0.4807,0.188,1.2403,0
219998900.0,0.0,0.0,1600.0,2085.0,2.54986964866086,2,0,10,1,6,0.9248,0.5111,0.4807,0.188,1.2403,0
165000000.0,0.0,0.0,2250.0,450.0,4.16338733396283,55,0,18,2,5,0.9248,0.5111,0.4807,0.188,1.2403,0
15960000.0,0.0,0.0,110.8,0.0,8.30757435425557,8,2,7,0,3,0.9248,0.5111,0.4807,0.188,1.2403,0
60000000.0,0.0,0.0,800.0,433.0,5.8785414560789,28,5,20,2,13,0.9248,0.5111,0.4807,0.188,1.2403,0
70573000.0,0.0,0.0,229.0,45.0,1.97779678215156,27,2,9,10,6,0.9248,0.5111,0.4807,0.188,1.2403,0
65000000.0,0.0,0.0,700.0,289.0,5.8785414560789,28,5,20,2,13,0.9248,0.5111,0.4807,0.188,1.2403,0
650000000.0,0.0,0.0,0.0,1357.0,3.64076377074438,18,0,12,12,4,0.9248,0.5111,0.4807,0.188,1.2403,0
216000000.0,0.0,0.0,0.0,1800.0,2.54986964866086,2,0,10,1,6,0.9248,0.5111,0.4807,0.188,1.2403,0
190000000.0,0.0,0.0,3000.0,814.0,7.80786558941098,3,0,8,1,0,0.9248,0.5111,0.4807,0.188,1.2403,0
95000000.0,0.0,0.0,1200.0,300.0,5.84239104111134,30,5,20,2,13,0.9248,0.5111,0.4807,0.188,1.2403,0
16000000.0,0.0,0.0,106.0,0.0,2.54986964866086,2,0,10,1,6,0.9248,0.5111,0.4807,0.188,1.2403,0
5700000000.000001,0.0,0.0,1211.0,1600.0,2.49219091321627,20,1,11,2,5,0.9248,0.5111,0.4807,0.188,1.2403,0
8000000.0,0.0,0.0,63.0,0.0,8.73421801665623,8,3,6,0,2,0.9248,0.5111,0.4807,0.188,1.2403,0
18000000.0,0.0,0.0,178.0,82.0,0.584458128922822,14,0,12,0,3,0.9248,0.5111,0.4807,0.188,1.2403,0
215000000.0,0.0,0.0,2000.0,900.0,6.25731194755292,11,1,22,0,5,0.9248,0.5111,0.4807,0.188,1.2403,0
550000000.0,0.0,0.0,7402.0,700.0,1.09625479192234,28,1,21,4,2,0.9248,0.5111,0.4807,0.188,1.2403,0
70000000.0,0.0,0.0,600.0,480.0,6.25731194755292,11,1,22,0,5,0.9248,0.5111,0.4807,0.188,1.2403,0
75300000.0,0.0,0.0,425.0,149.0,3.43837337716789,42,0,14,3,6,0.9248,0.5111,0.4807,0.188,1.2403,0
18500000.0,0.0,0.0,141.96,0.0,1.95893669978476,24,1,14,3,3,0.9248,0.5111,0.4807,0.188,1.2403,0
75300000.0,0.0,0.0,410.0,149.0,2.7369117038673,25,2,12,2,9,0.9248,0.5111,0.4807,0.188,1.2403,0
135000000.0,0.0,0.0,1400.0,1851.0,6.64522028833831,7,0,8,1,2,0.9248,0.5111,0.4807,0.188,1.2403,0
100800000.0,0.0,0.0,0.0,840.0,2.54986964866086,2,0,10,1,6,0.9248,0.5111,0.4807,0.188,1.2403,0
250000000.0,0.0,0.0,1800.0,417.0,7.85333136183725,9,0,1,0,3,0.9248,0.5111,0.4807,0.188,1.2403,0
260000000.0,0.0,0.0,1782.0,3891.0,7.80786558941098,3,0,8,1,0,0.9248,0.5111,0.4807,0.188,1.2403,0
55000000.0,0.0,0.0,590.0,118.0,0.584458128922822,14,0,12,0,3,0.9248,0.5111,0.4807,0.188,1.2403,0
85350000.0,0.0,0.0,310.0,569.0,1.72686951265089,24,0,13,1,9,0.9248,0.5111,0.4807,0.188,1.2403,0
225000000.0,0.0,0.0,2140.0,597.0,4.95820842835087,49,5,17,1,9,0.3825,0.001,0.0905,0.1966,1.1,0
225000000.0,0.0,0.0,1700.0,597.0,4.72859644494318,45,3,16,2,9,0.3825,0.001,0.0905,0.1966,1.1,0
197900000.0,0.0,0.0,1800.0,417.0,7.55974790906917,11,2,10,6,6,0.9248,0.5111,0.4807,0.188,1.2403,0
55000000.0,0.0,0.0,2000.0,404.0,5.8785414560789,28,5,20,2,13,0.9248,0.5111,0.4807,0.188,1.2403,0
75290000.0,0.0,0.0,440.0,149.62,3.64076377074438,18,0,12,12,4,0.9248,0.5111,0.4807,0.188,1.2403,0
499990000.0,0.0,0.0,5490.0,926.0,2.54986964866086,2,0,10,1,6,0.9248,0.5111,0.4807,0.188,1.2403,0
41999999.99999999,0.0,0.0,600.0,296.0,5.8785414560789,28,5,20,2,13,0.9248,0.5111,0.4807,0.188,1.2403,0
14070000.0,0.0,0.0,110.8,0.0,8.73421801665623,8,3,6,0,2,0.9248,0.5111,0.4807,0.188,1.2403,0
17200000.0,0.0,0.0,135.5,0.0,8.73421801665623,8,3,6,0,2,0.9248,0.5111,0.4807,0.188,1.2403,0
138876404.0,0.0,0.0,0.0,1648.0,0.566684227651902,9,0,7,0,2,0.9248,0.5111,0.4807,0.188,1.2403,0
90000000.0,0.0,0.0,0.0,232.0,5.10528284478768,66,2,8,1,12,0.9248,0.5111,0.4807,0.188,1.2403,0
100000000.0,0.0,0.0,336.0,0.0,6.25731194755292,11,1,22,0,5,0.9248,0.5111,0.4807,0.188,1.2403,0
55000000.0,0.0,0.0,0.0,478.0,0.908985640131905,36,1,17,1,7,0.9248,0.5111,0.4807,0.188,1.2403,0
8300000.0,0.0,0.0,73.0,0.0,5.8785414560789,28,5,20,2,13,0.9248,0.5111,0.4807,0.188,1.2403,0
198000000.0,0.0,0.0,1800.0,480.0,8.73421801665623,8,3,6,0,2,0.9248,0.5111,0.4807,0.188,1.2403,0
120000000.0,0.0,0.0,0.0,722.0,2.54986964866086,2,0,10,1,6,0.9248,0.5111,0.4807,0.188,1.2403,0
208650000.0,0.0,0.0,2300.0,1391.0,2.49219091321627,20,1,11,2,5,0.9248,0.5111,0.4807,0.188,1.2403,0
173385000.0,0.0,0.0,400.0,385.3,2.49219091321627,20,1,11,2,5,0.9248,0.5111,0.4807,0.188,1.2403,0
17000000.0,0.0,0.0,178.0,82.0,0.584458128922822,14,0,12,0,3,0.9248,0.5111,0.4807,0.188,1.2403,0
661799999.9999999,0.0,0.0,0.0,4412.0,0.584458128922822,14,0,12,0,3,0.9248,0.5111,0.4807,0.188,1.2403,0
6177999.999999999,0.0,0.0,79.0,0.0,2.16465779305501,22,2,9,4,5,0.9248,0.5111,0.4807,0.188,1.2403,0
4244000.0,0.0,0.0,54.27,0.0,2.16465779305501,22,2,9,4,5,0.9248,0.5111,0.4807,0.188,1.2403,0
500000000.0,0.0,0.0,5490.0,965.0,2.54986964866086,2,0,10,1,6,0.9248,0.5111,0.4807,0.188,1.2403,0
99000000.0,0.0,0.0,1560.0,409.0,3.56934464205663,1,0,11,1,3,0.9248,0.5111,0.4807,0.188,1.2403,0
500000000.0,0.0,0.0,5490.0,965.0,3.32142102823986,38,0,12,6,6,0.9248,0.5111,0.4807,0.188,1.2403,0
225000000.0,0.0,0.0,2140.0,597.0,4.72859644494318,45,3,16,2,9,0.3825,0.001,0.0905,0.1966,1.1,0
70000000.0,0.0,0.0,0.0,220.0,6.72859340564003,21,0,13,6,9,0.9248,0.5111,0.4807,0.188,1.2403,0
164000000.0,0.0,0.0,3000.0,814.0,5.55598656210256,35,0,27,2,12,0.9248,0.5111,0.4807,0.188,1.2403,0
131320000.0,0.0,0.0,0.0,1340.0,2.54986964866086,2,0,10,1,6,0.9248,0.5111,0.4807,0.188,1.2403,0
79949999.99999999,0.0,0.0,700.0,480.0,5.74538298808058,19,1,24,0,6,0.9248,0.5111,0.4807,0.188,1.2403,0
300000000.0,0.0,0.0,1200.0,310.0,5.26968245317765,12,0,10,2,6,0.9248,0.5111,0.4807,0.188,1.2403,0
120000000.0,0.0,0.0,1500.0,410.0,0.620224953610663,40,3,22,3,6,0.9248,0.5111,0.4807,0.188,1.2403,0
40180000.0,0.0,0.0,0.0,574.0,1.38006743939094,10,0,16,3,1,0.9248,0.5111,0.4807,0.188,1.2403,0
85500000.0,0.0,0.0,916.0,232.0,5.84239104111134,30,5,20,2,13,0.9248,0.5111,0.4807,0.188,1.2403,0
14320000.0,0.0,0.0,199.43,0.0,2.16465779305501,22,2,9,4,5,0.9248,0.5111,0.4807,0.188,1.2403,0
14695000.0,0.0,0.0,204.66,0.0,2.16465779305501,22,2,9,4,5,0.9248,0.5111,0.4807,0.188,1.2403,0
600000000.0,0.0,0.0,5490.0,965.0,2.97523817431358,36,1,12,6,8,0.9248,0.5111,0.4807,0.188,1.2403,0
216000000.0,0.0,0.0,0.0,1800.0,5.8785414560789,28,5,20,2,13,0.9248,0.5111,0.4807,0.188,1.2403,0
216000000.0,0.0,0.0,0.0,1800.0,5.8785414560789,28,5,20,2,13,0.9248,0.5111,0.4807,0.188,1.2403,0
35000000.0,0.0,0.0,450.0,139.0,6.25731194755292,11,1,22,0,5,0.9248,0.5111,0.4807,0.188,1.2403,0
80000000.0,0.0,0.0,410.0,337.5,3.45932428985448,44,0,17,3,8,0.9248,0.5111,0.4807,0.188,1.2403,0
167999999.99999997,0.0,0.0,1026.0,0.0,8.73421801665623,8,3,6,0,2,0.9248,0.5111,0.4807,0.188,1.2403,0
131320000.0,0.0,0.0,0.0,1340.0,7.80786558941098,3,0,8,1,0,0.9248,0.5111,0.4807,0.188,1.2403,0
290610000.0,0.0,0.0,0.0,1614.5,3.75230575877454,2,0,11,1,4,0.9248,0.5111,0.4807,0.188,1.2403,0
90000000.0,0.0,0.0,0.0,232.0,3.64076377074438,18,0,12,12,4,0.9248,0.5111,0.4807,0.188,1.2403,0
70000000.0,0.0,0.0,0.0,232.0,3.64076377074438,18,0,12,12,4,0.9248,0.5111,0.4807,0.188,1.2403,0
68000000.0,0.0,0.0,1200.0,697.0,2.54986964866086,2,0,10,1,6,0.9248,0.5111,0.4807,0.188,1.2403,0
434520000.0,0.0,0.0,0.0,2414.0,0.460717362062384,10,0,6,0,1,0.9248,0.5111,0.4807,0.188,1.2403,0
794160000.0,0.0,0.0,2500.0,4412.0,5.55598656210256,35,0,27,2,12,0.9248,0.5111,0.4807,0.188,1.2403,0
135000000.0,0.0,0.0,1400.0,1851.0,3.56934464205663,1,0,11,1,3,0.9248,0.5111,0.4807,0.188,1.2403,0
62000000.00000001,0.0,0.0,450.0,300.0,4.46675937793218,10,0,14,0,2,0.9248,0.5111,0.4807,0.188,1.2403,0
85000000.0,0.0,0.0,0.0,562.0,2.21512325315315,23,0,17,3,6,0.9248,0.5111,0.4807,0.188,1.2403,0
40000000.0,0.0,0.0,780.0,480.0,0.858887033250895,23,1,14,1,10,0.9248,0.5111,0.4807,0.188,1.2403,0
285000000.0,0.0,0.0,0.0,1500.0,2.49219091321627,20,1,11,2,5,0.9248,0.5111,0.4807,0.188,1.2403,0
110000000.0,0.0,0.0,1350.0,578.0,1.95893669978476,24,1,14,3,3,0.9248,0.5111,0.4807,0.188,1.2403,0
55000000.0,0.0,0.0,0.0,612.0,1.40652439498711,17,0,13,0,1,0.9248,0.5111,0.4807,0.188,1.2403,0
550000000.0,0.0,0.0,7402.0,700.0,0.620224953610663,40,3,22,3,6,0.9248,0.5111,0.4807,0.188,1.2403,0
980000000.0,0.0,0.0,11679.0,3275.0,2.19114052227587,19,2,8,3,3,0.9248,0.5111,0.4807,0.188,1.2403,0
90000000.0,0.0,0.0,1800.0,364.0,1.48349005646623,11,0,13,3,2,0.9248,0.5111,0.4807,0.188,1.2403,0
37815696.0,0.0,0.0,89.0,0.0,2.88792906961565,20,1,8,3,5,0.9248,0.5111,0.4807,0.188,1.2403,0
420000008.0,0.0,0.0,9173.0,2763.0,1.48349005646623,11,0,13,3,2,0.9248,0.5111,0.4807,0.188,1.2403,0
7247500.0,0.0,0.0,144.95,0.0,4.5836883786199,38,0,20,2,5,0.9248,0.5111,0.4807,0.188,1.2403,0
17232000.0,0.0,0.0,240.0,0.0,2.16465779305501,22,2,9,4,5,0.9248,0.5111,0.4807,0.188,1.2403,0
14264000.0,0.0,0.0,182.4,0.0,2.16465779305501,22,2,9,4,5,0.9248,0.5111,0.4807,0.188,1.2403,0
19531000.0,0.0,0.0,249.75,0.0,2.16465779305501,22,2,9,4,5,0.9248,0.5111,0.4807,0.188,1.2403,0
550000000.0,0.0,0.0,2208.0,1147.48,4.68081921879901,18,1,8,0,4,0.46,0.3905,0.3591,0.359,0.6528,0
130000000.0,0.0,0.0,1300.0,470.0,5.8785414560789,28,5,20,2,13,0.9248,0.5111,0.4807,0.188,1.2403,0
7556751.15,0.0,0.0,89.09999999999998,30.5,7.80786558941098,3,0,8,1,0,0.9248,0.5111,0.4807,0.188,1.2403,0
130000000.0,0.0,0.0,1500.0,5000.0,8.87632182230587,12,0,13,5,5,0.9248,0.5111,0.4807,0.188,1.2403,0
101000000.0,0.0,0.0,0.0,506.0,3.8280010158566,43,0,19,3,4,0.9248,0.5111,0.4807,0.188,1.2403,0
120000000.0,0.0,0.0,0.0,722.0,2.54986964866086,2,0,10,1,6,0.9248,0.5111,0.4807,0.188,1.2403,0
590000000.0,0.0,0.0,7625.0,1357.0,3.64076377074438,18,0,12,12,4,0.9248,0.5111,0.4807,0.188,1.2403,0
20000000.0,0.0,0.0,104.65,0.0,5.41543702479793,19,2,11,0,5,0.9248,0.5111,0.4807,0.188,1.2403,0
297000000.0,0.0,0.0,0.0,1500.0,2.88792906961565,20,1,8,3,5,0.9248,0.5111,0.4807,0.188,1.2403,0
297000000.0,0.0,0.0,0.0,1500.0,2.88792906961565,20,1,8,3,5,0.9248,0.5111,0.4807,0.188,1.2403,0
65000000.0,0.0,0.0,637.0,400.0,3.64076377074438,18,0,12,12,4,0.9248,0.5111,0.4807,0.188,1.2403,0
65000000.0,0.0,0.0,637.0,400.0,3.64076377074438,18,0,12,12,4,0.9248,0.5111,0.4807,0.188,1.2403,0
600000000.0,0.0,0.0,5719.0,1194.0,2.7369117038673,25,2,12,2,9,0.9248,0.5111,0.4807,0.188,1.2403,0
49999999.99999999,0.0,0.0,1200.0,500.0,1.40510830399541,12,0,15,3,2,0.9248,0.5111,0.4807,0.188,1.2403,0
65000000.0,0.0,0.0,637.0,400.0,3.64076377074438,18,0,12,12,4,0.9248,0.5111,0.4807,0.188,1.2403,0
114000000.0,0.0,0.0,224.0,600.0,3.45102792447501,43,1,9,12,8,0.9248,0.5111,0.4807,0.188,1.2403,0
40000000.0,0.0,0.0,400.0,1035.0,1.74104743107726,0,0,8,2,1,0.9248,0.5111,0.4807,0.188,1.2403,0
75300000.0,0.0,0.0,425.0,146.62,3.64076377074438,18,0,12,12,4,0.9248,0.5111,0.4807,0.188,1.2403,0
160000000.0,0.0,0.0,1063.0,809.0,0.908985640131905,36,1,17,1,7,0.9248,0.5111,0.4807,0.188,1.2403,0
80000000.0,0.0,0.0,1300.0,327.0,5.8785414560789,28,5,20,2,13,0.9248,0.5111,0.4807,0.188,1.2403,0
198000000.0,0.0,0.0,1800.0,417.0,8.30757435425557,8,2,7,0,3,0.9248,0.5111,0.4807,0.188,1.2403,0
2500000.0,0.0,0.0,22.77,0.0,1.36993503405731,25,0,13,4,4,0.9248,0.5111,0.4807,0.188,1.2403,0
196500000.0,0.0,0.0,0.0,714.0,1.44380328611826,35,1,19,2,1,0.9248,0.5111,0.4807,0.188,1.2403,0
60000000.0,0.0,0.0,1200.0,300.0,6.33504572329202,30,0,15,7,8,0.9248,0.5111,0.4807,0.188,1.2403,0
1000000000.0,0.0,0.0,1800.0,1800.0,2.49219091321627,20,1,11,2,5,0.9248,0.5111,0.4807,0.188,1.2403,0
590000000.0,0.0,0.0,7625.0,1357.0,3.64076377074438,18,0,12,12,4,0.9248,0.5111,0.4807,0.188,1.2403,0
130000000.0,0.0,0.0,1197.0,1851.0,3.56934464205663,1,0,11,1,3,0.9248,0.5111,0.4807,0.188,1.2403,0
65000000.0,0.0,0.0,637.0,400.0,3.45102792447501,43,1,9,12,8,0.9248,0.5111,0.4807,0.188,1.2403,0
80000000.0,0.0,0.0,0.0,863.0,1.72686951265089,24,0,13,1,9,0.9248,0.5111,0.4807,0.188,1.2403,0
29500000.0,0.0,0.0,450.0,300.0,4.61678986532562,42,1,22,2,5,0.9248,0.5111,0.4807,0.188,1.2403,0
600000000.0,0.0,0.0,5719.0,1194.0,3.32142102823986,38,0,12,6,6,0.9248,0.5111,0.4807,0.188,1.2403,0
1886000.0,0.0,0.0,18.3,18.3,1.37401459894944,4,0,11,2,0,0.9248,0.5111,0.4807,0.188,1.2403,0
125000000.0,0.0,0.0,850.0,600.0,2.60594873270773,21,0,12,5,7,0.9248,0.5111,0.4807,0.188,1.2403,0
590000000.0,0.0,0.0,7625.0,1357.0,3.64076377074438,18,0,12,12,4,0.9248,0.5111,0.4807,0.188,1.2403,0
100000000.0,0.0,0.0,0.0,1000.0,3.15171432406046,14,0,11,3,1,0.9248,0.5111,0.4807,0.188,1.2403,0
190000000.0,0.0,0.0,3000.0,685.0,4.61678986532562,42,1,22,2,5,0.9248,0.5111,0.4807,0.188,1.2403,0
500000000.0,0.0,0.0,0.0,1584.0,0.25149080030171,50,1,22,14,4,0.9248,0.5111,0.4807,0.188,1.2403,0
500000000.0,0.0,0.0,0.0,1584.0,2.49219091321627,20,1,11,2,5,0.9248,0.5111,0.4807,0.188,1.2403,0
110000000.0,0.0,0.0,1700.0,400.0,2.49219091321627,20,1,11,2,5,0.9248,0.5111,0.4807,0.188,1.2403,0
175000000.0,0.0,0.0,1600.0,400.0,2.54986964866086,2,0,10,1,6,0.9248,0.5111,0.4807,0.188,1.2403,0
212128000.0,0.0,0.0,1300.0,1325.8,2.53252048936927,22,0,14,6,8,0.9248,0.5111,0.4807,0.188,1.2403,0
200000008.0,0.0,0.0,2173.0,881.0,1.40510830399541,12,0,15,3,2,0.9248,0.5111,0.4807,0.188,1.2403,0
63061092.79,0.0,0.0,215.0,0.0,1.97779678215156,27,2,9,10,6,0.9248,0.5111,0.4807,0.188,1.2403,0
786600000.0,0.0,0.0,5000.0,13110.0,1.74104743107726,0,0,8,2,1,0.9248,0.5111,0.4807,0.188,1.2403,0
882400000.0,0.0,0.0,3600.0,4412.0,0.584458128922822,14,0,12,0,3,0.9248,0.5111,0.4807,0.188,1.2403,0
40000000.0,0.0,0.0,700.0,700.0,4.61678986532562,42,1,22,2,5,0.9248,0.5111,0.4807,0.188,1.2403,0
250000000.0,0.0,0.0,1000.0,0.0,6.25731194755292,11,1,22,0,5,0.9248,0.5111,0.4807,0.188,1.2403,0
60000000.0,0.0,0.0,603.0,180.0,2.7369117038673,25,2,12,2,9,0.9248,0.5111,0.4807,0.188,1.2403,0
250000000.0,0.0,0.0,0.0,814.0,7.80786558941098,3,0,8,1,0,0.9248,0.5111,0.4807,0.188,1.2403,0
21600000.0,0.0,0.0,240.0,0.0,7.87812974351034,9,0,15,0,1,0.9248,0.5111,0.4807,0.188,1.2403,0
35000000.0,0.0,0.0,800.0,480.0,7.87812974351034,9,0,15,0,1,0.9248,0.5111,0.4807,0.188,1.2403,0
80000000.0,0.0,0.0,840.0,385.0,1.72686951265089,24,0,13,1,9,0.9248,0.5111,0.4807,0.188,1.2403,0
85000000.0,0.0,0.0,841.0,600.0,7.07554678230017,7,1,20,2,3,0.9248,0.5111,0.4807,0.188,1.2403,0
608090000.0,0.0,0.0,0.0,7154.0,0.460717362062384,10,0,6,0,1,0.9248,0.5111,0.4807,0.188,1.2403,0
280000000.0,0.0,0.0,1500.0,1500.0,5.63420020691172,38,4,25,2,12,0.9248,0.5111,0.4807,0.188,1.2403,0
461206000.0,0.0,0.0,786.0,12137.0,0.460717362062384,10,0,6,0,1,0.9248,0.5111,0.4807,0.188,1.2403,0
140000000.0,0.0,0.0,0.0,800.0,6.25731194755292,11,1,22,0,5,0.9248,0.5111,0.4807,0.188,1.2403,0
80000000.0,0.0,0.0,380.0,329.14,2.60594873270773,21,0,12,5,7,0.9248,0.5111,0.4807,0.188,1.2403,0
75000000.0,0.0,0.0,0.0,0.0,0.620224953610663,40,3,22,3,6,0.9248,0.5111,0.4807,0.188,1.2403,0
600000000.0,0.0,0.0,6956.06,2535.0,1.40510830399541,12,0,15,3,2,0.9248,0.5111,0.4807,0.188,1.2403,0
102500000.0,0.0,0.0,410.0,0.0,1.95893669978476,24,1,14,3,3,0.9248,0.5111,0.4807,0.188,1.2403,0
170000000.0,0.0,0.0,0.0,400.0,2.54986964866086,2,0,10,1,6,0.9248,0.5111,0.4807,0.188,1.2403,0
130000000.0,0.0,0.0,1197.0,1851.0,3.56934464205663,1,0,11,1,3,0.9248,0.5111,0.4807,0.188,1.2403,0
90000000.0,0.0,0.0,1200.0,275.0,2.49219091321627,20,1,11,2,5,0.9248,0.5111,0.4807,0.188,1.2403,0
250000000.0,0.0,0.0,1800.0,417.0,8.73421801665623,8,3,6,0,2,0.9248,0.5111,0.4807,0.188,1.2403,0
150000000.0,0.0,0.0,3000.0,600.0,3.64076377074438,18,0,12,12,4,0.9248,0.5111,0.4807,0.188,1.2403,0
72000000.0,0.0,0.0,500.0,600.0,3.64076377074438,18,0,12,12,4,0.9248,0.5111,0.4807,0.188,1.2403,0
200000000.0,0.0,0.0,1500.0,0.0,5.8785414560789,28,5,20,2,13,0.9248,0.5111,0.4807,0.188,1.2403,0
58800000.00000001,0.0,0.0,0.0,560.0,1.88726202456506,26,0,8,0,2,0.9248,0.5111,0.4807,0.188,1.2403,0
150000000.0,0.0,0.0,0.0,400.0,7.85333136183725,9,0,1,0,3,0.9248,0.5111,0.4807,0.188,1.2403,0
500000000.0,0.0,0.0,2312.0,2000.0,2.19114052227587,19,2,8,3,3,0.9248,0.5111,0.4807,0.188,1.2403,0
40000000.0,0.0,0.0,0.0,247.0,1.25091495351108,26,0,16,4,5,0.9248,0.5111,0.4807,0.188,1.2403,0
120000000.0,0.0,0.0,0.0,450.0,3.64076377074438,18,0,12,12,4,0.9248,0.5111,0.4807,0.188,1.2403,0
80000000.0,0.0,0.0,0.0,300.0,3.64076377074438,18,0,12,12,4,0.9248,0.5111,0.4807,0.188,1.2403,0
250000000.0,0.0,0.0,0.0,724.0,3.64076377074438,18,0,12,12,4,0.9248,0.5111,0.4807,0.188,1.2403,0
100000000.0,0.0,0.0,0.0,600.0,3.45102792447501,43,1,9,12,8,0.9248,0.5111,0.4807,0.188,1.2403,0
54925000.0,0.0,0.0,845.0,0.0,1.40510830399541,12,0,15,3,2,0.9248,0.5111,0.4807,0.188,1.2403,0
1779900000.0,0.0,0.0,0.0,5933.0,6.25731194755292,11,1,22,0,5,0.9248,0.5111,0.4807,0.188,1.2403,0
180000000.0,0.0,0.0,740.0,417.0,7.55974790906917,11,2,10,6,6,0.9248,0.5111,0.4807,0.188,1.2403,0
180000000.0,0.0,0.0,0.0,711.0,4.72859644494318,45,3,16,2,9,0.3825,0.001,0.0905,0.1966,1.1,0
18000000.0,0.0,0.0,365.0,199.0,7.07554678230017,7,1,20,2,3,0.9248,0.5111,0.4807,0.188,1.2403,0
80000000.0,0.0,0.0,0.0,265.0,1.59951308145731,24,0,13,1,5,0.9248,0.5111,0.4807,0.188,1.2403,0
163000000.0,0.0,0.0,0.0,706.0,6.64522028833831,7,0,8,1,2,0.9248,0.5111,0.4807,0.188,1.2403,0
130000000.0,0.0,0.0,0.0,800.0,3.64076377074438,18,0,12,12,4,0.9248,0.5111,0.4807,0.188,1.2403,0
600000000.0,0.0,0.0,0.0,1700.0,6.25731194755292,11,1,22,0,5,0.9248,0.5111,0.4807,0.188,1.2403,0
250000000.0,0.0,0.0,1800.0,417.0,8.73421801665623,8,3,6,0,2,0.9248,0.5111,0.4807,0.188,1.2403,0
250000000.0,0.0,0.0,2850.0,435.0,2.3234668760911,16,0,11,1,3,0.9248,0.5111,0.4807,0.188,1.2403,0
99264000.0,0.0,0.0,300.0,376.0,5.8785414560789,28,5,20,2,13,0.9248,0.5111,0.4807,0.188,1.2403,0
190000000.0,0.0,0.0,0.0,1500.0,3.2392658836567,11,1,15,7,5,0.9248,0.5111,0.4807,0.188,1.2403,0
75300000.0,0.0,0.0,425.0,146.62,2.7369117038673,25,2,12,2,9,0.9248,0.5111,0.4807,0.188,1.2403,0
80000000.0,0.0,0.0,300.0,1200.0,3.44416892571958,7,1,14,8,5,0.9248,0.5111,0.4807,0.188,1.2403,0
212128000.0,0.0,0.0,1500.0,1325.8,4.72859644494318,45,3,16,2,9,0.3825,0.001,0.0905,0.1966,1.1,0
120972000.0,0.0,0.0,0.0,1008.1,3.2392658836567,11,1,15,7,5,0.9248,0.5111,0.4807,0.188,1.2403,0
180000000.0,0.0,0.0,1000.0,0.0,4.72859644494318,45,3,16,2,9,0.3825,0.001,0.0905,0.1966,1.1,0
180000000.0,0.0,0.0,1000.0,0.0,4.72859644494318,45,3,16,2,9,0.3825,0.001,0.0905,0.1966,1.1,0
150000000.0,0.0,0.0,400.0,0.0,7.85333136183725,9,0,1,0,3,0.9248,0.5111,0.4807,0.188,1.2403,0
617200000.0,0.0,0.0,0.0,15430.0,6.86611328636998,5,0,7,0,1,0.9248,0.5111,0.4807,0.188,1.2403,0
165000000.0,0.0,0.0,2250.0,675.0,4.16338733396283,55,0,18,2,5,0.9248,0.5111,0.4807,0.188,1.2403,0
786600000.0,0.0,0.0,5000.0,13110.0,1.74104743107726,0,0,8,2,1,0.9248,0.5111,0.4807,0.188,1.2403,0
100000000.0,0.0,0.0,450.0,0.0,3.8280010158566,43,0,19,3,4,0.9248,0.5111,0.4807,0.188,1.2403,0
198000000.0,0.0,0.0,1800.0,417.0,7.55974790906917,11,2,10,6,6,0.9248,0.5111,0.4807,0.188,1.2403,0
185640000.0,0.0,0.0,714.0,0.0,1.98580053813342,28,1,10,4,5,0.9248,0.5111,0.4807,0.188,1.2403,0
110000000.0,0.0,0.0,1750.0,1950.0,2.54986964866086,2,0,10,1,6,0.9248,0.5111,0.4807,0.188,1.2403,0
350000000.0,0.0,0.0,3365.84,1338.3,1.40510830399541,12,0,15,3,2,0.9248,0.5111,0.4807,0.188,1.2403,0
114000000.0,0.0,0.0,200.0,600.0,4.57653220905789,26,0,20,1,4,0.9248,0.5111,0.4807,0.188,1.2403,0
16000000.0,0.0,0.0,106.687,0.0,8.60377104071145,7,0,0,6,1,0.9248,0.5111,0.4807,0.188,1.2403,0
212128000.0,0.0,0.0,1300.0,1325.8,2.53252048936927,22,0,14,6,8,0.9248,0.5111,0.4807,0.188,1.2403,0
20000000.0,0.0,0.0,100.0,64.0,2.54986964866086,2,0,10,1,6,0.9248,0.5111,0.4807,0.188,1.2403,0
200000000.0,0.0,0.0,1900.0,400.0,5.8785414560789,28,5,20,2,13,0.9248,0.5111,0.4807,0.188,1.2403,0
40000000.0,0.0,0.0,600.0,129.0,0.584458128922822,14,0,12,0,3,0.9248,0.5111,0.4807,0.188,1.2403,0
152685000.0,0.0,0.0,783.0,0.0,4.57653220905789,26,0,20,1,4,0.9248,0.5111,0.4807,0.188,1.2403,0
190000000.0,0.0,0.0,0.0,2000.0,2.81203897891832,18,1,12,0,2,0.9248,0.5111,0.4807,0.188,1.2403,0
260000000.0,0.0,0.0,1782.6,3891.0,7.80786558941098,3,0,8,1,0,0.9248,0.5111,0.4807,0.188,1.2403,0
70000000.0,0.0,0.0,1200.0,700.0,4.9142871455795,0,0,2,0,0,0.9248,0.5111,0.4807,0.188,1.2403,0
72000000.0,0.0,0.0,0.0,480.0,6.25731194755292,11,1,22,0,5,0.9248,0.5111,0.4807,0.188,1.2403,0
500000000.0,0.0,0.0,5490.0,926.0,3.43837337716789,42,0,14,3,6,0.9248,0.5111,0.4807,0.188,1.2403,0
75300000.0,0.0,0.0,146.62,425.0,3.64076377074438,18,0,12,12,4,0.9248,0.5111,0.4807,0.188,1.2403,0
461206000.0,0.0,0.0,786.0,12137.0,2.54986964866086,2,0,10,1,6,0.9248,0.5111,0.4807,0.188,1.2403,0
65034832.0,0.0,0.0,1400.0,926.0,3.56934464205663,1,0,11,1,3,0.9248,0.5111,0.4807,0.188,1.2403,0
25000000.0,0.0,0.0,0.0,302.0,1.37401459894944,4,0,11,2,0,0.9248,0.5111,0.4807,0.188,1.2403,0
130000000.0,0.0,0.0,1400.0,1800.0,3.56934464205663,1,0,11,1,3,0.9248,0.5111,0.4807,0.188,1.2403,0
3000000000.0,0.0,0.0,0.0,8808.0,4.72859644494318,45,3,16,2,9,0.3825,0.001,0.0905,0.1966,1.1,0
88900000.0,0.0,0.0,1500.0,530.0,1.36993503405731,25,0,13,4,4,0.9248,0.5111,0.4807,0.188,1.2403,0
90000000.0,0.0,0.0,0.0,232.0,4.46675937793218,10,0,14,0,2,0.9248,0.5111,0.4807,0.188,1.2403,0
85350000.0,0.0,0.0,311.0,569.0,1.72686951265089,24,0,13,1,9,0.9248,0.5111,0.4807,0.188,1.2403,0
420000000.0,0.0,0.0,9114.65,2763.32,1.40510830399541,12,0,15,3,2,0.9248,0.5111,0.4807,0.188,1.2403,0
210000000.0,0.0,0.0,0.0,600.0,2.54986964866086,2,0,10,1,6,0.9248,0.5111,0.4807,0.188,1.2403,0
260000000.0,0.0,0.0,1782.6,3891.0,7.80786558941098,3,0,8,1,0,0.9248,0.5111,0.4807,0.188,1.2403,0
14000000.0,0.0,0.0,106.687,0.0,8.60377104071145,7,0,0,6,1,0.9248,0.5111,0.4807,0.188,1.2403,0
55000000.0,0.0,0.0,590.0,118.0,0.460717362062384,10,0,6,0,1,0.9248,0.5111,0.4807,0.188,1.2403,0
165000000.0,0.0,0.0,0.0,814.0,7.80786558941098,3,0,8,1,0,0.9248,0.5111,0.4807,0.188,1.2403,0
250000000.0,0.0,0.0,2000.0,0.0,2.54986964866086,2,0,10,1,6,0.9248,0.5111,0.4807,0.188,1.2403,0
49999999.99999999,0.0,0.0,0.0,435.0,0.715818411487241,10,0,6,1,1,0.9248,0.5111,0.4807,0.188,1.2403,0
200070000.0,0.0,0.0,702.0,0.0,1.95893669978476,24,1,14,3,3,0.9248,0.5111,0.4807,0.188,1.2403,0
100000000.0,0.0,0.0,0.0,618.0,5.8785414560789,28,5,20,2,13,0.9248,0.5111,0.4807,0.188,1.2403,0
265000000.0,0.0,0.0,0.0,2037.0,5.8785414560789,28,5,20,2,13,0.9248,0.5111,0.4807,0.188,1.2403,0
22000000.0,0.0,0.0,180.0,72.0,3.75230575877454,2,0,11,1,4,0.9248,0.5111,0.4807,0.188,1.2403,0
120000000.0,0.0,0.0,0.0,660.0,3.64076377074438,18,0,12,12,4,0.9248,0.5111,0.4807,0.188,1.2403,0
380000000.0,0.0,0.0,1545.0,1020.2,2.85220868063772,35,1,14,5,7,0.9248,0.5111,0.4807,0.188,1.2403,0
97000000.0,0.0,0.0,2000.0,400.0,7.07554678230017,7,1,20,2,3,0.9248,0.5111,0.4807,0.188,1.2403,0
160000000.0,0.0,0.0,0.0,809.0,1.98580053813342,28,1,10,4,5,0.9248,0.5111,0.4807,0.188,1.2403,0
500000000.0,0.0,0.0,0.0,1584.0,0.25149080030171,50,1,22,14,4,0.9248,0.5111,0.4807,0.188,1.2403,0
500000000.0,0.0,0.0,0.0,1584.0,1.97779678215156,27,2,9,10,6,0.9248,0.5111,0.4807,0.188,1.2403,0
311049000.0,0.0,0.0,0.0,818.0,0.278218974031831,23,3,24,4,4,0.9248,0.5111,0.4807,0.188,1.2403,0
311049000.0,0.0,0.0,0.0,818.5499999999998,0.278218974031831,23,3,24,4,4,0.9248,0.5111,0.4807,0.188,1.2403,0
314015000.0,0.0,0.0,0.0,4831.0,0.584458128922822,14,0,12,0,3,0.9248,0.5111,0.4807,0.188,1.2403,0
125000000.0,0.0,0.0,1225.0,512.0,0.620224953610663,40,3,22,3,6,0.9248,0.5111,0.4807,0.188,1.2403,0
170000000.0,0.0,0.0,2000.0,450.0,4.16338733396283,55,0,18,2,5,0.9248,0.5111,0.4807,0.188,1.2403,0
69300000.0,0.0,0.0,2310.0,20840.0,3.45102792447501,43,1,9,12,8,0.9248,0.5111,0.4807,0.188,1.2403,0
311049000.0,0.0,0.0,0.0,818.5499999999998,7.80786558941098,3,0,8,1,0,0.9248,0.5111,0.4807,0.188,1.2403,0
120000000.0,0.0,0.0,0.0,2395.0,0.858887033250895,23,1,14,1,10,0.9248,0.5111,0.4807,0.188,1.2403,0
500000000.0,0.0,0.0,0.0,1584.0,2.49219091321627,20,1,11,2,5,0.9248,0.5111,0.4807,0.188,1.2403,0
110000000.0,0.0,0.0,800.0,1100.0,3.2392658836567,11,1,15,7,5,0.9248,0.5111,0.4807,0.188,1.2403,0
40000000.0,0.0,0.0,750.0,150.0,1.59951308145731,24,0,13,1,5,0.9248,0.5111,0.4807,0.188,1.2403,0
220000000.0,0.0,0.0,2085.0,1600.0,7.80786558941098,3,0,8,1,0,0.9248,0.5111,0.4807,0.188,1.2403,0
500000000.0,0.0,0.0,0.0,1584.0,2.49219091321627,20,1,11,2,5,0.9248,0.5111,0.4807,0.188,1.2403,0
311049000.0,0.0,0.0,0.0,818.5499999999998,7.80786558941098,3,0,8,1,0,0.9248,0.5111,0.4807,0.188,1.2403,0
500000000.0,0.0,0.0,0.0,1584.0,0.25149080030171,50,1,22,14,4,0.9248,0.5111,0.4807,0.188,1.2403,0
500000000.0,0.0,0.0,0.0,1584.0,2.49219091321627,20,1,11,2,5,0.9248,0.5111,0.4807,0.188,1.2403,0
140000000.0,0.0,0.0,540.0,0.0,2.49219091321627,20,1,11,2,5,0.9248,0.5111,0.4807,0.188,1.2403,0
311049000.0,0.0,0.0,0.0,818.0,0.278218974031831,23,3,24,4,4,0.9248,0.5111,0.4807,0.188,1.2403,0
500000000.0,0.0,0.0,0.0,1584.0,2.49219091321627,20,1,11,2,5,0.9248,0.5111,0.4807,0.188,1.2403,0
500000000.0,0.0,0.0,0.0,1584.0,2.49219091321627,20,1,11,2,5,0.9248,0.5111,0.4807,0.188,1.2403,0
311049000.0,0.0,0.0,0.0,818.5499999999998,7.80786558941098,3,0,8,1,0,0.9248,0.5111,0.4807,0.188,1.2403,0
500000000.0,0.0,0.0,0.0,1584.0,2.49219091321627,20,1,11,2,5,0.9248,0.5111,0.4807,0.188,1.2403,0
500000000.0,0.0,0.0,0.0,1584.0,2.49219091321627,20,1,11,2,5,0.9248,0.5111,0.4807,0.188,1.2403,0
311049000.0,0.0,0.0,0.0,818.5499999999998,0.620224953610663,40,3,22,3,6,0.9248,0.5111,0.4807,0.188,1.2403,0
17000000.0,0.0,0.0,178.0,82.0,0.584458128922822,14,0,12,0,3,0.9248,0.5111,0.4807,0.188,1.2403,0
550000000.0,0.0,0.0,2207.0,1147.48,4.68081921879901,18,1,8,0,4,0.46,0.3905,0.3591,0.359,0.6528,0
200000000.0,0.0,0.0,400.0,1227.0,6.25731194755292,11,1,22,0,5,0.9248,0.5111,0.4807,0.188,1.2403,0
387520000.0,0.0,0.0,1600.0,5536.0,7.80786558941098,3,0,8,1,0,0.9248,0.5111,0.4807,0.188,1.2403,0
75000000.0,0.0,0.0,960.0,355.0,1.4539543650566,26,0,13,4,7,0.9248,0.5111,0.4807,0.188,1.2403,0
75300000.0,0.0,0.0,425.0,149.62,3.43837337716789,42,0,14,3,6,0.9248,0.5111,0.4807,0.188,1.2403,0
212128000.0,0.0,0.0,1300.0,1325.8,2.53252048936927,22,0,14,6,8,0.9248,0.5111,0.4807,0.188,1.2403,0
515000000.0,0.0,0.0,0.0,2000.0,2.49219091321627,20,1,11,2,5,0.9248,0.5111,0.4807,0.188,1.2403,0
33000000.0,0.0,0.0,4000.0,1531.0,5.8785414560789,28,5,20,2,13,0.9248,0.5111,0.4807,0.188,1.2403,0
110000000.0,0.0,0.0,1225.0,411.0,0.393932469897511,37,3,21,4,7,0.9248,0.5111,0.4807,0.188,1.2403,0
40000000.0,0.0,0.0,400.0,184.0,8.55222698270135,4,0,5,1,1,0.9248,0.5111,0.4807,0.188,1.2403,0
200000000.0,0.0,0.0,601.0,0.0,6.25731194755292,11,1,22,0,5,0.9248,0.5111,0.4807,0.188,1.2403,0
1000000.0,0.0,0.0,40.0,0.0,3.42129749022756,31,0,12,18,7,0.9248,0.5111,0.4807,0.188,1.2403,0
400000000.0,0.0,0.0,4000.0,2000.0,2.49219091321627,20,1,11,2,5,0.9248,0.5111,0.4807,0.188,1.2403,0
116090000.0,0.0,0.0,0.0,1786.0,7.80786558941098,3,0,8,1,0,0.9248,0.5111,0.4807,0.188,1.2403,0
116090000.0,0.0,0.0,0.0,1786.0,7.80786558941098,3,0,8,1,0,0.9248,0.5111,0.4807,0.188,1.2403,0
85000000.0,0.0,0.0,0.0,396.0,2.55101197671259,23,1,8,4,7,0.9248,0.5111,0.4807,0.188,1.2403,0
190000000.0,0.0,0.0,0.0,2000.0,2.81203897891832,18,1,12,0,2,0.9248,0.5111,0.4807,0.188,1.2403,0
250000000.0,0.0,0.0,0.0,926.0,5.84239104111134,30,5,20,2,13,0.9248,0.5111,0.4807,0.188,1.2403,0
190000000.0,0.0,0.0,0.0,685.0,4.61678986532562,42,1,22,2,5,0.9248,0.5111,0.4807,0.188,1.2403,0
55000000.0,0.0,0.0,1000.0,300.0,5.8785414560789,28,5,20,2,13,0.9248,0.5111,0.4807,0.188,1.2403,0
20337500.0,0.0,0.0,77.5,0.0,5.8785414560789,28,5,20,2,13,0.9248,0.5111,0.4807,0.188,1.2403,0
135000000.0,0.0,0.0,1400.0,1851.0,3.56934464205663,1,0,11,1,3,0.9248,0.5111,0.4807,0.188,1.2403,0
200000000.0,0.0,0.0,2133.0,711.0,4.71590507124514,37,3,16,1,6,0.9248,0.5111,0.4807,0.188,1.2403,0
20000000.0,0.0,0.0,270.0,54.0,6.25731194755292,11,1,22,0,5,0.9248,0.5111,0.4807,0.188,1.2403,0
220000000.0,0.0,0.0,1600.0,2085.0,5.13957722878977,0,0,7,0,0,0.9248,0.5111,0.4807,0.188,1.2403,0
48000000.0,0.0,0.0,0.0,413.0,1.37401459894944,4,0,11,2,0,0.9248,0.5111,0.4807,0.188,1.2403,0
48000000.0,0.0,0.0,413.0,413.0,1.37401459894944,4,0,11,2,0,0.9248,0.5111,0.4807,0.188,1.2403,0
90000000.0,0.0,0.0,3000.0,600.0,3.64076377074438,18,0,12,12,4,0.9248,0.5111,0.4807,0.188,1.2403,0
45000000.0,0.0,0.0,1000.0,272.0,5.8785414560789,28,5,20,2,13,0.9248,0.5111,0.4807,0.188,1.2403,0
80000000.0,0.0,0.0,500.0,450.0,3.7813391608501,43,0,20,3,4,0.9248,0.5111,0.4807,0.188,1.2403,0
90000000.0,0.0,0.0,1710.0,475.0,5.13957722878977,0,0,7,0,0,0.9248,0.5111,0.4807,0.188,1.2403,0
42500000.0,0.0,0.0,450.0,129.0,6.3518357852287,0,0,8,0,0,0.9248,0.5111,0.4807,0.188,1.2403,0
175000000.0,0.0,0.0,420.0,1600.0,2.88792906961565,20,1,8,3,5,0.9248,0.5111,0.4807,0.188,1.2403,0
57999999.99999999,0.0,0.0,0.0,440.0,2.3234668760911,16,0,11,1,3,0.9248,0.5111,0.4807,0.188,1.2403,0
150000000.0,0.0,0.0,561.0,1062.0,4.68250337736357,3,1,25,2,5,0.0141,0.2089,0.0335,0.0034,0.0981,1
160000000.0,0.0,0.0,1500.0,292.0,5.37873491305231,10,1,26,1,13,0.0141,0.2089,0.0335,0.0034,0.0981,1
94000000.0,0.0,0.0,500.0,0.0,6.83282946009906,14,3,10,1,15,0.0141,0.2089,0.0335,0.0034,0.0981,1
240000000.0,0.0,0.0,905.78,943.0,6.83282946009906,14,3,10,1,15,0.0141,0.2089,0.0335,0.0034,0.0981,1
10000000.0,0.0,0.0,0.0,70.0,6.83282946009906,14,3,10,1,15,0.0141,0.2089,0.0335,0.0034,0.0981,1
65000000.0,0.0,0.0,788.0,203.0,6.83282946009906,14,3,10,1,15,0.0141,0.2089,0.0335,0.0034,0.0981,1
170000000.0,0.0,0.0,1500.0,292.0,6.83282946009906,14,3,10,1,15,0.0141,0.2089,0.0335,0.0034,0.0981,1
160000000.0,0.0,0.0,1500.0,292.0,6.83282946009906,14,3,10,1,15,0.0141,0.2089,0.0335,0.0034,0.0981,1
160000000.0,0.0,0.0,1500.0,292.0,6.83282946009906,14,3,10,1,15,0.0141,0.2089,0.0335,0.0034,0.0981,1
32000000.0,0.0,0.0,233.0,0.0,6.51842542828142,13,3,14,2,12,0.0141,0.2089,0.0335,0.0034,0.0981,1
160000000.0,0.0,0.0,1500.0,292.0,6.83282946009906,14,3,10,1,15,0.0141,0.2089,0.0335,0.0034,0.0981,1
240000000.0,0.0,0.0,2000.0,943.0,4.97268851690994,20,1,27,4,14,0.0141,0.2089,0.0335,0.0034,0.0981,1
144092160.0,0.0,0.0,1062.0,0.0,4.68250337736357,3,1,25,2,5,0.0141,0.2089,0.0335,0.0034,0.0981,1
170000000.0,0.0,0.0,1380.0,230.0,6.83282946009906,14,3,10,1,15,0.0141,0.2089,0.0335,0.0034,0.0981,1
23522000.0,0.0,0.0,0.0,123.8,4.15760497312686,13,1,26,8,5,0.0141,0.2089,0.0335,0.0034,0.0981,1
28000000.0,0.0,0.0,0.0,180.0,6.48109473556662,16,3,13,1,12,0.0141,0.2089,0.0335,0.0034,0.0981,1
23000000.000000004,0.0,0.0,138.77,0.0,6.83282946009906,14,3,10,1,15,0.0141,0.2089,0.0335,0.0034,0.0981,1
28500000.0,0.0,0.0,525.0,111.0,4.68250337736357,3,1,25,2,5,0.0141,0.2089,0.0335,0.0034,0.0981,1
539900000.0,0.0,0.0,0.0,1062.0,6.83282946009906,14,3,10,1,15,0.0141,0.2089,0.0335,0.0034,0.0981,1
38290000.0,0.0,0.0,284.0,0.0,6.83282946009906,14,3,10,1,15,0.0141,0.2089,0.0335,0.0034,0.0981,1
119900000.0,0.0,0.0,821.0,0.0,6.83282946009906,14,3,10,1,15,0.0141,0.2089,0.0335,0.0034,0.0981,1
240000000.0,0.0,0.0,905.78,943.0,4.42197068586315,11,1,24,7,4,0.0141,0.2089,0.0335,0.0034,0.0981,1
20000000.0,0.0,0.0,81.20999999999998,0.0,5.73595276269957,10,0,18,2,20,0.0141,0.2089,0.0335,0.0034,0.0981,1
88000000.0,0.0,0.0,991.0,314.0,4.80254812182999,15,2,26,6,7,0.0141,0.2089,0.0335,0.0034,0.0981,1
491500000.0,0.0,0.0,688.0,1229.0,6.83282946009906,14,3,10,1,15,0.0141,0.2089,0.0335,0.0034,0.0981,1
160000000.0,0.0,0.0,1500.0,292.0,6.83282946009906,14,3,10,1,15,0.0141,0.2089,0.0335,0.0034,0.0981,1
2556800.0,0.0,0.0,15.61,0.0,6.83282946009906,14,3,10,1,15,0.0141,0.2089,0.0335,0.0034,0.0981,1
32000000.0,0.0,0.0,525.0,111.0,4.68250337736357,3,1,25,2,5,0.0141,0.2089,0.0335,0.0034,0.0981,1
28500000.0,0.0,0.0,525.0,111.0,4.68250337736357,3,1,25,2,5,0.0141,0.2089,0.0335,0.0034,0.0981,1
160000000.0,0.0,0.0,1460.0,291.0,6.83282946009906,14,3,10,1,15,0.0141,0.2089,0.0335,0.0034,0.0981,1
7400000.0,0.0,0.0,70.39,0.0,6.507620053815,13,3,14,2,12,0.0141,0.2089,0.0335,0.0034,0.0981,1
28500000.0,0.0,0.0,533.85,106.77,4.42197068586315,11,1,24,7,4,0.0141,0.2089,0.0335,0.0034,0.0981,1
530000000.0,0.0,0.0,1062.0,0.0,6.83282946009906,14,3,10,1,15,0.0141,0.2089,0.0335,0.0034,0.0981,1
530000000.0,0.0,0.0,0.0,1062.0,6.83282946009906,14,3,10,1,15,0.0141,0.2089,0.0335,0.0034,0.0981,1
85000000.0,0.0,0.0,1000.0,314.0,5.96588055466562,12,1,24,1,9,0.0141,0.2089,0.0335,0.0034,0.0981,1
23000000.000000004,0.0,0.0,160.0,0.0,6.83282946009906,14,3,10,1,15,0.0141,0.2089,0.0335,0.0034,0.0981,1
44268099.99999999,0.0,0.0,192.0,0.0,6.83282946009906,14,3,10,1,15,0.0141,0.2089,0.0335,0.0034,0.0981,1
900000000.0,0.0,0.0,2500.0,2000.0,6.83282946009906,14,3,10,1,15,0.0141,0.2089,0.0335,0.0034,0.0981,1
23000000.000000004,0.0,0.0,160.0,0.0,6.83282946009906,14,3,10,1,15,0.0141,0.2089,0.0335,0.0034,0.0981,1
220000000.0,0.0,0.0,3540.0,3540.0,4.80254812182999,15,2,26,6,7,0.0141,0.2089,0.0335,0.0034,0.0981,1
41999999.99999999,0.0,0.0,970.0,195.0,4.41751749499192,12,1,24,7,3,0.0141,0.2089,0.0335,0.0034,0.0981,1
195000000.0,0.0,0.0,1500.0,292.0,6.83282946009906,14,3,10,1,15,0.0141,0.2089,0.0335,0.0034,0.0981,1
44268099.99999999,0.0,0.0,197.47,0.0,6.83282946009906,14,3,10,1,15,0.0141,0.2089,0.0335,0.0034,0.0981,1
530000000.0,0.0,0.0,0.0,1062.0,6.83282946009906,14,3,10,1,15,0.0141,0.2089,0.0335,0.0034,0.0981,1
530000000.0,0.0,0.0,0.0,1062.0,6.83282946009906,14,3,10,1,15,0.0141,0.2089,0.0335,0.0034,0.0981,1
61386720.0,0.0,0.0,243.0,0.0,4.51032539959383,3,0,6,1,0,0.1081,0.3501,0.5038,0.0238,0.3209,1
10000000.0,0.0,0.0,0.0,45.0,7.00225821828519,2,0,12,2,7,0.1081,0.3501,0.5038,0.0238,0.3209,1
130000000.0,0.0,0.0,900.0,400.0,4.51032539959383,3,0,6,1,0,0.1081,0.3501,0.5038,0.0238,0.3209,1
19700000.0,0.0,0.0,62.46,0.0,5.35616253356714,18,2,4,0,10,0.1081,0.3501,0.5038,0.0238,0.3209,1
33000000.0,0.0,0.0,123.0,0.0,5.35616253356714,18,2,4,0,10,0.1081,0.3501,0.5038,0.0238,0.3209,1
25516000.0,0.0,0.0,92.0,0.0,5.23067794157546,25,0,13,1,6,0.1081,0.3501,0.5038,0.0238,0.3209,1
462900000.0,0.0,0.0,1438.0,0.0,5.35616253356714,18,2,4,0,10,0.1081,0.3501,0.5038,0.0238,0.3209,1
65000000.0,0.0,0.0,201.0,0.0,5.35616253356714,18,2,4,0,10,0.1081,0.3501,0.5038,0.0238,0.3209,1
52500000.0,0.0,0.0,149.0,0.0,5.35616253356714,18,2,4,0,10,0.1081,0.3501,0.5038,0.0238,0.3209,1
110000000.0,0.0,0.0,294.0,0.0,5.35616253356714,18,2,4,0,10,0.1081,0.3501,0.5038,0.0238,0.3209,1
19392000.0,0.0,0.0,92.0,0.0,5.26718191662984,25,0,9,1,6,0.1081,0.3501,0.5038,0.0238,0.3209,1
74746000.0,0.0,0.0,260.0,0.0,5.23067794157546,25,0,13,1,6,0.1081,0.3501,0.5038,0.0238,0.3209,1
350000000.0,0.0,0.0,1943.0,562.0,4.51032539959383,3,0,6,1,0,0.1081,0.3501,0.5038,0.0238,0.3209,1
25800000.0,0.0,0.0,84.0,0.0,4.51032539959383,3,0,6,1,0,0.1081,0.3501,0.5038,0.0238,0.3209,1
8300000.0,0.0,0.0,39.0,0.0,5.35616253356714,18,2,4,0,10,0.1081,0.3501,0.5038,0.0238,0.3209,1
23824000.0,0.0,0.0,84.0,0.0,4.51032539959383,3,0,6,1,0,0.1081,0.3501,0.5038,0.0238,0.3209,1
30923200.000000004,0.0,0.0,98.29,0.0,4.51032539959383,3,0,6,1,0,0.1081,0.3501,0.5038,0.0238,0.3209,1
4000000000.0,0.0,0.0,11679.0,977.0,5.35616253356714,18,2,4,0,10,0.1081,0.3501,0.5038,0.0238,0.3209,1
15000000.0,0.0,0.0,62.0,0.0,5.35616253356714,18,2,4,0,10,0.1081,0.3501,0.5038,0.0238,0.3209,1
15000000.0,0.0,0.0,62.46,0.0,5.35616253356714,18,2,4,0,10,0.1081,0.3501,0.5038,0.0238,0.3209,1
70000000.0,0.0,0.0,780.0,180.0,5.35616253356714,18,2,4,0,10,0.1081,0.3501,0.5038,0.0238,0.3209,1
40000000.0,0.0,0.0,149.95,0.0,5.35616253356714,18,2,4,0,10,0.1081,0.3501,0.5038,0.0238,0.3209,1
43459000.0,0.0,0.0,123.0,0.0,5.35616253356714,18,2,4,0,10,0.1081,0.3501,0.5038,0.0238,0.3209,1
28000000.0,0.0,0.0,95.0,0.0,5.35616253356714,18,2,4,0,10,0.1081,0.3501,0.5038,0.0238,0.3209,1
39500000.0,0.0,0.0,149.65,0.0,5.35616253356714,18,2,4,0,10,0.1081,0.3501,0.5038,0.0238,0.3209,1
17500000.0,0.0,0.0,62.46,0.0,5.35616253356714,18,2,4,0,10,0.1081,0.3501,0.5038,0.0238,0.3209,1
34800000.0,0.0,0.0,121.0,3580.0,5.35616253356714,18,2,4,0,10,0.1081,0.3501,0.5038,0.0238,0.3209,1
500000000.0,0.0,0.0,1511.0,3580.0,5.35616253356714,18,2,4,0,10,0.1081,0.3501,0.5038,0.0238,0.3209,1
24000000.0,0.0,0.0,92.0,0.0,4.51032539959383,3,0,6,1,0,0.1081,0.3501,0.5038,0.0238,0.3209,1
63000000.0,0.0,0.0,230.0,0.0,4.51032539959383,3,0,6,1,0,0.1081,0.3501,0.5038,0.0238,0.3209,1
35500000.0,0.0,0.0,158.0,0.0,5.35616253356714,18,2,4,0,10,0.1081,0.3501,0.5038,0.0238,0.3209,1
370000000.0,0.0,0.0,1020.0,0.0,5.35616253356714,18,2,4,0,10,0.1081,0.3501,0.5038,0.0238,0.3209,1
54145000.0,0.0,0.0,154.0,0.0,5.35616253356714,18,2,4,0,10,0.1081,0.3501,0.5038,0.0238,0.3209,1
357000000.0,0.0,0.0,1020.0,0.0,5.89225711115154,27,6,24,1,16,0.1081,0.3501,0.5038,0.0238,0.3209,0
336600000.0,0.0,0.0,1020.0,0.0,5.35616253356714,18,2,4,0,10,0.1081,0.3501,0.5038,0.0238,0.3209,1
63000000.0,0.0,0.0,230.0,11590.0,4.51032539959383,3,0,6,1,0,0.1081,0.3501,0.5038,0.0238,0.3209,1
23000000.000000004,0.0,0.0,92.0,0.0,5.21542157220534,25,0,11,1,6,0.1081,0.3501,0.5038,0.0238,0.3209,1
75000000.0,0.0,0.0,945.0,249.0,5.70434734051095,4,1,13,1,6,0.1081,0.3501,0.5038,0.0238,0.3209,1
39500000.0,0.0,0.0,158.0,0.0,5.35616253356714,18,2,4,0,10,0.1081,0.3501,0.5038,0.0238,0.3209,1
29300000.0,0.0,0.0,91.03,0.0,5.35616253356714,18,2,4,0,10,0.1081,0.3501,0.5038,0.0238,0.3209,1
28800000.0,0.0,0.0,89.0,0.0,5.35616253356714,18,2,4,0,10,0.1081,0.3501,0.5038,0.0238,0.3209,1
40000000.0,0.0,0.0,149.0,0.0,5.35616253356714,18,2,4,0,10,0.1081,0.3501,0.5038,0.0238,0.3209,1
115540000.0,0.0,0.0,507.0,0.0,5.35616253356714,18,2,4,0,10,0.1081,0.3501,0.5038,0.0238,0.3209,1
67500000.0,0.0,0.0,228.0,0.0,5.35616253356714,18,2,4,0,10,0.1081,0.3501,0.5038,0.0238,0.3209,1
120000000.0,0.0,0.0,900.0,0.0,4.51032539959383,3,0,6,1,0,0.1081,0.3501,0.5038,0.0238,0.3209,1
18000000.0,0.0,0.0,62.46,0.0,5.35616253356714,18,2,4,0,10,0.1081,0.3501,0.5038,0.0238,0.3209,1
301337000.0,0.0,0.0,860.0,0.0,5.35616253356714,18,2,4,0,10,0.1081,0.3501,0.5038,0.0238,0.3209,1
375000000.0,0.0,0.0,1020.0,0.0,5.35616253356714,18,2,4,0,10,0.1081,0.3501,0.5038,0.0238,0.3209,1
55000000.0,0.0,0.0,158.0,0.0,5.35616253356714,18,2,4,0,10,0.1081,0.3501,0.5038,0.0238,0.3209,1
25490400.0,0.0,0.0,84.44,0.0,5.35616253356714,18,2,4,0,10,0.1081,0.3501,0.5038,0.0238,0.3209,1
220000000.0,0.0,0.0,507.0,0.0,5.35616253356714,18,2,4,0,10,0.1081,0.3501,0.5038,0.0238,0.3209,1
39500000.0,0.0,0.0,158.0,0.0,5.35616253356714,18,2,4,0,10,0.1081,0.3501,0.5038,0.0238,0.3209,1
14499999.999999998,0.0,0.0,62.46,0.0,5.35616253356714,18,2,4,0,10,0.1081,0.3501,0.5038,0.0238,0.3209,1
39500000.0,0.0,0.0,149.95,0.0,5.35616253356714,18,2,4,0,10,0.1081,0.3501,0.5038,0.0238,0.3209,1
21000000.0,0.0,0.0,65.0,0.0,5.35616253356714,18,2,4,0,10,0.1081,0.3501,0.5038,0.0238,0.3209,1
40000000.0,0.0,0.0,112.0,0.0,5.35616253356714,18,2,4,0,10,0.1081,0.3501,0.5038,0.0238,0.3209,1
17500000.0,0.0,0.0,65.0,0.0,5.35616253356714,18,2,4,0,10,0.1081,0.3501,0.5038,0.0238,0.3209,1
15000000.0,0.0,0.0,62.46,0.0,5.35616253356714,18,2,4,0,10,0.1081,0.3501,0.5038,0.0238,0.3209,1
40425000.0,0.0,0.0,165.0,0.0,5.35616253356714,18,2,4,0,10,0.1081,0.3501,0.5038,0.0238,0.3209,1
336600000.0,0.0,0.0,1020.0,0.0,5.35616253356714,18,2,4,0,10,0.1081,0.3501,0.5038,0.0238,0.3209,1
14499999.999999998,0.0,0.0,62.46,0.0,5.35616253356714,18,2,4,0,10,0.1081,0.3501,0.5038,0.0238,0.3209,1
29300000.0,0.0,0.0,91.0,0.0,5.35616253356714,18,2,4,0,10,0.1081,0.3501,0.5038,0.0238,0.3209,1
14499999.999999998,0.0,0.0,62.46,0.0,5.35616253356714,18,2,4,0,10,0.1081,0.3501,0.5038,0.0238,0.3209,1
14499999.999999998,0.0,0.0,62.46,0.0,5.35616253356714,18,2,4,0,10,0.1081,0.3501,0.5038,0.0238,0.3209,1
21000000.0,0.0,0.0,65.0,0.0,5.35616253356714,18,2,4,0,10,0.1081,0.3501,0.5038,0.0238,0.3209,1
620000000.0,0.0,0.0,1650.0,0.0,5.35616253356714,18,2,4,0,10,0.1081,0.3501,0.5038,0.0238,0.3209,1
31500000.0,0.0,0.0,94.0,0.0,5.35616253356714,18,2,4,0,10,0.1081,0.3501,0.5038,0.0238,0.3209,1
35000000.0,0.0,0.0,120.0,0.0,5.35616253356714,18,2,4,0,10,0.1081,0.3501,0.5038,0.0238,0.3209,1
39200000.0,0.0,0.0,130.0,0.0,5.35616253356714,18,2,4,0,10,0.1081,0.3501,0.5038,0.0238,0.3209,1
85000000.0,0.0,0.0,0.0,267.0,7.28246902815564,0,0,22,2,0,0.1081,0.3501,0.5038,0.0238,0.3209,1
63680357.14,0.0,0.0,0.0,11590.0,4.51032539959383,3,0,6,1,0,0.1081,0.3501,0.5038,0.0238,0.3209,1
35000000.0,0.0,0.0,120.0,0.0,5.35616253356714,18,2,4,0,10,0.1081,0.3501,0.5038,0.0238,0.3209,1
32790600.0,0.0,0.0,103.2,0.0,4.51032539959383,3,0,6,1,0,0.1081,0.3501,0.5038,0.0238,0.3209,1
29300000.0,0.0,0.0,91.03,0.0,5.35616253356714,18,2,4,0,10,0.1081,0.3501,0.5038,0.0238,0.3209,1
120000000.0,0.0,0.0,900.0,400.0,5.35616253356714,18,2,4,0,10,0.1081,0.3501,0.5038,0.0238,0.3209,1
336600000.0,0.0,0.0,1020.0,0.0,5.35616253356714,18,2,4,0,10,0.1081,0.3501,0.5038,0.0238,0.3209,1
635000000.0,0.0,0.0,1645.0,0.0,5.35616253356714,18,2,4,0,10,0.1081,0.3501,0.5038,0.0238,0.3209,1
165000000.0,0.0,0.0,488.0,0.0,5.49031668180919,22,5,10,1,16,0.1081,0.3501,0.5038,0.0238,0.3209,1
381250000.0,0.0,0.0,1020.0,0.0,5.35616253356714,18,2,4,0,10,0.1081,0.3501,0.5038,0.0238,0.3209,1
36263700.0,0.0,0.0,121.0,0.0,5.35616253356714,18,2,4,0,10,0.1081,0.3501,0.5038,0.0238,0.3209,1
34000000.0,0.0,0.0,95.0,0.0,5.41173721541226,23,5,5,1,16,0.1081,0.3501,0.5038,0.0238,0.3209,1
39000000.0,0.0,0.0,95.0,0.0,5.35616253356714,18,2,4,0,10,0.1081,0.3501,0.5038,0.0238,0.3209,1
130000000.0,0.0,0.0,909.0,400.0,4.51032539959383,3,0,6,1,0,0.1081,0.3501,0.5038,0.0238,0.3209,1
40000000.0,0.0,0.0,112.0,0.0,5.35616253356714,18,2,4,0,10,0.1081,0.3501,0.5038,0.0238,0.3209,1
120000000.0,0.0,0.0,897.0,400.0,4.51032539959383,3,0,6,1,0,0.1081,0.3501,0.5038,0.0238,0.3209,1
32000000.0,0.0,0.0,95.0,0.0,5.35616253356714,18,2,4,0,10,0.1081,0.3501,0.5038,0.0238,0.3209,1
33000000.0,0.0,0.0,95.0,0.0,5.35616253356714,18,2,4,0,10,0.1081,0.3501,0.5038,0.0238,0.3209,1
85000000.0,0.0,0.0,200.0,0.0,4.51032539959383,3,0,6,1,0,0.1081,0.3501,0.5038,0.0238,0.3209,1
90000000.0,0.0,0.0,617.3,0.0,4.51032539959383,3,0,6,1,0,0.1081,0.3501,0.5038,0.0238,0.3209,1
375000000.0,0.0,0.0,1020.0,0.0,5.35616253356714,18,2,4,0,10,0.1081,0.3501,0.5038,0.0238,0.3209,1
35000000.0,0.0,0.0,104.0,0.0,5.35616253356714,18,2,4,0,10,0.1081,0.3501,0.5038,0.0238,0.3209,1
60000000.0,0.0,0.0,228.0,0.0,5.35616253356714,18,2,4,0,10,0.1081,0.3501,0.5038,0.0238,0.3209,1
495950000.0,0.0,0.0,1417.0,0.0,5.35616253356714,18,2,4,0,10,0.1081,0.3501,0.5038,0.0238,0.3209,1
320000000.0,0.0,0.0,2000.0,562.0,4.51032539959383,3,0,6,1,0,0.1081,0.3501,0.5038,0.0238,0.3209,1
55000000.0,0.0,0.0,158.0,0.0,5.35616253356714,18,2,4,0,10,0.1081,0.3501,0.5038,0.0238,0.3209,1
638385000.0,0.0,0.0,1749.0,0.0,5.35616253356714,18,2,4,0,10,0.1081,0.3501,0.5038,0.0238,0.3209,1
375000000.0,0.0,0.0,1020.0,0.0,5.35616253356714,18,2,4,0,10,0.1081,0.3501,0.5038,0.0238,0.3209,1
26000000.0,0.0,0.0,91.0,0.0,5.35616253356714,18,2,4,0,10,0.1081,0.3501,0.5038,0.0238,0.3209,1
45000000.0,0.0,0.0,127.0,0.0,5.35616253356714,18,2,4,0,10,0.1081,0.3501,0.5038,0.0238,0.3209,1
98000000.0,0.0,0.0,900.0,400.0,4.51032539959383,3,0,6,1,0,0.1081,0.3501,0.5038,0.0238,0.3209,1
39500000.0,0.0,0.0,149.65,0.0,5.35616253356714,18,2,4,0,10,0.1081,0.3501,0.5038,0.0238,0.3209,1
511374107.1399999,0.0,0.0,1635.0,0.0,5.35616253356714,18,2,4,0,10,0.1081,0.3501,0.5038,0.0238,0.3209,1
33000000.0,0.0,0.0,123.0,0.0,5.35616253356714,18,2,4,0,10,0.1081,0.3501,0.5038,0.0238,0.3209,1
41904000.00000001,0.0,0.0,150.0,0.0,5.35616253356714,18,2,4,0,10,0.1081,0.3501,0.5038,0.0238,0.3209,1
72520000.0,0.0,0.0,259.0,0.0,5.35616253356714,18,2,4,0,10,0.1081,0.3501,0.5038,0.0238,0.3209,1
36000000.0,0.0,0.0,121.0,121.0,5.35616253356714,18,2,4,0,10,0.1081,0.3501,0.5038,0.0238,0.3209,1
528850000.0,0.0,0.0,1511.0,0.0,5.93677156946966,25,6,23,1,14,0.1081,0.3501,0.5038,0.0238,0.3209,0
16000000.0,0.0,0.0,49.0,0.0,5.35616253356714,18,2,4,0,10,0.1081,0.3501,0.5038,0.0238,0.3209,1
511374107.0,0.0,0.0,1300.0,0.0,5.35616253356714,18,2,4,0,10,0.1081,0.3501,0.5038,0.0238,0.3209,1
34000000.0,0.0,0.0,114.0,0.0,5.35616253356714,18,2,4,0,10,0.1081,0.3501,0.5038,0.0238,0.3209,1
60000000.0,0.0,0.0,228.0,0.0,5.35616253356714,18,2,4,0,10,0.1081,0.3501,0.5038,0.0238,0.3209,1
120000000.0,0.0,0.0,900.0,400.0,4.51032539959383,3,0,6,1,0,0.1081,0.3501,0.5038,0.0238,0.3209,1
55000000.0,0.0,0.0,158.0,0.0,5.35616253356714,18,2,4,0,10,0.1081,0.3501,0.5038,0.0238,0.3209,1
357000000.0,0.0,0.0,1020.0,0.0,5.35616253356714,18,2,4,0,10,0.1081,0.3501,0.5038,0.0238,0.3209,1
38000000.00000001,0.0,0.0,128.0,0.0,5.96207092964404,24,5,27,1,13,0.1081,0.3501,0.5038,0.0238,0.3209,0
80000000.0,0.0,0.0,0.0,180.0,5.35616253356714,18,2,4,0,10,0.1081,0.3501,0.5038,0.0238,0.3209,1
37500000.0,0.0,0.0,95.0,0.0,5.35616253356714,18,2,4,0,10,0.1081,0.3501,0.5038,0.0238,0.3209,1
357000000.0,0.0,0.0,1020.0,0.0,5.35616253356714,18,2,4,0,10,0.1081,0.3501,0.5038,0.0238,0.3209,1
56782000.0,0.0,0.0,182.0,0.0,5.35616253356714,18,2,4,0,10,0.1081,0.3501,0.5038,0.0238,0.3209,1
55000000.0,0.0,0.0,158.0,0.0,5.35616253356714,18,2,4,0,10,0.1081,0.3501,0.5038,0.0238,0.3209,1
55000000.0,0.0,0.0,158.0,0.0,5.35616253356714,18,2,4,0,10,0.1081,0.3501,0.5038,0.0238,0.3209,1
398000000.0,0.0,0.0,3560.0,418.0,5.35616253356714,18,2,4,0,10,0.1081,0.3501,0.5038,0.0238,0.3209,1
375000000.0,0.0,0.0,1020.0,0.0,5.35616253356714,18,2,4,0,10,0.1081,0.3501,0.5038,0.0238,0.3209,1
15000000.0,0.0,0.0,62.46,0.0,5.35616253356714,18,2,4,0,10,0.1081,0.3501,0.5038,0.0238,0.3209,1
15000000.0,0.0,0.0,62.46,0.0,5.35616253356714,18,2,4,0,10,0.1081,0.3501,0.5038,0.0238,0.3209,1
18214000.0,0.0,0.0,65.05,0.0,5.35616253356714,18,2,4,0,10,0.1081,0.3501,0.5038,0.0238,0.3209,1
15000000.0,0.0,0.0,62.0,0.0,5.35616253356714,18,2,4,0,10,0.1081,0.3501,0.5038,0.0238,0.3209,1
37000000.0,0.0,0.0,149.65,0.0,5.35616253356714,18,2,4,0,10,0.1081,0.3501,0.5038,0.0238,0.3209,1
14499999.999999998,0.0,0.0,62.46,0.0,5.35616253356714,18,2,4,0,10,0.1081,0.3501,0.5038,0.0238,0.3209,1
65000000.0,0.0,0.0,150.0,0.0,5.35616253356714,18,2,4,0,10,0.1081,0.3501,0.5038,0.0238,0.3209,1
7500000000.0,0.0,0.0,11467.0,1643.0,5.35616253356714,18,2,4,0,10,0.1081,0.3501,0.5038,0.0238,0.3209,1
18700000.0,0.0,0.0,65.0,0.0,5.35616253356714,18,2,4,0,10,0.1081,0.3501,0.5038,0.0238,0.3209,1
90000000.0,0.0,0.0,200.0,0.0,4.51032539959383,3,0,6,1,0,0.1081,0.3501,0.5038,0.0238,0.3209,1
14499999.999999998,0.0,0.0,62.46,0.0,5.35616253356714,18,2,4,0,10,0.1081,0.3501,0.5038,0.0238,0.3209,1
17931000.0,0.0,0.0,65.04,0.0,5.35616253356714,18,2,4,0,10,0.1081,0.3501,0.5038,0.0238,0.3209,1
15000000.0,0.0,0.0,62.46,0.0,5.35616253356714,18,2,4,0,10,0.1081,0.3501,0.5038,0.0238,0.3209,1
15000000.0,0.0,0.0,62.46,0.0,5.35616253356714,18,2,4,0,10,0.1081,0.3501,0.5038,0.0238,0.3209,1
15000000.0,0.0,0.0,62.0,0.0,5.35616253356714,18,2,4,0,10,0.1081,0.3501,0.5038,0.0238,0.3209,1
300000000.0,0.0,0.0,1500.0,5668.0,8.68909570796529,1,0,7,0,1,0.1081,0.3501,0.5038,0.0238,0.3209,1
57999999.99999999,0.0,0.0,136.0,0.0,5.35616253356714,18,2,4,0,10,0.1081,0.3501,0.5038,0.0238,0.3209,1
15000000.0,0.0,0.0,62.46,0.0,5.35616253356714,18,2,4,0,10,0.1081,0.3501,0.5038,0.0238,0.3209,1
30000000.0,0.0,0.0,124.0,0.0,5.35616253356714,18,2,4,0,10,0.1081,0.3501,0.5038,0.0238,0.3209,1
18214000.0,0.0,0.0,65.05,0.0,5.98078250968734,25,5,27,1,13,0.1081,0.3501,0.5038,0.0238,0.3209,0
25500000.0,0.0,0.0,89.44,0.0,5.35616253356714,18,2,4,0,10,0.1081,0.3501,0.5038,0.0238,0.3209,1
39500000.0,0.0,0.0,158.0,0.0,5.35616253356714,18,2,4,0,10,0.1081,0.3501,0.5038,0.0238,0.3209,1
15000000.0,0.0,0.0,62.0,0.0,5.35616253356714,18,2,4,0,10,0.1081,0.3501,0.5038,0.0238,0.3209,1
15000000.0,0.0,0.0,62.46,0.0,5.35616253356714,18,2,4,0,10,0.1081,0.3501,0.5038,0.0238,0.3209,1
15000000.0,0.0,0.0,62.46,0.0,5.35616253356714,18,2,4,0,10,0.1081,0.3501,0.5038,0.0238,0.3209,1
39500000.0,0.0,0.0,149.65,0.0,5.35616253356714,18,2,4,0,10,0.1081,0.3501,0.5038,0.0238,0.3209,1
19950000.0,0.0,0.0,62.0,0.0,5.35616253356714,18,2,4,0,10,0.1081,0.3501,0.5038,0.0238,0.3209,1
18000000.0,0.0,0.0,62.0,62.0,5.35616253356714,18,2,4,0,10,0.1081,0.3501,0.5038,0.0238,0.3209,1
15000000.0,0.0,0.0,62.46,0.0,5.35616253356714,18,2,4,0,10,0.1081,0.3501,0.5038,0.0238,0.3209,1
15000000.0,0.0,0.0,62.46,0.0,5.35616253356714,18,2,4,0,10,0.1081,0.3501,0.5038,0.0238,0.3209,1
25000000.0,0.0,0.0,0.0,63.0,5.35616253356714,18,2,4,0,10,0.1081,0.3501,0.5038,0.0238,0.3209,1
41904800.0,0.0,0.0,149.66,0.0,5.96779599604956,25,5,27,1,13,0.1081,0.3501,0.5038,0.0238,0.3209,0
26000000.0,0.0,0.0,91.0,0.0,5.35616253356714,18,2,4,0,10,0.1081,0.3501,0.5038,0.0238,0.3209,1
495950000.0,0.0,0.0,1417.0,0.0,5.35616253356714,18,2,4,0,10,0.1081,0.3501,0.5038,0.0238,0.3209,1
15000000.0,0.0,0.0,62.46,0.0,5.35616253356714,18,2,4,0,10,0.1081,0.3501,0.5038,0.0238,0.3209,1
15000000.0,0.0,0.0,62.46,0.0,5.35616253356714,18,2,4,0,10,0.1081,0.3501,0.5038,0.0238,0.3209,1
33000000.0,0.0,0.0,123.0,0.0,5.35616253356714,18,2,4,0,10,0.1081,0.3501,0.5038,0.0238,0.3209,1
28600000.000000004,0.0,0.0,100.0,0.0,5.35616253356714,18,2,4,0,10,0.1081,0.3501,0.5038,0.0238,0.3209,1
39500000.0,0.0,0.0,158.0,0.0,5.35616253356714,18,2,4,0,10,0.1081,0.3501,0.5038,0.0238,0.3209,1
15000000.0,0.0,0.0,62.46,0.0,5.35616253356714,18,2,4,0,10,0.1081,0.3501,0.5038,0.0238,0.3209,1
375000000.0,0.0,0.0,1020.0,0.0,5.35616253356714,18,2,4,0,10,0.1081,0.3501,0.5038,0.0238,0.3209,1
15000000.0,0.0,0.0,62.0,0.0,5.35616253356714,18,2,4,0,10,0.1081,0.3501,0.5038,0.0238,0.3209,1
15000000.0,0.0,0.0,62.46,0.0,5.35616253356714,18,2,4,0,10,0.1081,0.3501,0.5038,0.0238,0.3209,1
76000000.00000001,0.0,0.0,210.0,0.0,4.51032539959383,3,0,6,1,0,0.1081,0.3501,0.5038,0.0238,0.3209,1
2653500.0,0.0,0.0,1769.0,0.0,5.44450421491464,23,5,5,1,16,0.1081,0.3501,0.5038,0.0238,0.3209,1
131600000.0,0.0,0.0,376.0,0.0,5.93677156946966,25,6,23,1,14,0.1081,0.3501,0.5038,0.0238,0.3209,0
457200000.0,0.0,0.0,1417.0,0.0,5.35616253356714,18,2,4,0,10,0.1081,0.3501,0.5038,0.0238,0.3209,1
33880000.0,0.0,0.0,121.0,0.0,5.35616253356714,18,2,4,0,10,0.1081,0.3501,0.5038,0.0238,0.3209,1
35000000.0,0.0,0.0,127.6,0.0,5.35616253356714,18,2,4,0,10,0.1081,0.3501,0.5038,0.0238,0.3209,1
33880000.0,0.0,0.0,121.0,0.0,5.35616253356714,18,2,4,0,10,0.1081,0.3501,0.5038,0.0238,0.3209,1
58590000.0,0.0,0.0,189.0,0.0,5.35616253356714,18,2,4,0,10,0.1081,0.3501,0.5038,0.0238,0.3209,1
101802000.0,0.0,0.0,261.9,0.0,5.35616253356714,18,2,4,0,10,0.1081,0.3501,0.5038,0.0238,0.3209,1
131950000.0,0.0,0.0,377.0,0.0,5.93677156946966,25,6,23,1,14,0.1081,0.3501,0.5038,0.0238,0.3209,0
49999999.99999999,0.0,0.0,150.0,0.0,5.35616253356714,18,2,4,0,10,0.1081,0.3501,0.5038,0.0238,0.3209,1
336600000.0,0.0,0.0,1020.0,0.0,5.35616253356714,18,2,4,0,10,0.1081,0.3501,0.5038,0.0238,0.3209,1
39000000.0,0.0,0.0,95.0,0.0,5.35616253356714,18,2,4,0,10,0.1081,0.3501,0.5038,0.0238,0.3209,1
57999999.99999999,0.0,0.0,159.0,0.0,7.28246902815564,0,0,22,2,0,0.1081,0.3501,0.5038,0.0238,0.3209,1
97000000.0,0.0,0.0,312.6,0.0,7.28246902815564,0,0,22,2,0,0.1081,0.3501,0.5038,0.0238,0.3209,1
35000000.0,0.0,0.0,104.0,0.0,5.35616253356714,18,2,4,0,10,0.1081,0.3501,0.5038,0.0238,0.3209,1
40000000.0,0.0,0.0,112.0,0.0,5.35616253356714,18,2,4,0,10,0.1081,0.3501,0.5038,0.0238,0.3209,1
57999999.99999999,0.0,0.0,136.0,0.0,5.35616253356714,18,2,4,0,10,0.1081,0.3501,0.5038,0.0238,0.3209,1
16499999.999999998,0.0,0.0,65.0,0.0,5.97514180241564,24,5,27,1,13,0.1081,0.3501,0.5038,0.0238,0.3209,0
13000000.0,0.0,0.0,64.0,75.0,7.68262941216369,1,0,13,2,4,0.1081,0.3501,0.5038,0.0238,0.3209,1
39500000.0,0.0,0.0,158.0,0.0,5.35616253356714,18,2,4,0,10,0.1081,0.3501,0.5038,0.0238,0.3209,1
21000000.0,0.0,0.0,65.0,0.0,5.35616253356714,18,2,4,0,10,0.1081,0.3501,0.5038,0.0238,0.3209,1
55000000.0,0.0,0.0,149.0,0.0,5.35616253356714,18,2,4,0,10,0.1081,0.3501,0.5038,0.0238,0.3209,1
19000000.000000004,0.0,0.0,65.0,0.0,5.35616253356714,18,2,4,0,10,0.1081,0.3501,0.5038,0.0238,0.3209,1
27550000.0,0.0,0.0,95.0,0.0,5.35616253356714,18,2,4,0,10,0.1081,0.3501,0.5038,0.0238,0.3209,1
32670000.0,0.0,0.0,121.0,0.0,5.35616253356714,18,2,4,0,10,0.1081,0.3501,0.5038,0.0238,0.3209,1
315000000.0,0.0,0.0,2500.0,4500.0,7.28246902815564,0,0,22,2,0,0.1081,0.3501,0.5038,0.0238,0.3209,1
15000000.0,0.0,0.0,62.46,0.0,5.35616253356714,18,2,4,0,10,0.1081,0.3501,0.5038,0.0238,0.3209,1
286500.0,0.0,0.0,191.0,0.0,4.51032539959383,3,0,6,1,0,0.1081,0.3501,0.5038,0.0238,0.3209,1
88000000.0,0.0,0.0,191.0,0.0,4.51032539959383,3,0,6,1,0,0.1081,0.3501,0.5038,0.0238,0.3209,1
85760000.0,0.0,0.0,268.0,0.0,5.35616253356714,18,2,4,0,10,0.1081,0.3501,0.5038,0.0238,0.3209,1
43050000.0,0.0,0.0,123.0,123.0,5.35616253356714,18,2,4,0,10,0.1081,0.3501,0.5038,0.0238,0.3209,1
4990000000.0,0.0,0.0,12900.0,969.0,5.35616253356714,18,2,4,0,10,0.1081,0.3501,0.5038,0.0238,0.3209,1
14499999.999999998,0.0,0.0,62.46,0.0,5.35616253356714,18,2,4,0,10,0.1081,0.3501,0.5038,0.0238,0.3209,1
250000000.0,0.0,0.0,1500.0,5668.0,9.28546714726104,0,0,3,0,0,0.1081,0.3501,0.5038,0.0238,0.3209,1
350000000.0,0.0,0.0,1943.0,562.0,4.25209241352418,5,0,8,0,2,0.1081,0.3501,0.5038,0.0238,0.3209,1
110000000.0,0.0,0.0,307.0,0.0,5.35616253356714,18,2,4,0,10,0.1081,0.3501,0.5038,0.0238,0.3209,1
41250000.0,0.0,0.0,165.0,0.0,5.35616253356714,18,2,4,0,10,0.1081,0.3501,0.5038,0.0238,0.3209,1
14499999.999999998,0.0,0.0,62.46,0.0,5.35616253356714,18,2,4,0,10,0.1081,0.3501,0.5038,0.0238,0.3209,1
35000000.0,0.0,0.0,100.0,0.0,5.35616253356714,18,2,4,0,10,0.1081,0.3501,0.5038,0.0238,0.3209,1
15000000.0,0.0,0.0,62.46,0.0,5.35616253356714,18,2,4,0,10,0.1081,0.3501,0.5038,0.0238,0.3209,1
49999999.99999999,0.0,0.0,158.94,0.0,5.35616253356714,18,2,4,0,10,0.1081,0.3501,0.5038,0.0238,0.3209,1
41999999.99999999,0.0,0.0,149.0,0.0,5.35616253356714,18,2,4,0,10,0.1081,0.3501,0.5038,0.0238,0.3209,1
44500000.0,0.0,0.0,158.0,0.0,5.35616253356714,18,2,4,0,10,0.1081,0.3501,0.5038,0.0238,0.3209,1
13800000.0,0.0,0.0,82.0,0.0,5.35616253356714,18,2,4,0,10,0.1081,0.3501,0.5038,0.0238,0.3209,1
61330499.99999999,0.0,0.0,189.0,0.0,5.35616253356714,18,2,4,0,10,0.1081,0.3501,0.5038,0.0238,0.3209,1
55755000.0,0.0,0.0,189.0,0.0,5.35616253356714,18,2,4,0,10,0.1081,0.3501,0.5038,0.0238,0.3209,1
23310000.0,0.0,0.0,64.46,0.0,5.8881621745368,27,6,26,1,16,0.1081,0.3501,0.5038,0.0238,0.3209,0
56782000.0,0.0,0.0,182.0,0.0,5.35616253356714,18,2,4,0,10,0.1081,0.3501,0.5038,0.0238,0.3209,1
14499999.999999998,0.0,0.0,62.46,0.0,5.35616253356714,18,2,4,0,10,0.1081,0.3501,0.5038,0.0238,0.3209,1
29500000.0,0.0,0.0,95.0,0.0,5.35616253356714,18,2,4,0,10,0.1081,0.3501,0.5038,0.0238,0.3209,1
21000000.0,0.0,0.0,65.0,0.0,5.35616253356714,18,2,4,0,10,0.1081,0.3501,0.5038,0.0238,0.3209,1
58100000.0,0.0,0.0,180.47,0.0,5.35616253356714,18,2,4,0,10,0.1081,0.3501,0.5038,0.0238,0.3209,1
14000000.0,0.0,0.0,62.0,0.0,5.8881621745368,27,6,26,1,16,0.1081,0.3501,0.5038,0.0238,0.3209,0
38000000.00000001,0.0,0.0,95.0,0.0,5.35616253356714,18,2,4,0,10,0.1081,0.3501,0.5038,0.0238,0.3209,1
39500000.0,0.0,0.0,149.65,0.0,5.35616253356714,18,2,4,0,10,0.1081,0.3501,0.5038,0.0238,0.3209,1
337500000.0,0.0,0.0,1000.0,4500.0,6.18819342345157,5,1,6,0,3,0.1081,0.3501,0.5038,0.0238,0.3209,1
49000000.0,0.0,0.0,200.0,0.0,5.35616253356714,18,2,4,0,10,0.1081,0.3501,0.5038,0.0238,0.3209,1
180000000.0,0.0,0.0,2360.0,1323.0,5.35616253356714,18,2,4,0,10,0.1081,0.3501,0.5038,0.0238,0.3209,1
490000000.0,0.0,0.0,5000.0,7000.0,6.97968730728669,0,0,6,1,0,0.1081,0.3501,0.5038,0.0238,0.3209,1
36800000.0,0.0,0.0,160.0,0.0,5.35616253356714,18,2,4,0,10,0.1081,0.3501,0.5038,0.0238,0.3209,1
120000000.0,0.0,0.0,897.4299999999998,400.0,5.35616253356714,18,2,4,0,10,0.1081,0.3501,0.5038,0.0238,0.3209,1
8000000000.0,0.0,0.0,26000.0,2213.0,5.35616253356714,18,2,4,0,10,0.1081,0.3501,0.5038,0.0238,0.3209,1
7225000000.0,0.0,0.0,26182.0,2213.0,5.35616253356714,18,2,4,0,10,0.1081,0.3501,0.5038,0.0238,0.3209,1
2500000000.0,0.0,0.0,5000.0,1000.0,5.35616253356714,18,2,4,0,10,0.1081,0.3501,0.5038,0.0238,0.3209,1
55755000.0,0.0,0.0,189.0,0.0,5.35616253356714,18,2,4,0,10,0.1081,0.3501,0.5038,0.0238,0.3209,1
3700000000.0,0.0,0.0,13889.0,600.0,5.35616253356714,18,2,4,0,10,0.1081,0.3501,0.5038,0.0238,0.3209,1
455000000.0,0.0,0.0,4500.0,7000.0,6.97968730728669,0,0,6,1,0,0.1081,0.3501,0.5038,0.0238,0.3209,1
21000000.0,0.0,0.0,65.0,0.0,5.35616253356714,18,2,4,0,10,0.1081,0.3501,0.5038,0.0238,0.3209,1
17750000.0,0.0,0.0,62.5,0.0,5.35616253356714,18,2,4,0,10,0.1081,0.3501,0.5038,0.0238,0.3209,1
273000000.0,0.0,0.0,910.0,0.0,5.35616253356714,18,2,4,0,10,0.1081,0.3501,0.5038,0.0238,0.3209,1
41916000.0,0.0,0.0,140.0,0.0,5.49230380792781,27,6,25,1,16,0.1081,0.3501,0.5038,0.0238,0.3209,0
39500000.0,0.0,0.0,149.65,0.0,5.35616253356714,18,2,4,0,10,0.1081,0.3501,0.5038,0.0238,0.3209,1
18500000.0,0.0,0.0,62.46,0.0,5.35616253356714,18,2,4,0,10,0.1081,0.3501,0.5038,0.0238,0.3209,1
15000000.0,0.0,0.0,62.46,0.0,5.35616253356714,18,2,4,0,10,0.1081,0.3501,0.5038,0.0238,0.3209,1
18500000.0,0.0,0.0,62.46,0.0,5.35616253356714,18,2,4,0,10,0.1081,0.3501,0.5038,0.0238,0.3209,1
136150000.0,0.0,0.0,389.0,0.0,5.93677156946966,25,6,23,1,14,0.1081,0.3501,0.5038,0.0238,0.3209,0
16499999.999999998,0.0,0.0,65.0,0.0,5.35616253356714,18,2,4,0,10,0.1081,0.3501,0.5038,0.0238,0.3209,1
40000000.0,0.0,0.0,112.0,0.0,5.35616253356714,18,2,4,0,10,0.1081,0.3501,0.5038,0.0238,0.3209,1
228550000.0,0.0,0.0,574.0,0.0,5.35616253356714,18,2,4,0,10,0.1081,0.3501,0.5038,0.0238,0.3209,1
54145000.0,0.0,0.0,154.7,0.0,5.35616253356714,18,2,4,0,10,0.1081,0.3501,0.5038,0.0238,0.3209,1
56782000.0,0.0,0.0,182.0,0.0,5.35616253356714,18,2,4,0,10,0.1081,0.3501,0.5038,0.0238,0.3209,1
56782000.0,0.0,0.0,182.0,0.0,5.35616253356714,18,2,4,0,10,0.1081,0.3501,0.5038,0.0238,0.3209,1
550000000.0,0.0,0.0,1645.0,0.0,5.35616253356714,18,2,4,0,10,0.1081,0.3501,0.5038,0.0238,0.3209,1
55755000.0,0.0,0.0,189.0,0.0,5.35616253356714,18,2,4,0,10,0.1081,0.3501,0.5038,0.0238,0.3209,1
3000000000.0,0.0,0.0,13500.0,977.0,5.35619532432503,18,2,4,0,10,0.1081,0.3501,0.5038,0.0238,0.3209,1
80000000.0,0.0,0.0,0.0,180.0,7.28246902815564,0,0,22,2,0,0.1081,0.3501,0.5038,0.0238,0.3209,1
38991000.0,0.0,0.0,123.0,0.0,5.35616253356714,18,2,4,0,10,0.1081,0.3501,0.5038,0.0238,0.3209,1
16499999.999999998,0.0,0.0,62.0,0.0,5.35616253356714,18,2,4,0,10,0.1081,0.3501,0.5038,0.0238,0.3209,1
250000000.0,0.0,0.0,5668.0,0.0,9.28546714726104,0,0,3,0,0,0.1081,0.3501,0.5038,0.0238,0.3209,1
475000000.0,0.0,0.0,6000.0,8338.0,9.33137032355731,0,0,9,0,1,0.1081,0.3501,0.5038,0.0238,0.3209,1
14000000000.0,0.0,0.0,50012.0,1712.0,6.29408593493129,0,0,23,1,0,0.1081,0.3501,0.5038,0.0238,0.3209,1
33100000.0,0.0,0.0,104.0,0.0,5.96290830589479,27,6,23,1,14,0.1081,0.3501,0.5038,0.0238,0.3209,0
68800000.0,0.0,0.0,182.0,0.0,5.35616253356714,18,2,4,0,10,0.1081,0.3501,0.5038,0.0238,0.3209,1
32670000.0,0.0,0.0,121.0,0.0,5.35616253356714,18,2,4,0,10,0.1081,0.3501,0.5038,0.0238,0.3209,1
36400000.0,0.0,0.0,104.0,0.0,5.35616253356714,18,2,4,0,10,0.1081,0.3501,0.5038,0.0238,0.3209,1
14000000.0,0.0,0.0,62.0,0.0,5.35616253356714,18,2,4,0,10,0.1081,0.3501,0.5038,0.0238,0.3209,1
537000000.0,0.0,0.0,1790.0,0.0,5.35616253356714,18,2,4,0,10,0.1081,0.3501,0.5038,0.0238,0.3209,1
7500000000.0,0.0,0.0,11942.0,1643.0,5.35616253356714,18,2,4,0,10,0.1081,0.3501,0.5038,0.0238,0.3209,1
55000000.0,0.0,0.0,158.0,0.0,5.35616253356714,18,2,4,0,10,0.1081,0.3501,0.5038,0.0238,0.3209,1
14499999.999999998,0.0,0.0,62.46,0.0,5.35616253356714,18,2,4,0,10,0.1081,0.3501,0.5038,0.0238,0.3209,1
22750000.0,0.0,0.0,65.0,0.0,5.35616253356714,18,2,4,0,10,0.1081,0.3501,0.5038,0.0238,0.3209,1
1700000000.0,0.0,0.0,0.0,25000.0,6.32006256200708,0,0,6,0,2,0.1081,0.3501,0.5038,0.0238,0.3209,1
80000000.0,0.0,0.0,276.0,180.0,5.35616253356714,18,2,4,0,10,0.1081,0.3501,0.5038,0.0238,0.3209,1
129150000.0,0.0,0.0,369.0,0.0,5.35616253356714,18,2,4,0,10,0.1081,0.3501,0.5038,0.0238,0.3209,1
23275000.0,0.0,0.0,95.0,0.0,5.35616253356714,18,2,4,0,10,0.1081,0.3501,0.5038,0.0238,0.3209,1
22222222.0,0.0,0.0,22.0,22.0,5.35616253356714,18,2,4,0,10,0.1081,0.3501,0.5038,0.0238,0.3209,1
220000000.0,0.0,0.0,1500.0,5668.0,9.28546714726104,0,0,3,0,0,0.1081,0.3501,0.5038,0.0238,0.3209,1
57999999.99999999,0.0,0.0,159.0,0.0,5.88925252981022,27,6,26,1,16,0.1081,0.3501,0.5038,0.0238,0.3209,0
18600000.0,0.0,0.0,93.0,0.0,5.35616253356714,18,2,4,0,10,0.1081,0.3501,0.5038,0.0238,0.3209,1
29300000.0,0.0,0.0,91.03,0.0,5.35616253356714,18,2,4,0,10,0.1081,0.3501,0.5038,0.0238,0.3209,1
32670000.0,0.0,0.0,121.0,0.0,5.35616253356714,18,2,4,0,10,0.1081,0.3501,0.5038,0.0238,0.3209,1
16499999.999999998,0.0,0.0,62.0,0.0,5.35616253356714,18,2,4,0,10,0.1081,0.3501,0.5038,0.0238,0.3209,1
39000000.0,0.0,0.0,100.0,0.0,5.35616253356714,18,2,4,0,10,0.1081,0.3501,0.5038,0.0238,0.3209,1
29440000.0,0.0,0.0,92.0,11590.0,4.51032539959383,3,0,6,1,0,0.1081,0.3501,0.5038,0.0238,0.3209,1
457200000.0,0.0,0.0,1417.0,0.0,5.35616253356714,18,2,4,0,10,0.1081,0.3501,0.5038,0.0238,0.3209,1
35000000.0,0.0,0.0,104.0,0.0,5.35616253356714,18,2,4,0,10,0.1081,0.3501,0.5038,0.0238,0.3209,1
24000000.0,0.0,0.0,93.0,0.0,5.35616253356714,18,2,4,0,10,0.1081,0.3501,0.5038,0.0238,0.3209,1
41999999.99999999,0.0,0.0,149.0,0.0,5.35616253356714,18,2,4,0,10,0.1081,0.3501,0.5038,0.0238,0.3209,1
29000000.0,0.0,0.0,93.0,0.0,5.35616253356714,18,2,4,0,10,0.1081,0.3501,0.5038,0.0238,0.3209,1
29440000.0,0.0,0.0,92.0,11590.0,4.51032539959383,3,0,6,1,0,0.1081,0.3501,0.5038,0.0238,0.3209,1
18500000.0,0.0,0.0,65.0,0.0,5.35616253356714,18,2,4,0,10,0.1081,0.3501,0.5038,0.0238,0.3209,1
24500000.0,0.0,0.0,93.0,0.0,5.35616253356714,18,2,4,0,10,0.1081,0.3501,0.5038,0.0238,0.3209,1
33000000.0,0.0,0.0,104.0,0.0,5.35616253356714,18,2,4,0,10,0.1081,0.3501,0.5038,0.0238,0.3209,1
63000000.0,0.0,0.0,150.0,0.0,5.35616253356714,18,2,4,0,10,0.1081,0.3501,0.5038,0.0238,0.3209,1
45000000.0,0.0,0.0,123.0,0.0,5.35616253356714,18,2,4,0,10,0.1081,0.3501,0.5038,0.0238,0.3209,1
100000000.0,0.0,0.0,292.0,0.0,5.35616253356714,18,2,4,0,10,0.1081,0.3501,0.5038,0.0238,0.3209,1
97500000.0,0.0,0.0,285.0,0.0,5.35616253356714,18,2,4,0,10,0.1081,0.3501,0.5038,0.0238,0.3209,1
41000000.0,0.0,0.0,95.0,0.0,5.35616253356714,18,2,4,0,10,0.1081,0.3501,0.5038,0.0238,0.3209,1
17500000.0,0.0,0.0,65.0,0.0,5.96207092964404,24,5,27,1,13,0.1081,0.3501,0.5038,0.0238,0.3209,0
90000000.0,0.0,0.0,276.0,180.0,5.84861983836106,3,0,18,1,1,0.1081,0.3501,0.5038,0.0238,0.3209,1
528850000.0,0.0,0.0,1511.0,0.0,5.35616253356714,18,2,4,0,10,0.1081,0.3501,0.5038,0.0238,0.3209,1
3712000.0,0.0,0.0,8250.0,8250.0,5.63916417531465,7,1,12,0,7,0.1081,0.3501,0.5038,0.0238,0.3209,1
1327500.0000000002,0.0,0.0,2950.0,2950.0,5.63916417531465,7,1,12,0,7,0.1081,0.3501,0.5038,0.0238,0.3209,1
53000000.0,0.0,0.0,159.0,159.0,5.35616253356714,18,2,4,0,10,0.1081,0.3501,0.5038,0.0238,0.3209,1
21000000.0,0.0,0.0,65.0,0.0,5.35616253356714,18,2,4,0,10,0.1081,0.3501,0.5038,0.0238,0.3209,1
28000000.0,0.0,0.0,95.0,0.0,5.35616253356714,18,2,4,0,10,0.1081,0.3501,0.5038,0.0238,0.3209,1
35000000.0,0.0,0.0,126.0,126.0,5.35616253356714,18,2,4,0,10,0.1081,0.3501,0.5038,0.0238,0.3209,1
55000000.0,0.0,0.0,158.0,0.0,5.35616253356714,18,2,4,0,10,0.1081,0.3501,0.5038,0.0238,0.3209,1
57750000.0,0.0,0.0,165.0,0.0,5.35616253356714,18,2,4,0,10,0.1081,0.3501,0.5038,0.0238,0.3209,1
19000000.000000004,0.0,0.0,62.46,0.0,7.28246902815564,0,0,22,2,0,0.1081,0.3501,0.5038,0.0238,0.3209,1
19000000.000000004,0.0,0.0,65.0,0.0,5.35616253356714,18,2,4,0,10,0.1081,0.3501,0.5038,0.0238,0.3209,1
108000000.0,0.0,0.0,617.0,200.0,7.28246902815564,0,0,22,2,0,0.1081,0.3501,0.5038,0.0238,0.3209,1
79100000.0,0.0,0.0,237.0,0.0,5.35616253356714,18,2,4,0,10,0.1081,0.3501,0.5038,0.0238,0.3209,1
13000000.0,0.0,0.0,45.44,0.0,5.64524979289428,23,5,32,1,12,0.1081,0.3501,0.5038,0.0238,0.3209,0
96906000.0,0.0,0.0,312.6,0.0,5.35616253356714,18,2,4,0,10,0.1081,0.3501,0.5038,0.0238,0.3209,1
22500000.0,0.0,0.0,40.0,0.0,5.35616253356714,18,2,4,0,10,0.1081,0.3501,0.5038,0.0238,0.3209,1
120000000.0,0.0,0.0,897.4299999999998,400.0,5.35616253356714,18,2,4,0,10,0.1081,0.3501,0.5038,0.0238,0.3209,1
95000000.0,0.0,0.0,617.3,200.0,4.51032539959383,3,0,6,1,0,0.1081,0.3501,0.5038,0.0238,0.3209,1
80000000.0,0.0,0.0,300.0,180.0,4.51032539959383,3,0,6,1,0,0.1081,0.3501,0.5038,0.0238,0.3209,1
18900000.0,0.0,0.0,63.0,0.0,5.8881621745368,27,6,26,1,16,0.1081,0.3501,0.5038,0.0238,0.3209,0
17800000.0,0.0,0.0,65.0,0.0,5.35616253356714,18,2,4,0,10,0.1081,0.3501,0.5038,0.0238,0.3209,1
1539000.0,0.0,0.0,3420.0,3420.0,5.63916417531465,7,1,12,0,7,0.1081,0.3501,0.5038,0.0238,0.3209,1
20500000.0,0.0,0.0,65.05,0.0,5.35616253356714,18,2,4,0,10,0.1081,0.3501,0.5038,0.0238,0.3209,1
90000000.0,0.0,0.0,139.76,0.0,5.35616253356714,18,2,4,0,10,0.1081,0.3501,0.5038,0.0238,0.3209,1
250000000.0,0.0,0.0,1500.0,5688.0,9.28546714726104,0,0,3,0,0,0.1081,0.3501,0.5038,0.0238,0.3209,1
37500000.0,0.0,0.0,123.0,0.0,5.35616253356714,18,2,4,0,10,0.1081,0.3501,0.5038,0.0238,0.3209,1
105976000.0,0.0,0.0,0.0,2038.0,6.97968730728669,0,0,6,1,0,0.1081,0.3501,0.5038,0.0238,0.3209,1
96906000.0,0.0,0.0,312.6,0.0,5.35616253356714,18,2,4,0,10,0.1081,0.3501,0.5038,0.0238,0.3209,1
70000000.0,0.0,0.0,245.0,0.0,5.35616253356714,18,2,4,0,10,0.1081,0.3501,0.5038,0.0238,0.3209,1
17750000.0,0.0,0.0,62.5,0.0,5.8881621745368,27,6,26,1,16,0.1081,0.3501,0.5038,0.0238,0.3209,0
25000000.0,0.0,0.0,84.44,0.0,5.21554402025238,21,4,10,1,16,0.1081,0.3501,0.5038,0.0238,0.3209,1
54145000.0,0.0,0.0,154.0,0.0,5.35616253356714,18,2,4,0,10,0.1081,0.3501,0.5038,0.0238,0.3209,1
57999999.99999999,0.0,0.0,205.0,205.0,4.51032539959383,3,0,6,1,0,0.1081,0.3501,0.5038,0.0238,0.3209,1
33000000.0,0.0,0.0,104.0,0.0,5.35616253356714,18,2,4,0,10,0.1081,0.3501,0.5038,0.0238,0.3209,1
55000000.0,0.0,0.0,165.0,0.0,5.35616253356714,18,2,4,0,10,0.1081,0.3501,0.5038,0.0238,0.3209,1
790000000.0,0.0,0.0,1645.0,0.0,5.35616253356714,18,2,4,0,10,0.1081,0.3501,0.5038,0.0238,0.3209,1
40000000.0,0.0,0.0,126.0,0.0,5.35616253356714,18,2,4,0,10,0.1081,0.3501,0.5038,0.0238,0.3209,1
41500000.0,0.0,0.0,112.0,0.0,5.35616253356714,18,2,4,0,10,0.1081,0.3501,0.5038,0.0238,0.3209,1
39500000.0,0.0,0.0,158.0,0.0,5.35616253356714,18,2,4,0,10,0.1081,0.3501,0.5038,0.0238,0.3209,1
36500000.0,0.0,0.0,104.0,0.0,5.35616253356714,18,2,4,0,10,0.1081,0.3501,0.5038,0.0238,0.3209,1
155601000.0,0.0,0.0,459.0,0.0,5.35616253356714,18,2,4,0,10,0.1081,0.3501,0.5038,0.0238,0.3209,1
36000000.0,0.0,0.0,112.0,112.0,5.35616253356714,18,2,4,0,10,0.1081,0.3501,0.5038,0.0238,0.3209,1
18500000.0,0.0,0.0,62.46,0.0,5.35616253356714,18,2,4,0,10,0.1081,0.3501,0.5038,0.0238,0.3209,1
37000000.0,0.0,0.0,149.65,0.0,5.35616253356714,18,2,4,0,10,0.1081,0.3501,0.5038,0.0238,0.3209,1
12000000.0,0.0,0.0,43.58,0.0,5.35616253356714,18,2,4,0,10,0.1081,0.3501,0.5038,0.0238,0.3209,1
22800000.0,0.0,0.0,93.0,0.0,5.35616253356714,18,2,4,0,10,0.1081,0.3501,0.5038,0.0238,0.3209,1
320000000.0,0.0,0.0,0.0,562.0,4.51032539959383,3,0,6,1,0,0.1081,0.3501,0.5038,0.0238,0.3209,1
45000000.0,0.0,0.0,126.0,0.0,5.35616253356714,18,2,4,0,10,0.1081,0.3501,0.5038,0.0238,0.3209,1
32670000.0,0.0,0.0,121.0,0.0,5.35616253356714,18,2,4,0,10,0.1081,0.3501,0.5038,0.0238,0.3209,1
57000000.0,0.0,0.0,165.0,0.0,5.35616253356714,18,2,4,0,10,0.1081,0.3501,0.5038,0.0238,0.3209,1
28000000.0,0.0,0.0,93.0,0.0,5.35616253356714,18,2,4,0,10,0.1081,0.3501,0.5038,0.0238,0.3209,1
45000000.0,0.0,0.0,149.0,0.0,5.35616253356714,18,2,4,0,10,0.1081,0.3501,0.5038,0.0238,0.3209,1
49999999.99999999,0.0,0.0,52.0,0.0,5.35616253356714,18,2,4,0,10,0.1081,0.3501,0.5038,0.0238,0.3209,1
100000000.0,0.0,0.0,260.0,0.0,5.35616253356714,18,2,4,0,10,0.1081,0.3501,0.5038,0.0238,0.3209,1
211956399.28,0.0,0.0,746.0,0.0,5.35616253356714,18,2,4,0,10,0.1081,0.3501,0.5038,0.0238,0.3209,1
41999999.99999999,0.0,0.0,95.0,0.0,5.35616253356714,18,2,4,0,10,0.1081,0.3501,0.5038,0.0238,0.3209,1
45000000.0,0.0,0.0,149.0,0.0,5.35616253356714,18,2,4,0,10,0.1081,0.3501,0.5038,0.0238,0.3209,1
120000000.0,0.0,0.0,294.0,0.0,5.35616253356714,18,2,4,0,10,0.1081,0.3501,0.5038,0.0238,0.3209,1
54000000.00000001,0.0,0.0,155.0,0.0,5.35616253356714,18,2,4,0,10,0.1081,0.3501,0.5038,0.0238,0.3209,1
32500000.0,0.0,0.0,95.0,0.0,5.35616253356714,18,2,4,0,10,0.1081,0.3501,0.5038,0.0238,0.3209,1
19000000.000000004,0.0,0.0,65.05,0.0,5.35616253356714,18,2,4,0,10,0.1081,0.3501,0.5038,0.0238,0.3209,1
22500000.0,0.0,0.0,70.0,0.0,5.35616253356714,18,2,4,0,10,0.1081,0.3501,0.5038,0.0238,0.3209,1
15000000.0,0.0,0.0,62.46,0.0,5.35616253356714,18,2,4,0,10,0.1081,0.3501,0.5038,0.0238,0.3209,1
71769600.0,0.0,0.0,178.0,0.0,5.35616253356714,18,2,4,0,10,0.1081,0.3501,0.5038,0.0238,0.3209,1
528000000.0,0.0,0.0,1600.0,0.0,5.35616253356714,18,2,4,0,10,0.1081,0.3501,0.5038,0.0238,0.3209,1
35000000.0,0.0,0.0,126.0,0.0,5.35616253356714,18,2,4,0,10,0.1081,0.3501,0.5038,0.0238,0.3209,1
20000000.0,0.0,0.0,65.05,0.0,5.35616253356714,18,2,4,0,10,0.1081,0.3501,0.5038,0.0238,0.3209,1
49000000.0,0.0,0.0,200.0,0.0,5.39064928994043,23,5,8,1,16,0.1081,0.3501,0.5038,0.0238,0.3209,1
46500000.0,0.0,0.0,112.0,0.0,5.35616253356714,18,2,4,0,10,0.1081,0.3501,0.5038,0.0238,0.3209,1
350000000.0,0.0,0.0,1943.0,562.0,4.51032539959383,3,0,6,1,0,0.1081,0.3501,0.5038,0.0238,0.3209,1
130000000.0,0.0,0.0,909.0,405.0,5.35616253356714,18,2,4,0,10,0.1081,0.3501,0.5038,0.0238,0.3209,1
18000000.0,0.0,0.0,62.0,0.0,5.88925252981022,27,6,26,1,16,0.1081,0.3501,0.5038,0.0238,0.3209,0
255000000.0,0.0,0.0,2500.0,3000.0,6.97968730728669,0,0,6,1,0,0.1081,0.3501,0.5038,0.0238,0.3209,1
18500000.0,0.0,0.0,65.05,0.0,5.35616253356714,18,2,4,0,10,0.1081,0.3501,0.5038,0.0238,0.3209,1
30000000.0,0.0,0.0,95.0,0.0,5.55184569315639,23,5,9,1,16,0.1081,0.3501,0.5038,0.0238,0.3209,1
80000000.0,0.0,0.0,276.0,180.0,4.51032539959383,3,0,6,1,0,0.1081,0.3501,0.5038,0.0238,0.3209,1
220000000.0,0.0,0.0,1500.0,5668.0,9.28546714726104,0,0,3,0,0,0.1081,0.3501,0.5038,0.0238,0.3209,1
28800000.0,0.0,0.0,89.0,0.0,5.35616253356714,18,2,4,0,10,0.1081,0.3501,0.5038,0.0238,0.3209,1
114128000.0,0.0,0.0,2038.0,0.0,6.97968730728669,0,0,6,1,0,0.1081,0.3501,0.5038,0.0238,0.3209,1
350000000.0,0.0,0.0,1943.0,562.0,4.51032539959383,3,0,6,1,0,0.1081,0.3501,0.5038,0.0238,0.3209,1
35000000.0,0.0,0.0,127.6,0.0,5.35616253356714,18,2,4,0,10,0.1081,0.3501,0.5038,0.0238,0.3209,1
90000000.0,0.0,0.0,139.76,0.0,7.28246902815564,0,0,22,2,0,0.1081,0.3501,0.5038,0.0238,0.3209,1
27000000.000000004,0.0,0.0,99.0,2000.0,4.51032539959383,3,0,6,1,0,0.1081,0.3501,0.5038,0.0238,0.3209,1
5900000.0,0.0,0.0,194.0,2000.0,4.51032539959383,3,0,6,1,0,0.1081,0.3501,0.5038,0.0238,0.3209,1
2750000.0,0.0,0.0,90.0,2000.0,4.51032539959383,3,0,6,1,0,0.1081,0.3501,0.5038,0.0238,0.3209,1
58900000.0,0.0,0.0,194.0,2000.0,4.51032539959383,3,0,6,1,0,0.1081,0.3501,0.5038,0.0238,0.3209,1
56960000.0,0.0,0.0,182.0,0.0,5.35616253356714,18,2,4,0,10,0.1081,0.3501,0.5038,0.0238,0.3209,1
55000000.0,0.0,0.0,157.0,0.0,5.35616253356714,18,2,4,0,10,0.1081,0.3501,0.5038,0.0238,0.3209,1
35280000.0,0.0,0.0,126.0,0.0,5.93677156946966,25,6,23,1,14,0.1081,0.3501,0.5038,0.0238,0.3209,0
502500000.0,0.0,0.0,1675.0,0.0,5.35616253356714,18,2,4,0,10,0.1081,0.3501,0.5038,0.0238,0.3209,1
16262500.0,0.0,0.0,65.05,0.0,5.35616253356714,18,2,4,0,10,0.1081,0.3501,0.5038,0.0238,0.3209,1
75500000.0,0.0,0.0,1700.0,1934.0,6.29437428965787,0,0,6,0,3,0.2002,0.13,0.102,0.0343,0.7127,1
10000000.0,0.0,0.0,135.0,65.0,3.03806389341064,5,1,12,4,3,0.2002,0.13,0.102,0.0343,0.7127,1
335228000.0,0.0,0.0,7796.0,8231.0,4.23756159144357,0,0,7,0,0,0.2002,0.13,0.102,0.0343,0.7127,1
375047700.0,0.0,0.0,6613.0,9925.0,7.16383976545261,0,0,2,0,1,0.2002,0.13,0.102,0.0343,0.7127,1
375048000.0,0.0,0.0,6613.0,9925.0,7.16383976545261,0,0,2,0,1,0.2002,0.13,0.102,0.0343,0.7127,1
850000000.0,0.0,0.0,18900.0,21256.0,6.3293436997379,2,0,5,1,0,0.2002,0.13,0.102,0.0343,0.7127,1
180000000.0,0.0,0.0,1200.0,1200.0,6.29437428965787,0,0,6,0,3,0.2002,0.13,0.102,0.0343,0.7127,1
75780000.0,0.0,0.0,0.0,1684.0,6.3293436997379,2,0,5,1,0,0.2002,0.13,0.102,0.0343,0.7127,1
226845000.0,0.0,0.0,2310.0,10082.0,7.16383976545261,0,0,2,0,1,0.2002,0.13,0.102,0.0343,0.7127,1
850240000.0,0.0,0.0,26575.4,121256.0,6.29437428965787,0,0,6,0,3,0.2002,0.13,0.102,0.0343,0.7127,1
381000000.0,0.0,0.0,6913.0,9925.0,7.16383976545261,0,0,2,0,1,0.2002,0.13,0.102,0.0343,0.7127,1
147000000.0,0.0,0.0,3400.0,3875.0,7.86635401006515,0,0,4,0,0,0.2002,0.13,0.102,0.0343,0.7127,1
23000000.000000004,0.0,0.0,690.0,440.0,5.09809787389862,0,0,9,0,0,0.2002,0.13,0.102,0.0343,0.7127,1
533399160.0,0.0,0.0,6613.0,9925.0,7.16383976545261,0,0,2,0,1,0.2002,0.13,0.102,0.0343,0.7127,1
35000000.0,0.0,0.0,0.0,0.0,4.23756159144357,0,0,7,0,0,0.2002,0.13,0.102,0.0343,0.7127,1
850240000.0,0.0,0.0,0.0,21256.0,6.29437428965787,0,0,6,0,3,0.2002,0.13,0.102,0.0343,0.7127,1
57999999.99999999,0.0,0.0,1269.0,1269.0,4.93788674517302,0,0,6,0,0,0.2002,0.13,0.102,0.0343,0.7127,1
98469000.0,0.0,0.0,3000.0,0.0,5.78524240434966,2,0,7,2,0,0.2002,0.13,0.102,0.0343,0.7127,1
350000000.0,0.0,0.0,5628.0,9309.0,7.86635401006515,0,0,4,0,0,0.2002,0.13,0.102,0.0343,0.7127,1
69648000.0,0.0,0.0,1451.0,0.0,4.23756159144357,0,0,7,0,0,0.2002,0.13,0.102,0.0343,0.7127,1
752360000.0,0.0,0.0,0.0,18803.0,6.90152396502274,1,0,3,0,0,0.2002,0.13,0.102,0.0343,0.7127,1
781486125.0,0.0,0.0,0.0,19290.0,7.00554213126171,0,0,4,0,1,0.2002,0.13,0.102,0.0343,0.7127,1
525000000.00000006,0.0,0.0,8000.0,7000.0,5.2702469644287,0,0,9,0,1,0.2002,0.13,0.102,0.0343,0.7127,1
490000000.0,0.0,0.0,17500.0,5500.0,7.16383976545261,0,0,2,0,1,0.2002,0.13,0.102,0.0343,0.7127,1
95000000.0,0.0,0.0,3350.0,5375.0,4.93788674517302,0,0,6,0,0,0.2002,0.13,0.102,0.0343,0.7127,1
500000000.0,0.0,0.0,17000.0,5500.0,4.07601310477779,12,2,11,3,5,0.2002,0.13,0.102,0.0343,0.7127,1
75000000.0,0.0,0.0,0.0,1759.0,4.23756159144357,0,0,7,0,0,0.2002,0.13,0.102,0.0343,0.7127,1
400000000.0,0.0,0.0,17794.0,5500.0,7.16383976545261,0,0,2,0,1,0.2002,0.13,0.102,0.0343,0.7127,1
490000000.0,0.0,0.0,17500.0,5500.0,7.16383976545261,0,0,2,0,1,0.2002,0.13,0.102,0.0343,0.7127,1
150000000.0,0.0,0.0,0.0,2830.0,6.3293436997379,2,0,5,1,0,0.2002,0.13,0.102,0.0343,0.7127,1
135000000.0,0.0,0.0,2000.0,2200.0,4.23756159144357,0,0,7,0,0,0.2002,0.13,0.102,0.0343,0.7127,1
125160000.0,0.0,0.0,3129.0,0.0,6.3293436997379,2,0,5,1,0,0.2002,0.13,0.102,0.0343,0.7127,1
148000000.0,0.0,0.0,1599.0,0.0,8.67613332158947,0,0,4,0,0,0.2002,0.13,0.102,0.0343,0.7127,1
90000000.0,0.0,0.0,1239.0,2239.0,5.09809787389862,0,0,9,0,0,0.2002,0.13,0.102,0.0343,0.7127,1
90300000.0,0.0,0.0,1806.0,0.0,4.23756159144357,0,0,7,0,0,0.2002,0.13,0.102,0.0343,0.7127,1
60950000.0,0.0,0.0,0.0,1300.0,6.3293436997379,2,0,5,1,0,0.2002,0.13,0.102,0.0343,0.7127,1
333200000.0,0.0,0.0,8330.0,0.0,6.3293436997379,2,0,5,1,0,0.2002,0.13,0.102,0.0343,0.7127,1
84040000.0,0.0,0.0,2101.0,0.0,8.67613332158947,0,0,4,0,0,0.2002,0.13,0.102,0.0343,0.7127,1
480000000.0,0.0,0.0,17794.0,5524.0,7.16383976545261,0,0,2,0,1,0.2002,0.13,0.102,0.0343,0.7127,1
490000000.0,0.0,0.0,17500.0,5500.0,8.07783970216551,0,0,12,0,0,0.2002,0.13,0.102,0.0343,0.7127,1
776280000.0,0.0,0.0,0.0,19407.0,8.67613332158947,0,0,4,0,0,0.2002,0.13,0.102,0.0343,0.7127,1
249160000.0,0.0,0.0,6229.0,0.0,6.3293436997379,2,0,5,1,0,0.2002,0.13,0.102,0.0343,0.7127,1
187480000.0,0.0,0.0,4687.0,0.0,6.3293436997379,2,0,5,1,0,0.2002,0.13,0.102,0.0343,0.7127,1
59400000.0,0.0,0.0,1485.0,0.0,8.67613332158947,0,0,4,0,0,0.2002,0.13,0.102,0.0343,0.7127,1
800000000.0,0.0,0.0,20000.0,21256.0,6.29437428965787,0,0,6,0,3,0.2002,0.13,0.102,0.0343,0.7127,1
80000000.0,0.0,0.0,2356.8,739.0,4.07601310477779,12,2,11,3,5,0.2002,0.13,0.102,0.0343,0.7127,1
30000000.0,0.0,0.0,0.0,745.0,7.86635401006515,0,0,4,0,0,0.2002,0.13,0.102,0.0343,0.7127,1
33000000.0,0.0,0.0,500.0,1560.0,8.92105194723674,0,0,4,0,0,0.2002,0.13,0.102,0.0343,0.7127,1
397160000.0,0.0,0.0,9929.0,0.0,6.3293436997379,2,0,5,1,0,0.2002,0.13,0.102,0.0343,0.7127,1
60950000.0,0.0,0.0,0.0,1300.0,8.07783970216551,0,0,12,0,0,0.2002,0.13,0.102,0.0343,0.7127,1
250000000.0,0.0,0.0,4500.0,5712.0,7.86635401006515,0,0,4,0,0,0.2002,0.13,0.102,0.0343,0.7127,1
250000000.0,0.0,0.0,3800.0,5200.0,6.29437428965787,0,0,6,0,3,0.2002,0.13,0.102,0.0343,0.7127,1
490000000.0,0.0,0.0,17500.0,5500.0,5.78524240434966,2,0,7,2,0,0.2002,0.13,0.102,0.0343,0.7127,1
150467000.0,0.0,0.0,0.0,2830.0,2.15213931712189,4,0,11,3,1,0.2002,0.13,0.102,0.0343,0.7127,1
2700000.0,0.0,0.0,0.0,240.0,6.90152396502274,1,0,3,0,0,0.2002,0.13,0.102,0.0343,0.7127,1
